probe_id	group_a_mean_beta	group_b_mean_beta	delta_beta	group_a_n	group_b_n	p_value	abs_delta_beta	direction	fdr	significant
cg14979301	0.6701882352941172	0.09115128205128208	0.5790369532428351	85	39	1.1482907396749108e-50	0.5790369532428351	hypermethylated	3.15435466188698e-47	True
cg14416371	0.48405517241379303	0.024702564102564103	0.4593526083112289	87	39	2.026733794650278e-48	0.4593526083112289	hypermethylated	2.783718866952157e-45	True
cg23107916	0.4985872093023256	0.957574358974359	-0.45898714967203347	86	39	1.01773401622653e-47	0.45898714967203347	hypomethylated	9.319051141914259e-45	True
cg03161803	0.7885	0.12351025641025642	0.6649897435897436	85	39	9.321614385146465e-46	0.6649897435897436	hypermethylated	6.401618678999335e-43	True
cg20197130	0.28456781609195403	0.845669230769231	-0.5611014146772769	87	39	5.255906893871511e-45	0.5611014146772769	hypomethylated	2.8875952474930086e-42	True
cg06958563	0.7551735632183909	0.1669128205128205	0.5882607427055704	87	39	1.7146665544788546e-44	0.5882607427055704	hypermethylated	7.850315041922356e-42	True
cg10940462	0.5426872093023255	0.05956153846153846	0.48312567084078706	86	39	8.442679271323929e-44	0.48312567084078706	hypermethylated	3.313148565475262e-41	True
cg14958969	0.4787977011494252	0.9366025641025642	-0.45780486295313894	87	39	1.093180073965896e-43	0.45780486295313894	hypomethylated	3.7537070789803957e-41	True
cg18661205	0.7524390804597697	0.19365641025641026	0.5587826702033595	87	39	6.517955590112179e-43	0.5587826702033595	hypermethylated	1.946278087061601e-40	True
cg24886257	0.545409195402299	0.06545641025641025	0.4799527851458888	87	39	7.445774266570897e-43	0.4799527851458888	hypermethylated	1.946278087061601e-40	True
cg11286063	0.6338471264367819	0.18332307692307692	0.45052404951370495	87	39	7.793614473126179e-43	0.45052404951370495	hypermethylated	1.946278087061601e-40	True
cg10649130	0.4593137931034484	0.8981666666666671	-0.4388528735632187	87	39	1.548845105623954e-42	0.4388528735632187	hypomethylated	3.5455645876241682e-40	True
cg11785980	0.541794252873563	0.9601205128205128	-0.41832625994694983	87	39	7.003651161027829e-42	0.41832625994694983	hypomethylated	1.4799253645648806e-39	True
cg27555582	0.5625126436781609	0.0647128205128205	0.4977998231653404	87	39	3.018179089084007e-41	0.4977998231653404	hypermethylated	5.922098541224119e-39	True
cg00266983	0.7115218390804601	0.15136153846153844	0.5601603006189216	87	39	3.263978979748165e-41	0.5601603006189216	hypermethylated	5.97743350491214e-39	True
cg25708982	0.3102441860465116	0.8438052631578947	-0.5335610771113831	86	38	6.501245080121989e-41	0.5335610771113831	hypomethylated	1.116182514693444e-38	True
cg11157172	0.4556116279069765	0.9355948717948718	-0.47998324388789526	86	39	2.137337276706165e-40	0.47998324388789526	hypomethylated	3.3615037994070634e-38	True
cg06594404	0.5400977011494253	0.07061794871794873	0.4694797524314766	87	39	2.2026599340854436e-40	0.4694797524314766	hypermethylated	3.3615037994070634e-38	True
cg08604097	0.585743023255814	0.07021794871794872	0.5155250745378652	86	39	4.0548365491790165e-40	0.5155250745378652	hypermethylated	5.862440000313031e-38	True
cg00777546	0.5446344827586206	0.9483205128205129	-0.4036860300618923	87	39	6.227193703755619e-40	0.4036860300618923	hypomethylated	8.553050552108343e-38	True
cg26132774	0.5422172413793105	0.057012820512820514	0.48520442086648996	87	39	1.0998648336229227e-39	0.48520442086648996	hypermethylated	1.4387279514105567e-37	True
cg08387538	0.37473488372093045	0.9136487179487179	-0.5389138342277875	86	39	1.696842191082198e-39	0.5389138342277875	hypomethylated	2.1187388631376354e-37	True
cg17144184	0.45741046511627914	0.8976897435897436	-0.4402792784734645	86	39	1.9345447432536455e-39	0.4402792784734645	hypomethylated	2.3105193085729407e-37	True
cg05915794	0.45780459770114934	0.9351210526315787	-0.4773164549304294	87	38	2.3820950647407714e-39	0.4773164549304294	hypomethylated	2.7265063095178746e-37	True
cg08860070	0.7538162790697673	0.1625578947368421	0.5912583843329252	86	38	4.729158897411149e-39	0.5912583843329252	hypermethylated	5.196399796475371e-37	True
cg02027945	0.5788597701149429	0.06399999999999999	0.514859770114943	87	39	7.120422307237847e-39	0.514859770114943	hypermethylated	7.523000029993217e-37	True
cg15659132	0.5622000000000001	0.09890769230769232	0.46329230769230784	87	39	7.802228324857702e-39	0.46329230769230784	hypermethylated	7.938044891994114e-37	True
cg06237543	0.6169241379310344	0.15206666666666666	0.4648574712643677	87	39	8.365243372708005e-39	0.4648574712643677	hypermethylated	8.206901266010317e-37	True
cg17231999	0.510041379310345	0.0567923076923077	0.4532490716180373	87	39	8.72942277598245e-39	0.4532490716180373	hypermethylated	8.268870470904756e-37	True
cg04519387	0.3623388235294119	0.8322974358974358	-0.4699586123680239	85	39	9.748469174944099e-39	0.4699586123680239	hypomethylated	8.926348274523812e-37	True
cg07403258	0.5437267441860465	0.9540948717948715	-0.410368127608825	86	39	1.3037896702811655e-38	0.410368127608825	hypomethylated	1.1553258787943102e-36	True
cg17797940	0.7013609195402297	0.25596842105263157	0.44539249848759815	87	38	2.9569250074228875e-38	0.44539249848759815	hypermethylated	2.538335311059585e-36	True
cg27429080	0.617175581395349	0.06766315789473684	0.5495124235006121	86	38	4.3572626667360196e-38	0.5495124235006121	hypermethylated	3.6270910744011657e-36	True
cg06841499	0.32244022988505755	0.8646052631578947	-0.5421650332728372	87	38	5.883169449278616e-38	0.5421650332728372	hypomethylated	4.7532548462259876e-36	True
cg11906781	0.6884643678160919	0.2171846153846154	0.47127975243147646	87	39	6.892944346690403e-38	0.47127975243147646	hypermethylated	5.409976605816726e-36	True
cg14858267	0.6857953488372093	0.1864487179487179	0.4993466308884914	86	39	2.45392893914251e-37	0.4993466308884914	hypermethylated	1.8556254221755485e-35	True
cg07790615	0.5504348837209304	0.0666871794871795	0.4837477042337509	86	39	2.499386262122144e-37	0.4837477042337509	hypermethylated	1.8556254221755485e-35	True
cg02008627	0.4658229885057472	0.8784923076923078	-0.4126693191865606	87	39	2.5794876203834873e-37	0.4126693191865606	hypomethylated	1.8646980245245894e-35	True
cg13294849	0.7045045977011494	0.07495128205128204	0.6295533156498674	87	39	3.15244588409599e-37	0.6295533156498674	hypermethylated	2.1649422109029212e-35	True
cg10389812	0.3013267441860465	0.7539435897435897	-0.45261684555754317	86	39	3.0919832246951353e-37	0.45261684555754317	hypomethylated	2.1649422109029212e-35	True
cg20395967	0.6442406976744186	0.07043333333333333	0.5738073643410853	86	39	3.774914394511898e-37	0.5738073643410853	hypermethylated	2.529192644322971e-35	True
cg04574507	0.46510114942528735	0.8834358974358972	-0.4183347480106099	87	39	5.260494255339553e-37	0.4183347480106099	hypomethylated	3.4406137427185123e-35	True
cg00297966	0.40857586206896573	0.8500307692307693	-0.4414549071618035	87	39	7.845855119695452e-37	0.4414549071618035	hypomethylated	5.012224189256606e-35	True
cg11426075	0.7105011627906979	0.1762333333333333	0.5342678294573646	86	39	9.370309901281251e-37	0.5342678294573646	hypermethylated	5.850054840640818e-35	True
cg11589139	0.6018195402298853	0.13135641025641023	0.47046312997347506	87	39	1.2136717668000362e-36	0.47046312997347506	hypermethylated	7.317032137201381e-35	True
cg14817783	0.4835999999999999	0.9019000000000004	-0.41830000000000045	87	38	1.2252765864989571e-36	0.41830000000000045	hypomethylated	7.317032137201381e-35	True
cg10083417	0.4062137931034483	0.8393794871794871	-0.4331656940760388	87	39	1.3373344334026187e-36	0.4331656940760388	hypomethylated	7.816292954376582e-35	True
cg11082691	0.6682701149425285	0.2138564102564103	0.4544137046861182	87	39	1.4962660356026014e-36	0.4544137046861182	hypermethylated	8.563005832917387e-35	True
cg19619405	0.5249034482758619	0.06733589743589743	0.4575675508399645	87	39	2.7620901924168223e-36	0.4575675508399645	hypermethylated	1.548461583381431e-34	True
cg14555736	0.4194482758620688	0.8955948717948717	-0.47614659593280295	87	39	8.174338367447081e-36	0.47614659593280295	hypomethylated	4.490981499075426e-34	True
cg00564737	0.7168930232558142	0.17055789473684208	0.5463351285189721	86	38	1.1328751306796149e-35	0.5463351285189721	hypermethylated	6.101976439170397e-34	True
cg00076195	0.6777091954022989	0.13192051282051281	0.5457886825817861	87	39	1.4112305911955218e-35	0.5457886825817861	hypermethylated	7.314434781158676e-34	True
cg12743248	0.4041103448275864	0.8578256410256412	-0.4537152961980548	87	39	1.3939217459405365e-35	0.4537152961980548	hypomethylated	7.314434781158676e-34	True
cg20386316	0.5785620689655172	0.12177179487179488	0.4567902740937223	87	39	1.5058029620634132e-35	0.4567902740937223	hypermethylated	7.66007543849666e-34	True
cg05548130	0.4386290697674418	0.9021666666666665	-0.46353759689922464	86	39	1.772886341900722e-35	0.46353759689922464	hypomethylated	8.854761420365969e-34	True
cg16692653	0.4670632183908047	0.8556179487179488	-0.3885547303271441	87	39	2.841943746572481e-35	0.3885547303271441	hypomethylated	1.3940749056847509e-33	True
cg15873474	0.4498643678160919	0.8508051282051283	-0.4009407603890364	87	39	6.872803287357477e-35	0.4009407603890364	hypomethylated	3.312208882521226e-33	True
cg02930348	0.4376965517241379	0.8516025641025639	-0.41390601237842595	87	39	7.677493002187603e-35	0.41390601237842595	hypomethylated	3.636219530518853e-33	True
cg05422029	0.5998141176470588	0.08932820512820513	0.5104859125188537	85	39	1.861027822356439e-34	0.5104859125188537	hypermethylated	8.664819369513793e-33	True
cg07936456	0.4922802325581396	0.8824282051282051	-0.3901479725700655	86	39	2.3548042025493372e-34	0.3901479725700655	hypomethylated	1.078107857400505e-32	True
cg10903903	0.6248895348837212	0.07950769230769228	0.545381842576029	86	39	2.7064804600492655e-34	0.545381842576029	hypermethylated	1.2188035776648086e-32	True
cg26151206	0.49061379310344827	0.8878897435897439	-0.39727595048629566	87	39	5.7678563748697785e-34	0.39727595048629566	hypomethylated	2.5555324938334325e-32	True
cg13445796	0.5007114942528736	0.06598974358974359	0.43472175066313007	87	39	6.965665494847451e-34	0.43472175066313007	hypermethylated	3.03725128799142e-32	True
cg13422275	0.5338816091954022	0.9356210526315788	-0.4017394434361766	87	38	7.975437462713654e-34	0.4017394434361766	hypomethylated	3.4232072984491265e-32	True
cg25247290	0.6061068965517241	0.13582564102564107	0.470281255526083	87	39	8.584600510287852e-34	0.470281255526083	hypermethylated	3.627984246424728e-32	True
cg13894852	0.2930197674418605	0.869853846153846	-0.5768340787119854	86	39	1.073450216891816e-33	0.5768340787119854	hypomethylated	4.467829917881543e-32	True
cg12598524	0.6603574712643677	0.1513282051282051	0.5090292661361626	87	39	1.1189412650925774e-33	0.5090292661361626	hypermethylated	4.555035391222548e-32	True
cg01372939	0.4089770114942529	0.826382051282051	-0.4174050397877981	87	39	1.1275660961162479e-33	0.4174050397877981	hypomethylated	4.555035391222548e-32	True
cg05970721	0.4218850574712645	0.8869435897435896	-0.4650585322723251	87	39	1.3999279404347655e-33	0.4650585322723251	hypomethylated	5.573336307788842e-32	True
cg12756527	0.47891954022988503	0.8726105263157894	-0.39369098608590436	87	38	1.8941530682900557e-33	0.39369098608590436	hypomethylated	7.433197826561119e-32	True
cg08533934	0.5012837209302327	0.9196410256410257	-0.418357304710793	86	39	2.0868569471211112e-33	0.418357304710793	hypomethylated	8.074078920762947e-32	True
cg21624902	0.5856402298850576	0.10616153846153846	0.4794786914235191	87	39	2.738877433270853e-33	0.4794786914235191	hypermethylated	1.0449578207215325e-31	True
sim0000268	0.23856896551724144	0.36329230769230764	-0.1247233421750662	87	39	3.106839512081726e-33	0.1247233421750662	hypomethylated	1.1691079643408907e-31	True
cg08958294	0.5035770114942528	0.07177179487179487	0.43180521662245797	87	39	3.865305079107487e-33	0.43180521662245797	hypermethylated	1.4348639259876034e-31	True
cg17326769	0.8573953488372094	0.08739743589743589	0.7699979129397735	86	39	4.329640465683876e-33	0.7699979129397735	hypermethylated	1.5858029812311477e-31	True
cg00098144	0.6452816091954022	0.20373589743589743	0.4415457117595048	87	39	5.166142646106725e-33	0.4415457117595048	hypermethylated	1.8672886643230494e-31	True
cg23205034	0.3419197674418604	0.8485891891891892	-0.5066694217473289	86	37	5.7975026944609816e-33	0.5066694217473289	hypomethylated	2.0682779093096512e-31	True
sim0001341	0.8241804597701151	0.9641999999999998	-0.14001954022988472	87	39	6.467254285046411e-33	0.14001954022988472	hypomethylated	2.277634297566986e-31	True
cg02534163	0.5881395348837208	0.08655897435897435	0.5015805605247465	86	39	6.847638358704296e-33	0.5015805605247465	hypermethylated	2.381071211564646e-31	True
cg08104202	0.5045919540229885	0.0778051282051282	0.4267868258178603	87	39	7.280525351814829e-33	0.4267868258178603	hypermethylated	2.499950392679417e-31	True
cg20072171	0.5379574712643679	0.07109487179487181	0.46686259946949604	87	39	7.700847404745501e-33	0.46686259946949604	hypermethylated	2.6116330643007273e-31	True
cg05502478	0.46711724137931027	0.8781717948717952	-0.41105455349248493	87	39	8.931407864716679e-33	0.41105455349248493	hypomethylated	2.9920216346800876e-31	True
cg15811568	0.4313551724137929	0.8522076923076923	-0.42085251989389943	87	39	9.427534497458788e-33	0.42085251989389943	hypomethylated	3.1201731643999147e-31	True
cg09790780	0.414232183908046	0.822405128205128	-0.408172944297082	87	39	1.0863330514684536e-32	0.408172944297082	hypomethylated	3.552567729028384e-31	True
cg05583676	0.5858302325581395	0.9474615384615385	-0.361631305903399	86	39	1.265686900741889e-32	0.361631305903399	hypomethylated	4.090402254515257e-31	True
cg04311653	0.3760294117647057	0.8950769230769229	-0.5190475113122172	85	39	2.3380259280399996e-32	0.5190475113122172	hypomethylated	7.382249683133193e-31	True
cg13703871	0.5338402298850575	0.08564358974358974	0.44819664014146776	87	39	2.3367493559698504e-32	0.44819664014146776	hypermethylated	7.382249683133193e-31	True
cg06719334	0.3884505747126437	0.8446564102564101	-0.4562058355437664	87	39	2.6980107763127753e-32	0.4562058355437664	hypomethylated	8.422085911967266e-31	True
cg15644639	0.4580551724137934	0.8736384615384619	-0.4155832891246685	87	39	3.39403523472199e-32	0.4155832891246685	hypomethylated	1.0475746954810457e-30	True
cg17560832	0.4938022988505747	0.9115205128205128	-0.41771821396993813	87	39	3.853877743483063e-32	0.41771821396993813	hypomethylated	1.1762891290386638e-30	True
cg17656890	0.36465116279069765	0.8258051282051281	-0.46115396541443043	86	39	5.794549508806362e-32	0.46115396541443043	hypomethylated	1.7491898352407776e-30	True
cg27170427	0.46476091954022974	0.9174368421052632	-0.4526759225650335	87	38	6.665278973120749e-32	0.4526759225650335	hypomethylated	1.9901653629524672e-30	True
cg13879483	0.6348080459770115	0.0811153846153846	0.5536926613616269	87	39	6.900222031589471e-32	0.5536926613616269	hypermethylated	2.0381623570727177e-30	True
cg08481075	0.6387825581395352	0.0880051282051282	0.550777429934407	86	39	7.053990900294911e-32	0.550777429934407	hypermethylated	2.061416276926609e-30	True
cg00602115	0.46603103448275845	0.8961692307692306	-0.43013819628647215	87	39	8.611812710284893e-32	0.43013819628647215	hypomethylated	2.4901736331739577e-30	True
cg19378892	0.5131459770114941	0.9034871794871796	-0.3903412024756855	87	39	9.094084971937226e-32	0.3903412024756855	hypomethylated	2.6022345226991212e-30	True
cg09149672	0.5376873563218392	0.9137564102564104	-0.37606905393457124	87	39	9.683480051416735e-32	0.37606905393457124	hypomethylated	2.7423216186847188e-30	True
cg24138857	0.6854183908045977	0.2061692307692308	0.4792491600353669	87	39	1.224187562722786e-31	0.4792491600353669	hypermethylated	3.431472688570911e-30	True
cg18221016	0.38270000000000004	0.8176500000000001	-0.43495000000000006	87	38	1.3526124682666056e-31	0.43495000000000006	hypomethylated	3.753158030634713e-30	True
cg23822732	0.48865287356321824	0.8642846153846155	-0.3756317418213973	87	39	1.4497502584642204e-31	0.3756317418213973	hypomethylated	3.9824639600012135e-30	True
cg12468774	0.6261850574712643	0.10526153846153849	0.5209235190097258	87	39	1.7731168666236156e-31	0.5209235190097258	hypermethylated	4.8225267649654175e-30	True
cg12620035	0.420789655172414	0.8919153846153847	-0.47112572944297065	87	39	2.0197227642349705e-31	0.47112572944297065	hypomethylated	5.439390620934769e-30	True
cg17154724	0.5889325581395347	0.0651974358974359	0.5237351222420988	86	39	3.448844613144223e-31	0.5237351222420988	hypermethylated	9.19803509932736e-30	True
cg04865841	0.6746701149425284	0.1827846153846154	0.49188549955791294	87	39	3.842015791871763e-31	0.49188549955791294	hypermethylated	1.007073801204502e-29	True
cg07944396	0.4708517241379313	0.8631026315789475	-0.3922509074410162	87	38	3.84939021210312e-31	0.3922509074410162	hypomethylated	1.007073801204502e-29	True
cg27403658	0.4042689655172413	0.8402179487179486	-0.43594898320070735	87	39	3.9515944412239e-31	0.43594898320070735	hypomethylated	1.0240594273624578e-29	True
cg04928338	0.3749298850574712	0.8163000000000001	-0.4413701149425289	87	38	4.0752728442562615e-31	0.4413701149425289	hypomethylated	1.0462406077730795e-29	True
cg11388664	0.44998965517241385	0.8663794871794872	-0.41638983200707336	87	39	5.201910006632574e-31	0.41638983200707336	hypomethylated	1.3231154433536743e-29	True
cg19540425	0.6631709302325579	0.23817435897435893	0.424996571258199	86	39	6.178227527504251e-31	0.424996571258199	hypermethylated	1.5570266989040532e-29	True
cg03582419	0.3762267441860465	0.8764051282051282	-0.5001783840190817	86	39	6.74225846220656e-31	0.5001783840190817	hypomethylated	1.68372581778922e-29	True
cg05280527	0.2608	0.8713435897435895	-0.6105435897435896	87	39	8.291097937812362e-31	0.6105435897435896	hypomethylated	2.0518600031685185e-29	True
cg14861089	0.6036402298850575	0.09273076923076924	0.5109094606542882	87	39	9.570781494387773e-31	0.5109094606542882	hypermethylated	2.3418554288615252e-29	True
cg24926465	0.3716494252873562	0.8236897435897436	-0.45204031830238733	87	39	9.633406023347373e-31	0.45204031830238733	hypomethylated	2.3418554288615252e-29	True
cg14696870	0.4443471264367817	0.835097435897436	-0.3907503094606543	87	39	1.8223841402724293e-30	0.3907503094606543	hypomethylated	4.39130634502488e-29	True
cg21306240	0.5081988505747127	0.07349230769230769	0.434706542882405	87	39	1.9230515194893248e-30	0.434706542882405	hypermethylated	4.593584803510587e-29	True
cg04414975	0.4666848837209301	0.8624179487179486	-0.39573306499701855	86	39	2.889189151085065e-30	0.39573306499701855	hypomethylated	6.841898791405753e-29	True
cg26210445	0.6146744186046512	0.1252307692307692	0.489443649373882	86	39	2.9277013639979985e-30	0.489443649373882	hypermethylated	6.873842433250001e-29	True
cg27390627	0.3294068965517241	0.7838358974358974	-0.4544290008841733	87	39	3.0005046163736572e-30	0.4544290008841733	hypomethylated	6.98507303489698e-29	True
cg13782274	0.4149802325581397	0.9177333333333332	-0.5027531007751935	86	39	4.265584633751121e-30	0.5027531007751935	hypomethylated	9.835927902627195e-29	True
cg26783057	0.5787069767441859	0.10260000000000001	0.4761069767441859	86	39	4.296728606899394e-30	0.4761069767441859	hypermethylated	9.835927902627195e-29	True
cg27632318	0.4461241379310346	0.874105128205128	-0.42798099027409336	87	39	4.9957090797278934e-30	0.42798099027409336	hypomethylated	1.1341498216539274e-28	True
cg05497345	0.5581758620689655	0.1097128205128205	0.448463041556145	87	39	5.6501051292336316e-30	0.448463041556145	hypermethylated	1.2721999008200646e-28	True
cg02482718	0.445619540229885	0.8556102564102565	-0.4099907161803715	87	39	5.9816518239541555e-30	0.4099907161803715	hypomethylated	1.3359022406830947e-28	True
cg19988482	0.4984896551724136	0.890876923076923	-0.3923872679045094	87	39	6.321698062261732e-30	0.3923872679045094	hypomethylated	1.4004600465349175e-28	True
cg18705861	0.4022558139534882	0.8394179487179488	-0.43716213476446064	86	39	9.709642213034818e-30	0.43716213476446064	hypomethylated	2.1337909727365314e-28	True
cg22719314	0.49053647058823535	0.8972923076923078	-0.4067558371040725	85	39	1.0765555482197544e-29	0.4067558371040725	hypomethylated	2.3470619769521154e-28	True
cg18166959	0.3610574712643678	0.7794564102564103	-0.4183989389920425	87	39	1.146876410507823e-29	0.4183989389920425	hypomethylated	2.4806846454055033e-28	True
cg14181111	0.4660574712643678	0.8925025641025641	-0.4264450928381963	87	39	1.2073256714487431e-29	0.4264450928381963	hypomethylated	2.591034077710701e-28	True
cg10578996	0.3603333333333335	0.7914358974358975	-0.431102564102564	87	39	1.6115068977397367e-29	0.431102564102564	hypomethylated	3.4316352310783384e-28	True
cg24804195	0.732227906976744	0.260048717948718	0.472179189028026	86	39	1.8241721651674148e-29	0.472179189028026	hypermethylated	3.8546161059345297e-28	True
cg03713642	0.612679069767442	0.11654473684210527	0.49613433292533676	86	38	2.3737549321576714e-29	0.49613433292533676	hypermethylated	4.977637250868033e-28	True
cg08159989	0.843171264367816	0.29555384615384617	0.5476174182139698	87	39	3.231010100242989e-29	0.5476174182139698	hypermethylated	6.723927837399615e-28	True
cg24833737	0.4657091954022987	0.9198973684210526	-0.4541881730187539	87	38	4.019453699740698e-29	0.4541881730187539	hypomethylated	8.301834070065939e-28	True
cg13804575	0.7037655172413793	0.23425641025641028	0.46950910698496895	87	39	4.934375017610525e-29	0.46950910698496895	hypermethylated	1.0115468786101576e-27	True
cg12072262	0.4224241379310345	0.8674487179487178	-0.4450245800176833	87	39	5.516949105427141e-29	0.4450245800176833	hypomethylated	1.1225969772302485e-27	True
cg01688536	0.522168965517241	0.08703589743589744	0.43513306808134355	87	39	6.24001785901987e-29	0.43513306808134355	hypermethylated	1.2603918425534986e-27	True
cg25025181	0.3763977011494252	0.7961205128205128	-0.41972281167108755	87	39	7.162170401325635e-29	0.41972281167108755	hypomethylated	1.4360935833898919e-27	True
cg12901574	0.5200333333333332	0.9232205128205129	-0.40318717948717964	87	39	8.301911475762383e-29	0.40318717948717964	hypomethylated	1.6525616539071932e-27	True
cg18362003	0.42441279069767457	0.863548717948718	-0.43913592725104345	86	39	8.397225654574145e-29	0.43913592725104345	hypomethylated	1.659509271447135e-27	True
cg00742098	0.32091609195402304	0.7909578947368421	-0.47004180278281904	87	38	8.47858271057715e-29	0.47004180278281904	hypomethylated	1.6636190504253877e-27	True
cg15065340	0.33213218390804594	0.7865564102564103	-0.4544242263483644	87	39	1.1466746055829171e-28	0.4544242263483644	hypomethylated	2.2339823698838818e-27	True
cg05353872	0.38605232558139524	0.846005128205128	-0.4599528026237327	86	39	1.1870252131833028e-28	0.4599528026237327	hypomethylated	2.2963086342355867e-27	True
cg08160063	0.5011593023255813	0.880648717948718	-0.37948941562313676	86	39	1.2445320208819884e-28	0.37948941562313676	hypomethylated	2.3907199030509246e-27	True
cg24432768	0.4428034482758621	0.8378333333333331	-0.395029885057471	87	39	1.3427266385799653e-28	0.395029885057471	hypomethylated	2.5614375529021976e-27	True
cg15232539	0.5807149425287358	0.0990230769230769	0.4816918656056589	87	39	1.4900606606153276e-28	0.4816918656056589	hypermethylated	2.822894230834693e-27	True
cg21291134	0.38186321839080467	0.8231025641025639	-0.4412393457117592	87	39	1.5295875714019817e-28	0.4412393457117592	hypomethylated	2.8779294922200298e-27	True
cg05343184	0.4212793103448277	0.8362230769230768	-0.41494376657824916	87	39	1.540098755220605e-28	0.41494376657824916	hypomethylated	2.8779940684292528e-27	True
cg26479667	0.43994827586206914	0.889325641025641	-0.4493773651635719	87	39	1.6174026921260346e-28	0.4493773651635719	hypomethylated	3.0020305373447414e-27	True
cg12671632	0.2967793103448276	0.7592307692307693	-0.4624514588859417	87	39	1.6536115411304486e-28	0.4624514588859417	hypomethylated	3.0486381902586186e-27	True
cg15700197	0.3445965116279069	0.7787615384615382	-0.4341650268336313	86	39	1.9932302134562567e-28	0.4341650268336313	hypomethylated	3.650268930909558e-27	True
cg06354543	0.49151058823529425	0.8846128205128206	-0.3931022322775264	85	39	2.064049350899521e-28	0.3931022322775264	hypomethylated	3.754929514517208e-27	True
cg03441279	0.44393563218390814	0.8792052631578948	-0.4352696309739867	87	38	2.2249086539845413e-28	0.4352696309739867	hypomethylated	4.020936889799694e-27	True
cg13420985	0.43963448275862055	0.8315564102564102	-0.3919219274977897	87	39	2.530056650888098e-28	0.3919219274977897	hypomethylated	4.542526549012814e-27	True
sim0000123	0.2757279069767442	0.37968717948717956	-0.10395927251043535	86	39	2.5873596999261803e-28	0.10395927251043535	hypomethylated	4.6152448673358556e-27	True
cg03779973	0.5116310344827585	0.8888589743589744	-0.37722793987621595	87	39	3.113100762171901e-28	0.37722793987621595	hypomethylated	5.517217931410459e-27	True
cg02550950	0.4036241379310345	0.8266794871794871	-0.4230553492484526	87	39	3.6517896408552354e-28	0.4230553492484526	hypomethylated	6.430427015018802e-27	True
cg18423935	0.7651781609195402	0.2524051282051281	0.512773032714412	87	39	3.867889540685524e-28	0.512773032714412	hypermethylated	6.767574884244035e-27	True
cg06351425	0.3522413793103449	0.7912974358974357	-0.43905605658709085	87	39	4.105507422502719e-28	0.43905605658709085	hypomethylated	7.137866385832258e-27	True
cg17463633	0.5075058139534885	0.9398025641025642	-0.43229675014907576	86	39	4.847962429260478e-28	0.43229675014907576	hypomethylated	8.37569358061543e-27	True
cg26765743	0.48009195402298827	0.8705923076923074	-0.3905003536693192	87	39	5.2278645636967765e-28	0.3905003536693192	hypomethylated	8.975589972796903e-27	True
cg05809668	0.5337885057471262	0.07949736842105262	0.4542911373260736	87	38	5.60235618913168e-28	0.4542911373260736	hypermethylated	9.558802764934612e-27	True
cg21116284	0.7095218390804598	0.2661564102564103	0.44336542882404956	87	39	6.528482564602538e-28	0.44336542882404956	hypermethylated	1.1070210867261216e-26	True
cg23279503	0.3728126436781608	0.770653846153846	-0.3978412024756852	87	39	7.140908485830673e-28	0.3978412024756852	hypomethylated	1.2034402215077827e-26	True
cg27563985	0.7061816091954022	0.2201871794871795	0.4859944297082227	87	39	9.448424296751365e-28	0.4859944297082227	hypermethylated	1.5826110697058537e-26	True
cg08047907	0.5933790697674418	0.10870769230769231	0.48467137745974953	86	39	1.0008402060005873e-27	0.48467137745974953	hypermethylated	1.6662473005355233e-26	True
cg17627629	0.5643436781609195	0.08538461538461536	0.47895906277630407	87	39	1.0599738611138991e-27	0.47895906277630407	hypermethylated	1.7540651786023377e-26	True
cg02721693	0.31069642857142865	0.7874076923076923	-0.4767112637362636	84	39	1.071255979835222e-27	0.4767112637362636	hypomethylated	1.762119866231949e-26	True
cg07385257	0.35489195402298856	0.7932410256410254	-0.4383490716180368	87	39	1.1979572542529897e-27	0.4383490716180368	hypomethylated	1.9588027246624777e-26	True
cg21026830	0.5975022988505746	0.10872307692307694	0.4887792219274977	87	39	1.3419096016688319e-27	0.4887792219274977	hypermethylated	2.181198624724427e-26	True
cg19214658	0.44333103448275857	0.8548923076923077	-0.41156127320954916	87	39	1.3767527282293483e-27	0.41156127320954916	hypomethylated	2.2246704379094234e-26	True
cg02485729	0.4522091954022988	0.8472641025641028	-0.39505490716180397	87	39	1.85858077494098e-27	0.39505490716180397	hypomethylated	2.985685022668346e-26	True
cg23960736	0.3850058139534884	0.8530333333333334	-0.46802751937984505	86	39	2.160150676461395e-27	0.46802751937984505	hypomethylated	3.449961574557821e-26	True
cg08513547	0.4556620689655172	0.8822153846153844	-0.4265533156498672	87	39	2.178419157905558e-27	0.4265533156498672	hypomethylated	3.459027414315935e-26	True
cg18438793	0.6501689655172411	0.1495076923076923	0.5006612732095488	87	39	3.073065282292663e-27	0.5006612732095488	hypermethylated	4.851557661182727e-26	True
cg21367256	0.386557471264368	0.7704948717948716	-0.3839374005305036	87	39	4.563426045000811e-27	0.3839374005305036	hypomethylated	7.163275054638416e-26	True
sim0001137	0.983831395348837	0.8624538461538461	0.12137754919499089	86	39	5.8252994962509436e-27	0.12137754919499089	hypermethylated	9.092100975114398e-26	True
cg20521198	0.3902839080459771	0.8217153846153846	-0.4314314765694075	87	39	5.987233109075513e-27	0.4314314765694075	hypomethylated	9.292050480582166e-26	True
cg00106345	0.5913114942528733	0.13162105263157894	0.45969044162129435	87	38	6.554754689957675e-27	0.45969044162129435	hypermethylated	1.0115680411974008e-25	True
cg00991875	0.6248436781609195	0.0951282051282051	0.5297154730327144	87	39	6.66575812214242e-27	0.5297154730327144	hypermethylated	1.0172687534180682e-25	True
sim0001923	0.03944827586206897	0.17693846153846154	-0.13749018567639257	87	39	6.646579979608035e-27	0.13749018567639257	hypomethylated	1.0172687534180682e-25	True
cg11676353	0.755541860465116	0.2768538461538461	0.47868801431126984	86	39	8.955051288638796e-27	0.47868801431126984	hypermethylated	1.3590898281707608e-25	True
cg10471825	0.37170930232558136	0.8072435897435897	-0.4355342874180083	86	39	1.0054975016923487e-26	0.4355342874180083	hypomethylated	1.5128027609467804e-25	True
cg22669120	0.33531494252873567	0.7521461538461539	-0.41683121131741824	87	39	1.0078008928040074e-26	0.41683121131741824	hypomethylated	1.5128027609467804e-25	True
cg09170112	0.40954597701149414	0.8946210526315789	-0.48507507562008473	87	38	1.0596933580201123e-26	0.48507507562008473	hypomethylated	1.582053073087635e-25	True
cg15613420	0.6515459770114943	0.1384394736842105	0.5131065033272838	87	38	1.1723124086508124e-26	0.5131065033272838	hypermethylated	1.7407255062506928e-25	True
cg22222413	0.6635895348837206	0.19982820512820515	0.4637613297555155	86	39	1.1888565662880653e-26	0.4637613297555155	hypermethylated	1.7558005309641482e-25	True
cg10699171	0.32134941176470594	0.7905846153846153	-0.4692352036199094	85	39	1.7638523877295727e-26	0.4692352036199094	hypomethylated	2.591070860477613e-25	True
cg16963144	0.5205988505747129	0.09154473684210529	0.4290541137326076	87	38	1.795736674577195e-26	0.4290541137326076	hypermethylated	2.6238769388635926e-25	True
cg04388226	0.3686275862068966	0.8518973684210526	-0.48326978221415595	87	38	2.0968266370284277e-26	0.48326978221415595	hypomethylated	3.0476099322312647e-25	True
cg26579145	0.34348850574712647	0.7623025641025639	-0.41881405835543745	87	39	2.116586719246362e-26	0.41881405835543745	hypomethylated	3.0601387988261876e-25	True
cg07519235	0.6025103448275863	0.11651538461538462	0.4859949602122016	87	39	2.1561157170882705e-26	0.4859949602122016	hypermethylated	3.100968520859413e-25	True
cg06203976	0.4241459770114944	0.8397461538461539	-0.4156001768346595	87	39	2.334644447886393e-26	0.4156001768346595	hypomethylated	3.340243905387459e-25	True
sim0000120	0.24410941176470582	0.3397897435897435	-0.09568033182503768	85	39	2.9326904834150705e-26	0.09568033182503768	hypomethylated	4.174145470435854e-25	True
cg17034390	0.6303551724137931	0.1628153846153846	0.46753978779840855	87	39	3.0523544302241106e-26	0.46753978779840855	hypermethylated	4.322070938054449e-25	True
cg07149609	0.6287448275862071	0.07994871794871794	0.5487961096374891	87	39	4.3046704082892836e-26	0.5487961096374891	hypermethylated	6.064066467472134e-25	True
cg05016408	0.5819885057471264	0.08860789473684211	0.49338061101028424	87	38	4.6932463040762404e-26	0.49338061101028424	hypermethylated	6.577728365968078e-25	True
cg21789085	0.4756379310344825	0.8766435897435897	-0.4010056587091072	87	39	4.9953475618874384e-26	0.4010056587091072	hypomethylated	6.965593782997357e-25	True
cg12041100	0.32453563218390824	0.8313973684210527	-0.5068617362371445	87	38	5.653219831361202e-26	0.5068617362371445	hypomethylated	7.843128725630921e-25	True
cg13028819	0.45156511627906987	0.8775435897435898	-0.42597847346451995	86	39	6.145019873019554e-26	0.42597847346451995	hypomethylated	8.48259778451493e-25	True
cg27153327	0.473283908045977	0.8435153846153844	-0.37023147656940747	87	39	6.612051832956586e-26	0.37023147656940747	hypomethylated	9.08165319256587e-25	True
cg14632030	0.3432758620689655	0.7854282051282053	-0.44215234305923984	87	39	6.867964288157366e-26	0.44215234305923984	hypomethylated	9.386217860481734e-25	True
cg06315390	0.5856558139534883	0.15542564102564102	0.43023017292784727	86	39	7.166731056151949e-26	0.43023017292784727	hypermethylated	9.698034586822367e-25	True
cg17520909	0.4691448275862067	0.896428205128205	-0.4272833775419983	87	39	7.155447368118198e-26	0.4272833775419983	hypomethylated	9.698034586822367e-25	True
cg11185753	0.3770402298850576	0.7984051282051283	-0.42136489832007074	87	39	8.89305061287874e-26	0.42136489832007074	hypomethylated	1.1975102957636224e-24	True
cg21959598	0.38314137931034475	0.8151923076923077	-0.4320509283819629	87	39	9.343829864719997e-26	0.4320509283819629	hypomethylated	1.2520732018724795e-24	True
cg01577083	0.3368372093023255	0.8221736842105263	-0.48533647490820075	86	38	1.0046440724801412e-25	0.48533647490820075	hypomethylated	1.339687993739295e-24	True
cg12374721	0.615440229885057	0.1375846153846154	0.47785561450044156	87	39	1.0499481567119256e-25	0.47785561450044156	hypermethylated	1.3933369983032172e-24	True
cg14523847	0.5743953488372093	0.10444473684210526	0.4699506119951041	86	38	1.2575700289569146e-25	0.4699506119951041	hypermethylated	1.6608388795887713e-24	True
cg01444716	0.6753126436781609	0.19703076923076923	0.4782818744473917	87	39	1.715965078077547e-25	0.4782818744473917	hypermethylated	2.2553856791765653e-24	True
cg17534034	0.23298372093023256	0.8400897435897438	-0.6071060226595112	86	39	1.793959505963483e-25	0.6071060226595112	hypomethylated	2.346669887086518e-24	True
cg05937737	0.6765574712643677	0.15831578947368424	0.5182416817906834	87	38	1.8999590574839822e-25	0.5182416817906834	hypermethylated	2.4632704222010417e-24	True
cg03752741	0.4373482758620689	0.8237615384615383	-0.3864132625994694	87	39	1.9010314142942149e-25	0.3864132625994694	hypomethylated	2.4632704222010417e-24	True
cg04522625	0.4814862068965518	0.8878025641025642	-0.4063163572060124	87	39	2.003578723533323e-25	0.4063163572060124	hypomethylated	2.583958100256356e-24	True
cg26429674	0.46605862068965526	0.8902999999999998	-0.4242413793103445	87	39	2.0605890526743935e-25	0.4242413793103445	hypomethylated	2.6450645456525977e-24	True
cg27319917	0.7528965517241382	0.19160512820512826	0.5612914235190098	87	39	2.1687463261066426e-25	0.5612914235190098	hypermethylated	2.770951701309278e-24	True
cg23230830	0.42328965517241385	0.8411974358974359	-0.41790778072502205	87	39	2.216570642746719e-25	0.41790778072502205	hypomethylated	2.8189442387153874e-24	True
cg19793904	0.38917126436781596	0.8451973684210529	-0.4560261040532369	87	38	2.338478477909183e-25	0.4560261040532369	hypomethylated	2.96027667226568e-24	True
cg22963629	0.4365564705882352	0.8358641025641028	-0.3993076319758676	85	39	2.426235974169021e-25	0.3993076319758676	hypomethylated	3.0572799179093127e-24	True
cg20200460	0.38559885057471266	0.8549736842105267	-0.469374833635814	87	38	2.8374126403067445e-25	0.469374833635814	hypomethylated	3.559074211380195e-24	True
cg04892766	0.45924999999999994	0.8339921052631578	-0.3747421052631579	86	38	2.9523424133912036e-25	0.3747421052631579	hypomethylated	3.686402095266198e-24	True
cg06083330	0.521396511627907	0.08116666666666666	0.44022984496124035	86	39	3.12799128398649e-25	0.44022984496124035	hypermethylated	3.888050704575063e-24	True
cg20981848	0.7732127906976747	0.1998333333333333	0.5733794573643414	86	39	3.23605141349805e-25	0.5733794573643414	hypermethylated	4.004249203999614e-24	True
cg26491818	0.5433162790697673	0.9220973684210525	-0.3787810893512852	86	38	4.258527158844418e-25	0.3787810893512852	hypomethylated	5.2458179844599175e-24	True
sim0001269	0.26090813953488373	0.16585641025641026	0.09505172927847347	86	39	6.156672261585397e-25	0.09505172927847347	hypermethylated	7.550169063649592e-24	True
sim0000693	0.944447126436782	0.8297526315789474	0.11469449485783456	87	38	6.542683987034032e-25	0.11469449485783456	hypermethylated	7.987890183281104e-24	True
cg17279458	0.730035632183908	0.24052307692307692	0.48951255526083104	87	39	6.92190726249396e-25	0.48951255526083104	hypermethylated	8.413486393836686e-24	True
cg07953015	0.7057781609195404	0.2286846153846154	0.477093545534925	87	39	6.984530348324488e-25	0.477093545534925	hypermethylated	8.452204787157431e-24	True
cg17538572	0.5129574712643677	0.0821794871794872	0.43077798408488055	87	39	8.82223461126152e-25	0.43077798408488055	hypermethylated	1.0629244946112017e-23	True
cg03276000	0.3742333333333333	0.7885230769230771	-0.4142897435897438	87	39	1.0678373943302723e-24	0.4142897435897438	hypomethylated	1.2809385686573178e-23	True
cg06712013	0.3589604651162791	0.7403410256410259	-0.3813805605247468	86	39	1.0729094054815838e-24	0.3813805605247468	hypomethylated	1.2814270160251787e-23	True
cg01851378	0.6368781609195404	0.17196153846153847	0.4649166224580019	87	39	1.2477642031077751e-24	0.4649166224580019	hypermethylated	1.4838131021372546e-23	True
cg09313140	0.3258802325581395	0.8147000000000001	-0.48881976744186056	86	39	1.3091327524619366e-24	0.48881976744186056	hypomethylated	1.550080892677991e-23	True
cg25267258	0.4788942528735632	0.8774564102564102	-0.398562157382847	87	39	1.381934188449455e-24	0.398562157382847	hypomethylated	1.6292588908457737e-23	True
cg19313373	0.47393678160919533	0.8538657894736842	-0.37992900786448885	87	38	1.4764219804173388e-24	0.37992900786448885	hypomethylated	1.7332184530796708e-23	True
cg00082219	0.6949372093023257	0.26481538461538473	0.430121824686941	86	39	1.981768763372601e-24	0.430121824686941	hypermethylated	2.3165611885040575e-23	True
cg19507206	0.589196511627907	0.1357794871794872	0.4534170244484198	86	39	2.0333871560944942e-24	0.4534170244484198	hypermethylated	2.3608424745633386e-23	True
cg09094964	0.4490302325581395	0.8932333333333334	-0.4442031007751939	86	39	2.036838975142014e-24	0.4442031007751939	hypomethylated	2.3608424745633386e-23	True
cg10216717	0.3517069767441861	0.8035076923076923	-0.45180071556350615	86	39	2.5587963373968166e-24	0.45180071556350615	hypomethylated	2.9533670331214516e-23	True
sim0001560	0.832668965517241	0.9394538461538462	-0.10678488063660518	87	39	2.6490757353611288e-24	0.10678488063660518	hypomethylated	3.04477449583139e-23	True
cg18751231	0.42562470588235285	0.793928947368421	-0.36830424148606816	85	38	3.159919877111265e-24	0.36830424148606816	hypomethylated	3.616791626010269e-23	True
cg22740796	0.2678908045977012	0.8545307692307691	-0.5866399646330679	87	39	3.457633131671598e-24	0.5866399646330679	hypomethylated	3.937231541900272e-23	True
cg10013324	0.3169850574712644	0.776123076923077	-0.45913801945181265	87	39	3.4685476270107965e-24	0.45913801945181265	hypomethylated	3.937231541900272e-23	True
cg10019467	0.296946511627907	0.7603102564102563	-0.4633637447823493	86	39	3.618780997531933e-24	0.4633637447823493	hypomethylated	4.09086065852684e-23	True
cg09887059	0.6771563218390808	0.11153846153846153	0.5656178603006192	87	39	3.984063128524216e-24	0.5656178603006192	hypermethylated	4.4853366451049267e-23	True
cg20701926	0.4331471264367815	0.8316461538461538	-0.3984990274093723	87	39	4.247010027154048e-24	0.3984990274093723	hypomethylated	4.7618516508539466e-23	True
cg01764252	0.6349471264367814	0.17641025641025646	0.458536870026525	87	39	4.492845478048431e-24	0.458536870026525	hypermethylated	5.017010783820747e-23	True
cg00495860	0.5422218390804598	0.099325641025641	0.44289619805481883	87	39	4.522401385768103e-24	0.44289619805481883	hypermethylated	5.029569476398777e-23	True
cg26327040	0.38074827586206894	0.8048102564102566	-0.42406198054818767	87	39	4.5845190754941414e-24	0.42406198054818767	hypomethylated	5.078094314670325e-23	True
cg00193200	0.7179597701149424	0.21502564102564106	0.5029341290893014	87	39	4.783105087528797e-24	0.5029341290893014	hypermethylated	5.276783002185384e-23	True
cg04522792	0.43737011494252875	0.8405538461538463	-0.40318373121131756	87	39	5.0840371756438236e-24	0.40318373121131756	hypomethylated	5.586340048597434e-23	True
cg13575139	0.29043678160919545	0.6764179487179488	-0.38598116710875335	87	39	5.265192939036846e-24	0.38598116710875335	hypomethylated	5.762344622921998e-23	True
cg12107530	0.4429678160919541	0.8520333333333332	-0.4090655172413791	87	39	6.2419040230626225e-24	0.4090655172413791	hypomethylated	6.804170774346437e-23	True
cg02467858	0.654991860465116	0.21442820512820512	0.4405636553369109	86	39	8.596844562202101e-24	0.4405636553369109	hypermethylated	9.334202376430502e-23	True
cg03340408	0.34046091954023006	0.7758743589743591	-0.435413439434129	87	39	1.0907936586544767e-23	0.435413439434129	hypomethylated	1.1796890473715936e-22	True
cg20972294	0.4076895348837211	0.8263102564102562	-0.4186207215265351	86	39	1.2502920600773663e-23	0.4186207215265351	hypomethylated	1.3468832506009903e-22	True
cg01631319	0.2564114942528736	0.6943692307692308	-0.4379577365163573	87	39	1.3043534388239677e-23	0.4379577365163573	hypomethylated	1.3996323814255623e-22	True
cg23253309	0.45512643678160924	0.8823921052631581	-0.4272656684815489	87	38	1.5523897556436432e-23	0.4272656684815489	hypomethylated	1.6593053146899175e-22	True
cg26354493	0.8125186046511621	0.2699435897435897	0.5425750149075724	86	39	1.5900622665818854e-23	0.5425750149075724	hypermethylated	1.692984901666837e-22	True
cg08622666	0.34379195402298857	0.7278974358974357	-0.38410548187444715	87	39	1.842818828121376e-23	0.38410548187444715	hypomethylated	1.9545263787063395e-22	True
cg23950788	0.405351724137931	0.8005538461538463	-0.39520212201591526	87	39	1.8715320719877563e-23	0.39520212201591526	hypomethylated	1.9773456160578332e-22	True
sim0001742	0.9300241379310341	0.8239236842105262	0.10610045372050791	87	38	1.9079330551339586e-23	0.10610045372050791	hypermethylated	2.008081265307657e-22	True
cg17394978	0.31239655172413794	0.6738333333333334	-0.36143678160919546	87	39	2.2748438218459855e-23	0.36143678160919546	hypomethylated	2.3851129689354666e-22	True
cg00002719	0.5170988505747128	0.07800512820512821	0.4390937223695846	87	39	2.3053549249089854e-23	0.4390937223695846	hypermethylated	2.407912539439157e-22	True
cg21549161	0.4635344827586207	0.8302684210526315	-0.36673393829401085	87	38	2.324656777133929e-23	0.36673393829401085	hypomethylated	2.4188758207526145e-22	True
cg00322927	0.43053103448275876	0.8886333333333332	-0.4581022988505744	87	39	2.421036943936887e-23	0.4581022988505744	hypomethylated	2.5002212349603866e-22	True
cg07834841	0.42326428571428554	0.8682666666666669	-0.4450023809523813	84	39	2.4140084126656766e-23	0.4450023809523813	hypomethylated	2.5002212349603866e-22	True
cg08304190	0.5735425287356323	0.10768717948717949	0.4658553492484528	87	39	2.5956875952164002e-23	0.4658553492484528	hypermethylated	2.670544503393053e-22	True
cg23200020	0.5747593023255813	0.08825263157894739	0.4865066707466339	86	38	3.26950154080484e-23	0.4865066707466339	hypermethylated	3.3512390793249613e-22	True
cg22714290	0.4832241379310346	0.862923076923077	-0.37969893899204243	87	39	3.282486145881678e-23	0.37969893899204243	hypomethylated	3.3520406850323306e-22	True
sim0001977	0.8687850574712646	0.9773684210526314	-0.10858336358136689	87	38	4.09619295273854e-23	0.10858336358136689	hypomethylated	4.167497052286211e-22	True
cg05492975	0.46481860465116265	0.8586589743589743	-0.39384036970781167	86	39	4.43537259484226e-23	0.39384036970781167	hypomethylated	4.495929342447117e-22	True
cg07557423	0.35328160919540225	0.7510307692307692	-0.3977491600353669	87	39	4.6474260449493536e-23	0.3977491600353669	hypomethylated	4.693558582895542e-22	True
cg07568841	0.3065436781609195	0.7766333333333332	-0.4700896551724137	87	39	4.9376096819361886e-23	0.4700896551724137	hypomethylated	4.950224013240406e-22	True
cg00982519	0.30346666666666666	0.7405432432432433	-0.4370765765765766	87	37	4.925006210147179e-23	0.4370765765765766	hypomethylated	4.950224013240406e-22	True
cg02323003	0.4110574712643678	0.8025794871794873	-0.39152201591511954	87	39	5.268113967138497e-23	0.39152201591511954	hypomethylated	5.262366933719801e-22	True
cg19368016	0.35550588235294106	0.7643948717948719	-0.4088889894419308	85	39	5.770751601143837e-23	0.4088889894419308	hypomethylated	5.743570524761638e-22	True
cg04111071	0.615493023255814	0.1305179487179487	0.4849750745378653	86	39	8.024501053695825e-23	0.4849750745378653	hypermethylated	7.957871622564054e-22	True
cg22511877	0.4392735632183908	0.8723333333333334	-0.4330597701149426	87	39	8.782073524391441e-23	0.4330597701149426	hypomethylated	8.677825889029958e-22	True
cg22425474	0.6465639534883724	0.19073846153846152	0.45582549194991084	86	39	1.0219800293575066e-22	0.45582549194991084	hypermethylated	1.0010778270678574e-21	True
cg04438395	0.36729770114942534	0.774302564102564	-0.4070048629531387	87	39	1.0240366560104403e-22	0.4070048629531387	hypomethylated	1.0010778270678574e-21	True
sim0001418	0.9084383720930232	0.8240615384615384	0.08437683363148485	86	39	1.0175637889856333e-22	0.08437683363148485	hypermethylated	1.0010778270678574e-21	True
cg18924324	0.5788298850574713	0.12127692307692307	0.4575529619805483	87	39	1.0485583702134793e-22	0.4575529619805483	hypermethylated	1.0214148379349034e-21	True
cg10715092	0.6568149425287357	0.1491794871794872	0.5076354553492486	87	39	1.2091097313198757e-22	0.5076354553492486	hypermethylated	1.1736482091645579e-21	True
cg25188238	0.4751563218390803	0.8411384615384614	-0.3659821396993811	87	39	1.23141956129648e-22	0.3659821396993811	hypomethylated	1.1910949066483912e-21	True
cg17080335	0.531958620689655	0.9047710526315789	-0.3728124319419238	87	38	1.422556578542193e-22	0.3728124319419238	hypomethylated	1.371144884651019e-21	True
sim0001567	0.08842558139534883	0.18974615384615384	-0.10132057245080502	86	39	1.7245930204629287e-22	0.10132057245080502	hypomethylated	1.6564535060180645e-21	True
cg18450582	0.3453551724137931	0.8179692307692309	-0.4726140583554378	87	39	1.978523879426343e-22	0.4726140583554378	hypomethylated	1.8937299988794994e-21	True
cg06880420	0.31610689655172414	0.7673282051282053	-0.4512213085764812	87	39	2.0875807284693766e-22	0.4512213085764812	hypomethylated	1.9911750906615893e-21	True
cg05174942	0.4096241379310345	0.7945358974358975	-0.38491175950486295	87	39	2.199422116967563e-22	0.38491175950486295	hypomethylated	2.0905925796920055e-21	True
cg21334513	0.7057781609195397	0.18796666666666667	0.5178114942528731	87	39	2.762836455406982e-22	0.5178114942528731	hypermethylated	2.6083054430037927e-21	True
cg15645309	0.3203860465116279	0.7580717948717947	-0.43768574836016677	86	39	2.763075660408095e-22	0.43768574836016677	hypomethylated	2.6083054430037927e-21	True
cg12438155	0.3348345238095238	0.7997948717948719	-0.4649603479853481	84	39	2.7820470167792887e-22	0.4649603479853481	hypomethylated	2.6172202585933926e-21	True
cg05497273	0.4329977011494252	0.8030256410256412	-0.370027939876216	87	39	2.995467092845928e-22	0.370027939876216	hypomethylated	2.808378192507769e-21	True
cg22347967	0.36113218390804597	0.7740153846153845	-0.4128832007073386	87	39	3.082916790979609e-22	0.4128832007073386	hypomethylated	2.880534838374485e-21	True
cg07489502	0.5790942528735634	0.1408184210526316	0.4382758318209318	87	38	3.636946763423588e-22	0.4382758318209318	hypermethylated	3.3866755115676597e-21	True
cg10310168	0.3880793103448275	0.7756794871794871	-0.3876001768346596	87	39	4.682915299964725e-22	0.3876001768346596	hypomethylated	4.345935246284831e-21	True
cg26432869	0.8410954022988505	0.29141025641025636	0.5496851458885941	87	39	5.010056745388392e-22	0.5496851458885941	hypermethylated	4.633880767535998e-21	True
cg26365545	0.7354172413793104	0.23157692307692307	0.5038403183023874	87	39	5.602546611319146e-22	0.5038403183023874	hypermethylated	5.164495148085132e-21	True
cg06998282	0.6367988372093022	0.15236153846153846	0.48443729874776376	86	39	6.505977434519898e-22	0.48443729874776376	hypermethylated	5.9772307734535644e-21	True
cg21374754	0.3520632183908046	0.7675487179487178	-0.4154854995579132	87	39	9.84119620237378e-22	0.4154854995579132	hypomethylated	9.011255322640257e-21	True
cg02313130	0.4070724137931034	0.7992743589743588	-0.39220194518125545	87	39	1.153017448010078e-21	0.39220194518125545	hypomethylated	1.0522720696623536e-20	True
cg13130398	0.400986046511628	0.8136153846153846	-0.4126293381037566	86	39	1.4152014921455135e-21	0.4126293381037566	hypomethylated	1.2872710261336841e-20	True
cg20370678	0.6198068965517239	0.13634871794871795	0.483458178603006	87	39	1.695506172168263e-21	0.483458178603006	hypermethylated	1.5371470148337354e-20	True
sim0001466	0.018947674418604645	0.15467179487179492	-0.13572412045319027	86	39	1.7596881172606464e-21	0.13572412045319027	hypomethylated	1.5900865980641434e-20	True
cg22039357	0.3348586206896551	0.775574358974359	-0.4407157382847039	87	39	2.342945857008523e-21	0.4407157382847039	hypomethylated	2.1101876292466927e-20	True
sim0001866	0.09826470588235299	0.013923076923076923	0.08434162895927606	85	39	2.8609860311202084e-21	0.08434162895927606	hypermethylated	2.568342688721311e-20	True
sim0001016	0.8696232558139532	0.9650487179487183	-0.0954254621347651	86	39	2.9258305562403327e-21	0.0954254621347651	hypomethylated	2.617998872310161e-20	True
cg25601879	0.4137850574712644	0.8120447368421052	-0.39825967937084084	87	38	3.0650486863729695e-21	0.39825967937084084	hypomethylated	2.733665175800827e-20	True
sim0001130	0.9407091954022982	0.8306405405405405	0.11006865486175776	87	37	3.1440044139564203e-21	0.11006865486175776	hypermethylated	2.7950097492356914e-20	True
cg04786142	0.14968505747126434	0.5490615384615385	-0.3993764809902741	87	39	3.665591887185189e-21	0.3993764809902741	hypomethylated	3.248187391644424e-20	True
cg27071152	0.7042623529411762	0.13682051282051286	0.5674418401206633	85	39	3.8605461307670556e-21	0.5674418401206633	hypermethylated	3.409942193317396e-20	True
cg08985530	0.4302045977011493	0.8356384615384613	-0.405433863837312	87	39	3.931506466228039e-21	0.405433863837312	hypomethylated	3.461489827797571e-20	True
cg21707187	0.6038023529411762	0.13728974358974358	0.4665126093514327	85	39	3.994085735358731e-21	0.4665126093514327	hypermethylated	3.505352560712599e-20	True
cg23997263	0.6024811764705882	0.14365897435897432	0.45882220211161384	85	39	4.2195525156117896e-21	0.45882220211161384	hypermethylated	3.691436547893499e-20	True
cg17668981	0.8455873563218391	0.36394102564102565	0.4816463306808135	87	39	4.39261231382535e-21	0.4816463306808135	hypermethylated	3.8306368336756305e-20	True
cg14072016	0.3437965517241379	0.8183410256410256	-0.4745444739168877	87	39	4.429496504818285e-21	0.4745444739168877	hypomethylated	3.850578132511338e-20	True
cg21974506	0.43944827586206897	0.8645589743589743	-0.42511069849690536	87	39	4.5326284311138955e-21	0.42511069849690536	hypomethylated	3.92780135655201e-20	True
cg01408508	0.7788655172413792	0.2532351351351352	0.525630382106244	87	37	4.864379662590001e-21	0.525630382106244	hypermethylated	4.2020285953253877e-20	True
cg23046919	0.25825402298850575	0.6968184210526317	-0.43856439806412595	87	38	4.961568370323917e-21	0.43856439806412595	hypomethylated	4.2725480605892785e-20	True
cg05835105	0.5785488372093024	0.104374358974359	0.4741744782349434	86	39	5.205209331908539e-21	0.4741744782349434	hypermethylated	4.468346885860236e-20	True
cg07816556	0.7600999999999999	0.3191282051282051	0.4409717948717948	87	39	5.320872961785706e-21	0.4409717948717948	hypermethylated	4.5534074847430945e-20	True
cg18744273	0.37939195402298853	0.795674358974359	-0.4162824049513705	87	39	5.629768712233654e-21	0.4162824049513705	hypomethylated	4.802787159163307e-20	True
cg22396555	0.6257908045977011	0.1646897435897436	0.4611010610079575	87	39	6.1080973413832105e-21	0.4611010610079575	hypermethylated	5.194719317888446e-20	True
cg14231297	0.6064093023255814	0.15092051282051275	0.45548878950506866	86	39	6.86476954821372e-21	0.45548878950506866	hypermethylated	5.820222823747868e-20	True
sim0001210	0.060194252873563225	0.16244358974358972	-0.10224933687002649	87	39	7.188319199403627e-21	0.10224933687002649	hypomethylated	6.075788566388235e-20	True
cg21991633	0.41419770114942533	0.8146230769230769	-0.40042537577365156	87	39	7.396970036314252e-21	0.40042537577365156	hypomethylated	6.232968309740875e-20	True
cg25888561	0.6522697674418603	0.17143333333333338	0.4808364341085269	86	39	9.302159592917806e-21	0.4808364341085269	hypermethylated	7.814382997475601e-20	True
cg07043247	0.5104709302325582	0.9107999999999998	-0.40032906976744165	86	39	1.032820997045266e-20	0.40032906976744165	hypomethylated	8.649875850254102e-20	True
cg11213690	0.6262850574712645	0.11394102564102564	0.5123440318302389	87	39	1.1638079387571405e-20	0.5123440318302389	hypermethylated	9.717265677099893e-20	True
cg13138446	0.37212988505747135	0.7557078947368421	-0.3835780096793707	87	38	1.5781285303458887e-20	0.3835780096793707	hypomethylated	1.3136724463212595e-19	True
cg06288900	0.37876627906976745	0.7685333333333332	-0.3897670542635657	86	39	1.583223952631373e-20	0.3897670542635657	hypomethylated	1.3139323860659762e-19	True
cg08364561	0.6580558139534883	0.147874358974359	0.5101814549791294	86	39	1.8174473962829113e-20	0.5101814549791294	hypermethylated	1.5037734932497462e-19	True
cg07792478	0.5590724137931036	0.11374999999999999	0.44532241379310356	87	38	2.4186184787420268e-20	0.44532241379310356	hypermethylated	1.9951786669983028e-19	True
cg10558233	0.6479701149425287	0.2108641025641026	0.43710601237842606	87	39	2.7192552349453114e-20	0.43710601237842606	hypermethylated	2.2364653085014282e-19	True
cg24808280	0.5228241379310345	0.10742051282051282	0.41540362511052176	87	39	2.7338734406485e-20	0.41540362511052176	hypermethylated	2.24177622133177e-19	True
sim0002083	0.3857505747126437	0.32320000000000004	0.06255057471264364	87	39	3.195170844435841e-20	0.06255057471264364	hypermethylated	2.61224235406704e-19	True
cg11751344	0.4107402298850574	0.8055256410256408	-0.39478541114058346	87	39	3.3587256846406745e-20	0.39478541114058346	hypomethylated	2.7378099275097723e-19	True
cg17840719	0.5477651162790698	0.11682820512820513	0.43093691115086463	86	39	3.6415330967029123e-20	0.43093691115086463	hypermethylated	2.959553673562988e-19	True
cg20286956	0.7504755813953488	0.24820000000000006	0.5022755813953487	86	39	4.040609384445263e-20	0.5022755813953487	hypermethylated	3.274204713590306e-19	True
cg15242225	0.27931149425287355	0.6822205128205128	-0.4029090185676392	87	39	4.795976236629617e-20	0.4029090185676392	hypomethylated	3.8748666829475174e-19	True
cg17485838	0.7369313953488371	0.2512410256410257	0.48569036970781143	86	39	5.633518129219332e-20	0.48569036970781143	hypermethylated	4.538203607321263e-19	True
sim0001863	0.0664139534883721	0.1602589743589744	-0.0938450208706023	86	39	5.736372739556372e-20	0.0938450208706023	hypomethylated	4.6075485133220335e-19	True
cg05687660	0.4716162790697674	0.8392743589743591	-0.3676580799045917	86	39	5.775727010050545e-20	0.3676580799045917	hypomethylated	4.625633264317449e-19	True
cg21149266	0.38794482758620713	0.8070948717948718	-0.4191500442086647	87	39	5.86174458546957e-20	0.4191500442086647	hypomethylated	4.680875690780497e-19	True
cg03940848	0.5142620689655172	0.08123076923076923	0.43303129973474797	87	39	6.473982366647332e-20	0.43303129973474797	hypermethylated	5.154791177153688e-19	True
sim0001805	0.0796655172413793	0.1663589743589744	-0.0866934571175951	87	39	7.885228984188927e-20	0.0866934571175951	hypomethylated	6.260324861146527e-19	True
cg15219228	0.6412860465116276	0.1184692307692308	0.5228168157423968	86	39	8.529312850888582e-20	0.5228168157423968	hypermethylated	6.75216783901756e-19	True
cg15425541	0.704955172413793	0.19853589743589742	0.5064192749778956	87	39	8.866245125970201e-20	0.5064192749778956	hypermethylated	6.99872855202303e-19	True
cg02897974	0.4038609195402299	0.7883921052631578	-0.38453118572292794	87	38	9.554941065799489e-20	0.38453118572292794	hypomethylated	7.520751606805501e-19	True
cg25547580	0.5607139534883722	0.10921842105263158	0.4514955324357406	86	38	1.0121206656081998e-19	0.4514955324357406	hypermethylated	7.9437013383592135e-19	True
cg27518240	0.42217126436781605	0.8298820512820513	-0.40771078691423523	87	39	1.1071897009490331e-19	0.40771078691423523	hypomethylated	8.66510002423645e-19	True
cg08070771	0.7226068965517242	0.19697435897435894	0.5256325375773652	87	39	1.1976414835246662e-19	0.5256325375773652	hypermethylated	9.346366918301869e-19	True
sim0000441	0.14711264367816093	0.24163589743589747	-0.09452325375773654	87	39	1.292948224696495e-19	0.09452325375773654	hypomethylated	1.00615545984172e-18	True
cg23128495	0.31701724137931037	0.7663128205128206	-0.4492955791335102	87	39	1.4312218256911765e-19	0.4492955791335102	hypomethylated	1.1106119647383226e-18	True
cg06335867	0.6776816091954022	0.1785410256410256	0.4991405835543766	87	39	1.5064287897044816e-19	0.4991405835543766	hypermethylated	1.1656788409347073e-18	True
sim0001909	0.11110574712643674	0.011471794871794871	0.09963395225464187	87	39	1.6416545710484424e-19	0.09963395225464187	hypermethylated	1.266748625469121e-18	True
cg24960947	0.6077160919540229	0.15333589743589743	0.45438019451812545	87	39	1.7352740878633896e-19	0.45438019451812545	hypermethylated	1.3352375124259752e-18	True
cg23075337	0.6936896551724137	0.234176923076923	0.45951273209549065	87	39	2.1554829854359864e-19	0.45951273209549065	hypermethylated	1.6539418326795126e-18	True
cg15132565	0.6809517241379309	0.1803666666666667	0.5005850574712642	87	39	2.4963294001056433e-19	0.5005850574712642	hypermethylated	1.910143972727076e-18	True
sim0001767	0.6800383720930231	0.7680051282051285	-0.08796675611210536	86	39	2.5102173846067083e-19	0.08796675611210536	hypomethylated	1.9154353209762854e-18	True
cg07077665	0.8502149425287354	0.23266410256410255	0.6175508399646329	87	39	2.6539170344326645e-19	0.6175508399646329	hypermethylated	2.019476480217875e-18	True
cg03306374	0.5851896551724135	0.08600512820512822	0.49918452696728527	87	39	3.2033211813435625e-19	0.49918452696728527	hypermethylated	2.430807537334466e-18	True
cg25724842	0.46305632183908035	0.8506307692307692	-0.38757444739168884	87	39	3.640942503725301e-19	0.38757444739168884	hypomethylated	2.7552807321579616e-18	True
cg00334063	0.6719639534883722	0.1517	0.5202639534883722	86	39	4.989885831393864e-19	0.5202639534883722	hypermethylated	3.755401747627108e-18	True
sim0001535	0.6602755813953489	0.7883923076923077	-0.1281167262969588	86	39	4.985610734801026e-19	0.1281167262969588	hypomethylated	3.755401747627108e-18	True
cg25691167	0.5096149425287357	0.0867076923076923	0.4229072502210434	87	39	5.202617431544774e-19	0.4229072502210434	hypermethylated	3.904806034003687e-18	True
cg04425920	0.6084218390804595	0.1518846153846154	0.45653722369584415	87	39	5.44691314936034e-19	0.45653722369584415	hypermethylated	4.0770219131588166e-18	True
cg23906738	0.5450770114942529	0.0971102564102564	0.4479667550839965	87	39	5.771946099962188e-19	0.4479667550839965	hypermethylated	4.308569547988079e-18	True
cg11030264	0.6754000000000001	0.22631025641025637	0.44908974358974374	87	39	6.419066100520139e-19	0.44908974358974374	hypermethylated	4.7786380970538816e-18	True
cg16620382	0.5218402298850574	0.08662820512820513	0.4352120247568523	87	39	6.856009568523809e-19	0.4352120247568523	hypermethylated	5.090123860739163e-18	True
cg05384697	0.3147816091954022	0.7192243243243243	-0.40444271512892205	87	37	7.118811862459285e-19	0.40444271512892205	hypomethylated	5.270990885761632e-18	True
cg16013670	0.44527241379310323	0.8369717948717951	-0.39169938107869184	87	39	7.541641455400681e-19	0.39169938107869184	hypomethylated	5.5690562037595884e-18	True
cg06962177	0.6441287356321839	0.13014736842105265	0.5139813672111312	87	38	8.321699140241775e-19	0.5139813672111312	hypermethylated	6.12860791910031e-18	True
cg02830936	0.783318390804598	0.2488820512820513	0.5344363395225467	87	39	1.0400899427714023e-18	0.5344363395225467	hypermethylated	7.639377199981396e-18	True
cg06431514	0.40739767441860475	0.7920410256410259	-0.3846433512224211	86	39	1.1170459556333851e-18	0.3846433512224211	hypomethylated	8.182733973666423e-18	True
cg25820728	0.39869999999999994	0.826976923076923	-0.4282769230769231	87	39	1.1371247318365764e-18	0.4282769230769231	hypomethylated	8.307663931795414e-18	True
cg17192862	0.42698953488372093	0.7894820512820513	-0.36249251639833036	86	39	1.2627902877843478e-18	0.36249251639833036	hypomethylated	9.201286261388868e-18	True
cg13270350	0.41015402298850573	0.8285820512820513	-0.4184280282935456	87	39	1.3511871925544333e-18	0.4184280282935456	hypomethylated	9.809953929123598e-18	True
cg09225287	0.29690000000000005	0.7041282051282053	-0.40722820512820523	87	39	1.3534665231663065e-18	0.40722820512820523	hypomethylated	9.809953929123598e-18	True
sim0000992	0.017141860465116277	0.09890512820512819	-0.08176326774001191	86	39	1.421007367688651e-18	0.08176326774001191	hypomethylated	1.02723874711598e-17	True
cg07196505	0.2571174418604652	0.6968512820512819	-0.4397338401908167	86	39	1.5716510211939493e-18	0.4397338401908167	hypomethylated	1.1331562612125402e-17	True
cg22399133	0.776659770114942	0.18329487179487175	0.5933648983200703	87	39	1.903452571068249e-18	0.5933648983200703	hypermethylated	1.3687916787236859e-17	True
cg19602728	0.39050574712643665	0.7960794871794872	-0.4055737400530505	87	39	2.005141650198563e-18	0.4055737400530505	hypomethylated	1.4381525099465933e-17	True
cg26132320	0.5957662790697672	0.18352564102564103	0.41224063804412614	86	39	2.1678092135735783e-18	0.41224063804412614	hypermethylated	1.550773934814224e-17	True
cg23049458	0.6125540229885056	0.15784871794871796	0.4547053050397876	87	39	2.6381242075691282e-18	0.4547053050397876	hypermethylated	1.8823187527772455e-17	True
cg20065768	0.650039534883721	0.2037230769230769	0.4463164579606441	86	39	2.8854612161011437e-18	0.4463164579606441	hypermethylated	2.0534616478315653e-17	True
cg15222899	0.5861643678160917	0.15341282051282054	0.43275154730327114	87	39	3.1993669333742162e-18	0.43275154730327114	hypermethylated	2.2709718258343598e-17	True
cg11957331	0.5176837209302326	0.09601538461538461	0.421668336314848	86	39	3.2826613185892208e-18	0.421668336314848	hypermethylated	2.3240903716919047e-17	True
cg14088921	0.7571735632183906	0.17748157894736843	0.5796919842710222	87	38	3.571086437466412e-18	0.5796919842710222	hypermethylated	2.5217929161234536e-17	True
sim0001943	0.8708908045977013	0.8012589743589745	0.06963183023872677	87	39	4.094745716253145e-18	0.06963183023872677	hypermethylated	2.8841708929608693e-17	True
cg09805403	0.3863643678160919	0.7634512820512821	-0.3770869142351902	87	39	4.160751494235523e-18	0.3770869142351902	hypomethylated	2.9231673541342664e-17	True
cg01952226	0.28401279069767443	0.7440461538461538	-0.46003336314847937	86	39	5.142399868366604e-18	0.46003336314847937	hypomethylated	3.6036154179599645e-17	True
cg07600533	0.8006500000000001	0.2824205128205128	0.5182294871794872	86	39	6.143269301122115e-18	0.5182294871794872	hypermethylated	4.2940358193848475e-17	True
cg21523564	0.5811057471264366	0.13343589743589743	0.44766984969053913	87	39	6.710472025615846e-18	0.44766984969053913	hypermethylated	4.6785955975550076e-17	True
cg25764899	0.5540712643678163	0.09664871794871797	0.4574225464190983	87	39	7.513631066589618e-18	0.4574225464190983	hypermethylated	5.2253024151700456e-17	True
sim0000340	0.8569149425287356	0.9252789473684211	-0.06836400483968552	87	38	7.729028807020597e-18	0.06836400483968552	hypomethylated	5.361525791132722e-17	True
cg24471254	0.7763720930232556	0.31464615384615385	0.46172593917710175	86	39	1.0972300108856287e-17	0.46172593917710175	hypermethylated	7.592168362475623e-17	True
cg21048162	0.3595344827586207	0.7088794871794872	-0.3493450044208665	87	39	1.2260648213030797e-17	0.3493450044208665	hypomethylated	8.462311718893367e-17	True
cg06355129	0.6404080459770111	0.18195641025641027	0.45845163572060077	87	39	1.3151255156450843e-17	0.45845163572060077	hypermethylated	9.054260129015154e-17	True
cg21648069	0.824858620689655	0.3134820512820512	0.5113765694076038	87	39	1.3192770899133835e-17	0.5113765694076038	hypermethylated	9.060135414980162e-17	True
cg18322569	0.6998011627906979	0.15129230769230764	0.5485088550983903	86	39	1.3632993183928062e-17	0.5485088550983903	hypermethylated	9.315878675684175e-17	True
sim0002160	0.3193022988505746	0.21156153846153844	0.10774076038903616	87	39	1.3617486776683342e-17	0.10774076038903616	hypermethylated	9.315878675684175e-17	True
cg27083087	0.6891697674418604	0.2408842105263158	0.4482855569155446	86	38	1.3872990276771777e-17	0.4482855569155446	hypermethylated	9.456353421908702e-17	True
cg22348992	0.41021279069767436	0.8589128205128207	-0.44870002981514634	86	39	1.7000533215995125e-17	0.44870002981514634	hypomethylated	1.1559520976321437e-16	True
cg13023870	0.6598241379310346	0.1992897435897436	0.46053439434129095	87	39	1.8272262422999036e-17	0.46053439434129095	hypermethylated	1.2393556759500827e-16	True
cg27393010	0.6068022988505745	0.12095384615384613	0.48584845269672833	87	39	1.8722993212572034e-17	0.48584845269672833	hypermethylated	1.266799565392497e-16	True
sim0001918	0.15359195402298845	0.08835384615384619	0.06523810786914226	87	39	1.9802873564267242e-17	0.06523810786914226	hypermethylated	1.336572326315531e-16	True
cg26584034	0.32824482758620677	0.7255368421052628	-0.39729201451905605	87	38	2.04786103975651e-17	0.39729201451905605	hypomethylated	1.3787927147576306e-16	True
cg23015917	0.7947241379310344	0.34290789473684213	0.4518162431941922	87	38	2.0896635324251907e-17	0.4518162431941922	hypermethylated	1.4034977319246942e-16	True
cg14215310	0.47920235294117663	0.8822871794871795	-0.40308482654600286	85	39	2.359981970285115e-17	0.40308482654600286	hypomethylated	1.5811879200910272e-16	True
cg24676817	0.7114186046511628	0.235623076923077	0.4757955277280858	86	39	2.524095152259229e-17	0.4757955277280858	hypermethylated	1.6870290470209494e-16	True
cg21195256	0.6199551724137933	0.18085384615384617	0.43910132625994713	87	39	2.903619174065117e-17	0.43910132625994713	hypermethylated	1.9359810366885624e-16	True
cg17508991	0.6593149425287359	0.16077692307692312	0.49853801945181275	87	39	3.065290601339138e-17	0.49853801945181275	hypermethylated	2.038826460503296e-16	True
cg10956848	0.45884022988505757	0.853051282051282	-0.39421105216622443	87	39	3.3414010660991066e-17	0.39421105216622443	hypomethylated	2.217108388544504e-16	True
cg14553895	0.7294352941176471	0.2667538461538461	0.46268144796380095	85	39	3.557654837440307e-17	0.46268144796380095	hypermethylated	2.354910322517716e-16	True
cg05799811	0.33736395348837217	0.7337076923076924	-0.3963437388193202	86	39	3.7058252572561656e-17	0.3963437388193202	hypomethylated	2.447091822519877e-16	True
cg20014398	0.6536160919540234	0.21622307692307693	0.4373930150309464	87	39	3.972356178064133e-17	0.4373930150309464	hypermethylated	2.6168015398422475e-16	True
cg23089825	0.5648505747126437	0.13112051282051282	0.4337300618921308	87	39	4.2698805646189545e-17	0.4337300618921308	hypermethylated	2.8060674428249446e-16	True
cg16179938	0.27265862068965513	0.7263435897435898	-0.4536849690539347	87	39	4.562722160573484e-17	0.4536849690539347	hypomethylated	2.9913598508580815e-16	True
cg17150265	0.3861896551724139	0.7558897435897437	-0.3697000884173298	87	39	4.6629160700075716e-17	0.3697000884173298	hypomethylated	3.049769153407333e-16	True
cg12427162	0.7746229885057472	0.28406666666666663	0.49055632183908054	87	39	4.7123649700820266e-17	0.49055632183908054	hypermethylated	3.074790159813617e-16	True
cg02710296	0.7482470588235294	0.22936153846153842	0.518885520361991	85	39	4.95575916648102e-17	0.518885520361991	hypermethylated	3.2259408602661997e-16	True
cg21199093	0.7581873563218391	0.20744615384615378	0.5507412024756853	87	39	5.027006482694558e-17	0.5507412024756853	hypermethylated	3.2645831697309573e-16	True
sim0002095	0.9549770114942528	0.8337153846153845	0.12126162687886832	87	39	6.247940148223768e-17	0.12126162687886832	hypermethylated	4.0478989592383706e-16	True
cg16596604	0.5526298850574715	0.12502051282051282	0.4276093722369586	87	39	6.359019028585405e-17	0.4276093722369586	hypermethylated	4.1101706521233193e-16	True
cg03970036	0.5540290697674417	0.12535641025641026	0.42867265951103145	86	39	6.87023758872931e-17	0.42867265951103145	hypermethylated	4.4301743324505666e-16	True
cg00765705	0.7527517241379311	0.22985384615384616	0.5228978779840849	87	39	8.401082951263338e-17	0.5228978779840849	hypermethylated	5.404631116421637e-16	True
cg09165441	0.6080632183908048	0.1497717948717949	0.45829142351900987	87	39	8.685767177192373e-17	0.45829142351900987	hypermethylated	5.574720195268095e-16	True
cg17239057	0.6869883720930232	0.22702564102564102	0.45996273106738217	86	39	9.271972963641568e-17	0.45996273106738217	hypermethylated	5.937088515413377e-16	True
cg03692651	0.6169287356321839	0.09551578947368422	0.5214129461584996	87	38	1.0863029022556713e-16	0.5214129461584996	hypermethylated	6.939707145340301e-16	True
cg24604013	0.5811627906976742	0.12192307692307697	0.4592397137745972	86	39	1.157074852876298e-16	0.4592397137745972	hypermethylated	7.374674294318308e-16	True
cg11735242	0.4518390804597702	0.8326307692307691	-0.38079168877099884	87	39	1.165924748728147e-16	0.38079168877099884	hypomethylated	7.413877973972732e-16	True
cg14541801	0.28675000000000006	0.6582897435897436	-0.3715397435897435	86	39	1.7627830602645537e-16	0.3715397435897435	hypomethylated	1.1183291146759191e-15	True
cg12496211	0.28507701149425296	0.7010973684210529	-0.4160203569267999	87	38	1.7885450821944323e-16	0.4160203569267999	hypomethylated	1.1320583734534804e-15	True
cg09171112	0.33775632183908044	0.725779487179487	-0.3880231653404066	87	39	2.030851410462495e-16	0.3880231653404066	hypomethylated	1.2824709941472354e-15	True
cg04221117	0.28128505747126437	0.7321538461538463	-0.4508687886825819	87	39	2.212842123691387e-16	0.4508687886825819	hypomethylated	1.3941920444450092e-15	True
cg00970396	0.6264080459770114	0.13077692307692307	0.4956311229000883	87	39	2.8006881965366334e-16	0.4956311229000883	hypermethylated	1.7605241363583827e-15	True
sim0000297	0.9849883720930229	0.8685153846153845	0.11647298747763846	86	39	3.0368316228572887e-16	0.11647298747763846	hypermethylated	1.904606499540861e-15	True
cg10966440	0.39790465116279067	0.7638487179487178	-0.3659440667859271	86	39	3.3165931298322634e-16	0.3659440667859271	hypomethylated	2.0753260427446988e-15	True
cg22198603	0.2748885057471263	0.6456641025641026	-0.37077559681697625	87	39	3.5515390740901347e-16	0.37077559681697625	hypomethylated	2.217290417392182e-15	True
sim0000717	0.10872441860465111	0.05375263157894737	0.05497178702570374	86	38	4.319983158399146e-16	0.05497178702570374	hypermethylated	2.6909282848350236e-15	True
cg27456203	0.7756593023255812	0.30578205128205116	0.46987725104353006	86	39	4.79703488490679e-16	0.46987725104353006	hypermethylated	2.981324621909265e-15	True
cg16206460	0.56356091954023	0.11972564102564104	0.443835278514589	87	39	4.996034794305822e-16	0.443835278514589	hypermethylated	3.097992681706116e-15	True
sim0001305	0.7588804597701151	0.8129179487179488	-0.05403748894783367	87	39	5.405576637459926e-16	0.05403748894783367	hypomethylated	3.344396176374418e-15	True
cg05057720	0.6338540229885057	0.14529736842105262	0.48855665456745306	87	38	5.7710328726344285e-16	0.48855665456745306	hypermethylated	3.562478045197028e-15	True
cg18023455	0.28010459770114937	0.6974435897435896	-0.4173389920424402	87	39	6.282189303374145e-16	0.4173389920424402	hypomethylated	3.867600460216688e-15	True
cg11081307	0.5092811764705883	0.8753923076923076	-0.36611113122171923	85	39	6.293474356450163e-16	0.36611113122171923	hypomethylated	3.867600460216688e-15	True
sim0001346	0.2256436781609196	0.14834102564102564	0.07730265251989396	87	39	6.332403828294486e-16	0.07730265251989396	hypermethylated	3.882837793822534e-15	True
cg10168086	0.22187126436781607	0.6979435897435896	-0.47607232537577354	87	39	6.743522793735301e-16	0.47607232537577354	hypomethylated	4.12571427937436e-15	True
cg22691256	0.3110367816091955	0.6963615384615388	-0.3853247568523433	87	39	8.721538469220257e-16	0.3853247568523433	hypomethylated	5.3240147055440106e-15	True
cg01518607	0.7413885057471264	0.20947692307692306	0.5319115826702034	87	39	1.0391874835705202e-15	0.5319115826702034	hypermethylated	6.329596490838623e-15	True
cg09633240	0.25427241379310345	0.6803897435897436	-0.42611732979664013	87	39	1.134367337987111e-15	0.42611732979664013	hypomethylated	6.894042206749101e-15	True
cg08445802	0.6783839080459767	0.19331794871794875	0.485065959328028	87	39	1.3472971489899403e-15	0.485065959328028	hypermethylated	8.170033704802132e-15	True
cg15300436	0.251058620689655	0.7195552631578946	-0.46849664246823963	87	38	1.400419750708315e-15	0.46849664246823963	hypomethylated	8.473464879285775e-15	True
cg20494374	0.6946034482758623	0.22012307692307692	0.47448037135278537	87	39	1.549078716929111e-15	0.47448037135278537	hypermethylated	9.352349967921469e-15	True
cg04868078	0.6204729411764708	0.20981052631578942	0.41066241486068134	85	38	1.8174228921989298e-15	0.41066241486068134	hypermethylated	1.094837869489136e-14	True
sim0001641	0.16225747126436788	0.06744615384615384	0.09481131741821404	87	39	2.2043136722760233e-15	0.09481131741821404	hypermethylated	1.3249999251077103e-14	True
sim0000706	0.5502022988505747	0.6563615384615384	-0.10615923961096374	87	39	2.869275515144639e-15	0.10615923961096374	hypomethylated	1.7209388297166645e-14	True
cg25188760	0.3827674418604652	0.7248435897435898	-0.34207614788312457	86	39	2.8999293455613403e-15	0.34207614788312457	hypomethylated	1.7355350571366014e-14	True
cg12129796	0.3228310344827586	0.7457157894736842	-0.4228847549909256	87	38	2.926704579592482e-15	0.4228847549909256	hypomethylated	1.7477516261175107e-14	True
cg12172441	0.728455172413793	0.2805179487179487	0.44793722369584427	87	39	3.0117486875293298e-15	0.44793722369584427	hypermethylated	1.794636365432336e-14	True
cg09513990	0.5247011494252874	0.1461025641025641	0.3785985853227234	87	39	3.5648659547229945e-15	0.3785985853227234	hypermethylated	2.1196291726459016e-14	True
sim0000039	0.17712873563218384	0.11601315789473682	0.061115577737447024	87	38	4.0751545522695796e-15	0.061115577737447024	hypermethylated	2.417807679283917e-14	True
cg08443563	0.1933441860465116	0.6102743589743587	-0.41693017292784706	86	39	4.354841949019184e-15	0.41693017292784706	hypomethylated	2.5781790590421766e-14	True
sim0000659	0.8301149425287353	0.7706692307692309	0.059445711759504416	87	39	5.79063668136346e-15	0.059445711759504416	hypermethylated	3.4208341857431013e-14	True
sim0002054	0.19642873563218388	0.09332307692307694	0.10310565870910694	87	39	6.334020014096996e-15	0.10310565870910694	hypermethylated	3.7338096520867915e-14	True
cg11630939	0.25196896551724146	0.7257025641025643	-0.4737335985853228	87	39	8.613431274836848e-15	0.4737335985853228	hypomethylated	5.0666157841492125e-14	True
cg02707176	0.7546930232558141	0.30638947368421054	0.44830354957160357	86	38	9.065497726230405e-15	0.44830354957160357	hypermethylated	5.3211372337510516e-14	True
cg17098965	0.22820465116279068	0.6964282051282049	-0.46822355396541426	86	39	9.213271719624275e-15	0.46822355396541426	hypomethylated	5.3963448643513614e-14	True
cg13916459	0.6732701149425289	0.19167435897435897	0.4815957559681699	87	39	9.935149979154643e-15	0.4815957559681699	hypermethylated	5.806778083561234e-14	True
cg13045134	0.748428735632184	0.3264794871794871	0.42194924845269693	87	39	9.965020564947053e-15	0.42194924845269693	hypermethylated	5.811870805076339e-14	True
cg04150495	0.6374383720930232	0.19719230769230767	0.44024606440071556	86	39	9.994649736531526e-15	0.44024606440071556	hypermethylated	5.816801446239852e-14	True
cg22520791	0.29261724137931033	0.7133589743589742	-0.4207417329796639	87	39	1.059990888862544e-14	0.4207417329796639	hypomethylated	6.156014739334902e-14	True
cg21158815	0.2582103448275862	0.631248717948718	-0.37303837312113175	87	39	1.0972775159495432e-14	0.37303837312113175	hypomethylated	6.359116743277205e-14	True
sim0001971	0.19747764705882348	0.1193128205128205	0.07816482654600299	85	39	1.429964468838111e-14	0.07816482654600299	hypermethylated	8.269710307154297e-14	True
cg06974428	0.42025977011494275	0.7869205128205129	-0.36666074270557014	87	39	1.4663048176490845e-14	0.36666074270557014	hypomethylated	8.462057424542091e-14	True
sim0000353	0.8946488372093022	0.9525842105263158	-0.057935373317013594	86	38	1.8203523208719482e-14	0.057935373317013594	hypomethylated	1.0483244917055014e-13	True
cg11536474	0.5632885057471265	0.13772564102564103	0.4255628647214855	87	39	2.036346346386333e-14	0.4255628647214855	hypermethylated	1.1702601283521457e-13	True
sim0000439	0.17961609195402292	0.11982564102564104	0.05979045092838188	87	39	2.464847511258605e-14	0.05979045092838188	hypermethylated	1.4135565998804568e-13	True
sim0000680	0.8356186046511629	0.8893564102564101	-0.05373780560524721	86	39	2.7395866755863114e-14	0.05373780560524721	hypomethylated	1.5678426245490828e-13	True
cg16370398	0.8595127906976747	0.3273692307692308	0.5321435599284439	86	39	2.787444600312197e-14	0.5321435599284439	hypermethylated	1.591914826831103e-13	True
cg21039708	0.6156418604651162	0.19555384615384616	0.42008801431126996	86	39	3.131138528675857e-14	0.42008801431126996	hypermethylated	1.7844891158241867e-13	True
cg13390867	0.70161511627907	0.23354102564102555	0.4680740906380445	86	39	3.233503821802826e-14	0.4680740906380445	hypermethylated	1.839013457244796e-13	True
cg01421252	0.2883735632183908	0.6615512820512819	-0.3731777188328911	87	39	3.299418010556017e-14	0.3731777188328911	hypomethylated	1.872624230371359e-13	True
cg11799593	0.7258604651162789	0.23788205128205123	0.4879784138342277	86	39	3.5781218492672377e-14	0.4879784138342277	hypermethylated	2.0266187051416706e-13	True
sim0000829	0.21520588235294127	0.12665384615384614	0.08855203619909513	85	39	3.825213263892613e-14	0.08855203619909513	hypermethylated	2.1576716295509257e-13	True
sim0000424	0.14081034482758623	0.192451282051282	-0.05164093722369578	87	39	3.825033479979188e-14	0.05164093722369578	hypomethylated	2.1576716295509257e-13	True
cg13387113	0.8854344827586206	0.4084102564102564	0.47702422634836417	87	39	4.287315673662028e-14	0.47702422634836417	hypermethylated	2.413372163022457e-13	True
cg25200152	0.771398837209302	0.22097179487179489	0.5504270423375072	86	39	4.556603265720119e-14	0.5504270423375072	hypermethylated	2.559711486898398e-13	True
sim0001499	0.791558620689655	0.8591027027027026	-0.06754408201304762	87	37	4.7411011627808986e-14	0.06754408201304762	hypomethylated	2.6579193661549243e-13	True
cg17399143	0.38898	0.7652135135135134	-0.3762335135135134	85	37	5.176879290962675e-14	0.3762335135135134	hypomethylated	2.896311081929627e-13	True
cg15411554	0.3597436781609195	0.729048717948718	-0.36930503978779844	87	39	5.6026050059836526e-14	0.36930503978779844	hypomethylated	3.128121128340873e-13	True
cg25881804	0.5462209302325581	0.14541794871794872	0.4008029815146094	86	39	7.243832916288323e-14	0.4008029815146094	hypermethylated	4.0362695783050756e-13	True
cg20150982	0.7702639534883723	0.24333076923076924	0.526933184257603	86	39	8.925032572374728e-14	0.526933184257603	hypermethylated	4.962968517472343e-13	True
sim0001868	0.8872813953488368	0.8047102564102565	0.08257113893858026	86	39	1.1410320321355825e-13	0.08257113893858026	hypermethylated	6.332151499548374e-13	True
sim0000294	0.08326091954022988	0.025469230769230772	0.057791688770999106	87	39	1.1469054804781622e-13	0.057791688770999106	hypermethylated	6.351914021922402e-13	True
cg03502002	0.5802229885057468	0.14080769230769233	0.43941529619805453	87	39	1.4118912314483887e-13	0.43941529619805453	hypermethylated	7.803752943236869e-13	True
cg08380477	0.7074517647058827	0.2347025641025641	0.4727492006033186	85	39	1.4426267152799555e-13	0.4727492006033186	hypermethylated	7.957621660389634e-13	True
cg24281267	0.700614117647059	0.25480263157894734	0.4458114860681117	85	38	1.4994175220341984e-13	0.4458114860681117	hypermethylated	8.25430848302193e-13	True
cg12134633	0.7359895348837211	0.28306410256410247	0.4529254323196186	86	39	1.9481360593869084e-13	0.4529254323196186	hypermethylated	1.0703059510271675e-12	True
cg03738025	0.6855563218390804	0.20431794871794873	0.4812383731211317	87	39	2.7480668093760217e-13	0.4812383731211317	hypermethylated	1.5061765634836133e-12	True
cg13158272	0.7683770114942529	0.34851842105263153	0.4198585904416213	87	38	2.752459537199759e-13	0.4198585904416213	hypermethylated	1.5061765634836133e-12	True
cg11642106	0.6421367816091953	0.2187282051282051	0.4234085764809902	87	39	3.18578915456355e-13	0.4234085764809902	hypermethylated	1.7398335601562765e-12	True
cg02058408	0.6128162790697674	0.2229692307692308	0.3898470483005366	86	39	5.200112478571268e-13	0.3898470483005366	hypermethylated	2.8342676544911255e-12	True
sim0001342	0.17209080459770118	0.10913589743589745	0.06295490716180373	87	39	5.437882976869741e-13	0.06295490716180373	hypermethylated	2.9579929777150848e-12	True
cg15497761	0.774168965517241	0.3103256410256409	0.4638433244916001	87	39	5.996844085756896e-13	0.4638433244916001	hypermethylated	3.2555989532755324e-12	True
sim0000789	0.11172298850574709	0.0409974358974359	0.07072555260831119	87	39	6.364326259485904e-13	0.07072555260831119	hypermethylated	3.4482848589364456e-12	True
sim0001426	0.02202325581395349	0.0804923076923077	-0.0584690518783542	86	39	6.661163485344076e-13	0.0584690518783542	hypomethylated	3.6020110421732632e-12	True
sim0000336	0.9581211764705884	0.897348717948718	0.06077245852187041	85	39	1.18403736690941e-12	0.06077245852187041	hypermethylated	6.390079856385363e-12	True
cg24892966	0.6092597701149423	0.18742820512820513	0.42183156498673713	87	39	1.1922961796501185e-12	0.42183156498673713	hypermethylated	6.422034520586031e-12	True
sim0000637	0.8140517241379314	0.8898743589743591	-0.0758226348364277	87	39	1.255170147576682e-12	0.0758226348364277	hypomethylated	6.747460656346665e-12	True
sim0001963	0.9372195402298851	0.8798538461538457	0.05736569407603942	87	39	1.3691643171352918e-12	0.05736569407603942	hypermethylated	7.34588745931767e-12	True
cg18675097	0.702649425287356	0.29569487179487175	0.4069545534924842	87	39	1.5421378210341004e-12	0.4069545534924842	hypermethylated	8.25561209468235e-12	True
sim0001095	0.34139058823529406	0.27363846153846155	0.0677521266968325	85	39	1.5447341160053614e-12	0.0677521266968325	hypermethylated	8.25561209468235e-12	True
cg18267049	0.5410705882352943	0.1579051282051282	0.3831654600301661	85	39	1.552305561474062e-12	0.3831654600301661	hypermethylated	8.279967723047084e-12	True
sim0001354	0.20996666666666666	0.2716615384615385	-0.06169487179487185	87	39	1.5634678286735246e-12	0.06169487179487185	hypomethylated	8.323345204198008e-12	True
cg09578475	0.6661390804597704	0.20977297297297293	0.4563661074867975	87	37	1.626571760617513e-12	0.4563661074867975	hypermethylated	8.642538929238507e-12	True
sim0000318	0.14263563218390804	0.054184615384615394	0.08845101679929265	87	39	1.6641391714545574e-12	0.08845101679929265	hypermethylated	8.825077806922142e-12	True
cg08732352	0.7237813953488371	0.24920000000000003	0.4745813953488371	86	39	1.6934519163508684e-12	0.4745813953488371	hypermethylated	8.963222378065192e-12	True
sim0002135	0.9408482352941174	0.8347307692307694	0.10611746606334804	85	39	1.970558554782855e-12	0.10611746606334804	hypermethylated	1.0409854519208658e-11	True
cg06173663	0.8308494252873562	0.3979564102564102	0.43289301503094596	87	39	2.0927203270577085e-12	0.43289301503094596	hypermethylated	1.1033978384697746e-11	True
cg00004421	0.7565896551724137	0.33526410256410255	0.42132555260831117	87	39	2.178349123224365e-12	0.42132555260831117	hypermethylated	1.1463457933902932e-11	True
sim0001620	0.21799534883720936	0.07393589743589744	0.14405945140131193	86	39	2.352209198763235e-12	0.14405945140131193	hypermethylated	1.2354720208417987e-11	True
cg26014538	0.7051229885057472	0.2298358974358974	0.4752870910698498	87	39	2.4029066216114098e-12	0.4752870910698498	hypermethylated	1.2572922837269605e-11	True
sim0002315	0.31377241379310344	0.24017948717948714	0.0735929266136163	87	39	2.400347612670345e-12	0.0735929266136163	hypermethylated	1.2572922837269605e-11	True
cg11146691	0.6312034482758618	0.24598205128205125	0.3852213969938106	87	39	2.802466346176569e-12	0.3852213969938106	hypermethylated	1.463569401700957e-11	True
sim0000707	0.4528337209302325	0.3975666666666668	0.05526705426356571	86	39	3.1092220298382823e-12	0.05526705426356571	hypermethylated	1.620689357868266e-11	True
cg15811515	0.6534045977011494	0.22034615384615386	0.4330584438549956	87	39	3.4881517273703907e-12	0.4330584438549956	hypermethylated	1.814763786948194e-11	True
cg08549335	0.18281279069767445	0.6325410256410255	-0.4497282349433511	86	39	3.940556623064896e-12	0.4497282349433511	hypomethylated	2.0462587984043987e-11	True
sim0002137	0.19915977011494254	0.10978717948717949	0.08937259062776305	87	39	4.975373498957747e-12	0.08937259062776305	hypermethylated	2.5787454720069683e-11	True
sim0001973	0.8770252873563218	0.7911999999999998	0.085825287356322	87	39	5.44946373544044e-12	0.085825287356322	hypermethylated	2.8191481885602428e-11	True
cg05968010	0.1870447058823529	0.6325564102564103	-0.4455117043740574	85	39	6.234672558306659e-12	0.4455117043740574	hypomethylated	3.2192942702384196e-11	True
sim0000961	0.3721162790697674	0.31880526315789465	0.05331101591187276	86	38	9.265635530101913e-12	0.05331101591187276	hypermethylated	4.7753660039756015e-11	True
sim0001579	0.08954418604651161	0.19461538461538458	-0.10507119856887297	86	39	9.734137289571025e-12	0.10507119856887297	hypomethylated	5.007429800459102e-11	True
sim0000121	0.10109882352941177	0.04845263157894736	0.05264619195046441	85	38	1.0451386800573793e-11	0.05264619195046441	hypermethylated	5.3663475777899455e-11	True
cg13980454	0.7816931034482759	0.33572820512820517	0.44596489832007075	87	39	1.2221609461951858e-11	0.44596489832007075	hypermethylated	6.263574849250326e-11	True
sim0002187	0.7100500000000002	0.7587692307692309	-0.04871923076923068	86	39	1.5594995270248387e-11	0.04871923076923068	hypomethylated	7.977551584240655e-11	True
cg00406319	0.4448576470588235	0.8043307692307693	-0.35947312217194577	85	39	1.6578547966692866e-11	0.35947312217194577	hypomethylated	8.464920309387603e-11	True
sim0000758	0.6184172413793104	0.7075948717948719	-0.08917763041556148	87	39	1.704786512605856e-11	0.08917763041556148	hypomethylated	8.688401762761201e-11	True
cg20171999	0.2490290697674418	0.6479589743589742	-0.39892990459153244	86	39	1.876263714709174e-11	0.39892990459153244	hypomethylated	9.54462300797426e-11	True
sim0000667	0.9409895348837211	0.9863026315789474	-0.04531309669522632	86	38	1.921614534736029e-11	0.04531309669522632	hypomethylated	9.75725531778165e-11	True
cg15408889	0.2974126436781609	0.6204461538461538	-0.32303351016799287	87	39	1.936154651873687e-11	0.32303351016799287	hypomethylated	9.812946178407784e-11	True
sim0001013	0.173348275862069	0.10674615384615387	0.06660212201591513	87	39	2.041632991601456e-11	0.06660212201591513	hypermethylated	1.0328482187714916e-10	True
sim0001732	0.14228045977011494	0.22135641025641029	-0.07907595048629534	87	39	2.099940945891268e-11	0.07907595048629534	hypomethylated	1.0603929739638442e-10	True
cg09664373	0.8288317647058818	0.3751871794871795	0.4536445852187023	85	39	2.3743970641072934e-11	0.4536445852187023	hypermethylated	1.1967832541472908e-10	True
sim0002299	0.06681379310344829	0.027649999999999997	0.039163793103448294	87	38	2.748109724083624e-11	0.039163793103448294	hypermethylated	1.3826112476296182e-10	True
cg24294041	0.8252574712643678	0.3916184210526316	0.43363905021173615	87	38	3.8804939981027514e-11	0.43363905021173615	hypermethylated	1.9487599657748187e-10	True
cg27549720	0.6818114942528736	0.2725	0.40931149425287355	87	38	4.538933679470315e-11	0.40931149425287355	hypermethylated	2.2752647477198824e-10	True
sim0000634	0.9436264367816094	0.9868342105263157	-0.0432077737447063	87	38	4.62410586877619e-11	0.0432077737447063	hypomethylated	2.3137374902601448e-10	True
cg27092191	0.8323275862068966	0.37963421052631585	0.45269337568058077	87	38	4.874900569505452e-11	0.45269337568058077	hypermethylated	2.43479124807845e-10	True
sim0000444	0.9247999999999998	0.8732128205128203	0.0515871794871795	85	39	4.910980987364079e-11	0.0515871794871795	hypermethylated	2.4483602127566466e-10	True
cg09233392	0.6109988505747126	0.23929743589743588	0.3717014146772767	87	39	6.297160981472154e-11	0.3717014146772767	hypermethylated	3.1337502203086965e-10	True
sim0001437	0.2690211764705883	0.33417435897435904	-0.06515318250377072	85	39	6.424029072961166e-11	0.06515318250377072	hypomethylated	3.1911044960984314e-10	True
cg15215348	0.8623360465116278	0.42605897435897444	0.4362770721526533	86	39	6.645822828252979e-11	0.4362770721526533	hypermethylated	3.295320452926161e-10	True
sim0000190	0.08387471264367813	0.03502307692307692	0.04885163572060121	87	39	7.366920568441205e-11	0.04885163572060121	hypermethylated	3.6462938381095476e-10	True
sim0000260	0.23341264367816092	0.14421282051282053	0.08919982316534039	87	39	7.384612018713158e-11	0.08919982316534039	hypermethylated	3.648476477590835e-10	True
cg23605961	0.703119540229885	0.3347307692307692	0.36838877099911577	87	39	7.804510287579885e-11	0.36838877099911577	hypermethylated	3.849010728901605e-10	True
sim0002205	0.9378436781609191	0.9828025641025641	-0.04495888594164499	87	39	9.413254123203673e-11	0.04495888594164499	hypomethylated	4.6340876481076143e-10	True
cg23746497	0.7107581395348836	0.3019184210526316	0.40883971848225203	86	38	1.2475566763407024e-10	0.40883971848225203	hypermethylated	6.130658658153684e-10	True
cg00722320	0.6794528735632184	0.23727179487179492	0.4421810786914234	87	39	1.3323185615926634e-10	0.4421810786914234	hypermethylated	6.535498372669725e-10	True
sim0001322	0.012667441860465112	0.08237631578947367	-0.06970887392900856	86	38	1.3394818430066107e-10	0.06970887392900856	hypomethylated	6.558924461210623e-10	True
sim0001596	0.10357411764705882	0.049348717948717945	0.05422539969834087	85	39	1.4391583974076742e-10	0.05422539969834087	hypermethylated	7.034462842844985e-10	True
sim0001273	0.04793255813953487	0.10283333333333335	-0.054900775193798476	86	39	2.0370451589001517e-10	0.054900775193798476	hypomethylated	9.939188368559e-10	True
sim0000130	0.9876609195402297	0.9301384615384615	0.05752245800176825	87	39	2.392437360581361e-10	0.05752245800176825	hypermethylated	1.1652527357299641e-09	True
cg18786593	0.6250517241379309	0.23936410256410257	0.3856876215738283	87	39	2.5519546534070977e-10	0.3856876215738283	hypermethylated	1.2407468022848314e-09	True
cg11686819	0.26122705882352937	0.6853923076923076	-0.42416524886877827	85	39	2.651326130302716e-10	0.42416524886877827	hypomethylated	1.2867831943359649e-09	True
sim0000198	0.3317149425287357	0.21557894736842106	0.11613599516031461	87	38	2.7355721676601203e-10	0.11613599516031461	hypermethylated	1.3253292318452117e-09	True
sim0000623	0.9775367816091953	0.9341692307692306	0.043367550839964686	87	39	2.960849597011727e-10	0.043367550839964686	hypermethylated	1.4319460991181713e-09	True
sim0000334	0.8175402298850575	0.7419102564102563	0.07562997347480116	87	39	3.135076318923632e-10	0.07562997347480116	hypermethylated	1.5135421174135707e-09	True
cg05376227	0.8071931034482758	0.3908794871794872	0.4163136162687886	87	39	3.2591675168420616e-10	0.4163136162687886	hypermethylated	1.5706900296079197e-09	True
sim0001407	0.8394517241379308	0.893625641025641	-0.05417391688771023	87	39	3.863332351439027e-10	0.05417391688771023	hypomethylated	1.858594390438355e-09	True
sim0001644	0.1313206896551724	0.19537368421052634	-0.06405299455535393	87	38	4.3076143500787533e-10	0.06405299455535393	hypomethylated	2.0687091992423664e-09	True
sim0002120	0.9778540229885057	0.9085153846153847	0.06933863837312093	87	39	5.356301208154904e-10	0.06933863837312093	hypermethylated	2.56784632090777e-09	True
cg13539545	0.575671264367816	0.18716923076923078	0.38850203359858526	87	39	5.961647348809009e-10	0.38850203359858526	hypermethylated	2.853074088358597e-09	True
sim0000688	0.02096091954022988	0.06215128205128204	-0.04119036251105217	87	39	6.37976453784408e-10	0.04119036251105217	hypomethylated	3.0478631626882934e-09	True
cg16536855	0.8056988372093019	0.4565342105263158	0.3491646266829861	86	38	6.543833546580362e-10	0.3491646266829861	hypermethylated	3.1208178389681e-09	True
sim0001277	0.13345172413793113	0.2302102564102564	-0.09675853227232525	87	39	7.086729816299644e-10	0.09675853227232525	hypomethylated	3.3738729298743716e-09	True
cg18789918	0.8560977011494254	0.43067894736842094	0.42541875378100447	87	38	7.405889522345816e-10	0.42541875378100447	hypermethylated	3.51971946676193e-09	True
sim0001531	0.8628747126436783	0.946279487179487	-0.08340477453580863	87	39	7.551961289285168e-10	0.08340477453580863	hypomethylated	3.582942601324069e-09	True
sim0000467	0.6013344827586207	0.664825641025641	-0.06349115826702034	87	39	7.977052852221598e-10	0.06349115826702034	hypomethylated	3.7780972732849535e-09	True
sim0002248	0.19458139534883723	0.24283076923076918	-0.048249373881931956	86	39	1.3493611803538795e-09	0.048249373881931956	hypomethylated	6.379853980089685e-09	True
sim0000621	0.8779547619047624	0.9398846153846153	-0.061929853479852914	84	39	1.6433121083639326e-09	0.061929853479852914	hypomethylated	7.756320209064816e-09	True
sim0001544	0.8941942528735637	0.9596230769230766	-0.06542882404951289	87	39	1.7415200177541357e-09	0.06542882404951289	hypomethylated	8.205755555352677e-09	True
sim0001894	0.526887356321839	0.47787948717948725	0.04900786914235178	87	39	2.0244097238577285e-09	0.04900786914235178	hypermethylated	9.522351903145856e-09	True
cg15959252	0.8109104651162791	0.3708131578947369	0.44009730722154217	86	38	2.043109118730174e-09	0.44009730722154217	hypermethylated	9.59388162248169e-09	True
sim0002260	0.1835724137931034	0.08416410256410255	0.09940831122900086	87	39	2.1719668436136285e-09	0.09940831122900086	hypermethylated	1.018155788294648e-08	True
sim0001234	0.9890126436781609	0.9116692307692303	0.07734341290893054	87	39	2.2756181083334913e-09	0.07734341290893054	hypermethylated	1.0649272476306815e-08	True
cg10528576	0.7713662790697673	0.35329487179487185	0.41807140727489545	86	39	2.457866866545466e-09	0.41807140727489545	hypermethylated	1.1482585514286386e-08	True
sim0002138	0.07095862068965517	0.019836842105263156	0.051121778584392014	87	38	2.9707549776057056e-09	0.051121778584392014	hypermethylated	1.3855117017797747e-08	True
sim0001514	0.13512790697674412	0.06892105263157895	0.06620685434516517	86	38	3.040375914590649e-09	0.06620685434516517	hypermethylated	1.415578413115341e-08	True
sim0001380	0.9316908045977013	0.794	0.13769080459770122	87	38	3.1755226759682003e-09	0.13769080459770122	hypermethylated	1.4760001338214292e-08	True
sim0000174	0.17457126436781611	0.11633421052631576	0.05823705384150035	87	38	3.33715450742994e-09	0.05823705384150035	hypermethylated	1.5485073364712915e-08	True
sim0001475	0.2161413793103449	0.11180769230769229	0.10433368700265262	87	39	3.505849429735003e-09	0.10433368700265262	hypermethylated	1.6240418859160295e-08	True
sim0001082	0.8260126436781607	0.9139763157894738	-0.08796367211131306	87	38	4.080252337010636e-09	0.08796367211131306	hypomethylated	1.886944978075457e-08	True
sim0001177	0.07682413793103449	0.17220256410256413	-0.09537842617152964	87	39	4.613841749731811e-09	0.09537842617152964	hypomethylated	2.130121560758535e-08	True
sim0000182	0.88357816091954	0.9698435897435898	-0.08626542882404975	87	39	5.4450841916620025e-09	0.08626542882404975	hypomethylated	2.5096721937073023e-08	True
sim0000412	0.05600000000000001	0.1564025641025641	-0.10040256410256408	87	39	5.515679566662424e-09	0.10040256410256408	hypomethylated	2.5379517202046363e-08	True
sim0000513	0.6297678160919543	0.48449230769230783	0.14527550839964648	87	39	6.42513392370631e-09	0.14527550839964648	hypermethylated	2.9514787438831493e-08	True
sim0002161	0.9652872093023253	0.9240351351351354	0.0412520741671899	86	37	6.605355159304546e-09	0.0412520741671899	hypermethylated	3.029200437831317e-08	True
sim0001975	0.7874517241379313	0.8582846153846153	-0.07083289124668402	87	39	7.658675742119693e-09	0.07083289124668402	hypomethylated	3.506397043933799e-08	True
cg18121066	0.695435294117647	0.3263135135135135	0.36912178060413353	85	37	8.101536513420352e-09	0.36912178060413353	hypermethylated	3.70298183067649e-08	True
sim0000635	0.18923333333333334	0.12485897435897435	0.06437435897435899	87	39	8.158350130506317e-09	0.06437435897435899	hypermethylated	3.7227554499170854e-08	True
sim0000034	0.25129882352941174	0.19356315789473688	0.05773566563467486	85	38	8.355156384808761e-09	0.05773566563467486	hypermethylated	3.8062379086351024e-08	True
sim0002218	0.1536176470588235	0.07139999999999999	0.0822176470588235	85	39	1.1346916419375259e-08	0.0822176470588235	hypermethylated	5.160592616560238e-08	True
sim0002181	0.11268720930232563	0.03585897435897436	0.07682823494335128	86	39	1.2548492512957985e-08	0.07682823494335128	hypermethylated	5.6976378401810885e-08	True
sim0001213	0.16238965517241383	0.27079743589743593	-0.10840778072502211	87	39	1.2944802895308805e-08	0.10840778072502211	hypomethylated	5.8678834246556586e-08	True
sim0000349	0.6203162790697678	0.6831000000000002	-0.06278372093023232	86	39	1.5292186692646785e-08	0.06278372093023232	hypomethylated	6.920533252833727e-08	True
sim0001374	0.17891264367816095	0.10371794871794872	0.07519469496021224	87	39	1.7924095557493593e-08	0.07519469496021224	hypermethylated	8.098271463229424e-08	True
sim0002097	0.9451290697674415	0.8745794871794869	0.07054958258795463	86	39	2.3659157093542557e-08	0.07054958258795463	hypermethylated	1.0671872666003515e-07	True
sim0000672	0.2312367816091953	0.29310769230769235	-0.06187091069849704	87	39	2.475957181879214e-08	0.06187091069849704	hypomethylated	1.1149925210856068e-07	True
sim0000542	0.8635917647058823	0.9140410256410255	-0.050449260935143236	85	39	2.7195064866324662e-08	0.050449260935143236	hypomethylated	1.2226651912895883e-07	True
sim0000184	0.1998104651162791	0.11648461538461535	0.08332584973166374	86	39	3.0403415281890124e-08	0.08332584973166374	hypermethylated	1.3646761728652315e-07	True
sim0001250	0.8061241379310345	0.838794871794872	-0.03267073386383745	87	39	3.278831460361678e-08	0.03267073386383745	hypomethylated	1.4693230051571824e-07	True
sim0001936	0.7133620689655172	0.7990666666666667	-0.08570459770114947	87	39	3.324334670843802e-08	0.08570459770114947	hypomethylated	1.4872878405224633e-07	True
sim0000531	0.8499126436781611	0.8966615384615386	-0.046748894783377515	87	39	3.477649411457725e-08	0.046748894783377515	hypomethylated	1.5533500704511174e-07	True
sim0002274	0.8548166666666662	0.9040128205128206	-0.04919615384615439	84	39	3.5087138069730663e-08	0.04919615384615439	hypomethylated	1.5646813032069826e-07	True
sim0000232	0.0812379310344828	0.18338378378378375	-0.10214585274930095	87	37	4.0282987642509454e-08	0.10214585274930095	hypomethylated	1.7934743444728277e-07	True
sim0001295	0.39391494252873566	0.4590512820512822	-0.06513633952254655	87	39	5.60273205532034e-08	0.06513633952254655	hypomethylated	2.4904053326804166e-07	True
cg19760241	0.6567540229885059	0.3031179487179488	0.35363607427055715	87	39	5.656489638187658e-08	0.35363607427055715	hypermethylated	2.507642012257404e-07	True
sim0001467	0.577581395348837	0.5258564102564104	0.05172498509242662	86	39	5.659767191844159e-08	0.05172498509242662	hypermethylated	2.507642012257404e-07	True
sim0001750	0.20607411764705874	0.08712051282051284	0.1189536048265459	85	39	5.7779929578519757e-08	0.1189536048265459	hypermethylated	2.5559012327245376e-07	True
sim0001786	0.7357511627906977	0.8193948717948718	-0.08364370900417406	86	39	6.570314797985738e-08	0.08364370900417406	hypomethylated	2.897340266973744e-07	True
sim0001278	0.2882896551724138	0.2477076923076924	0.04058196286472138	87	39	6.570960998633573e-08	0.04058196286472138	hypermethylated	2.897340266973744e-07	True
cg25731211	0.34410919540229884	0.6747769230769232	-0.3306677276746243	87	39	7.192357657735083e-08	0.3306677276746243	hypomethylated	3.166251039390749e-07	True
sim0001537	0.906934117647059	0.9480846153846153	-0.0411504977375563	85	39	8.440327052482015e-08	0.0411504977375563	hypomethylated	3.709692546106895e-07	True
sim0000555	0.8850126436781609	0.9637666666666667	-0.07875402298850576	87	39	8.865191127046126e-08	0.07875402298850576	hypomethylated	3.8902044769961195e-07	True
sim0002219	0.9789720930232557	0.8929256410256409	0.08604645199761485	86	39	9.121068565140652e-08	0.08604645199761485	hypermethylated	3.9961045212825155e-07	True
sim0000158	0.09986705882352939	0.16941315789473682	-0.06954609907120743	85	38	9.143590070479266e-08	0.06954609907120743	hypomethylated	3.999592662994672e-07	True
sim0001924	0.893138372093023	0.8285358974358974	0.06460247465712565	86	39	1.083281252170892e-07	0.06460247465712565	hypermethylated	4.730959617986392e-07	True
sim0002277	0.9355574712643675	0.889946153846154	0.04561131741821345	87	39	1.451499412847859e-07	0.04561131741821345	hypermethylated	6.328998233481061e-07	True
sim0001231	0.29088160919540224	0.2117897435897436	0.07909186560565865	87	39	1.6638765715681742e-07	0.07909186560565865	hypermethylated	7.243532396351465e-07	True
sim0001417	0.8065267441860465	0.8511179487179487	-0.04459120453190213	86	39	1.8658165109773085e-07	0.04459120453190213	hypomethylated	8.109806891858648e-07	True
sim0000886	0.05703563218390802	0.12575384615384616	-0.06871821396993814	87	39	2.2494976263181924e-07	0.06871821396993814	hypomethylated	9.762037882300275e-07	True
sim0002105	0.07254482758620692	0.1637589743589744	-0.09121414677276748	87	39	2.2777138839279937e-07	0.09121414677276748	hypomethylated	9.86889596080473e-07	True
sim0000751	0.8810781609195402	0.9323564102564103	-0.051278249336870085	87	39	2.3934732660752435e-07	0.051278249336870085	hypomethylated	1.0354127656549124e-06	True
sim0000133	0.24466046511627904	0.2849205128205129	-0.04026004770423386	86	39	2.4447602139831406e-07	0.04026004770423386	hypomethylated	1.0559365263854854e-06	True
sim0000471	0.9111574712643681	0.9693499999999999	-0.058192528735631854	87	38	3.0273677193499945e-07	0.058192528735631854	hypomethylated	1.3055226255972426e-06	True
sim0000686	0.21889655172413788	0.1591578947368421	0.059738656987295774	87	38	3.1549148013004073e-07	0.059738656987295774	hypermethylated	1.358393567268373e-06	True
sim0000652	0.030822093023255816	0.1736128205128205	-0.1427907274895647	86	39	3.2663235047226397e-07	0.1427907274895647	hypomethylated	1.4041612938142552e-06	True
sim0001602	0.8897988505747122	0.9623282051282052	-0.07252935455349296	87	39	3.567854897118373e-07	0.07252935455349296	hypomethylated	1.5313902191225265e-06	True
sim0000678	0.29996705882352953	0.2390564102564103	0.060910648567119224	85	39	3.6151851402553665e-07	0.060910648567119224	hypermethylated	1.549284489903509e-06	True
sim0001802	0.21170574712643675	0.13802564102564102	0.07368010610079573	87	39	4.2639942689380885e-07	0.07368010610079573	hypermethylated	1.8244847751982756e-06	True
sim0000063	0.15949186046511635	0.1247102564102564	0.034781604054859944	86	39	5.180526025972807e-07	0.034781604054859944	hypermethylated	2.2132045090742306e-06	True
sim0000970	0.8301662790697673	0.7576666666666666	0.07249961240310066	86	39	5.216629771603159e-07	0.07249961240310066	hypermethylated	2.2251680097195462e-06	True
sim0000431	0.9546494252873565	0.8745500000000002	0.08009942528735636	87	38	6.607041571239869e-07	0.08009942528735636	hypermethylated	2.8138826660768867e-06	True
sim0000219	0.2663953488372093	0.21899473684210521	0.047400611995104064	86	38	1.1881446050139492e-06	0.047400611995104064	hypermethylated	5.052373421011329e-06	True
sim0002356	0.014001149425287358	0.05085641025641026	-0.0368552608311229	87	39	1.3066893506888794e-06	0.0368552608311229	hypomethylated	5.547875805784161e-06	True
sim0000487	0.27246162790697664	0.22104999999999997	0.051411627906976676	86	38	1.3165146011453974e-06	0.051411627906976676	hypermethylated	5.580965446522233e-06	True
sim0001143	0.8962755813953489	0.9580743589743589	-0.06179877757900998	86	39	1.408934536080143e-06	0.06179877757900998	hypomethylated	5.963548799094227e-06	True
sim0001916	0.6109732558139532	0.6739641025641026	-0.06299084675014932	86	39	1.5581187960590422e-06	0.06299084675014932	hypomethylated	6.584849742729522e-06	True
sim0000171	0.08855697674418607	0.049912820512820526	0.038644156231365544	86	39	1.6080299739784881e-06	0.038644156231365544	hypermethylated	6.7853430699215154e-06	True
sim0001373	0.058990697674418606	0.15338974358974358	-0.09439904591532497	86	39	2.0853611257189475e-06	0.09439904591532497	hypomethylated	8.786023025076608e-06	True
sim0000086	0.8290229885057465	0.7725538461538463	0.05646914235190026	87	39	2.2367104182737505e-06	0.05646914235190026	hypermethylated	9.4092550061225e-06	True
sim0000523	0.7535632183908046	0.8016307692307691	-0.0480675508399645	87	39	2.38372487153625e-06	0.0480675508399645	hypomethylated	1.0012373428302873e-05	True
sim0001328	0.9937436781609196	0.9525871794871795	0.04115649867374005	87	39	2.6527427527097354e-06	0.04115649867374005	hypermethylated	1.1125319605639149e-05	True
sim0001103	0.14729310344827584	0.21075384615384612	-0.06346074270557028	87	39	2.8050726767251267e-06	0.06346074270557028	hypomethylated	1.1746241833786468e-05	True
sim0000253	0.7247919540229885	0.7937564102564101	-0.06896445623342162	87	39	2.8484061219360974e-06	0.06896445623342162	hypomethylated	1.190954584011942e-05	True
sim0000603	0.7672045977011495	0.8174769230769231	-0.05027232537577364	87	39	3.1062783898183715e-06	0.05027232537577364	hypomethylated	1.296800415931773e-05	True
sim0000168	0.12796321839080466	0.07010769230769233	0.05785552608311233	87	39	3.2874503594094823e-06	0.05785552608311233	hypermethylated	1.370352979863103e-05	True
sim0000723	0.04800813953488373	0.10071538461538462	-0.05270724508050089	86	39	3.6512144322051668e-06	0.05270724508050089	hypomethylated	1.5196797038284232e-05	True
cg14644001	0.7278160919540232	0.42675384615384604	0.30106224580017715	87	39	3.8142479459009292e-06	0.30106224580017715	hypermethylated	1.5851345094387068e-05	True
sim0002123	0.863896551724138	0.91644358974359	-0.05254703801945193	87	39	4.164313722977638e-06	0.05254703801945193	hypomethylated	1.728001479912322e-05	True
sim0001685	0.03437558139534884	0.12174210526315785	-0.087366523867809	86	38	4.496486820611972e-06	0.087366523867809	hypomethylated	1.8630240265793497e-05	True
sim0000964	0.7786604651162787	0.8370846153846154	-0.058424150268336694	86	39	4.711212256789855e-06	0.058424150268336694	hypomethylated	1.949051215271345e-05	True
sim0001416	0.841228735632184	0.8075512820512821	0.033677453580901906	87	39	4.951730565113172e-06	0.033677453580901906	hypermethylated	2.045474265017426e-05	True
sim0001157	0.07434827586206899	0.04027435897435897	0.03407391688771002	87	39	5.452147341453682e-06	0.03407391688771002	hypermethylated	2.248806118164154e-05	True
sim0001345	0.17433908045977015	0.14225526315789475	0.0320838173018754	87	38	5.749853880409812e-06	0.0320838173018754	hypermethylated	2.368043269787969e-05	True
sim0001323	0.8115712643678161	0.7702128205128204	0.04135844385499576	87	39	5.791334855952661e-06	0.04135844385499576	hypermethylated	2.3815564145661618e-05	True
sim0001456	0.8281287356321839	0.9263102564102562	-0.0981815207780723	87	39	6.198567844089431e-06	0.0981815207780723	hypomethylated	2.545211639419083e-05	True
sim0000011	0.8731390804597697	0.9175769230769232	-0.044437842617153445	87	39	6.4018474125480175e-06	0.044437842617153445	hypomethylated	2.6247574391446873e-05	True
sim0000364	0.20895294117647054	0.1490282051282051	0.059924736048265426	85	39	6.531364668072021e-06	0.059924736048265426	hypermethylated	2.6738686651555653e-05	True
sim0001793	0.7116	0.7594105263157895	-0.047810526315789525	87	38	8.036096482280053e-06	0.047810526315789525	hypomethylated	3.284993606670135e-05	True
sim0000547	0.7576528735632184	0.8328076923076924	-0.07515481874447394	87	39	8.287791575399379e-06	0.07515481874447394	hypomethylated	3.3828474677001626e-05	True
sim0002136	0.9111448275862074	0.9655743589743592	-0.054429531388151764	87	39	8.333547201713467e-06	0.054429531388151764	hypomethylated	3.396476878799242e-05	True
sim0001749	0.7124058139534881	0.6540666666666666	0.05833914728682155	86	39	8.987548827385147e-06	0.05833914728682155	hypermethylated	3.657599500566963e-05	True
sim0001504	0.9463744186046511	0.9765717948717947	-0.030197376267143583	86	39	9.41974209728527e-06	0.030197376267143583	hypomethylated	3.8278153167518696e-05	True
sim0001872	0.745782558139535	0.6783763157894737	0.06740624235006132	86	38	9.566040024449187e-06	0.06740624235006132	hypermethylated	3.88152318274179e-05	True
sim0002033	0.9935988505747126	0.8983289473684212	0.09526990320629147	87	38	1.1321402128046344e-05	0.09526990320629147	hypermethylated	4.587004667513762e-05	True
sim0001431	0.7490206896551725	0.8210947368421053	-0.07207404718693278	87	38	1.2837904216361634e-05	0.07207404718693278	hypomethylated	5.193773620374876e-05	True
sim0001446	0.05894252873563221	0.029810256410256412	0.029132272325375796	87	39	1.4634530921264984e-05	0.029132272325375796	hypermethylated	5.911920064811017e-05	True
sim0001835	0.7242425287356321	0.820497435897436	-0.09625490716180385	87	39	1.4877880713922889e-05	0.09625490716180385	hypomethylated	6.0014006345295415e-05	True
sim0001113	0.04865697674418604	0.025428205128205133	0.023228771615980904	86	39	1.567962103578499e-05	0.023228771615980904	hypermethylated	6.315530643006066e-05	True
sim0000042	0.008233720930232558	0.038153846153846156	-0.0299201252236136	86	39	1.611881679201632e-05	0.0299201252236136	hypomethylated	6.48292675368504e-05	True
sim0000735	0.2406563218390805	0.21251025641025642	0.028146065428824085	87	39	1.722816262398075e-05	0.028146065428824085	hypermethylated	6.91897115907531e-05	True
sim0001511	0.7904494252873564	0.877328205128205	-0.08687877984084857	87	39	1.7490778729348563e-05	0.08687877984084857	hypomethylated	7.014185280221972e-05	True
sim0001011	0.2881850574712644	0.36500769230769237	-0.07682263483642798	87	39	2.246618060791296e-05	0.07682263483642798	hypomethylated	8.996297103489345e-05	True
sim0001516	0.25320344827586205	0.15538205128205124	0.09782139699381082	87	39	2.2699133269370255e-05	0.09782139699381082	hypermethylated	9.076349212657946e-05	True
sim0000997	0.926151724137931	0.9781307692307692	-0.05197904509283824	87	39	2.324520135714374e-05	0.05197904509283824	hypomethylated	9.281187227917711e-05	True
sim0000407	0.9929413793103449	0.9652578947368419	0.027683484573503003	87	38	2.3885749231367973e-05	0.027683484573503003	hypermethylated	9.523099149284153e-05	True
sim0001368	0.9522287356321838	0.8944846153846152	0.05774412024756859	87	39	2.4576374249092328e-05	0.05774412024756859	hypermethylated	9.784246385834293e-05	True
sim0002400	0.8788241379310342	0.9242589743589742	-0.045434836427939995	87	39	2.796286923565696e-05	0.045434836427939995	hypomethylated	0.00011116353370528172	True
sim0000676	0.016904597701149424	0.05683076923076923	-0.03992617152961981	87	39	2.8580853407337532e-05	0.03992617152961981	hypomethylated	0.00011345607559242225	True
cg01808879	0.30991149425287345	0.5232461538461539	-0.21333465959328046	87	39	3.1246391369682456e-05	0.21333465959328046	hypomethylated	0.00012385835078285385	True
sim0000374	0.8249344827586209	0.7826897435897436	0.04224473916887728	87	39	3.3441998015535835e-05	0.04224473916887728	hypermethylated	0.00013237055986841057	True
sim0001737	0.09765747126436787	0.13389743589743588	-0.036239964633068014	87	39	3.55966046085314e-05	0.036239964633068014	hypomethylated	0.00014069621994192196	True
sim0000454	0.21727906976744177	0.26307179487179483	-0.04579272510435306	86	39	3.9211366036028135e-05	0.04579272510435306	hypomethylated	0.00015476095186920874	True
sim0002144	0.05018620689655173	0.09841025641025643	-0.048224049513704695	87	39	4.1497122154277984e-05	0.048224049513704695	hypomethylated	0.0001635474814315662	True
sim0001436	0.8615620689655171	0.9012526315789473	-0.03969056261343018	87	38	4.279851235207443e-05	0.03969056261343018	hypomethylated	0.00016843483299591467	True
sim0001808	0.00951609195402299	0.044566666666666664	-0.035050574712643674	87	39	4.802084403839615e-05	0.035050574712643674	hypomethylated	0.00018871710811655824	True
sim0000639	0.25355294117647065	0.2984435897435898	-0.04489064856711916	85	39	4.918407052037926e-05	0.04489064856711916	hypomethylated	0.00019301234531354547	True
sim0001645	0.965297701149425	0.8768512820512822	0.08844641909814288	87	39	5.455613334475927e-05	0.08844641909814288	hypermethylated	0.0002137884426505759	True
sim0000620	0.9816379310344826	0.9216846153846154	0.05995331564986717	87	39	6.344194782197247e-05	0.05995331564986717	hypermethylated	0.00024825502944011166	True
sim0000791	0.20799425287356332	0.15927179487179485	0.04872245800176847	87	39	7.050443176046499e-05	0.04872245800176847	hypermethylated	0.0002754988251009919	True
sim0000885	0.2931488372093024	0.22419743589743588	0.06895140131186653	86	39	8.160512000534506e-05	0.06895140131186653	hypermethylated	0.00031842225092994724	True
sim0001907	0.8786395348837212	0.9315051282051281	-0.052865593321406945	86	39	8.174976287586402e-05	0.052865593321406945	hypomethylated	0.00031853418243971414	True
sim0001267	0.6196372093023257	0.6538230769230771	-0.034185867620751376	86	39	8.346215417767666e-05	0.034185867620751376	hypomethylated	0.00032474580386129994	True
sim0000902	0.8990471264367816	0.9563846153846154	-0.05733748894783375	87	39	0.00010033939786886348	0.05733748894783375	hypomethylated	0.0003898618471651598	True
sim0001619	0.9115724137931037	0.8449153846153846	0.0666570291777191	87	39	0.00011706925128341011	0.0666570291777191	hypermethylated	0.0004542220808976378	True
sim0001712	0.285512643678161	0.2370589743589744	0.04845366931918657	87	39	0.00012041238340011786	0.04845366931918657	hypermethylated	0.0004665342978845187	True
sim0000819	0.9189264367816093	0.8440692307692308	0.07485720601237855	87	39	0.00012772921041127327	0.07485720601237855	hypermethylated	0.0004941861140841798	True
sim0000804	0.1522149425287356	0.06142820512820514	0.09078673740053046	87	39	0.00012897031490050837	0.09078673740053046	hypermethylated	0.0004982861533497841	True
sim0001050	0.22747558139534899	0.20354615384615385	0.023929427549195137	86	39	0.00013233329943720097	0.023929427549195137	hypermethylated	0.0005105611988117852	True
sim0000450	0.896081395348837	0.9383763157894736	-0.04229492044063654	86	38	0.00013498247219412046	0.04229492044063654	hypomethylated	0.0005200516845964221	True
sim0002006	0.8132275862068964	0.9092487179487176	-0.09602113174182125	87	39	0.00013796064389258556	0.09602113174182125	hypomethylated	0.0005300390052768287	True
sim0001154	0.1421517241379311	0.172625641025641	-0.030473916887709923	87	39	0.00013782849620953065	0.030473916887709923	hypomethylated	0.0005300390052768287	True
sim0000537	0.6163770114942532	0.683325641025641	-0.0669486295313878	87	39	0.0001742595754633103	0.0669486295313878	hypomethylated	0.0006685629242984824	True
sim0002130	0.886189655172414	0.9246897435897434	-0.03850008841732944	87	39	0.00018163402176720294	0.03850008841732944	hypomethylated	0.0006958837626143744	True
sim0001688	0.5799620689655172	0.6180820512820513	-0.03811998231653413	87	39	0.00018261747490055051	0.03811998231653413	hypomethylated	0.000698677163721187	True
sim0000720	0.3530011627906976	0.38089487179487175	-0.02789370900417415	86	39	0.00018764520349845654	0.02789370900417415	hypomethylated	0.0007169142893049516	True
sim0002151	0.12362988505747122	0.07031538461538461	0.053314500442086604	87	39	0.00019182874750546332	0.053314500442086604	hypermethylated	0.0007313708691519745	True
sim0001156	0.7427356321839078	0.7023205128205127	0.04041511936339515	87	39	0.0001919615568469507	0.04041511936339515	hypermethylated	0.0007313708691519745	True
sim0000700	0.10923448275862074	0.1393184210526316	-0.030083938294010848	87	38	0.00019223355205414642	0.030083938294010848	hypomethylated	0.000731392752760028	True
sim0001592	0.009348275862068964	0.05074615384615385	-0.04139787798408488	87	39	0.00020243060790501463	0.04139787798408488	hypomethylated	0.0007691243152352353	True
sim0000528	0.9112068965517238	0.8703512820512821	0.04085561450044173	87	39	0.0002030740841810703	0.04085561450044173	hypermethylated	0.0007705034658085637	True
sim0000109	0.6175447058823529	0.6566210526315792	-0.03907634674922633	85	38	0.00021958858804691016	0.03907634674922633	hypomethylated	0.0008320135880894651	True
sim0002064	0.7000149425287353	0.7322076923076922	-0.03219274977895692	87	39	0.00022355842546681752	0.03219274977895692	hypomethylated	0.000845888422530782	True
sim0000647	0.5537850574712644	0.6170435897435897	-0.06325853227232536	87	39	0.00023756264737573613	0.06325853227232536	hypomethylated	0.0008976404296301887	True
sim0000280	0.10574883720930231	0.06657948717948718	0.03916935002981513	86	39	0.0002892182090004467	0.03916935002981513	hypermethylated	0.0010913220056651472	True
sim0001039	0.04526551724137931	0.09288157894736843	-0.047616061705989116	87	38	0.0003147265102350186	0.047616061705989116	hypomethylated	0.0011859447511873746	True
sim0002291	0.7278678160919542	0.6878948717948717	0.039972944297082424	87	39	0.00032198473350896335	0.039972944297082424	hypermethylated	0.0012116329629440032	True
sim0001862	0.6440931034482758	0.6900743589743591	-0.04598125552608334	87	39	0.00035732631428800793	0.04598125552608334	hypomethylated	0.0013427843848825688	True
sim0000125	0.1470298850574713	0.1841128205128205	-0.037082935455349186	87	39	0.0003807152199347956	0.037082935455349186	hypomethylated	0.001428722280274431	True
sim0001332	0.006859770114942529	0.05393589743589745	-0.04707612732095492	87	39	0.0003909288942600223	0.04707612732095492	hypomethylated	0.0014650500307398107	True
sim0000904	0.019568965517241386	0.044989743589743586	-0.0254207780725022	87	39	0.0003929644318456244	0.0254207780725022	hypomethylated	0.0014706720630516762	True
sim0000083	0.11319080459770114	0.14731351351351352	-0.03412270891581237	87	37	0.0004135767189677322	0.03412270891581237	hypomethylated	0.0015457078190535514	True
sim0002030	0.9948172413793105	0.9698081081081081	0.025009133271202355	87	37	0.00044917433001800364	0.025009133271202355	hypermethylated	0.001676469951847087	True
sim0001350	0.9420689655172416	0.983902564102564	-0.04183359858532243	87	39	0.00045018347427498717	0.04183359858532243	hypomethylated	0.001677956585934043	True
sim0002070	0.6196758620689653	0.7377589743589746	-0.11808311229000934	87	39	0.0004625385064025858	0.11808311229000934	hypomethylated	0.0017216711071651805	True
sim0000966	0.013790804597701146	0.06483076923076923	-0.05103996463306809	87	39	0.0004958927021738593	0.05103996463306809	hypomethylated	0.001843325105374278	True
sim0000062	0.7960643678160922	0.7323871794871797	0.06367718832891256	87	39	0.0005712726415499401	0.06367718832891256	hypermethylated	0.0021206566842401154	True
sim0000498	0.16991046511627908	0.13784102564102563	0.03206943947525345	86	39	0.000657359611102776	0.03206943947525345	hypermethylated	0.002436932323480871	True
sim0002005	0.8127666666666665	0.7732025641025639	0.03956410256410259	87	39	0.0006642485985232866	0.03956410256410259	hypermethylated	0.002459152156527585	True
sim0000058	0.8193390804597702	0.755651282051282	0.06368779840848826	87	39	0.0006707831746109147	0.06368779840848826	hypermethylated	0.002480001858218281	True
sim0001654	0.7865103448275862	0.8321846153846153	-0.045674270557029106	87	39	0.0006881261767072309	0.045674270557029106	hypomethylated	0.0025407024293209184	True
sim0001710	0.8695825581395348	0.8319358974358974	0.037646660703637425	86	39	0.0007783203789510201	0.037646660703637425	hypermethylated	0.0028698605113804724	True
sim0001582	0.11526279069767441	0.16281538461538467	-0.04755259391771026	86	39	0.0007812028485019207	0.04755259391771026	hypomethylated	0.002876627647231603	True
sim0000231	0.6891046511627903	0.7363692307692309	-0.04726457960644059	86	39	0.0007990414329227698	0.04726457960644059	hypomethylated	0.0029383759253532107	True
sim0000668	0.5439586206896552	0.4181605263157895	0.1257980943738657	87	38	0.0008561984798438457	0.1257980943738657	hypermethylated	0.0031443545777152995	True
sim0000151	0.16011379310344823	0.11513333333333335	0.044980459770114875	87	39	0.00085889263815843	0.044980459770114875	hypermethylated	0.0031500374860096224	True
sim0001999	0.12181294117647062	0.21991052631578953	-0.0980975851393189	85	38	0.0008713754844298633	0.0980975851393189	hypomethylated	0.0031915579409717795	True
sim0000509	0.9969662790697673	0.9759512820512819	0.021014997018485415	86	39	0.0008741434650477956	0.021014997018485415	hypermethylated	0.003197432887465106	True
sim0000127	0.10860919540229882	0.06805789473684211	0.040551300665456716	87	38	0.0010395317879948588	0.040551300665456716	hypermethylated	0.00379733220960356	True
sim0002021	0.07534137931034482	0.03698157894736842	0.0383598003629764	87	38	0.0010495994172907163	0.0383598003629764	hypermethylated	0.003829016732134924	True
sim0001204	0.6525827586206898	0.7531589743589744	-0.10057621573828457	87	39	0.001278291409337864	0.10057621573828457	hypomethylated	0.004657117375929857	True
sim0002164	0.8347218390804595	0.8936763157894736	-0.0589544767090141	87	38	0.0012941310132802133	0.0589544767090141	hypomethylated	0.004708579991365226	True
sim0001297	0.7749103448275863	0.7930421052631579	-0.01813176043557163	87	38	0.0013410452253118038	0.01813176043557163	hypomethylated	0.004872819092502017	True
sim0000908	0.1226471264367816	0.07313589743589742	0.049511229000884185	87	39	0.0014487153281320234	0.049511229000884185	hypermethylated	0.005257095120711583	True
sim0000004	0.7788149425287355	0.8105666666666667	-0.03175172413793115	87	39	0.001529523014435819	0.03175172413793115	hypomethylated	0.005543007547038516	True
sim0002111	0.16922643678160917	0.13001538461538464	0.03921105216622453	87	39	0.0015408863243284215	0.03921105216622453	hypermethylated	0.005576831005178095	True
sim0001366	0.06643333333333333	0.10028717948717948	-0.03385384615384615	87	39	0.0015915848570392417	0.03385384615384615	hypomethylated	0.005752741581956313	True
sim0000122	0.9534655172413791	0.9799538461538461	-0.026488328912466996	87	39	0.0017600382021335757	0.026488328912466996	hypomethylated	0.006353252222419096	True
sim0001107	0.8741574712643679	0.8508894736842104	0.023267997580157518	87	38	0.0018507965727040212	0.023267997580157518	hypermethylated	0.006672097355929063	True
sim0002337	0.18751839080459773	0.15721282051282054	0.03030557029177719	87	39	0.001888209253791976	0.03030557029177719	hypermethylated	0.006798048257099027	True
sim0000046	0.0746094117647059	0.04794102564102562	0.026668386123680277	85	39	0.001894678671562936	0.026668386123680277	hypermethylated	0.006812411401548933	True
sim0000517	0.20351954022988508	0.18227179487179482	0.021247745358090264	87	39	0.0018997021132055854	0.021247745358090264	hypermethylated	0.006821544712386592	True
sim0000150	0.13379883720930233	0.1717157894736842	-0.03791695226438188	86	38	0.0021810144056899515	0.03791695226438188	hypomethylated	0.007821470721188377	True
sim0001607	0.24727011494252873	0.26484102564102574	-0.017570910698497005	87	39	0.002228829506473664	0.017570910698497005	hypomethylated	0.007982522365427843	True
sim0001867	0.011027058823529414	0.03528205128205129	-0.024254992458521873	85	39	0.002433074413411473	0.024254992458521873	hypomethylated	0.008702676319845464	True
sim0002232	0.13688505747126437	0.1088307692307692	0.028054288240495162	87	39	0.002524541241721638	0.028054288240495162	hypermethylated	0.009018094656709153	True
sim0000263	0.013866666666666666	0.040712820512820505	-0.02684615384615384	87	39	0.0027850593623816883	0.02684615384615384	hypomethylated	0.009935789699301945	True
sim0002269	0.1908045977011494	0.20817948717948717	-0.017374889478337763	87	39	0.002816116665826545	0.017374889478337763	hypomethylated	0.01003355704413167	True
sim0000588	0.1335793103448276	0.10734358974358973	0.026235720601237855	87	39	0.0031145306280764415	0.026235720601237855	hypermethylated	0.011082403672702053	True
sim0001255	0.07731609195402303	0.03203076923076923	0.0452853227232538	87	39	0.0032680321817827344	0.0452853227232538	hypermethylated	0.011613563264368914	True
sim0002043	0.6754744186046513	0.6350526315789474	0.04042178702570387	86	38	0.0033854321975344526	0.04042178702570387	hypermethylated	0.01201522254086194	True
sim0000630	0.20734137931034474	0.19104102564102568	0.016300353669319062	87	39	0.0034381782725360845	0.016300353669319062	hypermethylated	0.012186678341492417	True
sim0001071	0.06289885057471266	0.20003684210526312	-0.13713799153055045	87	38	0.00363586201214668	0.13713799153055045	hypomethylated	0.01287076410743161	True
sim0000015	0.05858390804597699	0.02889999999999999	0.029683908045977	87	38	0.0036952232545488877	0.029683908045977	hypermethylated	0.01306406471074105	True
sim0000390	0.9558860465116279	0.9764641025641029	-0.02057805605247498	86	39	0.0039916126780272405	0.02057805605247498	hypomethylated	0.01409377895442266	True
sim0000739	0.017359770114942524	0.07738461538461537	-0.06002484526967285	87	39	0.004121407689589621	0.06002484526967285	hypomethylated	0.014533385010658137	True
sim0000476	0.8029988505747127	0.7506974358974362	0.05230141467727645	87	39	0.004141816357992549	0.05230141467727645	hypermethylated	0.014586627609494272	True
sim0002113	0.8070540229885053	0.8827846153846155	-0.07573059239611024	87	39	0.004230843435360621	0.07573059239611024	hypomethylated	0.014881084400685819	True
sim0002041	0.7766209302325578	0.8323487179487177	-0.05572778771615983	86	39	0.004385578544489989	0.05572778771615983	hypomethylated	0.01540560647278005	True
sim0001059	0.15528372093023257	0.10246153846153844	0.052822182468694134	86	39	0.004410631361316287	0.052822182468694134	hypermethylated	0.015473824201195197	True
sim0000500	0.00838735632183908	0.027948717948717946	-0.019561361626878868	87	39	0.004475674459719952	0.019561361626878868	hypomethylated	0.015681986914350392	True
sim0001412	0.9159287356321836	0.9451384615384615	-0.029209725906277906	87	39	0.004482540356294275	0.029209725906277906	hypomethylated	0.015686036125783915	True
sim0001247	0.9310540229885054	0.9560315789473686	-0.024977555958863196	87	38	0.004541729016855266	0.024977555958863196	hypomethylated	0.015872938434225718	True
sim0002371	0.9676563218390806	0.9209435897435896	0.04671273209549098	87	39	0.004602383200822827	0.04671273209549098	hypermethylated	0.01606448113425706	True
sim0001979	0.10368735632183908	0.07587179487179488	0.0278155614500442	87	39	0.004760881116693678	0.0278155614500442	hypermethylated	0.016596624908067938	True
sim0001803	0.02709058823529412	0.06621282051282051	-0.0391222322775264	85	39	0.0048305140250174345	0.0391222322775264	hypomethylated	0.01681802538241178	True
sim0001122	0.0685850574712644	0.0255	0.0430850574712644	87	38	0.004953996399932931	0.0430850574712644	hypermethylated	0.017226111532425016	True
sim0000338	0.15609080459770117	0.11503589743589743	0.04105490716180374	87	39	0.005099363718565939	0.04105490716180374	hypermethylated	0.01770916831213734	True
sim0000663	0.8065174418604649	0.8476230769230769	-0.041105635062612	86	39	0.005291315601099674	0.041105635062612	hypomethylated	0.01835258075280405	True
sim0000557	0.8530954022988506	0.8334820512820513	0.019613351016799285	87	39	0.005409097030573402	0.019613351016799285	hypermethylated	0.01873743952457142	True
sim0000711	0.8697643678160921	0.9180526315789475	-0.04828826376285533	87	38	0.0055204675820691535	0.04828826376285533	hypomethylated	0.019094313230100413	True
sim0000605	0.2453724137931034	0.27360769230769233	-0.02823527851458893	87	39	0.00552602075643605	0.02823527851458893	hypomethylated	0.019094313230100413	True
sim0001441	0.21275632183908044	0.1751538461538461	0.03760247568523434	87	39	0.006310864432412694	0.03760247568523434	hypermethylated	0.0217788248691428	True
sim0000211	0.9798149425287355	0.9314230769230769	0.04839186560565856	87	39	0.006325296142040076	0.04839186560565856	hypermethylated	0.02180124027877552	True
sim0002092	0.9069448275862074	0.9276999999999999	-0.020755172413792433	87	38	0.006375299366969879	0.020755172413792433	hypomethylated	0.02194604932464443	True
sim0001147	0.20131379310344827	0.17423589743589743	0.02707789566755084	87	39	0.006413682494200732	0.02707789566755084	hypermethylated	0.0220505454462696	True
sim0001548	0.10182790697674422	0.12377435897435901	-0.021946451997614788	86	39	0.006555120928719081	0.021946451997614788	hypomethylated	0.022508646488989145	True
sim0001616	0.237051724137931	0.27843684210526315	-0.04138511796733216	87	38	0.006584601158415899	0.04138511796733216	hypomethylated	0.02258164716874966	True
sim0000200	0.8861632183908046	0.9677948717948718	-0.0816316534040672	87	39	0.006717329219656236	0.0816316534040672	hypomethylated	0.023008108935655462	True
sim0000366	0.1638069767441861	0.18348974358974357	-0.019682766845557476	86	39	0.006778895858816794	0.019682766845557476	hypomethylated	0.023190070889377003	True
sim0000679	0.24659883720930229	0.28118684210526323	-0.03458800489596095	86	38	0.0067933367488347005	0.03458800489596095	hypomethylated	0.023210567225185226	True
sim0002370	0.11857241379310345	0.08644615384615385	0.03212625994694959	87	39	0.006829968465453835	0.03212625994694959	hypermethylated	0.02330673711130644	True
sim0001717	0.16805747126436776	0.1885692307692308	-0.02051175950486303	87	39	0.006848808693876723	0.02051175950486303	hypomethylated	0.023342031615483077	True
sim0002093	0.8812697674418603	0.924428947368421	-0.04315917992656071	86	38	0.0072481725363035855	0.04315917992656071	hypomethylated	0.024672527828037114	True
sim0001969	0.18429080459770117	0.16004871794871794	0.024242086648983224	87	39	0.007305720786411111	0.024242086648983224	hypermethylated	0.024837642327068466	True
sim0002152	0.09076976744186042	0.04481538461538461	0.04595438282647581	86	39	0.007327271192126336	0.04595438282647581	hypermethylated	0.02488011614928436	True
sim0001028	0.128283908045977	0.11016410256410254	0.01811980548187446	87	39	0.007446325590006236	0.01811980548187446	hypermethylated	0.025253156044132256	True
sim0000347	0.9558976744186046	0.9253461538461537	0.03055152057245092	86	39	0.0075477036214541505	0.03055152057245092	hypermethylated	0.02556540301866159	True
sim0000856	0.17054712643678163	0.10805263157894736	0.062494494857834273	87	38	0.008109360845824655	0.062494494857834273	hypermethylated	0.027434007689015178	True
sim0002037	0.9867372093023256	0.9101948717948719	0.07654233750745365	86	39	0.008187436700687455	0.07654233750745365	hypermethylated	0.027630084295808894	True
sim0002262	0.892544705882353	0.8649717948717944	0.027572911010558587	85	39	0.008178814931455381	0.027572911010558587	hypermethylated	0.027630084295808894	True
sim0002122	0.4627988505747126	0.5430923076923077	-0.08029345711759506	87	39	0.009006147804622146	0.08029345711759506	hypomethylated	0.030355690821223354	True
sim0000416	0.8804448275862068	0.8399842105263157	0.040460617059891124	87	38	0.009122684438217172	0.040460617059891124	hypermethylated	0.030710801656596287	True
sim0001861	0.19946744186046514	0.17411282051282048	0.025354621347644657	86	39	0.009264091891912463	0.025354621347644657	hypermethylated	0.03114866637341926	True
sim0002313	0.7995149425287358	0.7107605263157895	0.08875441621294633	87	38	0.00928437250820142	0.08875441621294633	hypermethylated	0.031178693496368332	True
sim0001040	0.6938229885057471	0.7116435897435897	-0.01782060123784257	87	39	0.00980384120486579	0.01782060123784257	hypomethylated	0.032882969218273904	True
sim0002082	0.15557931034482753	0.14189230769230765	0.013687002652519875	87	39	0.010153582821344067	0.013687002652519875	hypermethylated	0.03401450245150262	True
sim0000199	0.9970126436781609	0.9418307692307695	0.05518187444739142	87	39	0.010697377736242542	0.05518187444739142	hypermethylated	0.03579256594574697	True
sim0001470	0.7373448275862068	0.7212184210526317	0.01612640653357511	87	38	0.011828045331368017	0.01612640653357511	hypermethylated	0.03952754321808752	True
sim0000627	0.3576655172413793	0.3225794871794872	0.03508603006189209	87	39	0.01221943194876019	0.03508603006189209	hypermethylated	0.04078588039276335	True
sim0000300	0.1725908045977011	0.15873076923076926	0.013860035366931839	87	39	0.01226254806083846	0.013860035366931839	hypermethylated	0.04088012078048938	True
sim0000128	0.9216505747126438	0.9402717948717949	-0.01862122015915113	87	39	0.012585456546154608	0.01862122015915113	hypomethylated	0.041905756523983886	True
sim0000615	0.8704758620689657	0.9052564102564102	-0.03478054818744458	87	39	0.013812689669635577	0.03478054818744458	hypomethylated	0.04593639046306166	True
sim0001904	0.13891046511627905	0.12283846153846155	0.016072003577817504	86	39	0.013860189265120455	0.016072003577817504	hypermethylated	0.046038621416307005	True
sim0001832	0.8508523255813957	0.8175333333333334	0.03331899224806223	86	39	0.014256573109811382	0.03331899224806223	hypermethylated	0.04729807528098052	True
sim0002179	0.1036558139534884	0.07537435897435897	0.028281454979129428	86	39	0.01446478158438754	0.028281454979129428	hypermethylated	0.04793094693885714	True
sim0001518	0.42297441860465107	0.38473333333333326	0.03824108527131781	86	39	0.014649909167443393	0.03824108527131781	hypermethylated	0.04848590419634578	True
sim0001807	0.18794827586206897	0.2193923076923077	-0.03144403183023872	87	39	0.014702670683194695	0.03144403183023872	hypomethylated	0.048601969153713384	True
sim0000640	0.9657523255813953	0.8655974358974359	0.10015488968395947	86	39	0.014734100694986638	0.10015488968395947	hypermethylated	0.04864732525135613	True
sim0002044	0.07217294117647059	0.04343157894736841	0.02874136222910218	85	38	0.015251758392587156	0.02874136222910218	hypermethylated	0.05029601477123279	False
sim0002308	0.16142588235294117	0.11965897435897435	0.04176690799396682	85	39	0.015342754229417346	0.04176690799396682	hypermethylated	0.05053542670049095	False
sim0000213	0.9104666666666663	0.8502589743589744	0.06020769230769196	87	39	0.015433906055160275	0.06020769230769196	hypermethylated	0.050774778363503324	False
sim0000375	0.6786367816091956	0.706878947368421	-0.028242165759225446	87	38	0.015763065348109208	0.028242165759225446	hypomethylated	0.051795622621119614	False
sim0001170	0.08615977011494254	0.05783333333333335	0.02832643678160919	87	39	0.01580412851917104	0.02832643678160919	hypermethylated	0.05186850781620412	False
sim0000022	0.16441976744186046	0.12828205128205128	0.03613771615980918	86	39	0.016133354484830286	0.03613771615980918	hypermethylated	0.052885829080941284	False
sim0000599	0.09901882352941173	0.06431538461538462	0.03470343891402711	85	39	0.016944187122652513	0.03470343891402711	hypermethylated	0.05547757094866085	False
sim0000107	0.027396551724137932	0.009371794871794873	0.01802475685234306	87	39	0.017300005897845156	0.01802475685234306	hypermethylated	0.05657513833497696	False
sim0000224	0.13430459770114947	0.07919743589743589	0.055107161803713584	87	39	0.01736054937781008	0.055107161803713584	hypermethylated	0.05663827688936377	False
sim0000501	0.05896860465116278	0.024931578947368416	0.03403702570379436	86	38	0.017346905666214007	0.03403702570379436	hypermethylated	0.05663827688936377	False
sim0000564	0.250848275862069	0.3044076923076924	-0.0535594164456234	87	39	0.01762610377563362	0.0535594164456234	hypomethylated	0.05743642594503625	False
sim0000078	0.9321931034482754	0.9774589743589743	-0.04526587091069889	87	39	0.018070314347545215	0.04526587091069889	hypomethylated	0.05881416292974728	False
sim0000994	0.2730883720930232	0.2949384615384616	-0.02185008944543837	86	39	0.01824982606023416	0.02185008944543837	hypomethylated	0.05932813276622869	False
sim0000363	0.9402034482758618	0.88055	0.05965344827586172	87	38	0.018356315012406123	0.05965344827586172	hypermethylated	0.05960377936061421	False
sim0002298	0.07487471264367815	0.051353846153846146	0.023520866489832003	87	39	0.01837875492601881	0.023520866489832003	hypermethylated	0.0596061862830858	False
sim0001524	0.12456551724137928	0.09687435897435896	0.027691158267020316	87	39	0.018532184120956606	0.027691158267020316	hypermethylated	0.06003291247673089	False
sim0000288	0.4739976744186047	0.5084051282051284	-0.03440745378652371	86	39	0.018991140185061452	0.03440745378652371	hypomethylated	0.061447187383231815	False
sim0002379	0.28323720930232543	0.3057435897435897	-0.022506380441264295	86	39	0.019505464392615274	0.022506380441264295	hypomethylated	0.06303707139589901	False
sim0002040	0.12327701149425285	0.10047837837837834	0.022798633115874517	87	37	0.0196702607252189	0.022798633115874517	hypermethylated	0.06349495442088875	False
sim0000305	0.8828505747126436	0.8558384615384617	0.02701211317418195	87	39	0.01982379004200015	0.02701211317418195	hypermethylated	0.06391543573400753	False
sim0000204	0.8657930232558136	0.9183230769230767	-0.052530053667263044	86	39	0.02027775209354739	0.052530053667263044	hypomethylated	0.06530244431532789	False
sim0000613	0.11758275862068969	0.09118461538461536	0.026398143236074326	87	39	0.02044949776738923	0.026398143236074326	hypermethylated	0.06577841963351079	False
sim0000495	0.9401804597701149	0.958797435897436	-0.01861697612732116	87	39	0.020677307430123592	0.01861697612732116	hypomethylated	0.0664334076146778	False
sim0001302	0.9635298850574712	0.9331871794871797	0.030342705570291506	87	39	0.021187679557893167	0.030342705570291506	hypermethylated	0.0679936398896408	False
sim0000979	0.3372080459770116	0.3172000000000001	0.0200080459770115	87	38	0.021910545913474955	0.0200080459770115	hypermethylated	0.07023135312055508	False
sim0000496	0.8449209302325579	0.8200948717948718	0.024826058437686038	86	39	0.021968418591614268	0.024826058437686038	hypermethylated	0.0703347853976275	False
sim0002322	0.01678488372093023	0.046374358974358966	-0.029589475253428737	86	39	0.02220376662377165	0.029589475253428737	hypomethylated	0.0709996342168858	False
sim0002253	0.09132674418604653	0.11917105263157893	-0.0278443084455324	86	38	0.022227770450135347	0.0278443084455324	hypomethylated	0.0709996342168858	False
sim0001686	0.7486413793103448	0.779902564102564	-0.03126118479221918	87	39	0.02263785981481474	0.03126118479221918	hypomethylated	0.07222555274250417	False
sim0001288	0.8872908045977015	0.8667342105263155	0.020556594071385992	87	38	0.02267684796333604	0.020556594071385992	hypermethylated	0.0722660108529978	False
sim0001110	0.8908348837209304	0.8691692307692309	0.021665652951699532	86	39	0.02271152771916028	0.021665652951699532	hypermethylated	0.0722926612335264	False
sim0001009	0.20311744186046515	0.15029230769230764	0.05282513416815751	86	39	0.022826518108565355	0.05282513416815751	hypermethylated	0.07257458940304286	False
sim0001472	0.006013953488372093	0.06430526315789474	-0.058291309669522645	86	38	0.023057280915096873	0.058291309669522645	hypomethylated	0.07313897306440081	False
sim0000658	0.09274597701149424	0.0747897435897436	0.017956233421750636	87	39	0.02304914726319352	0.017956233421750636	hypermethylated	0.07313897306440081	False
sim0000499	0.03100229885057473	0.07225128205128205	-0.041248983200707315	87	39	0.023384992961911176	0.041248983200707315	hypomethylated	0.07409293617805074	False
sim0000923	0.07952674418604654	0.06329230769230768	0.01623443649373886	86	39	0.023428753193822708	0.01623443649373886	hypermethylated	0.07414606569519698	False
sim0000343	0.31012758620689657	0.32860512820512827	-0.018477541998231706	87	39	0.023823064806573955	0.018477541998231706	hypomethylated	0.07530720255887072	False
sim0000771	0.29975057471264355	0.3176897435897435	-0.017939168877099954	87	39	0.023972401784070972	0.017939168877099954	hypomethylated	0.07569216977108387	False
sim0001563	0.023008045977011494	0.05763076923076923	-0.03462272325375773	87	39	0.024063251998161596	0.03462272325375773	hypomethylated	0.07589179476343272	False
sim0001451	0.255513953488372	0.23594102564102562	0.019572927847346405	86	39	0.02465994694388361	0.019572927847346405	hypermethylated	0.07768448882436729	False
sim0000684	0.053908045977011466	0.036774358974358975	0.01713368700265249	87	39	0.024775449593250027	0.01713368700265249	hypermethylated	0.07795894620006624	False
sim0001289	0.0556551724137931	0.009702564102564103	0.04595260831122899	87	39	0.025065967247715037	0.04595260831122899	hypermethylated	0.07878285129230345	False
sim0001855	0.8239383720930229	0.8590948717948718	-0.035156499701848865	86	39	0.025203729253042855	0.035156499701848865	hypomethylated	0.07912530772355282	False
sim0001911	0.11067529411764707	0.16420769230769225	-0.05353239819004518	85	39	0.025342129603801902	0.05353239819004518	hypomethylated	0.07946898404297241	False
sim0002069	0.7919160919540229	0.833302564102564	-0.041386472148541076	87	39	0.025752137345425228	0.041386472148541076	hypomethylated	0.08066262404547675	False
sim0002245	0.8070569767441863	0.7816461538461538	0.025410822898032537	86	39	0.025917954821459446	0.025410822898032537	hypermethylated	0.0809972945330479	False
sim0000579	0.1641954022988506	0.18158974358974356	-0.017394341290892956	87	39	0.02590943521962912	0.017394341290892956	hypomethylated	0.0809972945330479	False
sim0000920	0.06325172413793106	0.0989205128205128	-0.035668788682581734	87	39	0.026114158397274913	0.035668788682581734	hypomethylated	0.08142519082555526	False
sim0002223	0.9031390804597699	0.917717948717949	-0.014578868258179112	87	39	0.026111188489767047	0.014578868258179112	hypomethylated	0.08142519082555526	False
sim0002351	0.7576453488372092	0.7832743589743589	-0.025629010137149688	86	39	0.02626199128897243	0.025629010137149688	hypomethylated	0.08179329940000825	False
sim0002147	0.813420930232558	0.8377263157894735	-0.024305385556915526	86	38	0.026481216372186228	0.024305385556915526	hypomethylated	0.08238267426318863	False
sim0001411	0.10424137931034484	0.12574358974358973	-0.021502210433244892	87	39	0.027704623038324477	0.021502210433244892	hypomethylated	0.086091175889454	False
sim0000689	0.04874252873563219	0.02549230769230769	0.023250221043324498	87	39	0.027768080126847727	0.023250221043324498	hypermethylated	0.08619086565926633	False
sim0000295	0.7036850574712643	0.6731435897435895	0.030541467727674854	87	39	0.028427928657126227	0.030541467727674854	hypermethylated	0.08813941311639474	False
sim0001554	0.004949425287356321	0.05115641025641025	-0.04620698496905393	87	39	0.02882667257794006	0.04620698496905393	hypomethylated	0.08927493751026082	False
sim0000938	0.8373058139534886	0.8860076923076924	-0.04870187835420381	86	39	0.029336293785624228	0.04870187835420381	hypomethylated	0.09075089980755603	False
sim0001852	0.8306511627906983	0.8518641025641025	-0.021212939773404216	86	39	0.03002407406836193	0.021212939773404216	hypomethylated	0.09277405114262116	False
sim0000701	0.9035931034482757	0.9246615384615386	-0.021068435013262943	87	39	0.030257916038299058	0.021068435013262943	hypomethylated	0.09330397606867592	False
sim0001503	0.771542528735632	0.7887236842105264	-0.017181155474894405	87	38	0.03026350297677111	0.017181155474894405	hypomethylated	0.09330397606867592	False
sim0001489	0.9529290697674418	0.9974102564102564	-0.04448118664281453	86	39	0.03067022179498282	0.04448118664281453	hypomethylated	0.09445190501212758	False
sim0000289	0.24744022988505743	0.2233461538461539	0.02409407603890354	87	39	0.03139884472630557	0.02409407603890354	hypermethylated	0.09658748764071826	False
sim0001281	0.09422068965517241	0.1229	-0.028679310344827583	87	39	0.03254540850353613	0.028679310344827583	hypomethylated	0.09992507391438635	False
sim0001575	0.9693298850574712	0.9810615384615383	-0.011731653404067122	87	39	0.03255658578572107	0.011731653404067122	hypomethylated	0.09992507391438635	False
sim0002148	0.00772705882352941	0.019658974358974367	-0.011931915535444957	85	39	0.0327053378550093	0.011931915535444957	hypomethylated	0.10026960166039124	False
sim0001483	0.2890459770114942	0.3120435897435898	-0.022997612732095607	87	39	0.03309244334428148	0.022997612732095607	hypomethylated	0.10134330196961118	False
sim0000453	0.036874712643678156	0.04987948717948718	-0.013004774535809026	87	39	0.03333657920959027	0.013004774535809026	hypomethylated	0.1019772640186464	False
sim0001125	0.8097632183908047	0.7861615384615384	0.023601679929266317	87	39	0.03357066020069809	0.023601679929266317	hypermethylated	0.1025790918479618	False
sim0000381	0.008243678160919539	0.0275051282051282	-0.01926145004420866	87	39	0.034040269199105855	0.01926145004420866	hypomethylated	0.10389846609993754	False
sim0000584	0.9162954022988506	0.9430657894736845	-0.02677038717483382	87	38	0.03449109282825529	0.02677038717483382	hypomethylated	0.1051576381789315	False
sim0001215	0.7637325581395349	0.7390461538461539	0.02468640429338098	86	39	0.034604434472020704	0.02468640429338098	hypermethylated	0.10538623225569942	False
sim0001025	0.055619540229885064	0.07493846153846152	-0.01931892130857646	87	39	0.03466402541713977	0.01931892130857646	hypomethylated	0.10545080600319263	False
sim0002338	0.10362873563218392	0.09038717948717949	0.013241556145004427	87	39	0.0349730312125646	0.013241556145004427	hypermethylated	0.10627313798773778	False
sim0001236	0.09855232558139533	0.08662051282051283	0.011931812760882496	86	39	0.03514603883050223	0.011931812760882496	hypermethylated	0.10668084935623162	False
sim0002316	0.08664022988505748	0.13111282051282053	-0.04447259062776304	87	39	0.03552477283940265	0.04447259062776304	hypomethylated	0.1077114249335972	False
sim0001126	0.9528724137931035	0.9787153846153845	-0.02584297082228104	87	39	0.035748742481937844	0.02584297082228104	hypomethylated	0.10827099845411606	False
sim0001000	0.5110666666666669	0.5274794871794873	-0.016412820512820447	87	39	0.03618712745174358	0.016412820512820447	hypomethylated	0.10947801664090266	False
sim0001415	0.010559770114942529	0.0005051282051282051	0.010054641909814324	87	39	0.036523515670890974	0.010054641909814324	hypermethylated	0.11037414471720298	False
sim0002077	0.2736867469879518	0.3029871794871794	-0.02930043249922759	83	39	0.03663551645166606	0.02930043249922759	hypomethylated	0.11059094911288644	False
sim0001497	0.3269114942528736	0.34315384615384625	-0.016242351900972674	87	39	0.037113294767702684	0.016242351900972674	hypomethylated	0.11191023131380821	False
sim0001355	0.5402209302325581	0.5756820512820511	-0.03546112104949295	86	39	0.03727790235048364	0.03546112104949295	hypomethylated	0.1122833308736607	False
sim0002287	0.9019413793103447	0.939330769230769	-0.03738938992042429	87	39	0.0381279668190552	0.03738938992042429	hypomethylated	0.11471798998022413	False
sim0002098	0.9880558139534881	0.9685289473684214	0.019526866585066638	86	38	0.038522354048562364	0.019526866585066638	hypermethylated	0.11577779712407091	False
sim0000134	0.885644827586207	0.9086000000000001	-0.02295517241379308	87	39	0.03865756123173235	0.02295517241379308	hypomethylated	0.11596797019570668	False
sim0001624	0.04740232558139535	0.028528205128205128	0.018874120453190223	86	39	0.038670062140250205	0.018874120453190223	hypermethylated	0.11596797019570668	False
sim0000221	0.4048264367816091	0.4478384615384615	-0.043012024756852396	87	39	0.03929376767591558	0.043012024756852396	hypomethylated	0.11770990164202845	False
sim0001609	0.8327093023255816	0.8656410256410256	-0.03293172331544403	86	39	0.0400544938288825	0.03293172331544403	hypomethylated	0.11972763280515802	False
sim0000660	0.03291411764705882	0.010605128205128204	0.02230898944193062	85	39	0.040018557293781155	0.02230898944193062	hypermethylated	0.11972763280515802	False
sim0001053	0.019924137931034484	0.05547692307692309	-0.03555278514588861	87	39	0.04050706103150614	0.03555278514588861	hypomethylated	0.12094880071037759	False
sim0000342	0.8934195402298851	0.95984358974359	-0.06642404951370484	87	39	0.04061651495569783	0.06642404951370484	hypomethylated	0.12114393765830829	False
sim0001617	0.8414563218390803	0.8967743589743589	-0.05531803713527861	87	39	0.040953708359837665	0.05531803713527861	hypomethylated	0.12201717664259659	False
sim0000943	0.09955348837209303	0.1560210526315789	-0.05646756425948586	86	38	0.04110390862643453	0.05646756425948586	hypomethylated	0.12233200107997362	False
sim0000822	0.9818931034482761	0.9697897435897437	0.012103359858532392	87	39	0.04130238831562812	0.012103359858532392	hypermethylated	0.12278967608553079	False
sim0001653	0.16734827586206896	0.11497692307692309	0.052371352785145875	87	39	0.041393044777316035	0.052371352785145875	hypermethylated	0.12292615567922936	False
sim0002240	0.04068488372093023	0.07054615384615384	-0.02986127012522361	86	39	0.042790850750434435	0.02986127012522361	hypomethylated	0.12694002917002525	False
sim0000898	0.07345057471264363	0.05032820512820513	0.0231223695844385	87	39	0.04331612334786471	0.0231223695844385	hypermethylated	0.12835964491540922	False
sim0001981	0.9058918604651159	0.8885307692307693	0.017361091234346593	86	39	0.0438328443898888	0.017361091234346593	hypermethylated	0.12975088743429367	False
sim0000941	0.9856744186046512	0.9971184210526315	-0.011444002447980273	86	38	0.04552496157912099	0.011444002447980273	hypomethylated	0.13461471416345033	False
sim0001264	0.015029885057471264	0.0771102564102564	-0.06208037135278514	87	39	0.04559748615266215	0.06208037135278514	hypomethylated	0.13461880702190787	False
sim0001828	0.03660232558139535	0.004510256410256409	0.03209206917113894	86	39	0.04562435723967828	0.03209206917113894	hypermethylated	0.13461880702190787	False
sim0001272	0.778196511627907	0.7990282051282048	-0.020831693500297788	86	39	0.04569768285791035	0.020831693500297788	hypomethylated	0.13469048799429156	False
sim0000368	0.2456574712643679	0.2306282051282051	0.015029266136162817	87	39	0.04585183747880618	0.015029266136162817	hypermethylated	0.13499999737865015	False
sim0001896	0.1179058139534884	0.09453333333333333	0.023372480620155067	86	39	0.04612530609368583	0.023372480620155067	hypermethylated	0.13565975999930938	False
sim0000666	0.17309540229885065	0.15981282051282056	0.01328258178603009	87	39	0.04732989973676592	0.01328258178603009	hypermethylated	0.1390537268202096	False
sim0001874	0.037735294117647075	0.07531025641025642	-0.03757496229260934	85	39	0.04747427996688335	0.03757496229260934	hypomethylated	0.13932889644126983	False
sim0000024	0.7846023255813956	0.7695230769230771	0.015079248658318556	86	39	0.047685366147987435	0.015079248658318556	hypermethylated	0.1397990403506099	False
sim0000690	0.11882758620689653	0.06894594594594597	0.04988164026095056	87	37	0.048967662802368125	0.04988164026095056	hypermethylated	0.14325257690959026	False
sim0001716	0.8776643678160916	0.8975230769230768	-0.019858709106985173	87	39	0.048940224625930055	0.019858709106985173	hypomethylated	0.14325257690959026	False
sim0002242	0.11867011494252866	0.10431794871794874	0.014352166224579924	87	39	0.049931299422634544	0.014352166224579924	hypermethylated	0.1459162548021033	False
sim0000365	0.16851494252873564	0.15445641025641024	0.014058532272325397	87	39	0.05079175724779223	0.014058532272325397	hypermethylated	0.1482730681824498	False
sim0001630	0.11613333333333334	0.0993179487179487	0.016815384615384635	87	39	0.050909361867506046	0.016815384615384635	hypermethylated	0.14845861682594386	False
sim0002146	0.18153563218390803	0.1439538461538462	0.03758178603006182	87	39	0.05121542918026214	0.03758178603006182	hypermethylated	0.14919277195989405	False
sim0000967	0.07887126436781608	0.11174615384615383	-0.03287488947833775	87	39	0.05138363735086773	0.03287488947833775	hypomethylated	0.14952420741825598	False
sim0000674	0.06949425287356321	0.08404736842105262	-0.014553115547489406	87	38	0.0514547401816909	0.014553115547489406	hypomethylated	0.14957266802021682	False
sim0001545	0.03054367816091954	0.019297368421052633	0.011246309739866907	87	38	0.051546934374165986	0.011246309739866907	hypermethylated	0.14968227138037418	False
sim0001189	0.0928896551724138	0.061838461538461544	0.03105119363395225	87	39	0.051649145574210624	0.03105119363395225	hypermethylated	0.14982069999192882	False
sim0002060	0.07668045977011492	0.0272974358974359	0.049383023872679024	87	39	0.051738510558953246	0.049383023872679024	hypermethylated	0.14992161234751536	False
sim0001055	0.02152093023255814	0.0576153846153846	-0.03609445438282646	86	39	0.05316116472178278	0.03609445438282646	hypomethylated	0.15388168544861675	False
sim0002384	0.15483488372093016	0.1256526315789474	0.02918225214198275	86	38	0.05385886393616901	0.02918225214198275	hypermethylated	0.1555733956179351	False
sim0000508	0.09575862068965517	0.07898461538461536	0.016774005305039807	87	39	0.05380813581272938	0.016774005305039807	hypermethylated	0.1555733956179351	False
sim0002279	0.19317906976744192	0.16005384615384624	0.03312522361359568	86	39	0.05391858751989825	0.03312522361359568	hypermethylated	0.15558231083735347	False
sim0002180	0.7083104651162788	0.7294846153846155	-0.02117415026833669	86	39	0.054287639958308216	0.02117415026833669	hypomethylated	0.15648284046744246	False
sim0000164	0.1502536585365854	0.12433846153846158	0.02591519699812382	82	39	0.05536327982352808	0.02591519699812382	hypermethylated	0.15941606884196188	False
sim0000769	0.13759418604651155	0.11946923076923073	0.01812495527728082	86	39	0.055917824267288696	0.01812495527728082	hypermethylated	0.16084425472486077	False
sim0000161	0.7692848837209304	0.7807589743589742	-0.011474090638043832	86	39	0.0574854699995459	0.011474090638043832	hypomethylated	0.16518052938154038	False
sim0000696	0.9976023255813954	0.9737945945945948	0.023807730986800557	86	37	0.05850876462811125	0.023807730986800557	hypermethylated	0.1679452209335649	False
sim0000490	0.03953333333333333	0.020428205128205125	0.019105128205128205	87	39	0.058771960223164874	0.019105128205128205	hypermethylated	0.1683488787622877	False
sim0000461	0.15150000000000005	0.16882051282051283	-0.01732051282051278	87	39	0.05877177142947849	0.01732051282051278	hypomethylated	0.1683488787622877	False
sim0002292	0.28708160919540227	0.2575923076923076	0.029489301503094645	87	39	0.06110972236270978	0.029489301503094645	hypermethylated	0.17486292430246225	False
sim0001657	0.24231395348837212	0.25731025641025645	-0.014996302921884336	86	39	0.06127365707729367	0.014996302921884336	hypomethylated	0.17507007185967782	False
sim0001680	0.15844022988505752	0.14610256410256414	0.012337665782493373	87	39	0.061309577404080835	0.012337665782493373	hypermethylated	0.17507007185967782	False
sim0002320	0.09718390804597697	0.11840256410256413	-0.021218656056587154	87	39	0.061566140557007126	0.021218656056587154	hypomethylated	0.17558157375249933	False
sim0000310	0.7046793103448274	0.7176923076923075	-0.01301299734748007	87	39	0.061616540625194526	0.01301299734748007	hypomethylated	0.17558157375249933	False
sim0001885	0.06464712643678161	0.04645384615384615	0.01819328028293546	87	39	0.06171267494980456	0.01819328028293546	hypermethylated	0.17567328299182705	False
sim0001313	0.6709197674418604	0.734171794871795	-0.06325202742993452	86	39	0.06186389641531143	0.06325202742993452	hypomethylated	0.17582059567314764	False
sim0000740	0.2041505882352942	0.14543333333333333	0.058717254901960864	85	39	0.061892433933721805	0.058717254901960864	hypermethylated	0.17582059567314764	False
sim0001045	0.9293735632183909	0.9711921052631578	-0.04181854204476687	87	38	0.06217730883884093	0.04181854204476687	hypomethylated	0.1764473836573306	False
sim0000803	0.11390229885057469	0.10146486486486488	0.012437433985709817	87	37	0.06285530228530141	0.012437433985709817	hypermethylated	0.17818732237123114	False
sim0001903	0.1378908045977011	0.1224974358974359	0.015393368700265184	87	39	0.06320016320583244	0.015393368700265184	hypermethylated	0.17898025600662032	False
sim0001049	0.8304885057471264	0.8544179487179486	-0.023929442970822223	87	39	0.06327403717338072	0.023929442970822223	hypomethylated	0.1790049228787609	False
sim0001841	0.8976655172413792	0.9157948717948716	-0.018129354553492405	87	39	0.06386148539658602	0.018129354553492405	hypomethylated	0.180480967473685	False
sim0001319	0.13804069767441865	0.11700526315789476	0.021035434516523885	86	38	0.06393164561769654	0.021035434516523885	hypermethylated	0.18049355653834778	False
sim0001864	0.0341103448275862	0.054956410256410244	-0.020846065428824043	87	39	0.06405932514868116	0.020846065428824043	hypomethylated	0.18066834310413465	False
sim0002213	0.1578298850574713	0.13271538461538462	0.025114500442086685	87	39	0.06497423395479893	0.025114500442086685	hypermethylated	0.1828731769199105	False
sim0001115	0.0909655172413793	0.07478974358974357	0.016175773651635736	87	39	0.06491560696795166	0.016175773651635736	hypermethylated	0.1828731769199105	False
sim0000760	0.8884302325581396	0.8391820512820513	0.04924818127608832	86	39	0.06507493529129157	0.04924818127608832	hypermethylated	0.18296913740550455	False
sim0000060	0.9609827586206897	0.9171076923076924	0.04387506631299731	87	39	0.06538301842737362	0.04387506631299731	hypermethylated	0.18364739429447377	False
sim0001182	0.13105747126436784	0.14698205128205133	-0.015924580017683487	87	39	0.06601318470010187	0.015924580017683487	hypomethylated	0.18522800650784457	False
sim0001299	0.08925287356321841	0.18389743589743587	-0.09464456233421746	87	39	0.06818771416283134	0.09464456233421746	hypomethylated	0.1909395013305787	False
sim0001762	0.07219999999999997	0.0498153846153846	0.02238461538461537	87	39	0.06818170666871852	0.02238461538461537	hypermethylated	0.1909395013305787	False
sim0002100	0.05310344827586205	0.03456756756756757	0.018535880708294483	87	37	0.06849050257200723	0.018535880708294483	hypermethylated	0.19159206778544183	False
sim0001423	0.7359395348837211	0.7580410256410255	-0.022101490757304387	86	39	0.06879656130147581	0.022101490757304387	hypomethylated	0.19209181077071782	False
sim0002119	0.9107835294117645	0.9322410256410256	-0.021457496229261075	85	39	0.0688090068432422	0.021457496229261075	hypomethylated	0.19209181077071782	False
sim0001818	0.9871402298850576	0.9155743589743588	0.07156587091069877	87	39	0.06974932845955946	0.07156587091069877	hypermethylated	0.1945191931760506	False
sim0001339	0.317855172413793	0.34363076923076924	-0.02577559681697622	87	39	0.07066063123665767	0.02577559681697622	hypomethylated	0.19686080528103309	False
sim0002375	0.946036781609195	0.9251289473684208	0.020907834240774248	87	38	0.07135679549247552	0.020907834240774248	hypermethylated	0.19859890295626165	False
sim0001109	0.10718850574712638	0.06724871794871795	0.03993978779840843	87	39	0.07320385169879089	0.03993978779840843	hypermethylated	0.203533381190869	False
sim0001474	0.8067390804597702	0.8636384615384615	-0.0568993810786913	87	39	0.07403552674872406	0.0568993810786913	hypomethylated	0.2056376056407937	False
sim0001792	0.02426235294117647	0.05598205128205128	-0.03171969834087481	85	39	0.07421245620332784	0.03171969834087481	hypomethylated	0.2059208254449915	False
sim0001132	0.6433954022988505	0.6227179487179487	0.020677453580901783	87	39	0.07506498528756045	0.020677453580901783	hypermethylated	0.20807620038842436	False
sim0002121	0.08504534883720932	0.07486410256410256	0.010181246273106764	86	39	0.07662112293427087	0.010181246273106764	hypermethylated	0.21217562973834886	False
sim0000445	0.9703425287356321	0.9548358974358974	0.01550663129973473	87	39	0.07719132366807067	0.01550663129973473	hypermethylated	0.2135393415067373	False
sim0001003	0.09882470588235297	0.08700512820512822	0.011819577677224746	85	39	0.07826741093606414	0.011819577677224746	hypermethylated	0.2162983680496662	False
sim0000093	0.8612209302325584	0.8416789473684209	0.019541982864137553	86	38	0.07864986606640983	0.019541982864137553	hypermethylated	0.21713686641651037	False
sim0000350	0.11225517241379313	0.14877894736842104	-0.03652377495462791	87	38	0.07994542190184671	0.03652377495462791	hypomethylated	0.22049204213290452	False
sim0001561	0.2240724137931034	0.1837289473684211	0.040343466424682284	87	38	0.08018398380360592	0.040343466424682284	hypermethylated	0.22092818807272363	False
sim0001726	0.08349302325581397	0.05993076923076924	0.023562254025044728	86	39	0.08064623818084216	0.023562254025044728	hypermethylated	0.22197917463203748	False
sim0002195	0.9447643678160916	0.9719236842105262	-0.027159316394434585	87	38	0.08173230016032616	0.027159316394434585	hypomethylated	0.2247433719123283	False
sim0000877	0.1876310344827586	0.16663333333333336	0.020997701149425257	87	39	0.08187492807717241	0.020997701149425257	hypermethylated	0.2249104274279926	False
sim0000569	0.9893344827586205	0.9803615384615382	0.008972944297082286	87	39	0.08307680383630771	0.008972944297082286	hypermethylated	0.22798399614219508	False
sim0001859	0.035605813953488386	0.027841025641025644	0.007764788312462741	86	39	0.08393313491725164	0.007764788312462741	hypermethylated	0.23010411339090844	False
sim0000492	0.9481976744186047	0.9695333333333332	-0.02133565891472855	86	39	0.0845285079806997	0.02133565891472855	hypomethylated	0.23150529553637297	False
sim0000227	0.0462344827586207	0.015605263157894737	0.030629219600725965	87	38	0.08491155895988702	0.030629219600725965	hypermethylated	0.2323227614171411	False
sim0002286	0.9173511627906975	0.9322999999999999	-0.014948837209302401	86	39	0.08543856669037936	0.014948837209302401	hypomethylated	0.23353208228703692	False
sim0001139	0.686024137931034	0.6548230769230771	0.031201061007956943	87	39	0.08602310096286662	0.031201061007956943	hypermethylated	0.23489608185387137	False
sim0000359	0.9893453488372093	0.9152615384615382	0.07408381037567102	86	39	0.08653995517065459	0.07408381037567102	hypermethylated	0.23607274762044503	False
sim0001614	0.25747011494252875	0.2697230769230769	-0.01225296198054815	87	39	0.08709098866689073	0.01225296198054815	hypomethylated	0.23734022407534608	False
sim0001972	0.0605977011494253	0.029641025641025633	0.03095667550839967	87	39	0.08727059221552448	0.03095667550839967	hypermethylated	0.23759397107635852	False
sim0000017	0.9534954022988503	0.919474358974359	0.034021043324491296	87	39	0.0873680095861638	0.034021043324491296	hypermethylated	0.23762368547840784	False
sim0002272	0.22292413793103458	0.1588589743589743	0.06406516357206027	87	39	0.08789224559822854	0.06406516357206027	hypermethylated	0.23881305505275352	False
sim0001358	0.21177325581395348	0.24167948717948712	-0.029906231365533636	86	39	0.08862795630196985	0.029906231365533636	hypomethylated	0.24057410668133516	False
sim0001280	0.9989942528735634	0.9900820512820513	0.00891220159151207	87	39	0.0889234459831842	0.00891220159151207	hypermethylated	0.2411379132436397	False
sim0001801	0.1195348837209302	0.16623333333333334	-0.046698449612403145	86	39	0.08998130788552611	0.046698449612403145	hypomethylated	0.2437659297451087	False
sim0002058	0.9124965517241377	0.8977051282051284	0.014791423519009306	87	39	0.09007617979065388	0.014791423519009306	hypermethylated	0.24378252796544456	False
sim0001037	0.9928264367816092	0.9698717948717951	0.02295464190981411	87	39	0.09053216214350238	0.02295464190981411	hypermethylated	0.2447754423309065	False
sim0001076	0.21713908045977018	0.19680256410256414	0.02033651635720604	87	39	0.09128029881223197	0.02033651635720604	hypermethylated	0.2465555367130789	False
sim0001433	0.9701558139534885	1.0	-0.02984418604651151	86	39	0.0917514695304574	0.02984418604651151	hypomethylated	0.24758476110036	False
sim0000708	0.6929275862068965	0.7075421052631581	-0.014614519056261543	87	38	0.09291618241125772	0.014614519056261543	hypomethylated	0.25048160263368496	False
sim0000511	0.8794310344827585	0.9121307692307695	-0.03269973474801102	87	39	0.09345290018967049	0.03269973474801102	hypomethylated	0.2516814870794361	False
sim0001821	0.10546781609195398	0.07094102564102564	0.03452679045092834	87	39	0.09377597361623927	0.03452679045092834	hypermethylated	0.25230421109090034	False
sim0001661	0.025488505747126435	0.0053410256410256415	0.020147480106100794	87	39	0.0939136954227172	0.020147480106100794	hypermethylated	0.2524275159747595	False
sim0002004	0.14318505747126445	0.12232631578947367	0.020858741681790777	87	38	0.09437533029413432	0.020858741681790777	hypermethylated	0.25342036394720135	False
sim0002028	0.19513103448275856	0.21362820512820505	-0.01849717064544648	87	39	0.0949152340784521	0.01849717064544648	hypomethylated	0.2543728273302516	False
sim0001387	0.9567425287356321	0.9412846153846153	0.015457913351016872	87	39	0.09490153296756443	0.015457913351016872	hypermethylated	0.2543728273302516	False
sim0002237	0.9031367816091953	0.9406743589743589	-0.03753757736516361	87	39	0.09647869172860368	0.03753757736516361	hypomethylated	0.25831088321488727	False
sim0000202	0.993235632183908	0.9790564102564102	0.014179221927497765	87	39	0.0966737566525441	0.014179221927497765	hypermethylated	0.25858111930334826	False
sim0001777	0.018045348837209305	0.050828205128205135	-0.03278285629099583	86	39	0.09783401101844588	0.03278285629099583	hypomethylated	0.26142998858722843	False
sim0001652	0.009350588235294117	0.02094102564102564	-0.011590437405731523	85	39	0.09793460402871482	0.011590437405731523	hypomethylated	0.2614444677034787	False
sim0001536	0.0542218390804598	0.07477948717948717	-0.020557648099027367	87	39	0.09811563211693139	0.020557648099027367	hypomethylated	0.2614689954753256	False
sim0000154	0.8922298850574713	0.9126410256410256	-0.02041114058355431	87	39	0.09813415884057541	0.02041114058355431	hypomethylated	0.2614689954753256	False
sim0001760	0.8895275862068968	0.869871794871795	0.019655791335101758	87	39	0.09860417612390457	0.019655791335101758	hypermethylated	0.26239857115494836	False
sim0000957	0.3205917647058824	0.33684102564102564	-0.016249260935143228	85	39	0.09867408955335336	0.016249260935143228	hypomethylated	0.26239857115494836	False
sim0000794	0.01107241379310345	0.02827179487179486	-0.01719938107869141	87	39	0.09888512126450819	0.01719938107869141	hypomethylated	0.2627054430499071	False
sim0001779	0.2473298850574712	0.19377948717948712	0.053550397877984074	87	39	0.099177699383929	0.053550397877984074	hypermethylated	0.2627204823603211	False
sim0000104	0.11752558139534883	0.16373846153846158	-0.046212880143112756	86	39	0.09914354437053363	0.046212880143112756	hypomethylated	0.2627204823603211	False
sim0000875	0.973172413793103	0.984671794871795	-0.011499381078691973	87	39	0.09903765295190525	0.011499381078691973	hypomethylated	0.2627204823603211	False
sim0001173	0.11147816091954017	0.1507205128205128	-0.039242351900972625	87	39	0.09989407835881342	0.039242351900972625	hypomethylated	0.26436323049292915	False
sim0002317	0.49966666666666704	0.47971025641025644	0.019956410256410595	87	39	0.1001003668575466	0.019956410256410595	hypermethylated	0.26465419418448555	False
sim0000566	0.9755735632183907	0.9885025641025643	-0.012929000884173592	87	39	0.1002478845945062	0.012929000884173592	hypomethylated	0.2647893644049121	False
sim0001964	0.7934517241379312	0.8268666666666666	-0.03341494252873545	87	39	0.10052183145907173	0.03341494252873545	hypomethylated	0.26525789723157545	False
sim0001333	0.03901627906976744	0.024392307692307692	0.01462397137745975	86	39	0.10115692314090355	0.01462397137745975	hypermethylated	0.26642192508922535	False
sim0000386	0.020577011494252867	0.032553846153846155	-0.011976834659593288	87	39	0.10107644331189715	0.011976834659593288	hypomethylated	0.26642192508922535	False
sim0000580	0.0948627906976744	0.06463589743589743	0.03022689326177698	86	39	0.10132952434921047	0.03022689326177698	hypermethylated	0.26662088447057586	False
sim0000622	0.8767310344827585	0.887228205128205	-0.01049717064544653	87	39	0.10166786869483854	0.01049717064544653	hypomethylated	0.26725515340164735	False
sim0000536	0.18890804597701147	0.23834615384615385	-0.04943810786914238	87	39	0.10212835888280675	0.04943810786914238	hypomethylated	0.2682089883853443	False
sim0000845	0.18743793103448278	0.16286666666666666	0.02457126436781612	87	39	0.10360064487470386	0.02457126436781612	hypermethylated	0.27181563655282853	False
sim0001089	0.7248793103448276	0.7063538461538461	0.018525464190981444	87	39	0.10425936474576779	0.018525464190981444	hypermethylated	0.2730223784143223	False
sim0001193	0.24761379310344825	0.22990000000000008	0.017713793103448172	87	39	0.1041959540648224	0.017713793103448172	hypermethylated	0.2730223784143223	False
sim0002390	0.9816229885057471	0.9540717948717949	0.027551193633952198	87	39	0.10452654533735027	0.027551193633952198	hypermethylated	0.27334538609682707	False
sim0000532	0.5198069767441862	0.5007692307692307	0.019037745974955445	86	39	0.10458172580552066	0.019037745974955445	hypermethylated	0.27334538609682707	False
sim0001569	0.061209302325581395	0.07449473684210528	-0.013285434516523885	86	38	0.1046850955970104	0.013285434516523885	hypomethylated	0.2733554730085433	False
sim0000944	0.06458850574712645	0.046	0.01858850574712645	87	39	0.10540019662739156	0.01858850574712645	hypermethylated	0.2749613866433472	False
sim0000418	0.07465632183908041	0.054189473684210517	0.020466848154869897	87	38	0.10627628243188122	0.020466848154869897	hypermethylated	0.27698382148043427	False
sim0002176	0.33703448275862086	0.32314871794871786	0.013885764809903	87	39	0.10747323134956736	0.013885764809903	hypermethylated	0.27983788295475026	False
sim0001460	0.764288372093023	0.7953333333333331	-0.031044961240310087	86	39	0.10763783276091572	0.031044961240310087	hypomethylated	0.2800010668506018	False
sim0002327	0.7748174418604652	0.7955923076923076	-0.020774865831842404	86	39	0.1080242400463027	0.020774865831842404	hypomethylated	0.2807403854372692	False
sim0002014	0.1137586206896552	0.09780000000000001	0.015958620689655187	87	39	0.10837334694411187	0.015958620689655187	hypermethylated	0.281381459409712	False
sim0002116	0.1703023255813954	0.1838717948717949	-0.013569469290399483	86	39	0.10896747091957093	0.013569469290399483	hypomethylated	0.2826568863230041	False
sim0000478	0.09763488372093021	0.0804897435897436	0.017145140131186606	86	39	0.10914256997713892	0.017145140131186606	hypermethylated	0.28284399974264207	False
sim0001725	0.22066321839080466	0.25384615384615383	-0.03318293545534917	87	39	0.10964579899733075	0.03318293545534917	hypomethylated	0.28361300362115593	False
sim0001884	0.021930588235294115	0.0	0.021930588235294115	85	38	0.10959782122491496	0.021930588235294115	hypermethylated	0.28361300362115593	False
sim0002266	0.09740344827586211	0.08611794871794871	0.0112854995579134	87	39	0.11061476751627396	0.0112854995579134	hypermethylated	0.2858502035439366	False
sim0000582	0.9518310344827585	0.986923076923077	-0.035092042440318494	87	39	0.11131692287345964	0.035092042440318494	hypomethylated	0.28692304978731603	False
sim0002311	0.7553689655172415	0.7788871794871794	-0.023518213969937918	87	39	0.11125852635590684	0.023518213969937918	hypomethylated	0.28692304978731603	False
sim0000406	0.286232183908046	0.2716435897435897	0.014588594164456292	87	39	0.11134327305179428	0.014588594164456292	hypermethylated	0.28692304978731603	False
sim0000367	0.10914252873563221	0.08614871794871794	0.022993810786914273	87	39	0.11205133561671411	0.022993810786914273	hypermethylated	0.28847705617536423	False
sim0000308	0.968112643678161	0.9553666666666664	0.012745977011494602	87	39	0.11287318308474065	0.012745977011494602	hypermethylated	0.29032081829005857	False
sim0000298	0.7773541176470585	0.7497897435897436	0.027564374057314933	85	39	0.11404966406189411	0.027564374057314933	hypermethylated	0.2930724295397784	False
sim0002348	0.008229885057471261	0.01911025641025641	-0.01088037135278515	87	39	0.11441091156505234	0.01088037135278515	hypomethylated	0.29372595707401755	False
sim0000871	0.8794436781609197	0.8648615384615385	0.014582139699381269	87	39	0.1147976466043798	0.014582139699381269	hypermethylated	0.29444363699554743	False
sim0000959	0.05195977011494252	0.042223076923076926	0.009736693191865597	87	39	0.1156959294504863	0.009736693191865597	hypermethylated	0.29647081921687113	False
sim0001713	0.7632494252873564	0.7892179487179486	-0.025968523430592194	87	39	0.11649583179537785	0.025968523430592194	hypomethylated	0.29824235782097197	False
sim0001529	0.8265172413793099	0.8473358974358973	-0.020818656056587392	87	39	0.11678240498072867	0.020818656056587392	hypomethylated	0.2986976410447501	False
sim0001687	0.0747471264367816	0.0552948717948718	0.01945225464190979	87	39	0.11755776584445904	0.01945225464190979	hypermethylated	0.3004011002555619	False
sim0002222	0.029610344827586205	0.005438461538461538	0.024171883289124667	87	39	0.11789280999779317	0.024171883289124667	hypermethylated	0.3004188766826882	False
sim0002369	0.01485862068965517	0.03765641025641024	-0.022797789566755072	87	39	0.11784968793149736	0.022797789566755072	hypomethylated	0.3004188766826882	False
sim0000950	0.032380459770114944	0.02216666666666666	0.010213793103448283	87	39	0.11788495194029378	0.010213793103448283	hypermethylated	0.3004188766826882	False
sim0002059	0.2204712643678161	0.20465000000000003	0.015821264367816085	87	38	0.11910634170789852	0.015821264367816085	hypermethylated	0.30322995428322264	False
sim0000814	0.1595093023255814	0.14474871794871796	0.014760584376863423	86	39	0.11930602900566528	0.014760584376863423	hypermethylated	0.3034570941468172	False
sim0002259	0.04867093023255815	0.07326666666666667	-0.024595736434108527	86	39	0.11964820590830012	0.024595736434108527	hypomethylated	0.30404590345060173	False
sim0000380	0.15812988505747125	0.1810487179487179	-0.02291883289124666	87	39	0.12100395701453419	0.02291883289124666	hypomethylated	0.3072069038067703	False
sim0000489	0.9176057471264367	0.9410615384615385	-0.023455791335101783	87	39	0.1217104120595879	0.023455791335101783	hypomethylated	0.30871514490091223	False
sim0000341	0.046148275862068974	0.025920512820512817	0.020227763041556157	87	39	0.12340569841808145	0.020227763041556157	hypermethylated	0.31272643316833004	False
sim0001577	0.17603563218390805	0.16259743589743594	0.01343819628647211	87	39	0.1242014193807635	0.01343819628647211	hypermethylated	0.3144528101741542	False
sim0002169	0.1114976470588235	0.09581794871794873	0.01567969834087478	85	39	0.12458837669688046	0.01567969834087478	hypermethylated	0.3151420541310595	False
sim0001359	0.965994252873563	0.9474615384615388	0.018532714412024198	87	39	0.1259449161010222	0.018532714412024198	hypermethylated	0.3182802985552051	False
sim0001468	0.8459827586206895	0.8215025641025638	0.024480194518125664	87	39	0.12662495455498546	0.024480194518125664	hypermethylated	0.3197047336052804	False
sim0000847	0.0398735632183908	0.028292307692307686	0.011581255526083113	87	39	0.12762179866665324	0.011581255526083113	hypermethylated	0.321925694157297	False
sim0002334	0.12829176470588233	0.14048717948717945	-0.012195414781297126	85	39	0.12906079934527404	0.012195414781297126	hypomethylated	0.32525689523070433	False
sim0000987	0.1029896551724138	0.08162564102564103	0.021364014146772775	87	39	0.12963744407614183	0.021364014146772775	hypermethylated	0.3264106864135303	False
sim0001637	0.9373735632183912	0.9155692307692308	0.021804332449160357	87	39	0.1300889072611616	0.021804332449160357	hypermethylated	0.32724746176411257	False
sim0001580	0.08561724137931037	0.13273157894736845	-0.04711433756805808	87	38	0.13268729391965337	0.04711433756805808	hypomethylated	0.33317367129550984	False
sim0001378	0.9542541176470588	0.9426605263157893	0.01159359133126947	85	38	0.1325925030342459	0.01159359133126947	hypermethylated	0.33317367129550984	False
sim0000137	0.7118965517241381	0.7263076923076922	-0.014411140583554083	87	39	0.13376496472029212	0.014411140583554083	hypomethylated	0.3355729297594908	False
sim0002221	0.28561149425287363	0.30799736842105263	-0.022385874168179	87	38	0.13424303010919836	0.022385874168179	hypomethylated	0.33646496688865685	False
sim0001403	0.03804942528735633	0.06410789473684211	-0.026058469449485783	87	38	0.13557534030558918	0.026058469449485783	hypomethylated	0.3394944939101672	False
sim0001290	0.1751712643678161	0.1299921052631579	0.045179159104658195	87	38	0.13633407926967495	0.045179159104658195	hypermethylated	0.3404874842512387	False
sim0001330	0.15354137931034484	0.118674358974359	0.034867020335985835	87	39	0.1363437323175692	0.034867020335985835	hypermethylated	0.3404874842512387	False
sim0000765	0.7081000000000001	0.7310641025641024	-0.022964102564102307	87	39	0.13613970354542937	0.022964102564102307	hypomethylated	0.3404874842512387	False
sim0001520	0.9792689655172415	0.9571435897435898	0.0221253757736517	87	39	0.13671475029574395	0.0221253757736517	hypermethylated	0.3411039228541405	False
sim0001731	0.08930344827586209	0.09864736842105264	-0.009343920145190546	87	38	0.13686585564732687	0.009343920145190546	hypomethylated	0.341171057589117	False
sim0000073	0.3243011494252873	0.3387666666666666	-0.014465517241379289	87	39	0.13713001087846852	0.014465517241379289	hypomethylated	0.34121027163329076	False
sim0000212	0.10489999999999998	0.11722564102564102	-0.012325641025641043	87	39	0.13707511810711728	0.012325641025641043	hypomethylated	0.34121027163329076	False
sim0000203	0.9243183908045975	0.8945641025641026	0.029754288240494975	87	39	0.13897105743262855	0.029754288240494975	hypermethylated	0.3454782758076296	False
sim0001667	0.1496218390804598	0.17406153846153843	-0.024439699381078622	87	39	0.13910610656238787	0.024439699381078622	hypomethylated	0.3455013333877753	False
sim0000834	0.25577471264367807	0.26891842105263164	-0.01314370840895357	87	38	0.13938249920525048	0.01314370840895357	hypomethylated	0.34587509062043637	False
sim0001870	0.33188823529411754	0.31466153846153855	0.01722669683257899	85	39	0.13998558315319606	0.01722669683257899	hypermethylated	0.34700490467043027	False
sim0001022	0.059493023255813966	0.0502025641025641	0.009290459153249865	86	39	0.14009044021824069	0.009290459153249865	hypermethylated	0.34700490467043027	False
sim0000853	0.9178919540229885	0.874351282051282	0.043540671971706524	87	39	0.14163739184404986	0.043540671971706524	hypermethylated	0.35052064450054504	False
sim0001819	0.9834689655172412	0.9481717948717949	0.03529717064544624	87	39	0.14188473907764948	0.03529717064544624	hypermethylated	0.3508167220938822	False
sim0001429	0.5802482352941176	0.596213157894737	-0.015964922600619325	85	38	0.14229417948049158	0.015964922600619325	hypomethylated	0.3515126897777971	False
sim0001512	0.6545117647058822	0.6387394736842106	0.01577229102167166	85	38	0.14253225684057472	0.01577229102167166	hypermethylated	0.3517844649964589	False
sim0002190	0.9930046511627904	0.9764102564102564	0.016594394752533992	86	39	0.14416907189355097	0.016594394752533992	hypermethylated	0.35550488374468986	False
sim0001044	0.8793476744186047	0.9016447368421053	-0.022297062423500602	86	38	0.1448257651446051	0.022297062423500602	hypomethylated	0.35680392542800915	False
sim0002294	0.11884137931034483	0.06686052631578948	0.05198085299455535	87	38	0.14513797957238414	0.05198085299455535	hypermethylated	0.35725271495102084	False
sim0000006	0.8648068965517245	0.8491846153846156	0.015622281167108842	87	39	0.1459336270966921	0.015622281167108842	hypermethylated	0.3588895914365382	False
sim0000887	0.8996563218390802	0.8510410256410256	0.0486152961980546	87	39	0.14665098394886078	0.0486152961980546	hypermethylated	0.3600091625625742	False
sim0000323	0.022104651162790697	0.032271794871794865	-0.010167143709004168	86	39	0.1465263870896534	0.010167143709004168	hypomethylated	0.3600091625625742	False
sim0002074	0.22646627906976752	0.2711769230769231	-0.044710644007155576	86	39	0.14700215401489738	0.044710644007155576	hypomethylated	0.3605490331061813	False
sim0001363	0.1876114942528736	0.20200512820512823	-0.014393633952254625	87	39	0.14781446568980255	0.014393633952254625	hypomethylated	0.36189513123875905	False
sim0000939	0.015213793103448272	0.02788717948717949	-0.012673386383731217	87	39	0.14777055154038338	0.012673386383731217	hypomethylated	0.36189513123875905	False
sim0000399	0.8462114942528736	0.8355538461538463	0.01065764809902725	87	39	0.14810282315317835	0.01065764809902725	hypermethylated	0.36195592099802576	False
sim0001913	0.8269352941176471	0.816848717948718	0.010086576168929051	85	39	0.14803817201655292	0.010086576168929051	hypermethylated	0.36195592099802576	False
sim0001610	0.08586627906976739	0.09973333333333334	-0.01386705426356595	86	39	0.14882213107330977	0.01386705426356595	hypomethylated	0.3633905724963395	False
sim0001938	0.9903	0.9963763157894736	-0.006076315789473652	87	38	0.14916637990215195	0.006076315789473652	hypomethylated	0.36390767814494795	False
sim0000776	0.9829139534883723	0.9662333333333334	0.016680620155038905	86	39	0.1493597815030131	0.016680620155038905	hypermethylated	0.36405618437336024	False
sim0001888	0.8452873563218389	0.8626589743589742	-0.017371618037135272	87	39	0.1514700036064495	0.017371618037135272	hypomethylated	0.36887242899549355	False
sim0000874	0.9664197674418603	0.9322538461538463	0.03416592128801399	86	39	0.15179923412740476	0.03416592128801399	hypermethylated	0.3693067686692861	False
sim0000977	0.9801505747126436	0.9960589743589742	-0.015908399646330618	87	39	0.15191723647480643	0.015908399646330618	hypomethylated	0.3693067686692861	False
sim0001144	0.18971034482758617	0.2195051282051282	-0.029794783377542045	87	39	0.15273149074007722	0.029794783377542045	hypomethylated	0.37063021648674216	False
sim0002289	0.6358988235294118	0.623478947368421	0.012419876160990828	85	38	0.152662638758415	0.012419876160990828	hypermethylated	0.37063021648674216	False
sim0001263	0.19618837209302326	0.1690891891891891	0.027099182903834146	86	37	0.15292349284202564	0.027099182903834146	hypermethylated	0.3707686097414338	False
sim0001522	0.15806896551724134	0.12995526315789474	0.0281137023593466	87	38	0.15502245201631018	0.0281137023593466	hypermethylated	0.3751953089769199	False
sim0000275	0.18371860465116285	0.16469230769230764	0.019026296958855216	86	39	0.15491745120894865	0.019026296958855216	hypermethylated	0.3751953089769199	False
sim0002076	0.9090406976744189	0.9265589743589743	-0.01751827668455541	86	39	0.15546888842302506	0.01751827668455541	hypomethylated	0.37567799900424675	False
sim0000047	0.03742068965517242	0.027492307692307698	0.009928381962864725	87	39	0.15549540766939518	0.009928381962864725	hypermethylated	0.37567799900424675	False
sim0001151	0.05880804597701148	0.048633333333333334	0.010174712643678148	87	39	0.15806006172718073	0.010174712643678148	hypermethylated	0.38153865515339674	False
sim0000251	0.9152732558139539	0.901792105263158	0.013481150550795906	86	38	0.1587916848207996	0.013481150550795906	hypermethylated	0.3829681810383991	False
sim0000189	0.14500823529411763	0.15767179487179483	-0.012663559577677203	85	39	0.15939425798906498	0.012663559577677203	hypomethylated	0.38408423394382585	False
sim0000718	0.9743149425287356	0.994351282051282	-0.020036339522546354	87	39	0.160121281689597	0.020036339522546354	hypomethylated	0.38516038599065056	False
sim0002189	0.25135862068965514	0.24287692307692305	0.008481697612732098	87	39	0.16003768467620597	0.008481697612732098	hypermethylated	0.38516038599065056	False
sim0002053	0.7657540229885057	0.7316179487179489	0.03413607427055676	87	39	0.16132946193444606	0.03413607427055676	hypermethylated	0.38679529347502206	False
sim0001778	0.0024563218390804597	0.03316666666666667	-0.030710344827586212	87	39	0.16108557527962625	0.030710344827586212	hypomethylated	0.38679529347502206	False
sim0000892	0.1636298850574712	0.1436948717948718	0.019935013262599388	87	39	0.1617866007290864	0.019935013262599388	hypermethylated	0.38679529347502206	False
sim0002267	0.22964712643678165	0.21524102564102568	0.014406100795755966	87	39	0.16136568558384892	0.014406100795755966	hypermethylated	0.38679529347502206	False
sim0000229	0.17025348837209306	0.15639743589743588	0.013856052474657182	86	39	0.16174079234244385	0.013856052474657182	hypermethylated	0.38679529347502206	False
sim0000483	0.23491264367816098	0.22483846153846146	0.010074182139699517	87	39	0.16167886179628602	0.010074182139699517	hypermethylated	0.38679529347502206	False
sim0001485	0.042489655172413786	0.03361794871794872	0.008871706454465063	87	39	0.16158505812911567	0.008871706454465063	hypermethylated	0.38679529347502206	False
sim0001877	0.22626091954022987	0.2151210526315789	0.011139866908650958	87	38	0.1622041354136338	0.011139866908650958	hypermethylated	0.3874563130271757	False
sim0000465	0.7170620689655174	0.7299447368421051	-0.012882667876587761	87	38	0.16317948128923426	0.012882667876587761	hypomethylated	0.38944746750784237	False
sim0001168	0.15978620689655174	0.20552564102564097	-0.045739434129089235	87	39	0.16463027661583818	0.045739434129089235	hypomethylated	0.39188853541049173	False
sim0001928	0.8729390804597696	0.8922435897435897	-0.019304509283820104	87	39	0.16462946827239744	0.019304509283820104	hypomethylated	0.39188853541049173	False
sim0001627	0.23620344827586212	0.254248717948718	-0.018045269672855885	87	39	0.1644724529788322	0.018045269672855885	hypomethylated	0.39188853541049173	False
sim0001707	0.15408139534883722	0.17467435897435893	-0.02059296362552171	86	39	0.16478750351038668	0.02059296362552171	hypomethylated	0.3919231793446166	False
sim0001014	0.030524137931034496	0.01694871794871795	0.013575419982316546	87	39	0.16549388844976556	0.013575419982316546	hypermethylated	0.3932627262729291	False
sim0000965	0.6634804597701148	0.6909153846153847	-0.02743492484526988	87	39	0.16579918526927656	0.02743492484526988	hypomethylated	0.39364767669377937	False
sim0001301	0.6973034482758618	0.7258189189189189	-0.02851547064305715	87	37	0.16695178348456297	0.02851547064305715	hypomethylated	0.39604192507089336	False
sim0000655	0.11000470588235288	0.1183871794871795	-0.00838247360482662	85	39	0.16737152155007107	0.00838247360482662	hypomethylated	0.3966950558222996	False
sim0000616	0.9532689655172408	0.9628974358974358	-0.009628470380194987	87	39	0.16854066457629757	0.009628470380194987	hypomethylated	0.3991217289578357	False
sim0000709	0.3312848837209301	0.3201358974358974	0.011148986285032747	86	39	0.168844948895274	0.011148986285032747	hypermethylated	0.39949791095203935	False
sim0002109	0.1927883720930232	0.20762307692307688	-0.014834704830053669	86	39	0.16907802210808603	0.014834704830053669	hypomethylated	0.3997051004568953	False
sim0000053	0.9112229885057472	0.8703384615384615	0.04088452696728573	87	39	0.169681716298641	0.04088452696728573	hypermethylated	0.4000875853729906	False
sim0000595	0.8996839080459766	0.9370128205128208	-0.03732891246684411	87	39	0.1698223969948697	0.03732891246684411	hypomethylated	0.4000875853729906	False
sim0000641	0.750019540229885	0.7321307692307693	0.01788877099911579	87	39	0.16962010697346974	0.01788877099911579	hypermethylated	0.4000875853729906	False
sim0000673	0.019262790697674424	0.010479487179487176	0.008783303518187248	86	39	0.16953846290767544	0.008783303518187248	hypermethylated	0.4000875853729906	False
sim0002282	0.9183839080459771	0.9365564102564102	-0.018172502210433095	87	39	0.17015788555635789	0.018172502210433095	hypomethylated	0.40053445726076703	False
sim0001551	0.1893023255813954	0.1607871794871795	0.028515146094215904	86	39	0.17110399106580662	0.028515146094215904	hypermethylated	0.40207242383042835	False
sim0000002	0.8173264367816095	0.8418435897435896	-0.024517152961980093	87	39	0.17104502860131582	0.024517152961980093	hypomethylated	0.40207242383042835	False
sim0000290	0.037998850574712625	0.04672564102564102	-0.008726790450928397	87	39	0.17145756222534309	0.008726790450928397	hypomethylated	0.40255890891710894	False
sim0000503	0.8685896551724138	0.883494871794872	-0.01490521662245814	87	39	0.1727600284612044	0.01490521662245814	hypomethylated	0.40527053644998157	False
sim0001505	0.8360302325581396	0.8200564102564102	0.01597382230172939	86	39	0.1737631012016234	0.01597382230172939	hypermethylated	0.40727580119527257	False
sim0001934	0.009838372093023256	0.06005384615384615	-0.0502154740608229	86	39	0.17418422284432858	0.0502154740608229	hypomethylated	0.40759152267360355	False
sim0000415	0.14681034482758626	0.13227692307692313	0.014533421750663134	87	39	0.17419455683247562	0.014533421750663134	hypermethylated	0.40759152267360355	False
sim0001324	0.01074367816091954	0.04646410256410256	-0.03572042440318302	87	39	0.17510414606182487	0.03572042440318302	hypomethylated	0.409076987761598	False
sim0000166	0.08634252873563221	0.05999487179487177	0.02634765694076044	87	39	0.17553567047381669	0.02634765694076044	hypermethylated	0.409076987761598	False
sim0001699	0.05385172413793104	0.07231025641025639	-0.01845853227232535	87	39	0.1755614985427925	0.01845853227232535	hypomethylated	0.409076987761598	False
sim0000315	0.948151724137931	0.9643615384615385	-0.016209814323607463	87	39	0.17557399656750058	0.016209814323607463	hypomethylated	0.409076987761598	False
sim0001754	0.04387126436781608	0.03303846153846154	0.010832802829354546	87	39	0.17516123559401495	0.010832802829354546	hypermethylated	0.409076987761598	False
sim0001572	0.8961770114942526	0.916451282051282	-0.02027427055702946	87	39	0.17598191850953201	0.02027427055702946	hypomethylated	0.4096799408014275	False
sim0001149	0.9031813953488375	0.9241615384615384	-0.02098014311270091	86	39	0.17617348915496453	0.02098014311270091	hypomethylated	0.40977864073555254	False
sim0002392	0.030267441860465125	0.04461794871794872	-0.014350506857483594	86	39	0.17745592735311433	0.014350506857483594	hypomethylated	0.41241237939002123	False
sim0001078	0.8199471264367816	0.8103333333333335	0.00961379310344812	87	39	0.17800571653461317	0.00961379310344812	hypermethylated	0.4133404085550147	False
sim0001314	0.07480697674418604	0.05976666666666666	0.015040310077519381	86	39	0.17996247813968072	0.015040310077519381	hypermethylated	0.41753118872441125	False
sim0001317	0.9138505747126434	0.8898333333333335	0.02401724137930994	87	39	0.18148987746289583	0.02401724137930994	hypermethylated	0.42071957248149777	False
sim0002099	0.11224022988505745	0.13230512820512821	-0.02006489832007076	87	39	0.1818849849581717	0.02006489832007076	hypomethylated	0.42127997780783955	False
sim0001633	0.07824827586206895	0.059523076923076935	0.018725198938992015	87	39	0.18206607409341052	0.018725198938992015	hypermethylated	0.4213441495657951	False
sim0000869	0.17317126436781613	0.14038461538461539	0.032786648983200745	87	39	0.18284591059724256	0.032786648983200745	hypermethylated	0.42243710379362936	False
sim0000474	0.9331494252873563	0.9213921052631576	0.011757320024198714	87	38	0.18280932022272176	0.011757320024198714	hypermethylated	0.42243710379362936	False
sim0001638	0.9795747126436778	0.9612435897435898	0.01833112290008798	87	39	0.18320741197843313	0.01833112290008798	hypermethylated	0.42291660563424854	False
sim0002154	0.2575609195402298	0.2416815789473685	0.015879340592861307	87	38	0.1838184015845629	0.015879340592861307	hypermethylated	0.4239707381635552	False
sim0000504	0.26564252873563227	0.2562769230769231	0.009365605658709142	87	39	0.1839929831177968	0.009365605658709142	hypermethylated	0.42401738643002335	False
sim0001148	0.8415139534883722	0.814197435897436	0.02731651759093623	86	39	0.18433857811098	0.02731651759093623	hypermethylated	0.4244577318280487	False
sim0001188	0.18479080459770106	0.1987820512820513	-0.013991246684350228	87	39	0.18464651153203382	0.013991246684350228	hypomethylated	0.4248106927793106	False
sim0000833	0.9592977011494258	0.948957894736842	0.010339806412583807	87	38	0.18491509264702466	0.010339806412583807	hypermethylated	0.4250726020932023	False
sim0001587	0.874864367816092	0.8564184210526316	0.018445946763460452	87	38	0.18543187431274344	0.018445946763460452	hypermethylated	0.42554833645539364	False
sim0000112	0.8411709302325583	0.8548692307692309	-0.013698300536672647	86	39	0.18536481523742912	0.013698300536672647	hypomethylated	0.42554833645539364	False
sim0001679	0.05137586206896552	0.06067894736842107	-0.009303085299455546	87	38	0.18586374548471177	0.009303085299455546	hypomethylated	0.4261833963660294	False
sim0002047	0.04648505747126438	0.03376410256410256	0.012720954907161817	87	39	0.18622544474802846	0.012720954907161817	hypermethylated	0.42665662779218866	False
sim0001091	0.9102103448275862	0.9382641025641026	-0.028053757736516416	87	39	0.18707076569870973	0.028053757736516416	hypomethylated	0.42787959481628274	False
sim0001783	0.30101149425287355	0.3121410256410257	-0.011129531388152147	87	39	0.18703280340303172	0.011129531388152147	hypomethylated	0.42787959481628274	False
sim0001930	0.7567172413793102	0.7451102564102563	0.01160698496905388	87	39	0.18827400988802498	0.01160698496905388	hypermethylated	0.4302734651933483	False
sim0001860	0.5255781609195401	0.4940756756756757	0.03150248524386445	87	37	0.1885688870870091	0.03150248524386445	hypermethylated	0.43058913784539815	False
sim0001812	0.16371034482758617	0.1858538461538462	-0.02214350132626003	87	39	0.1890732015255678	0.02214350132626003	hypomethylated	0.4308135575204119	False
sim0000396	0.12701294117647058	0.13885641025641027	-0.011843469079939689	85	39	0.1891376593992052	0.011843469079939689	hypomethylated	0.4308135575204119	False
sim0000510	0.9057448275862068	0.912446153846154	-0.006701326259947238	87	39	0.1889859821833325	0.006701326259947238	hypomethylated	0.4308135575204119	False
sim0002153	0.2555965517241379	0.24886923076923076	0.006727320954907162	87	39	0.18967170480840387	0.006727320954907162	hypermethylated	0.4313147128383158	False
sim0001480	0.9947505747126437	0.9881384615384616	0.006612113174182088	87	39	0.18961894911394475	0.006612113174182088	hypermethylated	0.4313147128383158	False
sim0000136	0.9317241379310344	0.923597435897436	0.008126702033598332	87	39	0.19085809791545094	0.008126702033598332	hypermethylated	0.4332952024576394	False
sim0000551	0.04634137931034483	0.053321052631578957	-0.006979673321234128	87	38	0.19076071209013917	0.006979673321234128	hypomethylated	0.4332952024576394	False
sim0001581	0.9556465116279067	0.9651538461538461	-0.009507334525939437	86	39	0.19241196173445374	0.009507334525939437	hypomethylated	0.4364621460648591	False
sim0000410	0.9984735632183908	0.9658948717948718	0.03257869142351899	87	39	0.19271441120600893	0.03257869142351899	hypermethylated	0.43678753100899875	False
sim0000214	0.14055348837209303	0.1347025641025641	0.005850924269528934	86	39	0.19335221044382225	0.005850924269528934	hypermethylated	0.43787182365142596	False
sim0000824	0.18801379310344826	0.19794358974358975	-0.009929796640141486	87	39	0.19355718096544225	0.009929796640141486	hypomethylated	0.43797493913679564	False
sim0001839	0.18455172413793097	0.15639999999999998	0.02815172413793099	87	39	0.19524813761616952	0.02815172413793099	hypermethylated	0.44104627351063463	False
sim0002149	0.05231379310344827	0.06180000000000001	-0.00948620689655174	87	38	0.19539618305877043	0.00948620689655174	hypomethylated	0.44104627351063463	False
sim0000905	0.16997471264367814	0.17763846153846155	-0.007663748894783412	87	39	0.19527652707848756	0.007663748894783412	hypomethylated	0.44104627351063463	False
sim0002011	0.875436046511628	0.9077769230769233	-0.03234087656529527	86	39	0.1959027972127725	0.03234087656529527	hypomethylated	0.4418267520061462	False
sim0001406	0.12046551724137929	0.1045	0.01596551724137929	87	39	0.19620418140771576	0.01596551724137929	hypermethylated	0.44214346704429464	False
sim0001230	0.24948965517241384	0.20596410256410266	0.043525552608311174	87	39	0.19668801428857258	0.043525552608311174	hypermethylated	0.4428704715169745	False
sim0000210	0.2941482758620688	0.2773487179487179	0.016799557913350915	87	39	0.1968581087711675	0.016799557913350915	hypermethylated	0.44289043799704925	False
sim0000903	0.7874275862068967	0.8120846153846154	-0.024657029177718726	87	39	0.19819216076864152	0.024657029177718726	hypomethylated	0.4455268949520935	False
sim0001259	0.2993352941176471	0.28772051282051275	0.011614781297134336	85	39	0.19950970515691582	0.011614781297134336	hypermethylated	0.44812196244157626	False
sim0001424	0.785287356321839	0.8000179487179486	-0.014730592396109632	87	39	0.19973136484894247	0.014730592396109632	hypomethylated	0.44825331637258575	False
sim0000197	0.8388988505747127	0.8159051282051283	0.022993722369584413	87	39	0.20140600558107308	0.022993722369584413	hypermethylated	0.45034486207615176	False
sim0001462	0.8258022988505747	0.8457256410256411	-0.019923342175066416	87	39	0.20119531003443222	0.019923342175066416	hypomethylated	0.45034486207615176	False
sim0001996	0.18722528735632182	0.16756923076923075	0.019656056587091075	87	39	0.20158972106891546	0.019656056587091075	hypermethylated	0.45034486207615176	False
sim0000773	0.1677632183908046	0.14905897435897433	0.01870424403183027	87	39	0.2015214652428429	0.01870424403183027	hypermethylated	0.45034486207615176	False
sim0002249	0.17252325581395356	0.15607631578947365	0.01644694002447991	86	38	0.20164695316842615	0.01644694002447991	hypermethylated	0.45034486207615176	False
sim0001844	0.8511057471264374	0.8601102564102564	-0.009004509283819018	87	39	0.20164252227141538	0.009004509283819018	hypomethylated	0.45034486207615176	False
sim0001235	0.08456896551724133	0.07121052631578947	0.013358439201451855	87	38	0.20224258699214698	0.013358439201451855	hypermethylated	0.4513081937184628	False
sim0000443	0.7873505747126441	0.7757000000000002	0.011650574712643968	87	38	0.20241891496145104	0.011650574712643968	hypermethylated	0.4513350319797938	False
sim0000849	0.2755597701149426	0.2871076923076923	-0.011547922192749693	87	39	0.2035390561899553	0.011547922192749693	hypomethylated	0.45346454773220374	False
sim0002346	0.013984883720930234	0.03936666666666666	-0.025381782945736425	86	39	0.2040281241021552	0.025381782945736425	hypomethylated	0.4541857835564185	False
sim0000746	0.07379767441860464	0.056887179487179494	0.01691049493142515	86	39	0.2054759747638125	0.01691049493142515	hypermethylated	0.4570384637054194	False
sim0001690	0.1567623529411765	0.16669743589743588	-0.009935082956259389	85	39	0.20859566326236376	0.009935082956259389	hypomethylated	0.46360217393342495	False
sim0001084	0.9026199999999998	0.8821868421052631	0.020433157894736653	85	38	0.20896167421140738	0.020433157894736653	hypermethylated	0.4640401932568602	False
sim0000258	0.029524418604651152	0.05433846153846153	-0.024814042933810378	86	39	0.20928686856289	0.024814042933810378	hypomethylated	0.46438693694851274	False
sim0000069	0.7291317647058821	0.7432128205128206	-0.014081055806938414	85	39	0.2098187877784386	0.014081055806938414	hypomethylated	0.4651914528065947	False
sim0000907	0.014971264367816092	6.31578947368421e-05	0.01490810647307925	87	38	0.2101066468424796	0.01490810647307925	hypermethylated	0.46545399909378343	False
sim0002031	0.027348275862068963	0.006887179487179486	0.02046109637488948	87	39	0.21141931243740278	0.02046109637488948	hypermethylated	0.46760777074520565	False
sim0002159	0.19447011494252883	0.2092589743589744	-0.01478885941644556	87	39	0.21132946761552576	0.01478885941644556	hypomethylated	0.46760777074520565	False
sim0001827	0.9820402298850575	0.9479076923076922	0.03413253757736523	87	39	0.2125236160113521	0.03413253757736523	hypermethylated	0.468203251585807	False
sim0000683	0.3293662790697673	0.3154410256410255	0.01392525342874179	86	39	0.21254075527029534	0.01392525342874179	hypermethylated	0.468203251585807	False
sim0001042	0.11887325581395347	0.10538974358974358	0.01348351222420989	86	39	0.21216895631179145	0.01348351222420989	hypermethylated	0.468203251585807	False
sim0002020	0.29203908045977006	0.2809230769230769	0.011116003536693175	87	39	0.21230082222629898	0.011116003536693175	hypermethylated	0.468203251585807	False
sim0001174	0.7328356321839078	0.7247447368421053	0.008090895341802518	87	38	0.21223022615389367	0.008090895341802518	hypermethylated	0.468203251585807	False
sim0000419	0.884458139534884	0.9061717948717948	-0.02171365533691083	86	39	0.21282918985598145	0.02171365533691083	hypomethylated	0.4684629683769079	False
sim0001546	0.05764137931034484	0.06678461538461539	-0.009143236074270547	87	39	0.21388838941747432	0.009143236074270547	hypomethylated	0.4700411245838415	False
sim0001729	0.8728908045977011	0.8658128205128205	0.007077984084880584	87	39	0.21381353075424198	0.007077984084880584	hypermethylated	0.4700411245838415	False
sim0000037	0.04775172413793103	0.035192307692307676	0.012559416445623355	87	39	0.21415899304492322	0.012559416445623355	hypermethylated	0.4702595954391719	False
sim0000265	0.8210126436781613	0.8064769230769231	0.0145357206012382	87	39	0.21465811836162338	0.0145357206012382	hypermethylated	0.47097911432857786	False
sim0001915	0.7792882352941177	0.7639263157894738	0.01536191950464394	85	38	0.21493817776379226	0.01536191950464394	hypermethylated	0.4712172181301974	False
sim0001292	0.08409655172413792	0.11892307692307692	-0.034826525198939	87	39	0.2157975862267177	0.034826525198939	hypomethylated	0.47272405850462007	False
sim0000917	0.1027632183908046	0.11799230769230774	-0.015229089301503143	87	39	0.21600787810207298	0.015229089301503143	hypomethylated	0.4728076821883621	False
sim0002364	0.9014045977011493	0.9098333333333333	-0.008428735632183937	87	39	0.21674589405542988	0.008428735632183937	hypomethylated	0.47404535905275946	False
sim0001010	0.7359850574712642	0.7209794871794869	0.015005570291777293	87	39	0.21795514559931392	0.015005570291777293	hypermethylated	0.476310887001842	False
sim0000876	0.9455505747126434	0.9371205128205128	0.00843006189213058	87	39	0.21827860618355985	0.00843006189213058	hypermethylated	0.47663857804947446	False
sim0000800	0.6066623529411764	0.5863076923076923	0.020354660633484123	85	39	0.21925832885290844	0.020354660633484123	hypermethylated	0.4782826409273027	False
sim0000321	0.9842790697674415	0.9656358974358974	0.01864317233154411	86	39	0.2193797333703682	0.01864317233154411	hypermethylated	0.4782826409273027	False
sim0001192	0.0686279069767442	0.05941282051282052	0.009215086463923682	86	39	0.22015913257686634	0.009215086463923682	hypermethylated	0.47960121902351455	False
sim0002376	0.7856252873563219	0.7661684210526316	0.019456866303690257	87	38	0.22068860301367932	0.019456866303690257	hypermethylated	0.47961360164444394	False
sim0001708	0.9052402298850573	0.9154153846153846	-0.010175154730327374	87	39	0.2204984790420087	0.010175154730327374	hypomethylated	0.47961360164444394	False
sim0000855	0.21426162790697675	0.2060512820512821	0.008210345855694662	86	39	0.22052622582986714	0.008210345855694662	hypermethylated	0.47961360164444394	False
sim0000438	0.9758662790697671	0.94085	0.03501627906976712	86	38	0.22201965738804108	0.03501627906976712	hypermethylated	0.4821249002726868	False
sim0001527	0.012931395348837207	0.022251282051282042	-0.009319886702444834	86	39	0.22301698220744703	0.009319886702444834	hypomethylated	0.4839080964643421	False
sim0001476	0.09954999999999994	0.0867025641025641	0.012847435897435838	86	39	0.22322267890198086	0.012847435897435838	hypermethylated	0.483972138077144	False
sim0002330	0.03815862068965518	0.05163333333333332	-0.013474712643678145	87	39	0.22522080938826652	0.013474712643678145	hypomethylated	0.4879192140296279	False
sim0000021	0.07214767441860466	0.0567974358974359	0.015350238521168763	86	39	0.2262107260365349	0.015350238521168763	hypermethylated	0.48935053893721836	False
sim0000147	0.8814058823529414	0.8943153846153847	-0.012909502262443362	85	39	0.22623778101575076	0.012909502262443362	hypomethylated	0.48935053893721836	False
sim0001992	0.9464126436781608	0.9694076923076921	-0.02299504862953128	87	39	0.22655057238722134	0.02299504862953128	hypomethylated	0.4896415596756074	False
sim0000014	0.06746896551724138	0.052912820512820515	0.014556145004420866	87	39	0.22702916588194016	0.014556145004420866	hypermethylated	0.4899535980596563	False
sim0000766	0.07431379310344827	0.06145384615384618	0.012859946949602089	87	39	0.22705166739349925	0.012859946949602089	hypermethylated	0.4899535980596563	False
sim0001186	0.14157586206896547	0.15427692307692306	-0.012701061007957593	87	39	0.22728313632794878	0.012701061007957593	hypomethylated	0.49006811263177025	False
sim0000054	0.29715862068965515	0.2888692307692309	0.008289389920424273	87	39	0.22793346384838678	0.008289389920424273	hypermethylated	0.49108488250315174	False
sim0001370	0.7870310344827589	0.7768615384615385	0.010169496021220414	87	39	0.22838657517118324	0.010169496021220414	hypermethylated	0.49167548745708495	False
sim0001067	0.06723139534883721	0.09128421052631581	-0.024052815177478606	86	38	0.22885630438072557	0.024052815177478606	hypomethylated	0.49180186037964146	False
sim0001984	0.7830674418604652	0.762553846153846	0.020513595706619148	86	39	0.22916140563740117	0.020513595706619148	hypermethylated	0.49180186037964146	False
sim0000610	0.7136896551724143	0.7021666666666666	0.011522988505747733	87	39	0.22914071146390566	0.011522988505747733	hypermethylated	0.49180186037964146	False
sim0002194	0.8751471264367819	0.8658666666666668	0.009280459770115157	87	39	0.22886209646884662	0.009280459770115157	hypermethylated	0.49180186037964146	False
sim0001221	0.03497816091954024	0.013623076923076924	0.02135508399646331	87	39	0.23022313708446038	0.02135508399646331	hypermethylated	0.49298737221569505	False
sim0001611	0.726855172413793	0.7117435897435899	0.015111582670203183	87	39	0.23013703614459702	0.015111582670203183	hypermethylated	0.49298737221569505	False
sim0000764	0.9632068965517242	0.9766461538461538	-0.01343925729442963	87	39	0.23025220187576875	0.01343925729442963	hypomethylated	0.49298737221569505	False
sim0002173	0.04801379310344828	0.07039999999999998	-0.0223862068965517	87	39	0.2312326296049703	0.0223862068965517	hypomethylated	0.4943159793967731	False
sim0001409	0.31980588235294116	0.3072538461538462	0.012552036199094951	85	39	0.23119394828249937	0.012552036199094951	hypermethylated	0.4943159793967731	False
sim0000575	0.9525942528735635	0.9140102564102562	0.038583996463307235	87	39	0.2322686574479258	0.038583996463307235	hypermethylated	0.49567811117433375	False
sim0000534	0.12938255813953486	0.14977948717948722	-0.020396929039952355	86	39	0.23224055937535654	0.020396929039952355	hypomethylated	0.49567811117433375	False
sim0000035	0.08076091954022986	0.06942368421052632	0.011337235329703543	87	38	0.2324111420431532	0.011337235329703543	hypermethylated	0.49567811117433375	False
sim0000307	0.5890586206896552	0.6031769230769229	-0.014118302387267745	87	39	0.23291194436289936	0.014118302387267745	hypomethylated	0.49636083100456513	False
sim0000530	0.9171905882352942	0.9365589743589746	-0.019368386123680414	85	39	0.235855921958202	0.019368386123680414	hypomethylated	0.5022451299373495	False
sim0002300	0.8833402298850574	0.8754769230769234	0.007863306808134074	87	39	0.23731150237688015	0.007863306808134074	hypermethylated	0.5049532897205963	False
sim0000649	0.7915988505747125	0.7749763157894737	0.016622534785238785	87	38	0.23786147166578384	0.016622534785238785	hypermethylated	0.5057317822491549	False
sim0001397	0.17644418604651155	0.1986184210526316	-0.022174235006120063	86	38	0.23836740308349916	0.022174235006120063	hypomethylated	0.5064155114233351	False
sim0000491	0.7939558139534885	0.8060210526315789	-0.012065238678090395	86	38	0.23862918818376108	0.012065238678090395	hypomethylated	0.5065798917625902	False
sim0001677	0.1572160919540229	0.12900512820512816	0.02821096374889473	87	39	0.2389939782307582	0.02821096374889473	hypermethylated	0.5069625159844732	False
sim0000299	0.1345511627906977	0.11750000000000001	0.017051162790697696	86	39	0.24055171182160578	0.017051162790697696	hypermethylated	0.5098731113996536	False
sim0001245	0.9542022988505748	0.9214666666666668	0.03273563218390807	87	39	0.24145479807944115	0.03273563218390807	hypermethylated	0.5113926987850616	False
sim0000324	0.8513770114942529	0.8369947368421052	0.014382274652147697	87	38	0.24195122449863965	0.014382274652147697	hypermethylated	0.5120493171785541	False
sim0001724	0.11474022988505746	0.09557435897435897	0.01916587091069849	87	39	0.242293979284895	0.01916587091069849	hypermethylated	0.5123799546540466	False
sim0000314	0.9214770114942528	0.9365717948717949	-0.01509478337754211	87	39	0.2428315938142807	0.01509478337754211	hypomethylated	0.5131218370829455	False
sim0000434	0.7766441860465114	0.741425641025641	0.035218545020870407	86	39	0.24332358872093685	0.035218545020870407	hypermethylated	0.5137662553546606	False
sim0002131	0.15560114942528733	0.16485000000000002	-0.009248850574712697	87	38	0.24444143608304908	0.009248850574712697	hypomethylated	0.515730126666771	False
sim0001593	0.27297906976744185	0.2626589743589743	0.010320095408467567	86	39	0.24483914200419515	0.010320095408467567	hypermethylated	0.5161727728975627	False
sim0000737	0.7656862068965519	0.7526421052631577	0.0130441016333942	87	38	0.24539243152342782	0.0130441016333942	hypermethylated	0.5169424918672211	False
sim0002366	0.8581206896551722	0.875669230769231	-0.01754854111405879	87	39	0.24733004270884146	0.01754854111405879	hypomethylated	0.5189083241029657	False
sim0002019	0.29531976744186045	0.28114871794871793	0.014171049493142518	86	39	0.24741188220088053	0.014171049493142518	hypermethylated	0.5189083241029657	False
sim0001636	0.05078045977011492	0.037828205128205124	0.0129522546419098	87	39	0.24685561378740875	0.0129522546419098	hypermethylated	0.5189083241029657	False
sim0002202	0.10341976744186046	0.09106666666666664	0.012353100775193818	86	39	0.24745901149431565	0.012353100775193818	hypermethylated	0.5189083241029657	False
sim0002170	0.8028080459770114	0.8123358974358974	-0.009527851458886016	87	39	0.24658241006056594	0.009527851458886016	hypomethylated	0.5189083241029657	False
sim0000193	0.9544862068965517	0.94644358974359	0.008042617152961729	87	39	0.24694703926486045	0.008042617152961729	hypermethylated	0.5189083241029657	False
sim0001889	0.9443094117647058	0.9518552631578948	-0.007545851393188974	85	38	0.24786932680491144	0.007545851393188974	hypomethylated	0.5193722660054094	False
sim0000033	0.42009310344827583	0.3861256410256411	0.03396746242263471	87	39	0.24850770502497158	0.03396746242263471	hypermethylated	0.5196961882882513	False
sim0002108	0.2500402298850575	0.21834615384615377	0.0316940760389037	87	39	0.24878066530726262	0.0316940760389037	hypermethylated	0.5196961882882513	False
sim0000749	0.4468563218390807	0.4255128205128206	0.021343501326260117	87	39	0.24869280957927664	0.021343501326260117	hypermethylated	0.5196961882882513	False
sim0001515	0.010570930232558139	0.005261538461538462	0.005309391771019677	86	39	0.24830651912850465	0.005309391771019677	hypermethylated	0.5196961882882513	False
sim0002165	0.0293764705882353	0.03747948717948717	-0.008103016591251868	85	39	0.24998923245478125	0.008103016591251868	hypomethylated	0.5218240285359301	False
sim0002385	0.15181379310344822	0.1706526315789473	-0.01883883847549908	87	38	0.2503801665532146	0.01883883847549908	hypomethylated	0.5222432175563253	False
sim0000283	0.22217241379310348	0.1984205128205128	0.023751900972590695	87	39	0.25152512941585714	0.023751900972590695	hypermethylated	0.5231358584331132	False
sim0000629	0.9651860465116279	0.983021052631579	-0.017835006119951147	86	38	0.2515698831416609	0.017835006119951147	hypomethylated	0.5231358584331132	False
sim0001190	0.8076441860465119	0.7956307692307691	0.01201341681574275	86	39	0.25106159554806345	0.01201341681574275	hypermethylated	0.5231358584331132	False
sim0001106	0.9860701149425287	0.9954179487179488	-0.009347833775420034	87	39	0.2512339368841325	0.009347833775420034	hypomethylated	0.5231358584331132	False
sim0001347	0.992813953488372	0.9726315789473684	0.020182374541003578	86	38	0.252338337686866	0.020182374541003578	hypermethylated	0.5240999477101517	False
sim0000387	0.1497942528735632	0.16536666666666663	-0.015572413793103423	87	39	0.25241508220623615	0.015572413793103423	hypomethylated	0.5240999477101517	False
sim0000094	0.2373459770114942	0.2702692307692308	-0.03292325375773661	87	39	0.2533129728092183	0.03292325375773661	hypomethylated	0.524774310940364	False
sim0000948	0.8711267441860462	0.8843315789473686	-0.013204834761322393	86	38	0.2532816282209433	0.013204834761322393	hypomethylated	0.524774310940364	False
sim0002333	0.10924252873563221	0.11851538461538463	-0.00927285587975242	87	39	0.2531754544476467	0.00927285587975242	hypomethylated	0.524774310940364	False
sim0001689	0.38014942528735624	0.35563846153846157	0.024510963748894665	87	39	0.25390457020834273	0.024510963748894665	hypermethylated	0.5252077216583716	False
sim0000767	0.16474186046511627	0.15848717948717947	0.0062546809779367996	86	39	0.25380971738271396	0.0062546809779367996	hypermethylated	0.5252077216583716	False
sim0001052	0.3258597701149425	0.3170894736842106	0.008770296430731905	87	38	0.2541078701715736	0.008770296430731905	hypermethylated	0.5252327459453068	False
sim0001780	0.11796781609195403	0.10551315789473682	0.012454658197217208	87	38	0.2544509064188761	0.012454658197217208	hypermethylated	0.5255463458140245	False
sim0000968	0.05229540229885056	0.045184615384615386	0.0071107869142351746	87	39	0.25520793477506254	0.0071107869142351746	hypermethylated	0.5267138969399675	False
sim0000919	0.09663837209302326	0.0846948717948718	0.011943500298151458	86	39	0.25665995124126867	0.011943500298151458	hypermethylated	0.5293129775223462	False
sim0002288	0.09570930232558135	0.07053333333333334	0.025175968992248013	86	39	0.25701463479480113	0.025175968992248013	hypermethylated	0.5296468130392488	False
sim0002192	0.7846137931034484	0.795146153846154	-0.010532360742705582	87	39	0.2598980586501397	0.010532360742705582	hypomethylated	0.5345175373742228	False
sim0002026	0.07936551724137933	0.07311315789473685	0.006252359346642478	87	38	0.2598213625297927	0.006252359346642478	hypermethylated	0.5345175373742228	False
sim0001757	0.3240494252873563	0.33028947368421063	-0.006240048396854325	87	38	0.2599619329930694	0.006240048396854325	hypomethylated	0.5345175373742228	False
sim0000633	0.8149356321839079	0.7994230769230769	0.015512555260830951	87	39	0.2628429485336025	0.015512555260830951	hypermethylated	0.5396334675798252	False
sim0001394	0.04341529411764705	0.03296153846153845	0.0104537556561086	85	39	0.26271315968048337	0.0104537556561086	hypermethylated	0.5396334675798252	False
sim0001676	0.9456953488372095	0.9361666666666667	0.009528682170542813	86	39	0.26350691657686426	0.009528682170542813	hypermethylated	0.5405926063007066	False
sim0000878	0.08867906976744187	0.10248684210526315	-0.01380777233782128	86	38	0.265559109569779	0.01380777233782128	hypomethylated	0.5441461463142832	False
sim0000404	0.011677906976744186	0.01687368421052631	-0.005195777233782126	86	38	0.2656352319648539	0.005195777233782126	hypomethylated	0.5441461463142832	False
sim0001266	0.09474302325581395	0.11253846153846155	-0.017795438282647597	86	39	0.2665788124059775	0.017795438282647597	hypomethylated	0.5456721294181969	False
sim0001276	0.19391034482758612	0.1846128205128205	0.009297524314765632	87	39	0.2674572857519676	0.009297524314765632	hypermethylated	0.5467514116053104	False
sim0000357	0.46008235294117644	0.45288461538461533	0.007197737556561112	85	39	0.26750414896160796	0.007197737556561112	hypermethylated	0.5467514116053104	False
sim0000032	0.22826666666666665	0.21327948717948716	0.01498717948717948	87	39	0.26772720350896473	0.01498717948717948	hypermethylated	0.5468004669435882	False
sim0000836	0.9776942528735634	0.9657179487179486	0.011976304155614792	87	39	0.2679972261275123	0.011976304155614792	hypermethylated	0.546945304734232	False
sim0000092	0.08249885057471264	0.07511025641025641	0.007388594164456225	87	39	0.26831014382212065	0.007388594164456225	hypermethylated	0.5471774054041317	False
sim0001797	0.9494023255813957	0.969592307692308	-0.020189982110912275	86	39	0.2690955724254781	0.020189982110912275	hypomethylated	0.5483720604249172	False
sim0002133	0.00722093023255814	0.014056410256410254	-0.006835480023852114	86	39	0.27060558958924097	0.006835480023852114	hypomethylated	0.5510404407721609	False
sim0001060	0.09240574712643677	0.08235128205128205	0.010054465075154728	87	39	0.27089690605476735	0.010054465075154728	hypermethylated	0.5512250377277378	False
sim0002246	0.4708735632183909	0.4926820512820514	-0.02180848806366048	87	39	0.2727753629993748	0.02180848806366048	hypomethylated	0.5546365078899206	False
sim0000832	0.9405465116279068	0.916974358974359	0.02357215265354784	86	39	0.2733328404224204	0.02357215265354784	hypermethylated	0.5552707442497165	False
sim0001549	0.11595517241379313	0.1290153846153846	-0.013060212201591453	87	39	0.2734915606006066	0.013060212201591453	hypomethylated	0.5552707442497165	False
sim0001491	0.01802528735632184	0.05252564102564102	-0.03450035366931918	87	39	0.2743722387759559	0.03450035366931918	hypomethylated	0.5557568165269291	False
sim0000790	0.5190735632183908	0.5052315789473684	0.013841984271022456	87	38	0.27452469586027684	0.013841984271022456	hypermethylated	0.5557568165269291	False
sim0001057	0.07835529411764706	0.06681025641025642	0.01154503770739064	85	39	0.2739820594866146	0.01154503770739064	hypermethylated	0.5557568165269291	False
sim0002235	0.7005523255813952	0.6924184210526317	0.008133904528763503	86	38	0.274540225710609	0.008133904528763503	hypermethylated	0.5557568165269291	False
sim0000891	0.6964344827586207	0.6891692307692308	0.007265251989389987	87	39	0.2748532391970483	0.007265251989389987	hypermethylated	0.555980742322748	False
sim0002193	0.1105103448275862	0.09180769230769227	0.018702652519893934	87	39	0.27522270813646454	0.018702652519893934	hypermethylated	0.5561596721901878	False
sim0001681	0.8243804597701145	0.8337657894736841	-0.009385329703569534	87	38	0.27534661600970345	0.009385329703569534	hypomethylated	0.5561596721901878	False
sim0001075	0.6621068965517241	0.6507897435897436	0.011317152961980437	87	39	0.27576985294786316	0.011317152961980437	hypermethylated	0.5566052799763264	False
sim0002312	0.9516494252873563	0.9584230769230772	-0.0067736516357208565	87	39	0.2760240980871312	0.0067736516357208565	hypomethylated	0.5567093960685384	False
sim0000747	0.9902406976744185	0.9669256410256413	0.0233150566487772	86	39	0.2763498486932504	0.0233150566487772	hypermethylated	0.5569574720178716	False
sim0001649	0.19379425287356317	0.18149487179487175	0.012299381078691413	87	39	0.27671635252851395	0.012299381078691413	hypermethylated	0.5572872583547125	False
sim0000787	0.17124827586206892	0.14843076923076925	0.022817506631299667	87	39	0.2777954424753557	0.022817506631299667	hypermethylated	0.5590506084101114	False
sim0000646	0.20940117647058823	0.2287641025641026	-0.019362926093514365	85	39	0.2785920107838389	0.019362926093514365	hypomethylated	0.5602432310565193	False
sim0001735	0.265813953488372	0.30834358974358983	-0.04252963625521783	86	39	0.27940648938227325	0.04252963625521783	hypomethylated	0.5614700997316054	False
sim0000781	0.9877895348837209	0.9692923076923078	0.018497227191413113	86	39	0.2809737403181603	0.018497227191413113	hypermethylated	0.5637946418217578	False
sim0001026	0.8383379310344826	0.8292897435897438	0.009048187444738787	87	39	0.2807782871715598	0.009048187444738787	hypermethylated	0.5637946418217578	False
sim0000971	0.93892	0.9545641025641026	-0.015644102564102647	85	39	0.2812958255283216	0.015644102564102647	hypomethylated	0.5640289289972988	False
sim0001031	0.21398735632183913	0.17875263157894739	0.03523472474289174	87	38	0.281856430317899	0.03523472474289174	hypermethylated	0.5645707543737809	False
sim0001178	0.376296551724138	0.36829487179487175	0.008001679929266259	87	39	0.28197709319287495	0.008001679929266259	hypermethylated	0.5645707543737809	False
sim0000186	0.16975116279069766	0.18423076923076925	-0.014479606440071596	86	39	0.28272105092851346	0.014479606440071596	hypomethylated	0.5648953133727458	False
sim0000638	0.1507953488372093	0.16025641025641027	-0.009461061419200972	86	39	0.2824168123554919	0.009461061419200972	hypomethylated	0.5648953133727458	False
sim0002029	0.9022482758620692	0.9116179487179488	-0.00936967285587953	87	39	0.2827561179059066	0.00936967285587953	hypomethylated	0.5648953133727458	False
sim0001056	0.7450790697674418	0.7640512820512819	-0.018972212283840162	86	39	0.28305072549742644	0.018972212283840162	hypomethylated	0.5650729236492953	False
sim0000539	0.20154252873563222	0.2134641025641026	-0.011921573828470367	87	39	0.28459603516864795	0.011921573828470367	hypomethylated	0.5677453221556107	False
sim0001507	0.019154117647058818	0.05027179487179486	-0.031117677224736042	85	39	0.285361707076922	0.031117677224736042	hypomethylated	0.5688596584472458	False
sim0001669	0.2852034883720931	0.2911076923076923	-0.005904203935599206	86	39	0.2860262610257956	0.005904203935599206	hypomethylated	0.5697709492660337	False
sim0001023	0.803736046511628	0.7780526315789473	0.02568341493268067	86	38	0.28866536073577453	0.02568341493268067	hypermethylated	0.5739573471482965	False
sim0000986	0.08724942528735632	0.10007692307692308	-0.012827497789566752	87	39	0.2889739487343407	0.012827497789566752	hypomethylated	0.5739573471482965	False
sim0000292	0.13426000000000002	0.1469410256410256	-0.012681025641025578	85	39	0.2893291331366924	0.012681025641025578	hypomethylated	0.5739573471482965	False
sim0002268	0.06271034482758622	0.05137105263157895	0.011339292196007274	87	38	0.28979935948113844	0.011339292196007274	hypermethylated	0.5739573471482965	False
sim0000618	0.9547267441860465	0.9634256410256412	-0.008698896839594683	86	39	0.28856361475697173	0.008698896839594683	hypomethylated	0.5739573471482965	False
sim0001978	0.042697701149425296	0.050518421052631594	-0.007820719903206298	87	38	0.28967231674235977	0.007820719903206298	hypomethylated	0.5739573471482965	False
sim0000805	0.9734701149425284	0.9805846153846153	-0.007114500442086835	87	39	0.2896965695504421	0.007114500442086835	hypomethylated	0.5739573471482965	False
sim0001817	0.09001162790697677	0.08315000000000002	0.006861627906976753	86	38	0.2894103688828166	0.006861627906976753	hypermethylated	0.5739573471482965	False
sim0002084	0.06080689655172415	0.045166666666666674	0.015640229885057477	87	39	0.29061744389929517	0.015640229885057477	hypermethylated	0.5751629095038644	False
sim0000459	0.25162643678160923	0.23344210526315787	0.018184331518451363	87	38	0.29185278717077623	0.018184331518451363	hypermethylated	0.5766430713732352	False
sim0000851	0.7867616279069771	0.7738307692307692	0.012930858676207913	86	39	0.2920251255199716	0.012930858676207913	hypermethylated	0.5766430713732352	False
sim0000328	0.9258505747126439	0.9135846153846153	0.012265959328028542	87	39	0.2924149247990232	0.012265959328028542	hypermethylated	0.5766430713732352	False
sim0001448	0.7097804597701148	0.7001846153846154	0.00959584438549943	87	39	0.29238216591766414	0.00959584438549943	hypermethylated	0.5766430713732352	False
sim0000691	0.15267241379310348	0.14396666666666663	0.008705747126436847	87	39	0.2919343907831557	0.008705747126436847	hypermethylated	0.5766430713732352	False
sim0000734	0.1826183908045978	0.1914051282051282	-0.008786737400530403	87	39	0.2926399605104012	0.008786737400530403	hypomethylated	0.5766728633587317	False
sim0001153	0.6916678160919538	0.7149358974358975	-0.023268081343943647	87	39	0.2936988953326983	0.023268081343943647	hypomethylated	0.5776242744345493	False
sim0001795	0.017099999999999997	0.026443589743589742	-0.009343589743589745	86	39	0.29346871708471145	0.009343589743589745	hypomethylated	0.5776242744345493	False
sim0001882	0.9481517647058825	0.9534538461538465	-0.005302081447964069	85	39	0.29375358987443223	0.005302081447964069	hypomethylated	0.5776242744345493	False
sim0001325	0.8680616279069767	0.8743717948717944	-0.006310166964817676	86	39	0.2949382330315291	0.006310166964817676	hypomethylated	0.5795388598981477	False
sim0000358	0.08201839080459772	0.07411538461538461	0.007903006189213108	87	39	0.2955728309856633	0.007903006189213108	hypermethylated	0.5803706695622709	False
sim0000264	0.08966781609195401	0.10138205128205127	-0.01171423519009726	87	39	0.2958552354302205	0.01171423519009726	hypomethylated	0.5804723526365664	False
sim0000494	0.3408988505747126	0.3325461538461538	0.008352696728558762	87	39	0.29604723918595904	0.008352696728558762	hypermethylated	0.5804723526365664	False
sim0000209	0.9716686046511629	0.9582102564102564	0.013458348240906526	86	39	0.2963084643694048	0.013458348240906526	hypermethylated	0.5805701509434772	False
sim0001401	0.8889528735632186	0.8745897435897436	0.014363129973474997	87	39	0.2978413167802308	0.014363129973474997	hypermethylated	0.5827422344695826	False
sim0000799	0.15808604651162791	0.15252051282051282	0.005565533691115093	86	39	0.2977770204181685	0.005565533691115093	hypermethylated	0.5827422344695826	False
sim0000628	0.14416860465116285	0.15883846153846157	-0.014669856887298716	86	39	0.2993131499311228	0.014669856887298716	hypomethylated	0.5847570581279596	False
sim0000247	0.9312436781609199	0.9192789473684214	0.01196473079249849	87	38	0.299274759036075	0.01196473079249849	hypermethylated	0.5847570581279596	False
sim0002134	0.06791724137931034	0.06236410256410256	0.005553138815207775	87	39	0.2995097126996866	0.005553138815207775	hypermethylated	0.5847570581279596	False
sim0002171	0.9228034482758616	0.9072102564102565	0.015593191865605038	87	39	0.3013998051062458	0.015593191865605038	hypermethylated	0.588029307263393	False
sim0000890	0.0646206896551724	0.05703333333333335	0.007587356321839045	87	39	0.3019006425565529	0.007587356321839045	hypermethylated	0.5881709681580503	False
sim0001356	0.7663023255813953	0.7715282051282052	-0.005225879546809864	86	39	0.30177161190905194	0.005225879546809864	hypomethylated	0.5881709681580503	False
sim0000609	0.22445287356321844	0.2530552631578948	-0.028602389594676342	87	38	0.30229147437304105	0.028602389594676342	hypomethylated	0.5885150107035746	False
sim0000142	0.012004597701149426	0.04140526315789474	-0.02940066545674531	87	38	0.3027188031983233	0.02940066545674531	hypomethylated	0.5889295696783244	False
sim0000797	0.05537906976744186	0.02471282051282051	0.03066624925462135	86	39	0.3035988775289022	0.03066624925462135	hypermethylated	0.5902237201499606	False
sim0000529	0.9860310344827584	0.9967384615384615	-0.010707427055703045	87	39	0.30434703353814235	0.010707427055703045	hypomethylated	0.5912597603460233	False
sim0001926	0.21126666666666674	0.18444358974358974	0.026823076923077005	87	39	0.3050347905520464	0.026823076923077005	hypermethylated	0.5919290220243474	False
sim0000248	0.02787241379310345	0.041756410256410255	-0.013883996463306805	87	39	0.3053822836460432	0.013883996463306805	hypomethylated	0.5919290220243474	False
sim0001700	0.3419068965517241	0.32990769230769235	0.01199920424403178	87	39	0.30520553315027477	0.01199920424403178	hypermethylated	0.5919290220243474	False
sim0001104	0.9368022988505748	0.9421358974358972	-0.005333598585322452	87	39	0.30555345949418444	0.005333598585322452	hypomethylated	0.5919290220243474	False
sim0000383	0.028341860465116275	0.018860526315789477	0.009481334149326798	86	38	0.3059515404764342	0.009481334149326798	hypermethylated	0.5922825099991295	False
sim0002224	0.1449126436781609	0.13363846153846154	0.011274182139699357	87	39	0.3061898215484471	0.011274182139699357	hypermethylated	0.5923263660518198	False
sim0001093	0.011290804597701149	0.03435897435897436	-0.02306816976127321	87	39	0.30761832406558265	0.02306816976127321	hypomethylated	0.5937925707651993	False
sim0001488	0.7770034482758622	0.7870153846153846	-0.010011936339522354	87	39	0.3078123846995427	0.010011936339522354	hypomethylated	0.5937925707651993	False
sim0000665	0.7746218390804599	0.7653368421052631	0.009284996975196802	87	38	0.30730174498182383	0.009284996975196802	hypermethylated	0.5937925707651993	False
sim0002367	0.8702114942528736	0.862048717948718	0.008162776304155628	87	39	0.3075421802398786	0.008162776304155628	hypermethylated	0.5937925707651993	False
sim0002027	0.22593448275862063	0.21934358974358972	0.0065908930150309075	87	39	0.30838676361945794	0.0065908930150309075	hypermethylated	0.594066226972406	False
sim0002055	0.1650781609195402	0.17121315789473684	-0.006134996975196649	87	38	0.30829858210665406	0.006134996975196649	hypomethylated	0.594066226972406	False
sim0000823	0.7934035294117647	0.7796641025641025	0.013739426847662273	85	39	0.30903145153839756	0.013739426847662273	hypermethylated	0.5948909582172236	False
sim0001998	0.36114367816091947	0.3788410256410257	-0.017697347480106207	87	39	0.3109186190998794	0.017697347480106207	hypomethylated	0.5981046545289697	False
sim0000332	0.9754674418604649	0.9656026315789474	0.009864810281517422	86	38	0.31126846787990986	0.009864810281517422	hypermethylated	0.5983586292974894	False
sim0001856	0.8345034482758623	0.8227974358974358	0.0117060123784265	87	39	0.3116698198734934	0.0117060123784265	hypermethylated	0.5987111854492912	False
sim0001878	0.9610651162790698	0.9675	-0.006434883720930262	86	38	0.3120431761570152	0.006434883720930262	hypomethylated	0.5990095072699656	False
sim0000106	0.8929896551724137	0.9039025641025643	-0.010912908930150622	87	39	0.31240639342532467	0.010912908930150622	hypomethylated	0.5992879628068204	False
sim0002227	0.7897632183908044	0.7781128205128206	0.011650397877983831	87	39	0.31264311537720996	0.011650397877983831	hypermethylated	0.5993235435737584	False
sim0001427	0.6609344827586209	0.6782307692307691	-0.017296286472148203	87	39	0.3147246607097297	0.017296286472148203	hypomethylated	0.6012160243182388	False
sim0001990	0.7955126436781607	0.781076923076923	0.014435720601237656	87	39	0.31429937141905007	0.014435720601237656	hypermethylated	0.6012160243182388	False
sim0000401	0.9399883720930232	0.9291128205128205	0.010875551580202703	86	39	0.31455477259967374	0.010875551580202703	hypermethylated	0.6012160243182388	False
sim0002163	0.1231034482758621	0.1305972972972973	-0.007493849021435198	87	37	0.3141330908094431	0.007493849021435198	hypomethylated	0.6012160243182388	False
sim0001871	0.42882413793103447	0.4225025641025641	0.006321573828470373	87	39	0.31441074396204	0.006321573828470373	hypermethylated	0.6012160243182388	False
sim0001987	0.2712091954022988	0.29117692307692306	-0.019967727674624236	87	39	0.31581963533439145	0.019967727674624236	hypomethylated	0.6028884908016493	False
sim0002057	0.9365873563218385	0.9591435897435897	-0.02255623342175117	87	39	0.31616056470769327	0.02255623342175117	hypomethylated	0.6031201883694676	False
sim0001597	0.07677325581395347	0.07026923076923075	0.006504025044722722	86	39	0.3172703653758699	0.006504025044722722	hypermethylated	0.6048172752862696	False
sim0001608	0.8749574712643675	0.889279487179487	-0.014322015915119501	87	39	0.3175447636018612	0.014322015915119501	hypomethylated	0.6049205725480671	False
sim0000175	0.07313563218390805	0.06250512820512823	0.01063050397877982	87	39	0.3180061891915664	0.01063050397877982	hypermethylated	0.605379765564264	False
sim0002156	0.7580896551724137	0.7424026315789474	0.0156870235934663	87	38	0.31877397779188876	0.0156870235934663	hypermethylated	0.6059360597310995	False
sim0002305	0.8477873563218393	0.8362256410256412	0.011561715296198094	87	39	0.31896015375725156	0.011561715296198094	hypermethylated	0.6059360597310995	False
sim0001791	0.8841540229885058	0.889748717948718	-0.005594694960212254	87	39	0.31865565725485406	0.005594694960212254	hypomethylated	0.6059360597310995	False
sim0000005	0.19529885057471263	0.20742105263157895	-0.012122202056866316	87	38	0.32021339629932555	0.012122202056866316	hypomethylated	0.6078964752137161	False
sim0002306	0.6660034482758619	0.658274358974359	0.007729089301502845	87	39	0.3212280553857259	0.007729089301502845	hypermethylated	0.6094015663981969	False
sim0000293	0.007641379310344828	0.016302564102564105	-0.008661184792219277	87	39	0.3220881022222074	0.008661184792219277	hypomethylated	0.6106114677739156	False
sim0002128	0.13877209302325583	0.15202820512820509	-0.013256112104949258	86	39	0.32257667701326753	0.013256112104949258	hypomethylated	0.6111159529347903	False
sim0001162	0.14085348837209308	0.11852051282051285	0.02233297555158023	86	39	0.32437662036016957	0.02233297555158023	hypermethylated	0.613679460144205	False
sim0000138	0.04195348837209303	0.05037948717948718	-0.008425998807394156	86	39	0.32425682568843783	0.008425998807394156	hypomethylated	0.613679460144205	False
sim0001773	0.9855635294117646	0.9602846153846155	0.025278914027149102	85	39	0.3249093399989965	0.025278914027149102	hypermethylated	0.614264251188743	False
sim0002393	0.40631149425287355	0.41852820512820504	-0.012216710875331493	87	39	0.325413678058492	0.012216710875331493	hypomethylated	0.614794617349847	False
sim0000900	0.8275149425287357	0.818469230769231	0.009045711759504749	87	39	0.3257833830775223	0.009045711759504749	hypermethylated	0.6150700710061537	False
sim0001850	0.47594651162790685	0.461028205128205	0.014918306499701828	86	39	0.3269007759099508	0.014918306499701828	hypermethylated	0.6159097609222461	False
sim0001781	0.03190919540229885	0.04252564102564101	-0.010616445623342165	87	39	0.32669036035999677	0.010616445623342165	hypomethylated	0.6159097609222461	False
sim0001571	0.6662686046511629	0.6762076923076923	-0.0099390876565294	86	39	0.32673472595839426	0.0099390876565294	hypomethylated	0.6159097609222461	False
sim0000619	0.15335287356321836	0.1367717948717949	0.016581078691423473	87	39	0.3271471074870934	0.016581078691423473	hypermethylated	0.6159345541293105	False
sim0002304	0.0846908045977012	0.0750717948717949	0.009619009725906305	87	39	0.32758659759116227	0.009619009725906305	hypermethylated	0.6159345541293105	False
sim0000657	0.8933931034482757	0.8865846153846153	0.006808488063660412	87	39	0.3274024127292364	0.006808488063660412	hypermethylated	0.6159345541293105	False
sim0000835	0.765187356321839	0.7304205128205131	0.03476684350132586	87	39	0.329073361602499	0.03476684350132586	hypermethylated	0.6180900277443747	False
sim0000729	0.025911494252873556	0.01916666666666667	0.006744827586206887	87	39	0.32918300349108853	0.006744827586206887	hypermethylated	0.6180900277443747	False
sim0001826	0.9424873563218389	0.9647307692307692	-0.022243412908930282	87	39	0.32990653879914256	0.022243412908930282	hypomethylated	0.6186029092704741	False
sim0000931	0.06967011494252874	0.04758157894736841	0.02208853599516033	87	38	0.3296978031111487	0.02208853599516033	hypermethylated	0.6186029092704741	False
sim0001229	0.3854678160919539	0.4065666666666667	-0.02109885057471278	87	39	0.33058447942668734	0.02109885057471278	hypomethylated	0.619451272159011	False
sim0000925	0.13806627906976743	0.143574358974359	-0.005508079904591567	86	39	0.33101834298810273	0.005508079904591567	hypomethylated	0.619755783053268	False
sim0001741	0.010422988505747124	0.014425641025641025	-0.004002652519893901	87	39	0.3311982124216226	0.004002652519893901	hypomethylated	0.619755783053268	False
sim0001626	0.00046896551724137924	0.025579487179487177	-0.025110521662245797	87	39	0.3323542888845882	0.025110521662245797	hypomethylated	0.6210729466435128	False
sim0000991	0.18397558139534884	0.16942105263157894	0.014554528763769892	86	38	0.3322424014645077	0.014554528763769892	hypermethylated	0.6210729466435128	False
sim0001966	0.4220011494252872	0.3925641025641025	0.0294370468611847	87	39	0.333201643332217	0.0294370468611847	hypermethylated	0.6217302107014724	False
sim0001200	0.08047674418604653	0.09654102564102564	-0.01606428145497911	86	39	0.3333850019524095	0.01606428145497911	hypomethylated	0.6217302107014724	False
sim0001605	0.01512674418604651	0.008223076923076925	0.006903667262969586	86	39	0.33337588846687016	0.006903667262969586	hypermethylated	0.6217302107014724	False
sim0001682	0.9902317647058825	0.9633236842105264	0.02690808049535609	85	38	0.33440678732818196	0.02690808049535609	hypermethylated	0.6232126491116119	False
sim0001293	0.9748788235294118	0.9439487179487179	0.030930105580693867	85	39	0.3350494157145242	0.030930105580693867	hypermethylated	0.6235641903575867	False
sim0002017	0.2894267441860465	0.3044948717948719	-0.015068127608825366	86	39	0.33483688240467635	0.015068127608825366	hypomethylated	0.6235641903575867	False
sim0000172	0.0380732558139535	0.050130769230769236	-0.012057513416815734	86	39	0.33559327514365944	0.012057513416815734	hypomethylated	0.623701076652778	False
sim0000114	0.9017528735632184	0.8929461538461541	0.00880671971706437	87	39	0.3358041108006766	0.00880671971706437	hypermethylated	0.623701076652778	False
sim0000995	0.24086896551724135	0.2475871794871795	-0.006718213969938158	87	39	0.3357369091404102	0.006718213969938158	hypomethylated	0.623701076652778	False
sim0001836	0.18351627906976742	0.1958692307692308	-0.012352951699463377	86	39	0.33659226936322806	0.012352951699463377	hypomethylated	0.6237386897496568	False
sim0001088	0.9191279069767444	0.9295282051282049	-0.010400298151460485	86	39	0.3364838705702675	0.010400298151460485	hypomethylated	0.6237386897496568	False
sim0001165	0.9438211764705877	0.934342105263158	0.009479071207429746	85	38	0.33673260899116897	0.009479071207429746	hypermethylated	0.6237386897496568	False
sim0002168	0.1532931034482759	0.14525641025641028	0.008036693191865618	87	39	0.3360727674095505	0.008036693191865618	hypermethylated	0.6237386897496568	False
sim0001589	0.08794827586206896	0.09742820512820513	-0.009479929266136167	87	39	0.33732990938209495	0.009479929266136167	hypomethylated	0.624424030372382	False
sim0000801	0.11920813953488368	0.1305368421052632	-0.011328702570379517	86	38	0.3382973534615983	0.011328702570379517	hypomethylated	0.6245314717466468	False
sim0000277	0.2138209302325581	0.20278461538461534	0.011036314847942763	86	39	0.33785869347178454	0.011036314847942763	hypermethylated	0.6245314717466468	False
sim0000565	0.15718160919540225	0.1651205128205128	-0.007938903625110544	87	39	0.3381235773985448	0.007938903625110544	hypomethylated	0.6245314717466468	False
sim0000460	0.8708379310344826	0.8638871794871793	0.006950751547303291	87	39	0.33795328543117076	0.006950751547303291	hypermethylated	0.6245314717466468	False
sim0000600	0.04243953488372093	0.05748717948717948	-0.015047644603458546	86	39	0.3394284789303408	0.015047644603458546	hypomethylated	0.6261988123718241	False
sim0000425	0.7568662790697673	0.7918999999999999	-0.035033720930232604	86	38	0.3400296343624065	0.035033720930232604	hypomethylated	0.6266491743068991	False
sim0000644	0.7750885057471265	0.784725641025641	-0.009637135278514508	87	39	0.3401288383296639	0.009637135278514508	hypomethylated	0.6266491743068991	False
sim0001643	0.9633430232558136	0.9714282051282053	-0.008085181872391711	86	39	0.34112206095737097	0.008085181872391711	hypomethylated	0.627637174447353	False
sim0000772	0.9099551724137931	0.9159256410256413	-0.005970468611848245	87	39	0.34098013833796115	0.005970468611848245	hypomethylated	0.627637174447353	False
sim0000351	0.8922162790697674	0.9065684210526315	-0.014352141982864053	86	38	0.3417194499110474	0.014352141982864053	hypomethylated	0.6283154811952123	False
sim0001238	0.12258023255813957	0.11498974358974359	0.007590488968395981	86	39	0.3422928930981707	0.007590488968395981	hypermethylated	0.628948881164331	False
sim0000173	0.6909581395348838	0.6715871794871797	0.01937096004770411	86	39	0.34284623186261187	0.01937096004770411	hypermethylated	0.6293950413476723	False
sim0001312	0.9375724137931034	0.9507153846153844	-0.013142970822280997	87	39	0.34304403317338694	0.013142970822280997	hypomethylated	0.6293950413476723	False
sim0001815	0.8828600000000001	0.8706025641025641	0.012257435897435998	85	39	0.3434521903822937	0.012257435897435998	hypermethylated	0.6293950413476723	False
sim0001435	0.7586499999999999	0.7514179487179486	0.007232051282051288	86	39	0.3432237240363045	0.007232051282051288	hypermethylated	0.6293950413476723	False
sim0001321	0.7266639534883722	0.7553105263157897	-0.02864657282741745	86	38	0.34371380523510575	0.02864657282741745	hypomethylated	0.6294545486538903	False
sim0001430	0.00874022988505747	0.0142025641025641	-0.00546233421750663	87	39	0.3449350263584614	0.00546233421750663	hypomethylated	0.6312701648279104	False
sim0002196	0.9414873563218388	0.9291179487179485	0.01236940760389027	87	39	0.3451914079057288	0.01236940760389027	hypermethylated	0.6313187733136065	False
sim0001392	0.07982183908045973	0.08913846153846153	-0.0093166224580018	87	39	0.3474359655947815	0.0093166224580018	hypomethylated	0.6350010628668429	False
sim0000802	0.15787241379310343	0.11965128205128206	0.038221131741821374	87	39	0.34830488437391227	0.038221131741821374	hypermethylated	0.6353210606740617	False
sim0001922	0.1830965517241379	0.1976794871794872	-0.014582935455349277	87	39	0.34804691703967283	0.014582935455349277	hypomethylated	0.6353210606740617	False
sim0001443	0.8740919540229886	0.8645743589743591	0.00951759504862948	87	39	0.34809170820334345	0.00951759504862948	hypermethylated	0.6353210606740617	False
sim0000591	0.9616558139534883	0.926997435897436	0.03465837805605232	86	39	0.34861550754544135	0.03465837805605232	hypermethylated	0.6354656929179345	False
sim0001048	0.7837862068965521	0.7700769230769229	0.013709283819629214	87	39	0.3496110016336912	0.013709283819629214	hypermethylated	0.636760741222282	False
sim0001413	0.9352732558139532	0.9423564102564103	-0.007083154442457107	86	39	0.3497895735363755	0.007083154442457107	hypomethylated	0.636760741222282	False
sim0002257	0.09289425287356322	0.10165641025641027	-0.008762157382847052	87	39	0.3508495592177485	0.008762157382847052	hypomethylated	0.6382673769345398	False
sim0001158	0.9979348837209302	0.9737820512820514	0.02415283243887878	86	39	0.35339028001603434	0.02415283243887878	hypermethylated	0.6422228595101885	False
sim0000743	0.2510390804597702	0.2563461538461538	-0.005307073386383587	87	39	0.3534914319546433	0.005307073386383587	hypomethylated	0.6422228595101885	False
sim0000879	0.9134976744186045	0.9021076923076925	0.011389982110912023	86	39	0.35376878549584956	0.011389982110912023	hypermethylated	0.6423019522518829	False
sim0002068	0.16097790697674422	0.14964054054054055	0.011337366436203672	86	37	0.3542614202747194	0.011337366436203672	hypermethylated	0.6427715465618589	False
sim0000427	0.042408045977011505	0.0644842105263158	-0.022076164549304292	87	38	0.35653525581371337	0.022076164549304292	hypomethylated	0.6448198421567816	False
sim0001734	0.1119459770114943	0.13201538461538462	-0.020069407603890324	87	39	0.3575029558080737	0.020069407603890324	hypomethylated	0.6448198421567816	False
sim0000395	0.201267816091954	0.18404358974358973	0.017224226348364263	87	39	0.35696702142445735	0.017224226348364263	hypermethylated	0.6448198421567816	False
sim0000091	0.2403045977011495	0.2250794871794872	0.01522511052166231	87	39	0.35744016939381396	0.01522511052166231	hypermethylated	0.6448198421567816	False
sim0001881	0.35442528735632195	0.33956666666666663	0.014858620689655322	87	39	0.3568098667589339	0.014858620689655322	hypermethylated	0.6448198421567816	False
sim0000572	0.1463953488372093	0.13389230769230767	0.012503041144901639	86	39	0.35649910909760274	0.012503041144901639	hypermethylated	0.6448198421567816	False
sim0001455	0.09966091954022988	0.08751282051282049	0.01214809902740939	87	39	0.35688220270973303	0.01214809902740939	hypermethylated	0.6448198421567816	False
sim0000272	0.8629678160919542	0.8509421052631578	0.012025710828796332	87	38	0.3574258144424226	0.012025710828796332	hypermethylated	0.6448198421567816	False
sim0001121	0.06221954022988506	0.05211282051282051	0.010106719717064547	87	39	0.3565565194972159	0.010106719717064547	hypermethylated	0.6448198421567816	False
sim0002132	0.024833333333333336	0.034199999999999994	-0.009366666666666659	87	39	0.35775901860051096	0.009366666666666659	hypomethylated	0.644858283527299	False
sim0001395	0.12283023255813953	0.1119657894736842	0.010864443084455333	86	38	0.35846711670637144	0.010864443084455333	hypermethylated	0.6457109308802638	False
sim0000568	0.8140597701149427	0.799171794871795	0.014887975243147666	87	39	0.35885259329595653	0.014887975243147666	hypermethylated	0.6459816997273871	False
sim0001540	0.16367701149425287	0.2159615384615384	-0.05228452696728553	87	39	0.3608755031214588	0.05228452696728553	hypomethylated	0.6490131403943414	False
sim0001559	0.21011860465116283	0.22172051282051286	-0.011601908169350028	86	39	0.36134588242761956	0.011601908169350028	hypomethylated	0.6490131403943414	False
sim0000361	0.19023448275862073	0.18255000000000005	0.0076844827586206865	87	38	0.3613328535093233	0.0076844827586206865	hypermethylated	0.6490131403943414	False
sim0001674	0.180951724137931	0.17482051282051278	0.006131211317418228	87	39	0.36148165446062697	0.006131211317418228	hypermethylated	0.6490131403943414	False
sim0002001	0.9744758620689654	0.9818487179487181	-0.007372855879752671	87	39	0.36289372841277734	0.007372855879752671	hypomethylated	0.6502733672210693	False
sim0001081	0.09000919540229885	0.09697631578947369	-0.006967120387174841	87	38	0.3627705464135992	0.006967120387174841	hypomethylated	0.6502733672210693	False
sim0001650	0.5716511627906978	0.5777210526315789	-0.006069889840881082	86	38	0.36259920583900285	0.006069889840881082	hypomethylated	0.6502733672210693	False
sim0001047	0.9576896551724137	0.9346999999999998	0.022989655172413914	87	39	0.3636484778162693	0.022989655172413914	hypermethylated	0.6507767873363465	False
sim0001112	0.23496860465116276	0.21605128205128205	0.018917322599880715	86	39	0.3635720533254282	0.018917322599880715	hypermethylated	0.6507767873363465	False
sim0002013	0.09392988505747127	0.1056025641025641	-0.011672679045092837	87	39	0.36454419930806015	0.011672679045092837	hypomethylated	0.6519550231114851	False
sim0002388	0.28936941176470593	0.3016641025641027	-0.012294690799396768	85	39	0.36557282266627356	0.012294690799396768	hypomethylated	0.6533692543033529	False
sim0001962	0.05789655172413792	0.07226923076923075	-0.014372679045092832	87	39	0.3659397226576919	0.014372679045092832	hypomethylated	0.6535997517169568	False
sim0000713	0.8866162790697676	0.8949641025641025	-0.008347823494334938	86	39	0.36810896033863805	0.008347823494334938	hypomethylated	0.6570469876869647	False
sim0001138	0.9120517647058822	0.9293512820512817	-0.017299517345399473	85	39	0.36911432208700634	0.017299517345399473	hypomethylated	0.6579864002420548	False
sim0001256	0.06383448275862066	0.07824615384615385	-0.01441167108753319	87	39	0.3689512379467583	0.01441167108753319	hypomethylated	0.6579864002420548	False
sim0000391	0.4983465116279068	0.5158512820512821	-0.017504770423375282	86	39	0.36944226214352816	0.017504770423375282	hypomethylated	0.6581439001999169	False
sim0001304	0.8858360465116278	0.877328205128205	0.008507841383422865	86	39	0.37044723252047485	0.008507841383422865	hypermethylated	0.6595065118170735	False
sim0001458	0.2503523255813953	0.2373307692307692	0.013021556350626101	86	39	0.373297258277031	0.013021556350626101	hypermethylated	0.6641499795900285	False
sim0002265	0.12006162790697673	0.1541282051282051	-0.03406657722122837	86	39	0.37356244627245816	0.03406657722122837	hypomethylated	0.6641916115925195	False
sim0000642	0.739742528735632	0.7504897435897435	-0.010747214854111564	87	39	0.3739900382724566	0.010747214854111564	hypomethylated	0.6645217562318488	False
sim0001711	0.10225172413793103	0.09194358974358975	0.010308134394341278	87	39	0.37494633618815865	0.010308134394341278	hypermethylated	0.665790294446588	False
sim0001875	0.13446588235294116	0.12948974358974355	0.004976138763197607	85	39	0.37535158132980206	0.004976138763197607	hypermethylated	0.6660793242331824	False
sim0000145	0.9474333333333336	0.954036842105263	-0.0066035087719293895	87	38	0.37612919473566486	0.0066035087719293895	hypomethylated	0.6670283395344554	False
sim0000589	0.1729195402298851	0.1620435897435897	0.010875950486295388	87	39	0.37640414177003234	0.010875950486295388	hypermethylated	0.6670852757692123	False
sim0001932	0.9360599999999996	0.921682051282051	0.014377948717948508	85	39	0.3771864735787491	0.014377948717948508	hypermethylated	0.6677571775616807	False
sim0001102	0.17848390804597702	0.1869153846153845	-0.008431476569407487	87	39	0.3775125215701821	0.008431476569407487	hypomethylated	0.6677571775616807	False
sim0000506	0.13087701149425293	0.13672307692307692	-0.005846065428823988	87	39	0.37743143125647427	0.005846065428823988	hypomethylated	0.6677571775616807	False
sim0000899	0.6778678160919539	0.6725692307692306	0.005298585322723315	87	39	0.3784328975503609	0.005298585322723315	hypermethylated	0.668954420573257	False
sim0000745	0.033431034482758616	0.05519999999999999	-0.021768965517241376	87	39	0.37906968081531955	0.021768965517241376	hypomethylated	0.6696491403213394	False
sim0000507	0.08387701149425288	0.08956410256410256	-0.005687091069849687	87	39	0.37952402388798057	0.005687091069849687	hypomethylated	0.6700208827893847	False
sim0000135	0.8753290697674417	0.9051974358974357	-0.029868366129993995	86	39	0.3809063218863372	0.029868366129993995	hypomethylated	0.6720293296222019	False
sim0001822	0.050782758620689664	0.04505128205128205	0.005731476569407611	87	39	0.3815769815384519	0.005731476569407611	hypermethylated	0.6723489212868039	False
sim0002336	0.018813793103448277	0.024169230769230773	-0.005355437665782496	87	39	0.3815571716178098	0.005355437665782496	hypomethylated	0.6723489212868039	False
sim0001683	0.9008045977011498	0.8947051282051279	0.006099469496021914	87	39	0.3833488047476937	0.006099469496021914	hypermethylated	0.6750379273345608	False
sim0000553	0.3196885057471265	0.3115307692307692	0.008157736516357261	87	39	0.3846043573774732	0.008157736516357261	hypermethylated	0.6768149709903388	False
sim0001287	0.2697724137931034	0.26404358974358977	0.005728824049513637	87	39	0.38517470056355074	0.005728824049513637	hypermethylated	0.6773847006709821	False
sim0000051	0.12226436781609196	0.13833333333333334	-0.01606896551724138	87	39	0.3858772930577742	0.01606896551724138	hypomethylated	0.6781861318168303	False
sim0001790	0.10976279069767442	0.09814871794871796	0.011614072748956455	86	39	0.3862233536232813	0.011614072748956455	hypermethylated	0.6783603276234997	False
sim0001854	0.8566200000000004	0.8329410256410259	0.02367897435897448	85	39	0.3873718049414341	0.02367897435897448	hypermethylated	0.6793013901347063	False
sim0001248	0.7451755813953491	0.7645461538461541	-0.01937057245080498	86	39	0.3890293349499465	0.01937057245080498	hypomethylated	0.6793013901347063	False
sim0002072	0.9554372093023257	0.9404179487179488	0.015019260584376859	86	39	0.38832660285925613	0.015019260584376859	hypermethylated	0.6793013901347063	False
sim0000811	0.26215632183908044	0.24783846153846148	0.014317860300618962	87	39	0.3882290257617763	0.014317860300618962	hypermethylated	0.6793013901347063	False
sim0000546	0.2172540229885057	0.2100589743589743	0.007195048629531409	87	39	0.38872610009143405	0.007195048629531409	hypermethylated	0.6793013901347063	False
sim0000945	0.1992023255813954	0.19251794871794875	0.006684376863446639	86	39	0.3872223309897854	0.006684376863446639	hypermethylated	0.6793013901347063	False
sim0001622	0.0225835294117647	0.016046153846153845	0.006537375565610855	85	39	0.38807484322303565	0.006537375565610855	hypermethylated	0.6793013901347063	False
sim0000149	0.29338390804597697	0.28739487179487183	0.00598903625110514	87	39	0.38906028937006654	0.00598903625110514	hypermethylated	0.6793013901347063	False
sim0002374	0.08370930232558138	0.07822307692307691	0.0054862254025044715	86	39	0.38923203060503375	0.0054862254025044715	hypermethylated	0.6793013901347063	False
sim0001849	0.2464206896551724	0.2517538461538462	-0.00533315649867383	87	39	0.38911891324506354	0.00533315649867383	hypomethylated	0.6793013901347063	False
sim0000018	0.12253953488372091	0.1376333333333333	-0.015093798449612394	86	39	0.39124538380324136	0.015093798449612394	hypomethylated	0.6815162138918858	False
sim0000865	0.028170930232558136	0.017115384615384616	0.01105554561717352	86	39	0.3910861707868879	0.01105554561717352	hypermethylated	0.6815162138918858	False
sim0001286	0.09848160919540228	0.08934358974358976	0.009138019451812515	87	39	0.3910125733801679	0.009138019451812515	hypermethylated	0.6815162138918858	False
sim0000750	0.6514348837209301	0.6653282051282052	-0.013893321407275172	86	39	0.39182673076452956	0.013893321407275172	hypomethylated	0.6820963430989625	False
sim0000354	0.542712643678161	0.52744358974359	0.015269053934571009	87	39	0.3924639372486898	0.015269053934571009	hypermethylated	0.6827447655201183	False
sim0000422	0.06488965517241378	0.05347435897435897	0.011415296198054814	87	39	0.39287317291691926	0.011415296198054814	hypermethylated	0.6827447655201183	False
sim0001632	0.34475057471264364	0.33998974358974354	0.0047608311229001	87	39	0.3929448395658198	0.0047608311229001	hypermethylated	0.6827447655201183	False
sim0001191	0.9437862068965515	0.9211	0.02268620689655143	87	38	0.39462515270079945	0.02268620689655143	hypermethylated	0.6848651636863542	False
sim0001851	0.8241418604651164	0.840376923076923	-0.016235062611806628	86	39	0.3949131486272971	0.016235062611806628	hypomethylated	0.6848651636863542	False
sim0001180	0.8716321839080459	0.8647461538461536	0.0068860300618922565	87	39	0.39473389634378153	0.0068860300618922565	hypermethylated	0.6848651636863542	False
sim0001097	0.8321848837209301	0.8491512820512824	-0.016966398330352295	86	39	0.39580299317416645	0.016966398330352295	hypomethylated	0.6857025543911153	False
sim0001556	0.9669666666666664	0.9536605263157897	0.013306140350876738	87	38	0.3961448685179104	0.013306140350876738	hypermethylated	0.6857025543911153	False
sim0001464	0.16358705882352945	0.16871052631578945	-0.005123467492260003	85	38	0.3959302934281451	0.005123467492260003	hypomethylated	0.6857025543911153	False
sim0000218	0.015612790697674418	0.027928205128205128	-0.01231541443053071	86	39	0.3979635147732582	0.01231541443053071	hypomethylated	0.6884167349383754	False
sim0000889	0.9943988095238097	0.9725076923076924	0.02189111721611725	84	39	0.39977535443800805	0.02189111721611725	hypermethylated	0.6885159239129831	False
sim0001181	0.9357264367816089	0.9563230769230768	-0.020596640141467892	87	39	0.39941595259367046	0.020596640141467892	hypomethylated	0.6885159239129831	False
sim0001486	0.9201482758620686	0.9355512820512819	-0.015403006189213309	87	39	0.3985975801447553	0.015403006189213309	hypomethylated	0.6885159239129831	False
sim0000643	0.4266070588235295	0.4378263157894738	-0.01121925696594428	85	38	0.39972555708365654	0.01121925696594428	hypomethylated	0.6885159239129831	False
sim0001623	0.06634137931034481	0.05657948717948718	0.009761892130857631	87	39	0.3993762432805902	0.009761892130857631	hypermethylated	0.6885159239129831	False
sim0000103	0.17843372093023252	0.16975384615384614	0.008679874776386376	86	39	0.39913345234307007	0.008679874776386376	hypermethylated	0.6885159239129831	False
sim0002377	0.16259540229885056	0.17125641025641025	-0.008661007957559697	87	39	0.3983225724618452	0.008661007957559697	hypomethylated	0.6885159239129831	False
sim0000160	0.04334137931034483	0.03322307692307692	0.010118302387267915	87	39	0.4003477277452977	0.010118302387267915	hypermethylated	0.6890696792708852	False
sim0000098	0.05687209302325581	0.061225641025641035	-0.004353548002385223	86	39	0.4012923079800633	0.004353548002385223	hypomethylated	0.690262974340159	False
sim0001303	0.962574712643678	0.9528815789473686	0.00969313369630942	87	38	0.4017919055889536	0.00969313369630942	hypermethylated	0.690689840208295	False
sim0000141	0.9048563218390803	0.9208000000000004	-0.015943678160920127	87	39	0.4037234749395673	0.015943678160920127	hypomethylated	0.6931427410368696	False
sim0000435	0.9496337209302327	0.9635615384615384	-0.013927817531305675	86	39	0.40348145431995774	0.013927817531305675	hypomethylated	0.6931427410368696	False
sim0000712	0.0486586206896552	0.04244358974358975	0.0062150309460654515	87	39	0.4040301669487375	0.0062150309460654515	hypermethylated	0.693236020367384	False
sim0001425	0.02165632183908046	0.012610526315789473	0.009045795523290988	87	38	0.4050651051371996	0.009045795523290988	hypermethylated	0.6933583493881157	False
sim0001217	0.8889752941176472	0.8801552631578948	0.008820030959752367	85	38	0.40464803935479665	0.008820030959752367	hypermethylated	0.6933583493881157	False
sim0000235	0.04781162790697675	0.04006666666666666	0.007744961240310093	86	39	0.4045424442637383	0.007744961240310093	hypermethylated	0.6933583493881157	False
sim0002350	0.9557270588235293	0.9628589743589746	-0.007131915535445343	85	39	0.4051110850993541	0.007131915535445343	hypomethylated	0.6933583493881157	False
sim0001244	0.839493103448276	0.8333342105263158	0.006158892921960146	87	38	0.4056931048060557	0.006158892921960146	hypermethylated	0.6939221412840816	False
sim0000230	0.9265197674418605	0.9035205128205129	0.022999254621347553	86	39	0.40740182218744303	0.022999254621347553	hypermethylated	0.6951135438191962	False
sim0000573	0.12620930232558142	0.11793076923076921	0.008278533094812204	86	39	0.40712099107082755	0.008278533094812204	hypermethylated	0.6951135438191962	False
sim0000148	0.15306781609195394	0.14657435897435894	0.006493457117594997	87	39	0.40734424648674783	0.006493457117594997	hypermethylated	0.6951135438191962	False
sim0002238	0.10632183908045975	0.11081538461538464	-0.004493545534924884	87	39	0.4068248713383368	0.004493545534924884	hypomethylated	0.6951135438191962	False
sim0000631	0.06169523809523808	0.05742307692307694	0.004272161172161143	84	39	0.40769771842754676	0.004272161172161143	hypermethylated	0.695186612365283	False
sim0002129	0.741477011494253	0.7622315789473684	-0.020754567453115325	87	38	0.409449026285588	0.020754567453115325	hypomethylated	0.6960369754011038	False
sim0002373	0.0472057471264368	0.06537894736842104	-0.01817320024198424	87	38	0.4104768475244951	0.01817320024198424	hypomethylated	0.6960369754011038	False
sim0001094	0.8726999999999998	0.8570846153846153	0.015615384615384476	87	39	0.41043106224639336	0.015615384615384476	hypermethylated	0.6960369754011038	False
sim0001946	0.03861494252873563	0.02774736842105263	0.010867574107683	87	38	0.40979651735069145	0.010867574107683	hypermethylated	0.6960369754011038	False
sim0000544	0.9502034482758616	0.9598923076923075	-0.009688859416445927	87	39	0.4100138442588258	0.009688859416445927	hypomethylated	0.6960369754011038	False
sim0001666	0.08331379310344826	0.073774358974359	0.009539434129089266	87	39	0.40855519858611467	0.009539434129089266	hypermethylated	0.6960369754011038	False
sim0000055	0.8938919540229884	0.8868076923076922	0.007084261715296192	87	39	0.40956757600263227	0.007084261715296192	hypermethylated	0.6960369754011038	False
sim0000036	0.15978390804597706	0.15425384615384613	0.0055300618921309275	87	39	0.4096675532514814	0.0055300618921309275	hypermethylated	0.6960369754011038	False
sim0000828	0.14503908045977018	0.14985384615384612	-0.004814765694075934	87	39	0.41003956470846303	0.004814765694075934	hypomethylated	0.6960369754011038	False
sim0001543	0.9822114942528736	0.9769692307692307	0.005242263483642873	87	39	0.41082219191677083	0.005242263483642873	hypermethylated	0.6961928199848054	False
sim0000052	0.29020697674418583	0.29539230769230773	-0.005185330948121902	86	39	0.41113746585666	0.005185330948121902	hypomethylated	0.6962975454428144	False
sim0001383	0.011644827586206895	0.027851282051282053	-0.016206454465075158	87	39	0.411478775123876	0.016206454465075158	hypomethylated	0.6964462078036274	False
sim0001335	0.9694724137931034	0.9361282051282052	0.03334420866489829	87	39	0.41206995293874316	0.03334420866489829	hypermethylated	0.6970173403465071	False
sim0001131	0.6838287356321837	0.6575384615384616	0.026290274093722088	87	39	0.4126164964141841	0.026290274093722088	hypermethylated	0.6972482563916795	False
sim0000597	0.36564482758620676	0.38072564102564105	-0.015080813439434293	87	39	0.41299053390134166	0.015080813439434293	hypomethylated	0.6972482563916795	False
sim0001265	0.13285930232558135	0.14172051282051276	-0.00886121049493141	86	39	0.4131435422064792	0.00886121049493141	hypomethylated	0.6972482563916795	False
sim0000699	0.9863839080459771	0.9927631578947369	-0.006379249848759816	87	38	0.4132217551531322	0.006379249848759816	hypomethylated	0.6972482563916795	False
sim0000648	0.34840000000000004	0.343525641025641	0.004874358974359061	86	39	0.413632833375693	0.004874358974359061	hypermethylated	0.6975134397071999	False
sim0000617	0.1668471264367816	0.14183513513513513	0.02501199130164647	87	37	0.4150133729837159	0.02501199130164647	hypermethylated	0.6977333347696929	False
sim0000838	0.1618034482758621	0.1738230769230769	-0.012019628647214814	87	39	0.4150332249776768	0.012019628647214814	hypomethylated	0.6977333347696929	False
sim0000192	0.16549080459770119	0.1742487179487179	-0.008757913351016722	87	39	0.41424613837844737	0.008757913351016722	hypomethylated	0.6977333347696929	False
sim0000378	0.2095643678160919	0.2013289473684211	0.008235420447670783	87	38	0.4145814206018448	0.008235420447670783	hypermethylated	0.6977333347696929	False
sim0000671	0.9205287356321841	0.9258769230769229	-0.005348187444738861	87	39	0.41439491807000917	0.005348187444738861	hypomethylated	0.6977333347696929	False
sim0000421	0.9077379310344826	0.9416307692307692	-0.03389283819628652	87	39	0.4158640692356842	0.03389283819628652	hypomethylated	0.698702506538486	False
sim0000085	0.0808977011494253	0.09088461538461538	-0.00998691423519009	87	39	0.4172508822919615	0.00998691423519009	hypomethylated	0.7006040181271506	False
sim0001298	0.07477906976744186	0.08704871794871792	-0.012269648181276058	86	39	0.41755179298406386	0.012269648181276058	hypomethylated	0.700680986760674	False
sim0000313	0.3197790697674417	0.30213333333333336	0.017645736434108328	86	39	0.4184271409901196	0.017645736434108328	hypermethylated	0.7015214445087751	False
sim0002065	0.17882758620689654	0.19273589743589736	-0.013908311229000825	87	39	0.4185633955405469	0.013908311229000825	hypomethylated	0.7015214445087751	False
sim0001573	0.07938275862068966	0.09866410256410256	-0.019281343943412896	87	39	0.4200788640218516	0.019281343943412896	hypomethylated	0.7019200970000159	False
sim0000316	0.7602321839080456	0.7421128205128205	0.01811936339522513	87	39	0.4195999217419103	0.01811936339522513	hypermethylated	0.7019200970000159	False
sim0000225	0.9289195402298848	0.9406128205128206	-0.011693280282935814	87	39	0.4200714300219326	0.011693280282935814	hypomethylated	0.7019200970000159	False
sim0001846	0.6716471264367813	0.662179487179487	0.009467639257294214	87	39	0.419180057292569	0.009467639257294214	hypermethylated	0.7019200970000159	False
sim0001599	0.40946436781609186	0.416074358974359	-0.006609991158267159	87	39	0.41974848526717246	0.006609991158267159	hypomethylated	0.7019200970000159	False
sim0001399	0.0655906976744186	0.0742153846153846	-0.008624686940966006	86	39	0.4208561490790873	0.008624686940966006	hypomethylated	0.7027913930214302	False
sim0002207	0.8829459770114944	0.9047256410256411	-0.02177966401414677	87	39	0.421915243342196	0.02177966401414677	hypomethylated	0.7041319401342724	False
sim0001834	0.049542528735632176	0.039187179487179494	0.010355349248452682	87	39	0.42306739259950854	0.010355349248452682	hypermethylated	0.7054919125936688	False
sim0002086	0.012398850574712643	0.009594871794871796	0.002803978779840847	87	39	0.4232437830194271	0.002803978779840847	hypermethylated	0.7054919125936688	False
sim0002332	0.09702528735632182	0.08915000000000001	0.007875287356321814	87	38	0.4236648237986069	0.007875287356321814	hypermethylated	0.7057654766372184	False
sim0002225	0.9396080459770115	0.9345589743589744	0.0050490716180371376	87	39	0.4241335667723056	0.0050490716180371376	hypermethylated	0.7061181260142567	False
sim0000522	0.11660465116279069	0.1059769230769231	0.010627728085867594	86	39	0.42468947839519033	0.010627728085867594	hypermethylated	0.7066153828901199	False
sim0001315	0.3102206896551723	0.27598974358974365	0.03423094606542865	87	39	0.42583887243504526	0.03423094606542865	hypermethylated	0.7080988998662647	False
sim0002094	0.03931839080459769	0.04757948717948718	-0.00826109637488949	87	39	0.4263575302314744	0.00826109637488949	hypomethylated	0.7085324473961646	False
sim0001440	0.9437034482758624	0.9505128205128209	-0.006809372236958544	87	39	0.42672405766617405	0.006809372236958544	hypomethylated	0.7087128091952721	False
sim0001285	0.2481046511627907	0.2406692307692308	0.007435420393559905	86	39	0.4272791772300094	0.007435420393559905	hypermethylated	0.7092059817829824	False
sim0000176	0.1042597701149426	0.11134102564102562	-0.007081255526083019	87	39	0.4282199975640152	0.007081255526083019	hypomethylated	0.7103383655243658	False
sim0001956	0.8492459770114944	0.8437641025641025	0.005481874447391899	87	39	0.42903737779154194	0.005481874447391899	hypermethylated	0.711264741577167	False
sim0000466	0.8457482758620694	0.8283025641025643	0.017445711759505045	87	39	0.43055454805286697	0.017445711759505045	hypermethylated	0.7116325773172236	False
sim0001074	0.9184850574712643	0.9045846153846153	0.013900442086648979	87	39	0.43039076952809674	0.013900442086648979	hypermethylated	0.7116325773172236	False
sim0001869	0.35317209302325586	0.36274871794871794	-0.009576624925462074	86	39	0.43023530428565127	0.009576624925462074	hypomethylated	0.7116325773172236	False
sim0001246	0.11622988505747127	0.10970263157894737	0.006527253478523898	87	38	0.4298855505011734	0.006527253478523898	hypermethylated	0.7116325773172236	False
sim0001225	0.8646022988505744	0.8603102564102565	0.004292042440317889	87	39	0.4298138006231046	0.004292042440317889	hypermethylated	0.7116325773172236	False
sim0002216	0.21590459770114942	0.20580000000000004	0.010104597701149381	87	39	0.4316673637368117	0.010104597701149381	hypermethylated	0.7122542313705889	False
sim0001309	0.12204252873563218	0.1318692307692308	-0.009826702033598617	87	39	0.4321012250657027	0.009826702033598617	hypomethylated	0.7122542313705889	False
sim0001629	0.049148275862068956	0.041153846153846145	0.007994429708222811	87	39	0.43222708543675703	0.007994429708222811	hypermethylated	0.7122542313705889	False
sim0002204	0.06930697674418605	0.07651794871794872	-0.007210971973762664	86	39	0.43169913366416024	0.007210971973762664	hypomethylated	0.7122542313705889	False
sim0000924	0.9557965116279069	0.9624105263157896	-0.006614014687882697	86	38	0.4319494999846305	0.006614014687882697	hypomethylated	0.7122542313705889	False
sim0000782	0.09534022988505748	0.10448421052631579	-0.009143980641258306	87	38	0.43473866310827436	0.009143980641258306	hypomethylated	0.7159634937400657	False
sim0000079	0.7005827586206895	0.7309538461538462	-0.03037108753315665	87	39	0.4356565277444895	0.03037108753315665	hypomethylated	0.7162994669042111	False
sim0002002	0.20527241379310343	0.1958923076923077	0.009380106100795732	87	39	0.4367649258291313	0.009380106100795732	hypermethylated	0.7162994669042111	False
sim0002386	0.9713804597701146	0.980394871794872	-0.00901441202475739	87	39	0.43689658036439005	0.00901441202475739	hypomethylated	0.7162994669042111	False
sim0001291	0.7774356321839079	0.7859128205128206	-0.008477188328912755	87	39	0.43702872462011566	0.008477188328912755	hypomethylated	0.7162994669042111	False
sim0001519	0.8386104651162793	0.8301684210526317	0.00844204406364768	86	38	0.4358019396586964	0.00844204406364768	hypermethylated	0.7162994669042111	False
sim0000469	0.10643908045977017	0.11474102564102563	-0.00830194518125546	87	39	0.43665937676882705	0.00830194518125546	hypomethylated	0.7162994669042111	False
sim0001099	0.7962244186046512	0.80225641025641	-0.006031991651758828	86	39	0.4367174942876044	0.006031991651758828	hypomethylated	0.7162994669042111	False
sim0000317	0.30630813953488367	0.3004081081081081	0.005900031426775587	86	37	0.4359888597106678	0.005900031426775587	hypermethylated	0.7162994669042111	False
sim0000872	0.09154186046511625	0.08648461538461538	0.005057245080500872	86	39	0.4379476405205325	0.005057245080500872	hypermethylated	0.7173775602325001	False
sim0000541	0.16860574712643678	0.1633102564102564	0.005295490716180379	87	39	0.4382219482300693	0.005295490716180379	hypermethylated	0.7173991011847439	False
sim0001357	0.07033176470588237	0.052092307692307695	0.018239457013574677	85	39	0.44125235831270426	0.018239457013574677	hypermethylated	0.7216400710652362	False
sim0000780	0.15337294117647052	0.1579205128205128	-0.004547571644042292	85	39	0.4413379393482333	0.004547571644042292	hypomethylated	0.7216400710652362	False
sim0000913	0.9974999999999999	0.9985410256410256	-0.0010410256410257057	87	39	0.44168950813812646	0.0010410256410257057	hypomethylated	0.7217852937866944	False
sim0000852	0.2561229885057471	0.2759410256410256	-0.019818037135278466	87	39	0.44250510280196365	0.019818037135278466	hypomethylated	0.7219599317419261	False
sim0001334	0.14633837209302322	0.13224102564102563	0.014097346451997589	86	39	0.4433369654303939	0.014097346451997589	hypermethylated	0.7219599317419261	False
sim0000839	0.12735862068965512	0.1190051282051282	0.008353492484526923	87	39	0.4429739567384512	0.008353492484526923	hypermethylated	0.7219599317419261	False
sim0000921	0.014422988505747126	0.020897435897435895	-0.0064744473916887695	87	39	0.4422034003003863	0.0064744473916887695	hypomethylated	0.7219599317419261	False
sim0000958	0.051293103448275854	0.046841025641025644	0.00445207780725021	87	39	0.4433732817068181	0.00445207780725021	hypermethylated	0.7219599317419261	False
sim0000012	0.627774712643678	0.623797435897436	0.003977276746242042	87	39	0.4426280013292111	0.003977276746242042	hypermethylated	0.7219599317419261	False
sim0000946	0.17996206896551728	0.18506153846153842	-0.005099469496021136	87	39	0.4459532232572553	0.005099469496021136	hypomethylated	0.7257307489855925	False
sim0002048	0.9252206896551727	0.8834333333333333	0.041787356321839386	87	39	0.44627104397038353	0.041787356321839386	hypermethylated	0.7258179738227611	False
sim0001018	0.3440344827586207	0.3531153846153846	-0.009080901856763912	87	39	0.4467241760960222	0.009080901856763912	hypomethylated	0.7261250365300432	False
sim0000384	0.7090310344827585	0.6940615384615385	0.014969496021219997	87	39	0.44746751916160454	0.014969496021219997	hypermethylated	0.7263871473014665	False
sim0002234	0.8313850574712642	0.8459756756756758	-0.014590618204411543	87	37	0.44767871874094745	0.014590618204411543	hypomethylated	0.7263871473014665	False
sim0001414	0.8457827586206899	0.8512179487179486	-0.005435190097258791	87	39	0.44756850059639064	0.005435190097258791	hypomethylated	0.7263871473014665	False
sim0000282	0.7025069767441863	0.7104948717948718	-0.007987895050685534	86	39	0.44798835027261563	0.007987895050685534	hypomethylated	0.7264604475790291	False
sim0002307	0.15402528735632182	0.14344102564102562	0.010584261715296195	87	39	0.44861086746387724	0.010584261715296195	hypermethylated	0.7270407391877703	False
sim0001268	0.1719126436781609	0.19137692307692308	-0.01946427939876219	87	39	0.44955107490641555	0.01946427939876219	hypomethylated	0.7276909979498966	False
sim0001258	0.2689517241379311	0.2853153846153845	-0.016363660477453412	87	39	0.45033662050048207	0.016363660477453412	hypomethylated	0.7276909979498966	False
sim0000064	0.16900000000000004	0.1579230769230769	0.01107692307692315	86	39	0.45001443528493035	0.01107692307692315	hypermethylated	0.7276909979498966	False
sim0001816	0.31674137931034485	0.3096131578947368	0.007128221415608038	87	38	0.45010365910932204	0.007128221415608038	hypermethylated	0.7276909979498966	False
sim0001150	0.0441344827586207	0.03706410256410256	0.007070380194518139	87	39	0.4494479345695006	0.007070380194518139	hypermethylated	0.7276909979498966	False
sim0000485	0.2194488372093023	0.22763157894736843	-0.00818274173806613	86	38	0.45074663382830715	0.00818274173806613	hypomethylated	0.7279253398744031	False
sim0001756	0.034856321839080454	0.023538461538461536	0.011317860300618918	87	39	0.45131943424704	0.011317860300618918	hypermethylated	0.7284221421131721	False
sim0001603	0.035070114942528756	0.03016153846153846	0.0049085764809902975	87	39	0.45183240627815924	0.0049085764809902975	hypermethylated	0.728821855576103	False
sim0001900	0.02285632183908046	0.016302564102564105	0.006553757736516355	87	39	0.4524279142425518	0.006553757736516355	hypermethylated	0.7293541551785738	False
sim0002296	0.3502160919540229	0.3559923076923077	-0.005776215738284796	87	39	0.4543652549126084	0.005776215738284796	hypomethylated	0.7320477156861791	False
sim0002295	0.1932372093023256	0.18006842105263157	0.01316878824969403	86	38	0.45547027220495306	0.01316878824969403	hypermethylated	0.732968270502054	False
sim0001421	0.6972586206896552	0.7068076923076921	-0.009549071618036975	87	39	0.45539724027267714	0.009549071618036975	hypomethylated	0.732968270502054	False
sim0001853	0.9529114942528736	0.962676923076923	-0.009765428824049405	87	39	0.45579565414809176	0.009765428824049405	hypomethylated	0.733062448445438	False
sim0001736	0.896997674418605	0.8919666666666669	0.005031007751938099	86	39	0.4569593935707237	0.005031007751938099	hypermethylated	0.73450406912743	False
sim0000129	0.14763720930232557	0.15274871794871794	-0.005111508646392371	86	39	0.45754388991369443	0.005111508646392371	hypomethylated	0.7350134886508296	False
sim0001197	0.11026627906976745	0.08782564102564103	0.022440638044126424	86	39	0.4582654113930511	0.022440638044126424	hypermethylated	0.7356928794019488	False
sim0001586	0.35249080459770127	0.346574358974359	0.005916445623342259	87	39	0.45850244249586325	0.005916445623342259	hypermethylated	0.7356928794019488	False
sim0000205	0.9585275862068968	0.9669487179487181	-0.008421131741821242	87	39	0.46186223895790524	0.008421131741821242	hypomethylated	0.7406457941963217	False
sim0000947	0.8823482758620692	0.890363157894737	-0.008014882032667758	87	38	0.46237134530973933	0.008014882032667758	hypomethylated	0.7406457941963217	False
sim0000373	0.10477586206896555	0.09878717948717948	0.005988682581786073	87	39	0.46239808410873373	0.005988682581786073	hypermethylated	0.7406457941963217	False
sim0000952	0.16480232558139532	0.17772820512820514	-0.012925879546809821	86	39	0.46308567260784184	0.012925879546809821	hypomethylated	0.7413148849963528	False
sim0000026	0.923175294117647	0.9317897435897435	-0.008614449472096553	85	39	0.4640013895902003	0.008614449472096553	hypomethylated	0.742348175424741	False
sim0001360	0.880237931034483	0.8719999999999999	0.008237931034483115	87	38	0.46466019229474076	0.008237931034483115	hypermethylated	0.7425351808454027	False
sim0000041	0.4339816091954023	0.44077435897435907	-0.006792749778956775	87	39	0.46492919951004463	0.006792749778956775	hypomethylated	0.7425351808454027	False
sim0001982	0.00871627906976744	0.014833333333333334	-0.006117054263565893	86	39	0.4649125279304127	0.006117054263565893	hypomethylated	0.7425351808454027	False
sim0000721	0.08964482758620691	0.08391538461538461	0.005729442970822299	87	39	0.465229723144153	0.005729442970822299	hypermethylated	0.7425834105037701	False
sim0001813	0.8633581395348837	0.8577769230769232	0.005581216457960503	86	39	0.4658532559185935	0.005581216457960503	hypermethylated	0.743146860632042	False
sim0002110	0.09277674418604653	0.1061692307692308	-0.01339248658318426	86	39	0.46641714205737195	0.01339248658318426	hypomethylated	0.743160680108266	False
sim0002247	0.9845139534883719	0.9764333333333334	0.00808062015503852	86	39	0.4666735250042806	0.00808062015503852	hypermethylated	0.743160680108266	False
sim0001601	0.969289655172414	0.9636282051282049	0.005661450044209149	87	39	0.46629536648328607	0.005661450044209149	hypermethylated	0.743160680108266	False
sim0000687	0.8502885057471264	0.8195358974358974	0.030752608311229057	87	39	0.4679847292379813	0.030752608311229057	hypermethylated	0.7448169474025114	False
sim0000309	0.8606816091954023	0.8471447368421056	0.013536872353296703	87	38	0.469600124991136	0.013536872353296703	hypermethylated	0.7460911181900813	False
sim0002258	0.9438465116279071	0.9491692307692307	-0.00532271914132354	86	39	0.46939514889311573	0.00532271914132354	hypomethylated	0.7460911181900813	False
sim0000043	0.4248425287356321	0.4296820512820513	-0.004839522546419173	87	39	0.4695951327453425	0.004839522546419173	hypomethylated	0.7460911181900813	False
sim0000430	0.1525390804597701	0.14514871794871795	0.0073903625110521565	87	39	0.47080368963051855	0.0073903625110521565	hypermethylated	0.7467574733994873	False
sim0000067	0.22473218390804606	0.23161794871794875	-0.006885764809902689	87	39	0.4708350724164223	0.006885764809902689	hypomethylated	0.7467574733994873	False
sim0001906	0.9609344827586209	0.9568282051282051	0.004106277630415822	87	39	0.47066605199526423	0.004106277630415822	hypermethylated	0.7467574733994873	False
sim0000757	0.6969103448275864	0.7128435897435899	-0.015933244916003453	87	39	0.47170828826131805	0.015933244916003453	hypomethylated	0.7476296001414606	False
sim0001655	0.43183176470588236	0.417374358974359	0.014457405731523376	85	39	0.47192927799246187	0.014457405731523376	hypermethylated	0.7476296001414606	False
sim0000111	0.7477160919540228	0.7577000000000002	-0.009983908045977374	87	38	0.4727746530441115	0.009983908045977374	hypomethylated	0.748105974603787	False
sim0000777	0.0773344827586207	0.07053076923076922	0.006803713527851488	87	39	0.47264733550726523	0.006803713527851488	hypermethylated	0.748105974603787	False
sim0002178	0.765416091954023	0.7599923076923077	0.005423784261715303	87	39	0.4734841154393177	0.005423784261715303	hypermethylated	0.7483664356224428	False
sim0002381	0.10433372093023258	0.0994846153846154	0.004849105545617183	86	39	0.4733317843300331	0.004849105545617183	hypermethylated	0.7483664356224428	False
sim0002340	0.774989534883721	0.7824820512820513	-0.007492516398330262	86	39	0.4739459100071147	0.007492516398330262	hypomethylated	0.7486655634212445	False
sim0000449	0.9547402298850576	0.9492820512820512	0.005458178603006347	87	39	0.4744747297183022	0.005458178603006347	hypermethylated	0.7490701623771127	False
sim0001547	0.040747126436781606	0.0325	0.008247126436781604	87	39	0.47712975914145883	0.008247126436781604	hypermethylated	0.7522771449637404	False
sim0000937	0.7231114942528736	0.717574358974359	0.005537135278514627	87	39	0.4768308432640802	0.005537135278514627	hypermethylated	0.7522771449637404	False
sim0002140	0.1931793103448275	0.18896666666666664	0.004212643678160849	87	39	0.47732765332064053	0.004212643678160849	hypermethylated	0.7522771449637404	False
sim0000685	0.018708045977011492	0.03600769230769232	-0.017299646330680825	87	39	0.4808796704979341	0.017299646330680825	hypomethylated	0.7527781916696207	False
sim0001351	0.16565517241379302	0.1804897435897436	-0.014834571175950578	87	39	0.48076108291777664	0.014834571175950578	hypomethylated	0.7527781916696207	False
sim0001391	0.7265666666666668	0.7412263157894735	-0.014659649122806706	87	38	0.4795448683419151	0.014659649122806706	hypomethylated	0.7527781916696207	False
sim0002347	0.9818616279069767	0.9699102564102565	0.011951371496720209	86	39	0.4793608665951443	0.011951371496720209	hypermethylated	0.7527781916696207	False
sim0001166	0.060739080459770126	0.07045897435897437	-0.009719893899204246	87	39	0.4803668746056917	0.009719893899204246	hypomethylated	0.7527781916696207	False
sim0000520	0.7681689655172413	0.7590564102564101	0.009112555260831212	87	39	0.47907350326303877	0.009112555260831212	hypermethylated	0.7527781916696207	False
sim0002397	0.1868070588235294	0.19586666666666672	-0.009059607843137307	85	39	0.4782312869399177	0.009059607843137307	hypomethylated	0.7527781916696207	False
sim0001925	0.9008655172413798	0.9077918918918918	-0.006926374650512046	87	37	0.47902816722602504	0.006926374650512046	hypomethylated	0.7527781916696207	False
sim0001484	0.0671551724137931	0.06057435897435896	0.006580813439434133	87	39	0.48063237916281676	0.006580813439434133	hypermethylated	0.7527781916696207	False
sim0002343	0.9457080459770119	0.9522820512820513	-0.0065740053050394875	87	39	0.48027805406407087	0.0065740053050394875	hypomethylated	0.7527781916696207	False
sim0000179	0.04285930232558138	0.03688461538461539	0.0059746869409659925	86	39	0.48093401033133754	0.0059746869409659925	hypermethylated	0.7527781916696207	False
sim0000001	0.950729885057471	0.945951282051282	0.004778603006189042	87	39	0.4779840664116163	0.004778603006189042	hypermethylated	0.7527781916696207	False
sim0001951	0.9679068965517241	0.9584717948717949	0.009435101679929225	87	39	0.4817162247753254	0.009435101679929225	hypermethylated	0.753573160283496	False
sim0001198	0.8629850574712644	0.8708923076923076	-0.007907250221043216	87	39	0.48288714890402795	0.007907250221043216	hypomethylated	0.7549749561977033	False
sim0002254	0.10382068965517241	0.09251794871794874	0.011302740937223665	87	39	0.4836875247337581	0.011302740937223665	hypermethylated	0.7553664755222476	False
sim0001155	0.3022827586206896	0.2984564102564101	0.003826348364279475	87	39	0.4834602889460744	0.003826348364279475	hypermethylated	0.7553664755222476	False
sim0002124	0.28013103448275867	0.26689230769230765	0.013238726790451016	87	39	0.4848081370159799	0.013238726790451016	hypermethylated	0.7562566453054496	False
sim0001651	0.8468885057471267	0.8584631578947368	-0.01157465214761011	87	38	0.484725234893265	0.01157465214761011	hypomethylated	0.7562566453054496	False
sim0001898	0.08924367816091955	0.06573589743589743	0.023507780725022118	87	39	0.4855238263252355	0.023507780725022118	hypermethylated	0.7563648230268396	False
sim0001764	0.10847790697674414	0.12016923076923075	-0.011691323792486608	86	39	0.4853042310880342	0.011691323792486608	hypomethylated	0.7563648230268396	False
sim0000195	0.17627093023255813	0.18121794871794877	-0.004947018485390642	86	39	0.4857035121293575	0.004947018485390642	hypomethylated	0.7563648230268396	False
sim0002186	0.0866	0.06887179487179487	0.017728205128205124	87	39	0.48626627256604604	0.017728205128205124	hypermethylated	0.7568121533931605	False
sim0000468	0.21700348837209305	0.21192307692307688	0.0050804114490161645	86	39	0.4870338618104788	0.0050804114490161645	hypermethylated	0.7575775868592216	False
sim0001469	0.15671149425287356	0.1756105263157894	-0.01889903206291585	87	38	0.48797988615171917	0.01889903206291585	hypomethylated	0.7586195513631989	False
sim0002188	0.8371441860465114	0.8220692307692306	0.015074955277280866	86	39	0.48859693557933837	0.015074955277280866	hypermethylated	0.7589396610961292	False
sim0001036	0.22117674418604652	0.20685526315789468	0.014321481028151839	86	38	0.4887383547430115	0.014321481028151839	hypermethylated	0.7589396610961292	False
sim0000099	0.7244103448275865	0.7393282051282051	-0.01491786030061859	87	39	0.4897242880086634	0.01491786030061859	hypomethylated	0.759183193656771	False
sim0002062	0.9815643678160918	0.9705230769230769	0.011041290893014866	87	39	0.48933199367920455	0.011041290893014866	hypermethylated	0.759183193656771	False
sim0001085	0.8551976744186045	0.8596743589743588	-0.00447668455575434	86	39	0.48970180348363923	0.00447668455575434	hypomethylated	0.759183193656771	False
sim0000976	0.9587000000000002	0.9669769230769233	-0.00827692307692307	86	39	0.490082378990332	0.00827692307692307	hypomethylated	0.7593098111034643	False
sim0000013	0.2292586206896552	0.2251384615384616	0.0041201591511935975	87	39	0.49052828216653843	0.0041201591511935975	hypermethylated	0.7595722610549499	False
sim0000774	0.18997441860465122	0.18559736842105262	0.004377050183598602	86	38	0.4916436249075493	0.004377050183598602	hypermethylated	0.7608704437301622	False
sim0001858	0.048564367816091955	0.05530769230769231	-0.006743324491600353	87	39	0.49292239949868233	0.006743324491600353	hypomethylated	0.7624199501254957	False
sim0000842	0.9855360465116276	0.9673102564102566	0.018225790101371042	86	39	0.4932951805015524	0.018225790101371042	hypermethylated	0.7625671698580554	False
sim0001422	0.17519999999999997	0.16747567567567567	0.007724324324324294	87	37	0.4955212195293974	0.007724324324324294	hypermethylated	0.765577497214429	False
sim0001557	0.017991954022988508	0.013733333333333332	0.004258620689655176	87	39	0.496430685597804	0.004258620689655176	hypermethylated	0.766551485855631	False
sim0000975	0.02509885057471264	0.03697435897435898	-0.01187550839964634	87	39	0.500004242020935	0.01187550839964634	hypomethylated	0.7682618430049944	False
sim0002010	0.9394609195402291	0.92764358974359	0.011817329796639187	87	39	0.49884532563408923	0.011817329796639187	hypermethylated	0.7682618430049944	False
sim0000479	0.9022241379310342	0.9120717948717948	-0.009847656940760618	87	39	0.5006147429846888	0.009847656940760618	hypomethylated	0.7682618430049944	False
sim0002276	0.848553488372093	0.8582333333333335	-0.009679844961240525	86	39	0.4996718554546049	0.009679844961240525	hypomethylated	0.7682618430049944	False
sim0000697	0.9677885057471267	0.9598794871794873	0.00790901856763937	87	39	0.5002837522941372	0.00790901856763937	hypermethylated	0.7682618430049944	False
sim0001027	0.27170459770114946	0.26466153846153845	0.007043059239611016	87	39	0.49942908342936243	0.007043059239611016	hypermethylated	0.7682618430049944	False
sim0002112	0.2325686046511627	0.22588461538461538	0.006683989266547313	86	39	0.5003537832911735	0.006683989266547313	hypermethylated	0.7682618430049944	False
sim0000909	0.06149770114942529	0.055600000000000024	0.005897701149425269	87	39	0.4984499608877203	0.005897701149425269	hypermethylated	0.7682618430049944	False
sim0002050	0.1775574712643678	0.18330769230769228	-0.005750221043324483	87	39	0.499163969794581	0.005750221043324483	hypomethylated	0.7682618430049944	False
sim0002088	0.4020127906976743	0.396502564102564	0.005510226595110301	86	39	0.49848051375883695	0.005510226595110301	hypermethylated	0.7682618430049944	False
sim0000587	0.06787882352941178	0.07222894736842103	-0.004350123839009248	85	38	0.49975241328672204	0.004350123839009248	hypomethylated	0.7682618430049944	False
sim0000951	0.14507931034482757	0.12686666666666666	0.018212643678160917	87	39	0.504910642986893	0.018212643678160917	hypermethylated	0.7701764938005844	False
sim0001727	0.03371609195402299	0.04871052631578947	-0.014994434361766479	87	38	0.5027376430570447	0.014994434361766479	hypomethylated	0.7701764938005844	False
sim0001668	0.953933720930233	0.9675641025641025	-0.013630381633869537	86	39	0.504175194811957	0.013630381633869537	hypomethylated	0.7701764938005844	False
sim0001810	0.0864597701149425	0.09756666666666665	-0.011106896551724144	87	39	0.5062330085456443	0.011106896551724144	hypomethylated	0.7701764938005844	False
sim0001284	0.2856848837209303	0.29671025641025645	-0.01102537268932613	86	39	0.5063594363777181	0.01102537268932613	hypomethylated	0.7701764938005844	False
sim0001892	0.9275116279069765	0.9176025641025644	0.009909063804412144	86	39	0.505852001266759	0.009909063804412144	hypermethylated	0.7701764938005844	False
sim0001237	0.10519651162790697	0.09533333333333334	0.00986317829457363	86	39	0.5062047046296341	0.00986317829457363	hypermethylated	0.7701764938005844	False
sim0000916	0.2514500000000001	0.24162307692307694	0.009826923076923177	86	39	0.5061149063786958	0.009826923076923177	hypermethylated	0.7701764938005844	False
sim0001931	0.7763976744186045	0.7673974358974359	0.009000238521168602	86	39	0.5071876956118745	0.009000238521168602	hypermethylated	0.7701764938005844	False
sim0000470	0.14077126436781612	0.1322025641025641	0.008568700265252027	87	39	0.504697739253831	0.008568700265252027	hypermethylated	0.7701764938005844	False
sim0001899	0.9814476744186046	0.989844736842105	-0.008397062423500468	86	38	0.5072961467997754	0.008397062423500468	hypomethylated	0.7701764938005844	False
sim0001954	0.5395229885057471	0.531771794871795	0.007751193633952047	87	39	0.5056328192255258	0.007751193633952047	hypermethylated	0.7701764938005844	False
sim0002358	0.9117735632183905	0.9191897435897437	-0.007416180371353165	87	39	0.5063050261883479	0.007416180371353165	hypomethylated	0.7701764938005844	False
sim0001142	0.07472988505747129	0.08212307692307692	-0.007393191865605636	87	39	0.5076798394611232	0.007393191865605636	hypomethylated	0.7701764938005844	False
sim0001662	0.8646046511627908	0.8581105263157895	0.0064941248470012924	86	38	0.506363055701054	0.0064941248470012924	hypermethylated	0.7701764938005844	False
sim0001873	0.05031511627906977	0.04458461538461539	0.005730500894454378	86	39	0.5077501384320562	0.005730500894454378	hypermethylated	0.7701764938005844	False
sim0001693	0.9671701149425286	0.9724179487179487	-0.005247833775420152	87	39	0.5036668989495573	0.005247833775420152	hypomethylated	0.7701764938005844	False
sim0000586	0.05349310344827586	0.048248717948717955	0.005244385499557906	87	39	0.5051605478471838	0.005244385499557906	hypermethylated	0.7701764938005844	False
sim0001658	0.764316091954023	0.7591421052631582	0.005173986690864774	87	38	0.5070976243050175	0.005173986690864774	hypermethylated	0.7701764938005844	False
sim0001747	0.9424689655172417	0.9374923076923076	0.004976657824934061	87	39	0.5036829722926892	0.004976657824934061	hypermethylated	0.7701764938005844	False
sim0002008	0.034467816091954026	0.03827435897435897	-0.003806542882404944	87	39	0.5049775738338066	0.003806542882404944	hypomethylated	0.7701764938005844	False
sim0000463	0.13193139534883722	0.14597368421052626	-0.01404228886168904	86	38	0.508038472361642	0.01404228886168904	hypomethylated	0.7701885670957123	False
sim0001772	0.7901406976744184	0.7948236842105262	-0.004682986536107769	86	38	0.5084001149380325	0.004682986536107769	hypomethylated	0.7703117020048401	False
sim0000462	0.03393563218390806	0.04128205128205129	-0.0073464190981432295	87	39	0.5087767062225048	0.0073464190981432295	hypomethylated	0.7704573384747634	False
sim0001227	0.9082666666666667	0.8860666666666666	0.02220000000000011	87	39	0.5100570439730743	0.02220000000000011	hypermethylated	0.7706967545621755	False
sim0000897	0.20227931034482766	0.21415128205128206	-0.011871971706454404	87	39	0.5095169012010499	0.011871971706454404	hypomethylated	0.7706967545621755	False
sim0000270	0.1404011494252873	0.13145897435897433	0.00894217506631298	87	39	0.5098332114528724	0.00894217506631298	hypermethylated	0.7706967545621755	False
sim0001160	0.273	0.2796945945945945	-0.006694594594594483	86	37	0.5097289004122827	0.006694594594594483	hypomethylated	0.7706967545621755	False
sim0000559	0.018642528735632186	0.033423076923076916	-0.014780548187444731	87	39	0.5110284477936682	0.014780548187444731	hypomethylated	0.7717400473277661	False
sim0000385	0.8134770114942528	0.8193487179487179	-0.005871706454465109	87	39	0.5114705620655797	0.005871706454465109	hypomethylated	0.7719833153813996	False
sim0002184	0.22636321839080473	0.24513157894736845	-0.018768360556563723	87	38	0.5123560607871779	0.018768360556563723	hypomethylated	0.7721728400908677	False
sim0000117	0.9366709302325582	0.9435184210526315	-0.006847490820073299	86	38	0.5122935649964474	0.006847490820073299	hypomethylated	0.7721728400908677	False
sim0000962	0.8881435294117647	0.8841333333333333	0.004010196078431338	85	39	0.5124394202714423	0.004010196078431338	hypermethylated	0.7721728400908677	False
sim0001670	0.283916091954023	0.27620256410256405	0.007713527851458957	87	39	0.5130458067152597	0.007713527851458957	hypermethylated	0.7726627363195276	False
sim0000312	0.2748931034482759	0.26267948717948714	0.012213616268788752	87	39	0.5135056310796922	0.012213616268788752	hypermethylated	0.7726887376665517	False
sim0002310	0.10315813953488373	0.09563846153846155	0.007519677996422183	86	39	0.5139069252700363	0.007519677996422183	hypermethylated	0.7726887376665517	False
sim0000007	0.7997862068965519	0.7938641025641027	0.005922104332449218	87	39	0.5136321843344767	0.005922104332449218	hypermethylated	0.7726887376665517	False
sim0001086	0.7451119047619047	0.7380897435897437	0.007022161172161034	84	39	0.5149766482924945	0.007022161172161034	hypermethylated	0.7738735518924957	False
sim0000243	0.963282558139535	0.946423076923077	0.016859481216457972	86	39	0.5154112086921877	0.016859481216457972	hypermethylated	0.7741031111413011	False
sim0001487	0.1302139534883721	0.10922307692307694	0.02099087656529515	86	39	0.516624446984481	0.02099087656529515	hypermethylated	0.7747209978666807	False
sim0002285	0.03539195402298853	0.050197435897435895	-0.014805481874447364	87	39	0.5180788034514352	0.014805481874447364	hypomethylated	0.7747209978666807	False
sim0001965	0.23110919540229877	0.22138974358974364	0.009719451812555124	87	39	0.51714700088362	0.009719451812555124	hypermethylated	0.7747209978666807	False
sim0002270	0.8707418604651166	0.8788923076923075	-0.008150447227190938	86	39	0.5171441137018743	0.008150447227190938	hypomethylated	0.7747209978666807	False
sim0001532	0.040721839080459746	0.04863333333333333	-0.007911494252873581	87	39	0.5177434179493919	0.007911494252873581	hypomethylated	0.7747209978666807	False
sim0000360	0.9745779069767442	0.9678205128205127	0.006757394156231444	86	39	0.517168429613182	0.006757394156231444	hypermethylated	0.7747209978666807	False
sim0001219	0.2560114942528737	0.24953421052631572	0.006477283726557953	87	38	0.517494976145941	0.006477283726557953	hypermethylated	0.7747209978666807	False
sim0001251	0.8298264367816093	0.8254794871794874	0.004346949602121897	87	39	0.517994625007988	0.004346949602121897	hypermethylated	0.7747209978666807	False
sim0001119	0.9733931034482761	0.9805897435897436	-0.007196640141467481	87	39	0.5183772714418631	0.007196640141467481	hypomethylated	0.7747455738034809	False
sim0001730	0.1806670588235294	0.21200789473684206	-0.03134083591331266	85	38	0.5189024746009189	0.03134083591331266	hypomethylated	0.7751088079003393	False
sim0001420	0.9093558139534885	0.9041743589743587	0.005181454979129807	86	39	0.519595298264651	0.005181454979129807	hypermethylated	0.7757218936592372	False
sim0001865	0.818264367816092	0.8247589743589745	-0.006494606542882475	87	39	0.5215317733023445	0.006494606542882475	hypomethylated	0.7777675251148427	False
sim0002175	0.3719206896551724	0.36590512820512827	0.006015561450044116	87	39	0.5214373673482569	0.006015561450044116	hypermethylated	0.7777675251148427	False
sim0002236	0.20451954022988508	0.21988947368421052	-0.01536993345432544	87	38	0.5224512699209446	0.01536993345432544	hypomethylated	0.778716027386237	False
sim0000933	0.8638195402298848	0.8731945945945948	-0.009375054364709978	87	37	0.523878258398639	0.009375054364709978	hypomethylated	0.7795739847351361	False
sim0000084	0.08129080459770116	0.07693076923076925	0.004360035366931914	87	39	0.523510136962485	0.004360035366931914	hypermethylated	0.7795739847351361	False
sim0000089	0.8056206896551725	0.8023342105263161	0.003286479128856379	87	38	0.5238626061411964	0.003286479128856379	hypermethylated	0.7795739847351361	False
sim0000505	0.10641724137931037	0.09811794871794871	0.00829929266136166	87	39	0.5247991822225408	0.00829929266136166	hypermethylated	0.7802744835559334	False
sim0001698	0.1502724137931035	0.15554871794871797	-0.005276304155614475	87	39	0.5249170897747961	0.005276304155614475	hypomethylated	0.7802744835559334	False
sim0001111	0.03545930232558139	0.03178974358974359	0.0036695587358378037	86	39	0.5260544715937039	0.0036695587358378037	hypermethylated	0.7815422571486774	False
sim0000752	0.0486574712643678	0.04333846153846155	0.005319009725906251	87	39	0.5264356152172152	0.005319009725906251	hypermethylated	0.7816857486495622	False
sim0001584	0.14801609195402293	0.15730769230769234	-0.00929160035366941	87	39	0.5273876870844757	0.00929160035366941	hypomethylated	0.7821950111652958	False
sim0001521	0.04508390804597703	0.05236666666666668	-0.007282758620689653	87	39	0.5276328196903142	0.007282758620689653	hypomethylated	0.7821950111652958	False
sim0002331	0.4987279069767441	0.4928692307692308	0.0058586762075132914	86	39	0.527521134869066	0.0058586762075132914	hypermethylated	0.7821950111652958	False
sim0000518	0.9333482758620691	0.9533717948717949	-0.020023519009725765	87	39	0.5280847296648419	0.020023519009725765	hypomethylated	0.7824426927666238	False
sim0002302	0.05950574712643681	0.07163333333333331	-0.012127586206896503	87	39	0.5296564995234883	0.012127586206896503	hypomethylated	0.7827320365589132	False
sim0000116	0.5088244186046513	0.49852368421052623	0.0103007343941251	86	38	0.5296046639074845	0.0103007343941251	hypermethylated	0.7827320365589132	False
sim0002345	0.19085862068965523	0.18574871794871803	0.0051099027409372	87	39	0.529989657080298	0.0051099027409372	hypermethylated	0.7827320365589132	False
sim0001897	0.9208310344827585	0.915723076923077	0.00510795755968152	87	39	0.5299706769016372	0.00510795755968152	hypermethylated	0.7827320365589132	False
sim0000254	0.7798149425287357	0.7751512820512821	0.004663660477453591	87	39	0.528906536986268	0.004663660477453591	hypermethylated	0.7827320365589132	False
sim0001600	0.013932183908045981	0.010135897435897436	0.0037962864721485454	87	39	0.5293138463527283	0.0037962864721485454	hypermethylated	0.7827320365589132	False
sim0000985	0.8831287356321834	0.8767589743589744	0.006369761273208985	87	39	0.5317200740107841	0.006369761273208985	hypermethylated	0.7840231042982416	False
sim0001066	0.011827586206896551	0.01715405405405405	-0.0053264678471575	87	37	0.5316155921050298	0.0053264678471575	hypomethylated	0.7840231042982416	False
sim0000236	0.42250459770114934	0.41855128205128206	0.003953315649867284	87	39	0.5312965681474033	0.003953315649867284	hypermethylated	0.7840231042982416	False
sim0001108	0.8463701149425287	0.8692589743589744	-0.022888859416445695	87	39	0.5321079654897536	0.022888859416445695	hypomethylated	0.7841741315452538	False
sim0001886	0.15842643678160914	0.14545675675675676	0.012969680024852381	87	37	0.5324068626862319	0.012969680024852381	hypermethylated	0.7841939151737689	False
sim0000515	0.7981551724137931	0.8048179487179488	-0.006662776304155682	87	39	0.5334349480226525	0.006662776304155682	hypomethylated	0.7852871394524257	False
sim0002280	0.22650232558139546	0.24472307692307696	-0.018220751341681496	86	39	0.5339777760601045	0.018220751341681496	hypomethylated	0.7856652120177329	False
sim0002203	0.9844597701149425	0.9664973684210526	0.01796240169388985	87	38	0.5343023021685118	0.01796240169388985	hypermethylated	0.785721854420183	False
sim0000110	0.9162232558139536	0.9055179487179489	0.010705307096004701	86	39	0.537288401689014	0.010705307096004701	hypermethylated	0.7893172528868838	False
sim0000028	0.09090114942528733	0.0877205128205128	0.0031806366047745366	87	39	0.5373219013099646	0.0031806366047745366	hypermethylated	0.7893172528868838	False
sim0000304	0.7991896551724136	0.7931769230769229	0.0060127320954906915	87	39	0.5383370428008747	0.0060127320954906915	hypermethylated	0.7895418347965846	False
sim0000716	0.09805294117647056	0.09290256410256412	0.005150377073906448	85	39	0.5380580482114583	0.005150377073906448	hypermethylated	0.7895418347965846	False
sim0000744	0.05445172413793102	0.05096410256410257	0.0034876215738284533	87	39	0.5380787887134215	0.0034876215738284533	hypermethylated	0.7895418347965846	False
sim0000436	0.17196206896551727	0.16205384615384621	0.009908222811671058	87	39	0.5388816300741659	0.009908222811671058	hypermethylated	0.7899188035292068	False
sim0000881	0.2730104651162791	0.26047948717948716	0.01253097793679192	86	39	0.5402800481642815	0.01253097793679192	hypermethylated	0.790711913591489	False
sim0001340	0.7546908045977009	0.7460282051282051	0.008662599469495769	87	39	0.5399359604706908	0.008662599469495769	hypermethylated	0.790711913591489	False
sim0000266	0.2218046511627907	0.22746153846153852	-0.005656887298747831	86	39	0.540286225632044	0.005656887298747831	hypomethylated	0.790711913591489	False
sim0002157	0.016590588235294117	0.02466666666666666	-0.008076078431372542	85	39	0.5412012402566636	0.008076078431372542	hypomethylated	0.791629290194385	False
sim0001343	0.7579206896551722	0.7466179487179486	0.01130274093722361	87	39	0.5428630647042725	0.01130274093722361	hypermethylated	0.7918187096226822	False
sim0002368	0.139967816091954	0.13272051282051284	0.007247303271441158	87	39	0.5416592325377272	0.007247303271441158	hypermethylated	0.7918187096226822	False
sim0000918	0.6530741176470588	0.6592076923076924	-0.006133574660633578	85	39	0.5423477936084031	0.006133574660633578	hypomethylated	0.7918187096226822	False
sim0000793	0.12272528735632184	0.1178923076923077	0.0048329796640141365	87	39	0.5423531219011328	0.0048329796640141365	hypermethylated	0.7918187096226822	False
sim0001718	0.9872406976744186	0.9825358974358974	0.004704800238521156	86	39	0.543060228951268	0.004704800238521156	hypermethylated	0.7918187096226822	False
sim0001004	0.05235862068965518	0.055817948717948714	-0.003459328028293532	87	39	0.5428600311758652	0.003459328028293532	hypomethylated	0.7918187096226822	False
sim0000080	0.8723882352941174	0.8653589743589742	0.007029260935143111	85	39	0.5440185510778606	0.007029260935143111	hypermethylated	0.7927952041437045	False
sim0002103	0.7876744186046511	0.7934078947368425	-0.005733476132191329	86	38	0.5457181078165669	0.005733476132191329	hypomethylated	0.794429063154271	False
sim0000286	0.016767816091954026	0.013687179487179488	0.003080636604774537	87	39	0.5455532991620631	0.003080636604774537	hypermethylated	0.794429063154271	False
sim0000813	0.015079310344827585	0.012433333333333333	0.0026459770114942525	87	39	0.5461023890528931	0.0026459770114942525	hypermethylated	0.7945674061060897	False
sim0000484	0.656103448275862	0.6516051282051282	0.004498320070733808	87	39	0.5465825041736854	0.004498320070733808	hypermethylated	0.7948449650424106	False
sim0002341	0.06589418604651161	0.07550512820512822	-0.009610942158616617	86	39	0.5470868346811048	0.009610942158616617	hypomethylated	0.7950448613518987	False
sim0000326	0.027759770114942527	0.021349999999999997	0.00640977011494253	87	38	0.5472988106357628	0.00640977011494253	hypermethylated	0.7950448613518987	False
sim0002324	0.31042528735632186	0.30370256410256413	0.006722723253757723	87	39	0.5491140973657949	0.006722723253757723	hypermethylated	0.7972602671584771	False
sim0000604	0.9744816091954023	0.9580736842105262	0.016407924984876088	87	38	0.5500367347087181	0.016407924984876088	hypermethylated	0.7981779768858154	False
sim0001432	0.04396627906976744	0.051576923076923076	-0.007610644007155637	86	39	0.5511620370869553	0.007610644007155637	hypomethylated	0.7993886567464975	False
sim0001352	0.07997209302325581	0.0661948717948718	0.013777221228384012	86	39	0.5521035573254279	0.013777221228384012	hypermethylated	0.7995885392458837	False
sim0001393	0.6820344827586208	0.6936315789473684	-0.011597096188747602	87	38	0.5524641599886011	0.011597096188747602	hypomethylated	0.7995885392458837	False
sim0002318	0.08674252873563218	0.09624615384615386	-0.009503625110521677	87	39	0.5523368499079901	0.009503625110521677	hypomethylated	0.7995885392458837	False
sim0000806	0.838657471264368	0.8301871794871795	0.008470291777188499	87	39	0.5521557800284703	0.008470291777188499	hypermethylated	0.7995885392458837	False
sim0002212	0.7264977011494251	0.7320641025641026	-0.005566401414677458	87	39	0.5532086650631447	0.005566401414677458	hypomethylated	0.80024444598655	False
sim0000331	0.9507103448275863	0.9601948717948716	-0.0094845269672853	87	39	0.5551948490070714	0.0094845269672853	hypomethylated	0.8026948685381184	False
sim0000371	0.07294883720930231	0.06206666666666667	0.010882170542635641	86	39	0.5559145272231789	0.010882170542635641	hypermethylated	0.803312575634967	False
sim0002284	0.933670930232558	0.9437894736842106	-0.01011854345165264	86	38	0.5566131801189376	0.01011854345165264	hypomethylated	0.8034768291049508	False
sim0001073	0.7221839080459767	0.7174631578947368	0.00472075015123985	87	38	0.5563828475627083	0.00472075015123985	hypermethylated	0.8034768291049508	False
sim0002052	0.8016137931034478	0.8096842105263159	-0.00807041742286807	87	38	0.5578384701755622	0.00807041742286807	hypomethylated	0.8048226247753516	False
sim0002155	0.07742941176470587	0.06822307692307693	0.009206334841628944	85	39	0.5582109220253915	0.009206334841628944	hypermethylated	0.804937219319554	False
sim0002281	0.2406873563218391	0.2456307692307692	-0.004943412908930106	87	39	0.5588117506681044	0.004943412908930106	hypomethylated	0.8053808389744401	False
sim0000561	0.12258850574712649	0.10571282051282051	0.01687568523430598	87	39	0.5621323389347702	0.01687568523430598	hypermethylated	0.8072262903397159	False
sim0001054	0.055986046511627925	0.04478947368421053	0.011196572827417393	86	38	0.5611017828816663	0.011196572827417393	hypermethylated	0.8072262903397159	False
sim0001997	0.7605218390804597	0.7668076923076924	-0.0062858532272327405	87	39	0.5619421531071898	0.0062858532272327405	hypomethylated	0.8072262903397159	False
sim0001100	0.20021609195402296	0.2055026315789474	-0.005286539624924452	87	38	0.5618541056155868	0.005286539624924452	hypomethylated	0.8072262903397159	False
sim0002051	0.01563411764705883	0.012407692307692309	0.0032264253393665208	85	39	0.5610355672714722	0.0032264253393665208	hypermethylated	0.8072262903397159	False
sim0000632	0.10347356321839078	0.10030000000000001	0.003173563218390768	87	39	0.561765723556469	0.003173563218390768	hypermethylated	0.8072262903397159	False
sim0000949	0.9985172413793101	0.9992384615384616	-0.0007212201591515477	87	39	0.5621492149326088	0.0007212201591515477	hypomethylated	0.8072262903397159	False
sim0001933	0.121483908045977	0.13517435897435898	-0.013690450928381975	87	39	0.5629389232760587	0.013690450928381975	hypomethylated	0.8078904364790105	False
sim0001991	0.660677906976744	0.6560769230769231	0.004600983899820887	86	39	0.5631999220448872	0.004600983899820887	hypermethylated	0.8078904364790105	False
sim0001942	0.1255470588235294	0.13006153846153845	-0.00451447963800905	85	39	0.5639521080154541	0.00451447963800905	hypomethylated	0.8085472028801944	False
sim0001721	0.2716689655172413	0.24826666666666675	0.023402298850574543	87	39	0.5649242644169914	0.023402298850574543	hypermethylated	0.8088797165813577	False
sim0001061	0.8783022988505749	0.8875897435897436	-0.00928744473916876	87	39	0.565361869616384	0.00928744473916876	hypomethylated	0.8088797165813577	False
sim0001029	0.3872767441860466	0.3937564102564102	-0.006479666070363654	86	39	0.565343453524203	0.006479666070363654	hypomethylated	0.8088797165813577	False
sim0002007	0.24090465116279067	0.23629473684210522	0.004609914320685443	86	38	0.5651371544694899	0.004609914320685443	hypermethylated	0.8088797165813577	False
sim0001179	0.16676046511627915	0.18343333333333334	-0.016672868217054188	86	39	0.5662573480498909	0.016672868217054188	hypomethylated	0.8093178642523674	False
sim0001937	0.8887964705882355	0.8932263157894736	-0.004429845201238125	85	38	0.5660958729241088	0.004429845201238125	hypomethylated	0.8093178642523674	False
sim0002067	0.6773574712643677	0.6700026315789473	0.007354839685420389	87	38	0.566742142038166	0.007354839685420389	hypermethylated	0.8094868570231886	False
sim0000023	0.05355882352941178	0.04803333333333333	0.005525490196078446	85	39	0.5669649482754331	0.005525490196078446	hypermethylated	0.8094868570231886	False
sim0000955	0.279643023255814	0.2835076923076923	-0.0038646690518782667	86	39	0.5672841325829414	0.0038646690518782667	hypomethylated	0.8095218245222545	False
sim0000675	0.9799413793103449	0.9842615384615383	-0.004320159151193437	87	39	0.5676447447046507	0.004320159151193437	hypomethylated	0.8096158430444835	False
sim0000287	0.8413436781609195	0.8293289473684212	0.012014730792498263	87	38	0.5686781588289533	0.012014730792498263	hypermethylated	0.8098470601261654	False
sim0001337	0.12023793103448276	0.10968684210526315	0.010551088929219604	87	38	0.5687715922472019	0.010551088929219604	hypermethylated	0.8098470601261654	False
sim0002239	0.9157160919540233	0.9219435897435895	-0.0062274977895662165	87	39	0.5689861034013466	0.0062274977895662165	hypomethylated	0.8098470601261654	False
sim0001410	0.15414235294117648	0.15066923076923078	0.003473122171945703	85	39	0.5684177998557746	0.003473122171945703	hypermethylated	0.8098470601261654	False
sim0001310	0.9411069767441862	0.9320487179487181	0.009058258795468066	86	39	0.5716439095643766	0.009058258795468066	hypermethylated	0.8111083778787925	False
sim0002278	0.020029069767441864	0.02884102564102564	-0.008811955873583778	86	39	0.5704066996841363	0.008811955873583778	hypomethylated	0.8111083778787925	False
sim0001502	0.9385609195402297	0.9324710526315794	0.006089866908650321	87	38	0.5704664257900347	0.006089866908650321	hypermethylated	0.8111083778787925	False
sim0001183	0.3976517241379309	0.39279230769230766	0.00485941644562321	87	39	0.5711358538385063	0.00485941644562321	hypermethylated	0.8111083778787925	False
sim0002395	0.9089186046511628	0.9054999999999999	0.0034186046511629486	86	39	0.5715876648937006	0.0034186046511629486	hypermethylated	0.8111083778787925	False
sim0001205	0.9927160919540229	0.9944564102564104	-0.0017403183023875224	87	39	0.5712546339356712	0.0017403183023875224	hypomethylated	0.8111083778787925	False
sim0000281	0.6446413793103449	0.6585923076923077	-0.013950928381962768	87	39	0.5720687374304656	0.013950928381962768	hypomethylated	0.8112921124013882	False
sim0000003	0.057065517241379315	0.06206923076923077	-0.005003713527851457	87	39	0.5725023946837673	0.005003713527851457	hypomethylated	0.8114881724439158	False
sim0001382	0.9442655172413793	0.9517974358974359	-0.007531918656056624	87	39	0.5730983948281327	0.007531918656056624	hypomethylated	0.8117839945943672	False
sim0001038	0.9942310344827585	0.9918589743589743	0.0023720601237842143	87	39	0.5733021294186649	0.0023720601237842143	hypermethylated	0.8117839945943672	False
sim0001970	0.2126827586206897	0.2029051282051282	0.009777630415561483	87	39	0.5743182562752562	0.009777630415561483	hypermethylated	0.8128038382216017	False
sim0000963	0.28650465116279067	0.28975789473684216	-0.00325324357405149	86	38	0.57494962720589	0.00325324357405149	hypomethylated	0.8132783861661071	False
sim0000710	0.05036206896551723	0.042410256410256406	0.007951812555260826	87	39	0.5756154860755323	0.007951812555260826	hypermethylated	0.8133633262615804	False
sim0001843	0.016211627906976743	0.009139473684210525	0.0070721542227662176	86	38	0.5758979503381048	0.0070721542227662176	hypermethylated	0.8133633262615804	False
sim0000730	0.20267411764705873	0.20860769230769227	-0.005933574660633545	85	39	0.5757061868045372	0.005933574660633545	hypomethylated	0.8133633262615804	False
sim0002117	0.056608139534883715	0.06523333333333334	-0.008625193798449622	86	39	0.5762769007512611	0.008625193798449622	hypomethylated	0.8134802910399355	False
sim0000545	0.9560058139534884	0.9742666666666667	-0.018260852713178344	86	39	0.5768117218178466	0.018260852713178344	hypomethylated	0.8135612527751047	False
sim0001912	0.024783908045977014	0.02956052631578947	-0.004776618269812457	87	38	0.5769265818732814	0.004776618269812457	hypomethylated	0.8135612527751047	False
sim0000681	0.10976551724137924	0.10338974358974361	0.006375773651635636	87	39	0.5782463271330882	0.006375773651635636	hypermethylated	0.8150039305462253	False
sim0000857	0.059445977011494254	0.06544871794871794	-0.006002740937223687	87	39	0.5790816906989085	0.006002740937223687	hypomethylated	0.8157627714614879	False
sim0000840	0.19868275862068968	0.20646410256410264	-0.007781343943412955	87	39	0.5798063561085953	0.007781343943412955	hypomethylated	0.8159467521671676	False
sim0001021	0.0405344827586207	0.03725128205128205	0.003283200707338646	87	39	0.5796149611239869	0.003283200707338646	hypermethylated	0.8159467521671676	False
sim0001935	0.10201379310344827	0.09406486486486487	0.007948928238583397	87	37	0.5811895542321929	0.007948928238583397	hypermethylated	0.8164396795726877	False
sim0001434	0.7773080459770114	0.7701868421052632	0.007121203871748194	87	38	0.5819398953779842	0.007121203871748194	hypermethylated	0.8164396795726877	False
sim0001336	0.06502183908045979	0.07178205128205131	-0.006760212201591523	87	39	0.581492399137205	0.006760212201591523	hypomethylated	0.8164396795726877	False
sim0000473	0.35194137931034486	0.3580973684210526	-0.006155989110707749	87	38	0.5818711688086506	0.006155989110707749	hypomethylated	0.8164396795726877	False
sim0001746	0.8020563218390803	0.7989025641025642	0.0031537577365160496	87	39	0.5818997316950225	0.0031537577365160496	hypermethylated	0.8164396795726877	False
sim0000817	0.07599767441860465	0.07294473684210527	0.0030529375764993816	86	38	0.5809659775668186	0.0030529375764993816	hypermethylated	0.8164396795726877	False
sim0000998	0.7244448275862069	0.7150605263157894	0.00938430127041745	87	38	0.5828025535601813	0.00938430127041745	hypermethylated	0.8168156197090908	False
sim0002398	0.10183647058823525	0.09550769230769232	0.006328778280542929	85	39	0.5826785920081101	0.006328778280542929	hypermethylated	0.8168156197090908	False
sim0001223	0.9865448275862067	0.9832051282051282	0.003339699381078476	87	39	0.5841115462050313	0.003339699381078476	hypermethylated	0.8178157071484307	False
sim0001450	0.01635862068965517	0.014033333333333337	0.0023252873563218337	87	39	0.5839444317435785	0.0023252873563218337	hypermethylated	0.8178157071484307	False
sim0001672	0.08442823529411767	0.07996153846153847	0.004466696832579192	85	39	0.5846111878959832	0.004466696832579192	hypermethylated	0.8179895831460903	False
sim0002217	0.08043218390804596	0.07698205128205127	0.003450132625994695	87	39	0.5848312855110743	0.003450132625994695	hypermethylated	0.8179895831460903	False
sim0000863	0.8317011494252874	0.8386641025641024	-0.006962953138815009	87	39	0.5867025734761298	0.006962953138815009	hypomethylated	0.8194977997409751	False
sim0001739	0.08623333333333334	0.09175128205128204	-0.005517948717948695	87	39	0.5867923428603736	0.005517948717948695	hypomethylated	0.8194977997409751	False
sim0000072	0.08069655172413795	0.08498461538461541	-0.004288063660477459	87	39	0.5868045766619943	0.004288063660477459	hypomethylated	0.8194977997409751	False
sim0001989	0.2307616279069767	0.2617210526315789	-0.030959424724602197	86	38	0.5898878736760067	0.030959424724602197	hypomethylated	0.8199615573940633	False
sim0000611	0.09988505747126435	0.11672051282051285	-0.016835455349248504	87	39	0.5896169542966823	0.016835455349248504	hypomethylated	0.8199615573940633	False
sim0001069	0.1411689655172414	0.15139736842105264	-0.010228402903811246	87	38	0.5895146129473405	0.010228402903811246	hypomethylated	0.8199615573940633	False
sim0001134	0.19344137931034483	0.18528974358974354	0.008151635720601291	87	39	0.5899693652795159	0.008151635720601291	hypermethylated	0.8199615573940633	False
sim0001574	0.31598965517241384	0.3232025641025641	-0.0072129089301502525	87	39	0.5897670094306281	0.0072129089301502525	hypomethylated	0.8199615573940633	False
sim0001307	0.2099290697674418	0.2033307692307692	0.006598300536672597	86	39	0.5893784457774562	0.006598300536672597	hypermethylated	0.8199615573940633	False
sim0002359	0.23846436781609182	0.23290789473684215	0.005556473079249669	87	38	0.5904200802786521	0.005556473079249669	hypermethylated	0.8199615573940633	False
sim0001709	0.11434597701149428	0.11932368421052629	-0.004977707199032011	87	38	0.5878666329176989	0.004977707199032011	hypomethylated	0.8199615573940633	False
sim0000759	0.9757482758620688	0.9797102564102564	-0.003961980548187638	87	39	0.590039857298208	0.003961980548187638	hypomethylated	0.8199615573940633	False
sim0002034	0.8891885057471264	0.8859743589743589	0.0032141467727674344	87	39	0.5878625896254701	0.0032141467727674344	hypermethylated	0.8199615573940633	False
sim0001463	0.025862790697674425	0.02274102564102564	0.003121765056648785	86	39	0.5901697185748078	0.003121765056648785	hypermethylated	0.8199615573940633	False
sim0001697	0.24392413793103435	0.24806315789473682	-0.004139019963702473	87	38	0.5912716972192799	0.004139019963702473	hypomethylated	0.8207293341391418	False
sim0000273	0.764006896551724	0.7773923076923075	-0.013385411140583447	87	39	0.5938761507013607	0.013385411140583447	hypomethylated	0.8224774638812178	False
sim0001167	0.04332183908045977	0.0486128205128205	-0.005290981432360731	87	39	0.5938579867680988	0.005290981432360731	hypomethylated	0.8224774638812178	False
sim0001957	0.9039229885057475	0.8999236842105265	0.003999304295220996	87	38	0.5940281355443524	0.003999304295220996	hypermethylated	0.8224774638812178	False
sim0001063	0.9884413793103447	0.9845589743589743	0.0038824049513703773	87	39	0.5935003299024966	0.0038824049513703773	hypermethylated	0.8224774638812178	False
sim0001241	0.07805517241379312	0.07433076923076923	0.003724403183023889	87	39	0.5929483540886498	0.003724403183023889	hypermethylated	0.8224774638812178	False
sim0000911	0.9357517241379308	0.9423820512820512	-0.006630327144120374	87	39	0.5954351289677241	0.006630327144120374	hypomethylated	0.8236778373866714	False
sim0000155	0.9726534883720932	0.9755256410256408	-0.002872152653547566	86	39	0.5954947888787512	0.002872152653547566	hypomethylated	0.8236778373866714	False
sim0000497	0.11213793103448272	0.12469230769230769	-0.012554376657824967	87	39	0.5963088763208011	0.012554376657824967	hypomethylated	0.8237035482649742	False
sim0001542	0.5786325581395347	0.5857692307692306	-0.007136672629695862	86	39	0.5964129441205073	0.007136672629695862	hypomethylated	0.8237035482649742	False
sim0001482	0.8481430232558144	0.8452717948717949	0.002871228384019431	86	39	0.5963738257295661	0.002871228384019431	hypermethylated	0.8237035482649742	False
sim0000311	0.25065517241379304	0.2545205128205129	-0.003865340406719875	87	39	0.5971388009661092	0.003865340406719875	hypomethylated	0.824291601132614	False
sim0000825	0.0425471264367816	0.03882051282051282	0.0037266136162687827	87	39	0.5979092888828472	0.0037266136162687827	hypermethylated	0.8249406411658369	False
sim0000153	0.8801255813953486	0.8962358974358975	-0.01611031604054891	86	39	0.5991960939520352	0.01611031604054891	hypomethylated	0.82630103919992	False
sim0002233	0.07162873563218392	0.0668421052631579	0.004786630369026018	87	38	0.599501278392249	0.004786630369026018	hypermethylated	0.8263070806540432	False
sim0002143	0.07680465116279071	0.06418205128205129	0.012622599880739424	86	39	0.6002666366764677	0.012622599880739424	hypermethylated	0.8269470666751539	False
sim0001985	0.7332390804597702	0.7562289473684212	-0.022989866908651013	87	38	0.6009415031577829	0.022989866908651013	hypomethylated	0.8270472490853856	False
sim0000025	0.89336511627907	0.8995512820512818	-0.00618616577221176	86	39	0.6006723139596115	0.00618616577221176	hypomethylated	0.8270472490853856	False
sim0001588	0.12144883720930236	0.13639999999999997	-0.014951162790697609	86	39	0.601464672795903	0.014951162790697609	hypomethylated	0.8273527572210043	False
sim0000398	0.9789767441860464	0.9853184210526313	-0.006341676866584933	86	38	0.6018014074005258	0.006341676866584933	hypomethylated	0.8274016346993215	False
sim0002079	0.8240279069767446	0.8060538461538463	0.017974060822898208	86	39	0.6028726618857567	0.017974060822898208	hypermethylated	0.8284598310155946	False
sim0001796	0.9216081395348836	0.931157894736842	-0.009549755201958332	86	38	0.6043406315198803	0.009549755201958332	hypomethylated	0.8299293671642386	False
sim0002042	0.5821666666666668	0.578925641025641	0.0032410256410257965	87	39	0.6045462918440632	0.0032410256410257965	hypermethylated	0.8299293671642386	False
sim0001163	0.9425655172413794	0.9478078947368421	-0.005242377495462747	87	38	0.605588806739272	0.005242377495462747	hypomethylated	0.8309452807756144	False
sim0000768	0.41538837209302315	0.4107230769230769	0.0046652951699462375	86	39	0.6059453822432992	0.0046652951699462375	hypermethylated	0.8310194533311747	False
sim0000558	0.06690000000000002	0.061425641025641034	0.005474358974358981	86	39	0.6063726550353468	0.005474358974358981	hypermethylated	0.8311904607695098	False
sim0002162	0.07083793103448273	0.08344871794871793	-0.0126107869142352	87	39	0.6091218994118435	0.0126107869142352	hypomethylated	0.8316565570678062	False
sim0001212	0.02412413793103448	0.03636153846153846	-0.01223740053050398	87	39	0.6093770601518187	0.01223740053050398	hypomethylated	0.8316565570678062	False
sim0001719	0.1594388235294118	0.17079487179487177	-0.011356048265459967	85	39	0.6094498816232341	0.011356048265459967	hypomethylated	0.8316565570678062	False
sim0001388	0.21357011494252873	0.20535128205128209	0.008218832891246641	87	39	0.6092467895767407	0.008218832891246641	hypermethylated	0.8316565570678062	False
sim0001260	0.8945686046511625	0.9026384615384617	-0.00806985688729922	86	39	0.6097401914577946	0.00806985688729922	hypomethylated	0.8316565570678062	False
sim0001784	0.7359627906976745	0.7431564102564104	-0.007193619558735986	86	39	0.6087774733412344	0.007193619558735986	hypomethylated	0.8316565570678062	False
sim0000702	0.7016310344827589	0.6944410256410256	0.007190008841733264	87	39	0.6083022379272025	0.007190008841733264	hypermethylated	0.8316565570678062	False
sim0001845	0.9499517647058823	0.9568384615384616	-0.006886696832579364	85	39	0.6076403413840668	0.006886696832579364	hypomethylated	0.8316565570678062	False
sim0000291	0.06866588235294116	0.07453846153846154	-0.00587257918552038	85	39	0.6095896828077878	0.00587257918552038	hypomethylated	0.8316565570678062	False
sim0001776	0.7364505747126435	0.7313631578947368	0.005087416817906698	87	38	0.6087277187844937	0.005087416817906698	hypermethylated	0.8316565570678062	False
sim0000180	0.028667441860465125	0.03677948717948718	-0.008112045319022057	86	39	0.6109120051943304	0.008112045319022057	hypomethylated	0.8328413291656703	False
sim0001799	0.043409411764705884	0.02880512820512821	0.014604283559577675	85	39	0.6125562173154162	0.014604283559577675	hypermethylated	0.8338413919551281	False
sim0000792	0.2911517241379311	0.28809230769230776	0.003059416445623353	87	39	0.6125324572867011	0.003059416445623353	hypermethylated	0.8338413919551281	False
sim0001348	0.03474367816091954	0.03191282051282051	0.002830857648099032	87	39	0.6121507870569842	0.002830857648099032	hypermethylated	0.8338413919551281	False
sim0000417	0.22460229885057464	0.24132564102564102	-0.01672334217506638	87	39	0.6130197589818572	0.01672334217506638	hypomethylated	0.833941450429223	False
sim0000262	0.3158476744186047	0.3204794871794872	-0.004631812760882537	86	39	0.6135404700828029	0.004631812760882537	hypomethylated	0.833941450429223	False
sim0001481	0.1338724137931035	0.1303564102564103	0.0035160035366932074	87	39	0.6132843863069646	0.0035160035366932074	hypermethylated	0.833941450429223	False
sim0000841	0.1474873563218391	0.1551230769230769	-0.007635720601237794	87	39	0.6150609727837684	0.007635720601237794	hypomethylated	0.8347690179036619	False
sim0001883	0.80583488372093	0.8118105263157895	-0.005975642594859498	86	38	0.614481384883915	0.005975642594859498	hypomethylated	0.8347690179036619	False
sim0002087	0.03852674418604651	0.035756410256410256	0.0027703339296362567	86	39	0.6149291390225143	0.0027703339296362567	hypermethylated	0.8347690179036619	False
sim0000996	0.02087674418604651	0.029751282051282055	-0.008874537865235545	86	39	0.6160666047803722	0.008874537865235545	hypomethylated	0.8357209695465099	False
sim0002352	0.1169781609195402	0.12499230769230767	-0.008014146772767461	87	39	0.6166659611405431	0.008014146772767461	hypomethylated	0.8361211230271824	False
sim0002243	0.45429885057471264	0.4505282051282053	0.003770645446507348	87	39	0.6179973837778543	0.003770645446507348	hypermethylated	0.8371813060450545	False
sim0002200	0.948289534883721	0.9511815789473682	-0.002892044063647181	86	38	0.6180574039531745	0.002892044063647181	hypomethylated	0.8371813060450545	False
sim0001282	0.22228045977011499	0.21636666666666662	0.0059137931034483615	87	39	0.619484877320654	0.0059137931034483615	hypermethylated	0.838701310004848	False
sim0002142	0.8665390804597697	0.8720421052631581	-0.005503024803388379	87	38	0.6209213585027389	0.005503024803388379	hypomethylated	0.8398183022191156	False
sim0000670	0.3329712643678161	0.3282435897435897	0.004727674624226408	87	39	0.620726115410735	0.004727674624226408	hypermethylated	0.8398183022191156	False
sim0002018	0.22503793103448275	0.216851282051282	0.008186648983200734	87	39	0.6215052528704024	0.008186648983200734	hypermethylated	0.8401943551353324	False
sim0000550	0.8806586206896548	0.8834736842105265	-0.0028150635208716857	87	38	0.6223170021818032	0.0028150635208716857	hypomethylated	0.8408779168683785	False
sim0000954	0.5761139534883725	0.581251282051282	-0.005137328562909493	86	39	0.622979873685143	0.005137328562909493	hypomethylated	0.8409462963209277	False
sim0000065	0.15789540229885063	0.15376666666666666	0.004128735632183966	87	39	0.6226855849991301	0.004128735632183966	hypermethylated	0.8409462963209277	False
sim0001714	0.07329651162790696	0.06581315789473684	0.00748335373317012	86	38	0.6247307320878485	0.00748335373317012	hypermethylated	0.8424817481813056	False
sim0001201	0.8645402298850576	0.8574205128205126	0.007119717064545061	87	39	0.6245319098936242	0.007119717064545061	hypermethylated	0.8424817481813056	False
sim0002182	0.9111390804597699	0.9154282051282052	-0.00428912466843534	87	39	0.6268920705433836	0.00428912466843534	hypomethylated	0.8445671985201936	False
sim0000409	0.9553229885057472	0.9516888888888886	0.003634099616858566	87	36	0.6265960488893851	0.003634099616858566	hypermethylated	0.8445671985201936	False
sim0000577	0.922151724137931	0.9184641025641025	0.0036876215738285145	87	39	0.6275498735304501	0.0036876215738285145	hypermethylated	0.8446249400235896	False
sim0000452	0.22093103448275866	0.22310000000000002	-0.0021689655172413558	87	39	0.627426857304916	0.0021689655172413558	hypomethylated	0.8446249400235896	False
sim0001034	0.878552325581395	0.8654230769230771	0.013129248658317882	86	39	0.6322879491614279	0.013129248658317882	hypermethylated	0.8448090081921408	False
sim0000356	0.3113298850574711	0.2984578947368421	0.012871990320629023	87	38	0.6321159699091237	0.012871990320629023	hypermethylated	0.8448090081921408	False
sim0002125	0.07234482758620689	0.060730769230769234	0.011614058355437655	87	39	0.6285728852376864	0.011614058355437655	hypermethylated	0.8448090081921408	False
sim0001261	0.03865813953488373	0.04785128205128204	-0.009193142516398314	86	39	0.6335974705210565	0.009193142516398314	hypomethylated	0.8448090081921408	False
sim0001390	0.9685609195402298	0.9769763157894736	-0.008415396249243812	87	38	0.6322516916371541	0.008415396249243812	hypomethylated	0.8448090081921408	False
sim0000255	0.8664569767441865	0.8581615384615386	0.008295438282647893	86	39	0.630756721200653	0.008295438282647893	hypermethylated	0.8448090081921408	False
sim0002309	0.02916511627906977	0.021633333333333334	0.007531782945736434	86	39	0.6338374102235174	0.007531782945736434	hypermethylated	0.8448090081921408	False
sim0000428	0.44460804597701153	0.4386512820512819	0.005956763925729636	87	39	0.6308768989820863	0.005956763925729636	hypermethylated	0.8448090081921408	False
sim0002326	0.16749770114942522	0.1619615384615385	0.005536162687886731	87	39	0.6291513207714889	0.005536162687886731	hypermethylated	0.8448090081921408	False
sim0002211	0.04300689655172414	0.04845641025641026	-0.005449513704686118	87	39	0.6332864554690492	0.005449513704686118	hypomethylated	0.8448090081921408	False
sim0001944	0.12319767441860464	0.12849743589743584	-0.005299761478831197	86	39	0.6336006728545929	0.005299761478831197	hypomethylated	0.8448090081921408	False
sim0002036	0.02232758620689655	0.017638461538461537	0.004689124668435012	87	39	0.6325762692262011	0.004689124668435012	hypermethylated	0.8448090081921408	False
sim0000915	0.07343488372093022	0.06885128205128203	0.004583601669648191	86	39	0.6320236064957978	0.004583601669648191	hypermethylated	0.8448090081921408	False
sim0000868	0.33576091954022985	0.34013846153846156	-0.004377541998231704	87	39	0.6328763663820682	0.004377541998231704	hypomethylated	0.8448090081921408	False
sim0000910	0.911327906976744	0.9076487179487179	0.0036791890280261086	86	39	0.6306339048390985	0.0036791890280261086	hypermethylated	0.8448090081921408	False
sim0001949	0.9679218390804597	0.9713972972972968	-0.003475458216837146	87	37	0.6335788507433486	0.003475458216837146	hypomethylated	0.8448090081921408	False
sim0002015	0.9504465116279073	0.9472526315789475	0.0031938800489598185	86	38	0.6296202743289798	0.0031938800489598185	hypermethylated	0.8448090081921408	False
sim0001254	0.13274712643678166	0.12965897435897433	0.003088152077807327	87	39	0.6312323992637645	0.003088152077807327	hypermethylated	0.8448090081921408	False
sim0001279	0.7011674418604653	0.6985846153846155	0.002582826475849842	86	39	0.6317187787506828	0.002582826475849842	hypermethylated	0.8448090081921408	False
sim0001035	0.9925376470588234	0.9943315789473686	-0.0017939318885451527	85	38	0.6291244947632024	0.0017939318885451527	hypomethylated	0.8448090081921408	False
sim0001187	0.9476137931034482	0.9250615384615386	0.022552254641909575	87	39	0.6365854191947503	0.022552254641909575	hypermethylated	0.8461748313896744	False
sim0001831	0.15766666666666668	0.17008461538461536	-0.012417948717948685	87	39	0.6363876403634674	0.012417948717948685	hypomethylated	0.8461748313896744	False
sim0002102	0.8127701149425287	0.8246641025641026	-0.011893987621573898	87	39	0.6354244258581516	0.011893987621573898	hypomethylated	0.8461748313896744	False
sim0000763	0.9182471264367813	0.9272641025641025	-0.009016976127321219	87	39	0.6385585822609374	0.009016976127321219	hypomethylated	0.8461748313896744	False
sim0002329	0.23113793103448285	0.223374358974359	0.007763572060123847	87	39	0.6376552082755312	0.007763572060123847	hypermethylated	0.8461748313896744	False
sim0001794	0.9454117647058824	0.9526736842105261	-0.007261919504643721	85	38	0.6372381162113454	0.007261919504643721	hypomethylated	0.8461748313896744	False
sim0000345	0.10416627906976746	0.09866153846153845	0.005504740608229003	86	39	0.6385306204585846	0.005504740608229003	hypermethylated	0.8461748313896744	False
sim0000812	0.04861034482758621	0.0537948717948718	-0.005184526967285594	87	39	0.6381890370734996	0.005184526967285594	hypomethylated	0.8461748313896744	False
sim0000837	0.16088735632183906	0.1559	0.004987356321839054	87	39	0.6369231354862964	0.004987356321839054	hypermethylated	0.8461748313896744	False
sim0001404	0.8613528735632181	0.8649512820512819	-0.003598408488063809	87	39	0.6370726026320186	0.003598408488063809	hypomethylated	0.8461748313896744	False
sim0002081	0.43444712643678135	0.4310846153846155	0.0033625110521658397	87	39	0.6367411398784608	0.0033625110521658397	hypermethylated	0.8461748313896744	False
sim0001564	0.029794252873563222	0.033151282051282045	-0.0033570291777188233	87	39	0.6380116573766148	0.0033570291777188233	hypomethylated	0.8461748313896744	False
sim0001976	0.4530255813953486	0.44941794871794866	0.003607632677399941	86	39	0.6397510057143647	0.003607632677399941	hypermethylated	0.8473461970575507	False
sim0000426	0.04949425287356321	0.05269736842105264	-0.0032031155474894282	87	38	0.6404838382830953	0.0032031155474894282	hypomethylated	0.8478997254535814	False
sim0000038	0.24230813953488373	0.24511794871794867	-0.0028098091830649485	86	39	0.6407862504701984	0.0028098091830649485	hypomethylated	0.8478997254535814	False
sim0000284	0.7278482758620687	0.7309894736842105	-0.003141197822141839	87	38	0.643004026790059	0.003141197822141839	hypomethylated	0.8504246805933038	False
sim0000519	0.0963172413793103	0.10395128205128205	-0.007634040671971751	87	39	0.6434224679747583	0.007634040671971751	hypomethylated	0.85056858495027	False
sim0001072	0.873419540229885	0.8688282051282052	0.00459133510167975	87	39	0.6440746204297773	0.00459133510167975	hypermethylated	0.8506120107310569	False
sim0000068	0.0633896551724138	0.06763589743589742	-0.004246242263483621	87	39	0.6438066279493619	0.004246242263483621	hypomethylated	0.8506120107310569	False
sim0002283	0.3863505747126437	0.38253421052631587	0.0038163641863278586	87	38	0.6452849164148349	0.0038163641863278586	hypermethylated	0.8518008963919036	False
sim0000246	0.8411712643678164	0.8330897435897437	0.00808152077807267	87	39	0.6463485318514898	0.00808152077807267	hypermethylated	0.8527951090278781	False
sim0000888	0.7219252873563219	0.7352666666666665	-0.013341379310344625	87	39	0.6473029634032786	0.013341379310344625	hypomethylated	0.852895824006572	False
sim0001659	0.14792988505747126	0.13920769230769234	0.008722192749778923	87	39	0.6474497869882022	0.008722192749778923	hypermethylated	0.852895824006572	False
sim0001929	0.40104352941176497	0.4042263157894737	-0.003182786377708746	85	38	0.6476431292397762	0.003182786377708746	hypomethylated	0.852895824006572	False
sim0001755	0.05189655172413795	0.049828205128205114	0.0020683465959328365	87	39	0.6476667960967271	0.0020683465959328365	hypermethylated	0.852895824006572	False
sim0000864	0.0717229885057471	0.06665897435897436	0.005064014146772738	87	39	0.6482246929312718	0.005064014146772738	hypermethylated	0.853221481304362	False
sim0000807	0.17703333333333335	0.17229487179487174	0.004738461538461608	87	39	0.6496050229901583	0.004738461538461608	hypermethylated	0.8542268213515793	False
sim0002016	0.1177448275862069	0.11415128205128208	0.0035935455349248163	87	39	0.6496104222072986	0.0035935455349248163	hypermethylated	0.8542268213515793	False
sim0001171	0.0740954022988506	0.0627871794871795	0.011308222811671098	87	39	0.6500754066538244	0.011308222811671098	hypermethylated	0.8543142898569268	False
sim0000267	0.05906860465116279	0.051936842105263156	0.007131762545899631	86	38	0.6504624812258893	0.007131762545899631	hypermethylated	0.8543142898569268	False
sim0002199	0.291135294117647	0.2962153846153846	-0.0050800904977376105	85	39	0.6507004883304561	0.0050800904977376105	hypomethylated	0.8543142898569268	False
sim0001320	0.02713372093023256	0.02420769230769231	0.0029260286225402526	86	39	0.650920935082107	0.0029260286225402526	hypermethylated	0.8543142898569268	False
sim0001635	0.12311264367816088	0.12047894736842105	0.002633696309739836	87	38	0.651793600315855	0.002633696309739836	hypermethylated	0.8550511079597201	False
sim0000056	0.8561609195402301	0.8535552631578945	0.002605656382335564	87	38	0.6529664204745362	0.002605656382335564	hypermethylated	0.8561807909515756	False
sim0000719	0.08885595238095241	0.08125641025641027	0.007599542124542141	84	39	0.6533341062279336	0.007599542124542141	hypermethylated	0.8562541936107508	False
sim0002271	0.45859999999999984	0.44952820512820524	0.009071794871794603	87	39	0.6545027075139342	0.009071794871794603	hypermethylated	0.8569680350528014	False
sim0002206	0.04415977011494252	0.03916666666666666	0.00499310344827586	87	39	0.6544923469293498	0.00499310344827586	hypermethylated	0.8569680350528014	False
sim0000095	0.10876206896551721	0.10445641025641028	0.00430565870910693	87	39	0.6557704946690711	0.00430565870910693	hypermethylated	0.8582189370442774	False
sim0001705	0.1901872093023256	0.19343846153846156	-0.003251252236135954	86	39	0.6587703069503861	0.003251252236135954	hypomethylated	0.8617343015203384	False
sim0001876	0.07912988505747123	0.08367692307692307	-0.004547038019451832	87	39	0.6600684269435078	0.004547038019451832	hypomethylated	0.8630214035287082	False
sim0001226	0.9067241379310343	0.8944128205128207	0.012311317418213674	87	39	0.6614570592139435	0.012311317418213674	hypermethylated	0.8643232840614429	False
sim0001080	0.20598604651162802	0.20073846153846153	0.005247584973166491	86	39	0.6616934351587966	0.005247584973166491	hypermethylated	0.8643232840614429	False
sim0000411	0.06085697674418603	0.06603947368421051	-0.005182496940024477	86	38	0.6640470481574776	0.005182496940024477	hypomethylated	0.8663044373497734	False
sim0000870	0.9170976470588235	0.9124820512820515	0.004615595776771952	85	39	0.6641562231738707	0.004615595776771952	hypermethylated	0.8663044373497734	False
sim0000482	0.9249988372093025	0.9208769230769233	0.0041219141323792785	86	39	0.6641161774105906	0.0041219141323792785	hypermethylated	0.8663044373497734	False
sim0001070	0.27978604651162775	0.283251282051282	-0.0034652355396542767	86	39	0.6659840126700989	0.0034652355396542767	hypomethylated	0.867887193022719	False
sim0001252	0.9851551724137928	0.9873179487179488	-0.0021627763041559556	87	39	0.666001529993408	0.0021627763041559556	hypomethylated	0.867887193022719	False
sim0000895	0.19597241379310343	0.2174230769230769	-0.021450663129973485	87	39	0.6678546864846706	0.021450663129973485	hypomethylated	0.8687998229081373	False
sim0000108	0.01750344827586207	0.02468717948717949	-0.007183731211317421	87	39	0.6682832274499069	0.007183731211317421	hypomethylated	0.8687998229081373	False
sim0001228	0.9400701149425288	0.9352384615384616	0.0048316534040672154	87	39	0.667642176926813	0.0048316534040672154	hypermethylated	0.8687998229081373	False
sim0001539	0.6644609195402301	0.6674076923076923	-0.002946772767462136	87	39	0.6682463638385335	0.002946772767462136	hypomethylated	0.8687998229081373	False
sim0002000	0.6262523255813953	0.6235615384615384	0.00269078711985693	86	39	0.6677252072423472	0.00269078711985693	hypermethylated	0.8687998229081373	False
sim0000726	0.1105436781609195	0.12350769230769232	-0.012964014146772812	87	39	0.6693588198963181	0.012964014146772812	hypomethylated	0.8691688443266512	False
sim0001402	0.04525287356321838	0.03741794871794872	0.00783492484526966	87	39	0.6695162994522001	0.00783492484526966	hypermethylated	0.8691688443266512	False
sim0001239	0.9197298850574716	0.92505641025641	-0.005326525198938503	87	39	0.6692989425513939	0.005326525198938503	hypomethylated	0.8691688443266512	False
sim0000526	0.2245781609195402	0.21901794871794877	0.005560212201591419	87	39	0.6723801735674111	0.005560212201591419	hypermethylated	0.8698942762317774	False
sim0000981	0.3203275862068964	0.32536666666666664	-0.005039080459770251	87	39	0.6726084611271552	0.005039080459770251	hypomethylated	0.8698942762317774	False
sim0001196	0.9740755813953487	0.9790794871794872	-0.005003905784138563	86	39	0.6725905122136862	0.005003905784138563	hypomethylated	0.8698942762317774	False
sim0001141	0.021101149425287354	0.016664102564102563	0.00443704686118479	87	39	0.6724165283071876	0.00443704686118479	hypermethylated	0.8698942762317774	False
sim0000934	0.0859825581395349	0.09027948717948717	-0.004296929039952269	86	39	0.6715446833086711	0.004296929039952269	hypomethylated	0.8698942762317774	False
sim0001788	0.925877011494253	0.9219717948717948	0.0039052166224582407	87	39	0.6709095760714151	0.0039052166224582407	hypermethylated	0.8698942762317774	False
sim0001116	0.6386127906976743	0.6421179487179486	-0.0035051580202742905	86	39	0.6715205301675722	0.0035051580202742905	hypomethylated	0.8698942762317774	False
sim0001199	0.06162183908045982	0.05885641025641025	0.002765428824049565	87	39	0.6725674311774111	0.002765428824049565	hypermethylated	0.8698942762317774	False
sim0001612	0.3914770114942528	0.3957384615384615	-0.004261450044208692	87	39	0.6732943527052879	0.004261450044208692	hypomethylated	0.8703715702971416	False
sim0000296	0.8950197674418603	0.8859820512820513	0.009037716159808973	86	39	0.6742009434378426	0.009037716159808973	hypermethylated	0.8711335802557638	False
sim0001509	0.7263941860465117	0.7364538461538463	-0.010059660107334611	86	39	0.6745273693111278	0.010059660107334611	hypomethylated	0.8711455963787813	False
sim0000980	0.2998425287356322	0.2956846153846154	0.00415791335101684	87	39	0.6749082370048799	0.00415791335101684	hypermethylated	0.8712278792539497	False
sim0001375	0.24637790697674425	0.24148157894736846	0.004896328029375785	86	38	0.6759207040607813	0.004896328029375785	hypermethylated	0.872125023041318	False
sim0000762	0.38270930232558154	0.38947948717948716	-0.006770184853905625	86	39	0.6762874206435827	0.006770184853905625	hypomethylated	0.8721885185483201	False
sim0000972	0.09904827586206894	0.09377179487179488	0.005276480990274057	87	39	0.6767150441672536	0.005276480990274057	hypermethylated	0.8723304675398619	False
sim0001331	0.6981647058823531	0.7062948717948718	-0.008130165912518694	85	39	0.6774996126866379	0.008130165912518694	hypomethylated	0.8725229423582721	False
sim0001706	0.12768953488372095	0.13056923076923077	-0.00287969588550982	86	39	0.6772588540142652	0.00287969588550982	hypomethylated	0.8725229423582721	False
sim0000984	0.9075459770114945	0.9040564102564101	0.0034895667550843834	87	39	0.6786601997393755	0.0034895667550843834	hypermethylated	0.8731988612103346	False
sim0001501	0.020975581395348837	0.023892307692307692	-0.0029167262969588548	86	39	0.6785736923358983	0.0029167262969588548	hypomethylated	0.8731988612103346	False
sim0000423	0.10601264367816086	0.10989210526315786	-0.003879461584996996	87	38	0.6798499214081919	0.003879461584996996	hypomethylated	0.8743201002379696	False
sim0001249	0.1711770114942529	0.17553076923076924	-0.004353757736516334	87	39	0.6807533228648767	0.004353757736516334	hypomethylated	0.8750722404818981	False
sim0002141	0.8827666666666667	0.8780179487179487	0.0047487179487180065	87	39	0.6830026718258191	0.0047487179487180065	hypermethylated	0.8762361023870022	False
sim0002361	0.7137597701149425	0.7100461538461535	0.0037136162687889662	87	39	0.6832080957228774	0.0037136162687889662	hypermethylated	0.8762361023870022	False
sim0000165	0.2168494252873562	0.21356410256410255	0.0032853227232536586	87	39	0.6823501915211412	0.0032853227232536586	hypermethylated	0.8762361023870022	False
sim0001449	0.9621758620689655	0.9652307692307693	-0.003054907161803788	87	39	0.6829067074104407	0.003054907161803788	hypomethylated	0.8762361023870022	False
sim0000016	0.28405862068965515	0.2815307692307692	0.0025278514588859546	87	39	0.6835127660983236	0.0025278514588859546	hypermethylated	0.8762361023870022	False
sim0001007	0.9313953488372095	0.9290102564102566	0.0023850924269529505	86	39	0.6835726128195653	0.0023850924269529505	hypermethylated	0.8762361023870022	False
sim0001400	0.7558126436781608	0.7589615384615384	-0.0031488947833775427	87	39	0.6840397425295706	0.0031488947833775427	hypomethylated	0.8764259201160123	False
sim0000596	0.9242046511627908	0.9271820512820513	-0.0029774001192605093	86	39	0.6851161433310823	0.0029774001192605093	hypomethylated	0.8773958255153768	False
sim0000862	0.31214186046511627	0.30216410256410253	0.00997775790101374	86	39	0.6869732606715315	0.00997775790101374	hypermethylated	0.8788547288821154	False
sim0001117	0.6514551724137929	0.6547897435897435	-0.003334571175950596	87	39	0.6872151283723276	0.003334571175950596	hypomethylated	0.8788547288821154	False
sim0002139	0.041798850574712644	0.044456410256410256	-0.002657559681697612	87	39	0.6869717600362613	0.002657559681697612	hypomethylated	0.8788547288821154	False
sim0001663	0.7915252873563215	0.7973692307692307	-0.005843943412909169	87	39	0.6884822655208387	0.005843943412909169	hypomethylated	0.879247226120755	False
sim0001694	0.2179941860465117	0.21549743589743597	0.002496750149075716	86	39	0.6882958841569786	0.002496750149075716	hypermethylated	0.879247226120755	False
sim0001024	0.03597882352941177	0.03815641025641025	-0.0021775867269984775	85	39	0.6882069677255067	0.0021775867269984775	hypomethylated	0.879247226120755	False
sim0001490	0.20482790697674422	0.22265641025641025	-0.017828503279666036	86	39	0.6911422691086295	0.017828503279666036	hypomethylated	0.8797011200863216	False
sim0001738	0.26164022988505736	0.27537179487179486	-0.013731564986737499	87	39	0.6898030468508067	0.013731564986737499	hypomethylated	0.8797011200863216	False
sim0000645	0.03314367816091954	0.04266923076923077	-0.009525552608311234	87	39	0.6901046477926582	0.009525552608311234	hypomethylated	0.8797011200863216	False
sim0001465	0.0745977011494253	0.06727179487179488	0.007325906277630412	87	39	0.6917174904181862	0.007325906277630412	hypermethylated	0.8797011200863216	False
sim0002166	0.8816517241379308	0.8757846153846156	0.005867108753315198	87	39	0.6897099515350582	0.005867108753315198	hypermethylated	0.8797011200863216	False
sim0001570	0.8273781609195405	0.8312282051282052	-0.003850044208664638	87	39	0.6911014638485953	0.003850044208664638	hypomethylated	0.8797011200863216	False
sim0001745	0.9747290697674422	0.9709487179487177	0.0037803518187244922	86	39	0.691356726113894	0.0037803518187244922	hypermethylated	0.8797011200863216	False
sim0000728	0.9386035294117647	0.9351846153846154	0.0034189140271493335	85	39	0.6917198468825827	0.0034189140271493335	hypermethylated	0.8797011200863216	False
sim0001090	0.9866839080459772	0.9881820512820513	-0.001498143236074112	87	39	0.69053882146196	0.001498143236074112	hypomethylated	0.8797011200863216	False
sim0000669	0.9026011494252876	0.906492105263158	-0.003890955837870469	87	38	0.6921883875104909	0.003890955837870469	hypomethylated	0.8798896346558625	False
sim0001993	0.0623758620689655	0.04813157894736843	0.01424428312159707	87	38	0.6947025743310375	0.01424428312159707	hypermethylated	0.8802343042838376	False
sim0001664	0.13958953488372092	0.12806153846153848	0.01152799642218244	86	39	0.6928099297718886	0.01152799642218244	hypermethylated	0.8802343042838376	False
sim0001893	0.07232643678160922	0.07949487179487177	-0.0071684350132625585	87	39	0.6937673486265474	0.0071684350132625585	hypomethylated	0.8802343042838376	False
sim0000795	0.9687390804597702	0.96484358974359	0.0038954907161802277	87	39	0.6943469921065378	0.0038954907161802277	hypermethylated	0.8802343042838376	False
sim0002264	0.02496551724137931	0.021802564102564103	0.0031629531388152055	87	39	0.6941429105109445	0.0031629531388152055	hypermethylated	0.8802343042838376	False
sim0001809	0.8763126436781611	0.8732473684210525	0.003065275257108535	87	38	0.6937511352464054	0.003065275257108535	hypermethylated	0.8802343042838376	False
sim0001459	0.48879999999999996	0.49105128205128207	-0.002251282051282111	87	39	0.6945696956041029	0.002251282051282111	hypomethylated	0.8802343042838376	False
sim0000754	0.865526436781609	0.8687923076923079	-0.0032658709106988537	87	39	0.6956788493297215	0.0032658709106988537	hypomethylated	0.8802601260563511	False
sim0001615	0.9714586206896554	0.9684358974358974	0.003022723253757964	87	39	0.695684286009588	0.003022723253757964	hypermethylated	0.8802601260563511	False
sim0002220	0.015481609195402299	0.012974358974358974	0.002507250221043325	87	39	0.6953075445908292	0.002507250221043325	hypermethylated	0.8802601260563511	False
sim0001723	0.14466896551724134	0.1408487179487179	0.0038202475685234494	87	39	0.6966499281073095	0.0038202475685234494	hypermethylated	0.8806706638337686	False
sim0000320	0.21499770114942535	0.2171871794871795	-0.0021894783377541527	87	39	0.6965962524877035	0.0021894783377541527	hypomethylated	0.8806706638337686	False
sim0000432	0.2688137931034483	0.25839999999999985	0.010413793103448421	87	39	0.6973744141284239	0.010413793103448421	hypermethylated	0.8811810099405615	False
sim0000578	0.22596091954022987	0.2355358974358974	-0.009574977895667525	87	39	0.699535587051403	0.009574977895667525	hypomethylated	0.8813212883021495	False
sim0000912	0.22694942528735632	0.2347897435897436	-0.007840318302387295	87	39	0.7010104844492644	0.007840318302387295	hypomethylated	0.8813212883021495	False
sim0000601	0.030772093023255797	0.03757948717948718	-0.00680739415623138	86	39	0.7002277651659652	0.00680739415623138	hypomethylated	0.8813212883021495	False
sim0000606	0.06351954022988505	0.07026923076923075	-0.006749690539345696	87	39	0.6995816560344903	0.006749690539345696	hypomethylated	0.8813212883021495	False
sim0000725	0.8574599999999997	0.8639230769230767	-0.006463076923077016	85	39	0.6992169501217076	0.006463076923077016	hypomethylated	0.8813212883021495	False
sim0002321	0.1435367816091954	0.13890256410256413	0.004634217506631261	87	39	0.6994187897438898	0.004634217506631261	hypermethylated	0.8813212883021495	False
sim0002252	0.09793488372093023	0.09423076923076923	0.0037041144901610035	86	39	0.697995060401178	0.0037041144901610035	hypermethylated	0.8813212883021495	False
sim0000382	0.9369402298850579	0.9335692307692309	0.0033709991158269448	87	39	0.69836101020854	0.0033709991158269448	hypermethylated	0.8813212883021495	False
sim0000362	0.8821413793103448	0.8790487179487181	0.0030926613616266696	87	39	0.7010145667783751	0.0030926613616266696	hypermethylated	0.8813212883021495	False
sim0001604	0.017698837209302324	0.020551282051282052	-0.002852444841979728	86	39	0.7007907195893455	0.002852444841979728	hypomethylated	0.8813212883021495	False
sim0000999	0.04718160919540231	0.044535897435897434	0.0026457117595048776	87	39	0.7008092157679213	0.0026457117595048776	hypermethylated	0.8813212883021495	False
sim0000029	0.8849402298850577	0.8801974358974357	0.004742793987622007	87	39	0.7016271501236337	0.004742793987622007	hypermethylated	0.8816879146338619	False
sim0001316	0.06076206896551724	0.06704358974358975	-0.006281520778072508	87	39	0.7022194671638076	0.006281520778072508	hypomethylated	0.8818350670028458	False
sim0001941	0.9075045977011488	0.9096923076923081	-0.002187709991159359	87	39	0.7023862856214876	0.002187709991159359	hypomethylated	0.8818350670028458	False
sim0000818	0.05424767441860468	0.06071794871794873	-0.006470274299344048	86	39	0.7041604803725061	0.006470274299344048	hypomethylated	0.8832793631988631	False
sim0001656	0.06937356321839079	0.06507692307692309	0.004296640141467703	87	39	0.7041797617056826	0.004296640141467703	hypermethylated	0.8832793631988631	False
sim0001493	0.8052402298850573	0.7977871794871795	0.007453050397877803	87	39	0.7061566904682361	0.007453050397877803	hypermethylated	0.8833714246821942	False
sim0000159	0.04279770114942529	0.03679230769230768	0.006005393457117612	87	39	0.7075814720160963	0.006005393457117612	hypermethylated	0.8833714246821942	False
sim0002323	0.11926627906976742	0.11430256410256409	0.004963714967203325	86	39	0.706739557416843	0.004963714967203325	hypermethylated	0.8833714246821942	False
sim0000301	0.05044712643678161	0.045687179487179486	0.004759946949602127	87	39	0.7071357280464126	0.004759946949602127	hypermethylated	0.8833714246821942	False
sim0001647	0.06061609195402299	0.06517948717948718	-0.004563395225464194	87	39	0.7069303989872622	0.004563395225464194	hypomethylated	0.8833714246821942	False
sim0000843	0.9440302325581396	0.9480743589743588	-0.004044126416219207	86	39	0.7058745814719773	0.004044126416219207	hypomethylated	0.8833714246821942	False
sim0001594	0.3900459770114943	0.3935871794871795	-0.003541202475685179	87	39	0.7054086565612638	0.003541202475685179	hypomethylated	0.8833714246821942	False
sim0000152	0.03736744186046513	0.04086153846153845	-0.003494096601073318	86	39	0.707280291161691	0.003494096601073318	hypomethylated	0.8833714246821942	False
sim0000442	0.07533908045977011	0.0779846153846154	-0.0026455349248452886	87	39	0.7051280465441903	0.0026455349248452886	hypomethylated	0.8833714246821942	False
sim0001296	0.30131379310344836	0.30394871794871803	-0.0026349248452696705	87	39	0.7059214705433373	0.0026349248452696705	hypomethylated	0.8833714246821942	False
sim0000831	0.12419767441860456	0.12172307692307693	0.002474597495527628	86	39	0.70779050081016	0.002474597495527628	hypermethylated	0.8833714246821942	False
sim0000650	0.04407586206896551	0.03808947368421053	0.00598638838475498	87	38	0.7081822061140957	0.00598638838475498	hypermethylated	0.8834589101704908	False
sim0000784	0.08578390804597703	0.0919	-0.006116091954022962	87	39	0.7090605442511017	0.006116091954022962	hypomethylated	0.8836629891980246	False
sim0000194	0.9369941860465114	0.939942105263158	-0.0029479192166466106	86	38	0.7087165284496493	0.0029479192166466106	hypomethylated	0.8836629891980246	False
sim0002230	0.9809402298850577	0.983448717948718	-0.00250848806366033	87	39	0.7093108449878573	0.00250848806366033	hypomethylated	0.8836629891980246	False
sim0001017	0.8629666666666665	0.858302564102564	0.004664102564102546	87	39	0.7106302088543488	0.004664102564102546	hypermethylated	0.8849053416694905	False
sim0000216	0.9095620689655173	0.9139692307692306	-0.004407161803713366	87	39	0.7114504949238987	0.004407161803713366	hypomethylated	0.8855253781404393	False
sim0001385	0.9019839080459774	0.9064102564102564	-0.00442634836427902	87	39	0.7120646562752198	0.00442634836427902	hypomethylated	0.8855317273696618	False
sim0001294	0.10046823529411764	0.09681025641025642	0.0036579788838612126	85	39	0.7121003224461532	0.0036579788838612126	hypermethylated	0.8855317273696618	False
sim0001184	0.6732517241379309	0.6764342105263159	-0.0031824863883850307	87	38	0.713197973389446	0.0031824863883850307	hypomethylated	0.8864953995026282	False
sim0000574	0.04539302325581395	0.03348205128205128	0.011910971973762674	86	39	0.7148304285487103	0.011910971973762674	hypermethylated	0.8879780467384668	False
sim0002023	0.23127790697674427	0.22777179487179483	0.0035061121049494437	86	39	0.7150372913671237	0.0035061121049494437	hypermethylated	0.8879780467384668	False
sim0001983	0.03451395348837209	0.041025641025641026	-0.006511687537268933	86	39	0.7166772844200535	0.006511687537268933	hypomethylated	0.888543394506975	False
sim0000859	0.9836406976744186	0.9786153846153847	0.005025313059033976	86	39	0.7165638115669892	0.005025313059033976	hypermethylated	0.888543394506975	False
sim0002349	0.9710505747126436	0.9660461538461539	0.005004420866489667	87	39	0.7171098309508421	0.005004420866489667	hypermethylated	0.888543394506975	False
sim0000191	0.272287356321839	0.2678135135135135	0.004473842808325468	87	37	0.7165006589082363	0.004473842808325468	hypermethylated	0.888543394506975	False
sim0001101	0.937145977011494	0.9399769230769229	-0.0028309460654288854	87	39	0.7168961567029501	0.0028309460654288854	hypomethylated	0.888543394506975	False
sim0000276	0.06795172413793105	0.061878947368421054	0.006072776769509992	87	38	0.7184842578052646	0.006072776769509992	hypermethylated	0.8890772724929099	False
sim0002339	0.6285563218390806	0.6230894736842103	0.005466848154870307	87	38	0.7180644314498705	0.005466848154870307	hypermethylated	0.8890772724929099	False
sim0001758	0.35569885057471273	0.358848717948718	-0.003149867374005244	87	39	0.7188353193326367	0.003149867374005244	hypomethylated	0.8890772724929099	False
sim0000988	0.01698045977011494	0.014017948717948717	0.0029625110521662237	87	39	0.7185503739177496	0.0029625110521662237	hypermethylated	0.8890772724929099	False
sim0001921	0.2464609195402298	0.2524897435897437	-0.006028824049513881	87	39	0.7195801315115209	0.006028824049513881	hypomethylated	0.8891843072173032	False
sim0000714	0.2925390804597702	0.28883076923076917	0.0037083112290010045	87	39	0.7198929374777148	0.0037083112290010045	hypermethylated	0.8891843072173032	False
sim0001578	0.05395411764705883	0.05707894736842104	-0.0031248297213622087	85	38	0.7197464827825671	0.0031248297213622087	hypomethylated	0.8891843072173032	False
sim0000183	0.033650574712643676	0.0367871794871795	-0.0031366047745358255	87	39	0.7206227209773806	0.0031366047745358255	hypomethylated	0.8896856694493772	False
sim0001065	0.8877988372093027	0.8817358974358976	0.006062939773405107	86	39	0.7212508128758255	0.006062939773405107	hypermethylated	0.8900610884860254	False
sim0001172	0.9539333333333334	0.9632868421052632	-0.009353508771929753	87	38	0.7218393190838915	0.009353508771929753	hypomethylated	0.8903277419583681	False
sim0001823	0.10455402298850575	0.10197435897435897	0.0025796640141467764	87	39	0.7221151106964849	0.0025796640141467764	hypermethylated	0.8903277419583681	False
sim0000097	0.9208546511627902	0.9281999999999997	-0.007345348837209498	86	39	0.7239076268670233	0.007345348837209498	hypomethylated	0.8918947465081942	False
sim0001800	0.3016593023255815	0.3071666666666666	-0.005507364341085064	86	39	0.7240354148938016	0.005507364341085064	hypomethylated	0.8918947465081942	False
sim0000170	0.1375919540229885	0.12976578947368425	0.007826164549304238	87	38	0.724517524201927	0.007826164549304238	hypermethylated	0.8920885876211088	False
sim0000327	0.9658367816091954	0.9723051282051284	-0.006468346595932983	87	39	0.7251137042411426	0.006468346595932983	hypomethylated	0.8924226458559223	False
sim0001639	0.0948104651162791	0.0913897435897436	0.0034207215265354973	86	39	0.7285260130738371	0.0034207215265354973	hypermethylated	0.8948252417576041	False
sim0001457	0.8015965116279069	0.8047487179487179	-0.003152206320811035	86	39	0.7277389116923465	0.003152206320811035	hypomethylated	0.8948252417576041	False
sim0001848	0.40278390804597697	0.4055333333333334	-0.002749425287356444	87	39	0.7274622989795467	0.002749425287356444	hypomethylated	0.8948252417576041	False
sim0001917	0.8065873563218391	0.8093052631578949	-0.0027179068360557723	87	38	0.728850126448262	0.0027179068360557723	hypomethylated	0.8948252417576041	False
sim0000223	0.9623666666666671	0.9599692307692308	0.0023974358974363508	87	39	0.7284443196208055	0.0023974358974363508	hypermethylated	0.8948252417576041	False
sim0002391	0.016766279069767437	0.01505128205128205	0.0017149970184853862	86	39	0.7290203462153324	0.0017149970184853862	hypermethylated	0.8948252417576041	False
sim0001058	0.9313218390804598	0.9230230769230767	0.008298762157383122	87	39	0.7296881615315407	0.008298762157383122	hypermethylated	0.8950450332703639	False
sim0000325	0.931232558139535	0.9273384615384617	0.003894096601073316	86	39	0.7302921232658415	0.003894096601073316	hypermethylated	0.8950450332703639	False
sim0001471	0.9096735632183911	0.9129333333333335	-0.003259770114942384	87	39	0.7305027173615419	0.003259770114942384	hypomethylated	0.8950450332703639	False
sim0001774	0.36945813953488366	0.37148461538461536	-0.0020264758497317015	86	39	0.7304178841772042	0.0020264758497317015	hypomethylated	0.8950450332703639	False
sim0000656	0.6721137931034483	0.6784692307692305	-0.006355437665782171	87	39	0.7320834850774928	0.006355437665782171	hypomethylated	0.8953843871361855	False
sim0000457	0.9707321839080462	0.9669615384615381	0.0037706454465080697	87	39	0.7311447371541516	0.0037706454465080697	hypermethylated	0.8953843871361855	False
sim0000379	0.7647999999999998	0.7614432432432432	0.003356756756756618	87	37	0.7318232158883273	0.003356756756756618	hypermethylated	0.8953843871361855	False
sim0000861	0.1519505747126437	0.15425897435897437	-0.002308399646330672	87	39	0.7315392179005428	0.002308399646330672	hypomethylated	0.8953843871361855	False
sim0000815	0.7554057471264366	0.7592512820512819	-0.0038455349248452952	87	39	0.7326290026533194	0.0038455349248452952	hypomethylated	0.8956528127675427	False
sim0000019	0.06693563218390801	0.0616897435897436	0.005245888594164409	87	39	0.7340820573587918	0.005245888594164409	hypermethylated	0.8957659310223612	False
sim0001159	0.8804034883720931	0.8852769230769229	-0.004873434704829704	86	39	0.7350041530849662	0.004873434704829704	hypomethylated	0.8957659310223612	False
sim0000867	0.38492413793103447	0.3891973684210527	-0.004273230490018209	87	38	0.7344301929910362	0.004273230490018209	hypomethylated	0.8957659310223612	False
sim0000048	0.8845000000000001	0.8802631578947367	0.0042368421052633165	87	38	0.7346961694759497	0.0042368421052633165	hypermethylated	0.8957659310223612	False
sim0001770	0.2945505747126437	0.29142631578947364	0.0031242589231700313	87	38	0.7337436048035217	0.0031242589231700313	hypermethylated	0.8957659310223612	False
sim0001128	0.0795896551724138	0.07667692307692309	0.0029127320954907138	87	39	0.7339783330234518	0.0029127320954907138	hypermethylated	0.8957659310223612	False
sim0001362	0.958870930232558	0.9566871794871795	0.0021837507453784655	86	39	0.7341707409811714	0.0021837507453784655	hypermethylated	0.8957659310223612	False
sim0002362	0.04482298850574713	0.04273589743589743	0.0020870910698497017	87	39	0.7356150681213551	0.0020870910698497017	hypermethylated	0.8958569581417724	False
sim0002046	0.9602862068965515	0.9584641025641025	0.0018221043324490038	87	39	0.73573108757475	0.0018221043324490038	hypermethylated	0.8958569581417724	False
sim0001961	0.9684517241379308	0.9728081081081084	-0.004356383970177569	87	37	0.7361900833684454	0.004356383970177569	hypomethylated	0.8960186792260166	False
sim0001533	0.41585465116279047	0.41354358974358985	0.002311061419200622	86	39	0.7367707323517434	0.002311061419200622	hypermethylated	0.8963282558769882	False
sim0001671	0.8340500000000001	0.8307871794871795	0.0032628205128205634	86	39	0.7381396620796893	0.0032628205128205634	hypermethylated	0.8975961273718045	False
sim0000075	0.28643563218390805	0.2812153846153847	0.005220247568523351	87	39	0.7407497061610556	0.005220247568523351	hypermethylated	0.8999732166406103	False
sim0000612	0.7917574712643676	0.7943333333333333	-0.002575862068965762	87	39	0.7405880860408165	0.002575862068965762	hypomethylated	0.8999732166406103	False
sim0000389	0.9060724137931032	0.8997589743589742	0.006313439434128987	87	39	0.7426661543587805	0.006313439434128987	hypermethylated	0.9009395145135917	False
sim0001083	0.8314885057471264	0.8269589743589745	0.004529531388151931	87	39	0.7428569349738934	0.004529531388151931	hypermethylated	0.9009395145135917	False
sim0000796	0.08339425287356321	0.08746410256410256	-0.004069849690539348	87	39	0.7426951070718821	0.004069849690539348	hypomethylated	0.9009395145135917	False
sim0001628	0.04056781609195401	0.038802564102564094	0.0017652519893899196	87	39	0.7420080312470279	0.0017652519893899196	hypermethylated	0.9009395145135917	False
sim0000873	0.9538325581395347	0.9563205128205129	-0.002487954680978177	86	39	0.7443045447868886	0.002487954680978177	hypomethylated	0.9022968157676888	False
sim0001920	0.7908620689655174	0.7962289473684211	-0.00536687840290373	87	38	0.7451009666099675	0.00536687840290373	hypomethylated	0.9024609782004842	False
sim0001576	0.09693333333333334	0.09284871794871795	0.004084615384615395	87	39	0.7454255404211498	0.004084615384615395	hypermethylated	0.9024609782004842	False
sim0001194	0.9311209302325583	0.9345307692307693	-0.0034098389982110122	86	39	0.7450101912033085	0.0034098389982110122	hypomethylated	0.9024609782004842	False
sim0000614	0.4612609195402298	0.4573948717948718	0.003866047745357981	87	39	0.7463149232061113	0.003866047745357981	hypermethylated	0.9027655691426569	False
sim0000602	0.12509885057471262	0.12844615384615382	-0.0033473032714411988	87	39	0.7463344039035216	0.0033473032714411988	hypomethylated	0.9027655691426569	False
sim0000694	0.8910197674418608	0.9010615384615388	-0.010041771019677959	86	39	0.747040873409881	0.010041771019677959	hypomethylated	0.9029117634229531	False
sim0001927	0.6202551724137931	0.6154256410256411	0.0048295313881520086	87	39	0.7481976836073483	0.0048295313881520086	hypermethylated	0.9029117634229531	False
sim0001703	0.26165287356321826	0.2663076923076923	-0.004654818744474043	87	39	0.7484323655219932	0.004654818744474043	hypomethylated	0.9029117634229531	False
sim0002229	0.02218255813953489	0.01844102564102564	0.00374153249850925	86	39	0.7494134767398373	0.00374153249850925	hypermethylated	0.9029117634229531	False
sim0001257	0.8855724137931036	0.8821641025641025	0.003408311229001093	87	39	0.748746884367339	0.003408311229001093	hypermethylated	0.9029117634229531	False
sim0001062	0.06998620689655173	0.0667717948717949	0.0032144120247568353	87	39	0.7488819486435879	0.0032144120247568353	hypermethylated	0.9029117634229531	False
sim0000571	0.9037528735632181	0.9010102564102564	0.002742617152961646	87	39	0.7487435489440375	0.002742617152961646	hypermethylated	0.9029117634229531	False
sim0002256	0.9144781609195399	0.9125410256410257	0.001937135278514246	87	39	0.7490486735021571	0.001937135278514246	hypermethylated	0.9029117634229531	False
sim0001879	0.034710344827586205	0.03311538461538461	0.001594960212201596	87	39	0.7493275210492407	0.001594960212201596	hypermethylated	0.9029117634229531	False
sim0000682	0.79108275862069	0.7938153846153846	-0.002732625994694593	87	39	0.7507763293899147	0.002732625994694593	hypomethylated	0.9041572015932029	False
sim0002150	0.8498744186046514	0.8401631578947367	0.009711260709914682	86	38	0.7515352355469743	0.009711260709914682	hypermethylated	0.9042560473226765	False
sim0001275	0.04438235294117648	0.04016923076923077	0.004213122171945707	85	39	0.7521751249116547	0.004213122171945707	hypermethylated	0.9042560473226765	False
sim0002118	0.2451103448275862	0.24830512820512823	-0.003194783377542032	87	39	0.7516452490892812	0.003194783377542032	hypomethylated	0.9042560473226765	False
sim0002039	0.9311160919540229	0.9288282051282051	0.0022878868258178198	87	39	0.7520104451462692	0.0022878868258178198	hypermethylated	0.9042560473226765	False
sim0001202	0.44607325581395363	0.4554205128205129	-0.00934725700655925	86	39	0.7528250655151062	0.00934725700655925	hypomethylated	0.9044700333636136	False
sim0000187	0.10545287356321843	0.11038974358974357	-0.004936870026525139	87	39	0.7530116368047267	0.004936870026525139	hypomethylated	0.9044700333636136	False
sim0000480	0.840635632183908	0.82574358974359	0.014892042440318054	87	39	0.7570638392123119	0.014892042440318054	hypermethylated	0.9053784790231696	False
sim0000703	0.09306395348837208	0.08232307692307692	0.010740876565295168	86	39	0.7570565898274491	0.010740876565295168	hypermethylated	0.9053784790231696	False
sim0001684	0.269877011494253	0.27350256410256407	-0.0036255526083110445	87	39	0.756043778704057	0.0036255526083110445	hypomethylated	0.9053784790231696	False
sim0000820	0.2036758620689655	0.20033157894736844	0.003344283121597069	87	38	0.7556461224411642	0.003344283121597069	hypermethylated	0.9053784790231696	False
sim0000057	0.08758953488372093	0.09081578947368421	-0.0032262545899632844	86	38	0.7547464238809821	0.0032262545899632844	hypomethylated	0.9053784790231696	False
sim0002380	0.8285528735632186	0.8313	-0.002747126436781433	87	39	0.7551058770671557	0.002747126436781433	hypomethylated	0.9053784790231696	False
sim0001222	0.041816091954022985	0.03913333333333332	0.0026827586206896667	87	39	0.7570282928457417	0.0026827586206896667	hypermethylated	0.9053784790231696	False
sim0001127	0.6264862068965519	0.6288282051282054	-0.002341998231653486	87	39	0.7550009263046756	0.002341998231653486	hypomethylated	0.9053784790231696	False
sim0000464	0.22157241379310338	0.219451282051282	0.0021211317418213804	87	39	0.7551171147306568	0.0021211317418213804	hypermethylated	0.9053784790231696	False
sim0001033	0.2938816091954023	0.2955743589743589	-0.0016927497789566148	87	39	0.756223206965909	0.0016927497789566148	hypomethylated	0.9053784790231696	False
sim0000414	0.6307160919540231	0.6355051282051283	-0.004789036251105161	87	39	0.757994884601725	0.004789036251105161	hypomethylated	0.9054667826189499	False
sim0001005	0.9010793103448271	0.9050846153846155	-0.004005305039788354	87	39	0.7579123377660455	0.004005305039788354	hypomethylated	0.9054667826189499	False
sim0000755	0.018898850574712644	0.022607692307692304	-0.0037088417329796605	87	39	0.7581265380500855	0.0037088417329796605	hypomethylated	0.9054667826189499	False
sim0000074	0.6013413793103447	0.5967210526315789	0.004620326678765774	87	38	0.7602940541126799	0.004620326678765774	hypermethylated	0.906243083170665	False
sim0001766	0.8341298850574718	0.8367794871794871	-0.002649602122015371	87	39	0.7594267460240505	0.002649602122015371	hypomethylated	0.906243083170665	False
sim0001959	0.19174302325581397	0.1896794871794872	0.002063536076326755	86	39	0.7603024106189233	0.002063536076326755	hypermethylated	0.906243083170665	False
sim0000433	0.9457436781609194	0.9437846153846154	0.001959062776303977	87	39	0.7596371693957918	0.001959062776303977	hypermethylated	0.906243083170665	False
sim0001220	0.9860954022988507	0.9875974358974358	-0.0015020335985850286	87	39	0.7604260308366884	0.0015020335985850286	hypomethylated	0.906243083170665	False
sim0000215	0.7601000000000002	0.7712	-0.011099999999999777	87	38	0.762258559025962	0.011099999999999777	hypomethylated	0.90646750739736	False
sim0000163	0.7969747126436783	0.8040025641025641	-0.007027851458885848	87	39	0.7622642672325817	0.007027851458885848	hypomethylated	0.90646750739736	False
sim0000196	0.8304057471264367	0.833223076923077	-0.002817329796640289	87	39	0.7614858707468728	0.002817329796640289	hypomethylated	0.90646750739736	False
sim0001377	0.9011195402298849	0.8987923076923077	0.002327232537577273	87	39	0.7621083823311818	0.002327232537577273	hypermethylated	0.90646750739736	False
sim0001068	0.506757471264368	0.5084153846153846	-0.0016579133510166155	87	39	0.761855999356003	0.0016579133510166155	hypomethylated	0.90646750739736	False
sim0001001	0.13269655172413786	0.1286384615384615	0.00405809018567635	87	39	0.7637406528668339	0.00405809018567635	hypermethylated	0.906675238292589	False
sim0000858	0.8668022988505746	0.8641051282051282	0.0026971706454463895	87	39	0.7629438934774216	0.0026971706454463895	hypermethylated	0.906675238292589	False
sim0000143	0.1488441860465116	0.14646153846153848	0.0023826475849731132	86	39	0.7637591923585916	0.0023826475849731132	hypermethylated	0.906675238292589	False
sim0000329	0.118406976744186	0.11644615384615384	0.0019608228980321635	86	39	0.7634844564297425	0.0019608228980321635	hypermethylated	0.906675238292589	False
sim0002106	0.6879977011494252	0.6832921052631578	0.0047055958862674	87	38	0.7651125321597739	0.0047055958862674	hypermethylated	0.9067144632626829	False
sim0000704	0.040020689655172415	0.03561538461538461	0.004405305039787803	87	39	0.7646670429272033	0.004405305039787803	hypermethylated	0.9067144632626829	False
sim0001002	0.2180850574712644	0.22087948717948722	-0.0027944297082228287	87	39	0.7650005229656193	0.0027944297082228287	hypomethylated	0.9067144632626829	False
sim0000131	0.19542413793103453	0.19756666666666667	-0.002142528735632143	87	39	0.7646755041205742	0.002142528735632143	hypomethylated	0.9067144632626829	False
sim0001995	0.2831793103448277	0.28078974358974357	0.002389566755084116	87	39	0.765483101005807	0.002389566755084116	hypermethylated	0.9067624314199878	False
sim0001695	0.027666666666666662	0.025507692307692304	0.002158974358974358	87	39	0.7663410197683214	0.002158974358974358	hypermethylated	0.9069964589847389	False
sim0002197	0.9887383720930234	0.9868641025641026	0.00187426952892078	86	39	0.7661618816878962	0.00187426952892078	hypermethylated	0.9069964589847389	False
sim0001702	0.2515058139534883	0.25974102564102564	-0.008235211687537325	86	39	0.7690120031256599	0.008235211687537325	hypomethylated	0.9078762556447703	False
sim0000770	0.9189563218390804	0.9246179487179484	-0.005661626878868065	87	39	0.7697283579893229	0.005661626878868065	hypomethylated	0.9078762556447703	False
sim0000583	0.08110344827586205	0.08587948717948718	-0.004776038903625129	87	39	0.7679236886449902	0.004776038903625129	hypomethylated	0.9078762556447703	False
sim0000990	0.5038390804597701	0.5072051282051282	-0.0033660477453580917	87	39	0.7690726374574218	0.0033660477453580917	hypomethylated	0.9078762556447703	False
sim0000989	0.1514494252873563	0.14874102564102562	0.0027083996463306836	87	39	0.7686743015738333	0.0027083996463306836	hypermethylated	0.9078762556447703	False
sim0001789	0.7731195402298852	0.7712157894736841	0.0019037507562010836	87	38	0.7687056820713009	0.0019037507562010836	hypermethylated	0.9078762556447703	False
sim0001008	0.13404712643678157	0.13224871794871795	0.0017984084880636186	87	39	0.7695101478480602	0.0017984084880636186	hypermethylated	0.9078762556447703	False
sim0001386	0.23450114942528733	0.23611794871794872	-0.0016167992926613972	87	39	0.7696621221585838	0.0016167992926613972	hypomethylated	0.9078762556447703	False
sim0000736	0.8111954022988503	0.8223923076923078	-0.011196905393457413	87	39	0.7704648023041211	0.011196905393457413	hypomethylated	0.9081013085899955	False
sim0001733	0.026490697674418605	0.03494871794871795	-0.008458020274299344	86	39	0.772895681040449	0.008458020274299344	hypomethylated	0.9081013085899955	False
sim0000061	0.17847586206896546	0.1739871794871795	0.004488682581785947	87	39	0.7721077464717974	0.004488682581785947	hypermethylated	0.9081013085899955	False
sim0000742	0.06653139534883723	0.0706025641025641	-0.004071168753726873	86	39	0.7730603511936236	0.004071168753726873	hypomethylated	0.9081013085899955	False
sim0001438	0.16974302325581392	0.17236923076923077	-0.002626207513416856	86	39	0.7712187741080656	0.002626207513416856	hypomethylated	0.9081013085899955	False
sim0001890	0.0585564705882353	0.06109743589743591	-0.0025409653092006088	85	39	0.7712972978719439	0.0025409653092006088	hypomethylated	0.9081013085899955	False
sim0000126	0.136551724137931	0.1390769230769231	-0.002525198938992085	87	39	0.7718381439850232	0.002525198938992085	hypomethylated	0.9081013085899955	False
sim0001329	0.966445977011494	0.9685051282051279	-0.002059151193633868	87	39	0.7731124383238834	0.002059151193633868	hypomethylated	0.9081013085899955	False
sim0000732	0.21654827586206893	0.21486410256410254	0.0016841732979663848	87	39	0.7732249584244628	0.0016841732979663848	hypermethylated	0.9081013085899955	False
sim0000244	0.4212034482758621	0.42284871794871803	-0.0016452696728559424	87	39	0.7722856113218722	0.0016452696728559424	hypomethylated	0.9081013085899955	False
sim0000405	0.22634235294117644	0.22802894736842103	-0.0016865944272445865	85	38	0.7738110171066828	0.0016865944272445865	hypomethylated	0.9084012239282296	False
sim0002394	0.1127011494252873	0.10633076923076924	0.006370380194518063	87	39	0.7765166249743305	0.006370380194518063	hypermethylated	0.9091080635516982	False
sim0001428	0.14939186046511632	0.15411025641025639	-0.004718395945140064	86	39	0.7765387907413439	0.004718395945140064	hypomethylated	0.9091080635516982	False
sim0001526	0.04794482758620689	0.04523589743589742	0.0027089301503094715	87	39	0.7753422237561787	0.0027089301503094715	hypermethylated	0.9091080635516982	False
sim0001452	0.9777488372093023	0.9803999999999999	-0.0026511627906976587	86	39	0.7763247158996219	0.0026511627906976587	hypomethylated	0.9091080635516982	False
sim0001660	0.3848494252873562	0.3825794871794872	0.0022699381078690184	87	39	0.7763221227568389	0.0022699381078690184	hypermethylated	0.9091080635516982	False
sim0000077	0.021416091954022987	0.019278947368421055	0.002137144585601932	87	38	0.7765918589131512	0.002137144585601932	hypermethylated	0.9091080635516982	False
sim0000926	0.06397586206896552	0.06553589743589744	-0.0015600353669319167	87	39	0.776729750693788	0.0015600353669319167	hypomethylated	0.9091080635516982	False
sim0001079	0.7058344827586205	0.7022921052631579	0.003542377495462601	87	38	0.77794903946606	0.003542377495462601	hypermethylated	0.9097599026876401	False
sim0000144	0.21160689655172416	0.20927179487179481	0.002335101679929341	87	39	0.7779043528865888	0.002335101679929341	hypermethylated	0.9097599026876401	False
sim0001479	0.03179310344827586	0.02533076923076923	0.006462334217506627	87	39	0.7789934508673385	0.006462334217506627	hypermethylated	0.9098193067740558	False
sim0001327	0.018325581395348834	0.01585897435897436	0.0024666070363744755	86	39	0.7788923832506522	0.0024666070363744755	hypermethylated	0.9098193067740558	False
sim0000607	0.9558104651162789	0.9579769230769231	-0.002166457960644186	86	39	0.7785767332047718	0.002166457960644186	hypomethylated	0.9098193067740558	False
sim0001814	0.07487011494252872	0.07167692307692307	0.0031931918656056546	87	39	0.7801788761206808	0.0031931918656056546	hypermethylated	0.9108165629849173	False
sim0002231	0.04169411764705881	0.04303846153846153	-0.0013443438914027203	85	39	0.7805308680988323	0.0013443438914027203	hypomethylated	0.9108403970550096	False
sim0000653	0.9852517241379309	0.9827948717948717	0.002456852343059257	87	39	0.7813609032094957	0.002456852343059257	hypermethylated	0.9114218263764267	False
sim0001175	0.9874344827586208	0.9833153846153844	0.0041190981432364104	87	39	0.7819236767649368	0.0041190981432364104	hypermethylated	0.9116911460412909	False
sim0000585	0.1466850574712644	0.14321794871794877	0.0034671087533156286	87	39	0.7833216430161353	0.0034671087533156286	hypermethylated	0.9121596241480812	False
sim0001525	0.823848275862069	0.8263923076923075	-0.0025440318302385467	87	39	0.783009096148886	0.0025440318302385467	hypomethylated	0.9121596241480812	False
sim0002167	0.8130597701149425	0.8152615384615383	-0.0022017683465958005	87	39	0.7828237408140943	0.0022017683465958005	hypomethylated	0.9121596241480812	False
sim0001673	0.9196919540229883	0.9151487179487179	0.004543236074270429	87	39	0.7844347051883134	0.004543236074270429	hypermethylated	0.9128316092601365	False
sim0001461	0.9203310344827582	0.9227710526315791	-0.0024400181488208883	87	38	0.7845633161496842	0.0024400181488208883	hypomethylated	0.9128316092601365	False
sim0000303	0.8625057471264368	0.8667384615384615	-0.004232714412024663	87	39	0.7851600720807278	0.004232714412024663	hypomethylated	0.9130804184945509	False
sim0001136	0.9011744186046512	0.9029051282051281	-0.0017307096004769429	86	39	0.7854419471796955	0.0017307096004769429	hypomethylated	0.9130804184945509	False
sim0001308	0.24638	0.2444717948717949	0.0019082051282050816	85	39	0.7910287890181432	0.0019082051282050816	hypermethylated	0.9191290950424691	False
sim0001161	0.9010267441860464	0.9023153846153846	-0.0012886404293381837	86	39	0.7913142736714378	0.0012886404293381837	hypomethylated	0.9191290950424691	False
sim0001118	0.13882873563218384	0.1362307692307692	0.002597966401414631	87	39	0.7922318459735976	0.002597966401414631	hypermethylated	0.9198059513480443	False
sim0000548	0.7614988372093019	0.7742410256410256	-0.0127421884317237	86	39	0.7929344521516231	0.0127421884317237	hypomethylated	0.9202327587919343	False
sim0001030	0.923583908045977	0.925451282051282	-0.0018673740053050114	87	39	0.7939808152427789	0.0018673740053050114	hypomethylated	0.9210579811959094	False
sim0000927	0.7234057471264368	0.7322153846153845	-0.008809637488947697	87	39	0.7958608581442199	0.008809637488947697	hypomethylated	0.9212936271901273	False
sim0001492	0.9223333333333334	0.9192307692307693	0.0031025641025641537	87	39	0.7949334421901304	0.0031025641025641537	hypermethylated	0.9212936271901273	False
sim0000936	0.7874114942528737	0.7844897435897435	0.0029217506631301626	87	39	0.7953722343417138	0.0029217506631301626	hypermethylated	0.9212936271901273	False
sim0002214	0.26604367816091956	0.263448717948718	0.002594960212201569	87	39	0.79566495146926	0.002594960212201569	hypermethylated	0.9212936271901273	False
sim0000105	0.8871436781609195	0.8895871794871795	-0.0024435013262599226	87	39	0.7953127195803507	0.0024435013262599226	hypomethylated	0.9212936271901273	False
sim0000050	0.3799252873563219	0.3747897435897436	0.005135543766578321	87	39	0.7966466333321658	0.005135543766578321	hypermethylated	0.9214266533740881	False
sim0000335	0.7743593023255815	0.7727842105263159	0.0015750917992656266	86	38	0.7964784868586892	0.0015750917992656266	hypermethylated	0.9214266533740881	False
sim0000081	0.8567436781609195	0.8495256410256409	0.007218037135278577	87	39	0.7973707664212714	0.007218037135278577	hypermethylated	0.9218760502353671	False
sim0000724	0.20562528735632177	0.19749473684210528	0.008130550514216489	87	38	0.800941337867784	0.008130550514216489	hypermethylated	0.9235774566060798	False
sim0002145	0.9187732558139534	0.9253342105263158	-0.006560954712362399	86	38	0.800540121185785	0.006560954712362399	hypomethylated	0.9235774566060798	False
sim0001678	0.02342906976744186	0.02948717948717949	-0.00605810971973763	86	39	0.8024292160052214	0.00605810971973763	hypomethylated	0.9235774566060798	False
sim0001761	0.9468885057471266	0.9510692307692307	-0.004180725022104093	87	39	0.7996952361466841	0.004180725022104093	hypomethylated	0.9235774566060798	False
sim0001207	0.17567586206896554	0.17193076923076922	0.0037450928381963233	87	39	0.8020729188879665	0.0037450928381963233	hypermethylated	0.9235774566060798	False
sim0000162	0.9383080459770113	0.9419368421052631	-0.0036287961282517323	87	38	0.8022551307464736	0.0036287961282517323	hypomethylated	0.9235774566060798	False
sim0000446	0.15747931034482757	0.16103157894736847	-0.0035522686025409034	87	38	0.8002059786403172	0.0035522686025409034	hypomethylated	0.9235774566060798	False
sim0002009	0.7183999999999997	0.7206948717948716	-0.0022948717948718667	87	39	0.8010492694120745	0.0022948717948718667	hypomethylated	0.9235774566060798	False
sim0002185	0.9594747126436778	0.9615435897435898	-0.002068877099911992	87	39	0.8025407313136922	0.002068877099911992	hypomethylated	0.9235774566060798	False
sim0001510	0.9776413793103444	0.9794512820512818	-0.001809902740937397	87	39	0.8018787945207367	0.001809902740937397	hypomethylated	0.9235774566060798	False
sim0000570	0.701502298850575	0.7030589743589746	-0.001556675508399552	87	39	0.79942256518225	0.001556675508399552	hypomethylated	0.9235774566060798	False
sim0001496	0.13602325581395353	0.1341153846153846	0.0019078711985689167	86	39	0.8037184160772346	0.0019078711985689167	hypermethylated	0.9245454308895157	False
sim0000188	0.9211873563218389	0.9258615384615385	-0.004674182139699612	87	39	0.8062903578637376	0.004674182139699612	hypomethylated	0.9262034765686934	False
sim0001439	0.022153488372093022	0.018539473684210526	0.0036140146878824962	86	38	0.8065617128674711	0.0036140146878824962	hypermethylated	0.9262034765686934	False
sim0001270	0.6477186046511623	0.6497282051282051	-0.0020096004770427944	86	39	0.8062456653730091	0.0020096004770427944	hypomethylated	0.9262034765686934	False
sim0000102	0.022295402298850575	0.02094736842105263	0.001348033877797944	87	38	0.8055946065738002	0.001348033877797944	hypermethylated	0.9262034765686934	False
sim0001538	0.9158465116279066	0.9171923076923076	-0.0013457960644009948	86	39	0.8068456204691966	0.0013457960644009948	hypomethylated	0.9262034765686934	False
sim0000271	0.7607758620689655	0.7668512820512822	-0.006075419982316643	87	39	0.8077966796429936	0.006075419982316643	hypomethylated	0.9269078859562672	False
sim0000456	0.8535360465116283	0.856018918918919	-0.002482872407290726	86	37	0.8087272669775838	0.002482872407290726	hypomethylated	0.9274541979565079	False
sim0000241	0.09038505747126437	0.08863157894736841	0.0017534785238959572	87	38	0.8089480372420069	0.0017534785238959572	hypermethylated	0.9274541979565079	False
sim0002241	0.07104827586206895	0.06545000000000002	0.00559827586206893	87	38	0.8109862384195428	0.00559827586206893	hypermethylated	0.9290155116507439	False
sim0000240	0.9107471264367818	0.9129410256410255	-0.002193899204243732	87	39	0.8109247087094665	0.002193899204243732	hypomethylated	0.9290155116507439	False
sim0001751	0.1199220930232558	0.1242179487179487	-0.004295855694692902	86	39	0.8125227815386237	0.004295855694692902	hypomethylated	0.9296126950797998	False
sim0001980	0.1413337209302325	0.1389923076923077	0.0023414132379248054	86	39	0.8119760939452423	0.0023414132379248054	hypermethylated	0.9296126950797998	False
sim0002353	0.8228406976744184	0.8244789473684212	-0.0016382496940028357	86	38	0.8122712015545918	0.0016382496940028357	hypomethylated	0.9296126950797998	False
sim0000119	0.7654104651162791	0.7704026315789475	-0.004992166462668424	86	38	0.8144988284639877	0.004992166462668424	hypomethylated	0.9307352165429992	False
sim0001566	0.12017816091954024	0.11572051282051284	0.004457648099027406	87	39	0.814923080236992	0.004457648099027406	hypermethylated	0.9307352165429992	False
sim0001550	0.7055	0.7018342105263159	0.0036657894736841223	86	38	0.8151980091017313	0.0036657894736841223	hypermethylated	0.9307352165429992	False
sim0000429	0.8354770114942527	0.8332289473684209	0.0022480641258317835	87	38	0.814214711573754	0.0022480641258317835	hypermethylated	0.9307352165429992	False
sim0000481	0.10819885057471264	0.10960000000000002	-0.001401149425287379	87	39	0.8151659408022467	0.001401149425287379	hypomethylated	0.9307352165429992	False
sim0000228	0.10878505747126442	0.1057358974358974	0.003049160035367024	87	39	0.8156539799032072	0.003049160035367024	hypermethylated	0.9308689168234775	False
sim0000206	0.03220229885057472	0.03623589743589744	-0.00403359858532272	87	39	0.8169050558457434	0.00403359858532272	hypomethylated	0.9311361777627623	False
sim0001769	0.7795137931034478	0.7768205128205129	0.002693280282934918	87	39	0.8164248856518415	0.002693280282934918	hypermethylated	0.9311361777627623	False
sim0000753	0.02196627906976744	0.020189743589743594	0.0017765354800238463	86	39	0.8166794963223313	0.0017765354800238463	hypermethylated	0.9311361777627623	False
sim0000101	0.062468965517241404	0.05813846153846155	0.004330503978779855	87	39	0.8176160385204582	0.004330503978779855	hypermethylated	0.9312210480234909	False
sim0001206	0.28490344827586206	0.28269487179487185	0.0022085764809902098	87	39	0.817996501230682	0.0022085764809902098	hypermethylated	0.9312210480234909	False
sim0000217	0.43985632183908047	0.44202894736842113	-0.002172625529340666	87	38	0.8177406389815896	0.002172625529340666	hypomethylated	0.9312210480234909	False
sim0001901	0.1885218390804598	0.19001538461538459	-0.001493545534924784	87	39	0.8190709387741905	0.001493545534924784	hypomethylated	0.931671995367578	False
sim0001513	0.7003850574712643	0.6989948717948717	0.0013901856763925968	87	39	0.8190591681282973	0.0013901856763925968	hypermethylated	0.931671995367578	False
sim0000608	0.9417574712643678	0.9385589743589744	0.003198496905393422	87	39	0.8209561743588529	0.003198496905393422	hypermethylated	0.9330737617332154	False
sim0000982	0.9174160919540228	0.9157763157894739	0.0016397761645489117	87	38	0.8212917047770598	0.0016397761645489117	hypermethylated	0.9330737617332154	False
sim0001338	0.06602298850574712	0.06734871794871795	-0.0013257294429708383	87	39	0.8213222991885384	0.0013257294429708383	hypomethylated	0.9330737617332154	False
sim0000234	0.019466666666666667	0.025917948717948718	-0.006451282051282051	87	39	0.8221353173597428	0.006451282051282051	hypomethylated	0.9330869462290717	False
sim0000045	0.8193662790697673	0.8246076923076924	-0.005241413237925041	86	39	0.8218117140587405	0.005241413237925041	hypomethylated	0.9330869462290717	False
sim0002073	0.7228609195402299	0.7260051282051283	-0.003144208664898396	87	39	0.8223529293121888	0.003144208664898396	hypomethylated	0.9330869462290717	False
sim0002273	0.2697080459770115	0.2722631578947368	-0.002555111917725339	87	38	0.8232747565027706	0.002555111917725339	hypomethylated	0.9337472155710614	False
sim0002251	0.12034186046511627	0.12562820512820516	-0.005286344663088888	86	39	0.8267844895166279	0.005286344663088888	hypomethylated	0.9372093919709901	False
sim0000201	0.07544883720930236	0.07295384615384616	0.002494991055456197	86	39	0.8270096709638441	0.002494991055456197	hypermethylated	0.9372093919709901	False
sim0000208	0.08881976744186049	0.0899974358974359	-0.0011776684555754174	86	39	0.8281189103054304	0.0011776684555754174	hypomethylated	0.9380794419006256	False
sim0001914	0.16611264367816095	0.17071794871794874	-0.004605305039787788	87	39	0.8287414288381796	0.004605305039787788	hypomethylated	0.9383976525220442	False
sim0002314	0.14367356321839078	0.1413820512820513	0.0022915119363394743	87	39	0.8295634956865989	0.0022915119363394743	hypermethylated	0.9389414596831839	False
sim0001887	0.8948104651162787	0.8907435897435898	0.004066875372688905	86	39	0.8300394473925782	0.004066875372688905	hypermethylated	0.9390932298135966	False
sim0002032	0.25353793103448274	0.24758205128205127	0.0059558797524314755	87	39	0.8312420741301283	0.0059558797524314755	hypermethylated	0.9400666849055013	False
sim0001806	0.2784390804597702	0.2832333333333333	-0.004794252873563054	87	39	0.8326051674469342	0.004794252873563054	hypomethylated	0.940330090988845	False
sim0001361	0.13047011494252878	0.1262230769230769	0.004247038019451865	87	39	0.8352249104370086	0.004247038019451865	hypermethylated	0.940330090988845	False
sim0001015	0.4610152941176471	0.4576435897435897	0.0033717043740573716	85	39	0.8352937467748457	0.0033717043740573716	hypermethylated	0.940330090988845	False
sim0000256	0.7364247058823529	0.7330538461538462	0.0033708597285067032	85	39	0.8337815291519552	0.0033708597285067032	hypermethylated	0.940330090988845	False
sim0001842	0.5331310344827586	0.5364384615384614	-0.0033074270557028607	87	39	0.8355827273766913	0.0033074270557028607	hypomethylated	0.940330090988845	False
sim0000070	0.9901057471264366	0.9870948717948718	0.003010875331564855	87	39	0.8347456071674939	0.003010875331564855	hypermethylated	0.940330090988845	False
sim0000139	0.32963793103448286	0.3322435897435897	-0.0026056587091068395	87	39	0.832532961612398	0.0026056587091068395	hypomethylated	0.940330090988845	False
sim0000741	0.07718255813953487	0.07465384615384615	0.002528711985688714	86	39	0.8339266013877418	0.002528711985688714	hypermethylated	0.940330090988845	False
sim0000581	0.1389390804597701	0.1410921052631579	-0.002153024803387804	87	38	0.8355198331366573	0.002153024803387804	hypomethylated	0.940330090988845	False
sim0001857	0.09016395348837207	0.0917102564102564	-0.0015463029218843322	86	39	0.8347483929967252	0.0015463029218843322	hypomethylated	0.940330090988845	False
sim0001046	0.005848275862068966	0.006787179487179487	-0.0009389036251105211	87	39	0.8320376468507096	0.0009389036251105211	hypomethylated	0.940330090988845	False
sim0002025	0.9935114942528733	0.9942763157894736	-0.0007648215366002908	87	38	0.8347264595968648	0.0007648215366002908	hypomethylated	0.940330090988845	False
sim0000502	0.42075057471264377	0.4147631578947369	0.0059874168179068765	87	38	0.8367189900410912	0.0059874168179068765	hypermethylated	0.9408035316681334	False
sim0001195	0.85955632183908	0.8579743589743589	0.0015819628647211204	87	39	0.8370439670291892	0.0015819628647211204	hypermethylated	0.9408035316681334	False
sim0000451	0.82856091954023	0.8269871794871795	0.001573740053050554	87	39	0.8363683670748985	0.001573740053050554	hypermethylated	0.9408035316681334	False
sim0002198	0.07858275862068966	0.07970256410256411	-0.0011198054818744585	87	39	0.837373365463628	0.0011198054818744585	hypomethylated	0.9408035316681334	False
sim0001019	0.12294252873563218	0.11951538461538462	0.003427144120247555	87	39	0.8387210564255763	0.003427144120247555	hypermethylated	0.9419324374493286	False
sim0001498	0.009170114942528736	0.01187179487179487	-0.0027016799292661348	87	39	0.8401398849824961	0.0027016799292661348	hypomethylated	0.942755009823087	False
sim0002275	0.9939091954022988	0.99325	0.0006591954022988622	87	38	0.8399428008448674	0.0006591954022988622	hypermethylated	0.942755009823087	False
sim0000397	0.9867127906976741	0.9843282051282052	0.0023845855694689666	86	39	0.8413759990172361	0.0023845855694689666	hypermethylated	0.9433713752246318	False
sim0001224	0.6308206896551724	0.6292051282051282	0.0016155614500441562	87	39	0.8410463588811807	0.0016155614500441562	hypermethylated	0.9433713752246318	False
sim0001568	0.16682790697674416	0.1634051282051282	0.003422778771615953	86	39	0.8423480960871361	0.003422778771615953	hypermethylated	0.9440759771323392	False
sim0001353	0.1283093023255814	0.12609230769230764	0.0022169946332737667	86	39	0.8428932778219518	0.0022169946332737667	hypermethylated	0.9440987288864684	False
sim0000761	0.01734651162790697	0.019133333333333332	-0.0017868217054263606	86	39	0.8430557633631259	0.0017868217054263606	hypomethylated	0.9440987288864684	False
sim0000400	0.23032643678160908	0.22747894736842103	0.002847489413188048	87	38	0.8443876803764494	0.002847489413188048	hypermethylated	0.9452049543578267	False
sim0000698	0.8752941860465118	0.8696657894736842	0.005628396572827543	86	38	0.8448729558450078	0.005628396572827543	hypermethylated	0.9453629367438844	False
sim0000705	0.19613720930232548	0.20073846153846153	-0.004601252236136055	86	39	0.8467019330297274	0.004601252236136055	hypomethylated	0.9464058346110209	False
sim0002090	0.10951162790697676	0.10664358974358976	0.0028680381633870017	86	39	0.8469747551126969	0.0028680381633870017	hypermethylated	0.9464058346110209	False
sim0001145	0.7185011494252873	0.717	0.0015011494252873403	87	39	0.8471830896645433	0.0015011494252873403	hypermethylated	0.9464058346110209	False
sim0000929	0.19206046511627906	0.1933538461538461	-0.001293381037567043	86	39	0.846451631366808	0.001293381037567043	hypomethylated	0.9464058346110209	False
sim0001123	0.9707011494252873	0.9730538461538458	-0.0023526967285585343	87	39	0.847767847452904	0.0023526967285585343	hypomethylated	0.9466740963224094	False
sim0000403	0.3632563218390806	0.3656615384615384	-0.002405216622457851	87	39	0.8487184849268755	0.002405216622457851	hypomethylated	0.947350539656289	False
sim0002303	0.0847942528735632	0.08242631578947368	0.0023679370840895136	87	38	0.8490792916326415	0.0023679370840895136	hypermethylated	0.9473683241733818	False
sim0000118	0.5776682352941175	0.5725	0.005168235294117474	85	39	0.8559564905368156	0.005168235294117474	hypermethylated	0.9478893166277506	False
sim0000901	0.7401172413793102	0.7355384615384616	0.004578779840848646	87	39	0.8567925639558445	0.004578779840848646	hypermethylated	0.9478893166277506	False
sim0002297	0.5833195402298851	0.5878051282051283	-0.004485587975243233	87	39	0.8536611275234132	0.004485587975243233	hypomethylated	0.9478893166277506	False
sim0002061	0.16256666666666664	0.15884210526315787	0.0037245614035087693	87	38	0.854558854088605	0.0037245614035087693	hypermethylated	0.9478893166277506	False
sim0001364	0.7531206896551726	0.7497184210526316	0.003402268602541003	87	38	0.8511620212716096	0.003402268602541003	hypermethylated	0.9478893166277506	False
sim0000233	0.09363372093023256	0.09688157894736839	-0.0032478580171358268	86	38	0.8545059063575304	0.0032478580171358268	hypomethylated	0.9478893166277506	False
sim0001133	0.10940804597701152	0.11241052631578946	-0.003002480338777938	87	38	0.8535003712312437	0.003002480338777938	hypomethylated	0.9478893166277506	False
sim0000167	0.09995581395348839	0.09707948717948717	0.0028763267740012227	86	39	0.8562185256606567	0.0028763267740012227	hypermethylated	0.9478893166277506	False
sim0002126	0.040745348837209316	0.03860512820512821	0.002140220632081108	86	39	0.8541315697171343	0.002140220632081108	hypermethylated	0.9478893166277506	False
sim0002107	0.10683103448275864	0.1089184210526316	-0.002087386569872951	87	38	0.8535004087122915	0.002087386569872951	hypomethylated	0.9478893166277506	False
sim0000113	0.08515116279069769	0.0831025641025641	0.0020485986881335905	86	39	0.8541625390082399	0.0020485986881335905	hypermethylated	0.9478893166277506	False
sim0000245	0.26174705882352933	0.25970769230769225	0.002039366515837082	85	39	0.8543850286034682	0.002039366515837082	hypermethylated	0.9478893166277506	False
sim0001218	0.7938779069767443	0.795828205128205	-0.0019502981514606388	86	39	0.8509739153568595	0.0019502981514606388	hypomethylated	0.9478893166277506	False
sim0000250	0.9362459770114945	0.9343128205128206	0.0019331564986738714	87	39	0.8549426194751325	0.0019331564986738714	hypermethylated	0.9478893166277506	False
sim0002210	0.9738081395348838	0.9757256410256412	-0.0019175014907574228	86	39	0.8561330766303101	0.0019175014907574228	hypomethylated	0.9478893166277506	False
sim0001974	0.1460674418604651	0.14786410256410257	-0.0017966607036374593	86	39	0.8561966834175264	0.0017966607036374593	hypomethylated	0.9478893166277506	False
sim0001051	0.9675827586206898	0.9688179487179486	-0.0012351900972588092	87	39	0.850557588631155	0.0012351900972588092	hypomethylated	0.9478893166277506	False
sim0000370	0.07136046511627908	0.07012564102564105	0.0012348240906380342	86	39	0.8520377236766762	0.0012348240906380342	hypermethylated	0.9478893166277506	False
sim0001096	0.7606686046511628	0.7618666666666668	-0.0011980620155039867	86	39	0.856464291519498	0.0011980620155039867	hypomethylated	0.9478893166277506	False
sim0000594	0.012879310344827585	0.011761538461538462	0.0011177718832891224	87	39	0.8560489296880843	0.0011177718832891224	hypermethylated	0.9478893166277506	False
sim0000922	0.6757616279069769	0.6767552631578946	-0.0009936352509176682	86	38	0.8507248301518746	0.0009936352509176682	hypomethylated	0.9478893166277506	False
sim0001696	0.964045882352941	0.9624333333333337	0.001612549019607279	85	39	0.857830214637233	0.001612549019607279	hypermethylated	0.9479121206940248	False
sim0000854	0.0717593023255814	0.07015897435897435	0.001600327966607057	86	39	0.8578483917165437	0.001600327966607057	hypermethylated	0.9479121206940248	False
sim0002003	0.11321724137931033	0.11414102564102564	-0.000923784261715313	87	39	0.8575218413716906	0.000923784261715313	hypomethylated	0.9479121206940248	False
sim0001043	0.10258588235294115	0.10436923076923077	-0.001783348416289618	85	39	0.8583970369256091	0.001783348416289618	hypomethylated	0.9481369764514066	False
sim0000448	0.6428494252873563	0.6418179487179488	0.0010314765694074968	87	39	0.8588070430978416	0.0010314765694074968	hypermethylated	0.9482085801405832	False
sim0000778	0.05452183908045978	0.04962564102564103	0.004896198054818751	87	39	0.8600002022432204	0.004896198054818751	hypermethylated	0.9482847153891578	False
sim0001715	0.8840793103448275	0.8889384615384615	-0.004859151193634004	87	39	0.8598005757473919	0.004859151193634004	hypomethylated	0.9482847153891578	False
sim0002244	0.06433563218390805	0.0623948717948718	0.0019407603890362474	87	39	0.8602568295412382	0.0019407603890362474	hypermethylated	0.9482847153891578	False
sim0000030	0.1412569767441861	0.14249487179487177	-0.0012378950506856667	86	39	0.860200300696148	0.0012378950506856667	hypomethylated	0.9482847153891578	False
sim0001408	0.2056172413793104	0.2021973684210526	0.003419872958257797	87	38	0.8621545610840481	0.003419872958257797	hypermethylated	0.9488535974751122	False
sim0000239	0.8835058139534884	0.8810461538461539	0.0024596601073344493	86	39	0.8611368860193034	0.0024596601073344493	hypermethylated	0.9488535974751122	False
sim0000969	0.19496781609195402	0.1972794871794872	-0.0023116710875331903	87	39	0.8619351811808746	0.0023116710875331903	hypomethylated	0.9488535974751122	False
sim0001169	0.9017551724137932	0.902825641025641	-0.0010704686118477857	87	39	0.8614978469231804	0.0010704686118477857	hypomethylated	0.9488535974751122	False
sim0001064	0.058835632183908054	0.06045128205128204	-0.0016156498673739889	87	39	0.8643552883106671	0.0016156498673739889	hypomethylated	0.9508946643930326	False
sim0000576	0.2265218390804598	0.22934615384615384	-0.0028243147656940304	87	39	0.8661073876600459	0.0028243147656940304	hypomethylated	0.9514660915956318	False
sim0000827	0.522402298850575	0.5197128205128203	0.0026894783377546805	87	39	0.8668421355422848	0.0026894783377546805	hypermethylated	0.9514660915956318	False
sim0000516	0.061941379310344824	0.059937837837837855	0.0020035414725069686	87	37	0.8653995423846382	0.0020035414725069686	hypermethylated	0.9514660915956318	False
sim0001692	0.17872941176470591	0.1802512820512821	-0.001521870286576188	85	39	0.8669529039912146	0.001521870286576188	hypomethylated	0.9514660915956318	False
sim0001765	0.23438720930232546	0.23583333333333334	-0.0014461240310078838	86	39	0.865770031136528	0.0014461240310078838	hypomethylated	0.9514660915956318	False
sim0002172	0.9778896551724136	0.976525641025641	0.001364014146772563	87	39	0.8663093544181	0.001364014146772563	hypermethylated	0.9514660915956318	False
sim0001625	0.9464218390804598	0.9476205128205129	-0.0011986737400530023	87	39	0.8679314258052787	0.0011986737400530023	hypomethylated	0.9521595953223244	False
sim0001381	0.26581034482758625	0.26089999999999997	0.004910344827586288	87	39	0.8683373823046343	0.004910344827586288	hypermethylated	0.9522246663436449	False
sim0002357	0.24215862068965535	0.23986666666666656	0.0022919540229887903	87	39	0.8702996668249713	0.0022919540229887903	hypermethylated	0.9532782540376173	False
sim0000894	0.10480930232558137	0.10629487179487178	-0.0014855694692904042	86	39	0.8697597871351143	0.0014855694692904042	hypomethylated	0.9532782540376173	False
sim0001530	0.1681534883720931	0.16906666666666667	-0.0009131782945735745	86	39	0.8703392286590259	0.0009131782945735745	hypomethylated	0.9532782540376173	False
sim0002085	0.22518604651162777	0.22644210526315797	-0.0012560587515302035	86	38	0.8715384611602178	0.0012560587515302035	hypomethylated	0.9542113004412588	False
sim0000278	0.18048255813953487	0.18360256410256412	-0.0031200059630292487	86	39	0.8729211735082711	0.0031200059630292487	hypomethylated	0.9542473842307284	False
sim0000252	0.8748523255813957	0.8777692307692307	-0.0029169051878350505	86	39	0.8742967406959227	0.0029169051878350505	hypomethylated	0.9542473842307284	False
sim0001759	0.5548827586206894	0.557165789473684	-0.0022830308529946386	87	38	0.8725431762292526	0.0022830308529946386	hypomethylated	0.9542473842307284	False
sim0001365	0.07418735632183908	0.07573684210526321	-0.0015494857834241343	87	38	0.8740427473384845	0.0015494857834241343	hypomethylated	0.9542473842307284	False
sim0000226	0.021760465116279066	0.023276923076923077	-0.001516457960644011	86	39	0.8753925767242212	0.001516457960644011	hypomethylated	0.9542473842307284	False
sim0000942	0.031857471264367825	0.03050769230769231	0.001349778956675516	87	39	0.8747627620042454	0.001349778956675516	hypermethylated	0.9542473842307284	False
sim0000935	0.034739080459770116	0.03343076923076923	0.0013083112290008872	87	39	0.8745484597634652	0.0013083112290008872	hypermethylated	0.9542473842307284	False
sim0001665	0.043686046511627906	0.044897368421052616	-0.0012113219094247105	86	38	0.8753260208844729	0.0012113219094247105	hypomethylated	0.9542473842307284	False
sim0001326	0.877051724137931	0.8761769230769233	0.0008748010610076795	87	39	0.8738399656396164	0.0008748010610076795	hypermethylated	0.9542473842307284	False
sim0000477	0.07908117647058822	0.07993846153846154	-0.0008572850678733174	85	39	0.8740446026709671	0.0008572850678733174	hypomethylated	0.9542473842307284	False
sim0001517	0.9764655172413795	0.9772179487179483	-0.0007524314765687823	87	39	0.8727695170668792	0.0007524314765687823	hypomethylated	0.9542473842307284	False
sim0000860	0.14228045977011494	0.14006923076923075	0.0022112290008841906	87	39	0.8764425614704631	0.0022112290008841906	hypermethylated	0.9549172776668163	False
sim0002215	0.05713218390804598	0.05855526315789474	-0.0014230792498487604	87	38	0.8767023568531892	0.0014230792498487604	hypomethylated	0.9549172776668163	False
sim0002354	0.11373908045977012	0.11036666666666665	0.0033724137931034626	87	39	0.8773632637297787	0.0033724137931034626	hypermethylated	0.9552583771168063	False
sim0000100	0.26586627906976756	0.2670435897435897	-0.0011773106738221517	86	39	0.8783361772508849	0.0011773106738221517	hypomethylated	0.9557452054453351	False
sim0000181	0.19261839080459775	0.19378717948717947	-0.0011687886825817173	87	39	0.8788541641626927	0.0011687886825817173	hypomethylated	0.9557452054453351	False
sim0001129	0.7631116279069767	0.7638871794871793	-0.0007755515802025936	86	39	0.8788471424322789	0.0007755515802025936	hypomethylated	0.9557452054453351	False
sim0000059	0.7849229885057467	0.7823846153846153	0.0025383731211313654	87	39	0.8798477405714198	0.0025383731211313654	hypermethylated	0.956447068994733	False
sim0000715	0.24681976744186057	0.24808717948717948	-0.0012674120453189108	86	39	0.8802497205677853	0.0012674120453189108	hypomethylated	0.956505531012542	False
sim0002035	0.07502325581395351	0.07819230769230767	-0.0031690518783541594	86	39	0.88278769507094	0.0031690518783541594	hypomethylated	0.9567151039389876	False
sim0000376	0.18990229885057472	0.18721621621621623	0.0026860826343584887	87	37	0.883577072695017	0.0026860826343584887	hypermethylated	0.9567151039389876	False
sim0000488	0.09054137931034487	0.09260512820512821	-0.0020637488947833488	87	39	0.8816982199251832	0.0020637488947833488	hypomethylated	0.9567151039389876	False
sim0000178	0.8213639534883721	0.8196	0.0017639534883721053	86	39	0.8834543350719197	0.0017639534883721053	hypermethylated	0.9567151039389876	False
sim0001541	0.8383873563218388	0.8401102564102564	-0.0017229000884175782	87	39	0.8814094972853829	0.0017229000884175782	hypomethylated	0.9567151039389876	False
sim0001098	0.1065965517241379	0.10799210526315789	-0.0013955535390199891	87	38	0.8819670359540568	0.0013955535390199891	hypomethylated	0.9567151039389876	False
sim0000066	0.015309302325581397	0.014357894736842104	0.000951407588739293	86	38	0.882815052659005	0.000951407588739293	hypermethylated	0.9567151039389876	False
sim0000756	0.8752689655172413	0.8760692307692307	-0.000800265251989396	87	39	0.8826236844855326	0.000800265251989396	hypomethylated	0.9567151039389876	False
sim0000447	0.9741931034482757	0.9749026315789476	-0.0007095281306719325	87	38	0.883147894233788	0.0007095281306719325	hypomethylated	0.9567151039389876	False
sim0001905	0.14217241379310344	0.14431315789473684	-0.002140744101633396	87	38	0.8850105586602275	0.002140744101633396	hypomethylated	0.9575124082865871	False
sim0002075	0.8203232558139537	0.8185384615384613	0.0017847942754923851	86	39	0.8847116977862675	0.0017847942754923851	hypermethylated	0.9575124082865871	False
sim0002209	0.26738690476190474	0.2655435897435898	0.0018433150183149172	84	39	0.8860519851173397	0.0018433150183149172	hypermethylated	0.9582617335107608	False
sim0001495	0.05007093023255816	0.04824358974358975	0.0018273404889684111	86	39	0.8866126093010234	0.0018273404889684111	hypermethylated	0.958490687819721	False
sim0001595	0.26217325581395357	0.2601666666666667	0.0020065891472868524	86	39	0.8872755454943961	0.0020065891472868524	hypermethylated	0.9587362627957478	False
sim0000973	0.3378988505747126	0.3367538461538461	0.0011450044208664578	87	39	0.8875377926063293	0.0011450044208664578	hypermethylated	0.9587362627957478	False
sim0000493	0.1583348837209302	0.1598051282051282	-0.0014702444841980244	86	39	0.8881972585699389	0.0014702444841980244	hypomethylated	0.9587383034205712	False
sim0000377	0.10437093023255811	0.1054666666666667	-0.0010957364341085823	86	39	0.8882377073918288	0.0010957364341085823	hypomethylated	0.9587383034205712	False
sim0001763	0.20667674418604648	0.20493076923076922	0.0017459749552772574	86	39	0.8898361309598637	0.0017459749552772574	hypermethylated	0.9591635838348886	False
sim0000661	0.08428275862068965	0.08266578947368422	0.0016169691470054315	87	38	0.8899381874362022	0.0016169691470054315	hypermethylated	0.9591635838348886	False
sim0002261	0.9011459770114943	0.8998794871794874	0.001266489832006945	87	39	0.8900283855825013	0.001266489832006945	hypermethylated	0.9591635838348886	False
sim0000928	0.919693103448276	0.9204526315789471	-0.0007595281306710389	87	38	0.8895439225343407	0.0007595281306710389	hypomethylated	0.9591635838348886	False
sim0001837	0.26459770114942527	0.2622102564102565	0.0023874447391687426	87	39	0.8916105609821037	0.0023874447391687426	hypermethylated	0.95936318488752	False
sim0002383	0.28322758620689664	0.2854815789473685	-0.002253992740471833	87	38	0.8909695506883284	0.002253992740471833	hypomethylated	0.95936318488752	False
sim0001176	0.267196551724138	0.26870789473684215	-0.0015113430127041694	87	38	0.8912997679607949	0.0015113430127041694	hypomethylated	0.95936318488752	False
sim0000348	0.8157160919540234	0.8144564102564102	0.0012596816976131464	87	39	0.8911309875522122	0.0012596816976131464	hypermethylated	0.95936318488752	False
sim0001216	0.13467441860465112	0.13739487179487178	-0.0027204531902206563	86	39	0.8956474124080341	0.0027204531902206563	hypomethylated	0.9595723252281083	False
sim0001092	0.29253563218390816	0.28982564102564123	0.0027099911582669223	87	39	0.8945388784731106	0.0027099911582669223	hypermethylated	0.9595723252281083	False
sim0001919	0.9260620689655175	0.923753846153846	0.002308222811671423	87	39	0.8951577879769769	0.002308222811671423	hypermethylated	0.9595723252281083	False
sim0002158	0.9124310344827586	0.9101512820512822	0.0022797524314764894	87	39	0.8934327174670327	0.0022797524314764894	hypermethylated	0.9595723252281083	False
sim0001242	0.14098837209302326	0.1431128205128205	-0.0021244484197972535	86	39	0.8956191051505902	0.0021244484197972535	hypomethylated	0.9595723252281083	False
sim0000592	0.8291534883720929	0.8274666666666667	0.0016868217054262225	86	39	0.8939666837365319	0.0016868217054262225	hypermethylated	0.9595723252281083	False
sim0001453	0.32386551724137935	0.3223333333333333	0.0015321839080460475	87	39	0.8947331359841094	0.0015321839080460475	hypermethylated	0.9595723252281083	False
sim0001477	0.18488953488372095	0.1835794871794872	0.0013100477042337633	86	39	0.8922241302026441	0.0013100477042337633	hypermethylated	0.9595723252281083	False
sim0001349	0.7726104651162786	0.7715153846153847	0.001095080500893908	86	39	0.8952491395586829	0.001095080500893908	hypermethylated	0.9595723252281083	False
sim0000727	0.28395465116279067	0.2831897435897436	0.0007649075730470911	86	39	0.8952225767876232	0.0007649075730470911	hypermethylated	0.9595723252281083	False
sim0001447	0.09798620689655171	0.09726666666666665	0.0007195402298850601	87	39	0.8943166955122767	0.0007195402298850601	hypermethylated	0.9595723252281083	False
sim0000914	0.0612267441860465	0.06221025641025639	-0.0009835122242098926	86	39	0.8961621089891461	0.0009835122242098926	hypomethylated	0.9596196808670484	False
sim0000132	0.1362011494252874	0.13705641025641024	-0.0008552608311228338	87	39	0.8963902807079892	0.0008552608311228338	hypomethylated	0.9596196808670484	False
sim0001847	0.8647941860465116	0.8682999999999997	-0.003505813953488146	86	38	0.8968028234528936	0.003505813953488146	hypomethylated	0.9596873221757299	False
sim0001880	0.04890459770114941	0.050928205128205124	-0.002023607427055714	87	39	0.8972548930316928	0.002023607427055714	hypomethylated	0.9597971928185594	False
sim0001675	0.03429767441860465	0.033597435897435905	0.0007002385211687459	86	39	0.897675939135963	0.0007002385211687459	hypermethylated	0.9598738049071587	False
sim0001948	0.8339813953488368	0.8327666666666667	0.0012147286821700964	86	39	0.8982339991038996	0.0012147286821700964	hypermethylated	0.9600968076024949	False
sim0001771	0.235516091954023	0.2379	-0.00238390804597699	87	39	0.8994185400449279	0.00238390804597699	hypomethylated	0.9606153691692914	False
sim0001041	0.27695747126436787	0.27534102564102564	0.001616445623342233	87	39	0.8992957564921262	0.001616445623342233	hypermethylated	0.9606153691692914	False
sim0002344	0.07879080459770116	0.07632564102564103	0.002465163572060128	87	39	0.9001208385392183	0.002465163572060128	hypermethylated	0.960991816349488	False
sim0001939	0.1868779069767442	0.19101025641025648	-0.004132349433512289	86	39	0.9017156899401884	0.004132349433512289	hypomethylated	0.9612157539956203	False
sim0001376	0.0546564705882353	0.05255641025641026	0.0021000603318250405	85	39	0.9011786532884274	0.0021000603318250405	hypermethylated	0.9612157539956203	False
sim0000953	0.09766321839080458	0.09611578947368422	0.0015474289171203554	87	38	0.9016091402816447	0.0015474289171203554	hypermethylated	0.9612157539956203	False
sim0002355	0.0970747126436781	0.09814871794871795	-0.0010740053050398435	87	39	0.9017302504720471	0.0010740053050398435	hypomethylated	0.9612157539956203	False
sim0000692	0.16797790697674417	0.16483076923076925	0.003147137745974915	86	39	0.9021657833943735	0.003147137745974915	hypermethylated	0.9613069848659208	False
sim0000008	0.05710930232558139	0.05786410256410257	-0.0007548002385211819	86	39	0.9047444307587156	0.0007548002385211819	hypomethylated	0.9636808651780503	False
sim0000664	0.9359597701149434	0.9369666666666666	-0.0010068965517232575	87	39	0.9065775254458279	0.0010068965517232575	hypomethylated	0.965259093953368	False
sim0001768	0.8810126436781609	0.8803051282051282	0.000707515473032716	87	39	0.9073406810664939	0.000707515473032716	hypermethylated	0.9656973463346218	False
sim0000352	0.01626781609195402	0.018371794871794873	-0.002103978779840851	87	39	0.9082150115757494	0.002103978779840851	hypomethylated	0.9659190180880342	False
sim0001020	0.20421839080459775	0.20310256410256414	0.0011158267020336121	87	39	0.9082522110380024	0.0011158267020336121	hypermethylated	0.9659190180880342	False
sim0002080	0.8420741176470589	0.8449102564102565	-0.00283613876319766	85	39	0.9089470456992518	0.00283613876319766	hypomethylated	0.9660342777379506	False
sim0000521	0.46650581395348856	0.46827692307692304	-0.0017711091234344778	86	39	0.9090639271760474	0.0017711091234344778	hypomethylated	0.9660342777379506	False
sim0001012	0.9104697674418601	0.9144794871794872	-0.004009719737627093	86	39	0.9096064235938062	0.004009719737627093	hypomethylated	0.9662275953411601	False
sim0000626	0.8249563218390805	0.8229692307692309	0.0019870910698496225	87	39	0.9099493225873977	0.0019870910698496225	hypermethylated	0.9662275953411601	False
sim0000562	0.9598104651162788	0.9613538461538464	-0.0015433810375676815	86	39	0.9113838742844838	0.0015433810375676815	hypomethylated	0.9673769330214361	False
sim0001233	0.39089540229885056	0.3928692307692307	-0.0019738284703801345	87	39	0.9122934904930465	0.0019738284703801345	hypomethylated	0.9675946789128953	False
sim0000319	0.11067011494252874	0.11180000000000002	-0.0011298850574712888	87	39	0.9122482609477183	0.0011298850574712888	hypomethylated	0.9675946789128953	False
sim0000722	0.6814045977011496	0.6829410256410257	-0.0015364279398760727	87	39	0.9132081669279266	0.0015364279398760727	hypomethylated	0.9680298381559951	False
sim0000956	0.9019325581395345	0.9011105263157893	0.000822031823745295	86	38	0.9134163729595381	0.000822031823745295	hypermethylated	0.9680298381559951	False
sim0000420	0.04520919540229884	0.046007692307692305	-0.0007984969053934643	87	39	0.913760964811975	0.0007984969053934643	hypomethylated	0.9680298381559951	False
sim0001124	0.8220321839080456	0.8228499999999997	-0.0008178160919541932	87	38	0.9145273241059441	0.0008178160919541932	hypomethylated	0.9684682187043285	False
sim0000848	0.9060770114942527	0.9084432432432432	-0.0023662317489905327	87	37	0.9201377941368971	0.0023662317489905327	hypomethylated	0.9692357223235638	False
sim0001642	0.05173604651162791	0.053799999999999994	-0.002063953488372086	86	39	0.9175586965275543	0.002063953488372086	hypomethylated	0.9692357223235638	False
sim0000076	0.12210804597701151	0.12416153846153848	-0.002053492484526964	87	39	0.9166654873547108	0.002053492484526964	hypomethylated	0.9692357223235638	False
sim0001825	0.37953139534883734	0.37801052631578946	0.001520869033047878	86	38	0.921645267524484	0.001520869033047878	hypermethylated	0.9692357223235638	False
sim0002342	0.06560459770114942	0.06414102564102565	0.0014635720601237634	87	39	0.9206479874846603	0.0014635720601237634	hypermethylated	0.9692357223235638	False
sim0000269	0.6066609195402298	0.6052102564102563	0.0014506631299735506	87	39	0.9166787809498766	0.0014506631299735506	hypermethylated	0.9692357223235638	False
sim0002290	0.2584011764705882	0.25719999999999993	0.001201176470588261	85	39	0.918970072777472	0.001201176470588261	hypermethylated	0.9692357223235638	False
sim0001968	0.8976379310344828	0.8987461538461536	-0.0011082228116708892	87	39	0.9202787394071456	0.0011082228116708892	hypomethylated	0.9692357223235638	False
sim0000169	0.02220813953488372	0.021192307692307684	0.001015831842576035	86	39	0.9211062398278735	0.001015831842576035	hypermethylated	0.9692357223235638	False
sim0001743	0.04211034482758621	0.041148717948717946	0.000961626878868263	87	39	0.9183966343986778	0.000961626878868263	hypermethylated	0.9692357223235638	False
sim0001606	0.138744827586207	0.13792307692307695	0.0008217506631300331	87	39	0.9175882591780087	0.0008217506631300331	hypermethylated	0.9692357223235638	False
sim0000333	0.7579988372093022	0.7587923076923077	-0.0007934704830054873	86	39	0.9196725898459958	0.0007934704830054873	hypomethylated	0.9692357223235638	False
sim0002038	0.7072023255813953	0.7064205128205128	0.0007818127608825165	86	39	0.916473998961364	0.0007818127608825165	hypermethylated	0.9692357223235638	False
sim0000392	0.08653908045977014	0.08576666666666667	0.0007724137931034714	87	39	0.9216476952231489	0.0007724137931034714	hypermethylated	0.9692357223235638	False
sim0000850	0.17772183908045974	0.17844871794871797	-0.0007268788682582294	87	39	0.9198977270724424	0.0007268788682582294	hypomethylated	0.9692357223235638	False
sim0000940	0.8883528735632183	0.8890358974358975	-0.000683023872679156	87	39	0.9208521275649273	0.000683023872679156	hypomethylated	0.9692357223235638	False
sim0001838	0.6495164705882353	0.6501894736842104	-0.0006730030959751776	85	38	0.9209339485168386	0.0006730030959751776	hypomethylated	0.9692357223235638	False
sim0000540	0.9857906976744185	0.9853666666666668	0.00042403100775167957	86	39	0.921955930990707	0.00042403100775167957	hypermethylated	0.9692357223235638	False
sim0001591	0.9938114942528736	0.9941538461538462	-0.0003423519009725373	87	39	0.9197965120888778	0.0003423519009725373	hypomethylated	0.9692357223235638	False
sim0001744	0.7430678160919544	0.7424589743589743	0.0006088417329800366	87	39	0.9224726641242333	0.0006088417329800366	hypermethylated	0.9694079603478459	False
sim0002183	0.17520459770114943	0.17401538461538463	0.0011892130857648064	87	39	0.923516281223156	0.0011892130857648064	hypermethylated	0.9701335466615715	False
sim0000369	0.9747551724137932	0.9719868421052631	0.002768330308530076	87	38	0.9247610442899767	0.002768330308530076	hypermethylated	0.9706086529707164	False
sim0000556	0.9383223529411764	0.9369871794871796	0.0013351734539968074	85	39	0.924789925711517	0.0013351734539968074	hypermethylated	0.9706086529707164	False
sim0000993	0.2832953488372093	0.28443076923076926	-0.0011354203935599605	86	39	0.9250852803719669	0.0011354203935599605	hypomethylated	0.9706086529707164	False
sim0000816	0.7721505747126439	0.7732717948717948	-0.0011212201591508375	87	39	0.9254093644209898	0.0011212201591508375	hypomethylated	0.9706086529707164	False
sim0000786	0.08167701149425287	0.0823923076923077	-0.0007152961980548267	87	39	0.9260885618624856	0.0007152961980548267	hypomethylated	0.9706086529707164	False
sim0002174	0.896429885057471	0.8969692307692306	-0.0005393457117596201	87	39	0.9260434308412129	0.0005393457117596201	hypomethylated	0.9706086529707164	False
sim0001958	0.41187931034482744	0.41030512820512827	0.0015741821396991762	87	39	0.9295663546170735	0.0015741821396991762	hypermethylated	0.9731397774897488	False
sim0002250	0.20505057471264374	0.20606153846153843	-0.0010109637488946999	87	39	0.9294786839530145	0.0010109637488946999	hypomethylated	0.9731397774897488	False
sim0000785	0.12202988505747128	0.12247948717948717	-0.0004496021220158908	87	39	0.9292775803844016	0.0004496021220158908	hypomethylated	0.9731397774897488	False
sim0002208	0.9575827586206892	0.9586717948717948	-0.0010890362511055685	87	39	0.931142696702831	0.0010890362511055685	hypomethylated	0.9744186620353054	False
sim0001785	0.06565697674418605	0.06354102564102565	0.0021159511031604017	86	39	0.9330726948675637	0.0021159511031604017	hypermethylated	0.9760404413583514	False
sim0001952	0.898558620689655	0.8974358974358972	0.0011227232537577292	87	39	0.933827151011153	0.0011227232537577292	hypermethylated	0.9760404413583514	False
sim0002293	0.9319080459770113	0.9325461538461537	-0.0006381078691424236	87	39	0.9334709254914145	0.0006381078691424236	hypomethylated	0.9760404413583514	False
sim0002363	0.4121906976744187	0.41164102564102567	0.0005496720333930116	86	39	0.9341136950604682	0.0005496720333930116	hypermethylated	0.9760404413583514	False
sim0000882	0.030240229885057465	0.02958205128205128	0.0006581786030061855	87	39	0.9352198035457115	0.0006581786030061855	hypermethylated	0.976824638912574	False
sim0000259	0.7225022988505749	0.7230230769230769	-0.0005207780725019484	87	39	0.9357027699416012	0.0005207780725019484	hypomethylated	0.9769576241085437	False
sim0001646	0.09126627906976745	0.09074871794871796	0.0005175611210494896	86	39	0.93636683270341	0.0005175611210494896	hypermethylated	0.9772795172630195	False
sim0000738	0.055803448275862054	0.0552128205128205	0.0005906277630415568	87	39	0.9369529201545473	0.0005906277630415568	hypermethylated	0.9775198145326781	False
sim0000279	0.24538620689655166	0.2459794871794872	-0.0005932802829355377	87	39	0.9376726343210195	0.0005932802829355377	hypomethylated	0.97789928871672	False
sim0000044	0.9474000000000001	0.9479289473684208	-0.0005289473684206847	87	38	0.9384307347117835	0.0005289473684206847	hypomethylated	0.9783184926957379	False
sim0001752	0.05667701149425285	0.05709736842105261	-0.00042035692679975867	87	38	0.9390020812074185	0.00042035692679975867	hypomethylated	0.9785427606512818	False
sim0000524	0.03773953488372093	0.03617435897435898	0.0015651759093619488	86	39	0.9394825847943397	0.0015651759093619488	hypermethylated	0.9786606985013002	False
sim0000525	0.9229302325581392	0.9216282051282051	0.0013020274299341272	86	39	0.9398277839994285	0.0013020274299341272	hypermethylated	0.9786606985013002	False
sim0001146	0.11446781609195399	0.11252368421052632	0.0019441318814276687	87	38	0.9447513198300728	0.0019441318814276687	hypermethylated	0.982303755471196	False
sim0000472	0.017144827586206897	0.018361538461538464	-0.001216710875331567	87	39	0.945404168290598	0.001216710875331567	hypomethylated	0.982303755471196	False
sim0001318	0.22499885057471264	0.22395789473684208	0.0010409558378705608	87	38	0.9478476597905705	0.0010409558378705608	hypermethylated	0.982303755471196	False
sim0001748	0.0722655172413793	0.0733025641025641	-0.00103704686118479	87	39	0.9479749747921881	0.00103704686118479	hypomethylated	0.982303755471196	False
sim0000249	0.6828873563218393	0.683748717948718	-0.000861361626878776	87	39	0.9443692160149615	0.000861361626878776	hypomethylated	0.982303755471196	False
sim0001135	0.2877686046511627	0.28693076923076927	0.0008378354203934513	86	39	0.9474684516090133	0.0008378354203934513	hypermethylated	0.982303755471196	False
sim0000096	0.6380976744186043	0.6388666666666665	-0.0007689922480621503	86	39	0.946992705577638	0.0007689922480621503	hypomethylated	0.982303755471196	False
sim0000238	0.5157252873563221	0.5149923076923076	0.0007329796640144215	87	39	0.9475068017783038	0.0007329796640144215	hypermethylated	0.982303755471196	False
sim0001445	0.11273103448275863	0.11345384615384614	-0.0007228116710875088	87	39	0.9449279870995897	0.0007228116710875088	hypomethylated	0.982303755471196	False
sim0002127	0.9104586206896552	0.9111789473684212	-0.0007203266787659812	87	38	0.9471892983015158	0.0007203266787659812	hypomethylated	0.982303755471196	False
sim0001583	0.9524931034482761	0.9529999999999998	-0.0005068965517237567	87	39	0.9470409523902108	0.0005068965517237567	hypomethylated	0.982303755471196	False
sim0000156	0.9517279069767444	0.9522230769230768	-0.0004951699463324744	86	39	0.9475119031333187	0.0004951699463324744	hypomethylated	0.982303755471196	False
sim0000624	0.1479453488372093	0.14833846153846153	-0.00039311270125222397	86	39	0.9462311139010399	0.00039311270125222397	hypomethylated	0.982303755471196	False
sim0000140	0.9567942528735632	0.9574794871794873	-0.0006852343059240429	87	39	0.9489206447083252	0.0006852343059240429	hypomethylated	0.9823091019214472	False
sim0001631	0.026811494252873568	0.026215384615384616	0.0005961096374889514	87	39	0.948734838143479	0.0005961096374889514	hypermethylated	0.9823091019214472	False
sim0001398	0.19364367816091962	0.1931871794871795	0.0004564986737401189	87	39	0.9490529146339719	0.0004564986737401189	hypermethylated	0.9823091019214472	False
sim0000809	0.9981022988505746	0.997997435897436	0.00010486295313860694	87	39	0.9495821610213742	0.00010486295313860694	hypermethylated	0.9824867029475386	False
sim0001253	0.06529411764705882	0.06611315789473685	-0.000819040247678024	85	38	0.9501029797228328	0.000819040247678024	hypomethylated	0.9826554538021918	False
sim0001185	0.02143372093023256	0.022002564102564102	-0.0005688431723315408	86	39	0.9514136171668603	0.0005688431723315408	hypomethylated	0.9832705817747801	False
sim0000846	0.05092298850574711	0.0513871794871795	-0.00046419098143238996	87	39	0.951160155514121	0.00046419098143238996	hypomethylated	0.9832705817747801	False
sim0002263	0.10866896551724137	0.10746410256410255	0.0012048629531388189	87	39	0.9526613001079475	0.0012048629531388189	hypermethylated	0.9841897673548445	False
sim0001508	0.07319540229885059	0.07351538461538465	-0.0003199823165340593	87	39	0.9531956174100519	0.0003199823165340593	hypomethylated	0.9843715642952678	False
sim0000554	0.2033344827586207	0.20442564102564104	-0.0010911582670203313	87	39	0.9555258386452548	0.0010911582670203313	hypomethylated	0.9853417500036272	False
sim0001613	0.13928023255813954	0.13973589743589743	-0.00045566487775788866	86	39	0.9555698660391929	0.00045566487775788866	hypomethylated	0.9853417500036272	False
sim0001367	0.9906651162790697	0.9910205128205128	-0.0003553965414431204	86	39	0.9554024403784582	0.0003553965414431204	hypomethylated	0.9853417500036272	False
sim0001787	0.30535517241379295	0.30569230769230776	-0.00033713527851481073	87	39	0.9553650859237907	0.00033713527851481073	hypomethylated	0.9853417500036272	False
sim0002091	0.10511494252873567	0.10412307692307692	0.0009918656056587538	87	39	0.9575709529369013	0.0009918656056587538	hypermethylated	0.9855554169043341	False
sim0002066	0.8629823529411766	0.8624410256410254	0.0005413273001512175	85	39	0.957333313418302	0.0005413273001512175	hypermethylated	0.9855554169043341	False
sim0000402	0.12428160919540228	0.123748717948718	0.0005328912466842778	87	39	0.9573471309980405	0.0005328912466842778	hypermethylated	0.9855554169043341	False
sim0001372	0.21617816091954023	0.21568974358974352	0.0004884173297967087	87	39	0.9573199957290283	0.0004884173297967087	hypermethylated	0.9855554169043341	False
sim0000031	0.20642413793103445	0.20683076923076923	-0.0004066312997347832	87	39	0.9573599108367381	0.0004066312997347832	hypomethylated	0.9855554169043341	False
sim0001500	0.44275862068965505	0.44164358974358975	0.0011150309460652985	87	39	0.9588412400618702	0.0011150309460652985	hypermethylated	0.9861238811119272	False
sim0002301	0.22407058823529408	0.22471794871794878	-0.0006473604826547075	85	39	0.9586081288250293	0.0006473604826547075	hypomethylated	0.9861238811119272	False
sim0000543	0.12292674418604652	0.12206923076923076	0.0008575134168157528	86	39	0.9600371074295593	0.0008575134168157528	hypermethylated	0.9867869549167532	False
sim0001618	0.15580114942528736	0.15619743589743587	-0.0003962864721485104	87	39	0.9602044159055264	0.0003962864721485104	hypomethylated	0.9867869549167532	False
sim0000049	0.7639034883720931	0.7633615384615384	0.0005419499105546732	86	39	0.9608155431854563	0.0005419499105546732	hypermethylated	0.9870457356508783	False
sim0000625	0.011583720930232558	0.011934210526315788	-0.00035048959608323035	86	38	0.961335499828671	0.00035048959608323035	hypomethylated	0.9872106983287323	False
sim0001523	0.0526057471264368	0.05322820512820515	-0.0006224580017683487	87	39	0.9636198475561594	0.0006224580017683487	hypomethylated	0.9880790299502686	False
sim0000896	0.9786534883720931	0.978984210526316	-0.00033072215422291773	86	38	0.9633095936771728	0.00033072215422291773	hypomethylated	0.9880790299502686	False
sim0001691	0.6390011627906979	0.6393205128205128	-0.00031935002981497984	86	39	0.9626812448094442	0.00031935002981497984	hypomethylated	0.9880790299502686	False
sim0001405	0.05645747126436782	0.0566897435897436	-0.00023227232537578052	87	39	0.9636048658062754	0.00023227232537578052	hypomethylated	0.9880790299502686	False
sim0000346	0.14639655172413793	0.14726666666666668	-0.0008701149425287547	87	39	0.9648637440887585	0.0008701149425287547	hypomethylated	0.9882478393034376	False
sim0000906	0.8262220930232551	0.8269589743589743	-0.0007368813357191417	86	39	0.9642360772143977	0.0007368813357191417	hypomethylated	0.9882478393034376	False
sim0000866	0.12190229885057477	0.12240769230769229	-0.0005053934571175173	87	39	0.9645552699724701	0.0005053934571175173	hypomethylated	0.9882478393034376	False
sim0002071	0.19707356321839084	0.19812051282051282	-0.0010469496021219826	87	39	0.9662329753940146	0.0010469496021219826	hypomethylated	0.9892813952319635	False
sim0000455	0.0676103448275862	0.06650769230769231	0.0011026525198938875	87	39	0.9679428164718584	0.0011026525198938875	hypermethylated	0.9893546005526791	False
sim0001945	0.8585275862068964	0.8592333333333334	-0.0007057471264370063	87	39	0.9674047290204674	0.0007057471264370063	hypomethylated	0.9893546005526791	False
sim0001473	0.2009372093023256	0.20138421052631583	-0.00044700122399024544	86	38	0.9680085084562406	0.00044700122399024544	hypomethylated	0.9893546005526791	False
sim0001590	0.18857356321839083	0.18826153846153845	0.0003120247568523804	87	39	0.9681052662124504	0.0003120247568523804	hypermethylated	0.9893546005526791	False
sim0000394	0.06946321839080456	0.06922051282051284	0.00024270557029172635	87	39	0.967249005678066	0.00024270557029172635	hypermethylated	0.9893546005526791	False
sim0001442	0.13426551724137933	0.13464358974358975	-0.0003780725022104192	87	39	0.969091744584138	0.0003780725022104192	hypomethylated	0.9899944300381656	False
sim0001701	0.6496000000000001	0.6488358974358974	0.0007641025641026422	87	39	0.9697201826548753	0.0007641025641026422	hypermethylated	0.9902079793834208	False
sim0000514	0.1830954022988506	0.1835128205128205	-0.0004174182139699001	87	39	0.970021722796063	0.0004174182139699001	hypomethylated	0.9902079793834208	False
sim0000040	0.15804367816091952	0.15745641025641027	0.0005872679045092477	87	39	0.9703967480200455	0.0005872679045092477	hypermethylated	0.9902228331393258	False
sim0002389	0.10140000000000002	0.10059210526315789	0.0008078947368421324	87	38	0.9715018823694404	0.0008078947368421324	hypermethylated	0.9902470021776819	False
sim0001528	0.9423435294117648	0.9420342105263156	0.0003093188854491613	85	38	0.9712707436423393	0.0003093188854491613	hypermethylated	0.9902470021776819	False
sim0001087	0.029267816091954023	0.02944358974358975	-0.0001757736516357286	87	39	0.9711231750791531	0.0001757736516357286	hypomethylated	0.9902470021776819	False
sim0000071	0.871962068965517	0.872228205128205	-0.0002661361626880021	87	39	0.9719533303582713	0.0002661361626880021	hypomethylated	0.9903396878687578	False
sim0000020	0.18140574712643678	0.18116153846153843	0.00024420866489835436	87	39	0.9732703693643965	0.00024420866489835436	hypermethylated	0.9913139431383008	False
sim0000677	0.44222068965517247	0.44197948717948715	0.00024120247568532038	87	39	0.9737404337137394	0.00024120247568532038	hypermethylated	0.9914251191295931	False
sim0001740	0.25480465116279055	0.2543794871794872	0.0004251639833033338	86	39	0.9743424022136951	0.0004251639833033338	hypermethylated	0.9916704627199038	False
sim0001950	0.3075781609195403	0.3079666666666667	-0.00038850574712639974	87	39	0.9759104030846721	0.00038850574712639974	hypomethylated	0.991885285774527	False
sim0000027	0.9383643678160918	0.9380435897435894	0.0003207780725024145	87	39	0.9765057209354536	0.0003207780725024145	hypermethylated	0.991885285774527	False
sim0000567	0.18487441860465118	0.18459736842105257	0.00027705018359860945	86	38	0.9751582051648724	0.00027705018359860945	hypermethylated	0.991885285774527	False
sim0001384	0.24618372093023244	0.24640512820512817	-0.0002214072748957241	86	39	0.9770810277778923	0.0002214072748957241	hypomethylated	0.991885285774527	False
sim0000563	0.9596931034482756	0.9594769230769231	0.00021618037135251456	87	39	0.9762953169228326	0.00021618037135251456	hypermethylated	0.991885285774527	False
sim0002063	0.8087976744186048	0.808628205128205	0.00016946929039984848	86	39	0.9767788456715449	0.00016946929039984848	hypermethylated	0.991885285774527	False
sim0001960	0.9207918604651159	0.9206230769230771	0.0001687835420387529	86	39	0.9769920690723788	0.0001687835420387529	hypermethylated	0.991885285774527	False
sim0002049	0.03650813953488372	0.03572820512820512	0.0007799344066786035	86	39	0.9786036438349724	0.0007799344066786035	hypermethylated	0.991937233954483	False
sim0001555	0.12422988505747128	0.12375641025641024	0.00047347480106103845	87	39	0.9789237921033002	0.00047347480106103845	hypermethylated	0.991937233954483	False
sim0001720	0.37963908045977	0.3792675675675675	0.00037151289220249684	87	37	0.9789376924829281	0.00037151289220249684	hypermethylated	0.991937233954483	False
sim0001833	0.0619906976744186	0.06228947368421051	-0.00029877600979191093	86	38	0.9780765068839808	0.00029877600979191093	hypomethylated	0.991937233954483	False
sim0002328	0.11376860465116281	0.11358684210526314	0.00018176254589967467	86	38	0.9787708470739722	0.00018176254589967467	hypermethylated	0.991937233954483	False
sim0000413	0.8424436781609193	0.8419820512820514	0.00046162687886786014	87	39	0.9828674226998353	0.00046162687886786014	hypermethylated	0.9922194779113059	False
sim0000527	0.984348275862069	0.9839820512820514	0.0003662245800175601	87	39	0.9816645441191898	0.0003662245800175601	hypermethylated	0.9922194779113059	False
sim0001271	0.7379977011494254	0.7382615384615384	-0.0002638373121129911	87	39	0.9838389605849354	0.0002638373121129911	hypomethylated	0.9922194779113059	False
sim0001203	0.8675356321839077	0.8677897435897436	-0.0002541114058358662	87	39	0.9830462289779651	0.0002541114058358662	hypomethylated	0.9922194779113059	False
sim0000486	0.027499999999999997	0.02773684210526316	-0.00023684210526316377	87	38	0.9836441592526828	0.00023684210526316377	hypomethylated	0.9922194779113059	False
sim0000082	0.8954758620689658	0.8957026315789475	-0.00022676950998168355	87	38	0.9812140781388644	0.00022676950998168355	hypomethylated	0.9922194779113059	False
sim0001262	0.9201988505747127	0.9199846153846153	0.00021423519009744485	87	39	0.9839181379474693	0.00021423519009744485	hypermethylated	0.9922194779113059	False
sim0000560	0.12019767441860461	0.12039487179487182	-0.000197197376267208	86	39	0.9835724106774386	0.000197197376267208	hypomethylated	0.9922194779113059	False
sim0001585	0.1963058139534883	0.19613846153846157	0.0001673524150267447	86	39	0.9811343058400235	0.0001673524150267447	hypermethylated	0.9922194779113059	False
sim0000285	0.9822448275862067	0.9820897435897433	0.00015508399646335658	87	39	0.9809369909390042	0.00015508399646335658	hypermethylated	0.9922194779113059	False
sim0001940	0.15730919540229893	0.15746410256410254	-0.00015490716180360797	87	39	0.9822456586428392	0.00015490716180360797	hypomethylated	0.9922194779113059	False
sim0000242	0.09311279069767442	0.09323333333333333	-0.00012054263565891565	86	39	0.9837763610206736	0.00012054263565891565	hypomethylated	0.9922194779113059	False
sim0001824	0.7060816091954023	0.7059666666666666	0.00011494252873567312	87	39	0.9840030332698104	0.00011494252873567312	hypermethylated	0.9922194779113059	False
sim0000274	0.9800172413793103	0.9799128205128205	0.00010442086648987381	87	39	0.9842730532611244	0.00010442086648987381	hypermethylated	0.9922194779113059	False
sim0001722	0.8129264367816088	0.8130842105263156	-0.00015777374470682393	87	38	0.9851793904266939	0.00015777374470682393	hypomethylated	0.9924047618269629	False
sim0001562	0.19898705882352938	0.19885384615384616	0.0001332126696832192	85	39	0.9850019529893653	0.0001332126696832192	hypermethylated	0.9924047618269629	False
sim0001396	0.9150953488372097	0.9147999999999998	0.0002953488372098301	86	39	0.9863023989110764	0.0002953488372098301	hypermethylated	0.9925396895485721	False
sim0000733	0.7775678160919542	0.7778421052631577	-0.00027428917120342344	87	38	0.9869917529159455	0.00027428917120342344	hypomethylated	0.9925396895485721	False
sim0001891	0.9191919540229887	0.9189230769230772	0.0002688770999115242	87	39	0.9876329017150922	0.0002688770999115242	hypermethylated	0.9925396895485721	False
sim0000207	0.8908546511627905	0.8906461538461539	0.0002084973166366355	86	39	0.9870174893409638	0.0002084973166366355	hypermethylated	0.9925396895485721	False
sim0000932	0.9042988505747126	0.9041076923076924	0.00019115826702020833	87	39	0.9873932781831782	0.00019115826702020833	hypermethylated	0.9925396895485721	False
sim0001243	0.07459310344827588	0.07442307692307693	0.00017002652519895745	87	39	0.9878425596016731	0.00017002652519895745	hypermethylated	0.9925396895485721	False
sim0000731	0.0999057471264368	0.09982307692307693	8.267020335986364e-05	87	39	0.9870119449546643	8.267020335986364e-05	hypermethylated	0.9925396895485721	False
sim0001753	0.16748850574712645	0.16711538461538458	0.00037312113174187145	87	39	0.9892371856807982	0.00037312113174187145	hypermethylated	0.9932143819682575	False
sim0000437	0.777998837209302	0.7782358974358976	-0.0002370602265956423	86	39	0.9889946356603581	0.0002370602265956423	hypomethylated	0.9932143819682575	False
sim0000337	0.9463313953488369	0.9461435897435897	0.00018780560524722656	86	39	0.9915305043335434	0.00018780560524722656	hypermethylated	0.994366718417071	False
sim0000880	0.9195574712643674	0.9196868421052633	-0.000129370840895926	87	38	0.9911383928631344	0.000129370840895926	hypomethylated	0.994366718417071	False
sim0001444	0.9136747126436779	0.9137948717948717	-0.00012015915119378828	87	39	0.9909834536874009	0.00012015915119378828	hypomethylated	0.994366718417071	False
sim0002115	0.3142674418604651	0.3141948717948718	7.257006559330259e-05	86	39	0.9918328389016289	7.257006559330259e-05	hypermethylated	0.994366718417071	False
sim0001506	0.11878160919540226	0.11889743589743586	-0.00011582670203359735	87	39	0.9936529684717985	0.00011582670203359735	hypomethylated	0.9958280570565597	False
sim0001640	0.8524895348837209	0.8523538461538461	0.0001356887298747944	86	39	0.9945167455446231	0.0001356887298747944	hypermethylated	0.9963302334103135	False
sim0000598	0.8039197674418606	0.8039512820512819	-3.1514609421301465e-05	86	39	0.9964411593709936	3.1514609421301465e-05	hypomethylated	0.9978942270478015	False
sim0000748	0.7666172413793105	0.7666358974358973	-1.8656056586796588e-05	87	39	0.9974847515220775	1.8656056586796588e-05	hypomethylated	0.9985752960754908	False
sim0001114	0.12362873563218386	0.12360789473684215	2.084089534171163e-05	87	38	0.9984875528450834	2.084089534171163e-05	hypermethylated	0.9992150483298521	False
sim0001648	0.06196896551724137	0.06199210526315791	-2.313974591654222e-05	87	38	0.9993843019443259	2.313974591654222e-05	hypomethylated	0.9996784388134421	False
sim0000124	0.13626046511627907	0.13626410256410257	-3.637447823501283e-06	86	39	0.9996784388134421	3.637447823501283e-06	hypomethylated	0.9996784388134421	False
