library	direction	term	n_genes	query_size	background_size	overlap_n	overlap_genes	p	adj_p
Reactome	combined	Protein-protein Interactions At Synapses R-HSA-6794362	79	1180	33010	14	APBA2,DLGAP1,DLGAP2,GRIA1,GRIN2A,GRM1,LRRTM2,NRXN2,NRXN3,PPFIA3,SHANK3,SLITRK1,SLITRK3,SYT1	7.332784495694043e-07	0.001333100221317177
Reactome	combined	Neurexins And Neuroligins R-HSA-6794361	53	1180	33010	10	APBA2,DLGAP1,DLGAP2,GRIN2A,GRM1,LRRTM2,NRXN2,NRXN3,SHANK3,SYT1	1.577800378409031e-05	0.014342205439738092
Reactome	combined	GPCR Downstream Signaling R-HSA-388396	580	1180	33010	40	ABR,ADCY8,AKAP13,ARHGEF25,CALCB,CCL28,CPAMD8,GALR1,GALR3,GHSR,GPR25,GPR37L1,GRK5,GRM1,HTR1B,LPAR5,LPAR6,MC1R,MCF2L,NMBR,NMS,NPBWR1,NPY,PCDHA4,PCDHA6,PDE10A,PDE4C,PENK,PRKAR1B,PRKCH,RGS10,RGS6,SCT,SST,SSTR4,TAC1,TIAM1,TRH,VAV3,VIPR2	6.767552119026154e-05	0.04101136584129849
Reactome	combined	Neuronal System R-HSA-112316	365	1180	33010	28	ABCC9,ADCY8,APBA2,CACNA1A,CACNA2D2,CACNG8,DLGAP1,DLGAP2,GABRA1,GABRG2,GRIA1,GRIN2A,GRM1,KCNA1,KCNC2,KCNQ4,LRRTM2,NRXN2,NRXN3,PPFIA3,PRKAG2,PRKAR1B,SHANK3,SLC1A6,SLC6A3,SLITRK1,SLITRK3,SYT1	0.00014322382593597081	0.06394302698749524
Reactome	combined	Signaling By GPCR R-HSA-372790	648	1180	33010	42	ABR,ADCY8,AKAP13,ARHGEF25,CALCB,CCL28,CPAMD8,GALR1,GALR3,GHSR,GPR25,GPR37L1,GRK5,GRM1,HTR1A,HTR1B,LPAR5,LPAR6,MC1R,MCF2L,NMBR,NMS,NPBWR1,NPY,PCDHA4,PCDHA6,PDE10A,PDE4C,PENK,PRKAR1B,PRKCH,RGS10,RGS6,SCT,SST,SSTR4,TAC1,TIAM1,TRH,VAV3,VIPR2,WNT16	0.00017586091030664255	0.06394302698749524
Reactome	combined	Transcriptional Regulation Of Pluripotent Stem Cells R-HSA-452723	28	1180	33010	6	CDX2,EOMES,FOXP1,PBX1,PRDM14,SALL1	0.0003947739134533805	0.10743473561867196
Reactome	combined	Regulation Of Beta-Cell Development R-HSA-186712	39	1180	33010	7	FOXA2,MAML3,NEUROD1,NKX6-1,ONECUT1,PAX6,PKLR	0.0004136650986417512	0.10743473561867196
Reactome	combined	Regulation Of Gene Expression In Beta Cells R-HSA-210745	20	1180	33010	5	FOXA2,NEUROD1,NKX6-1,PAX6,PKLR	0.000572925452418505	0.13019730906210525
Reactome	combined	Signal Transduction R-HSA-162582	2341	1180	33010	112	ABR,ACBD5,ADCY8,AKAP13,ALDH1A3,APBB1IP,ARHGEF25,ATP6V1B1,BCL9,CALCB,CAPZB,CASP8,CCL28,CCT6A,CENPN,CFTR,CLASP2,CPAMD8,CTNNA1,CXXC5,CYP26A1,DLK1,DNAJB1,DST,DZIP1,FAM13A,FGF5,FLRT2,FOXA1,GABRA1,GABRG2,GALR1,GALR3,GATA3,GATAD2B,GHSR,GPR25,GPR37L1,GRK5,GRM1,HTR1A,HTR1B,IL6ST,ITGA8,KIF5A,KLC1,LPAR5,LPAR6,MAML3,MC1R,MCF2L,MEF2D,MMP9,MPZ,NCOR2,NFATC1,NIPSNAP2,NMBR,NMS,NOTCH3,NPBWR1,NPY,NR2E1,NTRK1,NUP43,PARP1,PBX1,PCDHA4,PCDHA6,PDE10A,PDE4C,PDE6B,PENK,PMEPA1,PPARD,PRKAG2,PRKAR1B,PRKCH,PRR5,RARG,RASAL1,RASGEF1A,RGS10,RGS6,RSPO2,RTN4,RUNX1,SCT,SEL1L,SKI,SLITRK3,SOX17,SOX6,SPRED2,SPRY2,SST,SSTR4,STAP2,STMN2,TAC1,TAOK3,TBL1XR1,TIAM1,TMPO,TNFRSF10A,TRH,VAV3,VIPR2,WNT16,WNT5B,WWOX,ZNF217	0.0010076935753632517	0.185701664495621
Reactome	combined	Cell-cell Junction Organization R-HSA-421270	58	1180	33010	8	CDH13,CDH4,CDH9,CLDN10,CLDN4,CTNNA1,SDK1,SDK2	0.0010214613008560011	0.185701664495621
Reactome	combined	Cell Junction Organization R-HSA-446728	81	1180	33010	9	CDH13,CDH4,CDH9,CLDN10,CLDN4,CTNNA1,DST,SDK1,SDK2	0.0024024814708570935	0.3791926705953503
Reactome	combined	Peptide Ligand-Binding Receptors R-HSA-375276	183	1180	33010	15	CCL28,GALR1,GALR3,GHSR,GPR37L1,MC1R,NMBR,NMS,NPBWR1,NPY,PENK,SST,SSTR4,TAC1,TRH	0.002502921918121124	0.3791926705953503
Reactome	combined	Class A/1 (Rhodopsin-like Receptors) R-HSA-373076	304	1180	33010	21	CCL28,GALR1,GALR3,GHSR,GPR37L1,HTR1A,HTR1B,LPAR5,LPAR6,MC1R,NMBR,NMS,NPBWR1,NPY,PCDHA4,PCDHA6,PENK,SST,SSTR4,TAC1,TRH	0.0032904403177798805	0.4561610968994504
Reactome	combined	GPCR Ligand Binding R-HSA-500792	429	1180	33010	27	CALCB,CCL28,CPAMD8,GALR1,GALR3,GHSR,GPR37L1,GRM1,HTR1A,HTR1B,LPAR5,LPAR6,MC1R,NMBR,NMS,NPBWR1,NPY,PCDHA4,PCDHA6,PENK,SCT,SST,SSTR4,TAC1,TRH,VIPR2,WNT16	0.003512791725298298	0.4561610968994504
Reactome	combined	Carnitine Metabolism R-HSA-200425	10	1180	33010	3	CPT2,PPARD,PRKAG2	0.004527636900186544	0.514452742783696
Reactome	combined	Negative Regulation Of Activity Of TFAP2 (AP-2) Family Transcription Factors R-HSA-8866904	10	1180	33010	3	TFAP2B,TFAP2D,WWOX	0.004527636900186544	0.514452742783696
Reactome	combined	Developmental Biology R-HSA-1266738	1008	1180	33010	52	CACNG8,CDH4,CDX2,CLASP2,CRMP1,CTNNA1,CTNNA2,DNAAF3,EOMES,EPHA10,EPHA3,EPHB1,EZR,FOXA2,FOXP1,GATA4,GFI1,HOXA2,HOXC4,ITGA9,KRTAP12-3,LHX9,MAML3,MEF2D,MEIS1,MMP9,MPZ,NCOR2,NEUROD1,NKX6-1,ONECUT1,PAX6,PBX1,PKLR,PRDM14,RARG,RPL23,RPS15A,RPS2,RPS3A,RUNX1,SALL1,SCN1A,SEMA4A,SHANK3,TAL1,TBL1XR1,TBXT,TIAM1,UNC5D,VAV3,WT1	0.005592959186798847	0.5981176353882532
Reactome	combined	Activation Of TFAP2 (AP-2) Family Of Transcription Factors R-HSA-8866907	11	1180	33010	3	TFAP2B,TFAP2D,WWOX	0.006061150289804473	0.6121761792702518
Reactome	combined	EPH-ephrin Mediated Repulsion Of Cells R-HSA-3928665	48	1180	33010	6	EPHA10,EPHA3,EPHB1,MMP9,TIAM1,VAV3	0.007018100476250479	0.6715214034643879
Reactome	combined	Cell-Cell Communication R-HSA-1500931	114	1180	33010	10	CDH13,CDH4,CDH9,CLDN10,CLDN4,CTNNA1,DST,MAGI2,SDK1,SDK2	0.007813264227415177	0.7102257182720396
Reactome	combined	Notch-HLH Transcription Pathway R-HSA-350054	24	1180	33010	4	MAML3,NCOR2,NOTCH3,TBL1XR1	0.009750303701304005	0.8440977204271751
Reactome	combined	G Alpha (I) Signaling Events R-HSA-418594	295	1180	33010	19	ADCY8,CCL28,GALR1,GALR3,GPR37L1,HTR1B,LPAR5,NMS,NPBWR1,NPY,PCDHA4,PCDHA6,PDE4C,PENK,PRKAR1B,RGS10,RGS6,SST,SSTR4	0.010264191972580656	0.8481955002796195
Reactome	combined	Loss Of MECP2 Binding Ability To NCoR/SMRT Complex R-HSA-9022537	5	1180	33010	2	NCOR2,TBL1XR1	0.01188066911444962	0.9350460236935425
Reactome	combined	Phase 2 - Plateau Phase R-HSA-5576893	14	1180	33010	3	CACNA2D2,CACNG7,CACNG8	0.012343841896944456	0.9350460236935425
Reactome	combined	Post-translational Modification: Synthesis Of GPI-anchored Proteins R-HSA-163125	89	1180	33010	8	LSAMP,MDGA2,NRN1,NTM,OPCML,PIGB,RTN4RL1,THY1	0.014351223238877523	1.0
Reactome	combined	Transcriptional Regulation By MECP2 R-HSA-8986944	57	1180	33010	6	FOXG1,GRIN2A,NCOR2,RBFOX1,SST,TBL1XR1	0.01585439429284234	1.0
Reactome	combined	Adherens Junctions Interactions R-HSA-418990	28	1180	33010	4	CDH13,CDH4,CDH9,CTNNA1	0.016789490220290425	1.0
Reactome	combined	Protein Repair R-HSA-5676934	6	1180	33010	2	MSRA,PCMT1	0.01740086787013591	1.0
Reactome	combined	RUNX1 Regulates Transcription Of Genes Involved In BCR Signaling R-HSA-8939245	6	1180	33010	2	PAX5,RUNX1	0.01740086787013591	1.0
Reactome	combined	Receptor-type Tyrosine-Protein Phosphatases R-HSA-388844	16	1180	33010	3	PPFIA3,SLITRK1,SLITRK3	0.018009563981862434	1.0
Reactome	combined	Myogenesis R-HSA-525793	29	1180	33010	4	CDH4,CTNNA1,CTNNA2,MEF2D	0.01893784483644714	1.0
Reactome	combined	G Alpha (S) Signaling Events R-HSA-418555	150	1180	33010	11	ADCY8,CALCB,CPAMD8,GPR25,GRK5,MC1R,PDE10A,PDE4C,PRKAR1B,SCT,VIPR2	0.01918695560611733	1.0
Reactome	combined	Phase 0 - Rapid Depolarisation R-HSA-5576892	31	1180	33010	4	CACNA2D2,CACNG7,CACNG8,SCN1A	0.02372464480671641	1.0
Reactome	combined	Na+/Cl- Dependent Neurotransmitter Transporters R-HSA-442660	18	1180	33010	3	SLC6A18,SLC6A3,SLC6A5	0.024892253187739986	1.0
Reactome	combined	Factors Involved In Megakaryocyte Development And Platelet Production R-HSA-983231	120	1180	33010	9	CAPZB,EHD2,GATA3,GATA4,HBE1,HBG2,KIF5A,KLC1,PRKAR1B	0.028447505141306693	1.0
Reactome	combined	FCGR3A-mediated IL10 Synthesis R-HSA-9664323	33	1180	33010	4	ADCY8,FGR,HCK,PRKAR1B	0.02918116302613351	1.0
Reactome	combined	Interleukin-18 Signaling R-HSA-9012546	8	1180	33010	2	ALOX5,IL18	0.030975100188618192	1.0
Reactome	combined	Regulation Of Gene Expression In Early Pancreatic Precursor Cells R-HSA-210747	8	1180	33010	2	NKX6-1,ONECUT1	0.030975100188618192	1.0
Reactome	combined	TRAIL Signaling R-HSA-75158	8	1180	33010	2	CASP8,TNFRSF10A	0.030975100188618192	1.0
Reactome	combined	Integration Of Energy Metabolism R-HSA-163685	103	1180	33010	8	ADCY8,CACNA1A,CACNA2D2,KCNC2,PKLR,PRKAG2,PRKAR1B,SYT5	0.03144521316544578	1.0
Reactome	combined	HSF1-dependent Transactivation R-HSA-3371571	34	1180	33010	4	DNAJB1,DNAJB6,HSF1,HSPB8	0.03216509879525469	1.0
Reactome	combined	Transcriptional Regulation By AP-2 (TFAP2) Family Of Transcription Factors R-HSA-8864260	34	1180	33010	4	PITX2,TFAP2B,TFAP2D,WWOX	0.03216509879525469	1.0
Reactome	combined	NRAGE Signals Death Thru JNK R-HSA-193648	51	1180	33010	5	ABR,AKAP13,MCF2L,TIAM1,VAV3	0.035048521132619276	1.0
Reactome	combined	Nuclear Receptor Transcription Pathway R-HSA-383280	51	1180	33010	5	NCOR2,NR2E1,PPARD,RARG,THRA	0.035048521132619276	1.0
Reactome	combined	RUNX2 Regulates Osteoblast Differentiation R-HSA-8940973	21	1180	33010	3	MAF,RB1,SATB2	0.0374964441424648	1.0
Reactome	combined	FCGR Activation R-HSA-2029481	9	1180	33010	2	FGR,HCK	0.038894999791454166	1.0
Reactome	combined	Folding Of Actin By CCT/TriC R-HSA-390450	9	1180	33010	2	CCT5,CCT6A	0.038894999791454166	1.0
Reactome	combined	POU5F1 (OCT4), SOX2, NANOG Repress Genes Related To Differentiation R-HSA-2892245	9	1180	33010	2	CDX2,EOMES	0.038894999791454166	1.0
Reactome	combined	RHOC GTPase Cycle R-HSA-9013106	71	1180	33010	6	ABR,ACBD5,AKAP13,ARHGEF25,MCF2L,TMPO	0.04133959871602251	1.0
Reactome	combined	Transmission Across Chemical Synapses R-HSA-112315	233	1180	33010	14	ADCY8,CACNA1A,CACNA2D2,CACNG8,GABRA1,GABRG2,GRIA1,GRIN2A,PPFIA3,PRKAG2,PRKAR1B,SLC1A6,SLC6A3,SYT1	0.04135818836487357	1.0
Reactome	combined	Generic Transcription Pathway R-HSA-212436	1141	1180	33010	52	ANAPC1,BCL2L14,CDKN2A,FOXG1,GATA3,GATA4,GATAD2B,GRIN2A,MAF,MAML3,MDC1,MPZ,NCOR2,NOTCH3,NPY,NR2E1,PARP1,PAX5,PITX2,POU4F2,PPARD,PRDX1,PRKAG2,PRR5,RARG,RB1,RBFOX1,RUNX1,SATB2,SKI,SST,TAL1,TBL1XR1,TFAP2B,TFAP2D,THRA,TNFRSF10A,TWIST1,WWOX,ZFHX3,ZNF154,ZNF169,ZNF184,ZNF212,ZNF267,ZNF274,ZNF551,ZNF560,ZNF625,ZNF671,ZNF709,ZNF729	0.044833286091973686	1.0
Reactome	combined	SUMOylation Of DNA Damage Response And Repair Proteins R-HSA-3108214	73	1180	33010	6	CDKN2A,MDC1,NSMCE2,NUP43,PARP1,PMEPA1	0.04633215937714654	1.0
Reactome	combined	Glutamate Neurotransmitter Release Cycle R-HSA-210500	23	1180	33010	3	PPFIA3,SLC1A6,SYT1	0.04738623258768758	1.0
Reactome	combined	Incretin Synthesis, Secretion, And Inactivation R-HSA-400508	23	1180	33010	3	CDX2,GATA4,PAX6	0.04738623258768758	1.0
Reactome	combined	NOTCH3 Intracellular Domain Regulates Transcription R-HSA-9013508	23	1180	33010	3	MAML3,NOTCH3,PBX1	0.04738623258768758	1.0
Reactome	combined	Disorders Of Developmental Biology R-HSA-9675151	10	1180	33010	2	NCOR2,TBL1XR1	0.04748684051427106	1.0
Reactome	combined	RHO GTPases Activate KTN1 R-HSA-5625970	10	1180	33010	2	KIF5A,KLC1	0.04748684051427106	1.0
Reactome	combined	RUNX3 Regulates p14-ARF R-HSA-8951936	10	1180	33010	2	CDKN2A,RUNX1	0.04748684051427106	1.0
Reactome	combined	Serotonin Receptors R-HSA-390666	10	1180	33010	2	HTR1A,HTR1B	0.04748684051427106	1.0
Reactome	combined	Signaling By Retinoic Acid R-HSA-5362517	39	1180	33010	4	ALDH1A3,CYP26A1,PPARD,RARG	0.049674274453866546	1.0
Reactome	combined	Attenuation Phase R-HSA-3371568	24	1180	33010	3	DNAJB1,DNAJB6,HSF1	0.05276279385717096	1.0
Reactome	combined	Defective Intrinsic Pathway For Apoptosis R-HSA-9734009	24	1180	33010	3	CAPN2,CDKN2A,PRDX1	0.05276279385717096	1.0
Reactome	combined	Anti-inflammatory Response Favoring Leishmania Infection R-HSA-9662851	156	1180	33010	10	ADCY8,CALCB,CPAMD8,FGR,GPR25,HCK,MC1R,PRKAR1B,SCT,VIPR2	0.05403961395339125	1.0
Reactome	combined	Regulation Of Insulin Secretion R-HSA-422356	76	1180	33010	6	ADCY8,CACNA1A,CACNA2D2,KCNC2,PRKAR1B,SYT5	0.05449391794979931	1.0
Reactome	combined	Post NMDA Receptor Activation Events R-HSA-438064	58	1180	33010	5	ADCY8,GRIA1,GRIN2A,PRKAG2,PRKAR1B	0.05594771235209719	1.0
Reactome	combined	CASP8 Activity Is Inhibited R-HSA-5218900	11	1180	33010	2	CASP8,TNFRSF10A	0.05669254945304143	1.0
Reactome	combined	CREB1 Phosphorylation Thru Activation Of Adenylate Cyclase R-HSA-442720	11	1180	33010	2	ADCY8,PRKAR1B	0.05669254945304143	1.0
Reactome	combined	Dimerization Of Procaspase-8 R-HSA-69416	11	1180	33010	2	CASP8,TNFRSF10A	0.05669254945304143	1.0
Reactome	combined	Caspase Activation Via Extrinsic Apoptotic Signaling Pathway R-HSA-5357769	25	1180	33010	3	CASP8,DAPK1,TNFRSF10A	0.058418847524710237	1.0
Reactome	combined	Gene Expression (Transcription) R-HSA-74160	1390	1180	33010	61	ANAPC1,BCL2L14,CDKN2A,FOXG1,GATA3,GATA4,GATAD2B,GRIN2A,HENMT1,JARID2,MAF,MAML3,MDC1,MLLT1,MPZ,NCOR2,NFIA,NOTCH3,NPY,NR2E1,NUP43,PARP1,PAX5,PITX2,POLR1D,POU4F2,PPARD,PRDX1,PRKAG2,PRR5,RARG,RB1,RBFOX1,RPRD2,RUNX1,SATB2,SKI,SRSF7,SST,TAF1D,TAL1,TBL1XR1,TFAP2B,TFAP2D,THRA,TNFRSF10A,TWIST1,WWOX,ZFHX3,ZNF154,ZNF169,ZNF184,ZNF212,ZNF267,ZNF274,ZNF551,ZNF560,ZNF625,ZNF671,ZNF709,ZNF729	0.05852838565479864	1.0
Reactome	combined	RHOA GTPase Cycle R-HSA-8980692	138	1180	33010	9	ABR,ACBD5,AKAP13,ARHGEF25,FAM13A,MCF2L,TIAM1,TMPO,VAV3	0.059929782382983306	1.0
Reactome	combined	SUMO E3 Ligases SUMOylate Target Proteins R-HSA-3108232	161	1180	33010	10	CDKN2A,MDC1,NCOR2,NSMCE2,NUP43,PARP1,PMEPA1,SATB2,TFAP2B,THRA	0.06407362526157123	1.0
Reactome	combined	Formation Of Tubulin Folding Intermediates By CCT/TriC R-HSA-389960	26	1180	33010	3	CCT5,CCT6A,TUBB2B	0.06434735768601837	1.0
Reactome	combined	HSF1 Activation R-HSA-3371511	26	1180	33010	3	DNAJB1,DNAJB6,HSF1	0.06434735768601837	1.0
Reactome	combined	Prefoldin Mediated Transfer Of Substrate To CCT/TriC R-HSA-389957	26	1180	33010	3	CCT5,CCT6A,TUBB2B	0.06434735768601837	1.0
Reactome	combined	FGFRL1 Modulation Of FGFR1 Signaling R-HSA-5658623	12	1180	33010	2	FGF5,SPRED2	0.06645734082716405	1.0
Reactome	combined	Presynaptic Depolarization And Calcium Channel Opening R-HSA-112308	12	1180	33010	2	CACNA1A,CACNA2D2	0.06645734082716405	1.0
Reactome	combined	Pyrimidine Catabolism R-HSA-73621	12	1180	33010	2	DPYS,NT5E	0.06645734082716405	1.0
Reactome	combined	Synthesis, Secretion, And Inactivation Of Glucose-dependent Insulinotropic Polypeptide (GIP) R-HSA-400511	12	1180	33010	2	GATA4,PAX6	0.06645734082716405	1.0
Reactome	combined	Transcriptional Regulation Of Testis Differentiation R-HSA-9690406	12	1180	33010	2	GATA4,WT1	0.06645734082716405	1.0
Reactome	combined	Cytosolic Sensors Of Pathogen-Associated DNA R-HSA-1834949	62	1180	33010	5	AIM2,CGAS,DHX9,NLRP4,POLR1D	0.07051423202115746	1.0
Reactome	combined	Sensory Processing Of Sound By Inner Hair Cells Of Cochlea R-HSA-9662360	62	1180	33010	5	CACNA2D2,CAPZB,EZR,KCNQ4,MYO3A	0.07051423202115746	1.0
Reactome	combined	VEGFR2 Mediated Vascular Permeability R-HSA-5218920	27	1180	33010	3	CTNNA1,PRR5,VAV3	0.07054072819674445	1.0
Reactome	combined	Formation Of Ternary Complex, And Subsequently, 43S Complex R-HSA-72695	44	1180	33010	4	EIF3I,RPS15A,RPS2,RPS3A	0.07146627850195254	1.0
Reactome	combined	RNA Polymerase II Transcription R-HSA-73857	1257	1180	33010	55	ANAPC1,BCL2L14,CDKN2A,FOXG1,GATA3,GATA4,GATAD2B,GRIN2A,MAF,MAML3,MDC1,MLLT1,MPZ,NCOR2,NOTCH3,NPY,NR2E1,PARP1,PAX5,PITX2,POU4F2,PPARD,PRDX1,PRKAG2,PRR5,RARG,RB1,RBFOX1,RPRD2,RUNX1,SATB2,SKI,SRSF7,SST,TAL1,TBL1XR1,TFAP2B,TFAP2D,THRA,TNFRSF10A,TWIST1,WWOX,ZFHX3,ZNF154,ZNF169,ZNF184,ZNF212,ZNF267,ZNF274,ZNF551,ZNF560,ZNF625,ZNF671,ZNF709,ZNF729	0.07235346483235867	1.0
Reactome	combined	Translocation Of ZAP-70 To Immunological Synapse R-HSA-202430	13	1180	33010	2	HLA-DPA1,PTPN22	0.07672955550214433	1.0
Reactome	combined	RUNX2 Regulates Bone Development R-HSA-8941326	28	1180	33010	3	MAF,RB1,SATB2	0.076990876753919	1.0
Reactome	combined	SUMOylation R-HSA-2990846	167	1180	33010	10	CDKN2A,MDC1,NCOR2,NSMCE2,NUP43,PARP1,PMEPA1,SATB2,TFAP2B,THRA	0.0776008148134399	1.0
Reactome	combined	Leishmania Infection R-HSA-9658195	234	1180	33010	13	ADCY8,CALCB,CPAMD8,FGR,GPR25,HCK,IL18,MC1R,NT5E,PRKAR1B,SCT,VAV3,VIPR2	0.07847289562764279	1.0
Reactome	combined	Activation Of HOX Genes During Differentiation R-HSA-5619507	84	1180	33010	6	HOXA2,HOXC4,MEIS1,PAX6,PBX1,RARG	0.08025055235404026	1.0
Reactome	combined	Downregulation Of SMAD2/3:SMAD4 Transcriptional Activity R-HSA-2173795	29	1180	33010	3	NCOR2,PARP1,SKI	0.0836893035136273	1.0
Reactome	combined	Regulation Of MECP2 Expression And Activity R-HSA-9022692	29	1180	33010	3	FOXG1,NCOR2,TBL1XR1	0.0836893035136273	1.0
Reactome	combined	ADORA2B Mediated Anti-Inflammatory Cytokine Production R-HSA-9660821	127	1180	33010	8	ADCY8,CALCB,CPAMD8,GPR25,MC1R,PRKAR1B,SCT,VIPR2	0.08572777821517337	1.0
Reactome	combined	Signaling By FGFR1 R-HSA-5654736	47	1180	33010	4	FGF5,FLRT2,SPRED2,SPRY2	0.08652051655799045	1.0
Reactome	combined	Regulation Of Gene Expression In Late Stage (Branching Morphogenesis) Pancreatic Bud Precursor Cells R-HSA-210744	14	1180	33010	2	MAML3,ONECUT1	0.0874605077696776	1.0
Reactome	combined	TP53 Regulates Transcription Of Additional Cell Death Genes With Uncertain Roles In P53-Dependent Apoptosis R-HSA-6803205	14	1180	33010	2	BCL2L14,MPZ	0.0874605077696776	1.0
Reactome	combined	Death Receptor Signaling R-HSA-73887	128	1180	33010	8	ABR,AKAP13,CASP8,MCF2L,RTN4,TIAM1,TNFRSF10A,VAV3	0.08874186719630289	1.0
Reactome	combined	Cell Death Signaling Via NRAGE, NRIF And NADE R-HSA-204998	67	1180	33010	5	ABR,AKAP13,MCF2L,TIAM1,VAV3	0.09136253614443576	1.0
Reactome	combined	P75 NTR Receptor-Mediated Signaling R-HSA-193704	87	1180	33010	6	ABR,AKAP13,MCF2L,RTN4,TIAM1,VAV3	0.09139730807206377	1.0
Reactome	combined	G Alpha (Q) Signaling Events R-HSA-416476	197	1180	33010	11	ARHGEF25,GHSR,GRK5,GRM1,LPAR5,LPAR6,NMBR,NMS,PRKCH,TAC1,TRH	0.09700013324970193	1.0
Reactome	combined	Cooperation Of Prefoldin And TriC/CCT In Actin And Tubulin Folding R-HSA-389958	31	1180	33010	3	CCT5,CCT6A,TUBB2B	0.09779528061814356	1.0
Reactome	combined	Gap Junction Assembly R-HSA-190861	15	1180	33010	2	GJA3,GJB2	0.09860433907202021	1.0
Reactome	combined	EPH-Ephrin Signaling R-HSA-2682334	89	1180	33010	6	EPHA10,EPHA3,EPHB1,MMP9,TIAM1,VAV3	0.0992696547815583	1.0
Reactome	combined	Activation Of NMDA Receptors And Postsynaptic Events R-HSA-442755	69	1180	33010	5	ADCY8,GRIA1,GRIN2A,PRKAG2,PRKAR1B	0.10049744535411281	1.0
Reactome	combined	Sensory Processing Of Sound R-HSA-9659379	70	1180	33010	5	CACNA2D2,CAPZB,EZR,KCNQ4,MYO3A	0.10522984321762563	1.0
Reactome	combined	Ribosomal Scanning And Start Codon Recognition R-HSA-72702	51	1180	33010	4	EIF3I,RPS15A,RPS2,RPS3A	0.10875583409184789	1.0
Reactome	combined	Translation Initiation Complex Formation R-HSA-72649	51	1180	33010	4	EIF3I,RPS15A,RPS2,RPS3A	0.10875583409184789	1.0
Reactome	combined	Signaling By Nuclear Receptors R-HSA-9006931	248	1180	33010	13	ALDH1A3,CXXC5,CYP26A1,FOXA1,GATA3,MMP9,NCOR2,PMEPA1,PPARD,RARG,RUNX1,TBL1XR1,ZNF217	0.10984141335616483	1.0
Reactome	combined	Caspase Activation Via Death Receptors In Presence Of Ligand R-HSA-140534	16	1180	33010	2	CASP8,TNFRSF10A	0.11011787837061421	1.0
Reactome	combined	PKA Activation In Glucagon Signaling R-HSA-164378	16	1180	33010	2	ADCY8,PRKAR1B	0.11011787837061421	1.0
Reactome	combined	Phosphorylation Of CD3 And TCR Zeta Chains R-HSA-202427	16	1180	33010	2	HLA-DPA1,PTPN22	0.11011787837061421	1.0
Reactome	combined	STING Mediated Induction Of Host Immune Responses R-HSA-1834941	16	1180	33010	2	CGAS,NLRP4	0.11011787837061421	1.0
Reactome	combined	Glucagon-type Ligand Receptors R-HSA-420092	33	1180	33010	3	CPAMD8,SCT,VIPR2	0.11278460385732234	1.0
Reactome	combined	mRNA Activation Upon Binding Of Cap-Binding Complex And eIFs, Subsequent Binding To 43S R-HSA-72662	52	1180	33010	4	EIF3I,RPS15A,RPS2,RPS3A	0.11467894949730921	1.0
Reactome	combined	G Alpha (12/13) Signaling Events R-HSA-416482	72	1180	33010	5	ABR,AKAP13,MCF2L,TIAM1,VAV3	0.11501618215180803	1.0
Reactome	combined	DNA Damage Recognition In GG-NER R-HSA-5696394	34	1180	33010	3	COPS5,PARP1,RAD23A	0.12058649144397411	1.0
Reactome	combined	Acetylcholine Neurotransmitter Release Cycle R-HSA-264642	17	1180	33010	2	PPFIA3,SYT1	0.12196050887148317	1.0
Reactome	combined	Formation Of Senescence-Associated Heterochromatin Foci (SAHF) R-HSA-2559584	17	1180	33010	2	ASF1A,RB1	0.12196050887148317	1.0
Reactome	combined	Gastrulation R-HSA-9758941	17	1180	33010	2	EOMES,TBXT	0.12196050887148317	1.0
Reactome	combined	Norepinephrine Neurotransmitter Release Cycle R-HSA-181430	17	1180	33010	2	PPFIA3,SYT1	0.12196050887148317	1.0
Reactome	combined	PKA Activation R-HSA-163615	17	1180	33010	2	ADCY8,PRKAR1B	0.12196050887148317	1.0
Reactome	combined	Serotonin Neurotransmitter Release Cycle R-HSA-181429	17	1180	33010	2	PPFIA3,SYT1	0.12196050887148317	1.0
Reactome	combined	Association Of TriC/CCT With Target Proteins During Biosynthesis R-HSA-390471	35	1180	33010	3	CCT5,CCT6A,KIF13A	0.12858012279187664	1.0
Reactome	combined	RAB Geranylgeranylation R-HSA-8873719	55	1180	33010	4	MPZ,RAB27A,RAB30,RAB37	0.13326255920763896	1.0
Reactome	combined	PKA-mediated Phosphorylation Of CREB R-HSA-111931	18	1180	33010	2	ADCY8,PRKAR1B	0.13409404083195098	1.0
Reactome	combined	Pre-NOTCH Processing In Golgi R-HSA-1912420	18	1180	33010	2	NOTCH3,SEL1L	0.13409404083195098	1.0
Reactome	combined	MECP2 Regulates Transcription Factors R-HSA-9022707	4	1180	33010	1	RBFOX1	0.1355069014682586	1.0
Reactome	combined	Reelin Signaling Pathway R-HSA-8866376	4	1180	33010	1	DNAAF3	0.1355069014682586	1.0
Reactome	combined	Assembly Of Collagen Fibrils And Other Multimeric Structures R-HSA-2022090	56	1180	33010	4	COL11A1,DST,MMP9,TLL2	0.13971501180755624	1.0
Reactome	combined	Cardiac Conduction R-HSA-5576891	121	1180	33010	7	ABCC9,CACNA2D2,CACNG7,CACNG8,GATA4,KCNK5,SCN1A	0.14316656659631463	1.0
Reactome	combined	Cooperation Of PDCL (PhLP1) And TRiC/CCT In G-protein Beta Folding R-HSA-6814122	37	1180	33010	3	CCT5,CCT6A,RGS6	0.14510300382742333	1.0
Reactome	combined	HSP90 Chaperone Cycle For Steroid Hormone Receptors (SHR) In Presence Of Ligand R-HSA-3371497	37	1180	33010	3	CAPZB,DCTN2,DNAJB1	0.14510300382742333	1.0
Reactome	combined	RAC1 GTPase Cycle R-HSA-9013149	167	1180	33010	9	ABR,ARHGEF25,FAM13A,MCF2L,MPZ,TAOK3,TIAM1,TMPO,VAV3	0.1453085093151078	1.0
Reactome	combined	SUMOylation Of Transcription Factors R-HSA-3232118	19	1180	33010	2	CDKN2A,TFAP2B	0.14648259018478144	1.0
Reactome	combined	Interleukin-4 And Interleukin-13 Signaling R-HSA-6785807	100	1180	33010	6	ALOX5,BATF,GATA3,IL18,MMP9,TWIST1	0.1485341681502748	1.0
Reactome	combined	RAC2 GTPase Cycle R-HSA-9013404	80	1180	33010	5	ABR,TAOK3,TIAM1,TMPO,VAV3	0.15815847073794687	1.0
Reactome	combined	Aberrant Regulation Of Mitotic Exit In Cancer Due To RB1 Defects R-HSA-9687136	20	1180	33010	2	ANAPC1,RB1	0.15909246272690608	1.0
Reactome	combined	Synaptic Adhesion-Like Molecules R-HSA-8849932	20	1180	33010	2	GRIA1,GRIN2A	0.15909246272690608	1.0
Reactome	combined	Synthesis, Secretion, And Inactivation Of Glucagon-like Peptide-1 (GLP-1) R-HSA-381771	20	1180	33010	2	CDX2,PAX6	0.15909246272690608	1.0
Reactome	combined	Unblocking Of NMDA Receptors, Glutamate Binding And Activation R-HSA-438066	20	1180	33010	2	GRIA1,GRIN2A	0.15909246272690608	1.0
Reactome	combined	ZBP1(DAI) Mediated Induction Of Type I IFNs R-HSA-1606322	20	1180	33010	2	DHX9,NLRP4	0.15909246272690608	1.0
Reactome	combined	Deactivation Of Beta-Catenin Transactivating Complex R-HSA-3769402	39	1180	33010	3	BCL9,SOX17,SOX6	0.16227391639681446	1.0
Reactome	combined	Activated NTRK2 Signals Thru CDK5 R-HSA-9032845	5	1180	33010	1	TIAM1	0.16641345955671086	1.0
Reactome	combined	Binding And Entry Of HIV Virion R-HSA-173107	5	1180	33010	1	SGIP1	0.16641345955671086	1.0
Reactome	combined	Biosynthesis Of E-series 18(S)-resolvins R-HSA-9018896	5	1180	33010	1	ALOX5	0.16641345955671086	1.0
Reactome	combined	Conjugation Of Benzoate With Glycine R-HSA-177135	5	1180	33010	1	GLYATL1	0.16641345955671086	1.0
Reactome	combined	Defective LFNG Causes SCDO3 R-HSA-5083630	5	1180	33010	1	NOTCH3	0.16641345955671086	1.0
Reactome	combined	Defective RIPK1-mediated Regulated Necrosis R-HSA-9693928	5	1180	33010	1	CASP8	0.16641345955671086	1.0
Reactome	combined	FasL/ CD95L Signaling R-HSA-75157	5	1180	33010	1	CASP8	0.16641345955671086	1.0
Reactome	combined	IRF3 Mediated Activation Of Type 1 IFN R-HSA-1606341	5	1180	33010	1	NLRP4	0.16641345955671086	1.0
Reactome	combined	NGF-independant TRKA Activation R-HSA-187024	5	1180	33010	1	NTRK1	0.16641345955671086	1.0
Reactome	combined	RUNX1 Regulates Expression Of Components Of Tight Junctions R-HSA-8935964	5	1180	33010	1	RUNX1	0.16641345955671086	1.0
Reactome	combined	RUNX1 Regulates Transcription Of Genes Involved In WNT Signaling R-HSA-8939256	5	1180	33010	1	RUNX1	0.16641345955671086	1.0
Reactome	combined	RUNX1 Regulates Transcription Of Genes Involved In Interleukin Signaling R-HSA-8939247	5	1180	33010	1	RUNX1	0.16641345955671086	1.0
Reactome	combined	Regulation Of Gene Expression In Endocrine-Committed (NEUROG3+) Progenitor Cells R-HSA-210746	5	1180	33010	1	NEUROD1	0.16641345955671086	1.0
Reactome	combined	SARS-CoV-1 Genome Replication And Transcription R-HSA-9679514	5	1180	33010	1	RB1	0.16641345955671086	1.0
Reactome	combined	SARS-CoV-2 Genome Replication And Transcription R-HSA-9694682	5	1180	33010	1	RB1	0.16641345955671086	1.0
Reactome	combined	Signaling By Membrane-Tethered Fusions Of PDGFRA Or PDGFRB R-HSA-9673768	5	1180	33010	1	BIN2	0.16641345955671086	1.0
Reactome	combined	Signaling To P38 Via RIT And RIN R-HSA-187706	5	1180	33010	1	NTRK1	0.16641345955671086	1.0
Reactome	combined	Sodium-coupled Sulphate, Di- And Tri-Carboxylate Transporters R-HSA-433137	5	1180	33010	1	SLC13A5	0.16641345955671086	1.0
Reactome	combined	Tachykinin Receptors Bind Tachykinins R-HSA-380095	5	1180	33010	1	TAC1	0.16641345955671086	1.0
Reactome	combined	Deregulated CDK5 Triggers Neurodegenerative Pathways In Alzheimers Disease Models R-HSA-8862803	21	1180	33010	2	CAPN2,PRDX1	0.1718920436305315	1.0
Reactome	combined	Dopamine Neurotransmitter Release Cycle R-HSA-212676	21	1180	33010	2	PPFIA3,SYT1	0.1718920436305315	1.0
Reactome	combined	RNA Polymerase III Transcription Termination R-HSA-73980	21	1180	33010	2	NFIA,POLR1D	0.1718920436305315	1.0
Reactome	combined	Mitotic Prophase R-HSA-68875	105	1180	33010	6	GORASP2,NEK7,NUP43,RB1,SMC4,TMPO	0.17397045390262106	1.0
Reactome	combined	Peptide Hormone Metabolism R-HSA-2980736	83	1180	33010	5	CDX2,GATA4,KIF5A,PAX6,RAB27A	0.17582413375439157	1.0
Reactome	combined	RAC3 GTPase Cycle R-HSA-9013423	84	1180	33010	5	ABR,SLITRK3,TAOK3,TIAM1,TMPO	0.18187309460251527	1.0
Reactome	combined	Transport Of Bile Salts And Organic Acids, Metal Ions And Amine Compounds R-HSA-425366	84	1180	33010	5	RUNX1,SLC13A5,SLC6A18,SLC6A3,SLC6A5	0.18187309460251527	1.0
Reactome	combined	RA Biosynthesis Pathway R-HSA-5365859	22	1180	33010	2	ALDH1A3,CYP26A1	0.18485169204459337	1.0
Reactome	combined	Chaperonin-mediated Protein Folding R-HSA-390466	85	1180	33010	5	CCT5,CCT6A,KIF13A,RGS6,TUBB2B	0.18799784658220328	1.0
Reactome	combined	Selenocysteine Synthesis R-HSA-2408557	85	1180	33010	5	RPL23,RPS15A,RPS2,RPS3A,SEPHS2	0.18799784658220328	1.0
Reactome	combined	Glucagon-like Peptide-1 (GLP1) Regulates Insulin Secretion R-HSA-381676	42	1180	33010	3	ADCY8,KCNC2,PRKAR1B	0.1890732218601222	1.0
Reactome	combined	SARS-CoV-2 Modulates Host Translation Machinery R-HSA-9754678	42	1180	33010	3	RPS15A,RPS2,RPS3A	0.1890732218601222	1.0
Reactome	combined	Voltage Gated Potassium Channels R-HSA-1296072	42	1180	33010	3	KCNA1,KCNC2,KCNQ4	0.1890732218601222	1.0
Reactome	combined	Diseases Of Programmed Cell Death R-HSA-9645723	64	1180	33010	4	CAPN2,CASP8,CDKN2A,PRDX1	0.19535107580563787	1.0
Reactome	combined	APOBEC3G Mediated Resistance To HIV-1 R-HSA-180689	6	1180	33010	1	SGIP1	0.19621597789402578	1.0
Reactome	combined	Activation Of TRKA Receptors R-HSA-187015	6	1180	33010	1	NTRK1	0.19621597789402578	1.0
Reactome	combined	Biosynthesis Of EPA-derived SPMs R-HSA-9018679	6	1180	33010	1	ALOX5	0.19621597789402578	1.0
Reactome	combined	CLEC7A/inflammasome Pathway R-HSA-5660668	6	1180	33010	1	CASP8	0.19621597789402578	1.0
Reactome	combined	Conjugation Of Salicylate With Glycine R-HSA-177128	6	1180	33010	1	GLYATL1	0.19621597789402578	1.0
Reactome	combined	FLT3 Signaling Thru SRC Family Kinases R-HSA-9706374	6	1180	33010	1	HCK	0.19621597789402578	1.0
Reactome	combined	Insulin-like Growth Factor-2 mRNA Binding Proteins (IGF2BPs/IMPs/VICKZs) Bind RNA R-HSA-428359	6	1180	33010	1	CD44	0.19621597789402578	1.0
Reactome	combined	Lipid Particle Organization R-HSA-8964572	6	1180	33010	1	CIDEA	0.19621597789402578	1.0
Reactome	combined	MECP2 Regulates Transcription Of Neuronal Ligands R-HSA-9022702	6	1180	33010	1	SST	0.19621597789402578	1.0
Reactome	combined	Microbial Modulation Of RIPK1-mediated Regulated Necrosis R-HSA-9686347	6	1180	33010	1	CASP8	0.19621597789402578	1.0
Reactome	combined	Pre-NOTCH Processing In Endoplasmic Reticulum R-HSA-1912399	6	1180	33010	1	NOTCH3	0.19621597789402578	1.0
Reactome	combined	RAS Signaling Downstream Of NF1 Loss-Of-Function Variants R-HSA-6802953	6	1180	33010	1	SPRED2	0.19621597789402578	1.0
Reactome	combined	RUNX1 Regulates Estrogen Receptor Mediated Transcription R-HSA-8931987	6	1180	33010	1	RUNX1	0.19621597789402578	1.0
Reactome	combined	Synthesis Of Lipoxins (LX) R-HSA-2142700	6	1180	33010	1	ALOX5	0.19621597789402578	1.0
Reactome	combined	TLR3-mediated TICAM1-dependent Programmed Cell Death R-HSA-9013957	6	1180	33010	1	CASP8	0.19621597789402578	1.0
Reactome	combined	Vitamins R-HSA-211916	6	1180	33010	1	CYP26A1	0.19621597789402578	1.0
Reactome	combined	Aggrephagy R-HSA-9646399	23	1180	33010	2	CFTR,HSF1	0.19794364056429875	1.0
Reactome	combined	Long-term Potentiation R-HSA-9620244	23	1180	33010	2	GRIA1,GRIN2A	0.19794364056429875	1.0
Reactome	combined	NOTCH1 Intracellular Domain Regulates Transcription R-HSA-2122947	43	1180	33010	3	MAML3,NCOR2,TBL1XR1	0.1982457860542366	1.0
Reactome	combined	RNA Polymerase I Transcription Initiation R-HSA-73762	43	1180	33010	3	GATAD2B,POLR1D,TAF1D	0.1982457860542366	1.0
Reactome	combined	Glycolysis R-HSA-70171	65	1180	33010	4	ENO1,HOOK2,NUP43,PKLR	0.2027395194739145	1.0
Reactome	combined	Estrogen-dependent Gene Expression R-HSA-9018519	111	1180	33010	6	CXXC5,FOXA1,GATA3,PMEPA1,RUNX1,ZNF217	0.206634318927011	1.0
Reactome	combined	Sphingolipid De Novo Biosynthesis R-HSA-1660661	44	1180	33010	3	DEGS1,PPM1L,SPHK2	0.2075223353873304	1.0
Reactome	combined	TP53 Regulates Transcription Of Cell Death Genes R-HSA-5633008	44	1180	33010	3	BCL2L14,MPZ,TNFRSF10A	0.2075223353873304	1.0
Reactome	combined	RHOB GTPase Cycle R-HSA-9013026	66	1180	33010	4	ABR,AKAP13,ARHGEF25,MCF2L	0.21020897019497753	1.0
Reactome	combined	DARPP-32 Events R-HSA-180024	24	1180	33010	2	PDE4C,PRKAR1B	0.2111418993558558	1.0
Reactome	combined	Gap Junction Trafficking R-HSA-190828	24	1180	33010	2	GJA3,GJB2	0.2111418993558558	1.0
Reactome	combined	Signaling By TGF-beta Receptor Complex R-HSA-170834	89	1180	33010	5	ITGA8,NCOR2,PARP1,PMEPA1,SKI	0.21320026302192044	1.0
Reactome	combined	RHO GTPase Cycle R-HSA-9012999	412	1180	33010	18	ABR,ACBD5,AKAP13,ARHGEF25,CAPZB,CCT6A,CFTR,DST,FAM13A,MCF2L,MPZ,NIPSNAP2,SLITRK3,STMN2,TAOK3,TIAM1,TMPO,VAV3	0.223902396623565	1.0
Reactome	combined	Cell Recruitment (Pro-Inflammatory Response) R-HSA-9664424	25	1180	33010	2	IL18,NT5E	0.22442216473247703	1.0
Reactome	combined	WNT Ligand Biogenesis And Trafficking R-HSA-3238698	25	1180	33010	2	WNT16,WNT5B	0.22442216473247703	1.0
Reactome	combined	ARMS-mediated Activation R-HSA-170984	7	1180	33010	1	NTRK1	0.2249538625772476	1.0
Reactome	combined	Activation Of NIMA Kinases NEK9, NEK6, NEK7 R-HSA-2980767	7	1180	33010	1	NEK7	0.2249538625772476	1.0
Reactome	combined	Amino Acid Conjugation R-HSA-156587	7	1180	33010	1	GLYATL1	0.2249538625772476	1.0
Reactome	combined	Anchoring Fibril Formation R-HSA-2214320	7	1180	33010	1	TLL2	0.2249538625772476	1.0
Reactome	combined	Axonal Growth Inhibition (RHOA Activation) R-HSA-193634	7	1180	33010	1	RTN4	0.2249538625772476	1.0
Reactome	combined	Biosynthesis Of Maresins R-HSA-9018682	7	1180	33010	1	ALOX5	0.2249538625772476	1.0
Reactome	combined	Cation-coupled Chloride Cotransporters R-HSA-426117	7	1180	33010	1	SLC12A5	0.2249538625772476	1.0
Reactome	combined	ChREBP Activates Metabolic Gene Expression R-HSA-163765	7	1180	33010	1	PKLR	0.2249538625772476	1.0
Reactome	combined	DEx/H-box Helicases Activate Type I IFN And Inflammatory Cytokines Production R-HSA-3134963	7	1180	33010	1	DHX9	0.2249538625772476	1.0
Reactome	combined	RUNX1 Regulates Transcription Of Genes Involved In Differentiation Of Myeloid Cells R-HSA-8939246	7	1180	33010	1	RUNX1	0.2249538625772476	1.0
Reactome	combined	RUNX3 Regulates CDKN1A Transcription R-HSA-8941855	7	1180	33010	1	ZFHX3	0.2249538625772476	1.0
Reactome	combined	Formation Of A Pool Of Free 40S Subunits R-HSA-72689	91	1180	33010	5	EIF3I,RPL23,RPS15A,RPS2,RPS3A	0.2261846597766357	1.0
Reactome	combined	Protein Folding R-HSA-391251	91	1180	33010	5	CCT5,CCT6A,KIF13A,RGS6,TUBB2B	0.2261846597766357	1.0
Reactome	combined	SLC-mediated Transmembrane Transport R-HSA-425407	237	1180	33010	11	RUNX1,SLC12A5,SLC13A5,SLC1A6,SLC2A14,SLC38A4,SLC4A10,SLC6A18,SLC6A3,SLC6A5,SLCO3A1	0.22983536189123513	1.0
Reactome	combined	Class B/2 (Secretin Family Receptors) R-HSA-373080	92	1180	33010	5	CALCB,CPAMD8,SCT,VIPR2,WNT16	0.23276281636057186	1.0
Reactome	combined	Signaling By NOTCH1 R-HSA-1980143	69	1180	33010	4	DLK1,MAML3,NCOR2,TBL1XR1	0.23305689945443375	1.0
Reactome	combined	Neurotransmitter Release Cycle R-HSA-112310	47	1180	33010	3	PPFIA3,SLC1A6,SYT1	0.2358845503932339	1.0
Reactome	combined	Signaling By NOTCH3 R-HSA-9012852	47	1180	33010	3	MAML3,NOTCH3,PBX1	0.2358845503932339	1.0
Reactome	combined	Gap Junction Trafficking And Regulation R-HSA-157858	26	1180	33010	2	GJA3,GJB2	0.23776173198634867	1.0
Reactome	combined	Insulin Processing R-HSA-264876	26	1180	33010	2	KIF5A,RAB27A	0.23776173198634867	1.0
Reactome	combined	Nervous System Development R-HSA-9675108	520	1180	33010	22	CLASP2,CRMP1,DNAAF3,EPHA10,EPHA3,EPHB1,EZR,HOXA2,ITGA9,LHX9,MMP9,MPZ,RPL23,RPS15A,RPS2,RPS3A,SCN1A,SEMA4A,SHANK3,TIAM1,UNC5D,VAV3	0.23822168851602463	1.0
Reactome	combined	Axon Guidance R-HSA-422475	496	1180	33010	21	CLASP2,CRMP1,DNAAF3,EPHA10,EPHA3,EPHB1,EZR,HOXA2,ITGA9,LHX9,MMP9,RPL23,RPS15A,RPS2,RPS3A,SCN1A,SEMA4A,SHANK3,TIAM1,UNC5D,VAV3	0.24350691506709007	1.0
Reactome	combined	FCERI Mediated Ca+2 Mobilization R-HSA-2871809	27	1180	33010	2	NFATC1,VAV3	0.2511394122895171	1.0
Reactome	combined	Negative Regulation Of FGFR3 Signaling R-HSA-5654732	27	1180	33010	2	FGF5,SPRY2	0.2511394122895171	1.0
Reactome	combined	Regulation Of Necroptotic Cell Death R-HSA-5675482	27	1180	33010	2	CASP8,TNFRSF10A	0.2511394122895171	1.0
Reactome	combined	2-LTR Circle Formation R-HSA-164843	8	1180	33010	1	SGIP1	0.2526651143470518	1.0
Reactome	combined	AMPK Inhibits chREBP Transcriptional Activity R-HSA-163680	8	1180	33010	1	PRKAG2	0.2526651143470518	1.0
Reactome	combined	Cohesin Loading Onto Chromatin R-HSA-2470946	8	1180	33010	1	PMEPA1	0.2526651143470518	1.0
Reactome	combined	Nef And Signal Transduction R-HSA-164944	8	1180	33010	1	HCK	0.2526651143470518	1.0
Reactome	combined	Netrin Mediated Repulsion Signals R-HSA-418886	8	1180	33010	1	UNC5D	0.2526651143470518	1.0
Reactome	combined	Noncanonical Activation Of NOTCH3 R-HSA-9017802	8	1180	33010	1	NOTCH3	0.2526651143470518	1.0
Reactome	combined	POLB-Dependent Long Patch Base Excision Repair R-HSA-110362	8	1180	33010	1	PARP1	0.2526651143470518	1.0
Reactome	combined	RUNX1 Regulates Transcription Of Genes Involved In Differentiation Of Keratinocytes R-HSA-8939242	8	1180	33010	1	RUNX1	0.2526651143470518	1.0
Reactome	combined	Role Of ABL In ROBO-SLIT Signaling R-HSA-428890	8	1180	33010	1	CLASP2	0.2526651143470518	1.0
Reactome	combined	Ubiquinol Biosynthesis R-HSA-2142789	8	1180	33010	1	COQ3	0.2526651143470518	1.0
Reactome	combined	p75NTR Regulates Axonogenesis R-HSA-193697	8	1180	33010	1	RTN4	0.2526651143470518	1.0
Reactome	combined	Ion Transport By P-type ATPases R-HSA-936837	49	1180	33010	3	ATP10D,ATP11A,ATP9A	0.2551483538362956	1.0
Reactome	combined	Transcriptional Activity Of SMAD2/SMAD3:SMAD4 Heterotrimer R-HSA-2173793	49	1180	33010	3	NCOR2,PARP1,SKI	0.2551483538362956	1.0
Reactome	combined	Pre-NOTCH Expression And Processing R-HSA-1912422	72	1180	33010	4	MAML3,NOTCH3,RUNX1,SEL1L	0.2564674090270452	1.0
Reactome	combined	Cellular Response To Heat Stress R-HSA-3371556	96	1180	33010	5	DNAJB1,DNAJB6,HSF1,HSPB8,NUP43	0.25958235028690996	1.0
Reactome	combined	FCERI Mediated MAPK Activation R-HSA-2871796	28	1180	33010	2	MAPK10,VAV3	0.2645354534845629	1.0
Reactome	combined	Peroxisomal Lipid Metabolism R-HSA-390918	28	1180	33010	2	ACBD5,ACOX3	0.2645354534845629	1.0
Reactome	combined	Tight Junction Interactions R-HSA-420029	28	1180	33010	2	CLDN10,CLDN4	0.2645354534845629	1.0
Reactome	combined	Sensory Processing Of Sound By Outer Hair Cells Of Cochlea R-HSA-9662361	50	1180	33010	3	EZR,KCNQ4,MYO3A	0.2648615550363003	1.0
Reactome	combined	Neurotransmitter Receptors And Postsynaptic Signal Transmission R-HSA-112314	171	1180	33010	8	ADCY8,CACNG8,GABRA1,GABRG2,GRIA1,GRIN2A,PRKAG2,PRKAR1B	0.2690350975453308	1.0
Reactome	combined	MHC Class II Antigen Presentation R-HSA-2132295	98	1180	33010	5	CAPZB,DCTN2,HLA-DPA1,KIF5A,KLC1	0.27325659210050546	1.0
Reactome	combined	Pyruvate Metabolism And Citric Acid (TCA) Cycle R-HSA-71406	51	1180	33010	3	ADHFE1,PCDHGA5,PPARD	0.2746181625953285	1.0
Reactome	combined	Downstream Signaling Of Activated FGFR1 R-HSA-5654687	29	1180	33010	2	FGF5,FLRT2	0.27793146459352114	1.0
Reactome	combined	FGFR1 Mutant Receptor Activation R-HSA-1839124	29	1180	33010	2	CUX1,FGF5	0.27793146459352114	1.0
Reactome	combined	Glutamate Binding, Activation Of AMPA Receptors And Synaptic Plasticity R-HSA-399721	29	1180	33010	2	CACNG8,GRIA1	0.27793146459352114	1.0
Reactome	combined	Glutathione Conjugation R-HSA-156590	29	1180	33010	2	CNDP2,GSTM2	0.27793146459352114	1.0
Reactome	combined	Inactivation, Recovery And Regulation Of Phototransduction Cascade R-HSA-2514859	29	1180	33010	2	GRK7,PDE6B	0.27793146459352114	1.0
Reactome	combined	RIPK1-mediated Regulated Necrosis R-HSA-5213460	29	1180	33010	2	CASP8,TNFRSF10A	0.27793146459352114	1.0
Reactome	combined	RNA Polymerase I Transcription Termination R-HSA-73863	29	1180	33010	2	POLR1D,TAF1D	0.27793146459352114	1.0
Reactome	combined	Uptake And Actions Of Bacterial Toxins R-HSA-5339562	29	1180	33010	2	ANTXR2,SYT1	0.27793146459352114	1.0
Reactome	combined	Adenylate Cyclase Activating Pathway R-HSA-170660	9	1180	33010	1	ADCY8	0.27938637866650134	1.0
Reactome	combined	Beta-oxidation Of pristanoyl-CoA R-HSA-389887	9	1180	33010	1	ACOX3	0.27938637866650134	1.0
Reactome	combined	Calcineurin Activates NFAT R-HSA-2025928	9	1180	33010	1	NFATC1	0.27938637866650134	1.0
Reactome	combined	Caspase Activation Via Dependence Receptors In Absence Of Ligand R-HSA-418889	9	1180	33010	1	DAPK1	0.27938637866650134	1.0
Reactome	combined	Establishment Of Sister Chromatid Cohesion R-HSA-2468052	9	1180	33010	1	PMEPA1	0.27938637866650134	1.0
Reactome	combined	Interleukin-1 Processing R-HSA-448706	9	1180	33010	1	IL18	0.27938637866650134	1.0
Reactome	combined	Lipophagy R-HSA-9613354	9	1180	33010	1	PRKAG2	0.27938637866650134	1.0
Reactome	combined	MAPK1 (ERK2) Activation R-HSA-112411	9	1180	33010	1	IL6ST	0.27938637866650134	1.0
Reactome	combined	NR1H2 And NR1H3 Regulate Gene Expression To Control Bile Acid Homeostasis R-HSA-9623433	9	1180	33010	1	NCOR2	0.27938637866650134	1.0
Reactome	combined	Neurotransmitter Clearance R-HSA-112311	9	1180	33010	1	SLC6A3	0.27938637866650134	1.0
Reactome	combined	P2Y Receptors R-HSA-417957	9	1180	33010	1	LPAR6	0.27938637866650134	1.0
Reactome	combined	PI3K/AKT Activation R-HSA-198203	9	1180	33010	1	NTRK1	0.27938637866650134	1.0
Reactome	combined	RUNX1 And FOXP3 Control Development Of Regulatory T Lymphocytes (Tregs) R-HSA-8877330	9	1180	33010	1	RUNX1	0.27938637866650134	1.0
Reactome	combined	Serine Biosynthesis R-HSA-977347	9	1180	33010	1	PSPH	0.27938637866650134	1.0
Reactome	combined	Sperm Motility And Taxes R-HSA-1300642	9	1180	33010	1	CATSPERG	0.27938637866650134	1.0
Reactome	combined	Synthesis Of 5-Eicosatetraenoic Acids R-HSA-2142688	9	1180	33010	1	ALOX5	0.27938637866650134	1.0
Reactome	combined	TRIF-mediated Programmed Cell Death R-HSA-2562578	9	1180	33010	1	CASP8	0.27938637866650134	1.0
Reactome	combined	Type I Hemidesmosome Assembly R-HSA-446107	9	1180	33010	1	DST	0.27938637866650134	1.0
Reactome	combined	HDACs Deacetylate Histones R-HSA-3214815	52	1180	33010	3	GATAD2B,NCOR2,TBL1XR1	0.28441035931561537	1.0
Reactome	combined	Nuclear Envelope Breakdown R-HSA-2980766	52	1180	33010	3	NEK7,NUP43,TMPO	0.28441035931561537	1.0
Reactome	combined	L13a-mediated Translational Silencing Of Ceruloplasmin Expression R-HSA-156827	100	1180	33010	5	EIF3I,RPL23,RPS15A,RPS2,RPS3A	0.28707711124771335	1.0
Reactome	combined	Transport Of Inorganic Cations/Anions And Amino Acids/Oligopeptides R-HSA-425393	100	1180	33010	5	SLC12A5,SLC1A6,SLC38A4,SLC4A10,SLC6A18	0.28707711124771335	1.0
Reactome	combined	Amino Acid Transport Across Plasma Membrane R-HSA-352230	30	1180	33010	2	SLC38A4,SLC6A18	0.29131034388078153	1.0
Reactome	combined	Phototransduction Cascade R-HSA-2514856	30	1180	33010	2	GRK7,PDE6B	0.29131034388078153	1.0
Reactome	combined	GTP Hydrolysis And Joining Of 60S Ribosomal Subunit R-HSA-72706	101	1180	33010	5	EIF3I,RPL23,RPS15A,RPS2,RPS3A	0.29403526147307096	1.0
Reactome	combined	Constitutive Signaling By NOTCH1 HD+PEST Domain Mutants R-HSA-2894862	53	1180	33010	3	MAML3,NCOR2,TBL1XR1	0.2942305558119481	1.0
Reactome	combined	SRP-dependent Cotranslational Protein Targeting To Membrane R-HSA-1799339	102	1180	33010	5	RPL23,RPS15A,RPS2,RPS3A,SSR3	0.30102166348336357	1.0
Reactome	combined	ECM Proteoglycans R-HSA-3000178	54	1180	33010	3	ITGA8,ITGA9,TNR	0.3040713940322993	1.0
Reactome	combined	FCGR3A-mediated Phagocytosis R-HSA-9664422	54	1180	33010	3	FGR,HCK,VAV3	0.3040713940322993	1.0
Reactome	combined	Transcriptional Regulation Of Granulopoiesis R-HSA-9616222	54	1180	33010	3	GFI1,RUNX1,TAL1	0.3040713940322993	1.0
Reactome	combined	Negative Regulation Of FGFR1 Signaling R-HSA-5654726	31	1180	33010	2	FGF5,SPRY2	0.30465621031268786	1.0
Reactome	combined	Nicotinate Metabolism R-HSA-196807	31	1180	33010	2	NT5E,PARP4	0.30465621031268786	1.0
Reactome	combined	Activation Of AMPK Downstream Of NMDARs R-HSA-9619483	10	1180	33010	1	PRKAG2	0.3051529940167493	1.0
Reactome	combined	Activation Of PPARGC1A (PGC-1alpha) By Phosphorylation R-HSA-2151209	10	1180	33010	1	PRKAG2	0.3051529940167493	1.0
Reactome	combined	Activation Of AP-1 Family Of Transcription Factors R-HSA-450341	10	1180	33010	1	MAPK10	0.3051529940167493	1.0
Reactome	combined	Bicarbonate Transporters R-HSA-425381	10	1180	33010	1	SLC4A10	0.3051529940167493	1.0
Reactome	combined	Calcitonin-like Ligand Receptors R-HSA-419812	10	1180	33010	1	CALCB	0.3051529940167493	1.0
Reactome	combined	Condensation Of Prometaphase Chromosomes R-HSA-2514853	10	1180	33010	1	SMC4	0.3051529940167493	1.0
Reactome	combined	Crosslinking Of Collagen Fibrils R-HSA-2243919	10	1180	33010	1	TLL2	0.3051529940167493	1.0
Reactome	combined	FGFR1c Ligand Binding And Activation R-HSA-190373	10	1180	33010	1	FGF5	0.3051529940167493	1.0
Reactome	combined	FGFR3 Mutant Receptor Activation R-HSA-2033514	10	1180	33010	1	FGF5	0.3051529940167493	1.0
Reactome	combined	Integration Of Provirus R-HSA-162592	10	1180	33010	1	SGIP1	0.3051529940167493	1.0
Reactome	combined	MAPK3 (ERK1) Activation R-HSA-110056	10	1180	33010	1	IL6ST	0.3051529940167493	1.0
Reactome	combined	NOTCH2 Intracellular Domain Regulates Transcription R-HSA-2197563	10	1180	33010	1	MAML3	0.3051529940167493	1.0
Reactome	combined	Neurotoxicity Of Clostridium Toxins R-HSA-168799	10	1180	33010	1	SYT1	0.3051529940167493	1.0
Reactome	combined	Organic Cation Transport R-HSA-549127	10	1180	33010	1	RUNX1	0.3051529940167493	1.0
Reactome	combined	POU5F1 (OCT4), SOX2, NANOG Activate Genes Related To Proliferation R-HSA-2892247	10	1180	33010	1	SALL1	0.3051529940167493	1.0
Reactome	combined	Signaling By Activated Point Mutants Of FGFR1 R-HSA-1839122	10	1180	33010	1	FGF5	0.3051529940167493	1.0
Reactome	combined	Thyroxine Biosynthesis R-HSA-209968	10	1180	33010	1	DIDO1	0.3051529940167493	1.0
Reactome	combined	Transport Of Organic Anions R-HSA-879518	10	1180	33010	1	SLCO3A1	0.3051529940167493	1.0
Reactome	combined	Mitotic Prometaphase R-HSA-68877	178	1180	33010	8	CENPN,CLASP2,DCTN2,HAUS6,NEK7,NUP43,PMEPA1,SMC4	0.305337103802472	1.0
Reactome	combined	Regulation Of HSF1-mediated Heat Shock Response R-HSA-3371453	79	1180	33010	4	DNAJB1,DNAJB6,HSF1,NUP43	0.3126006824716195	1.0
Reactome	combined	Cytoprotection By HMOX1 R-HSA-9707564	55	1180	33010	3	NCOR2,STAP2,TBL1XR1	0.3139257498875678	1.0
Reactome	combined	Regulated Necrosis R-HSA-5218859	55	1180	33010	3	CASP8,IL18,TNFRSF10A	0.3139257498875678	1.0
Reactome	combined	O-linked Glycosylation R-HSA-5173105	104	1180	33010	5	ADAMTS20,ADAMTS7,B3GNT5,B3GNTL1,GALNTL6	0.31506833648385985	1.0
Reactome	combined	CaM Pathway R-HSA-111997	32	1180	33010	2	ADCY8,PRKAR1B	0.3179543382632344	1.0
Reactome	combined	Glucagon Signaling In Metabolic Regulation R-HSA-163359	32	1180	33010	2	ADCY8,PRKAR1B	0.3179543382632344	1.0
Reactome	combined	Negative Regulation Of FGFR2 Signaling R-HSA-5654727	32	1180	33010	2	FGF5,SPRY2	0.3179543382632344	1.0
Reactome	combined	Nonsense Mediated Decay (NMD) Enhanced By Exon Junction Complex (EJC) R-HSA-975957	105	1180	33010	5	RPL23,RPS15A,RPS2,RPS3A,SMG9	0.32212323061292175	1.0
Reactome	combined	GABA Receptor Activation R-HSA-977443	56	1180	33010	3	ADCY8,GABRA1,GABRG2	0.3237867350619079	1.0
Reactome	combined	Pre-NOTCH Transcription And Translation R-HSA-1912408	56	1180	33010	3	MAML3,NOTCH3,RUNX1	0.3237867350619079	1.0
Reactome	combined	Signaling By ERBB4 R-HSA-1236394	56	1180	33010	3	GABRA1,GABRG2,WWOX	0.3237867350619079	1.0
Reactome	combined	Influenza Viral RNA Transcription And Replication R-HSA-168273	131	1180	33010	6	NUP43,PARP1,RPL23,RPS15A,RPS2,RPS3A	0.32742112792384453	1.0
Reactome	combined	Peptide Chain Elongation R-HSA-156902	81	1180	33010	4	RPL23,RPS15A,RPS2,RPS3A	0.32887285648404585	1.0
Reactome	combined	Signaling By Rho GTPases R-HSA-194315	605	1180	33010	24	ABR,ACBD5,AKAP13,ARHGEF25,CAPZB,CCT6A,CENPN,CFTR,CLASP2,CTNNA1,DST,FAM13A,KIF5A,KLC1,MCF2L,MPZ,NIPSNAP2,NUP43,SLITRK3,STMN2,TAOK3,TIAM1,TMPO,VAV3	0.3295457211924636	1.0
Reactome	combined	Activation Of Phototransduction Cascade R-HSA-2485179	11	1180	33010	1	PDE6B	0.3299990384731201	1.0
Reactome	combined	CLEC7A (Dectin-1) Induces NFAT Activation R-HSA-5607763	11	1180	33010	1	NFATC1	0.3299990384731201	1.0
Reactome	combined	FGFR2c Ligand Binding And Activation R-HSA-190375	11	1180	33010	1	FGF5	0.3299990384731201	1.0
Reactome	combined	FGFR3 Ligand Binding And Activation R-HSA-190239	11	1180	33010	1	FGF5	0.3299990384731201	1.0
Reactome	combined	Inhibition Of Replication Initiation Of Damaged DNA By RB1/E2F1 R-HSA-113501	11	1180	33010	1	RB1	0.3299990384731201	1.0
Reactome	combined	Interleukin-27 Signaling R-HSA-9020956	11	1180	33010	1	IL6ST	0.3299990384731201	1.0
Reactome	combined	Interleukin-6 Signaling R-HSA-1059683	11	1180	33010	1	IL6ST	0.3299990384731201	1.0
Reactome	combined	Josephin Domain DUBs R-HSA-5689877	11	1180	33010	1	RAD23A	0.3299990384731201	1.0
Reactome	combined	Mitotic Telophase/Cytokinesis R-HSA-68884	11	1180	33010	1	PMEPA1	0.3299990384731201	1.0
Reactome	combined	NF-kB Activation Thru FADD/RIP-1 Pathway Mediated By Caspase-8 And -10 R-HSA-933543	11	1180	33010	1	CASP8	0.3299990384731201	1.0
Reactome	combined	Phospholipase C-mediated Cascade; FGFR3 R-HSA-5654227	11	1180	33010	1	FGF5	0.3299990384731201	1.0
Reactome	combined	RHO GTPases Activate IQGAPs R-HSA-5626467	11	1180	33010	1	CTNNA1	0.3299990384731201	1.0
Reactome	combined	Uptake And Function Of Anthrax Toxins R-HSA-5210891	11	1180	33010	1	ANTXR2	0.3299990384731201	1.0
Reactome	combined	Oncogene Induced Senescence R-HSA-2559585	33	1180	33010	2	CDKN2A,RB1	0.3311910953216803	1.0
Reactome	combined	O-linked Glycosylation Of Mucins R-HSA-913709	57	1180	33010	3	B3GNT5,B3GNTL1,GALNTL6	0.33364769807070405	1.0
Reactome	combined	Cap-dependent Translation Initiation R-HSA-72737	108	1180	33010	5	EIF3I,RPL23,RPS15A,RPS2,RPS3A	0.3433825112323052	1.0
Reactome	combined	Selenoamino Acid Metabolism R-HSA-2408522	108	1180	33010	5	RPL23,RPS15A,RPS2,RPS3A,SEPHS2	0.3433825112323052	1.0
Reactome	combined	COPI-independent Golgi-to-ER Retrograde Traffic R-HSA-6811436	34	1180	33010	2	CAPZB,DCTN2	0.3443538830640369	1.0
Reactome	combined	Ca-dependent Events R-HSA-111996	34	1180	33010	2	ADCY8,PRKAR1B	0.3443538830640369	1.0
Reactome	combined	Signaling By FGFR R-HSA-190236	83	1180	33010	4	FGF5,FLRT2,SPRED2,SPRY2	0.34518989382765963	1.0
Reactome	combined	Hemostasis R-HSA-109582	530	1180	33010	21	APBB1IP,CAPZB,CD44,CD58,CXADR,EHD2,FGR,GATA3,GATA4,HBE1,HBG2,KIF5A,KLC1,PDE10A,PRKAR1B,PRKCH,RARRES2,S100A10,SELENOP,TNFRSF10A,VAV3	0.34567894253317955	1.0
Reactome	combined	Selective Autophagy R-HSA-9663891	59	1180	33010	3	CFTR,HSF1,PRKAG2	0.3533441373900973	1.0
Reactome	combined	Eukaryotic Translation Termination R-HSA-72764	84	1180	33010	4	RPL23,RPS15A,RPS2,RPS3A	0.35335573378891655	1.0
Reactome	combined	Glucose Metabolism R-HSA-70326	84	1180	33010	4	ENO1,HOOK2,NUP43,PKLR	0.35335573378891655	1.0
Reactome	combined	Viral mRNA Translation R-HSA-192823	84	1180	33010	4	RPL23,RPS15A,RPS2,RPS3A	0.35335573378891655	1.0
Reactome	combined	Caspase-mediated Cleavage Of Cytoskeletal Proteins R-HSA-264870	12	1180	33010	1	CASP8	0.3539573746227523	1.0
Reactome	combined	Dissolution Of Fibrin Clot R-HSA-75205	12	1180	33010	1	S100A10	0.3539573746227523	1.0
Reactome	combined	Frs2-mediated Activation R-HSA-170968	12	1180	33010	1	NTRK1	0.3539573746227523	1.0
Reactome	combined	Glutathione Synthesis And Recycling R-HSA-174403	12	1180	33010	1	CNDP2	0.3539573746227523	1.0
Reactome	combined	HDR Thru MMEJ (alt-NHEJ) R-HSA-5685939	12	1180	33010	1	PARP1	0.3539573746227523	1.0
Reactome	combined	Hyaluronan Uptake And Degradation R-HSA-2160916	12	1180	33010	1	CD44	0.3539573746227523	1.0
Reactome	combined	Interleukin-35 Signaling R-HSA-8984722	12	1180	33010	1	IL6ST	0.3539573746227523	1.0
Reactome	combined	Maturation Of Nucleoprotein R-HSA-9683610	12	1180	33010	1	PARP4	0.3539573746227523	1.0
Reactome	combined	Purine Salvage R-HSA-74217	12	1180	33010	1	GMPR	0.3539573746227523	1.0
Reactome	combined	RUNX3 Regulates NOTCH Signaling R-HSA-8941856	12	1180	33010	1	MAML3	0.3539573746227523	1.0
Reactome	combined	TFAP2 (AP-2) Family Regulates Transcription Of Growth Factors And Their Receptors R-HSA-8866910	12	1180	33010	1	TFAP2B	0.3539573746227523	1.0
Reactome	combined	TP53 Regulates Transcription Of Death Receptors And Ligands R-HSA-6803211	12	1180	33010	1	TNFRSF10A	0.3539573746227523	1.0
Reactome	combined	NR1H3 And NR1H2 Regulate Gene Expression Linked To Cholesterol Transport And Efflux R-HSA-9029569	35	1180	33010	2	NCOR2,TBL1XR1	0.3574310806562889	1.0
Reactome	combined	Nucleotide Catabolism R-HSA-8956319	35	1180	33010	2	DPYS,NT5E	0.3574310806562889	1.0
Reactome	combined	Signaling By FGFR1 In Disease R-HSA-5655302	35	1180	33010	2	CUX1,FGF5	0.3574310806562889	1.0
Reactome	combined	Vpr-mediated Nuclear Import Of PICs R-HSA-180910	35	1180	33010	2	NUP43,SGIP1	0.3574310806562889	1.0
Reactome	combined	Eukaryotic Translation Elongation R-HSA-156842	85	1180	33010	4	RPL23,RPS15A,RPS2,RPS3A	0.3615215553793719	1.0
Reactome	combined	Muscle Contraction R-HSA-397014	189	1180	33010	8	ABCC9,CACNA2D2,CACNG7,CACNG8,CALD1,GATA4,KCNK5,SCN1A	0.3641985628476109	1.0
Reactome	combined	Nonsense Mediated Decay (NMD) Independent Of Exon Junction Complex (EJC) R-HSA-975956	86	1180	33010	4	RPL23,RPS15A,RPS2,RPS3A	0.36968379288234576	1.0
Reactome	combined	Aberrant Regulation Of Mitotic Cell Cycle Due To RB1 Defects R-HSA-9687139	36	1180	33010	2	ANAPC1,RB1	0.37041199116284873	1.0
Reactome	combined	Defective B3GALTL Causes PpS R-HSA-5083635	36	1180	33010	2	ADAMTS20,ADAMTS7	0.37041199116284873	1.0
Reactome	combined	Interactions Of Vpr With Host Cellular Proteins R-HSA-176033	36	1180	33010	2	NUP43,SGIP1	0.37041199116284873	1.0
Reactome	combined	Nuclear Pore Complex (NPC) Disassembly R-HSA-3301854	36	1180	33010	2	NEK7,NUP43	0.37041199116284873	1.0
Reactome	combined	Regulation Of TP53 Degradation R-HSA-6804757	36	1180	33010	2	CDKN2A,PRR5	0.37041199116284873	1.0
Reactome	combined	Signaling By Rho GTPases, Miro GTPases And RHOBTB3 R-HSA-9716542	619	1180	33010	24	ABR,ACBD5,AKAP13,ARHGEF25,CAPZB,CCT6A,CENPN,CFTR,CLASP2,CTNNA1,DST,FAM13A,KIF5A,KLC1,MCF2L,MPZ,NIPSNAP2,NUP43,SLITRK3,STMN2,TAOK3,TIAM1,TMPO,VAV3	0.3708827200353677	1.0
Reactome	combined	Ion Channel Transport R-HSA-983712	164	1180	33010	7	ANO2,ASIC2,ATP10D,ATP11A,ATP6V1B1,ATP9A,OSTM1	0.37112370067814426	1.0
Reactome	combined	CDC42 GTPase Cycle R-HSA-9013148	138	1180	33010	6	ABR,ARHGEF25,MCF2L,TIAM1,TMPO,VAV3	0.3720196665398452	1.0
Reactome	combined	Fatty Acid Metabolism R-HSA-8978868	165	1180	33010	7	ACBD5,ACOX3,ALOX5,CPT2,PPARD,PRKAG2,TECR	0.37697779539552795	1.0
Reactome	combined	Adenylate Cyclase Inhibitory Pathway R-HSA-170670	13	1180	33010	1	ADCY8	0.37705969288280305	1.0
Reactome	combined	IRF3-mediated Induction Of Type I IFN R-HSA-3270619	13	1180	33010	1	NLRP4	0.37705969288280305	1.0
Reactome	combined	Nucleotide-like (Purinergic) Receptors R-HSA-418038	13	1180	33010	1	LPAR6	0.37705969288280305	1.0
Reactome	combined	TNFR1-induced Proapoptotic Signaling R-HSA-5357786	13	1180	33010	1	CASP8	0.37705969288280305	1.0
Reactome	combined	Signaling By NOTCH R-HSA-157118	192	1180	33010	8	DLK1,MAML3,NCOR2,NOTCH3,PBX1,RUNX1,SEL1L,TBL1XR1	0.3804708984738394	1.0
Reactome	combined	Condensation Of Prophase Chromosomes R-HSA-2299718	37	1180	33010	2	RB1,SMC4	0.3832867904391588	1.0
Reactome	combined	Diseases Of Mitotic Cell Cycle R-HSA-9675126	37	1180	33010	2	ANAPC1,RB1	0.3832867904391588	1.0
Reactome	combined	O-glycosylation Of TSR Domain-Containing Proteins R-HSA-5173214	37	1180	33010	2	ADAMTS20,ADAMTS7	0.3832867904391588	1.0
Reactome	combined	Regulation Of TP53 Expression And Degradation R-HSA-6806003	37	1180	33010	2	CDKN2A,PRR5	0.3832867904391588	1.0
Reactome	combined	Signaling By FGFR3 R-HSA-5654741	37	1180	33010	2	FGF5,SPRY2	0.3832867904391588	1.0
Reactome	combined	Collagen Formation R-HSA-1474290	88	1180	33010	4	COL11A1,DST,MMP9,TLL2	0.3859836980711508	1.0
Reactome	combined	Transcriptional Regulation By RUNX2 R-HSA-8878166	115	1180	33010	5	MAF,RB1,RUNX1,SATB2,TWIST1	0.39321567984258177	1.0
Reactome	combined	Amine Ligand-Binding Receptors R-HSA-375280	38	1180	33010	2	HTR1A,HTR1B	0.39604647849254926	1.0
Reactome	combined	DAG And IP3 Signaling R-HSA-1489509	38	1180	33010	2	ADCY8,PRKAR1B	0.39604647849254926	1.0
Reactome	combined	Depolymerisation Of Nuclear Lamina R-HSA-4419969	14	1180	33010	1	TMPO	0.3993365532761203	1.0
Reactome	combined	FGFR1 Ligand Binding And Activation R-HSA-190242	14	1180	33010	1	FGF5	0.3993365532761203	1.0
Reactome	combined	Golgi Cisternae Pericentriolar Stack Reorganization R-HSA-162658	14	1180	33010	1	GORASP2	0.3993365532761203	1.0
Reactome	combined	LGI-ADAM Interactions R-HSA-5682910	14	1180	33010	1	CACNG8	0.3993365532761203	1.0
Reactome	combined	Lysosphingolipid And LPA Receptors R-HSA-419408	14	1180	33010	1	LPAR5	0.3993365532761203	1.0
Reactome	combined	Physiological Factors R-HSA-5578768	14	1180	33010	1	GATA4	0.3993365532761203	1.0
Reactome	combined	Prolonged ERK Activation Events R-HSA-169893	14	1180	33010	1	NTRK1	0.3993365532761203	1.0
Reactome	combined	Regulation Of TP53 Activity Thru Association With Co-factors R-HSA-6804759	14	1180	33010	1	POU4F2	0.3993365532761203	1.0
Reactome	combined	Regulation Of Pyruvate Dehydrogenase (PDH) Complex R-HSA-204174	14	1180	33010	1	PPARD	0.3993365532761203	1.0
Reactome	combined	Retrograde Neurotrophin Signaling R-HSA-177504	14	1180	33010	1	NTRK1	0.3993365532761203	1.0
Reactome	combined	Signaling By TGFB Family Members R-HSA-9006936	116	1180	33010	5	ITGA8,NCOR2,PARP1,PMEPA1,SKI	0.4003255326274393	1.0
Reactome	combined	Disorders Of Transmembrane Transporters R-HSA-5619115	169	1180	33010	7	ABCC9,CFTR,NUP43,SEL1L,SLC6A18,SLC6A3,SLC6A5	0.4004203991898577	1.0
Reactome	combined	Formation Of Incision Complex In GG-NER R-HSA-5696395	39	1180	33010	2	PARP1,RAD23A	0.408682833200427	1.0
Reactome	combined	RHOF GTPase Cycle R-HSA-9035034	39	1180	33010	2	CAPZB,TMPO	0.408682833200427	1.0
Reactome	combined	RNA Polymerase III Abortive And Retractive Initiation R-HSA-749476	39	1180	33010	2	NFIA,POLR1D	0.408682833200427	1.0
Reactome	combined	Transcriptional Regulation By VENTX R-HSA-8853884	39	1180	33010	2	ANAPC1,CDKN2A	0.408682833200427	1.0
Reactome	combined	Metabolism Of Nucleotides R-HSA-15869	91	1180	33010	4	CTPS1,DPYS,GMPR,NT5E	0.4103227010917537	1.0
Reactome	combined	Circadian Clock R-HSA-400253	65	1180	33010	3	CREM,MEF2D,TBL1XR1	0.41181433171301557	1.0
Reactome	combined	Response Of EIF2AK4 (GCN2) To Amino Acid Deficiency R-HSA-9633012	92	1180	33010	4	RPL23,RPS15A,RPS2,RPS3A	0.41839360494317096	1.0
Reactome	combined	Transcriptional Regulation By RUNX3 R-HSA-8878159	92	1180	33010	4	CDKN2A,MAML3,RUNX1,ZFHX3	0.41839360494317096	1.0
Reactome	combined	Activated Point Mutants Of FGFR2 R-HSA-2033519	15	1180	33010	1	FGF5	0.42081742571927055	1.0
Reactome	combined	CRMPs In Sema3A Signaling R-HSA-399956	15	1180	33010	1	CRMP1	0.42081742571927055	1.0
Reactome	combined	Early Phase Of HIV Life Cycle R-HSA-162594	15	1180	33010	1	SGIP1	0.42081742571927055	1.0
Reactome	combined	GRB2:SOS Provides Linkage To MAPK Signaling For Integrins R-HSA-354194	15	1180	33010	1	APBB1IP	0.42081742571927055	1.0
Reactome	combined	JNK (c-Jun Kinases) Phosphorylation And Activation Mediated By Activated Human TAK1 R-HSA-450321	15	1180	33010	1	MAPK10	0.42081742571927055	1.0
Reactome	combined	Membrane Binding And Targetting Of GAG Proteins R-HSA-174490	15	1180	33010	1	SGIP1	0.42081742571927055	1.0
Reactome	combined	N-Glycan Antennae Elongation R-HSA-975577	15	1180	33010	1	ST8SIA3	0.42081742571927055	1.0
Reactome	combined	Organic Cation/Anion/Zwitterion Transport R-HSA-549132	15	1180	33010	1	RUNX1	0.42081742571927055	1.0
Reactome	combined	Phospholipase C-mediated Cascade: FGFR1 R-HSA-5654219	15	1180	33010	1	FGF5	0.42081742571927055	1.0
Reactome	combined	Regulation Of Innate Immune Responses To Cytosolic DNA R-HSA-3134975	15	1180	33010	1	NLRP4	0.42081742571927055	1.0
Reactome	combined	SHC-mediated cascade:FGFR3 R-HSA-5654704	15	1180	33010	1	FGF5	0.42081742571927055	1.0
Reactome	combined	Trafficking Of GluR2-containing AMPA Receptors R-HSA-416993	15	1180	33010	1	GRIA1	0.42081742571927055	1.0
Reactome	combined	YAP1- And WWTR1 (TAZ)-stimulated Gene Expression R-HSA-2032785	15	1180	33010	1	GATA4	0.42081742571927055	1.0
Reactome	combined	cGMP Effects R-HSA-418457	15	1180	33010	1	PDE10A	0.42081742571927055	1.0
Reactome	combined	p130Cas Linkage To MAPK Signaling For Integrins R-HSA-372708	15	1180	33010	1	APBB1IP	0.42081742571927055	1.0
Reactome	combined	Kinesins R-HSA-983189	40	1180	33010	2	KIF5A,KLC1	0.4211883662796356	1.0
Reactome	combined	Diseases Associated With O-glycosylation Of Proteins R-HSA-3906995	66	1180	33010	3	ADAMTS20,ADAMTS7,NOTCH3	0.421414587023398	1.0
Reactome	combined	Integrin Cell Surface Interactions R-HSA-216083	66	1180	33010	3	CD44,ITGA8,ITGA9	0.421414587023398	1.0
Reactome	combined	Cell Surface Interactions At Vascular Wall R-HSA-202733	120	1180	33010	5	CD44,CD58,CXADR,SELENOP,TNFRSF10A	0.4286524121704775	1.0
Reactome	combined	Positive Epigenetic Regulation Of rRNA Expression R-HSA-5250913	67	1180	33010	3	GATAD2B,POLR1D,TAF1D	0.4309611406870797	1.0
Reactome	combined	Intra-Golgi Traffic R-HSA-6811438	41	1180	33010	2	CUX1,RAB30	0.4335562814054055	1.0
Reactome	combined	RND1 GTPase Cycle R-HSA-9696273	41	1180	33010	2	DST,STMN2	0.4335562814054055	1.0
Reactome	combined	Vasopressin Regulates Renal Water Homeostasis Via Aquaporins R-HSA-432040	41	1180	33010	2	ADCY8,PRKAR1B	0.4335562814054055	1.0
Reactome	combined	SLC Transporter Disorders R-HSA-5619102	94	1180	33010	4	NUP43,SLC6A18,SLC6A3,SLC6A5	0.4344545809923439	1.0
Reactome	combined	Biosynthesis Of DHA-derived SPMs R-HSA-9018677	16	1180	33010	1	ALOX5	0.4415307288758475	1.0
Reactome	combined	FOXO-mediated Transcription Of Cell Cycle Genes R-HSA-9617828	16	1180	33010	1	FOXG1	0.4415307288758475	1.0
Reactome	combined	Hyaluronan Metabolism R-HSA-2142845	16	1180	33010	1	CD44	0.4415307288758475	1.0
Reactome	combined	PI-3K cascade:FGFR3 R-HSA-5654710	16	1180	33010	1	FGF5	0.4415307288758475	1.0
Reactome	combined	Phospholipase C-mediated Cascade; FGFR2 R-HSA-5654221	16	1180	33010	1	FGF5	0.4415307288758475	1.0
Reactome	combined	RIP-mediated NFkB Activation Via ZBP1 R-HSA-1810476	16	1180	33010	1	DHX9	0.4415307288758475	1.0
Reactome	combined	Spry Regulation Of FGF Signaling R-HSA-1295596	16	1180	33010	1	SPRY2	0.4415307288758475	1.0
Reactome	combined	EML4 And NUDC In Mitotic Spindle Formation R-HSA-9648025	95	1180	33010	4	CENPN,CLASP2,NEK7,NUP43	0.44243908544595095	1.0
Reactome	combined	Influenza Infection R-HSA-168255	150	1180	33010	6	NUP43,PARP1,RPL23,RPS15A,RPS2,RPS3A	0.4485586917646027	1.0
Reactome	combined	Cargo Recognition For Clathrin-Mediated Endocytosis R-HSA-8856825	96	1180	33010	4	CFTR,COPS5,SGIP1,SYT1	0.4503893782789534	1.0
Reactome	combined	GPER1 Signaling R-HSA-9634597	43	1180	33010	2	ADCY8,PRKAR1B	0.4578552952767392	1.0
Reactome	combined	Heme Signaling R-HSA-9707616	43	1180	33010	2	MEF2D,TBL1XR1	0.4578552952767392	1.0
Reactome	combined	PKMTs Methylate Histone Lysines R-HSA-3214841	43	1180	33010	2	PRDM16,SMYD3	0.4578552952767392	1.0
Reactome	combined	ESR-mediated Signaling R-HSA-8939211	179	1180	33010	7	CXXC5,FOXA1,GATA3,MMP9,PMEPA1,RUNX1,ZNF217	0.4587635076755736	1.0
Reactome	combined	RNA Polymerase I Promoter Clearance R-HSA-73854	70	1180	33010	3	GATAD2B,POLR1D,TAF1D	0.4592382786703466	1.0
Reactome	combined	Aberrant Regulation Of Mitotic G1/S Transition In Cancer Due To RB1 Defects R-HSA-9659787	17	1180	33010	1	RB1	0.4615038676261201	1.0
Reactome	combined	Assembly Of HIV Virion R-HSA-175474	17	1180	33010	1	SGIP1	0.4615038676261201	1.0
Reactome	combined	Azathioprine ADME R-HSA-9748787	17	1180	33010	1	VAV3	0.4615038676261201	1.0
Reactome	combined	Ephrin Signaling R-HSA-3928664	17	1180	33010	1	EPHB1	0.4615038676261201	1.0
Reactome	combined	FRS-mediated FGFR3 Signaling R-HSA-5654706	17	1180	33010	1	FGF5	0.4615038676261201	1.0
Reactome	combined	IL-6-type Cytokine Receptor Ligand Interactions R-HSA-6788467	17	1180	33010	1	IL6ST	0.4615038676261201	1.0
Reactome	combined	MECP2 Regulates Neuronal Receptors And Channels R-HSA-9022699	17	1180	33010	1	GRIN2A	0.4615038676261201	1.0
Reactome	combined	Metabolism Of Amine-Derived Hormones R-HSA-209776	17	1180	33010	1	DIDO1	0.4615038676261201	1.0
Reactome	combined	PD-1 Signaling R-HSA-389948	17	1180	33010	1	HLA-DPA1	0.4615038676261201	1.0
Reactome	combined	Platelet Sensitization By LDL R-HSA-432142	17	1180	33010	1	FGR	0.4615038676261201	1.0
Reactome	combined	Protein Methylation R-HSA-8876725	17	1180	33010	1	RPS2	0.4615038676261201	1.0
Reactome	combined	Purine Catabolism R-HSA-74259	17	1180	33010	1	NT5E	0.4615038676261201	1.0
Reactome	combined	RNA Polymerase III Chain Elongation R-HSA-73780	17	1180	33010	1	POLR1D	0.4615038676261201	1.0
Reactome	combined	RORA Activates Gene Expression R-HSA-1368082	17	1180	33010	1	TBL1XR1	0.4615038676261201	1.0
Reactome	combined	Regulation Of NF-kappa B Signaling R-HSA-9758274	17	1180	33010	1	CASP8	0.4615038676261201	1.0
Reactome	combined	Regulation Of RUNX1 Expression And Activity R-HSA-8934593	17	1180	33010	1	RUNX1	0.4615038676261201	1.0
Reactome	combined	Signaling By Cytosolic FGFR1 Fusion Mutants R-HSA-1839117	17	1180	33010	1	CUX1	0.4615038676261201	1.0
Reactome	combined	Synthesis Of Glycosylphosphatidylinositol (GPI) R-HSA-162710	17	1180	33010	1	PIGB	0.4615038676261201	1.0
Reactome	combined	RHOG GTPase Cycle R-HSA-9013408	71	1180	33010	3	MCF2L,TMPO,VAV3	0.468530746514598	1.0
Reactome	combined	RNA Polymerase I Transcription R-HSA-73864	71	1180	33010	3	GATAD2B,POLR1D,TAF1D	0.468530746514598	1.0
Reactome	combined	TGF-beta Receptor Signaling Activates SMADs R-HSA-2173789	44	1180	33010	2	ITGA8,PMEPA1	0.46977591241433003	1.0
Reactome	combined	Assembly Of Active LPL And LIPC Lipase Complexes R-HSA-8963889	18	1180	33010	1	LMF1	0.4807632692022477	1.0
Reactome	combined	Biosynthesis Of Specialized Proresolving Mediators (SPMs) R-HSA-9018678	18	1180	33010	1	ALOX5	0.4807632692022477	1.0
Reactome	combined	Chaperone Mediated Autophagy R-HSA-9613829	18	1180	33010	1	CFTR	0.4807632692022477	1.0
Reactome	combined	Chondroitin Sulfate Biosynthesis R-HSA-2022870	18	1180	33010	1	CSGALNACT1	0.4807632692022477	1.0
Reactome	combined	FGFR2 Ligand Binding And Activation R-HSA-190241	18	1180	33010	1	FGF5	0.4807632692022477	1.0
Reactome	combined	Initiation Of Nuclear Envelope (NE) Reformation R-HSA-2995383	18	1180	33010	1	TMPO	0.4807632692022477	1.0
Reactome	combined	Lewis Blood Group Biosynthesis R-HSA-9037629	18	1180	33010	1	FUT9	0.4807632692022477	1.0
Reactome	combined	NOTCH4 Intracellular Domain Regulates Transcription R-HSA-9013695	18	1180	33010	1	MAML3	0.4807632692022477	1.0
Reactome	combined	Other Semaphorin Interactions R-HSA-416700	18	1180	33010	1	SEMA4A	0.4807632692022477	1.0
Reactome	combined	Regulation Of Signaling By CBL R-HSA-912631	18	1180	33010	1	HCK	0.4807632692022477	1.0
Reactome	combined	NR1H2 And NR1H3-mediated Signaling R-HSA-9024446	45	1180	33010	2	NCOR2,TBL1XR1	0.48153787816979393	1.0
Reactome	combined	Nuclear Envelope (NE) Reassembly R-HSA-2995410	73	1180	33010	3	NUP43,TMPO,TUBB2B	0.48689558514745623	1.0
Reactome	combined	Potassium Channels R-HSA-1296071	101	1180	33010	4	ABCC9,KCNA1,KCNC2,KCNQ4	0.48954164221857877	1.0
Reactome	combined	Resolution Of Sister Chromatid Cohesion R-HSA-2500257	101	1180	33010	4	CENPN,CLASP2,NUP43,PMEPA1	0.48954164221857877	1.0
Reactome	combined	Cyclin D Associated Events In G1 R-HSA-69231	46	1180	33010	2	CDKN2A,RB1	0.4931372964550981	1.0
Reactome	combined	PLC Beta Mediated Events R-HSA-112043	46	1180	33010	2	ADCY8,PRKAR1B	0.4931372964550981	1.0
Reactome	combined	Oncogenic MAPK Signaling R-HSA-6802957	74	1180	33010	3	APBB1IP,KIAA1549,SPRED2	0.4959618858757146	1.0
Reactome	combined	Regulation Of Expression Of SLITs And ROBOs R-HSA-9010553	158	1180	33010	6	HOXA2,LHX9,RPL23,RPS15A,RPS2,RPS3A	0.4985045890055378	1.0
Reactome	combined	Apoptotic Factor-Mediated Response R-HSA-111471	19	1180	33010	1	CDKN2A	0.4993344180365515	1.0
Reactome	combined	Class I Peroxisomal Membrane Protein Import R-HSA-9603798	19	1180	33010	1	ACBD5	0.4993344180365515	1.0
Reactome	combined	GABA Synthesis, Release, Reuptake And Degradation R-HSA-888590	19	1180	33010	1	SYT1	0.4993344180365515	1.0
Reactome	combined	Metabolism Of Cofactors R-HSA-8978934	19	1180	33010	1	COQ3	0.4993344180365515	1.0
Reactome	combined	Nicotinamide Salvaging R-HSA-197264	19	1180	33010	1	PARP4	0.4993344180365515	1.0
Reactome	combined	Phase 4 - Resting Membrane Potential R-HSA-5576886	19	1180	33010	1	KCNK5	0.4993344180365515	1.0
Reactome	combined	SHC-mediated cascade:FGFR1 R-HSA-5654688	19	1180	33010	1	FGF5	0.4993344180365515	1.0
Reactome	combined	Signal Transduction By L1 R-HSA-445144	19	1180	33010	1	ITGA9	0.4993344180365515	1.0
Reactome	combined	Signaling By FGFR3 In Disease R-HSA-5655332	19	1180	33010	1	FGF5	0.4993344180365515	1.0
Reactome	combined	Signaling By PDGFR In Disease R-HSA-9671555	19	1180	33010	1	BIN2	0.4993344180365515	1.0
Reactome	combined	Signaling To RAS R-HSA-167044	19	1180	33010	1	NTRK1	0.4993344180365515	1.0
Reactome	combined	Translesion Synthesis By POLH R-HSA-110320	19	1180	33010	1	NPLOC4	0.4993344180365515	1.0
Reactome	combined	G Alpha (Z) Signaling Events R-HSA-418597	47	1180	33010	2	ADCY8,PRKCH	0.504570751835625	1.0
Reactome	combined	ABC Transporter Disorders R-HSA-5619084	75	1180	33010	3	ABCC9,CFTR,SEL1L	0.5049470354070155	1.0
Reactome	combined	Degradation Of Extracellular Matrix R-HSA-1474228	104	1180	33010	4	CAPN2,CD44,MMP9,TLL2	0.5124733927856554	1.0
Reactome	combined	Netrin-1 Signaling R-HSA-373752	48	1180	33010	2	EZR,UNC5D	0.5158352801972618	1.0
Reactome	combined	RHOD GTPase Cycle R-HSA-9013405	48	1180	33010	2	CAPZB,TMPO	0.5158352801972618	1.0
Reactome	combined	Citric Acid Cycle (TCA Cycle) R-HSA-71403	20	1180	33010	1	PCDHGA5	0.5172418893686379	1.0
Reactome	combined	Conversion From APC/C:Cdc20 To APC/C:Cdh1 In Late Anaphase R-HSA-176407	20	1180	33010	1	ANAPC1	0.5172418893686379	1.0
Reactome	combined	E2F Mediated Regulation Of DNA Replication R-HSA-113510	20	1180	33010	1	RB1	0.5172418893686379	1.0
Reactome	combined	PI-3K cascade:FGFR1 R-HSA-5654689	20	1180	33010	1	FGF5	0.5172418893686379	1.0
Reactome	combined	Phosphorylation Of APC/C R-HSA-176412	20	1180	33010	1	ANAPC1	0.5172418893686379	1.0
Reactome	combined	Regulation Of FZD By Ubiquitination R-HSA-4641263	20	1180	33010	1	RSPO2	0.5172418893686379	1.0
Reactome	combined	SHC-mediated cascade:FGFR2 R-HSA-5654699	20	1180	33010	1	FGF5	0.5172418893686379	1.0
Reactome	combined	Synthesis Of Leukotrienes (LT) And Eoxins (EX) R-HSA-2142691	20	1180	33010	1	ALOX5	0.5172418893686379	1.0
Reactome	combined	Aquaporin-mediated Transport R-HSA-445717	49	1180	33010	2	ADCY8,PRKAR1B	0.5269283408934727	1.0
Reactome	combined	Complex I Biogenesis R-HSA-6799198	49	1180	33010	2	NDUFA10,NDUFA13	0.5269283408934727	1.0
Reactome	combined	Transcriptional Activation Of Mitochondrial Biogenesis R-HSA-2151201	49	1180	33010	2	MEF2D,TBL1XR1	0.5269283408934727	1.0
Reactome	combined	Global Genome Nucleotide Excision Repair (GG-NER) R-HSA-5696399	78	1180	33010	3	COPS5,PARP1,RAD23A	0.5313906322302459	1.0
Reactome	combined	Blood Group Systems Biosynthesis R-HSA-9033658	21	1180	33010	1	FUT9	0.5345093816555433	1.0
Reactome	combined	Cellular Hexose Transport R-HSA-189200	21	1180	33010	1	SLC2A14	0.5345093816555433	1.0
Reactome	combined	ER Quality Control Compartment (ERQC) R-HSA-901032	21	1180	33010	1	SEL1L	0.5345093816555433	1.0
Reactome	combined	FRS-mediated FGFR1 Signaling R-HSA-5654693	21	1180	33010	1	FGF5	0.5345093816555433	1.0
Reactome	combined	Inactivation Of APC/C Via Direct Inhibition Of APC/C Complex R-HSA-141430	21	1180	33010	1	ANAPC1	0.5345093816555433	1.0
Reactome	combined	Inflammasomes R-HSA-622312	21	1180	33010	1	AIM2	0.5345093816555433	1.0
Reactome	combined	Negative Regulation Of NMDA Receptor-Mediated Neuronal Transmission R-HSA-9617324	21	1180	33010	1	GRIN2A	0.5345093816555433	1.0
Reactome	combined	Nephrin Family Interactions R-HSA-373753	21	1180	33010	1	MAGI2	0.5345093816555433	1.0
Reactome	combined	Nitric Oxide Stimulates Guanylate Cyclase R-HSA-392154	21	1180	33010	1	PDE10A	0.5345093816555433	1.0
Reactome	combined	Nucleotide Salvage R-HSA-8956321	21	1180	33010	1	GMPR	0.5345093816555433	1.0
Reactome	combined	PI-3K cascade:FGFR2 R-HSA-5654695	21	1180	33010	1	FGF5	0.5345093816555433	1.0
Reactome	combined	Response Of Mtb To Phagocytosis R-HSA-9637690	21	1180	33010	1	ENO1	0.5345093816555433	1.0
Reactome	combined	Epigenetic Regulation Of Gene Expression R-HSA-212165	107	1180	33010	4	GATAD2B,JARID2,POLR1D,TAF1D	0.5349207210236481	1.0
Reactome	combined	M Phase R-HSA-68886	363	1180	33010	13	ANAPC1,CENPN,CLASP2,DCTN2,GORASP2,HAUS6,NEK7,NUP43,PMEPA1,RB1,SMC4,TMPO,TUBB2B	0.5368069048413102	1.0
Reactome	combined	Nucleotide-binding Domain, Leucine Rich Repeat Containing NLR Signaling Pathways R-HSA-168643	50	1180	33010	2	AIM2,CASP8	0.5378477903041882	1.0
Reactome	combined	SARS-CoV-1 Infection R-HSA-9678108	50	1180	33010	2	PARP4,RB1	0.5378477903041882	1.0
Reactome	combined	Transport Of Small Molecules R-HSA-382551	675	1180	33010	24	ABCC9,ADCY8,ANO2,ASIC2,ATP10D,ATP11A,ATP6V1B1,ATP9A,CFTR,LMF1,OSTM1,PRKAR1B,RUNX1,SEL1L,SLC12A5,SLC13A5,SLC1A6,SLC2A14,SLC38A4,SLC4A10,SLC6A18,SLC6A3,SLC6A5,SLCO3A1	0.5401873726087008	1.0
Reactome	combined	Mitotic Spindle Checkpoint R-HSA-69618	108	1180	33010	4	ANAPC1,CENPN,CLASP2,NUP43	0.5422875752463935	1.0
Reactome	combined	Extracellular Matrix Organization R-HSA-1474244	280	1180	33010	10	ADAM19,CAPN2,CD44,COL11A1,DST,ITGA8,ITGA9,MMP9,TLL2,TNR	0.546036250657231	1.0
Reactome	combined	Metabolism Of Proteins R-HSA-392499	1778	1180	33010	63	ADAMTS20,ADAMTS7,APCS,B3GNT5,B3GNTL1,CAPZB,CCT5,CCT6A,CDKN2A,CDX2,CFTR,COPS5,DCTN2,EIF3I,FBXL14,GALNTL6,GATA3,GATA4,GRIA1,HLTF,KIF13A,KIF5A,LSAMP,MDC1,MDGA2,MPZ,MRPS17,MSRA,NCOR2,NPLOC4,NRN1,NSMCE2,NTM,NUP43,OPCML,PAPPA2,PARP1,PAX6,PCMT1,PENK,PIGB,PMEPA1,RAB27A,RAB30,RAB37,RAD23A,RGS6,RPL23,RPS15A,RPS2,RPS3A,RTN4RL1,SATB2,SEL1L,SPARCL1,SSR3,ST8SIA3,STC2,TFAP2B,THRA,THY1,TUBB2B,ZBTB16	0.5481638683039913	1.0
Reactome	combined	Drug ADME R-HSA-9748784	80	1180	33010	3	CNDP2,GLYATL1,VAV3	0.5485711499927601	1.0
Reactome	combined	Fcgamma Receptor (FCGR) Dependent Phagocytosis R-HSA-2029480	80	1180	33010	3	FGR,HCK,VAV3	0.5485711499927601	1.0
Reactome	combined	G-protein Mediated Events R-HSA-112040	51	1180	33010	2	ADCY8,PRKAR1B	0.548591856741285	1.0
Reactome	combined	RHOJ GTPase Cycle R-HSA-9013409	51	1180	33010	2	NIPSNAP2,TMPO	0.548591856741285	1.0
Reactome	combined	Acyl Chain Remodelling Of PS R-HSA-1482801	22	1180	33010	1	OSBPL5	0.551159747827493	1.0
Reactome	combined	Downstream Signaling Of Activated FGFR3 R-HSA-5654708	22	1180	33010	1	FGF5	0.551159747827493	1.0
Reactome	combined	FRS-mediated FGFR2 Signaling R-HSA-5654700	22	1180	33010	1	FGF5	0.551159747827493	1.0
Reactome	combined	RAF-independent MAPK1/3 Activation R-HSA-112409	22	1180	33010	1	IL6ST	0.551159747827493	1.0
Reactome	combined	RHOBTB2 GTPase Cycle R-HSA-9013418	22	1180	33010	1	CCT6A	0.551159747827493	1.0
Reactome	combined	Recycling Pathway Of L1 R-HSA-437239	22	1180	33010	1	EZR	0.551159747827493	1.0
Reactome	combined	Golgi-to-ER Retrograde Transport R-HSA-8856688	110	1180	33010	4	CAPZB,DCTN2,KIF5A,KLC1	0.5568388166233055	1.0
Reactome	combined	Immunoregulatory Interactions Between A Lymphoid And A non-Lymphoid Cell R-HSA-198933	110	1180	33010	4	CD1D,CD300LF,CXADR,SLAMF7	0.5568388166233055	1.0
Reactome	combined	RNA Polymerase I Promoter Escape R-HSA-73772	52	1180	33010	2	POLR1D,TAF1D	0.5591591166383115	1.0
Reactome	combined	BBSome-mediated Cargo-Targeting To Cilium R-HSA-5620922	23	1180	33010	1	CCT5	0.5672150254303655	1.0
Reactome	combined	CD28 Dependent PI3K/Akt Signaling R-HSA-389357	23	1180	33010	1	PRR5	0.5672150254303655	1.0
Reactome	combined	Post-chaperonin Tubulin Folding Pathway R-HSA-389977	23	1180	33010	1	TUBB2B	0.5672150254303655	1.0
Reactome	combined	Signaling By NTRK2 (TRKB) R-HSA-9006115	23	1180	33010	1	TIAM1	0.5672150254303655	1.0
Reactome	combined	Synthesis Of Very Long-Chain Fatty acyl-CoAs R-HSA-75876	23	1180	33010	1	TECR	0.5672150254303655	1.0
Reactome	combined	Sensory Perception R-HSA-9709957	485	1180	33010	17	ADCY8,ANO2,CACNA2D2,CAPZB,EZR,GRK7,GRM1,KCNQ4,MYO3A,OR10J1,OR10K2,OR10Z1,OR2I1P,OR2M3,OR6K2,PDE6B,RIMBP2	0.5675958851441105	1.0
Reactome	combined	B-WICH Complex Positively Regulates rRNA Expression R-HSA-5250924	53	1180	33010	2	POLR1D,TAF1D	0.5695484719648353	1.0
Reactome	combined	Interferon Gamma Signaling R-HSA-877300	83	1180	33010	3	CD44,HLA-DPA1,TRIM8	0.5736322153266542	1.0
Reactome	combined	Sphingolipid Metabolism R-HSA-428157	83	1180	33010	3	DEGS1,PPM1L,SPHK2	0.5736322153266542	1.0
Reactome	combined	Signaling By ROBO Receptors R-HSA-376176	200	1180	33010	7	CLASP2,HOXA2,LHX9,RPL23,RPS15A,RPS2,RPS3A	0.5758534585074024	1.0
Reactome	combined	Intrinsic Pathway For Apoptosis R-HSA-109606	54	1180	33010	2	CASP8,CDKN2A	0.5797591288083942	1.0
Reactome	combined	Meiotic Synapsis R-HSA-1221632	54	1180	33010	2	DIDO1,PMEPA1	0.5797591288083942	1.0
Reactome	combined	Mitochondrial Biogenesis R-HSA-1592230	84	1180	33010	3	MEF2D,PRKAG2,TBL1XR1	0.5817906035317558	1.0
Reactome	combined	APC/C:Cdc20 Mediated Degradation Of Cyclin B R-HSA-174048	24	1180	33010	1	ANAPC1	0.5826964656944752	1.0
Reactome	combined	Assembly And Cell Surface Presentation Of NMDA Receptors R-HSA-9609736	24	1180	33010	1	GRIN2A	0.5826964656944752	1.0
Reactome	combined	BMAL1:CLOCK,NPAS2 Activates Circadian Gene Expression R-HSA-1368108	24	1180	33010	1	TBL1XR1	0.5826964656944752	1.0
Reactome	combined	Fertilization R-HSA-1187000	24	1180	33010	1	CATSPERG	0.5826964656944752	1.0
Reactome	combined	Infection With Mycobacterium Tuberculosis R-HSA-9635486	24	1180	33010	1	ENO1	0.5826964656944752	1.0
Reactome	combined	Interleukin-6 Family Signaling R-HSA-6783589	24	1180	33010	1	IL6ST	0.5826964656944752	1.0
Reactome	combined	Paracetamol ADME R-HSA-9753281	24	1180	33010	1	CNDP2	0.5826964656944752	1.0
Reactome	combined	Cellular Response To Starvation R-HSA-9711097	144	1180	33010	5	ATP6V1B1,RPL23,RPS15A,RPS2,RPS3A	0.5889810001867829	1.0
Reactome	combined	SUMOylation Of Chromatin Organization Proteins R-HSA-4551638	55	1180	33010	2	NUP43,SATB2	0.5897905770695587	1.0
Reactome	combined	Cellular Response To Chemical Stress R-HSA-9711123	174	1180	33010	6	CDKN2A,NCOR2,NPLOC4,PRDX1,STAP2,TBL1XR1	0.5928958291214477	1.0
Reactome	combined	Constitutive Signaling By AKT1 E17K In Cancer R-HSA-5674400	25	1180	33010	1	PRR5	0.5976245615678913	1.0
Reactome	combined	Deadenylation Of mRNA R-HSA-429947	25	1180	33010	1	NLRP4	0.5976245615678913	1.0
Reactome	combined	Inactivation Of CSF3 (G-CSF) Signaling R-HSA-9705462	25	1180	33010	1	HCK	0.5976245615678913	1.0
Reactome	combined	Insulin Receptor Recycling R-HSA-77387	25	1180	33010	1	ATP6V1B1	0.5976245615678913	1.0
Reactome	combined	NOTCH3 Activation And Transmission Of Signal To Nucleus R-HSA-9013507	25	1180	33010	1	NOTCH3	0.5976245615678913	1.0
Reactome	combined	Resolution Of AP Sites Via Multiple-Nucleotide Patch Replacement Pathway R-HSA-110373	25	1180	33010	1	PARP1	0.5976245615678913	1.0
Reactome	combined	Synthesis Of IP3 And IP4 In Cytosol R-HSA-1855204	25	1180	33010	1	PLCH2	0.5976245615678913	1.0
Reactome	combined	Regulation Of IGF Transport And Uptake By IGFBPs R-HSA-381426	116	1180	33010	4	PAPPA2,PENK,SPARCL1,STC2	0.5989408507155141	1.0
Reactome	combined	Recruitment And ATM-mediated Phosphorylation Of Repair And Signal Proteins At DNA Double Strand Breaks R-HSA-5693565	56	1180	33010	2	EYA1,MDC1	0.59964257121799	1.0
Reactome	combined	Intra-Golgi And Retrograde Golgi-to-ER Traffic R-HSA-6811442	176	1180	33010	6	CAPZB,CUX1,DCTN2,KIF5A,KLC1,RAB30	0.6040290842240122	1.0
Reactome	combined	Post-translational Protein Modification R-HSA-597592	1297	1180	33010	45	ADAMTS20,ADAMTS7,B3GNT5,B3GNTL1,CAPZB,CDKN2A,CFTR,COPS5,DCTN2,FBXL14,GALNTL6,GATA3,GRIA1,HLTF,LSAMP,MDC1,MDGA2,MPZ,NCOR2,NPLOC4,NRN1,NSMCE2,NTM,NUP43,OPCML,PARP1,PENK,PIGB,PMEPA1,RAB27A,RAB30,RAB37,RAD23A,RPS2,RTN4RL1,SATB2,SEL1L,SPARCL1,ST8SIA3,STC2,TFAP2B,THRA,THY1,TUBB2B,ZBTB16	0.6041676417013713	1.0
Reactome	combined	Opioid Signaling R-HSA-111885	87	1180	33010	3	ADCY8,PDE4C,PRKAR1B	0.605663015623124	1.0
Reactome	combined	DNA Damage/Telomere Stress Induced Senescence R-HSA-2559586	57	1180	33010	2	ASF1A,RB1	0.6093151120597098	1.0
Reactome	combined	DNA Double Strand Break Response R-HSA-5693606	57	1180	33010	2	EYA1,MDC1	0.6093151120597098	1.0
Reactome	combined	APC-Cdc20 Mediated Degradation Of Nek2A R-HSA-179409	26	1180	33010	1	ANAPC1	0.6120190747511536	1.0
Reactome	combined	Calnexin/calreticulin Cycle R-HSA-901042	26	1180	33010	1	SEL1L	0.6120190747511536	1.0
Reactome	combined	DAP12 Signaling R-HSA-2424491	26	1180	33010	1	VAV3	0.6120190747511536	1.0
Reactome	combined	Downregulation Of TGF-beta Receptor Signaling R-HSA-2173788	26	1180	33010	1	PMEPA1	0.6120190747511536	1.0
Reactome	combined	Effects Of PIP2 Hydrolysis R-HSA-114508	26	1180	33010	1	PRKCH	0.6120190747511536	1.0
Reactome	combined	FOXO-mediated Transcription Of Oxidative Stress, Metabolic And Neuronal Genes R-HSA-9615017	26	1180	33010	1	NPY	0.6120190747511536	1.0
Reactome	combined	Interleukin-20 Family Signaling R-HSA-8854691	26	1180	33010	1	IL22RA2	0.6120190747511536	1.0
Reactome	combined	N-glycan Antennae Elongation In medial/trans-Golgi R-HSA-975576	26	1180	33010	1	ST8SIA3	0.6120190747511536	1.0
Reactome	combined	Pyroptosis R-HSA-5620971	26	1180	33010	1	IL18	0.6120190747511536	1.0
Reactome	combined	RNA Polymerase III Transcription Initiation From Type 2 Promoter R-HSA-76066	26	1180	33010	1	POLR1D	0.6120190747511536	1.0
Reactome	combined	Signaling By BMP R-HSA-201451	26	1180	33010	1	SKI	0.6120190747511536	1.0
Reactome	combined	Role Of Nef In HIV-1 Replication And Disease Pathogenesis R-HSA-164952	26	1180	33010	1	HCK	0.6120190747511536	1.0
Reactome	combined	HCMV Early Events R-HSA-9609690	89	1180	33010	3	NCOR2,NUP43,TBL1XR1	0.6210664633032249	1.0
Reactome	combined	Downstream Signaling Of Activated FGFR2 R-HSA-5654696	27	1180	33010	1	FGF5	0.6258990617689089	1.0
Reactome	combined	EGR2 And SOX10-mediated Initiation Of Schwann Cell Myelination R-HSA-9619665	27	1180	33010	1	MPZ	0.6258990617689089	1.0
Reactome	combined	Generation Of Second Messenger Molecules R-HSA-202433	27	1180	33010	1	HLA-DPA1	0.6258990617689089	1.0
Reactome	combined	HS-GAG Biosynthesis R-HSA-2022928	27	1180	33010	1	HS3ST2	0.6258990617689089	1.0
Reactome	combined	Integrin Signaling R-HSA-354192	27	1180	33010	1	APBB1IP	0.6258990617689089	1.0
Reactome	combined	Interconversion Of Nucleotide Di- And Triphosphates R-HSA-499943	27	1180	33010	1	CTPS1	0.6258990617689089	1.0
Reactome	combined	Postmitotic Nuclear Pore Complex (NPC) Reformation R-HSA-9615933	27	1180	33010	1	NUP43	0.6258990617689089	1.0
Reactome	combined	RNA Polymerase III Transcription Initiation From Type 1 Promoter R-HSA-76061	27	1180	33010	1	POLR1D	0.6258990617689089	1.0
Reactome	combined	RNA Polymerase III Transcription Initiation From Type 3 Promoter R-HSA-76071	27	1180	33010	1	POLR1D	0.6258990617689089	1.0
Reactome	combined	Defective CFTR Causes Cystic Fibrosis R-HSA-5678895	59	1180	33010	2	CFTR,SEL1L	0.6281229660320805	1.0
Reactome	combined	Regulation Of PTEN Gene Transcription R-HSA-8943724	59	1180	33010	2	GATAD2B,NR2E1	0.6281229660320805	1.0
Reactome	combined	Signaling By FGFR In Disease R-HSA-1226099	59	1180	33010	2	CUX1,FGF5	0.6281229660320805	1.0
Reactome	combined	Visual Phototransduction R-HSA-2187338	90	1180	33010	3	GRK7,PDE6B,RIMBP2	0.6286125923394147	1.0
Reactome	combined	Unattached Kinetochores Signal Amplification Via A MAD2 Inhibitory Signal R-HSA-141444	91	1180	33010	3	CENPN,CLASP2,NUP43	0.6360542931774028	1.0
Reactome	combined	L1CAM Interactions R-HSA-373760	91	1180	33010	3	EZR,ITGA9,SCN1A	0.6360542931774028	1.0
Reactome	combined	Phase II - Conjugation Of Compounds R-HSA-156580	91	1180	33010	3	CNDP2,GLYATL1,GSTM2	0.6360542931774028	1.0
Reactome	combined	RUNX1 Regulates Transcription Of Genes Involved In Differentiation Of HSCs R-HSA-8939236	91	1180	33010	3	GATA3,RUNX1,TAL1	0.6360542931774028	1.0
Reactome	combined	VEGFA-VEGFR2 Pathway R-HSA-4420097	91	1180	33010	3	CTNNA1,PRR5,VAV3	0.6360542931774028	1.0
Reactome	combined	Signaling By BRAF And RAF1 Fusions R-HSA-6802952	60	1180	33010	2	APBB1IP,KIAA1549	0.6372593615812097	1.0
Reactome	combined	Adrenaline,noradrenaline Inhibits Insulin Secretion R-HSA-400042	28	1180	33010	1	CACNA2D2	0.6392828991127736	1.0
Reactome	combined	Antigen Presentation: Folding, Assembly, Peptide Loading Of Class I MHC R-HSA-983170	28	1180	33010	1	ERAP1	0.6392828991127736	1.0
Reactome	combined	Budding And Maturation Of HIV Virion R-HSA-162588	28	1180	33010	1	SGIP1	0.6392828991127736	1.0
Reactome	combined	Energy Dependent Regulation Of mTOR By LKB1-AMPK R-HSA-380972	28	1180	33010	1	PRKAG2	0.6392828991127736	1.0
Reactome	combined	Gluconeogenesis R-HSA-70263	28	1180	33010	1	ENO1	0.6392828991127736	1.0
Reactome	combined	Interaction Between L1 And Ankyrins R-HSA-445095	28	1180	33010	1	SCN1A	0.6392828991127736	1.0
Reactome	combined	Molecules Associated With Elastic Fibres R-HSA-2129379	28	1180	33010	1	ITGA8	0.6392828991127736	1.0
Reactome	combined	Regulation Of TP53 Activity Thru Acetylation R-HSA-6804758	28	1180	33010	1	GATAD2B	0.6392828991127736	1.0
Reactome	combined	SUMOylation Of Intracellular Receptors R-HSA-4090294	28	1180	33010	1	THRA	0.6392828991127736	1.0
Reactome	combined	Regulation Of TP53 Activity R-HSA-5633007	153	1180	33010	5	CDKN2A,GATAD2B,POU4F2,PRKAG2,PRR5	0.6424111213179735	1.0
Reactome	combined	MyD88 Cascade Initiated On Plasma Membrane R-HSA-975871	92	1180	33010	3	CASP8,MAPK10,TLR5	0.643391170308894	1.0
Reactome	combined	Ca2+ Pathway R-HSA-4086398	61	1180	33010	2	NFATC1,PDE6B	0.6462184385407616	1.0
Reactome	combined	Activation Of Matrix Metalloproteinases R-HSA-1592389	29	1180	33010	1	MMP9	0.6521883074884611	1.0
Reactome	combined	Diseases Associated With TLR Signaling Cascade R-HSA-5602358	29	1180	33010	1	TLR5	0.6521883074884611	1.0
Reactome	combined	EGFR Downregulation R-HSA-182971	29	1180	33010	1	SPRY2	0.6521883074884611	1.0
Reactome	combined	MAPK Targets/ Nuclear Events Mediated By MAP Kinases R-HSA-450282	29	1180	33010	1	MAPK10	0.6521883074884611	1.0
Reactome	combined	Negative Regulation Of FGFR4 Signaling R-HSA-5654733	29	1180	33010	1	SPRY2	0.6521883074884611	1.0
Reactome	combined	PIWI-interacting RNA (piRNA) Biogenesis R-HSA-5601884	29	1180	33010	1	HENMT1	0.6521883074884611	1.0
Reactome	combined	Pyruvate Metabolism R-HSA-70268	29	1180	33010	1	PPARD	0.6521883074884611	1.0
Reactome	combined	Costimulation By CD28 Family R-HSA-388841	62	1180	33010	2	HLA-DPA1,PRR5	0.6550011880824764	1.0
Reactome	combined	FOXO-mediated Transcription R-HSA-9614085	62	1180	33010	2	FOXG1,NPY	0.6550011880824764	1.0
Reactome	combined	Peroxisomal Protein Import R-HSA-9033241	62	1180	33010	2	ACOX3,PEX7	0.6550011880824764	1.0
Reactome	combined	Semaphorin Interactions R-HSA-373755	62	1180	33010	2	CRMP1,SEMA4A	0.6550011880824764	1.0
Reactome	combined	Fc Epsilon Receptor (FCERI) Signaling R-HSA-2454202	125	1180	33010	4	FCER1A,MAPK10,NFATC1,VAV3	0.657365997067268	1.0
Reactome	combined	Stimuli-sensing Channels R-HSA-2672351	94	1180	33010	3	ANO2,ASIC2,OSTM1	0.6577493546499003	1.0
Reactome	combined	Cellular Senescence R-HSA-2559583	156	1180	33010	5	ANAPC1,ASF1A,CDKN2A,MAPK10,RB1	0.6592243763100207	1.0
Reactome	combined	Citric Acid (TCA) Cycle And Respiratory Electron Transport R-HSA-1428517	156	1180	33010	5	ADHFE1,NDUFA10,NDUFA13,PCDHGA5,PPARD	0.6592243763100207	1.0
Reactome	combined	Chromatin Modifying Enzymes R-HSA-3247509	217	1180	33010	7	GATAD2B,NCOR2,PAX3,PRDM16,RPS2,SMYD3,TBL1XR1	0.6609543666057413	1.0
Reactome	combined	Cellular Responses To Stress R-HSA-2262752	689	1180	33010	23	ANAPC1,ASF1A,ATP6V1B1,CAPZB,CDKN2A,DCTN2,DNAJB1,DNAJB6,HSF1,HSPB8,MAPK10,MEF2D,NCOR2,NPLOC4,NUP43,PRDX1,RB1,RPL23,RPS15A,RPS2,RPS3A,STAP2,TBL1XR1	0.661438902700729	1.0
Reactome	combined	Regulation Of RAS By GAPs R-HSA-5658442	63	1180	33010	2	RASAL1,SPRED2	0.6636087570298175	1.0
Reactome	combined	Cargo Concentration In ER R-HSA-5694530	30	1180	33010	1	GRIA1	0.6646323751990706	1.0
Reactome	combined	Late Endosomal Microautophagy R-HSA-9615710	30	1180	33010	1	CFTR	0.6646323751990706	1.0
Reactome	combined	NOD1/2 Signaling Pathway R-HSA-168638	30	1180	33010	1	CASP8	0.6646323751990706	1.0
Reactome	combined	Sealing Of Nuclear Envelope (NE) By ESCRT-III R-HSA-9668328	30	1180	33010	1	TUBB2B	0.6646323751990706	1.0
Reactome	combined	Signaling By CSF3 (G-CSF) R-HSA-9674555	30	1180	33010	1	HCK	0.6646323751990706	1.0
Reactome	combined	Signaling By NOTCH2 R-HSA-1980145	30	1180	33010	1	MAML3	0.6646323751990706	1.0
Reactome	combined	Transferrin Endocytosis And Recycling R-HSA-917977	30	1180	33010	1	ATP6V1B1	0.6646323751990706	1.0
Reactome	combined	Translation Of Structural Proteins R-HSA-9683701	30	1180	33010	1	PARP4	0.6646323751990706	1.0
Reactome	combined	Activated NOTCH1 Transmits Signal To Nucleus R-HSA-2122948	31	1180	33010	1	DLK1	0.6766315806952836	1.0
Reactome	combined	Detoxification Of Reactive Oxygen Species R-HSA-3299685	31	1180	33010	1	PRDX1	0.6766315806952836	1.0
Reactome	combined	FGFR2 Mutant Receptor Activation R-HSA-1839126	31	1180	33010	1	FGF5	0.6766315806952836	1.0
Reactome	combined	Plasma Lipoprotein Remodeling R-HSA-8963899	31	1180	33010	1	LMF1	0.6766315806952836	1.0
Reactome	combined	SIRT1 Negatively Regulates rRNA Expression R-HSA-427359	31	1180	33010	1	TAF1D	0.6766315806952836	1.0
Reactome	combined	Signaling By High-Kinase Activity BRAF Mutants R-HSA-6802948	31	1180	33010	1	APBB1IP	0.6766315806952836	1.0
Reactome	combined	ABC-family Proteins Mediated Transport R-HSA-382556	97	1180	33010	3	ABCC9,CFTR,SEL1L	0.6784959507066969	1.0
Reactome	combined	KEAP1-NFE2L2 Pathway R-HSA-9755511	97	1180	33010	3	CDKN2A,NPLOC4,PRDX1	0.6784959507066969	1.0
Reactome	combined	Collagen Biosynthesis And Modifying Enzymes R-HSA-1650814	65	1180	33010	2	COL11A1,TLL2	0.6803036451260546	1.0
Reactome	combined	Interleukin-17 Signaling R-HSA-448424	65	1180	33010	2	IL17RA,MAPK10	0.6803036451260546	1.0
Reactome	combined	Defective TPR May Confer Susceptibility Towards Thyroid Papillary Carcinoma (TPC) R-HSA-5619107	32	1180	33010	1	NUP43	0.6882018143221236	1.0
Reactome	combined	GPVI-mediated Activation Cascade R-HSA-114604	32	1180	33010	1	VAV3	0.6882018143221236	1.0
Reactome	combined	Nuclear Signaling By ERBB4 R-HSA-1251985	32	1180	33010	1	WWOX	0.6882018143221236	1.0
Reactome	combined	Loss Of Nlp From Mitotic Centrosomes R-HSA-380259	66	1180	33010	2	DCTN2,HAUS6	0.6883939281917626	1.0
Reactome	combined	Signaling By VEGF R-HSA-194138	99	1180	33010	3	CTNNA1,PRR5,VAV3	0.6918004653883154	1.0
Reactome	combined	Mitotic Anaphase R-HSA-68882	224	1180	33010	7	ANAPC1,CENPN,CLASP2,NUP43,PMEPA1,TMPO,TUBB2B	0.6928032131031461	1.0
Reactome	combined	Mitotic Metaphase And Anaphase R-HSA-2555396	225	1180	33010	7	ANAPC1,CENPN,CLASP2,NUP43,PMEPA1,TMPO,TUBB2B	0.6971909514444998	1.0
Reactome	combined	Cellular Responses To Stimuli R-HSA-8953897	703	1180	33010	23	ANAPC1,ASF1A,ATP6V1B1,CAPZB,CDKN2A,DCTN2,DNAJB1,DNAJB6,HSF1,HSPB8,MAPK10,MEF2D,NCOR2,NPLOC4,NUP43,PRDX1,RB1,RPL23,RPS15A,RPS2,RPS3A,STAP2,TBL1XR1	0.6978120617815922	1.0
Reactome	combined	Post-translational Protein Phosphorylation R-HSA-8957275	100	1180	33010	3	PENK,SPARCL1,STC2	0.6982953617840874	1.0
Reactome	combined	EPHB-mediated Forward Signaling R-HSA-3928662	33	1180	33010	1	TIAM1	0.6993583992908876	1.0
Reactome	combined	Regulation Of TNFR1 Signaling R-HSA-5357905	33	1180	33010	1	CASP8	0.6993583992908876	1.0
Reactome	combined	Sialic Acid Metabolism R-HSA-4085001	33	1180	33010	1	ST8SIA3	0.6993583992908876	1.0
Reactome	combined	Signaling To ERKs R-HSA-187687	33	1180	33010	1	NTRK1	0.6993583992908876	1.0
Reactome	combined	Separation Of Sister Chromatids R-HSA-2467813	164	1180	33010	5	ANAPC1,CENPN,CLASP2,NUP43,PMEPA1	0.7015052094591037	1.0
Reactome	combined	NoRC Negatively Regulates rRNA Expression R-HSA-427413	68	1180	33010	2	POLR1D,TAF1D	0.7040684243205833	1.0
Reactome	combined	Clathrin-mediated Endocytosis R-HSA-8856828	133	1180	33010	4	CFTR,COPS5,SGIP1,SYT1	0.7042491213868025	1.0
Reactome	combined	Signaling By Hedgehog R-HSA-5358351	133	1180	33010	4	ADCY8,DZIP1,PRKAR1B,SEL1L	0.7042491213868025	1.0
Reactome	combined	CD28 Co-Stimulation R-HSA-389356	34	1180	33010	1	PRR5	0.7101161119038224	1.0
Reactome	combined	Class C/3 (Metabotropic Glutamate/Pheromone Receptors) R-HSA-420499	34	1180	33010	1	GRM1	0.7101161119038224	1.0
Reactome	combined	Early SARS-CoV-2 Infection Events R-HSA-9772572	34	1180	33010	1	RB1	0.7101161119038224	1.0
Reactome	combined	Nuclear Import Of Rev Protein R-HSA-180746	34	1180	33010	1	NUP43	0.7101161119038224	1.0
Reactome	combined	RHOBTB GTPase Cycle R-HSA-9706574	34	1180	33010	1	CCT6A	0.7101161119038224	1.0
Reactome	combined	ROS And RNS Production In Phagocytes R-HSA-1222556	34	1180	33010	1	ATP6V1B1	0.7101161119038224	1.0
Reactome	combined	AURKA Activation By TPX2 R-HSA-8854518	69	1180	33010	2	DCTN2,HAUS6	0.711656233723659	1.0
Reactome	combined	Transport Of Mature mRNA Derived From An Intron-Containing Transcript R-HSA-159236	69	1180	33010	2	NUP43,SRSF7	0.711656233723659	1.0
Reactome	combined	Negative Epigenetic Regulation Of rRNA Expression R-HSA-5250941	70	1180	33010	2	POLR1D,TAF1D	0.719080291225227	1.0
Reactome	combined	Signaling By FGFR2 R-HSA-5654738	70	1180	33010	2	FGF5,SPRY2	0.719080291225227	1.0
Reactome	combined	Apoptotic Cleavage Of Cellular Proteins R-HSA-111465	35	1180	33010	1	CASP8	0.7204892010581618	1.0
Reactome	combined	Inwardly Rectifying K+ Channels R-HSA-1296065	35	1180	33010	1	ABCC9	0.7204892010581618	1.0
Reactome	combined	MAP2K And MAPK Activation R-HSA-5674135	35	1180	33010	1	APBB1IP	0.7204892010581618	1.0
Reactome	combined	N-glycan Trimming In ER And Calnexin/Calreticulin Cycle R-HSA-532668	35	1180	33010	1	SEL1L	0.7204892010581618	1.0
Reactome	combined	NEP/NS2 Interacts With Cellular Export Machinery R-HSA-168333	35	1180	33010	1	NUP43	0.7204892010581618	1.0
Reactome	combined	RNA Polymerase III Transcription Initiation R-HSA-76046	35	1180	33010	1	POLR1D	0.7204892010581618	1.0
Reactome	combined	RUNX1 Interacts With Co-Factors Whose Precise Effect On RUNX1 Targets Is Not Known R-HSA-8939243	35	1180	33010	1	RUNX1	0.7204892010581618	1.0
Reactome	combined	Rev-mediated Nuclear Export Of HIV RNA R-HSA-165054	35	1180	33010	1	NUP43	0.7204892010581618	1.0
Reactome	combined	SUMOylation Of SUMOylation Proteins R-HSA-4085377	35	1180	33010	1	NUP43	0.7204892010581618	1.0
Reactome	combined	Transport Of Ribonucleoproteins Into Host Nucleus R-HSA-168271	35	1180	33010	1	NUP43	0.7204892010581618	1.0
Reactome	combined	Transport Of SLBP Independent Mature mRNA R-HSA-159227	35	1180	33010	1	NUP43	0.7204892010581618	1.0
Reactome	combined	Neutrophil Degranulation R-HSA-6798695	444	1180	33010	14	ALOX5,ATP11A,BIN2,BPI,CD44,CD58,COTL1,DEGS1,FGR,MMP9,PTPRN2,RAB27A,RAB37,RNASET2	0.720894763886488	1.0
Reactome	combined	Nucleotide Excision Repair R-HSA-5696398	104	1180	33010	3	COPS5,PARP1,RAD23A	0.7232345134887689	1.0
Reactome	combined	Reproduction R-HSA-1474165	105	1180	33010	3	CATSPERG,DIDO1,PMEPA1	0.7292116458540351	1.0
Reactome	combined	Aspirin ADME R-HSA-9749641	36	1180	33010	1	GLYATL1	0.7304914070551707	1.0
Reactome	combined	Export Of Viral Ribonucleoproteins From Nucleus R-HSA-168274	36	1180	33010	1	NUP43	0.7304914070551707	1.0
Reactome	combined	Fatty acyl-CoA Biosynthesis R-HSA-75105	36	1180	33010	1	TECR	0.7304914070551707	1.0
Reactome	combined	PRC2 Methylates Histones And DNA R-HSA-212300	36	1180	33010	1	JARID2	0.7304914070551707	1.0
Reactome	combined	Platelet Aggregation (Plug Formation) R-HSA-76009	36	1180	33010	1	APBB1IP	0.7304914070551707	1.0
Reactome	combined	RHOH GTPase Cycle R-HSA-9013407	36	1180	33010	1	NIPSNAP2	0.7304914070551707	1.0
Reactome	combined	RHOV GTPase Cycle R-HSA-9013424	36	1180	33010	1	DST	0.7304914070551707	1.0
Reactome	combined	Signaling By RAF1 Mutants R-HSA-9656223	36	1180	33010	1	APBB1IP	0.7304914070551707	1.0
Reactome	combined	Transport Of SLBP Dependant Mature mRNA R-HSA-159230	36	1180	33010	1	NUP43	0.7304914070551707	1.0
Reactome	combined	APC/C:Cdh1 Mediated Degradation Of Cdc20 And APC/C:Cdh1 Targets In Late Mitosis/Early G1 R-HSA-174178	72	1180	33010	2	ANAPC1,RB1	0.7334452170189062	1.0
Reactome	combined	Signaling By Receptor Tyrosine Kinases R-HSA-9006934	480	1180	33010	15	ATP6V1B1,CTNNA1,FGF5,FLRT2,GABRA1,GABRG2,MEF2D,MMP9,NTRK1,PRR5,SPRED2,SPRY2,TIAM1,VAV3,WWOX	0.7379299701310813	1.0
Reactome	combined	Infectious Disease R-HSA-5663205	898	1180	33010	29	ADCY8,ANTXR2,CALCB,CPAMD8,ENO1,FGR,GATAD2B,GPR25,HCK,IL17RA,IL18,MC1R,NCOR2,NT5E,NUP43,PARP1,PARP4,PRKAR1B,RB1,RPL23,RPS15A,RPS2,RPS3A,SCT,SGIP1,SYT1,TBL1XR1,VAV3,VIPR2	0.7391866012789703	1.0
Reactome	combined	DAP12 Interactions R-HSA-2172127	37	1180	33010	1	VAV3	0.7401359797389488	1.0
Reactome	combined	FLT3 Signaling R-HSA-9607240	37	1180	33010	1	HCK	0.7401359797389488	1.0
Reactome	combined	Interactions Of Rev With Host Cellular Proteins R-HSA-177243	37	1180	33010	1	NUP43	0.7401359797389488	1.0
Reactome	combined	RHOU GTPase Cycle R-HSA-9013420	37	1180	33010	1	DST	0.7401359797389488	1.0
Reactome	combined	Sensory Perception Of Sweet, Bitter, And Umami (Glutamate) Taste R-HSA-9717207	37	1180	33010	1	GRM1	0.7401359797389488	1.0
Reactome	combined	Metabolism Of Carbohydrates R-HSA-71387	267	1180	33010	8	CD44,CSGALNACT1,ENO1,FUT9,HOOK2,HS3ST2,NUP43,PKLR	0.741716502829827	1.0
Reactome	combined	SARS-CoV-2-host Interactions R-HSA-9705683	173	1180	33010	5	IL17RA,NUP43,RPS15A,RPS2,RPS3A	0.7445487027089519	1.0
Reactome	combined	ISG15 Antiviral Mechanism R-HSA-1169408	74	1180	33010	2	NUP43,SGIP1	0.7471799546048429	1.0
Reactome	combined	Senescence-Associated Secretory Phenotype (SASP) R-HSA-2559582	74	1180	33010	2	ANAPC1,CDKN2A	0.7471799546048429	1.0
Reactome	combined	Signaling By Insulin Receptor R-HSA-74752	74	1180	33010	2	ATP6V1B1,FGF5	0.7471799546048429	1.0
Reactome	combined	Paradoxical Activation Of RAF Signaling By Kinase Inactive BRAF R-HSA-6802955	38	1180	33010	1	APBB1IP	0.7494356959888515	1.0
Reactome	combined	Resolution Of Abasic Sites (AP Sites) R-HSA-73933	38	1180	33010	1	PARP1	0.7494356959888515	1.0
Reactome	combined	Signaling By FGFR4 R-HSA-5654743	38	1180	33010	1	SPRY2	0.7494356959888515	1.0
Reactome	combined	Transport Of Vitamins, Nucleosides, And Related Molecules R-HSA-425397	38	1180	33010	1	SLCO3A1	0.7494356959888515	1.0
Reactome	combined	Macroautophagy R-HSA-1632852	109	1180	33010	3	CFTR,HSF1,PRKAG2	0.7521082193616531	1.0
Reactome	combined	Nuclear Events Mediated By NFE2L2 R-HSA-9759194	75	1180	33010	2	CDKN2A,PRDX1	0.7538164729390296	1.0
Reactome	combined	Carboxyterminal Post-Translational Modifications Of Tubulin R-HSA-8955332	39	1180	33010	1	TUBB2B	0.7584028765885469	1.0
Reactome	combined	Collagen Degradation R-HSA-1442490	39	1180	33010	1	MMP9	0.7584028765885469	1.0
Reactome	combined	Dual Incision In GG-NER R-HSA-5696400	39	1180	33010	1	PARP1	0.7584028765885469	1.0
Reactome	combined	ERCC6 (CSB) And EHMT2 (G9a) Positively Regulate rRNA Expression R-HSA-427389	39	1180	33010	1	GATAD2B	0.7584028765885469	1.0
Reactome	combined	Elastic Fibre Formation R-HSA-1566948	39	1180	33010	1	ITGA8	0.7584028765885469	1.0
Reactome	combined	NGF-stimulated Transcription R-HSA-9031628	39	1180	33010	1	MEF2D	0.7584028765885469	1.0
Reactome	combined	SUMOylation Of Ubiquitinylation Proteins R-HSA-3232142	39	1180	33010	1	NUP43	0.7584028765885469	1.0
Reactome	combined	Translesion Synthesis By Y Family DNA Polymerases Bypasses Lesions On DNA Template R-HSA-110313	39	1180	33010	1	NPLOC4	0.7584028765885469	1.0
Reactome	combined	COPI-dependent Golgi-to-ER Retrograde Traffic R-HSA-6811434	76	1180	33010	2	KIF5A,KLC1	0.7603020950921684	1.0
Reactome	combined	Rab Regulation Of Trafficking R-HSA-9007101	111	1180	33010	3	MPZ,RAB27A,TBC1D7	0.7629598014612485	1.0
Reactome	combined	Recruitment Of NuMA To Mitotic Centrosomes R-HSA-380320	77	1180	33010	2	DCTN2,HAUS6	0.7666391181075836	1.0
Reactome	combined	MTOR Signaling R-HSA-165159	40	1180	33010	1	PRKAG2	0.7670494024939034	1.0
Reactome	combined	RET Signaling R-HSA-8853659	40	1180	33010	1	SHANK3	0.7670494024939034	1.0
Reactome	combined	Signaling By FGFR2 In Disease R-HSA-5655253	40	1180	33010	1	FGF5	0.7670494024939034	1.0
Reactome	combined	TBC/RABGAPs R-HSA-8854214	40	1180	33010	1	TBC1D7	0.7670494024939034	1.0
Reactome	combined	PPARA Activates Gene Expression R-HSA-1989781	112	1180	33010	3	CPT2,NCOR2,TBL1XR1	0.7682393076365841	1.0
Reactome	combined	Centrosome Maturation R-HSA-380287	78	1180	33010	2	DCTN2,HAUS6	0.7728298677359344	1.0
Reactome	combined	TP53 Regulates Metabolic Genes R-HSA-5628897	78	1180	33010	2	PRDX1,PRKAG2	0.7728298677359344	1.0
Reactome	combined	Transport Of Mature Transcript To Cytoplasm R-HSA-72202	78	1180	33010	2	NUP43,SRSF7	0.7728298677359344	1.0
Reactome	combined	Glycosaminoglycan Metabolism R-HSA-1630316	113	1180	33010	3	CD44,CSGALNACT1,HS3ST2	0.7734224843213879	1.0
Reactome	combined	Activation Of Gene Expression By SREBF (SREBP) R-HSA-2426168	41	1180	33010	1	TBL1XR1	0.7753867305211157	1.0
Reactome	combined	Interleukin-3, Interleukin-5 And GM-CSF Signaling R-HSA-512988	41	1180	33010	1	HCK	0.7753867305211157	1.0
Reactome	combined	RND2 GTPase Cycle R-HSA-9696270	41	1180	33010	1	DST	0.7753867305211157	1.0
Reactome	combined	RND3 GTPase Cycle R-HSA-9696264	41	1180	33010	1	DST	0.7753867305211157	1.0
Reactome	combined	Regulation Of Complement Cascade R-HSA-977606	41	1180	33010	1	C4BPA	0.7753867305211157	1.0
Reactome	combined	Retinoid Metabolism And Transport R-HSA-975634	41	1180	33010	1	RIMBP2	0.7753867305211157	1.0
Reactome	combined	Signaling By SCF-KIT R-HSA-1433557	41	1180	33010	1	MMP9	0.7753867305211157	1.0
Reactome	combined	TNF Signaling R-HSA-75893	41	1180	33010	1	CASP8	0.7753867305211157	1.0
Reactome	combined	HCMV Infection R-HSA-9609646	114	1180	33010	3	NCOR2,NUP43,TBL1XR1	0.778510264767959	1.0
Reactome	combined	Regulation Of Lipid Metabolism By PPARalpha R-HSA-400206	114	1180	33010	3	CPT2,NCOR2,TBL1XR1	0.778510264767959	1.0
Reactome	combined	Interferon Signaling R-HSA-913531	181	1180	33010	5	CD44,HLA-DPA1,NUP43,SGIP1,TRIM8	0.7788088570372904	1.0
Reactome	combined	Activation Of GABAB Receptors R-HSA-991365	42	1180	33010	1	ADCY8	0.783425908475712	1.0
Reactome	combined	Collagen Chain Trimerization R-HSA-8948216	42	1180	33010	1	COL11A1	0.783425908475712	1.0
Reactome	combined	Interleukin-10 Signaling R-HSA-6783783	42	1180	33010	1	IL18	0.783425908475712	1.0
Reactome	combined	NS1 Mediated Effects On Host Pathways R-HSA-168276	42	1180	33010	1	NUP43	0.783425908475712	1.0
Reactome	combined	PI3K Cascade R-HSA-109704	42	1180	33010	1	FGF5	0.783425908475712	1.0
Reactome	combined	Smooth Muscle Contraction R-HSA-445355	42	1180	33010	1	CALD1	0.783425908475712	1.0
Reactome	combined	TAK1-dependent IKK And NF-kappa-B Activation R-HSA-445989	42	1180	33010	1	CASP8	0.783425908475712	1.0
Reactome	combined	Transport Of Mature mRNA Derived From An Intronless Transcript R-HSA-159231	42	1180	33010	1	NUP43	0.783425908475712	1.0
Reactome	combined	RHO GTPases Activate Formins R-HSA-5663220	115	1180	33010	3	CENPN,CLASP2,NUP43	0.7835036098962926	1.0
Reactome	combined	Disease R-HSA-1643685	1631	1180	33010	53	ABCC9,ADAMTS20,ADAMTS7,ADCY8,ANAPC1,ANTXR2,APBB1IP,BIN2,CALCB,CAPN2,CASP8,CDKN2A,CFTR,CPAMD8,CUX1,ENO1,FGF5,FGR,GATAD2B,GPR25,HCK,IL17RA,IL18,KIAA1549,KLC1,MAML3,MC1R,NCOR2,NOTCH3,NT5E,NUP43,PARP1,PARP4,PRDX1,PRKAR1B,PRR5,RB1,RPL23,RPS15A,RPS2,RPS3A,SCT,SEL1L,SGIP1,SLC6A18,SLC6A3,SLC6A5,SPRED2,SYT1,TBL1XR1,TLR5,VAV3,VIPR2	0.7843128861778008	1.0
Reactome	combined	COPI-mediated Anterograde Transport R-HSA-6807878	80	1180	33010	2	CAPZB,DCTN2	0.784781963798493	1.0
Reactome	combined	Diseases Of Signal Transduction By Growth Factor Receptors And Second Messengers R-HSA-5663202	406	1180	33010	12	APBB1IP,BIN2,CUX1,FGF5,KIAA1549,KLC1,MAML3,NCOR2,PRR5,SEL1L,SPRED2,TBL1XR1	0.7872787940891995	1.0
Reactome	combined	Antiviral Mechanism By IFN-stimulated Genes R-HSA-1169410	81	1180	33010	2	NUP43,SGIP1	0.7905480620121642	1.0
Reactome	combined	Meiosis R-HSA-1500620	81	1180	33010	2	DIDO1,PMEPA1	0.7905480620121642	1.0
Reactome	combined	Transcriptional Regulation Of White Adipocyte Differentiation R-HSA-381340	81	1180	33010	2	NCOR2,TBL1XR1	0.7905480620121642	1.0
Reactome	combined	SUMOylation Of Transcription Cofactors R-HSA-3899300	43	1180	33010	1	NCOR2	0.7911775897423543	1.0
Reactome	combined	Sensory Perception Of Taste R-HSA-9717189	43	1180	33010	1	GRM1	0.7911775897423543	1.0
Reactome	combined	Transport Of Mature mRNAs Derived From Intronless Transcripts R-HSA-159234	43	1180	33010	1	NUP43	0.7911775897423543	1.0
Reactome	combined	Transcriptional Regulation By TP53 R-HSA-3700989	346	1180	33010	10	BCL2L14,CDKN2A,GATAD2B,MDC1,MPZ,POU4F2,PRDX1,PRKAG2,PRR5,TNFRSF10A	0.7945701229605951	1.0
Reactome	combined	Signaling By WNT R-HSA-195721	283	1180	33010	8	BCL9,NFATC1,PDE6B,RSPO2,SOX17,SOX6,WNT16,WNT5B	0.7961573395352062	1.0
Reactome	combined	Platelet Homeostasis R-HSA-418346	82	1180	33010	2	FGR,PDE10A	0.7961773819637887	1.0
Reactome	combined	RAB GEFs Exchange GTP For GDP On RABs R-HSA-8876198	82	1180	33010	2	MPZ,RAB27A	0.7961773819637887	1.0
Reactome	combined	RMTs Methylate Histone Arginines R-HSA-3214858	44	1180	33010	1	RPS2	0.7986520473546339	1.0
Reactome	combined	Protein Localization R-HSA-9609507	153	1180	33010	4	ACBD5,ACOX3,CMC2,PEX7	0.8005896469446439	1.0
Reactome	combined	RHO GTPase Effectors R-HSA-195258	253	1180	33010	7	CENPN,CFTR,CLASP2,CTNNA1,KIF5A,KLC1,NUP43	0.8031947101082173	1.0
Reactome	combined	Chondroitin Sulfate/Dermatan Sulfate Metabolism R-HSA-1793185	45	1180	33010	1	CSGALNACT1	0.8058591875633803	1.0
Reactome	combined	IRS-mediated Signaling R-HSA-112399	45	1180	33010	1	FGF5	0.8058591875633803	1.0
Reactome	combined	Inositol Phosphate Metabolism R-HSA-1483249	45	1180	33010	1	PLCH2	0.8058591875633803	1.0
Reactome	combined	Metabolism Of Fat-Soluble Vitamins R-HSA-6806667	45	1180	33010	1	RIMBP2	0.8058591875633803	1.0
Reactome	combined	SUMOylation Of DNA Replication Proteins R-HSA-4615885	45	1180	33010	1	NUP43	0.8058591875633803	1.0
Reactome	combined	Regulation Of PLK1 Activity At G2/M Transition R-HSA-2565942	84	1180	33010	2	DCTN2,HAUS6	0.8070352931503332	1.0
Reactome	combined	Olfactory Signaling Pathway R-HSA-381753	287	1180	33010	8	ADCY8,ANO2,OR10J1,OR10K2,OR10Z1,OR2I1P,OR2M3,OR6K2	0.8083302940411871	1.0
Reactome	combined	Toll-like Receptor Cascades R-HSA-168898	155	1180	33010	4	BPI,CASP8,MAPK10,TLR5	0.8086562303987561	1.0
Reactome	combined	SARS-CoV-2 Infection R-HSA-9694516	255	1180	33010	7	IL17RA,NUP43,PARP4,RB1,RPS15A,RPS2,RPS3A	0.809534860294775	1.0
Reactome	combined	Membrane Trafficking R-HSA-199991	571	1180	33010	17	CAPZB,CFTR,COPS5,CUX1,DCTN2,GJA3,GJB2,GRIA1,KIF5A,KLC1,MPZ,PRKAG2,RAB27A,RAB30,SGIP1,SYT1,TBC1D7	0.8114173015266033	1.0
Reactome	combined	Autophagy R-HSA-9612973	122	1180	33010	3	CFTR,HSF1,PRKAG2	0.8158984139218924	1.0
Reactome	combined	APC/C-mediated Degradation Of Cell Cycle Proteins R-HSA-174143	86	1180	33010	2	ANAPC1,RB1	0.8173749227644969	1.0
Reactome	combined	Oxidative Stress Induced Senescence R-HSA-2559580	86	1180	33010	2	CDKN2A,MAPK10	0.8173749227644969	1.0
Reactome	combined	DNA Damage Bypass R-HSA-73893	47	1180	33010	1	NPLOC4	0.8195093849014663	1.0
Reactome	combined	Deposition Of New CENPA-containing Nucleosomes At Centromere R-HSA-606279	47	1180	33010	1	CENPN	0.8195093849014663	1.0
Reactome	combined	Nonhomologous End-Joining (NHEJ) R-HSA-5693571	47	1180	33010	1	MDC1	0.8195093849014663	1.0
Reactome	combined	SUMOylation Of RNA Binding Proteins R-HSA-4570464	47	1180	33010	1	NUP43	0.8195093849014663	1.0
Reactome	combined	Signaling By EGFR R-HSA-177929	47	1180	33010	1	SPRY2	0.8195093849014663	1.0
Reactome	combined	Viral Messenger RNA Synthesis R-HSA-168325	47	1180	33010	1	NUP43	0.8195093849014663	1.0
Reactome	combined	Respiratory Electron Transport R-HSA-611105	87	1180	33010	2	NDUFA10,NDUFA13	0.8223563794031172	1.0
Reactome	combined	Heparan Sulfate/Heparin (HS-GAG) Metabolism R-HSA-1638091	48	1180	33010	1	HS3ST2	0.8259705360653856	1.0
Reactome	combined	IRS-related Events Triggered By IGF1R R-HSA-2428928	48	1180	33010	1	FGF5	0.8259705360653856	1.0
Reactome	combined	Ion Homeostasis R-HSA-5578775	48	1180	33010	1	ABCC9	0.8259705360653856	1.0
Reactome	combined	mRNA Splicing - Minor Pathway R-HSA-72165	48	1180	33010	1	SRSF7	0.8259705360653856	1.0
Reactome	combined	Transport To Golgi And Subsequent Modification R-HSA-948021	161	1180	33010	4	CAPZB,DCTN2,GRIA1,ST8SIA3	0.8312675513946647	1.0
Reactome	combined	Apoptotic Execution Phase R-HSA-75153	49	1180	33010	1	CASP8	0.8322005817981337	1.0
Reactome	combined	Cargo Trafficking To Periciliary Membrane R-HSA-5620920	49	1180	33010	1	CCT5	0.8322005817981337	1.0
Reactome	combined	IGF1R Signaling Cascade R-HSA-2428924	49	1180	33010	1	FGF5	0.8322005817981337	1.0
Reactome	combined	Host Interactions Of HIV Factors R-HSA-162909	126	1180	33010	3	HCK,NUP43,SGIP1	0.8324941691976554	1.0
Reactome	combined	Formation Of TC-NER Pre-Incision Complex R-HSA-6781823	50	1180	33010	1	COPS5	0.8382077816245408	1.0
Reactome	combined	Interleukin-12 Family Signaling R-HSA-447115	50	1180	33010	1	IL6ST	0.8382077816245408	1.0
Reactome	combined	Metabolism Of Non-Coding RNA R-HSA-194441	50	1180	33010	1	NUP43	0.8382077816245408	1.0
Reactome	combined	Signaling By Type 1 Insulin-like Growth Factor 1 Receptor (IGF1R) R-HSA-2404192	50	1180	33010	1	FGF5	0.8382077816245408	1.0
Reactome	combined	Signaling By Interleukins R-HSA-449147	429	1180	33010	12	ALOX5,BATF,CASP8,GATA3,HCK,IL17RA,IL18,IL22RA2,IL6ST,MAPK10,MMP9,TWIST1	0.842943896857799	1.0
Reactome	combined	Complement Cascade R-HSA-166658	51	1180	33010	1	C4BPA	0.8440001001222059	1.0
Reactome	combined	Insulin Receptor Signaling Cascade R-HSA-74751	51	1180	33010	1	FGF5	0.8440001001222059	1.0
Reactome	combined	Translocation Of SLC2A4 (GLUT4) To Plasma Membrane R-HSA-1445148	51	1180	33010	1	PRKAG2	0.8440001001222059	1.0
Reactome	combined	Programmed Cell Death R-HSA-5357801	200	1180	33010	5	CASP8,CDKN2A,DAPK1,IL18,TNFRSF10A	0.8458817416668116	1.0
Reactome	combined	ER To Golgi Anterograde Transport R-HSA-199977	130	1180	33010	3	CAPZB,DCTN2,GRIA1	0.8477868878118464	1.0
Reactome	combined	Amino Acids Regulate mTORC1 R-HSA-9639288	52	1180	33010	1	ATP6V1B1	0.8495852174454195	1.0
Reactome	combined	Chemokine Receptors Bind Chemokines R-HSA-380108	52	1180	33010	1	CCL28	0.8495852174454195	1.0
Reactome	combined	Signaling By Non-Receptor Tyrosine Kinases R-HSA-9006927	52	1180	33010	1	STAP2	0.8495852174454195	1.0
Reactome	combined	Signaling By NTRKs R-HSA-166520	131	1180	33010	3	MEF2D,NTRK1,TIAM1	0.8514151361730496	1.0
Reactome	combined	Anchoring Of Basal Body To Plasma Membrane R-HSA-5620912	94	1180	33010	2	DCTN2,HAUS6	0.8539317055703202	1.0
Reactome	combined	Translation R-HSA-72766	271	1180	33010	7	EIF3I,MRPS17,RPL23,RPS15A,RPS2,RPS3A,SSR3	0.8547041206699114	1.0
Reactome	combined	Deadenylation-dependent mRNA Decay R-HSA-429914	53	1180	33010	1	NLRP4	0.8549705394738921	1.0
Reactome	combined	Regulation Of RUNX3 Expression And Activity R-HSA-8941858	53	1180	33010	1	CDKN2A	0.8549705394738921	1.0
Reactome	combined	Regulation Of Cholesterol Biosynthesis By SREBP (SREBF) R-HSA-1655829	53	1180	33010	1	TBL1XR1	0.8549705394738921	1.0
Reactome	combined	Signaling By ALK Fusions And Activated Point Mutants R-HSA-9725370	53	1180	33010	1	KLC1	0.8549705394738921	1.0
Reactome	combined	mRNA 3-End Processing R-HSA-72187	53	1180	33010	1	SRSF7	0.8549705394738921	1.0
Reactome	combined	E3 Ubiquitin Ligases Ubiquitinate Target Proteins R-HSA-8866654	54	1180	33010	1	HLTF	0.8601632075996564	1.0
Reactome	combined	Hh Mutants Are Degraded By ERAD R-HSA-5362768	54	1180	33010	1	SEL1L	0.8601632075996564	1.0
Reactome	combined	CLEC7A (Dectin-1) Signaling R-HSA-5607764	96	1180	33010	2	CASP8,NFATC1	0.8619638160446531	1.0
Reactome	combined	Hedgehog Off State R-HSA-5610787	96	1180	33010	2	ADCY8,PRKAR1B	0.8619638160446531	1.0
Reactome	combined	TRAF6 Mediated Induction Of NFkB And MAP Kinases Upon TLR7/8 Or 9 Activation R-HSA-975138	96	1180	33010	2	CASP8,MAPK10	0.8619638160446531	1.0
Reactome	combined	Cell Cycle, Mitotic R-HSA-69278	503	1180	33010	14	ANAPC1,CDKN2A,CENPN,CLASP2,DCTN2,GORASP2,HAUS6,NEK7,NUP43,PMEPA1,RB1,SMC4,TMPO,TUBB2B	0.8629644877704925	1.0
Reactome	combined	Apoptosis R-HSA-109581	171	1180	33010	4	CASP8,CDKN2A,DAPK1,TNFRSF10A	0.86398251550435	1.0
Reactome	combined	Major Pathway Of rRNA Processing In Nucleolus And Cytosol R-HSA-6791226	171	1180	33010	4	RPL23,RPS15A,RPS2,RPS3A	0.86398251550435	1.0
Reactome	combined	Formation Of beta-catenin:TCF Transactivating Complex R-HSA-201722	55	1180	33010	1	BCL9	0.8651701081650286	1.0
Reactome	combined	Regulation Of Actin Dynamics For Phagocytic Cup Formation R-HSA-2029482	55	1180	33010	1	VAV3	0.8651701081650286	1.0
Reactome	combined	Stabilization Of P53 R-HSA-69541	55	1180	33010	1	CDKN2A	0.8651701081650286	1.0
Reactome	combined	tRNA Processing In Nucleus R-HSA-6784531	55	1180	33010	1	NUP43	0.8651701081650286	1.0
Reactome	combined	Diseases Of Glycosylation R-HSA-3781865	135	1180	33010	3	ADAMTS20,ADAMTS7,NOTCH3	0.8651833156773644	1.0
Reactome	combined	Toll Like Receptor 4 (TLR4) Cascade R-HSA-166016	135	1180	33010	3	BPI,CASP8,MAPK10	0.8651833156773644	1.0
Reactome	combined	MyD88 Dependent Cascade Initiated On Endosome R-HSA-975155	97	1180	33010	2	CASP8,MAPK10	0.8658262974201889	1.0
Reactome	combined	Toll Like Receptor 7/8 (TLR7/8) Cascade R-HSA-168181	97	1180	33010	2	CASP8,MAPK10	0.8658262974201889	1.0
Reactome	combined	Arachidonic Acid Metabolism R-HSA-2142753	56	1180	33010	1	ALOX5	0.8699978815640657	1.0
Reactome	combined	Formation Of RNA Pol II Elongation Complex R-HSA-112382	56	1180	33010	1	MLLT1	0.8699978815640657	1.0
Reactome	combined	Late SARS-CoV-2 Infection Events R-HSA-9772573	56	1180	33010	1	PARP4	0.8699978815640657	1.0
Reactome	combined	Toll Like Receptor 3 (TLR3) Cascade R-HSA-168164	99	1180	33010	2	CASP8,MAPK10	0.8732550793791852	1.0
Reactome	combined	Hh Mutants Abrogate Ligand Secretion R-HSA-5387390	57	1180	33010	1	SEL1L	0.8746529310195006	1.0
Reactome	combined	Iron Uptake And Transport R-HSA-917937	57	1180	33010	1	ATP6V1B1	0.8746529310195006	1.0
Reactome	combined	RHOQ GTPase Cycle R-HSA-9013406	57	1180	33010	1	CFTR	0.8746529310195006	1.0
Reactome	combined	rRNA Modification In Nucleus And Cytosol R-HSA-6790901	57	1180	33010	1	RPS2	0.8746529310195006	1.0
Reactome	combined	Vesicle-mediated Transport R-HSA-5653656	608	1180	33010	17	CAPZB,CFTR,COPS5,CUX1,DCTN2,GJA3,GJB2,GRIA1,KIF5A,KLC1,MPZ,PRKAG2,RAB27A,RAB30,SGIP1,SYT1,TBC1D7	0.8786256571747272	1.0
Reactome	combined	MAP Kinase Activation R-HSA-450294	58	1180	33010	1	MAPK10	0.8791414310467207	1.0
Reactome	combined	Mitochondrial Protein Import R-HSA-1268020	58	1180	33010	1	CMC2	0.8791414310467207	1.0
Reactome	combined	PI3K/AKT Signaling In Cancer R-HSA-2219528	101	1180	33010	2	FGF5,PRR5	0.8803032596807164	1.0
Reactome	combined	Toll Like Receptor 9 (TLR9) Cascade R-HSA-168138	101	1180	33010	2	CASP8,MAPK10	0.8803032596807164	1.0
Reactome	combined	Innate Immune System R-HSA-168249	955	1180	33010	28	AIM2,ALOX5,ATP11A,ATP6V1B1,BIN2,BPI,C4BPA,CASP8,CD44,CD58,CGAS,COTL1,DEGS1,DHX9,FCER1A,FGR,HCK,MAPK10,MMP9,NFATC1,NLRP4,POLR1D,PTPRN2,RAB27A,RAB37,RNASET2,TLR5,VAV3	0.8821858812472341	1.0
Reactome	combined	Cytochrome P450 - Arranged By Substrate Type R-HSA-211897	59	1180	33010	1	CYP26A1	0.8834693356159387	1.0
Reactome	combined	Beta-catenin Independent WNT Signaling R-HSA-3858494	141	1180	33010	3	NFATC1,PDE6B,WNT5B	0.8837285989769377	1.0
Reactome	combined	Immune System R-HSA-168256	1810	1180	33010	56	AIM2,ALOX5,ANAPC1,ATP11A,ATP6V1B1,BATF,BIN2,BPI,C4BPA,CAPZB,CASP8,CD1D,CD300LF,CD44,CD58,CGAS,COTL1,CXADR,DCTN2,DEGS1,DHX9,ERAP1,FBXL14,FCER1A,FGR,GATA3,HCK,HLA-DPA1,IL17RA,IL18,IL22RA2,IL6ST,KIF5A,KLC1,LNX1,MAPK10,MMP9,NFATC1,NLRP4,NUP43,POLR1D,PRR5,PTPN22,PTPRN2,RAB27A,RAB37,RNASET2,RNF114,SGIP1,SLAMF7,TLR5,TRIM8,TWIST1,VAV3,ZBTB16,ZNRF2	0.8863236856593858	1.0
Reactome	combined	Gene Silencing By RNA R-HSA-211000	103	1180	33010	2	HENMT1,NUP43	0.8869876054011301	1.0
Reactome	combined	MyD88-independent TLR4 Cascade R-HSA-166166	103	1180	33010	2	CASP8,MAPK10	0.8869876054011301	1.0
Reactome	combined	Nuclear Events (Kinase And Transcription Factor Activation) R-HSA-198725	60	1180	33010	1	MEF2D	0.887642386023307	1.0
Reactome	combined	RUNX1 Regulates Genes Involved In Megakaryocyte Differentiation And Platelet Function R-HSA-8936459	60	1180	33010	1	RUNX1	0.887642386023307	1.0
Reactome	combined	rRNA Processing In Nucleus And Cytosol R-HSA-8868773	180	1180	33010	4	RPL23,RPS15A,RPS2,RPS3A	0.8886246492811165	1.0
Reactome	combined	SARS-CoV-2 Activates/Modulates Innate And Adaptive Immune Responses R-HSA-9705671	104	1180	33010	2	IL17RA,NUP43	0.8901984503405882	1.0
Reactome	combined	TP53 Regulates Transcription Of DNA Repair Genes R-HSA-6796648	61	1180	33010	1	MDC1	0.8916661184813492	1.0
Reactome	combined	DNA Double-Strand Break Repair R-HSA-5693532	144	1180	33010	3	EYA1,MDC1,PARP1	0.8921200022343939	1.0
Reactome	combined	Autodegradation Of Cdh1 By Cdh1:APC/C R-HSA-174084	62	1180	33010	1	ANAPC1	0.895545871438708	1.0
Reactome	combined	RNA Polymerase II Transcription Termination R-HSA-73856	62	1180	33010	1	SRSF7	0.895545871438708	1.0
Reactome	combined	Synthesis Of Substrates In N-glycan Biosythesis R-HSA-446219	62	1180	33010	1	ST8SIA3	0.895545871438708	1.0
Reactome	combined	Metabolism Of Vitamins And Cofactors R-HSA-196854	183	1180	33010	4	COQ3,NT5E,PARP4,RIMBP2	0.8959248000566187	1.0
Reactome	combined	Interleukin-1 Family Signaling R-HSA-446652	146	1180	33010	3	ALOX5,CASP8,IL18	0.8974084101974782	1.0
Reactome	combined	COPII-mediated Vesicle Transport R-HSA-204005	63	1180	33010	1	GRIA1	0.8992867926388514	1.0
Reactome	combined	Hedgehog Ligand Biogenesis R-HSA-5358346	63	1180	33010	1	SEL1L	0.8992867926388514	1.0
Reactome	combined	MyD88:MAL(TIRAP) Cascade Initiated On Plasma Membrane R-HSA-166058	107	1180	33010	2	CASP8,MAPK10	0.8993294659910387	1.0
Reactome	combined	Respiratory Electron Transport, ATP Synthesis By Chemiosmotic Coupling, Heat Production By Uncoupling Proteins R-HSA-163200	108	1180	33010	2	NDUFA10,NDUFA13	0.9022123910917117	1.0
Reactome	combined	p53-Dependent G1 DNA Damage Response R-HSA-69563	64	1180	33010	1	CDKN2A	0.9028938459270461	1.0
Reactome	combined	TCR Signaling R-HSA-202403	109	1180	33010	2	HLA-DPA1,PTPN22	0.90501807654461	1.0
Reactome	combined	Adaptive Immune System R-HSA-1280218	692	1180	33010	19	ANAPC1,CAPZB,CD1D,CD300LF,CXADR,DCTN2,ERAP1,FBXL14,HLA-DPA1,KIF5A,KLC1,LNX1,NFATC1,PRR5,PTPN22,RNF114,SLAMF7,ZBTB16,ZNRF2	0.9058332334941513	1.0
Reactome	combined	TCF Dependent Signaling In Response To WNT R-HSA-201681	188	1180	33010	4	BCL9,RSPO2,SOX17,SOX6	0.9071588325436307	1.0
Reactome	combined	rRNA Processing R-HSA-72312	189	1180	33010	4	RPL23,RPS15A,RPS2,RPS3A	0.9092721386706125	1.0
Reactome	combined	Organelle Biogenesis And Maintenance R-HSA-1852241	262	1180	33010	6	CCT5,DCTN2,HAUS6,MEF2D,PRKAG2,TBL1XR1	0.9096898827911399	1.0
Reactome	combined	APC/C:Cdc20 Mediated Degradation Of Securin R-HSA-174154	66	1180	33010	1	ANAPC1	0.9097253238087585	1.0
Reactome	combined	G1/S DNA Damage Checkpoints R-HSA-69615	66	1180	33010	1	CDKN2A	0.9097253238087585	1.0
Reactome	combined	DDX58/IFIH1-mediated Induction Of Interferon-Alpha/Beta R-HSA-168928	67	1180	33010	1	CASP8	0.9129588145174055	1.0
Reactome	combined	Platelet Degranulation R-HSA-114608	112	1180	33010	2	RARRES2,SELENOP	0.9129898565132226	1.0
Reactome	combined	Cell Cycle Checkpoints R-HSA-69620	264	1180	33010	6	ANAPC1,CDKN2A,CENPN,CLASP2,MDC1,NUP43	0.9132248195522696	1.0
Reactome	combined	MAPK1/MAPK3 Signaling R-HSA-5684996	264	1180	33010	6	APBB1IP,FGF5,IL6ST,RASAL1,RASGEF1A,SPRED2	0.9132248195522696	1.0
Reactome	combined	Signaling By NTRK1 (TRKA) R-HSA-187037	113	1180	33010	2	MEF2D,NTRK1	0.9155045839401025	1.0
Reactome	combined	SARS-CoV Infections R-HSA-9679506	336	1180	33010	8	GATAD2B,IL17RA,NUP43,PARP4,RB1,RPS15A,RPS2,RPS3A	0.9159781264974806	1.0
Reactome	combined	Antimicrobial Peptides R-HSA-6803157	68	1180	33010	1	BPI	0.9160765815352686	1.0
Reactome	combined	Base Excision Repair R-HSA-73884	68	1180	33010	1	PARP1	0.9160765815352686	1.0
Reactome	combined	Homology Directed Repair R-HSA-5693538	114	1180	33010	2	MDC1,PARP1	0.9179509110681765	1.0
Reactome	combined	Plasma Lipoprotein Assembly, Remodeling, And Clearance R-HSA-174824	69	1180	33010	1	LMF1	0.9190827631207334	1.0
Reactome	combined	Biological Oxidations R-HSA-211859	194	1180	33010	4	CNDP2,CYP26A1,GLYATL1,GSTM2	0.9192096281244485	1.0
Reactome	combined	MAPK Family Signaling Cascades R-HSA-5683057	305	1180	33010	7	APBB1IP,DNAJB1,FGF5,IL6ST,RASAL1,RASGEF1A,SPRED2	0.922034998324875	1.0
Reactome	combined	S Phase R-HSA-69242	157	1180	33010	3	ANAPC1,PMEPA1,RB1	0.9225286084384664	1.0
Reactome	combined	Transcriptional Regulation By RUNX1 R-HSA-8878171	196	1180	33010	4	GATA3,PAX5,RUNX1,TAL1	0.9229038112875925	1.0
Reactome	combined	CDK-mediated Phosphorylation And Removal Of Cdc6 R-HSA-69017	71	1180	33010	1	ANAPC1	0.9247761889956713	1.0
Reactome	combined	Cdc20:Phospho-APC/C Mediated Degradation Of Cyclin A R-HSA-174184	71	1180	33010	1	ANAPC1	0.9247761889956713	1.0
Reactome	combined	Regulation Of RUNX2 Expression And Activity R-HSA-8939902	71	1180	33010	1	TWIST1	0.9247761889956713	1.0
Reactome	combined	Transcriptional Regulation By Small RNAs R-HSA-5578749	71	1180	33010	1	NUP43	0.9247761889956713	1.0
Reactome	combined	Response To Elevated Platelet Cytosolic Ca2+ R-HSA-76005	117	1180	33010	2	RARRES2,SELENOP	0.9248960451840926	1.0
Reactome	combined	APC:Cdc20 Mediated Degradation Of Cell Cycle Proteins Before Cycle Checkpoint Satisfied R-HSA-179419	72	1180	33010	1	ANAPC1	0.9274709914178793	1.0
Reactome	combined	Amyloid Fiber Formation R-HSA-977225	72	1180	33010	1	APCS	0.9274709914178793	1.0
Reactome	combined	Extra-nuclear Estrogen Signaling R-HSA-9009391	72	1180	33010	1	MMP9	0.9274709914178793	1.0
Reactome	combined	Protein Ubiquitination R-HSA-8852135	72	1180	33010	1	HLTF	0.9274709914178793	1.0
Reactome	combined	G2/M DNA Damage Checkpoint R-HSA-69473	73	1180	33010	1	MDC1	0.9300693346726883	1.0
Reactome	combined	APC/C:Cdc20 Mediated Degradation Of Mitotic Proteins R-HSA-176409	74	1180	33010	1	ANAPC1	0.9325746686462204	1.0
Reactome	combined	RNA Polymerase II Transcribes snRNA Genes R-HSA-6807505	74	1180	33010	1	RPRD2	0.9325746686462204	1.0
Reactome	combined	Cytokine Signaling In Immune System R-HSA-1280215	653	1180	33010	17	ALOX5,BATF,CASP8,CD44,GATA3,HCK,HLA-DPA1,IL17RA,IL18,IL22RA2,IL6ST,MAPK10,MMP9,NUP43,SGIP1,TRIM8,TWIST1	0.9331939625039003	1.0
Reactome	combined	Platelet Activation, Signaling And Aggregation R-HSA-76002	240	1180	33010	5	APBB1IP,PRKCH,RARRES2,SELENOP,VAV3	0.9332402965107298	1.0
Reactome	combined	Metabolism Of Water-Soluble Vitamins And Cofactors R-HSA-196849	121	1180	33010	2	NT5E,PARP4	0.9332963851411701	1.0
Reactome	combined	Activation Of APC/C And APC/C:Cdc20 Mediated Degradation Of Mitotic Proteins R-HSA-176814	75	1180	33010	1	ANAPC1	0.9349903199395608	1.0
Reactome	combined	Biosynthesis Of N-glycan Precursor (Dolichol LLO) And Transfer To Protein R-HSA-446193	75	1180	33010	1	ST8SIA3	0.9349903199395608	1.0
Reactome	combined	Constitutive Signaling By Aberrant PI3K In Cancer R-HSA-2219530	75	1180	33010	1	FGF5	0.9349903199395608	1.0
Reactome	combined	RNA Polymerase II Pre-transcription Events R-HSA-674695	75	1180	33010	1	MLLT1	0.9349903199395608	1.0
Reactome	combined	Transcription-Coupled Nucleotide Excision Repair (TC-NER) R-HSA-6781827	75	1180	33010	1	COPS5	0.9349903199395608	1.0
Reactome	combined	Processing Of DNA Double-Strand Break Ends R-HSA-5693607	76	1180	33010	1	MDC1	0.9373194962708594	1.0
Reactome	combined	Expression And Translocation Of Olfactory Receptors R-HSA-9752946	280	1180	33010	6	OR10J1,OR10K2,OR10Z1,OR2I1P,OR2M3,OR6K2	0.9374161504805933	1.0
Reactome	combined	Downstream Signaling Events Of B Cell Receptor (BCR) R-HSA-1168372	77	1180	33010	1	NFATC1	0.9395652907203762	1.0
Reactome	combined	Signaling By NOTCH4 R-HSA-9013694	78	1180	33010	1	MAML3	0.9417306858240703	1.0
Reactome	combined	Cell Cycle R-HSA-1640170	630	1180	33010	16	ANAPC1,CDKN2A,CENPN,CLASP2,DCTN2,DIDO1,GORASP2,HAUS6,MDC1,NEK7,NUP43,PMEPA1,RB1,SMC4,TMPO,TUBB2B	0.9421391495352825	1.0
Reactome	combined	Regulation Of APC/C Activators Between G1/S And Early Anaphase R-HSA-176408	79	1180	33010	1	ANAPC1	0.9438185575211308	1.0
Reactome	combined	Cyclin E Associated Events During G1/S Transition R-HSA-69202	81	1180	33010	1	RB1	0.947772724172514	1.0
Reactome	combined	Mitochondrial Translation Elongation R-HSA-5389840	82	1180	33010	1	MRPS17	0.9496442716071897	1.0
Reactome	combined	Mitochondrial Translation Initiation R-HSA-5368286	82	1180	33010	1	MRPS17	0.9496442716071897	1.0
Reactome	combined	Mitochondrial Translation Termination R-HSA-5419276	82	1180	33010	1	MRPS17	0.9496442716071897	1.0
Reactome	combined	mRNA Splicing - Major Pathway R-HSA-72163	174	1180	33010	3	DHX9,SRRM2,SRSF7	0.9504680429381248	1.0
Reactome	combined	Late Phase Of HIV Life Cycle R-HSA-162599	131	1180	33010	2	NUP43,SGIP1	0.9505713566139418	1.0
Reactome	combined	Cyclin A:Cdk2-associated Events At S Phase Entry R-HSA-69656	83	1180	33010	1	RB1	0.9514488075493518	1.0
Reactome	combined	Hedgehog On State R-HSA-5632684	84	1180	33010	1	DZIP1	0.953188729409581	1.0
Reactome	combined	Antigen Processing: Ubiquitination And Proteasome Degradation R-HSA-983168	294	1180	33010	6	ANAPC1,FBXL14,LNX1,RNF114,ZBTB16,ZNRF2	0.9534564429785048	1.0
Reactome	combined	Intracellular Signaling By Second Messengers R-HSA-9006925	296	1180	33010	6	ADCY8,FGF5,GATAD2B,NR2E1,PRKAR1B,PRR5	0.9554168668128555	1.0
Reactome	combined	RAF/MAP Kinase Cascade R-HSA-5673001	258	1180	33010	5	APBB1IP,FGF5,RASAL1,RASGEF1A,SPRED2	0.9554611378134873	1.0
Reactome	combined	Cilium Assembly R-HSA-5617833	178	1180	33010	3	CCT5,DCTN2,HAUS6	0.9555099980813709	1.0
Reactome	combined	C-type Lectin Receptors (CLRs) R-HSA-5621481	135	1180	33010	2	CASP8,NFATC1	0.9562078332270167	1.0
Reactome	combined	PTEN Regulation R-HSA-6807070	135	1180	33010	2	GATAD2B,NR2E1	0.9562078332270167	1.0
Reactome	combined	HCMV Late Events R-HSA-9610379	86	1180	33010	1	NUP43	0.9564838950884514	1.0
Reactome	combined	PCP/CE Pathway R-HSA-4086400	87	1180	33010	1	WNT5B	0.9580435173638623	1.0
Reactome	combined	Regulation Of TP53 Activity Thru Phosphorylation R-HSA-6804756	87	1180	33010	1	PRKAG2	0.9580435173638623	1.0
Reactome	combined	DNA Repair R-HSA-73894	299	1180	33010	6	COPS5,EYA1,MDC1,NPLOC4,PARP1,RAD23A	0.9582176016633148	1.0
Reactome	combined	mRNA Splicing R-HSA-72172	181	1180	33010	3	DHX9,SRRM2,SRSF7	0.9589717774631035	1.0
Reactome	combined	Downstream TCR Signaling R-HSA-202424	88	1180	33010	1	HLA-DPA1	0.9595472882690241	1.0
Reactome	combined	Mitochondrial Translation R-HSA-5368287	88	1180	33010	1	MRPS17	0.9595472882690241	1.0
Reactome	combined	MAPK6/MAPK4 Signaling R-HSA-5687128	89	1180	33010	1	DNAJB1	0.9609972062522133	1.0
Reactome	combined	Switching Of Origins To A Post-Replicative State R-HSA-69052	89	1180	33010	1	ANAPC1	0.9609972062522133	1.0
Reactome	combined	Potential Therapeutics For SARS R-HSA-9679191	90	1180	33010	1	GATAD2B	0.9623951983126728	1.0
Reactome	combined	Neddylation R-HSA-8951664	227	1180	33010	4	COPS5,FBXL14,NPLOC4,ZBTB16	0.9636584961820659	1.0
Reactome	combined	Mitotic G1 Phase And G1/S Transition R-HSA-453279	143	1180	33010	2	CDKN2A,RB1	0.9656895536971815	1.0
Reactome	combined	HIV Life Cycle R-HSA-162587	144	1180	33010	2	NUP43,SGIP1	0.9667257445628545	1.0
Reactome	combined	Processing Of Capped Intron-Containing Pre-mRNA R-HSA-72203	231	1180	33010	4	DHX9,NUP43,SRRM2,SRSF7	0.9671289984432743	1.0
Reactome	combined	Metabolism Of Amino Acids And Derivatives R-HSA-71291	348	1180	33010	7	DIDO1,PSPH,RPL23,RPS15A,RPS2,RPS3A,SEPHS2	0.9672226187770852	1.0
Reactome	combined	HATs Acetylate Histones R-HSA-3214847	94	1180	33010	1	PAX3	0.967504087003689	1.0
Reactome	combined	Phase I - Functionalization Of Compounds R-HSA-211945	96	1180	33010	1	CYP26A1	0.9697922401281044	1.0
Reactome	combined	Asparagine N-linked Glycosylation R-HSA-446203	276	1180	33010	5	CAPZB,DCTN2,GRIA1,SEL1L,ST8SIA3	0.9707254324666398	1.0
Reactome	combined	tRNA Processing R-HSA-72306	100	1180	33010	1	NUP43	0.9738968940169133	1.0
Reactome	combined	Class I MHC Mediated Antigen Processing And Presentation R-HSA-983169	359	1180	33010	7	ANAPC1,ERAP1,FBXL14,LNX1,RNF114,ZBTB16,ZNRF2	0.9740619776234601	1.0
Reactome	combined	PI5P, PP2A And IER3 Regulate PI3K/AKT Signaling R-HSA-6811558	102	1180	33010	1	FGF5	0.9757352357865986	1.0
Reactome	combined	Assembly Of Pre-Replicative Complex R-HSA-68867	104	1180	33010	1	ANAPC1	0.9774442121501605	1.0
Reactome	combined	Signaling By B Cell Receptor (BCR) R-HSA-983705	104	1180	33010	1	NFATC1	0.9774442121501605	1.0
Reactome	combined	Chromosome Maintenance R-HSA-73886	109	1180	33010	1	CENPN	0.98120881256407	1.0
Reactome	combined	HDR Thru Homologous Recombination (HRR) Or Single Strand Annealing (SSA) R-HSA-5693567	109	1180	33010	1	MDC1	0.98120881256407	1.0
Reactome	combined	Negative Regulation Of PI3K/AKT Network R-HSA-199418	109	1180	33010	1	FGF5	0.98120881256407	1.0
Reactome	combined	Interleukin-1 Signaling R-HSA-9020702	110	1180	33010	1	CASP8	0.9818827617198524	1.0
Reactome	combined	PIP3 Activates AKT Signaling R-HSA-1257604	259	1180	33010	4	FGF5,GATAD2B,NR2E1,PRR5	0.984014910245218	1.0
Reactome	combined	Ub-specific Processing Proteases R-HSA-5689880	171	1180	33010	2	CFTR,GATA3	0.9856374777791994	1.0
Reactome	combined	Synthesis Of DNA R-HSA-69239	117	1180	33010	1	ANAPC1	0.9859704853332566	1.0
Reactome	combined	HIV Infection R-HSA-162906	220	1180	33010	3	HCK,NUP43,SGIP1	0.9861584133293199	1.0
Reactome	combined	DNA Replication Pre-Initiation R-HSA-69002	119	1180	33010	1	ANAPC1	0.9869590316423243	1.0
Reactome	combined	G2/M Transition R-HSA-69275	177	1180	33010	2	DCTN2,HAUS6	0.9881173218796975	1.0
Reactome	combined	Glycerophospholipid Biosynthesis R-HSA-1483206	122	1180	33010	1	OSBPL5	0.9883128949763356	1.0
Reactome	combined	Mitotic G2-G2/M Phases R-HSA-453274	179	1180	33010	2	DCTN2,HAUS6	0.9888471209847058	1.0
Reactome	combined	G1/S Transition R-HSA-69206	125	1180	33010	1	RB1	0.9895263120711416	1.0
Reactome	combined	Diseases Of Metabolism R-HSA-5668914	232	1180	33010	3	ADAMTS20,ADAMTS7,NOTCH3	0.9901987241038922	1.0
Reactome	combined	Deubiquitination R-HSA-5688426	243	1180	33010	3	CFTR,GATA3,RAD23A	0.992884361217573	1.0
Reactome	combined	Metabolism R-HSA-1430728	1943	1180	33010	51	ACBD5,ACOX3,ADCY8,ADHFE1,ALOX5,CACNA1A,CACNA2D2,CD44,CIDEA,CNDP2,COQ3,CPT2,CSGALNACT1,CTPS1,CYP26A1,DEGS1,DIDO1,DPYS,ENO1,FUT9,GLYATL1,GMPR,GSTM2,HOOK2,HS3ST2,KCNC2,NCOR2,NDUFA10,NDUFA13,NT5E,NUP43,OSBPL5,PARP4,PCDHGA5,PKLR,PLCH2,PPARD,PPM1L,PRKAG2,PRKAR1B,PSPH,RIMBP2,RPL23,RPS15A,RPS2,RPS3A,SEPHS2,SPHK2,SYT5,TBL1XR1,TECR	0.9934473848039919	1.0
Reactome	combined	Metabolism Of Lipids R-HSA-556833	696	1180	33010	14	ACBD5,ACOX3,ALOX5,CIDEA,CPT2,DEGS1,NCOR2,OSBPL5,PPARD,PPM1L,PRKAG2,SPHK2,TBL1XR1,TECR	0.994249455254544	1.0
Reactome	combined	G2/M Checkpoints R-HSA-69481	143	1180	33010	1	MDC1	0.9945754614003846	1.0
Reactome	combined	DNA Replication R-HSA-69306	147	1180	33010	1	ANAPC1	0.995313548925821	1.0
Reactome	combined	Metabolism Of Steroids R-HSA-8957322	149	1180	33010	1	TBL1XR1	0.9956440611309687	1.0
Reactome	combined	Metabolism Of RNA R-HSA-8953854	631	1180	33010	11	CD44,DHX9,NLRP4,NUP43,RPL23,RPS15A,RPS2,RPS3A,SMG9,SRRM2,SRSF7	0.9979157602876586	1.0
Reactome	combined	Keratinization R-HSA-6805567	185	1180	33010	1	KRTAP12-3	0.9988331279174694	1.0
Reactome	combined	Phospholipid Metabolism R-HSA-1483257	199	1180	33010	1	OSBPL5	0.9993011508272679	1.0
Reactome	combined	GAG Synthesis Requires Tetrasaccharide Linker Sequence R-HSA-1971475	23	1180	33010	0		1.0	1.0
Reactome	combined	ABC Transporters In Lipid Homeostasis R-HSA-1369062	16	1180	33010	0		1.0	1.0
Reactome	combined	ADP Signaling Thru P2Y Purinoceptor 1 R-HSA-418592	25	1180	33010	0		1.0	1.0
Reactome	combined	ADP Signaling Thru P2Y Purinoceptor 12 R-HSA-392170	22	1180	33010	0		1.0	1.0
Reactome	combined	AKT Phosphorylates Targets In Cytosol R-HSA-198323	14	1180	33010	0		1.0	1.0
Reactome	combined	AKT Phosphorylates Targets In Nucleus R-HSA-198693	9	1180	33010	0		1.0	1.0
Reactome	combined	ALK Mutants Bind TKIs R-HSA-9700645	12	1180	33010	0		1.0	1.0
Reactome	combined	APC Truncation Mutants Have Impaired AXIN Binding R-HSA-5467337	13	1180	33010	0		1.0	1.0
Reactome	combined	APEX1-Independent Resolution Of AP Sites Via Single Nucleotide Replacement Pathway R-HSA-5649702	7	1180	33010	0		1.0	1.0
Reactome	combined	ATF4 Activates Genes In Response To Endoplasmic Reticulum Stress R-HSA-380994	26	1180	33010	0		1.0	1.0
Reactome	combined	ATF6 (ATF6-alpha) Activates Chaperone Genes R-HSA-381183	9	1180	33010	0		1.0	1.0
Reactome	combined	ATF6 (ATF6-alpha) Activates Chaperones R-HSA-381033	10	1180	33010	0		1.0	1.0
Reactome	combined	AUF1 (hnRNP D0) Binds And Destabilizes mRNA R-HSA-450408	53	1180	33010	0		1.0	1.0
Reactome	combined	Abacavir ADME R-HSA-2161522	10	1180	33010	0		1.0	1.0
Reactome	combined	Abacavir Metabolism R-HSA-2161541	5	1180	33010	0		1.0	1.0
Reactome	combined	Abacavir Transmembrane Transport R-HSA-2161517	5	1180	33010	0		1.0	1.0
Reactome	combined	Abortive Elongation Of HIV-1 Transcript In Absence Of Tat R-HSA-167242	23	1180	33010	0		1.0	1.0
Reactome	combined	Acetylcholine Binding And Downstream Events R-HSA-181431	13	1180	33010	0		1.0	1.0
Reactome	combined	Acetylcholine Inhibits Contraction Of Outer Hair Cells R-HSA-9667769	5	1180	33010	0		1.0	1.0
Reactome	combined	Acetylcholine Regulates Insulin Secretion R-HSA-399997	10	1180	33010	0		1.0	1.0
Reactome	combined	Acrosome Reaction And Sperm:Oocyte Membrane Binding R-HSA-1300645	5	1180	33010	0		1.0	1.0
Reactome	combined	Activated NTRK2 Signals Thru FRS2 And FRS3 R-HSA-9028731	9	1180	33010	0		1.0	1.0
Reactome	combined	Activated NTRK2 Signals Thru FYN R-HSA-9032500	6	1180	33010	0		1.0	1.0
Reactome	combined	Activated NTRK2 Signals Thru PI3K R-HSA-9028335	6	1180	33010	0		1.0	1.0
Reactome	combined	Activated NTRK2 Signals Thru RAS R-HSA-9026519	7	1180	33010	0		1.0	1.0
Reactome	combined	Activated NTRK3 Signals Thru PI3K R-HSA-9603381	6	1180	33010	0		1.0	1.0
Reactome	combined	Activated NTRK3 Signals Thru RAS R-HSA-9034864	7	1180	33010	0		1.0	1.0
Reactome	combined	Activated PKN1 Stimulates Transcription Of Androgen Receptor Regulated KLK2 And KLK3 R-HSA-5625886	30	1180	33010	0		1.0	1.0
Reactome	combined	Activation Of ATR In Response To Replication Stress R-HSA-176187	36	1180	33010	0		1.0	1.0
Reactome	combined	Activation Of BAD And Translocation To Mitochondria R-HSA-111447	15	1180	33010	0		1.0	1.0
Reactome	combined	Activation Of BH3-only Proteins R-HSA-114452	30	1180	33010	0		1.0	1.0
Reactome	combined	Activation Of C3 And C5 R-HSA-174577	5	1180	33010	0		1.0	1.0
Reactome	combined	Activation Of Ca-permeable Kainate Receptor R-HSA-451308	9	1180	33010	0		1.0	1.0
Reactome	combined	Activation Of G Protein Gated Potassium Channels R-HSA-1296041	29	1180	33010	0		1.0	1.0
Reactome	combined	Activation Of IRF3/IRF7 Mediated By TBK1/IKK Epsilon R-HSA-936964	17	1180	33010	0		1.0	1.0
Reactome	combined	Activation Of NF-kappaB In B Cells R-HSA-1169091	64	1180	33010	0		1.0	1.0
Reactome	combined	Activation Of NOXA And Translocation To Mitochondria R-HSA-111448	5	1180	33010	0		1.0	1.0
Reactome	combined	Activation Of PUMA And Translocation To Mitochondria R-HSA-139915	9	1180	33010	0		1.0	1.0
Reactome	combined	Activation Of RAC1 R-HSA-428540	12	1180	33010	0		1.0	1.0
Reactome	combined	Activation Of RAC1 Downstream Of NMDARs R-HSA-9619229	7	1180	33010	0		1.0	1.0
Reactome	combined	Activation Of SMO R-HSA-5635838	18	1180	33010	0		1.0	1.0
Reactome	combined	Activation Of Caspases Thru Apoptosome-Mediated Cleavage R-HSA-111459	5	1180	33010	0		1.0	1.0
Reactome	combined	Activation Of Kainate Receptors Upon Glutamate Binding R-HSA-451326	29	1180	33010	0		1.0	1.0
Reactome	combined	Activation Of Pre-Replicative Complex R-HSA-68962	30	1180	33010	0		1.0	1.0
Reactome	combined	Acyl Chain Remodeling Of CL R-HSA-1482798	5	1180	33010	0		1.0	1.0
Reactome	combined	Acyl Chain Remodeling Of DAG And TAG R-HSA-1482883	5	1180	33010	0		1.0	1.0
Reactome	combined	Acyl Chain Remodelling Of PC R-HSA-1482788	27	1180	33010	0		1.0	1.0
Reactome	combined	Acyl Chain Remodelling Of PE R-HSA-1482839	29	1180	33010	0		1.0	1.0
Reactome	combined	Acyl Chain Remodelling Of PG R-HSA-1482925	18	1180	33010	0		1.0	1.0
Reactome	combined	Acyl Chain Remodelling Of PI R-HSA-1482922	17	1180	33010	0		1.0	1.0
Reactome	combined	Adrenoceptors R-HSA-390696	9	1180	33010	0		1.0	1.0
Reactome	combined	Advanced Glycosylation Endproduct Receptor Signaling R-HSA-879415	13	1180	33010	0		1.0	1.0
Reactome	combined	Aflatoxin Activation And Detoxification R-HSA-5423646	18	1180	33010	0		1.0	1.0
Reactome	combined	Alpha-defensins R-HSA-1462054	6	1180	33010	0		1.0	1.0
Reactome	combined	Alpha-oxidation Of Phytanate R-HSA-389599	6	1180	33010	0		1.0	1.0
Reactome	combined	Alpha-protein Kinase 1 Signaling Pathway R-HSA-9645460	10	1180	33010	0		1.0	1.0
Reactome	combined	Androgen Biosynthesis R-HSA-193048	11	1180	33010	0		1.0	1.0
Reactome	combined	Antigen Activates B Cell Receptor Leading To Second Messenger Generation R-HSA-983695	28	1180	33010	0		1.0	1.0
Reactome	combined	Antigen processing-Cross Presentation R-HSA-1236975	97	1180	33010	0		1.0	1.0
Reactome	combined	Apoptosis Induced DNA Fragmentation R-HSA-140342	13	1180	33010	0		1.0	1.0
Reactome	combined	Apoptotic Cleavage Of Cell Adhesion Proteins R-HSA-351906	11	1180	33010	0		1.0	1.0
Reactome	combined	Arachidonate Production From DAG R-HSA-426048	5	1180	33010	0		1.0	1.0
Reactome	combined	Aryl Hydrocarbon Receptor Signaling R-HSA-8937144	7	1180	33010	0		1.0	1.0
Reactome	combined	Aspartate And Asparagine Metabolism R-HSA-8963693	11	1180	33010	0		1.0	1.0
Reactome	combined	Assembly Of ORC Complex At Origin Of Replication R-HSA-68616	33	1180	33010	0		1.0	1.0
Reactome	combined	Asymmetric Localization Of PCP Proteins R-HSA-4608870	61	1180	33010	0		1.0	1.0
Reactome	combined	Atorvastatin ADME R-HSA-9754706	9	1180	33010	0		1.0	1.0
Reactome	combined	Attachment And Entry R-HSA-9678110	4	1180	33010	0		1.0	1.0
Reactome	combined	Attachment Of GPI Anchor To uPAR R-HSA-162791	7	1180	33010	0		1.0	1.0
Reactome	combined	Autodegradation Of E3 Ubiquitin Ligase COP1 R-HSA-349425	50	1180	33010	0		1.0	1.0
Reactome	combined	BH3-only Proteins Associate With And Inactivate Anti-Apoptotic BCL-2 Members R-HSA-111453	9	1180	33010	0		1.0	1.0
Reactome	combined	Base-Excision Repair, AP Site Formation R-HSA-73929	40	1180	33010	0		1.0	1.0
Reactome	combined	Basigin Interactions R-HSA-210991	24	1180	33010	0		1.0	1.0
Reactome	combined	Beta Defensins R-HSA-1461957	21	1180	33010	0		1.0	1.0
Reactome	combined	Beta Oxidation Of butanoyl-CoA To acetyl-CoA R-HSA-77352	5	1180	33010	0		1.0	1.0
Reactome	combined	Beta Oxidation Of decanoyl-CoA To octanoyl-CoA-CoA R-HSA-77346	6	1180	33010	0		1.0	1.0
Reactome	combined	Beta Oxidation Of hexanoyl-CoA To butanoyl-CoA R-HSA-77350	5	1180	33010	0		1.0	1.0
Reactome	combined	Beta Oxidation Of lauroyl-CoA To decanoyl-CoA-CoA R-HSA-77310	5	1180	33010	0		1.0	1.0
Reactome	combined	Beta Oxidation Of octanoyl-CoA To hexanoyl-CoA R-HSA-77348	5	1180	33010	0		1.0	1.0
Reactome	combined	Beta-catenin Phosphorylation Cascade R-HSA-196299	16	1180	33010	0		1.0	1.0
Reactome	combined	Beta-oxidation Of Very Long Chain Fatty Acids R-HSA-390247	10	1180	33010	0		1.0	1.0
Reactome	combined	Bile Acid And Bile Salt Metabolism R-HSA-194068	45	1180	33010	0		1.0	1.0
Reactome	combined	Binding And Uptake Of Ligands By Scavenger Receptors R-HSA-2173782	40	1180	33010	0		1.0	1.0
Reactome	combined	Binding Of TCF/LEF:CTNNB1 To Target Gene Promoters R-HSA-4411364	8	1180	33010	0		1.0	1.0
Reactome	combined	Biosynthesis Of Maresin-Like SPMs R-HSA-9027307	5	1180	33010	0		1.0	1.0
Reactome	combined	Biotin Transport And Metabolism R-HSA-196780	10	1180	33010	0		1.0	1.0
Reactome	combined	Branched-chain Amino Acid Catabolism R-HSA-70895	20	1180	33010	0		1.0	1.0
Reactome	combined	Butyrate Response Factor 1 Binds And Destabilizes mRNA R-HSA-450385	17	1180	33010	0		1.0	1.0
Reactome	combined	Butyrophilin (BTN) Family Interactions R-HSA-8851680	12	1180	33010	0		1.0	1.0
Reactome	combined	CD163 Mediating An Anti-Inflammatory Response R-HSA-9662834	9	1180	33010	0		1.0	1.0
Reactome	combined	CD209 (DC-SIGN) Signaling R-HSA-5621575	20	1180	33010	0		1.0	1.0
Reactome	combined	CD22 Mediated BCR Regulation R-HSA-5690714	5	1180	33010	0		1.0	1.0
Reactome	combined	CD28 Dependent Vav1 Pathway R-HSA-389359	12	1180	33010	0		1.0	1.0
Reactome	combined	CDC6 Association With ORC:origin Complex R-HSA-68689	8	1180	33010	0		1.0	1.0
Reactome	combined	CHL1 Interactions R-HSA-447041	9	1180	33010	0		1.0	1.0
Reactome	combined	CREB Phosphorylation R-HSA-199920	6	1180	33010	0		1.0	1.0
Reactome	combined	CREB1 Phosphorylation Thru NMDA Receptor-Mediated Activation Of RAS Signaling R-HSA-442742	25	1180	33010	0		1.0	1.0
Reactome	combined	CREB1 Phosphorylation Thru Activation Of CaMKII/CaMKK/CaMKIV Cascasde R-HSA-442729	8	1180	33010	0		1.0	1.0
Reactome	combined	CREB3 Factors Activate Genes R-HSA-8874211	7	1180	33010	0		1.0	1.0
Reactome	combined	CS/DS Degradation R-HSA-2024101	12	1180	33010	0		1.0	1.0
Reactome	combined	CTLA4 Inhibitory Signaling R-HSA-389513	21	1180	33010	0		1.0	1.0
Reactome	combined	CTNNB1 S33 Mutants Not Phosphorylated R-HSA-5358747	14	1180	33010	0		1.0	1.0
Reactome	combined	CYP2E1 Reactions R-HSA-211999	8	1180	33010	0		1.0	1.0
Reactome	combined	Ca2+ Activated K+ Channels R-HSA-1296052	8	1180	33010	0		1.0	1.0
Reactome	combined	CaMK IV-mediated Phosphorylation Of CREB R-HSA-111932	10	1180	33010	0		1.0	1.0
Reactome	combined	Cell-extracellular Matrix Interactions R-HSA-446353	14	1180	33010	0		1.0	1.0
Reactome	combined	Cellular Response To Hypoxia R-HSA-1234174	72	1180	33010	0		1.0	1.0
Reactome	combined	Chk1/Chk2(Cds1) Mediated Inactivation Of Cyclin B:Cdk1 Complex R-HSA-75035	13	1180	33010	0		1.0	1.0
Reactome	combined	Cholesterol Biosynthesis R-HSA-191273	25	1180	33010	0		1.0	1.0
Reactome	combined	Choline Catabolism R-HSA-6798163	6	1180	33010	0		1.0	1.0
Reactome	combined	Chylomicron Assembly R-HSA-8963888	9	1180	33010	0		1.0	1.0
Reactome	combined	Chylomicron Clearance R-HSA-8964026	5	1180	33010	0		1.0	1.0
Reactome	combined	Chylomicron Remodeling R-HSA-8963901	9	1180	33010	0		1.0	1.0
Reactome	combined	Classical Antibody-Mediated Complement Activation R-HSA-173623	5	1180	33010	0		1.0	1.0
Reactome	combined	Cleavage Of Damaged Purine R-HSA-110331	33	1180	33010	0		1.0	1.0
Reactome	combined	Cleavage Of Damaged Pyrimidine R-HSA-110329	38	1180	33010	0		1.0	1.0
Reactome	combined	Cobalamin (Cbl) Metabolism R-HSA-9759218	6	1180	33010	0		1.0	1.0
Reactome	combined	Cobalamin (Cbl, Vitamin B12) Transport And Metabolism R-HSA-196741	21	1180	33010	0		1.0	1.0
Reactome	combined	Coenzyme A Biosynthesis R-HSA-196783	8	1180	33010	0		1.0	1.0
Reactome	combined	Common Pathway Of Fibrin Clot Formation R-HSA-140875	20	1180	33010	0		1.0	1.0
Reactome	combined	Competing Endogenous RNAs (ceRNAs) Regulate PTEN Translation R-HSA-8948700	10	1180	33010	0		1.0	1.0
Reactome	combined	Constitutive Signaling By EGFRvIII R-HSA-5637810	14	1180	33010	0		1.0	1.0
Reactome	combined	Constitutive Signaling By Ligand-Responsive EGFR Cancer Variants R-HSA-1236382	18	1180	33010	0		1.0	1.0
Reactome	combined	Constitutive Signaling By NOTCH1 HD Domain Mutants R-HSA-2691232	15	1180	33010	0		1.0	1.0
Reactome	combined	Constitutive Signaling By NOTCH1 t(7;9)(NOTCH1:M1580 K2555) Translocation Mutant R-HSA-2660826	7	1180	33010	0		1.0	1.0
Reactome	combined	Constitutive Signaling By Overexpressed ERBB2 R-HSA-9634285	10	1180	33010	0		1.0	1.0
Reactome	combined	Creatine Metabolism R-HSA-71288	8	1180	33010	0		1.0	1.0
Reactome	combined	Creation Of C4 And C2 Activators R-HSA-166786	13	1180	33010	0		1.0	1.0
Reactome	combined	Cristae Formation R-HSA-8949613	27	1180	33010	0		1.0	1.0
Reactome	combined	Cross-presentation Of Particulate Exogenous Antigens (Phagosomes) R-HSA-1236973	6	1180	33010	0		1.0	1.0
Reactome	combined	Cross-presentation Of Soluble Exogenous Antigens (Endosomes) R-HSA-1236978	45	1180	33010	0		1.0	1.0
Reactome	combined	Cyclin A/B1/B2 Associated Events During G2/M Transition R-HSA-69273	24	1180	33010	0		1.0	1.0
Reactome	combined	Cytochrome C-Mediated Apoptotic Response R-HSA-111461	12	1180	33010	0		1.0	1.0
Reactome	combined	Cytosolic Iron-Sulfur Cluster Assembly R-HSA-2564830	11	1180	33010	0		1.0	1.0
Reactome	combined	Cytosolic Sulfonation Of Small Molecules R-HSA-156584	20	1180	33010	0		1.0	1.0
Reactome	combined	Cytosolic tRNA Aminoacylation R-HSA-379716	24	1180	33010	0		1.0	1.0
Reactome	combined	DCC Mediated Attractive Signaling R-HSA-418885	14	1180	33010	0		1.0	1.0
Reactome	combined	DNA Damage Reversal R-HSA-73942	8	1180	33010	0		1.0	1.0
Reactome	combined	DNA Methylation R-HSA-5334118	29	1180	33010	0		1.0	1.0
Reactome	combined	DNA Replication Initiation R-HSA-68952	7	1180	33010	0		1.0	1.0
Reactome	combined	DNA Strand Elongation R-HSA-69190	30	1180	33010	0		1.0	1.0
Reactome	combined	DSCAM Interactions R-HSA-376172	11	1180	33010	0		1.0	1.0
Reactome	combined	Dectin-1 Mediated Noncanonical NF-kB Signaling R-HSA-5607761	60	1180	33010	0		1.0	1.0
Reactome	combined	Dectin-2 Family R-HSA-5621480	26	1180	33010	0		1.0	1.0
Reactome	combined	Defective B3GALT6 Causes EDSP2 And SEMDJL1 R-HSA-4420332	17	1180	33010	0		1.0	1.0
Reactome	combined	Defective B3GAT3 Causes JDSSDHD R-HSA-3560801	17	1180	33010	0		1.0	1.0
Reactome	combined	Defective B4GALT1 Causes B4GALT1-CDG (CDG-2d) R-HSA-3656244	7	1180	33010	0		1.0	1.0
Reactome	combined	Defective B4GALT7 Causes EDS, Progeroid Type R-HSA-3560783	17	1180	33010	0		1.0	1.0
Reactome	combined	Defective C1GALT1C1 Causes TNPS R-HSA-5083632	17	1180	33010	0		1.0	1.0
Reactome	combined	Defective CHST14 Causes EDS, Musculocontractural Type R-HSA-3595174	7	1180	33010	0		1.0	1.0
Reactome	combined	Defective CHST3 Causes SEDCJD R-HSA-3595172	7	1180	33010	0		1.0	1.0
Reactome	combined	Defective CHST6 Causes MCDC1 R-HSA-3656225	7	1180	33010	0		1.0	1.0
Reactome	combined	Defective CHSY1 Causes TPBS R-HSA-3595177	7	1180	33010	0		1.0	1.0
Reactome	combined	Defective CSF2RA Causes SMDP4 R-HSA-5688890	6	1180	33010	0		1.0	1.0
Reactome	combined	Defective EXT1 Causes Exostoses 1, TRPS2 And CHDS R-HSA-3656253	11	1180	33010	0		1.0	1.0
Reactome	combined	Defective F9 Activation R-HSA-9673221	4	1180	33010	0		1.0	1.0
Reactome	combined	Defective GALNT12 Causes CRCS1 R-HSA-5083636	17	1180	33010	0		1.0	1.0
Reactome	combined	Defective GALNT3 Causes HFTC R-HSA-5083625	17	1180	33010	0		1.0	1.0
Reactome	combined	Defective HDR Thru Homologous Recombination (HRR) Due To BRCA1 Loss-Of-Function R-HSA-9701192	25	1180	33010	0		1.0	1.0
Reactome	combined	Defective HLCS Causes Multiple Carboxylase Deficiency R-HSA-3371599	7	1180	33010	0		1.0	1.0
Reactome	combined	Defective ST3GAL3 Causes MCT12 And EIEE15 R-HSA-3656243	7	1180	33010	0		1.0	1.0
Reactome	combined	Defective Factor IX Causes Hemophilia B R-HSA-9668250	6	1180	33010	0		1.0	1.0
Reactome	combined	Defective Factor VIII Causes Hemophilia A R-HSA-9662001	5	1180	33010	0		1.0	1.0
Reactome	combined	Defective Homologous Recombination Repair (HRR) Due To BRCA2 Loss Of Function R-HSA-9701190	41	1180	33010	0		1.0	1.0
Reactome	combined	Defective Pyroptosis R-HSA-9710421	35	1180	33010	0		1.0	1.0
Reactome	combined	Defects In Biotin (Btn) Metabolism R-HSA-3323169	8	1180	33010	0		1.0	1.0
Reactome	combined	Defects In Cobalamin (B12) Metabolism R-HSA-3296469	13	1180	33010	0		1.0	1.0
Reactome	combined	Defects In Vitamin And Cofactor Metabolism R-HSA-3296482	21	1180	33010	0		1.0	1.0
Reactome	combined	Defects Of Contact Activation System (CAS) And Kallikrein/Kinin System (KKS) R-HSA-9651496	13	1180	33010	0		1.0	1.0
Reactome	combined	Defensins R-HSA-1461973	27	1180	33010	0		1.0	1.0
Reactome	combined	Degradation Of AXIN R-HSA-4641257	53	1180	33010	0		1.0	1.0
Reactome	combined	Degradation Of DVL R-HSA-4641258	54	1180	33010	0		1.0	1.0
Reactome	combined	Degradation Of GLI1 By Proteasome R-HSA-5610780	58	1180	33010	0		1.0	1.0
Reactome	combined	Degradation Of GLI2 By Proteasome R-HSA-5610783	58	1180	33010	0		1.0	1.0
Reactome	combined	Degradation Of Beta-Catenin By Destruction Complex R-HSA-195253	82	1180	33010	0		1.0	1.0
Reactome	combined	Degradation Of Cysteine And Homocysteine R-HSA-1614558	13	1180	33010	0		1.0	1.0
Reactome	combined	Dermatan Sulfate Biosynthesis R-HSA-2022923	10	1180	33010	0		1.0	1.0
Reactome	combined	Digestion R-HSA-8935690	17	1180	33010	0		1.0	1.0
Reactome	combined	Digestion And Absorption R-HSA-8963743	22	1180	33010	0		1.0	1.0
Reactome	combined	Digestion Of Dietary Carbohydrate R-HSA-189085	7	1180	33010	0		1.0	1.0
Reactome	combined	Digestion Of Dietary Lipid R-HSA-192456	6	1180	33010	0		1.0	1.0
Reactome	combined	Disassembly Of Destruction Complex And Recruitment Of AXIN To Membrane R-HSA-4641262	28	1180	33010	0		1.0	1.0
Reactome	combined	Diseases Associated With N-glycosylation Of Proteins R-HSA-3781860	19	1180	33010	0		1.0	1.0
Reactome	combined	Diseases Associated With Glycosaminoglycan Metabolism R-HSA-3560782	36	1180	33010	0		1.0	1.0
Reactome	combined	Diseases Associated With Glycosylation Precursor Biosynthesis R-HSA-5609975	15	1180	33010	0		1.0	1.0
Reactome	combined	Diseases Associated With Surfactant Metabolism R-HSA-5687613	8	1180	33010	0		1.0	1.0
Reactome	combined	Diseases Associated With Visual Transduction R-HSA-2474795	11	1180	33010	0		1.0	1.0
Reactome	combined	Diseases Of Base Excision Repair R-HSA-9605308	5	1180	33010	0		1.0	1.0
Reactome	combined	Diseases Of DNA Repair R-HSA-9675135	51	1180	33010	0		1.0	1.0
Reactome	combined	Diseases Of Mismatch Repair (MMR) R-HSA-5423599	5	1180	33010	0		1.0	1.0
Reactome	combined	Diseases Of Carbohydrate Metabolism R-HSA-5663084	30	1180	33010	0		1.0	1.0
Reactome	combined	Disinhibition Of SNARE Formation R-HSA-114516	5	1180	33010	0		1.0	1.0
Reactome	combined	Displacement Of DNA Glycosylase By APEX1 R-HSA-110357	9	1180	33010	0		1.0	1.0
Reactome	combined	Dopamine Receptors R-HSA-390651	5	1180	33010	0		1.0	1.0
Reactome	combined	Downregulation Of ERBB2 Signaling R-HSA-8863795	29	1180	33010	0		1.0	1.0
Reactome	combined	Downregulation Of ERBB2:ERBB3 Signaling R-HSA-1358803	13	1180	33010	0		1.0	1.0
Reactome	combined	Downregulation Of ERBB4 Signaling R-HSA-1253288	9	1180	33010	0		1.0	1.0
Reactome	combined	Downstream Signal Transduction R-HSA-186763	28	1180	33010	0		1.0	1.0
Reactome	combined	Downstream Signaling Of Activated FGFR4 R-HSA-5654716	24	1180	33010	0		1.0	1.0
Reactome	combined	Drug-mediated Inhibition Of CDK4/CDK6 Activity R-HSA-9754119	5	1180	33010	0		1.0	1.0
Reactome	combined	Dual Incision In TC-NER R-HSA-6782135	63	1180	33010	0		1.0	1.0
Reactome	combined	E2F-enabled Inhibition Of Pre-Replication Complex Formation R-HSA-113507	9	1180	33010	0		1.0	1.0
Reactome	combined	EGFR Transactivation By Gastrin R-HSA-2179392	8	1180	33010	0		1.0	1.0
Reactome	combined	EGFR Interacts With Phospholipase C-gamma R-HSA-212718	8	1180	33010	0		1.0	1.0
Reactome	combined	EPHA-mediated Growth Cone Collapse R-HSA-3928663	15	1180	33010	0		1.0	1.0
Reactome	combined	ER-Phagosome Pathway R-HSA-1236974	86	1180	33010	0		1.0	1.0
Reactome	combined	ERBB2 Activates PTK6 Signaling R-HSA-8847993	13	1180	33010	0		1.0	1.0
Reactome	combined	ERBB2 Regulates Cell Motility R-HSA-6785631	15	1180	33010	0		1.0	1.0
Reactome	combined	ERK/MAPK Targets R-HSA-198753	21	1180	33010	0		1.0	1.0
Reactome	combined	ERKs Are Inactivated R-HSA-202670	13	1180	33010	0		1.0	1.0
Reactome	combined	Eicosanoid Ligand-Binding Receptors R-HSA-391903	14	1180	33010	0		1.0	1.0
Reactome	combined	Eicosanoids R-HSA-211979	11	1180	33010	0		1.0	1.0
Reactome	combined	Elevation Of Cytosolic Ca2+ Levels R-HSA-139853	15	1180	33010	0		1.0	1.0
Reactome	combined	Endogenous Sterols R-HSA-211976	26	1180	33010	0		1.0	1.0
Reactome	combined	Endosomal Sorting Complex Required For Transport (ESCRT) R-HSA-917729	30	1180	33010	0		1.0	1.0
Reactome	combined	Endosomal/Vacuolar Pathway R-HSA-1236977	11	1180	33010	0		1.0	1.0
Reactome	combined	Entry Of Influenza Virion Into Host Cell Via Endocytosis R-HSA-168275	5	1180	33010	0		1.0	1.0
Reactome	combined	Erythrocytes Take Up Carbon Dioxide And Release Oxygen R-HSA-1237044	11	1180	33010	0		1.0	1.0
Reactome	combined	Erythrocytes Take Up Oxygen And Release Carbon Dioxide R-HSA-1247673	7	1180	33010	0		1.0	1.0
Reactome	combined	Erythropoietin Activates Phosphoinositide-3-kinase (PI3K) R-HSA-9027276	12	1180	33010	0		1.0	1.0
Reactome	combined	Erythropoietin Activates Phospholipase C Gamma (PLCG) R-HSA-9027277	7	1180	33010	0		1.0	1.0
Reactome	combined	Erythropoietin Activates RAS R-HSA-9027284	13	1180	33010	0		1.0	1.0
Reactome	combined	Erythropoietin Activates STAT5 R-HSA-9027283	7	1180	33010	0		1.0	1.0
Reactome	combined	Estrogen Biosynthesis R-HSA-193144	6	1180	33010	0		1.0	1.0
Reactome	combined	Estrogen-dependent Nuclear Events Downstream Of ESR-membrane Signaling R-HSA-9634638	23	1180	33010	0		1.0	1.0
Reactome	combined	Estrogen-stimulated Signaling Thru PRKCZ R-HSA-9634635	5	1180	33010	0		1.0	1.0
Reactome	combined	Ethanol Oxidation R-HSA-71384	11	1180	33010	0		1.0	1.0
Reactome	combined	Extension Of Telomeres R-HSA-180786	48	1180	33010	0		1.0	1.0
Reactome	combined	Extrinsic Pathway Of Fibrin Clot Formation R-HSA-140834	4	1180	33010	0		1.0	1.0
Reactome	combined	FBXL7 Down-Regulates AURKA During Mitotic Entry And In Early Mitosis R-HSA-8854050	53	1180	33010	0		1.0	1.0
Reactome	combined	FBXW7 Mutants And NOTCH1 In Cancer R-HSA-2644605	5	1180	33010	0		1.0	1.0
Reactome	combined	FCERI Mediated NF-kB Activation R-HSA-2871837	74	1180	33010	0		1.0	1.0
Reactome	combined	FGFR1b Ligand Binding And Activation R-HSA-190370	5	1180	33010	0		1.0	1.0
Reactome	combined	FGFR2 Alternative Splicing R-HSA-6803529	26	1180	33010	0		1.0	1.0
Reactome	combined	FGFR2b Ligand Binding And Activation R-HSA-190377	9	1180	33010	0		1.0	1.0
Reactome	combined	FGFR3b Ligand Binding And Activation R-HSA-190371	7	1180	33010	0		1.0	1.0
Reactome	combined	FGFR4 Ligand Binding And Activation R-HSA-190322	12	1180	33010	0		1.0	1.0
Reactome	combined	FLT3 Signaling By CBL Mutants R-HSA-9706377	7	1180	33010	0		1.0	1.0
Reactome	combined	FLT3 Signaling In Disease R-HSA-9682385	27	1180	33010	0		1.0	1.0
Reactome	combined	FOXO-mediated Transcription Of Cell Death Genes R-HSA-9614657	15	1180	33010	0		1.0	1.0
Reactome	combined	FRS-mediated FGFR4 Signaling R-HSA-5654712	19	1180	33010	0		1.0	1.0
Reactome	combined	Fanconi Anemia Pathway R-HSA-6783310	36	1180	33010	0		1.0	1.0
Reactome	combined	Fatty Acids Bound To GPR40 (FFAR1) Regulate Insulin Secretion R-HSA-434316	8	1180	33010	0		1.0	1.0
Reactome	combined	Fatty Acids R-HSA-211935	12	1180	33010	0		1.0	1.0
Reactome	combined	Fibronectin Matrix Formation R-HSA-1566977	6	1180	33010	0		1.0	1.0
Reactome	combined	Ficolins Bind To Repetitive Carbohydrate Structures On Target Cell Surface R-HSA-2855086	5	1180	33010	0		1.0	1.0
Reactome	combined	Formation Of ATP By Chemiosmotic Coupling R-HSA-163210	16	1180	33010	0		1.0	1.0
Reactome	combined	Formation Of Fibrin Clot (Clotting Cascade) R-HSA-140877	34	1180	33010	0		1.0	1.0
Reactome	combined	Formation Of HIV Elongation Complex In Absence Of HIV Tat R-HSA-167152	44	1180	33010	0		1.0	1.0
Reactome	combined	Formation Of HIV-1 Elongation Complex Containing HIV-1 Tat R-HSA-167200	42	1180	33010	0		1.0	1.0
Reactome	combined	Formation Of Annular Gap Junctions R-HSA-196025	9	1180	33010	0		1.0	1.0
Reactome	combined	Formation Of Apoptosome R-HSA-111458	10	1180	33010	0		1.0	1.0
Reactome	combined	Formation Of Early Elongation Complex R-HSA-113418	32	1180	33010	0		1.0	1.0
Reactome	combined	Formation Of Editosome R-HSA-75094	6	1180	33010	0		1.0	1.0
Reactome	combined	Formation Of Cornified Envelope R-HSA-6809371	70	1180	33010	0		1.0	1.0
Reactome	combined	Formation Of Xylulose-5-Phosphate R-HSA-5661270	5	1180	33010	0		1.0	1.0
Reactome	combined	Formyl Peptide Receptors Bind Formyl Peptides And Many Other Ligands R-HSA-444473	8	1180	33010	0		1.0	1.0
Reactome	combined	Free Fatty Acid Receptors R-HSA-444209	5	1180	33010	0		1.0	1.0
Reactome	combined	Free Fatty Acids Regulate Insulin Secretion R-HSA-400451	10	1180	33010	0		1.0	1.0
Reactome	combined	Fructose Catabolism R-HSA-70350	5	1180	33010	0		1.0	1.0
Reactome	combined	Fructose Metabolism R-HSA-5652084	7	1180	33010	0		1.0	1.0
Reactome	combined	G Beta:Gamma Signaling Thru BTK R-HSA-8964315	17	1180	33010	0		1.0	1.0
Reactome	combined	G Beta:Gamma Signaling Thru CDC42 R-HSA-8964616	19	1180	33010	0		1.0	1.0
Reactome	combined	G Beta:Gamma Signaling Thru PI3Kgamma R-HSA-392451	25	1180	33010	0		1.0	1.0
Reactome	combined	G Beta:Gamma Signaling Thru PLC Beta R-HSA-418217	20	1180	33010	0		1.0	1.0
Reactome	combined	G-protein Activation R-HSA-202040	24	1180	33010	0		1.0	1.0
Reactome	combined	G-protein Beta:Gamma Signaling R-HSA-397795	30	1180	33010	0		1.0	1.0
Reactome	combined	G0 And Early G1 R-HSA-1538133	27	1180	33010	0		1.0	1.0
Reactome	combined	G1/S-Specific Transcription R-HSA-69205	28	1180	33010	0		1.0	1.0
Reactome	combined	G2 Phase R-HSA-68911	5	1180	33010	0		1.0	1.0
Reactome	combined	G2/M DNA Replication Checkpoint R-HSA-69478	5	1180	33010	0		1.0	1.0
Reactome	combined	GAB1 Signalosome R-HSA-180292	16	1180	33010	0		1.0	1.0
Reactome	combined	GDP-fucose Biosynthesis R-HSA-6787639	6	1180	33010	0		1.0	1.0
Reactome	combined	GLI Proteins Bind Promoters Of Hh Responsive Genes To Promote Transcription R-HSA-5635851	7	1180	33010	0		1.0	1.0
Reactome	combined	GLI3 Is Processed To GLI3R By Proteasome R-HSA-5610785	58	1180	33010	0		1.0	1.0
Reactome	combined	GP1b-IX-V Activation Signaling R-HSA-430116	8	1180	33010	0		1.0	1.0
Reactome	combined	GRB2 Events In EGFR Signaling R-HSA-179812	11	1180	33010	0		1.0	1.0
Reactome	combined	GRB2 Events In ERBB2 Signaling R-HSA-1963640	15	1180	33010	0		1.0	1.0
Reactome	combined	GRB7 Events In ERBB2 Signaling R-HSA-1306955	5	1180	33010	0		1.0	1.0
Reactome	combined	GSK3B And BTRC:CUL1-mediated-degradation Of NFE2L2 R-HSA-9762114	50	1180	33010	0		1.0	1.0
Reactome	combined	Gain-of-function MRAS Complexes Activate RAF Signaling R-HSA-9726842	7	1180	33010	0		1.0	1.0
Reactome	combined	Gamma Carboxylation, Hypusine Formation And Arylsulfatase Activation R-HSA-163841	33	1180	33010	0		1.0	1.0
Reactome	combined	Gamma-carboxylation Of Protein Precursors R-HSA-159740	8	1180	33010	0		1.0	1.0
Reactome	combined	Gamma-carboxylation, Transport, And Amino-Terminal Cleavage Of Proteins R-HSA-159854	9	1180	33010	0		1.0	1.0
Reactome	combined	Gap Junction Degradation R-HSA-190873	10	1180	33010	0		1.0	1.0
Reactome	combined	Gap-filling DNA Repair Synthesis And Ligation In GG-NER R-HSA-5696397	25	1180	33010	0		1.0	1.0
Reactome	combined	Gap-filling DNA Repair Synthesis And Ligation In TC-NER R-HSA-6782210	62	1180	33010	0		1.0	1.0
Reactome	combined	Gastrin-CREB Signaling Pathway Via PKC And MAPK R-HSA-881907	16	1180	33010	0		1.0	1.0
Reactome	combined	Gene And Protein Expression By JAK-STAT Signaling After Interleukin-12 Stimulation R-HSA-8950505	32	1180	33010	0		1.0	1.0
Reactome	combined	Glucocorticoid Biosynthesis R-HSA-194002	9	1180	33010	0		1.0	1.0
Reactome	combined	Glucuronidation R-HSA-156588	20	1180	33010	0		1.0	1.0
Reactome	combined	Glutamate And Glutamine Metabolism R-HSA-8964539	12	1180	33010	0		1.0	1.0
Reactome	combined	Glycerophospholipid Catabolism R-HSA-6814848	7	1180	33010	0		1.0	1.0
Reactome	combined	Glycogen Breakdown (Glycogenolysis) R-HSA-70221	11	1180	33010	0		1.0	1.0
Reactome	combined	Glycogen Metabolism R-HSA-8982491	21	1180	33010	0		1.0	1.0
Reactome	combined	Glycogen Storage Diseases R-HSA-3229121	13	1180	33010	0		1.0	1.0
Reactome	combined	Glycogen Synthesis R-HSA-3322077	12	1180	33010	0		1.0	1.0
Reactome	combined	Glycoprotein Hormones R-HSA-209822	9	1180	33010	0		1.0	1.0
Reactome	combined	Glycosphingolipid Metabolism R-HSA-1660662	39	1180	33010	0		1.0	1.0
Reactome	combined	Glyoxylate Metabolism And Glycine Degradation R-HSA-389661	30	1180	33010	0		1.0	1.0
Reactome	combined	Golgi Associated Vesicle Biogenesis R-HSA-432722	50	1180	33010	0		1.0	1.0
Reactome	combined	Growth Hormone Receptor Signaling R-HSA-982772	22	1180	33010	0		1.0	1.0
Reactome	combined	HDL Assembly R-HSA-8963896	7	1180	33010	0		1.0	1.0
Reactome	combined	HDL Clearance R-HSA-8964011	5	1180	33010	0		1.0	1.0
Reactome	combined	HDL Remodeling R-HSA-8964058	10	1180	33010	0		1.0	1.0
Reactome	combined	HDMs Demethylate Histones R-HSA-3214842	19	1180	33010	0		1.0	1.0
Reactome	combined	HDR Thru Homologous Recombination (HRR) R-HSA-5685942	66	1180	33010	0		1.0	1.0
Reactome	combined	HDR Thru Single Strand Annealing (SSA) R-HSA-5685938	37	1180	33010	0		1.0	1.0
Reactome	combined	HIV Transcription Initiation R-HSA-167161	42	1180	33010	0		1.0	1.0
Reactome	combined	HIV Elongation Arrest And Recovery R-HSA-167287	33	1180	33010	0		1.0	1.0
Reactome	combined	HS-GAG Degradation R-HSA-2024096	18	1180	33010	0		1.0	1.0
Reactome	combined	Heme Biosynthesis R-HSA-189451	13	1180	33010	0		1.0	1.0
Reactome	combined	Heme Degradation R-HSA-189483	15	1180	33010	0		1.0	1.0
Reactome	combined	Highly Calcium Permeable Nicotinic Acetylcholine Receptors R-HSA-629597	9	1180	33010	0		1.0	1.0
Reactome	combined	Highly Calcium Permeable Postsynaptic Nicotinic Acetylcholine Receptors R-HSA-629594	10	1180	33010	0		1.0	1.0
Reactome	combined	Highly Sodium Permeable Postsynaptic Acetylcholine Nicotinic Receptors R-HSA-629587	7	1180	33010	0		1.0	1.0
Reactome	combined	Histidine Catabolism R-HSA-70921	8	1180	33010	0		1.0	1.0
Reactome	combined	Homologous DNA Pairing And Strand Exchange R-HSA-5693579	43	1180	33010	0		1.0	1.0
Reactome	combined	Hormone Ligand-Binding Receptors R-HSA-375281	11	1180	33010	0		1.0	1.0
Reactome	combined	HuR (ELAVL1) Binds And Stabilizes mRNA R-HSA-450520	10	1180	33010	0		1.0	1.0
Reactome	combined	Hydrolysis Of LPC R-HSA-1483115	9	1180	33010	0		1.0	1.0
Reactome	combined	IKK Complex Recruitment Mediated By RIP1 R-HSA-937041	22	1180	33010	0		1.0	1.0
Reactome	combined	IRAK1 Recruits IKK Complex R-HSA-937039	8	1180	33010	0		1.0	1.0
Reactome	combined	IRAK2 Mediated Activation Of TAK1 Complex R-HSA-937042	9	1180	33010	0		1.0	1.0
Reactome	combined	IRAK2 Mediated Activation Of TAK1 Complex Upon TLR7/8 Or 9 Stimulation R-HSA-975163	14	1180	33010	0		1.0	1.0
Reactome	combined	IRAK4 Deficiency (TLR2/4) R-HSA-5603041	17	1180	33010	0		1.0	1.0
Reactome	combined	IRE1alpha Activates Chaperones R-HSA-381070	47	1180	33010	0		1.0	1.0
Reactome	combined	IRS Activation R-HSA-74713	5	1180	33010	0		1.0	1.0
Reactome	combined	IkBA Variant Leads To EDA-ID R-HSA-5603029	6	1180	33010	0		1.0	1.0
Reactome	combined	Impaired BRCA2 Binding To PALB2 R-HSA-9709603	24	1180	33010	0		1.0	1.0
Reactome	combined	Impaired BRCA2 Binding To RAD51 R-HSA-9709570	35	1180	33010	0		1.0	1.0
Reactome	combined	Inactivation Of CDC42 And RAC1 R-HSA-428543	7	1180	33010	0		1.0	1.0
Reactome	combined	Inhibition Of DNA Recombination At Telomere R-HSA-9670095	43	1180	33010	0		1.0	1.0
Reactome	combined	Inhibition Of Signaling By Overexpressed EGFR R-HSA-5638303	7	1180	33010	0		1.0	1.0
Reactome	combined	Initial Triggering Of Complement R-HSA-166663	19	1180	33010	0		1.0	1.0
Reactome	combined	InlA-mediated Entry Of Listeria Monocytogenes Into Host Cells R-HSA-8876493	8	1180	33010	0		1.0	1.0
Reactome	combined	InlB-mediated Entry Of Listeria Monocytogenes Into Host Cell R-HSA-8875360	14	1180	33010	0		1.0	1.0
Reactome	combined	Insertion Of Tail-Anchored Proteins Into Endoplasmic Reticulum Membrane R-HSA-9609523	20	1180	33010	0		1.0	1.0
Reactome	combined	Interaction With Cumulus Cells And Zona Pellucida R-HSA-2534343	10	1180	33010	0		1.0	1.0
Reactome	combined	Interferon Alpha/Beta Signaling R-HSA-909733	61	1180	33010	0		1.0	1.0
Reactome	combined	Interleukin Receptor SHC Signaling R-HSA-912526	24	1180	33010	0		1.0	1.0
Reactome	combined	Interleukin-12 Signaling R-HSA-9020591	40	1180	33010	0		1.0	1.0
Reactome	combined	Interleukin-15 Signaling R-HSA-8983432	13	1180	33010	0		1.0	1.0
Reactome	combined	Interleukin-2 Family Signaling R-HSA-451927	40	1180	33010	0		1.0	1.0
Reactome	combined	Interleukin-2 Signaling R-HSA-9020558	11	1180	33010	0		1.0	1.0
Reactome	combined	Interleukin-21 Signaling R-HSA-9020958	9	1180	33010	0		1.0	1.0
Reactome	combined	Interleukin-23 Signaling R-HSA-9020933	9	1180	33010	0		1.0	1.0
Reactome	combined	Interleukin-36 Pathway R-HSA-9014826	7	1180	33010	0		1.0	1.0
Reactome	combined	Interleukin-37 Signaling R-HSA-9008059	20	1180	33010	0		1.0	1.0
Reactome	combined	Interleukin-7 Signaling R-HSA-1266695	22	1180	33010	0		1.0	1.0
Reactome	combined	Interleukin-9 Signaling R-HSA-8985947	7	1180	33010	0		1.0	1.0
Reactome	combined	Intestinal Absorption R-HSA-8963676	5	1180	33010	0		1.0	1.0
Reactome	combined	Intraflagellar Transport R-HSA-5620924	38	1180	33010	0		1.0	1.0
Reactome	combined	Intrinsic Pathway Of Fibrin Clot Formation R-HSA-140837	19	1180	33010	0		1.0	1.0
Reactome	combined	KSRP (KHSRP) Binds And Destabilizes mRNA R-HSA-450604	17	1180	33010	0		1.0	1.0
Reactome	combined	Keratan Sulfate Biosynthesis R-HSA-2022854	27	1180	33010	0		1.0	1.0
Reactome	combined	Keratan Sulfate Degradation R-HSA-2022857	11	1180	33010	0		1.0	1.0
Reactome	combined	Keratan Sulfate/Keratin Metabolism R-HSA-1638074	32	1180	33010	0		1.0	1.0
Reactome	combined	Ketone Body Metabolism R-HSA-74182	9	1180	33010	0		1.0	1.0
Reactome	combined	Killing Mechanisms R-HSA-9664420	10	1180	33010	0		1.0	1.0
Reactome	combined	LDL Clearance R-HSA-8964038	18	1180	33010	0		1.0	1.0
Reactome	combined	LDL Remodeling R-HSA-8964041	5	1180	33010	0		1.0	1.0
Reactome	combined	LRR FLII-interacting Protein 1 (LRRFIP1) Activates Type I IFN Production R-HSA-3134973	5	1180	33010	0		1.0	1.0
Reactome	combined	LTC4-CYSLTR Mediated IL4 Production R-HSA-9664535	6	1180	33010	0		1.0	1.0
Reactome	combined	Lagging Strand Synthesis R-HSA-69186	19	1180	33010	0		1.0	1.0
Reactome	combined	Laminin Interactions R-HSA-3000157	22	1180	33010	0		1.0	1.0
Reactome	combined	Leading Strand Synthesis R-HSA-69109	13	1180	33010	0		1.0	1.0
Reactome	combined	Lectin Pathway Of Complement Activation R-HSA-166662	8	1180	33010	0		1.0	1.0
Reactome	combined	Leukotriene Receptors R-HSA-391906	4	1180	33010	0		1.0	1.0
Reactome	combined	Ligand-receptor Interactions R-HSA-5632681	8	1180	33010	0		1.0	1.0
Reactome	combined	Linoleic Acid (LA) Metabolism R-HSA-2046105	7	1180	33010	0		1.0	1.0
Reactome	combined	Listeria Monocytogenes Entry Into Host Cells R-HSA-8876384	18	1180	33010	0		1.0	1.0
Reactome	combined	Loss Of Function Of SMAD2/3 In Cancer R-HSA-3304349	7	1180	33010	0		1.0	1.0
Reactome	combined	Loss Of Function Of TGFBR1 In Cancer R-HSA-3656534	7	1180	33010	0		1.0	1.0
Reactome	combined	Lysine Catabolism R-HSA-71064	12	1180	33010	0		1.0	1.0
Reactome	combined	Lysosome Vesicle Biogenesis R-HSA-432720	32	1180	33010	0		1.0	1.0
Reactome	combined	MAP3K8 (TPL2)-dependent MAPK1/3 Activation R-HSA-5684264	15	1180	33010	0		1.0	1.0
Reactome	combined	MASTL Facilitates Mitotic Progression R-HSA-2465910	10	1180	33010	0		1.0	1.0
Reactome	combined	MET Receptor Activation R-HSA-6806942	6	1180	33010	0		1.0	1.0
Reactome	combined	MET Activates PI3K/AKT Signaling R-HSA-8851907	6	1180	33010	0		1.0	1.0
Reactome	combined	MET Activates PTK2 Signaling R-HSA-8874081	17	1180	33010	0		1.0	1.0
Reactome	combined	MET Activates PTPN11 R-HSA-8865999	5	1180	33010	0		1.0	1.0
Reactome	combined	MET Activates RAP1 And RAC1 R-HSA-8875555	11	1180	33010	0		1.0	1.0
Reactome	combined	MET Activates RAS Signaling R-HSA-8851805	9	1180	33010	0		1.0	1.0
Reactome	combined	MET Interacts With TNS Proteins R-HSA-8875513	5	1180	33010	0		1.0	1.0
Reactome	combined	MET Promotes Cell Motility R-HSA-8875878	28	1180	33010	0		1.0	1.0
Reactome	combined	MET Receptor Recycling R-HSA-8875656	9	1180	33010	0		1.0	1.0
Reactome	combined	Maturation Of Protein 3A R-HSA-9683673	9	1180	33010	0		1.0	1.0
Reactome	combined	Maturation Of Spike Protein R-HSA-9683686	5	1180	33010	0		1.0	1.0
Reactome	combined	Meiotic Recombination R-HSA-912446	51	1180	33010	0		1.0	1.0
Reactome	combined	Melanin Biosynthesis R-HSA-5662702	5	1180	33010	0		1.0	1.0
Reactome	combined	Metabolic Disorders Of Biological Oxidation Enzymes R-HSA-5579029	32	1180	33010	0		1.0	1.0
Reactome	combined	Metabolism Of Angiotensinogen To Angiotensins R-HSA-2022377	16	1180	33010	0		1.0	1.0
Reactome	combined	Metabolism Of Folate And Pterines R-HSA-196757	17	1180	33010	0		1.0	1.0
Reactome	combined	Metabolism Of Ingested SeMet, Sec, MeSec Into H2Se R-HSA-2408508	7	1180	33010	0		1.0	1.0
Reactome	combined	Metabolism Of Nitric Oxide: NOS3 Activation And Regulation R-HSA-202131	15	1180	33010	0		1.0	1.0
Reactome	combined	Metabolism Of Polyamines R-HSA-351202	57	1180	33010	0		1.0	1.0
Reactome	combined	Metabolism Of Porphyrins R-HSA-189445	26	1180	33010	0		1.0	1.0
Reactome	combined	Metabolism Of Steroid Hormones R-HSA-196071	34	1180	33010	0		1.0	1.0
Reactome	combined	Metal Ion SLC Transporters R-HSA-425410	25	1180	33010	0		1.0	1.0
Reactome	combined	Metal Sequestration By Antimicrobial Proteins R-HSA-6799990	4	1180	33010	0		1.0	1.0
Reactome	combined	Metalloprotease DUBs R-HSA-5689901	29	1180	33010	0		1.0	1.0
Reactome	combined	Metallothioneins Bind Metals R-HSA-5661231	11	1180	33010	0		1.0	1.0
Reactome	combined	Methionine Salvage Pathway R-HSA-1237112	6	1180	33010	0		1.0	1.0
Reactome	combined	Methylation R-HSA-156581	14	1180	33010	0		1.0	1.0
Reactome	combined	MicroRNA (miRNA) Biogenesis R-HSA-203927	24	1180	33010	0		1.0	1.0
Reactome	combined	Mineralocorticoid Biosynthesis R-HSA-193993	5	1180	33010	0		1.0	1.0
Reactome	combined	Miro GTPase Cycle R-HSA-9715370	8	1180	33010	0		1.0	1.0
Reactome	combined	Miscellaneous Substrates R-HSA-211958	10	1180	33010	0		1.0	1.0
Reactome	combined	Miscellaneous Transport And Binding Events R-HSA-5223345	21	1180	33010	0		1.0	1.0
Reactome	combined	Mismatch Repair R-HSA-5358508	15	1180	33010	0		1.0	1.0
Reactome	combined	Mismatch Repair (MMR) Directed By MSH2:MSH3 (MutSbeta) R-HSA-5358606	14	1180	33010	0		1.0	1.0
Reactome	combined	Mismatch Repair (MMR) Directed By MSH2:MSH6 (MutSalpha) R-HSA-5358565	14	1180	33010	0		1.0	1.0
Reactome	combined	Mitochondrial Fatty Acid Beta-Oxidation R-HSA-77289	34	1180	33010	0		1.0	1.0
Reactome	combined	Mitochondrial Uncoupling R-HSA-166187	5	1180	33010	0		1.0	1.0
Reactome	combined	Mitochondrial Calcium Ion Transport R-HSA-8949215	21	1180	33010	0		1.0	1.0
Reactome	combined	Mitochondrial Iron-Sulfur Cluster Biogenesis R-HSA-1362409	13	1180	33010	0		1.0	1.0
Reactome	combined	Mitochondrial tRNA Aminoacylation R-HSA-379726	21	1180	33010	0		1.0	1.0
Reactome	combined	Mitophagy R-HSA-5205647	27	1180	33010	0		1.0	1.0
Reactome	combined	Modulation By Mtb Of Host Immune System R-HSA-9637628	6	1180	33010	0		1.0	1.0
Reactome	combined	Molybdenum Cofactor Biosynthesis R-HSA-947581	6	1180	33010	0		1.0	1.0
Reactome	combined	Mucopolysaccharidoses R-HSA-2206281	10	1180	33010	0		1.0	1.0
Reactome	combined	Multifunctional Anion Exchangers R-HSA-427601	9	1180	33010	0		1.0	1.0
Reactome	combined	Muscarinic Acetylcholine Receptors R-HSA-390648	5	1180	33010	0		1.0	1.0
Reactome	combined	MyD88 Deficiency (TLR2/4) R-HSA-5602498	16	1180	33010	0		1.0	1.0
Reactome	combined	Myoclonic Epilepsy Of Lafora R-HSA-3785653	8	1180	33010	0		1.0	1.0
Reactome	combined	N-glycan Trimming And Elongation In cis-Golgi R-HSA-964739	5	1180	33010	0		1.0	1.0
Reactome	combined	NADE Modulates Death Signaling R-HSA-205025	5	1180	33010	0		1.0	1.0
Reactome	combined	NCAM Signaling For Neurite Out-Growth R-HSA-375165	56	1180	33010	0		1.0	1.0
Reactome	combined	NCAM1 Interactions R-HSA-419037	36	1180	33010	0		1.0	1.0
Reactome	combined	NF-kB Is Activated And Signals Survival R-HSA-209560	12	1180	33010	0		1.0	1.0
Reactome	combined	NIK To Noncanonical NF-kB Signaling R-HSA-5676590	57	1180	33010	0		1.0	1.0
Reactome	combined	NOSTRIN Mediated eNOS Trafficking R-HSA-203641	5	1180	33010	0		1.0	1.0
Reactome	combined	NOTCH2 Activation And Transmission Of Signal To Nucleus R-HSA-2979096	21	1180	33010	0		1.0	1.0
Reactome	combined	NOTCH4 Activation And Transmission Of Signal To Nucleus R-HSA-9013700	11	1180	33010	0		1.0	1.0
Reactome	combined	NR1H2 And NR1H3 Regulate Gene Expression Linked To Gluconeogenesis R-HSA-9632974	5	1180	33010	0		1.0	1.0
Reactome	combined	NR1H2 And NR1H3 Regulate Gene Expression Linked To Lipogenesis R-HSA-9029558	9	1180	33010	0		1.0	1.0
Reactome	combined	NR1H2 And NR1H3 Regulate Gene Expression Linked To Triglyceride Lipolysis In Adipose R-HSA-9031528	5	1180	33010	0		1.0	1.0
Reactome	combined	NR1H2 And NR1H3 Regulate Gene Expression To Limit Cholesterol Uptake R-HSA-9031525	5	1180	33010	0		1.0	1.0
Reactome	combined	NRIF Signals Cell Death From Nucleus R-HSA-205043	16	1180	33010	0		1.0	1.0
Reactome	combined	Nectin/Necl Trans Heterodimerization R-HSA-420597	7	1180	33010	0		1.0	1.0
Reactome	combined	Nef Mediated CD4 Down-regulation R-HSA-167590	8	1180	33010	0		1.0	1.0
Reactome	combined	Nef Mediated CD8 Down-regulation R-HSA-182218	7	1180	33010	0		1.0	1.0
Reactome	combined	Nef Mediated Downregulation Of MHC Class I Complex Cell Surface Expression R-HSA-164940	9	1180	33010	0		1.0	1.0
Reactome	combined	Nef-mediated Downmodulation Of Cell Surface Receptors By Recruitment To Clathrin Adapters R-HSA-164938	19	1180	33010	0		1.0	1.0
Reactome	combined	Negative Feedback Regulation Of MAPK Pathway R-HSA-5674499	6	1180	33010	0		1.0	1.0
Reactome	combined	Negative Regulation Of FLT3 R-HSA-9706369	15	1180	33010	0		1.0	1.0
Reactome	combined	Negative Regulation Of MAPK Pathway R-HSA-5675221	39	1180	33010	0		1.0	1.0
Reactome	combined	Negative Regulation Of MET Activity R-HSA-6807004	20	1180	33010	0		1.0	1.0
Reactome	combined	Negative Regulation Of NOTCH4 Signaling R-HSA-9604323	52	1180	33010	0		1.0	1.0
Reactome	combined	Negative Regulation Of TCF-dependent Signaling By WNT Ligand Antagonists R-HSA-3772470	15	1180	33010	0		1.0	1.0
Reactome	combined	Negative Regulators Of DDX58/IFIH1 Signaling R-HSA-936440	33	1180	33010	0		1.0	1.0
Reactome	combined	Neurofascin Interactions R-HSA-447043	6	1180	33010	0		1.0	1.0
Reactome	combined	Non-integrin membrane-ECM Interactions R-HSA-3000171	38	1180	33010	0		1.0	1.0
Reactome	combined	NrCAM Interactions R-HSA-447038	7	1180	33010	0		1.0	1.0
Reactome	combined	Nuclear Events Stimulated By ALK Signaling In Cancer R-HSA-9725371	18	1180	33010	0		1.0	1.0
Reactome	combined	Nucleotide Biosynthesis R-HSA-8956320	12	1180	33010	0		1.0	1.0
Reactome	combined	OAS Antiviral Response R-HSA-8983711	7	1180	33010	0		1.0	1.0
Reactome	combined	Opsins R-HSA-419771	7	1180	33010	0		1.0	1.0
Reactome	combined	Orc1 Removal From Chromatin R-HSA-68949	68	1180	33010	0		1.0	1.0
Reactome	combined	Orexin And Neuropeptides FF And QRFP Bind To Their Respective Receptors R-HSA-389397	8	1180	33010	0		1.0	1.0
Reactome	combined	Organic Anion Transport R-HSA-561048	5	1180	33010	0		1.0	1.0
Reactome	combined	Organic Anion Transporters R-HSA-428643	10	1180	33010	0		1.0	1.0
Reactome	combined	Other Interleukin Signaling R-HSA-449836	24	1180	33010	0		1.0	1.0
Reactome	combined	Ovarian Tumor Domain Proteases R-HSA-5689896	35	1180	33010	0		1.0	1.0
Reactome	combined	Oxygen-dependent Proline Hydroxylation Of Hypoxia-inducible Factor Alpha R-HSA-1234176	63	1180	33010	0		1.0	1.0
Reactome	combined	PCNA-Dependent Long Patch Base Excision Repair R-HSA-5651801	21	1180	33010	0		1.0	1.0
Reactome	combined	PECAM1 Interactions R-HSA-210990	12	1180	33010	0		1.0	1.0
Reactome	combined	PERK Regulates Gene Expression R-HSA-381042	30	1180	33010	0		1.0	1.0
Reactome	combined	PI Metabolism R-HSA-1483255	78	1180	33010	0		1.0	1.0
Reactome	combined	PI-3K cascade:FGFR4 R-HSA-5654720	18	1180	33010	0		1.0	1.0
Reactome	combined	PI3K Events In ERBB2 Signaling R-HSA-1963642	16	1180	33010	0		1.0	1.0
Reactome	combined	PI3K Events In ERBB4 Signaling R-HSA-1250342	10	1180	33010	0		1.0	1.0
Reactome	combined	PI5P Regulates TP53 Acetylation R-HSA-6811555	9	1180	33010	0		1.0	1.0
Reactome	combined	PINK1-PRKN Mediated Mitophagy R-HSA-5205685	22	1180	33010	0		1.0	1.0
Reactome	combined	PKA-mediated Phosphorylation Of Key Metabolic Factors R-HSA-163358	4	1180	33010	0		1.0	1.0
Reactome	combined	PP2A-mediated Dephosphorylation Of Key Metabolic Factors R-HSA-163767	6	1180	33010	0		1.0	1.0
Reactome	combined	PTK6 Expression R-HSA-8849473	5	1180	33010	0		1.0	1.0
Reactome	combined	PTK6 Regulates Cell Cycle R-HSA-8849470	6	1180	33010	0		1.0	1.0
Reactome	combined	PTK6 Regulates RHO GTPases, RAS GTPase And MAP Kinases R-HSA-8849471	13	1180	33010	0		1.0	1.0
Reactome	combined	PTK6 Regulates RTKs And Their Effectors AKT1 And DOK1 R-HSA-8849469	9	1180	33010	0		1.0	1.0
Reactome	combined	PTK6 Promotes HIF1A Stabilization R-HSA-8857538	6	1180	33010	0		1.0	1.0
Reactome	combined	Packaging Of Telomere Ends R-HSA-171306	29	1180	33010	0		1.0	1.0
Reactome	combined	Passive Transport By Aquaporins R-HSA-432047	12	1180	33010	0		1.0	1.0
Reactome	combined	Pausing And Recovery Of Tat-mediated HIV Elongation R-HSA-167238	31	1180	33010	0		1.0	1.0
Reactome	combined	Pentose Phosphate Pathway R-HSA-71336	12	1180	33010	0		1.0	1.0
Reactome	combined	Peptide Hormone Biosynthesis R-HSA-209952	11	1180	33010	0		1.0	1.0
Reactome	combined	Pexophagy R-HSA-9664873	11	1180	33010	0		1.0	1.0
Reactome	combined	Phase 1 - Inactivation Of Fast Na+ Channels R-HSA-5576894	6	1180	33010	0		1.0	1.0
Reactome	combined	Phase 3 - Rapid Repolarisation R-HSA-5576890	8	1180	33010	0		1.0	1.0
Reactome	combined	Phenylalanine And Tyrosine Metabolism R-HSA-8963691	11	1180	33010	0		1.0	1.0
Reactome	combined	Phenylalanine Metabolism R-HSA-8964208	6	1180	33010	0		1.0	1.0
Reactome	combined	Phosphate Bond Hydrolysis By NTPDase Proteins R-HSA-8850843	8	1180	33010	0		1.0	1.0
Reactome	combined	Phosphate Bond Hydrolysis By NUDT Proteins R-HSA-2393930	7	1180	33010	0		1.0	1.0
Reactome	combined	Phospholipase C-mediated Cascade; FGFR4 R-HSA-5654228	13	1180	33010	0		1.0	1.0
Reactome	combined	Phosphorylation Of Emi1 R-HSA-176417	6	1180	33010	0		1.0	1.0
Reactome	combined	Plasma Lipoprotein Assembly R-HSA-8963898	16	1180	33010	0		1.0	1.0
Reactome	combined	Plasma Lipoprotein Clearance R-HSA-8964043	35	1180	33010	0		1.0	1.0
Reactome	combined	Platelet Adhesion To Exposed Collagen R-HSA-75892	12	1180	33010	0		1.0	1.0
Reactome	combined	Platelet Calcium Homeostasis R-HSA-418360	25	1180	33010	0		1.0	1.0
Reactome	combined	Polo-like Kinase Mediated Events R-HSA-156711	16	1180	33010	0		1.0	1.0
Reactome	combined	Polymerase Switching On C-strand Of Telomere R-HSA-174411	24	1180	33010	0		1.0	1.0
Reactome	combined	Post-transcriptional Silencing By Small RNAs R-HSA-426496	7	1180	33010	0		1.0	1.0
Reactome	combined	Pregnenolone Biosynthesis R-HSA-196108	12	1180	33010	0		1.0	1.0
Reactome	combined	Presynaptic Function Of Kainate Receptors R-HSA-500657	21	1180	33010	0		1.0	1.0
Reactome	combined	Presynaptic Nicotinic Acetylcholine Receptors R-HSA-622323	12	1180	33010	0		1.0	1.0
Reactome	combined	Presynaptic Phase Of Homologous DNA Pairing And Strand Exchange R-HSA-5693616	40	1180	33010	0		1.0	1.0
Reactome	combined	Prevention Of Phagosomal-Lysosomal Fusion R-HSA-9636383	9	1180	33010	0		1.0	1.0
Reactome	combined	Processing And Activation Of SUMO R-HSA-3215018	9	1180	33010	0		1.0	1.0
Reactome	combined	Processing Of Capped Intronless Pre-mRNA R-HSA-75067	28	1180	33010	0		1.0	1.0
Reactome	combined	Processing Of Intronless Pre-mRNAs R-HSA-77595	19	1180	33010	0		1.0	1.0
Reactome	combined	Processing Of SMDT1 R-HSA-8949664	15	1180	33010	0		1.0	1.0
Reactome	combined	Processive Synthesis On C-strand Of Telomere R-HSA-174414	19	1180	33010	0		1.0	1.0
Reactome	combined	Processive Synthesis On Lagging Strand R-HSA-69183	14	1180	33010	0		1.0	1.0
Reactome	combined	Prolactin Receptor Signaling R-HSA-1170546	13	1180	33010	0		1.0	1.0
Reactome	combined	Prostacyclin Signaling Thru Prostacyclin Receptor R-HSA-392851	19	1180	33010	0		1.0	1.0
Reactome	combined	Prostanoid Ligand Receptors R-HSA-391908	9	1180	33010	0		1.0	1.0
Reactome	combined	Proton-coupled Monocarboxylate Transport R-HSA-433692	6	1180	33010	0		1.0	1.0
Reactome	combined	Purine Ribonucleoside Monophosphate Biosynthesis R-HSA-73817	10	1180	33010	0		1.0	1.0
Reactome	combined	Pyrimidine Salvage R-HSA-73614	10	1180	33010	0		1.0	1.0
Reactome	combined	RAF Activation R-HSA-5673000	30	1180	33010	0		1.0	1.0
Reactome	combined	RAS Processing R-HSA-9648002	18	1180	33010	0		1.0	1.0
Reactome	combined	RHO GTPases Activate NADPH Oxidases R-HSA-5668599	21	1180	33010	0		1.0	1.0
Reactome	combined	RHO GTPases Activate ROCKs R-HSA-5627117	19	1180	33010	0		1.0	1.0
Reactome	combined	RHO GTPases Activate Rhotekin And Rhophilins R-HSA-5666185	9	1180	33010	0		1.0	1.0
Reactome	combined	RHO GTPases Activate WASPs And WAVEs R-HSA-5663213	33	1180	33010	0		1.0	1.0
Reactome	combined	RHO GTPases Activate CIT R-HSA-5625900	19	1180	33010	0		1.0	1.0
Reactome	combined	RHO GTPases Activate PAKs R-HSA-5627123	20	1180	33010	0		1.0	1.0
Reactome	combined	RHO GTPases Activate PKNs R-HSA-5625740	56	1180	33010	0		1.0	1.0
Reactome	combined	RHOBTB1 GTPase Cycle R-HSA-9013422	22	1180	33010	0		1.0	1.0
Reactome	combined	RHOBTB3 ATPase Cycle R-HSA-9706019	8	1180	33010	0		1.0	1.0
Reactome	combined	RHOT1 GTPase Cycle R-HSA-9013425	5	1180	33010	0		1.0	1.0
Reactome	combined	RHOT2 GTPase Cycle R-HSA-9013419	7	1180	33010	0		1.0	1.0
Reactome	combined	RNA Pol II CTD Phosphorylation And Interaction With CE R-HSA-77075	26	1180	33010	0		1.0	1.0
Reactome	combined	RNA Polymerase I Promoter Opening R-HSA-73728	27	1180	33010	0		1.0	1.0
Reactome	combined	ROBO Receptors Bind AKAP5 R-HSA-9010642	8	1180	33010	0		1.0	1.0
Reactome	combined	RSK Activation R-HSA-444257	5	1180	33010	0		1.0	1.0
Reactome	combined	RUNX2 Regulates Chondrocyte Maturation R-HSA-8941284	5	1180	33010	0		1.0	1.0
Reactome	combined	RUNX2 Regulates Genes Involved In Cell Migration R-HSA-8941332	8	1180	33010	0		1.0	1.0
Reactome	combined	RUNX3 Regulates Immune Response And Cell Migration R-HSA-8949275	6	1180	33010	0		1.0	1.0
Reactome	combined	RUNX3 Regulates BCL2L11 (BIM) Transcription R-HSA-8952158	5	1180	33010	0		1.0	1.0
Reactome	combined	RUNX3 Regulates WNT Signaling R-HSA-8951430	8	1180	33010	0		1.0	1.0
Reactome	combined	RUNX3 Regulates YAP1-mediated Transcription R-HSA-8951671	8	1180	33010	0		1.0	1.0
Reactome	combined	Rap1 Signaling R-HSA-392517	16	1180	33010	0		1.0	1.0
Reactome	combined	Ras Activation Upon Ca2+ Influx Thru NMDA Receptor R-HSA-442982	19	1180	33010	0		1.0	1.0
Reactome	combined	Reactions Specific To Complex N-glycan Synthesis Pathway R-HSA-975578	10	1180	33010	0		1.0	1.0
Reactome	combined	Receptor Mediated Mitophagy R-HSA-8934903	9	1180	33010	0		1.0	1.0
Reactome	combined	Recognition Of DNA Damage By PCNA-containing Replication Complex R-HSA-110314	29	1180	33010	0		1.0	1.0
Reactome	combined	Recycling Of Bile Acids And Salts R-HSA-159418	18	1180	33010	0		1.0	1.0
Reactome	combined	Recycling Of eIF2:GDP R-HSA-72731	7	1180	33010	0		1.0	1.0
Reactome	combined	Reduction Of Cytosolic Ca++ Levels R-HSA-418359	10	1180	33010	0		1.0	1.0
Reactome	combined	Regulated Proteolysis Of p75NTR R-HSA-193692	11	1180	33010	0		1.0	1.0
Reactome	combined	Regulation Of Apoptosis R-HSA-169911	50	1180	33010	0		1.0	1.0
Reactome	combined	Regulation Of BACH1 Activity R-HSA-9708530	11	1180	33010	0		1.0	1.0
Reactome	combined	Regulation Of FOXO Transcriptional Activity By Acetylation R-HSA-9617629	9	1180	33010	0		1.0	1.0
Reactome	combined	Regulation Of HMOX1 Expression And Activity R-HSA-9707587	5	1180	33010	0		1.0	1.0
Reactome	combined	Regulation Of IFNA/IFNB Signaling R-HSA-912694	14	1180	33010	0		1.0	1.0
Reactome	combined	Regulation Of IFNG Signaling R-HSA-877312	14	1180	33010	0		1.0	1.0
Reactome	combined	Regulation Of KIT Signaling R-HSA-1433559	16	1180	33010	0		1.0	1.0
Reactome	combined	Regulation Of PTEN Localization R-HSA-8948747	8	1180	33010	0		1.0	1.0
Reactome	combined	Regulation Of PTEN mRNA Translation R-HSA-8943723	11	1180	33010	0		1.0	1.0
Reactome	combined	Regulation Of PTEN Stability And Activity R-HSA-8948751	65	1180	33010	0		1.0	1.0
Reactome	combined	Regulation Of TLR By Endogenous Ligand R-HSA-5686938	18	1180	33010	0		1.0	1.0
Reactome	combined	Regulation Of TP53 Activity Thru Methylation R-HSA-6804760	19	1180	33010	0		1.0	1.0
Reactome	combined	Regulation Of Activated PAK-2p34 By Proteasome Mediated Degradation R-HSA-211733	48	1180	33010	0		1.0	1.0
Reactome	combined	Regulation Of Commissural Axon Pathfinding By SLIT And ROBO R-HSA-428542	9	1180	33010	0		1.0	1.0
Reactome	combined	Regulation Of Cytoskeletal Remodeling And Cell Spreading By IPP Complex Components R-HSA-446388	7	1180	33010	0		1.0	1.0
Reactome	combined	Regulation Of Gene Expression By Hypoxia-inducible Factor R-HSA-1234158	11	1180	33010	0		1.0	1.0
Reactome	combined	Regulation Of Glycolysis By Fructose 2,6-Bisphosphate Metabolism R-HSA-9634600	11	1180	33010	0		1.0	1.0
Reactome	combined	Regulation Of Localization Of FOXO Transcription Factors R-HSA-9614399	11	1180	33010	0		1.0	1.0
Reactome	combined	Regulation Of mRNA Stability By Proteins That Bind AU-rich Elements R-HSA-450531	87	1180	33010	0		1.0	1.0
Reactome	combined	Regulation Of Ornithine Decarboxylase (ODC) R-HSA-350562	49	1180	33010	0		1.0	1.0
Reactome	combined	Regulation Of Signaling By NODAL R-HSA-1433617	9	1180	33010	0		1.0	1.0
Reactome	combined	Relaxin Receptors R-HSA-444821	7	1180	33010	0		1.0	1.0
Reactome	combined	Release Of Hh-Np From Secreting Cell R-HSA-5362798	8	1180	33010	0		1.0	1.0
Reactome	combined	Release Of Apoptotic Factors From Mitochondria R-HSA-111457	7	1180	33010	0		1.0	1.0
Reactome	combined	Removal Of Aminoterminal Propeptides From Gamma-Carboxylated Proteins R-HSA-159782	8	1180	33010	0		1.0	1.0
Reactome	combined	Removal Of Flap Intermediate R-HSA-69166	13	1180	33010	0		1.0	1.0
Reactome	combined	Removal Of Flap Intermediate From C-strand R-HSA-174437	17	1180	33010	0		1.0	1.0
Reactome	combined	Repression Of WNT Target Genes R-HSA-4641265	14	1180	33010	0		1.0	1.0
Reactome	combined	Resolution Of D-Loop Structures R-HSA-5693537	33	1180	33010	0		1.0	1.0
Reactome	combined	Resolution Of D-loop Structures Thru Holliday Junction Intermediates R-HSA-5693568	32	1180	33010	0		1.0	1.0
Reactome	combined	Resolution Of D-loop Structures Thru Synthesis-Dependent Strand Annealing (SDSA) R-HSA-5693554	27	1180	33010	0		1.0	1.0
Reactome	combined	Response Of EIF2AK1 (HRI) To Heme Deficiency R-HSA-9648895	14	1180	33010	0		1.0	1.0
Reactome	combined	Response To Metal Ions R-HSA-5660526	14	1180	33010	0		1.0	1.0
Reactome	combined	Retrograde Transport At Trans-Golgi-Network R-HSA-6811440	46	1180	33010	0		1.0	1.0
Reactome	combined	Reversal Of Alkylation Damage By DNA Dioxygenases R-HSA-73943	7	1180	33010	0		1.0	1.0
Reactome	combined	Reversible Hydration Of Carbon Dioxide R-HSA-1475029	11	1180	33010	0		1.0	1.0
Reactome	combined	Role Of LAT2/NTAL/LAB On Calcium Mobilization R-HSA-2730905	13	1180	33010	0		1.0	1.0
Reactome	combined	Role Of Phospholipids In Phagocytosis R-HSA-2029485	22	1180	33010	0		1.0	1.0
Reactome	combined	Role Of Second Messengers In Netrin-1 Signaling R-HSA-418890	9	1180	33010	0		1.0	1.0
Reactome	combined	SARS-CoV-2 Modulates Autophagy R-HSA-9754560	11	1180	33010	0		1.0	1.0
Reactome	combined	SARS-CoV-2 Targets PDZ Proteins In Cell-Cell Junction R-HSA-9705677	4	1180	33010	0		1.0	1.0
Reactome	combined	SARS-CoV-2 Targets Host Intracellular Signaling And Regulatory Pathways R-HSA-9755779	13	1180	33010	0		1.0	1.0
Reactome	combined	SCF(Skp2)-mediated Degradation Of P27/P21 R-HSA-187577	58	1180	33010	0		1.0	1.0
Reactome	combined	SCF-beta-TrCP Mediated Degradation Of Emi1 R-HSA-174113	53	1180	33010	0		1.0	1.0
Reactome	combined	SEMA3A-Plexin Repulsion Signaling By Inhibiting Integrin Adhesion R-HSA-399955	13	1180	33010	0		1.0	1.0
Reactome	combined	SHC-mediated cascade:FGFR4 R-HSA-5654719	17	1180	33010	0		1.0	1.0
Reactome	combined	SHC-related Events Triggered By IGF1R R-HSA-2428933	8	1180	33010	0		1.0	1.0
Reactome	combined	SHC1 Events In EGFR Signaling R-HSA-180336	12	1180	33010	0		1.0	1.0
Reactome	combined	SHC1 Events In ERBB2 Signaling R-HSA-1250196	21	1180	33010	0		1.0	1.0
Reactome	combined	SHC1 Events In ERBB4 Signaling R-HSA-1250347	13	1180	33010	0		1.0	1.0
Reactome	combined	SLBP Dependent Processing Of Replication-Dependent Histone Pre-mRNAs R-HSA-77588	11	1180	33010	0		1.0	1.0
Reactome	combined	SLBP Independent Processing Of Histone Pre-mRNAs R-HSA-111367	10	1180	33010	0		1.0	1.0
Reactome	combined	SMAC (DIABLO) Binds To IAPs R-HSA-111463	6	1180	33010	0		1.0	1.0
Reactome	combined	SMAC, XIAP-regulated Apoptotic Response R-HSA-111469	7	1180	33010	0		1.0	1.0
Reactome	combined	SMAD2/3 Phosphorylation Motif Mutants In Cancer R-HSA-3304356	6	1180	33010	0		1.0	1.0
Reactome	combined	SMAD2/SMAD3:SMAD4 Heterotrimer Regulates Transcription R-HSA-2173796	36	1180	33010	0		1.0	1.0
Reactome	combined	SOS-mediated Signaling R-HSA-112412	6	1180	33010	0		1.0	1.0
Reactome	combined	STAT3 Nuclear Events Downstream Of ALK Signaling R-HSA-9701898	9	1180	33010	0		1.0	1.0
Reactome	combined	STAT5 Activation R-HSA-9645135	7	1180	33010	0		1.0	1.0
Reactome	combined	STAT5 Activation Downstream Of FLT3 ITD Mutants R-HSA-9702518	10	1180	33010	0		1.0	1.0
Reactome	combined	SUMO Is Proteolytically Processed R-HSA-3065679	5	1180	33010	0		1.0	1.0
Reactome	combined	SUMO Is Transferred From E1 To E2 (UBE2I, UBC9) R-HSA-3065678	6	1180	33010	0		1.0	1.0
Reactome	combined	SUMOylation Of DNA Methylation Proteins R-HSA-4655427	16	1180	33010	0		1.0	1.0
Reactome	combined	SUMOylation Of Immune Response Proteins R-HSA-4755510	10	1180	33010	0		1.0	1.0
Reactome	combined	Scavenging By Class A Receptors R-HSA-3000480	19	1180	33010	0		1.0	1.0
Reactome	combined	Scavenging By Class B Receptors R-HSA-3000471	6	1180	33010	0		1.0	1.0
Reactome	combined	Scavenging By Class F Receptors R-HSA-3000484	6	1180	33010	0		1.0	1.0
Reactome	combined	Scavenging Of Heme From Plasma R-HSA-2168880	11	1180	33010	0		1.0	1.0
Reactome	combined	Sema3A PAK Dependent Axon Repulsion R-HSA-399954	15	1180	33010	0		1.0	1.0
Reactome	combined	Sema4D In Semaphorin Signaling R-HSA-400685	24	1180	33010	0		1.0	1.0
Reactome	combined	Sema4D Induced Cell Migration And Growth-Cone Collapse R-HSA-416572	20	1180	33010	0		1.0	1.0
Reactome	combined	Sema4D Mediated Inhibition Of Cell Attachment And Migration R-HSA-416550	8	1180	33010	0		1.0	1.0
Reactome	combined	Sensing Of DNA Double Strand Breaks R-HSA-5693548	6	1180	33010	0		1.0	1.0
Reactome	combined	Sensory Perception Of Salty Taste R-HSA-9730628	6	1180	33010	0		1.0	1.0
Reactome	combined	Serotonin And Melatonin Biosynthesis R-HSA-209931	4	1180	33010	0		1.0	1.0
Reactome	combined	Signal Amplification R-HSA-392518	33	1180	33010	0		1.0	1.0
Reactome	combined	Signal Attenuation R-HSA-74749	10	1180	33010	0		1.0	1.0
Reactome	combined	Signal Regulatory Protein Family Interactions R-HSA-391160	13	1180	33010	0		1.0	1.0
Reactome	combined	Signaling By ALK R-HSA-201556	25	1180	33010	0		1.0	1.0
Reactome	combined	Signaling By Activin R-HSA-1502540	15	1180	33010	0		1.0	1.0
Reactome	combined	Signaling By EGFR In Cancer R-HSA-1643713	23	1180	33010	0		1.0	1.0
Reactome	combined	Signaling By ERBB2 ECD Mutants R-HSA-9665348	15	1180	33010	0		1.0	1.0
Reactome	combined	Signaling By ERBB2 KD Mutants R-HSA-9664565	24	1180	33010	0		1.0	1.0
Reactome	combined	Signaling By ERBB2 R-HSA-1227986	49	1180	33010	0		1.0	1.0
Reactome	combined	Signaling By ERBB2 TMD/JMD Mutants R-HSA-9665686	21	1180	33010	0		1.0	1.0
Reactome	combined	Signaling By ERBB2 In Cancer R-HSA-1227990	25	1180	33010	0		1.0	1.0
Reactome	combined	Signaling By Erythropoietin R-HSA-9006335	24	1180	33010	0		1.0	1.0
Reactome	combined	Signaling By FGFR2 IIIa TM R-HSA-8851708	18	1180	33010	0		1.0	1.0
Reactome	combined	Signaling By FGFR4 In Disease R-HSA-5655291	10	1180	33010	0		1.0	1.0
Reactome	combined	Signaling By FLT3 ITD And TKD Mutants R-HSA-9703648	15	1180	33010	0		1.0	1.0
Reactome	combined	Signaling By FLT3 Fusion Proteins R-HSA-9703465	18	1180	33010	0		1.0	1.0
Reactome	combined	Signaling By Hippo R-HSA-2028269	19	1180	33010	0		1.0	1.0
Reactome	combined	Signaling By KIT In Disease R-HSA-9669938	19	1180	33010	0		1.0	1.0
Reactome	combined	Signaling By LRP5 Mutants R-HSA-5339717	6	1180	33010	0		1.0	1.0
Reactome	combined	Signaling By Leptin R-HSA-2586552	11	1180	33010	0		1.0	1.0
Reactome	combined	Signaling By MAPK Mutants R-HSA-9652817	6	1180	33010	0		1.0	1.0
Reactome	combined	Signaling By MET R-HSA-6806834	62	1180	33010	0		1.0	1.0
Reactome	combined	Signaling By MST1 R-HSA-8852405	5	1180	33010	0		1.0	1.0
Reactome	combined	Signaling By NODAL R-HSA-1181150	20	1180	33010	0		1.0	1.0
Reactome	combined	Signaling By NTRK3 (TRKC) R-HSA-9034015	16	1180	33010	0		1.0	1.0
Reactome	combined	Signaling By PDGF R-HSA-186797	50	1180	33010	0		1.0	1.0
Reactome	combined	Signaling By PDGFRA Extracellular Domain Mutants R-HSA-9673770	11	1180	33010	0		1.0	1.0
Reactome	combined	Signaling By RNF43 Mutants R-HSA-5340588	7	1180	33010	0		1.0	1.0
Reactome	combined	Signaling By TGF-beta Receptor Complex In Cancer R-HSA-3304351	8	1180	33010	0		1.0	1.0
Reactome	combined	Signaling By WNT In Cancer R-HSA-4791275	31	1180	33010	0		1.0	1.0
Reactome	combined	Small Interfering RNA (siRNA) Biogenesis R-HSA-426486	9	1180	33010	0		1.0	1.0
Reactome	combined	Sodium-coupled Phosphate Cotransporters R-HSA-427652	5	1180	33010	0		1.0	1.0
Reactome	combined	Sodium/Calcium Exchangers R-HSA-425561	10	1180	33010	0		1.0	1.0
Reactome	combined	Sodium/Proton Exchangers R-HSA-425986	7	1180	33010	0		1.0	1.0
Reactome	combined	Striated Muscle Contraction R-HSA-390522	32	1180	33010	0		1.0	1.0
Reactome	combined	Sulfide Oxidation To Sulfate R-HSA-1614517	5	1180	33010	0		1.0	1.0
Reactome	combined	Sulfur Amino Acid Metabolism R-HSA-1614635	25	1180	33010	0		1.0	1.0
Reactome	combined	Suppression Of Apoptosis R-HSA-9635465	6	1180	33010	0		1.0	1.0
Reactome	combined	Suppression Of Phagosomal Maturation R-HSA-9637687	13	1180	33010	0		1.0	1.0
Reactome	combined	Surfactant Metabolism R-HSA-5683826	26	1180	33010	0		1.0	1.0
Reactome	combined	Syndecan Interactions R-HSA-3000170	18	1180	33010	0		1.0	1.0
Reactome	combined	Synthesis Of (16-20)-Hydroxyeicosatetraenoic Acids (HETE) R-HSA-2142816	9	1180	33010	0		1.0	1.0
Reactome	combined	Synthesis Of 12-Eicosatetraenoic Acid Derivatives R-HSA-2142712	7	1180	33010	0		1.0	1.0
Reactome	combined	Synthesis Of 15-Eicosatetraenoic Acid Derivatives R-HSA-2142770	6	1180	33010	0		1.0	1.0
Reactome	combined	Synthesis Of Dolichyl-phosphate R-HSA-446199	6	1180	33010	0		1.0	1.0
Reactome	combined	Synthesis Of GDP-mannose R-HSA-446205	5	1180	33010	0		1.0	1.0
Reactome	combined	Synthesis Of IP2, IP, And Ins In Cytosol R-HSA-1855183	13	1180	33010	0		1.0	1.0
Reactome	combined	Synthesis Of Ketone Bodies R-HSA-77111	8	1180	33010	0		1.0	1.0
Reactome	combined	Synthesis Of PA R-HSA-1483166	38	1180	33010	0		1.0	1.0
Reactome	combined	Synthesis Of PC R-HSA-1483191	26	1180	33010	0		1.0	1.0
Reactome	combined	Synthesis Of PE R-HSA-1483213	13	1180	33010	0		1.0	1.0
Reactome	combined	Synthesis Of PG R-HSA-1483148	8	1180	33010	0		1.0	1.0
Reactome	combined	Synthesis Of PI R-HSA-1483226	5	1180	33010	0		1.0	1.0
Reactome	combined	Synthesis Of PIPs At ER Membrane R-HSA-1483248	5	1180	33010	0		1.0	1.0
Reactome	combined	Synthesis Of PIPs At Golgi Membrane R-HSA-1660514	16	1180	33010	0		1.0	1.0
Reactome	combined	Synthesis Of PIPs At Early Endosome Membrane R-HSA-1660516	15	1180	33010	0		1.0	1.0
Reactome	combined	Synthesis Of PIPs At Late Endosome Membrane R-HSA-1660517	10	1180	33010	0		1.0	1.0
Reactome	combined	Synthesis Of PIPs At Plasma Membrane R-HSA-1660499	47	1180	33010	0		1.0	1.0
Reactome	combined	Synthesis Of Prostaglandins (PG) And Thromboxanes (TX) R-HSA-2162123	15	1180	33010	0		1.0	1.0
Reactome	combined	Synthesis Of UDP-N-acetyl-glucosamine R-HSA-446210	7	1180	33010	0		1.0	1.0
Reactome	combined	Synthesis Of Active Ubiquitin: Roles Of E1 And E2 Enzymes R-HSA-8866652	27	1180	33010	0		1.0	1.0
Reactome	combined	Synthesis Of Bile Acids And Bile Salts R-HSA-192105	34	1180	33010	0		1.0	1.0
Reactome	combined	Synthesis Of Bile Acids And Bile Salts Via 24-Hydroxycholesterol R-HSA-193775	14	1180	33010	0		1.0	1.0
Reactome	combined	Synthesis Of Bile Acids And Bile Salts Via 27-Hydroxycholesterol R-HSA-193807	15	1180	33010	0		1.0	1.0
Reactome	combined	Synthesis Of Bile Acids And Bile Salts Via 7Alpha-Hydroxycholesterol R-HSA-193368	24	1180	33010	0		1.0	1.0
Reactome	combined	Synthesis Of diphthamide-EEF2 R-HSA-5358493	8	1180	33010	0		1.0	1.0
Reactome	combined	Synthesis Of Epoxy (EET) And Dihydroxyeicosatrienoic Acids (DHET) R-HSA-2142670	8	1180	33010	0		1.0	1.0
Reactome	combined	Synthesis Of Pyrophosphates In Cytosol R-HSA-1855167	8	1180	33010	0		1.0	1.0
Reactome	combined	Synthesis Of Wybutosine At G37 Of tRNA(Phe) R-HSA-6782861	6	1180	33010	0		1.0	1.0
Reactome	combined	Synthesis, Secretion, And Deacylation Of Ghrelin R-HSA-422085	18	1180	33010	0		1.0	1.0
Reactome	combined	TFAP2 (AP-2) Family Regulates Transcription Of Cell Cycle Factors R-HSA-8866911	5	1180	33010	0		1.0	1.0
Reactome	combined	TFAP2A Acts As A Transcriptional Repressor During Retinoic Acid Induced Cell Differentiation R-HSA-8869496	5	1180	33010	0		1.0	1.0
Reactome	combined	TGF-beta Receptor Signaling In EMT (Epithelial To Mesenchymal Transition) R-HSA-2173791	16	1180	33010	0		1.0	1.0
Reactome	combined	TICAM1, RIP1-mediated IKK Complex Recruitment R-HSA-168927	18	1180	33010	0		1.0	1.0
Reactome	combined	TICAM1,TRAF6-dependent Induction Of TAK1 Complex R-HSA-9014325	10	1180	33010	0		1.0	1.0
Reactome	combined	TICAM1-dependent Activation Of IRF3/IRF7 R-HSA-9013973	12	1180	33010	0		1.0	1.0
Reactome	combined	TNF Receptor Superfamily (TNFSF) Members Mediating Non-Canonical NF-kB Pathway R-HSA-5676594	16	1180	33010	0		1.0	1.0
Reactome	combined	TNFR1-induced NFkappaB Signaling Pathway R-HSA-5357956	23	1180	33010	0		1.0	1.0
Reactome	combined	TNFR1-mediated Ceramide Production R-HSA-5626978	6	1180	33010	0		1.0	1.0
Reactome	combined	TNFR2 Non-Canonical NF-kB Pathway R-HSA-5668541	95	1180	33010	0		1.0	1.0
Reactome	combined	TNFs Bind Their Physiological Receptors R-HSA-5669034	26	1180	33010	0		1.0	1.0
Reactome	combined	TP53 Regulates Transcription Of Caspase Activators And Caspases R-HSA-6803207	12	1180	33010	0		1.0	1.0
Reactome	combined	TP53 Regulates Transcription Of Cell Cycle Genes R-HSA-6791312	49	1180	33010	0		1.0	1.0
Reactome	combined	TP53 Regulates Transcription Of Genes Involved In Cytochrome C Release R-HSA-6803204	20	1180	33010	0		1.0	1.0
Reactome	combined	TP53 Regulates Transcription Of Genes Involved In G1 Cell Cycle Arrest R-HSA-6804116	14	1180	33010	0		1.0	1.0
Reactome	combined	TP53 Regulates Transcription Of Genes Involved In G2 Cell Cycle Arrest R-HSA-6804114	18	1180	33010	0		1.0	1.0
Reactome	combined	TP53 Regulates Transcription Of Additional Cell Cycle Genes With Uncertain Roles In P53 Pathway R-HSA-6804115	21	1180	33010	0		1.0	1.0
Reactome	combined	TRAF3-dependent IRF Activation Pathway R-HSA-918233	13	1180	33010	0		1.0	1.0
Reactome	combined	TRAF6 Mediated IRF7 Activation R-HSA-933541	16	1180	33010	0		1.0	1.0
Reactome	combined	TRAF6 Mediated IRF7 Activation In TLR7/8 Or 9 Signaling R-HSA-975110	7	1180	33010	0		1.0	1.0
Reactome	combined	TRAF6 Mediated NF-kB Activation R-HSA-933542	23	1180	33010	0		1.0	1.0
Reactome	combined	TRAF6-mediated Induction Of TAK1 Complex Within TLR4 Complex R-HSA-937072	15	1180	33010	0		1.0	1.0
Reactome	combined	TRP Channels R-HSA-3295583	24	1180	33010	0		1.0	1.0
Reactome	combined	TYSND1 Cleaves Peroxisomal Proteins R-HSA-9033500	7	1180	33010	0		1.0	1.0
Reactome	combined	Tandem Pore Domain Potassium Channels R-HSA-1296346	12	1180	33010	0		1.0	1.0
Reactome	combined	Telomere C-strand (Lagging Strand) Synthesis R-HSA-174417	32	1180	33010	0		1.0	1.0
Reactome	combined	Telomere C-strand Synthesis Initiation R-HSA-174430	11	1180	33010	0		1.0	1.0
Reactome	combined	Telomere Extension By Telomerase R-HSA-171319	22	1180	33010	0		1.0	1.0
Reactome	combined	Telomere Maintenance R-HSA-157579	85	1180	33010	0		1.0	1.0
Reactome	combined	Terminal Pathway Of Complement R-HSA-166665	7	1180	33010	0		1.0	1.0
Reactome	combined	Termination Of O-glycan Biosynthesis R-HSA-977068	24	1180	33010	0		1.0	1.0
Reactome	combined	Termination Of Translesion DNA Synthesis R-HSA-5656169	32	1180	33010	0		1.0	1.0
Reactome	combined	Tetrahydrobiopterin (BH4) Synthesis, Recycling, Salvage And Regulation R-HSA-1474151	10	1180	33010	0		1.0	1.0
Reactome	combined	NLRP3 Inflammasome R-HSA-844456	16	1180	33010	0		1.0	1.0
Reactome	combined	Activation Of Arylsulfatases R-HSA-1663150	8	1180	33010	0		1.0	1.0
Reactome	combined	Canonical Retinoid Cycle In Rods (Twilight Vision) R-HSA-2453902	23	1180	33010	0		1.0	1.0
Reactome	combined	Fatty Acid Cycling Model R-HSA-167826	4	1180	33010	0		1.0	1.0
Reactome	combined	Retinoid Cycle In Cones (Daylight Vision) R-HSA-2187335	4	1180	33010	0		1.0	1.0
Reactome	combined	Role Of GTSE1 In G2/M Progression After G2 Checkpoint R-HSA-8852276	58	1180	33010	0		1.0	1.0
Reactome	combined	Thrombin Signaling Thru Proteinase Activated Receptors (PARs) R-HSA-456926	32	1180	33010	0		1.0	1.0
Reactome	combined	Thromboxane Signaling Thru TP Receptor R-HSA-428930	24	1180	33010	0		1.0	1.0
Reactome	combined	Tie2 Signaling R-HSA-210993	17	1180	33010	0		1.0	1.0
Reactome	combined	Toxicity Of Botulinum Toxin Type D (botD) R-HSA-5250955	5	1180	33010	0		1.0	1.0
Reactome	combined	Toxicity Of Botulinum Toxin Type F (botF) R-HSA-5250981	5	1180	33010	0		1.0	1.0
Reactome	combined	Trafficking And Processing Of Endosomal TLR R-HSA-1679131	11	1180	33010	0		1.0	1.0
Reactome	combined	Transcription Of E2F Targets Under Negative Control By DREAM Complex R-HSA-1362277	19	1180	33010	0		1.0	1.0
Reactome	combined	Transcription Of E2F Targets Under Negative Control By P107 (RBL1) And P130 (RBL2) In Complex With HDAC1 R-HSA-1362300	16	1180	33010	0		1.0	1.0
Reactome	combined	Transcription Of HIV Genome R-HSA-167172	65	1180	33010	0		1.0	1.0
Reactome	combined	Transcriptional Regulation By E2F6 R-HSA-8953750	32	1180	33010	0		1.0	1.0
Reactome	combined	Translation Of Replicase And Assembly Of Replication Transcription Complex R-HSA-9679504	12	1180	33010	0		1.0	1.0
Reactome	combined	Translesion Synthesis By POLI R-HSA-5656121	17	1180	33010	0		1.0	1.0
Reactome	combined	Translesion Synthesis By POLK R-HSA-5655862	17	1180	33010	0		1.0	1.0
Reactome	combined	Translesion Synthesis By REV1 R-HSA-110312	16	1180	33010	0		1.0	1.0
Reactome	combined	Transport And Synthesis Of PAPS R-HSA-174362	6	1180	33010	0		1.0	1.0
Reactome	combined	Transport Of RCbl Within Body R-HSA-9758890	8	1180	33010	0		1.0	1.0
Reactome	combined	Transport Of Fatty Acids R-HSA-804914	8	1180	33010	0		1.0	1.0
Reactome	combined	Transport Of Gamma-Carboxylated Protein Precursors From Endoplasmic Reticulum To Golgi Apparatus R-HSA-159763	7	1180	33010	0		1.0	1.0
Reactome	combined	Transport Of Nucleosides And Free Purine And Pyrimidine Bases Across Plasma Membrane R-HSA-83936	10	1180	33010	0		1.0	1.0
Reactome	combined	Transport Of Nucleotide Sugars R-HSA-727802	8	1180	33010	0		1.0	1.0
Reactome	combined	Triglyceride Biosynthesis R-HSA-75109	11	1180	33010	0		1.0	1.0
Reactome	combined	Triglyceride Catabolism R-HSA-163560	21	1180	33010	0		1.0	1.0
Reactome	combined	Triglyceride Metabolism R-HSA-8979227	32	1180	33010	0		1.0	1.0
Reactome	combined	Tristetraprolin (TTP, ZFP36) Binds And Destabilizes mRNA R-HSA-450513	17	1180	33010	0		1.0	1.0
Reactome	combined	Tryptophan Catabolism R-HSA-71240	14	1180	33010	0		1.0	1.0
Reactome	combined	Tyrosine Catabolism R-HSA-8963684	5	1180	33010	0		1.0	1.0
Reactome	combined	UCH Proteinases R-HSA-5689603	90	1180	33010	0		1.0	1.0
Reactome	combined	Ubiquitin Mediated Degradation Of Phosphorylated Cdc25A R-HSA-69601	50	1180	33010	0		1.0	1.0
Reactome	combined	Ubiquitin-dependent Degradation Of Cyclin D R-HSA-75815	50	1180	33010	0		1.0	1.0
Reactome	combined	Unfolded Protein Response (UPR) R-HSA-381119	85	1180	33010	0		1.0	1.0
Reactome	combined	Unwinding Of DNA R-HSA-176974	11	1180	33010	0		1.0	1.0
Reactome	combined	Uptake And Function Of Diphtheria Toxin R-HSA-5336415	6	1180	33010	0		1.0	1.0
Reactome	combined	Uptake Of Dietary Cobalamins Into Enterocytes R-HSA-9758881	10	1180	33010	0		1.0	1.0
Reactome	combined	Urea Cycle R-HSA-70635	8	1180	33010	0		1.0	1.0
Reactome	combined	VEGF Binds To VEGFR Leading To Receptor Dimerization R-HSA-195399	7	1180	33010	0		1.0	1.0
Reactome	combined	VEGFR2 Mediated Cell Proliferation R-HSA-5218921	18	1180	33010	0		1.0	1.0
Reactome	combined	VLDL Clearance R-HSA-8964046	5	1180	33010	0		1.0	1.0
Reactome	combined	VLDLR Internalisation And Degradation R-HSA-8866427	16	1180	33010	0		1.0	1.0
Reactome	combined	Vasopressin-like Receptors R-HSA-388479	5	1180	33010	0		1.0	1.0
Reactome	combined	Vif-mediated Degradation Of APOBEC3G R-HSA-180585	52	1180	33010	0		1.0	1.0
Reactome	combined	Virus Assembly And Release R-HSA-168268	5	1180	33010	0		1.0	1.0
Reactome	combined	Vitamin B1 (Thiamin) Metabolism R-HSA-196819	5	1180	33010	0		1.0	1.0
Reactome	combined	Vitamin B2 (Riboflavin) Metabolism R-HSA-196843	7	1180	33010	0		1.0	1.0
Reactome	combined	Vitamin B5 (Pantothenate) Metabolism R-HSA-199220	16	1180	33010	0		1.0	1.0
Reactome	combined	Vitamin C (Ascorbate) Metabolism R-HSA-196836	7	1180	33010	0		1.0	1.0
Reactome	combined	Vitamin D (Calciferol) Metabolism R-HSA-196791	12	1180	33010	0		1.0	1.0
Reactome	combined	Vpu Mediated Degradation Of CD4 R-HSA-180534	50	1180	33010	0		1.0	1.0
Reactome	combined	VxPx Cargo-Targeting To Cilium R-HSA-5620916	20	1180	33010	0		1.0	1.0
Reactome	combined	WNT Mediated Activation Of DVL R-HSA-201688	6	1180	33010	0		1.0	1.0
Reactome	combined	WNT5A-dependent Internalization Of FZD2, FZD5 And ROR2 R-HSA-5140745	11	1180	33010	0		1.0	1.0
Reactome	combined	WNT5A-dependent Internalization Of FZD4 R-HSA-5099900	15	1180	33010	0		1.0	1.0
Reactome	combined	Wax And Plasmalogen Biosynthesis R-HSA-8848584	5	1180	33010	0		1.0	1.0
Reactome	combined	XBP1(S) Activates Chaperone Genes R-HSA-381038	45	1180	33010	0		1.0	1.0
Reactome	combined	Xenobiotics R-HSA-211981	20	1180	33010	0		1.0	1.0
Reactome	combined	Zinc Efflux And Compartmentalization By SLC30 Family R-HSA-435368	7	1180	33010	0		1.0	1.0
Reactome	combined	Zinc Influx Into Cells By SLC39 Gene Family R-HSA-442380	10	1180	33010	0		1.0	1.0
Reactome	combined	Zinc Transporters R-HSA-435354	17	1180	33010	0		1.0	1.0
Reactome	combined	Activated TAK1 Mediates P38 MAPK Activation R-HSA-450302	16	1180	33010	0		1.0	1.0
Reactome	combined	Alpha-Linolenic (Omega3) And Linoleic (Omega6) Acid Metabolism R-HSA-2046104	12	1180	33010	0		1.0	1.0
Reactome	combined	eNOS Activation R-HSA-203615	11	1180	33010	0		1.0	1.0
Reactome	combined	mRNA Capping R-HSA-72086	28	1180	33010	0		1.0	1.0
Reactome	combined	mRNA Editing R-HSA-75072	8	1180	33010	0		1.0	1.0
Reactome	combined	mRNA Decay By 3 To 5 Exoribonuclease R-HSA-429958	13	1180	33010	0		1.0	1.0
Reactome	combined	mRNA Decay By 5 To 3 Exoribonuclease R-HSA-430039	15	1180	33010	0		1.0	1.0
Reactome	combined	mTORC1-mediated Signaling R-HSA-166208	23	1180	33010	0		1.0	1.0
Reactome	combined	Mitochondrial Fatty Acid Beta-Oxidation Of Saturated Fatty Acids R-HSA-77286	11	1180	33010	0		1.0	1.0
Reactome	combined	Mitochondrial Fatty Acid Beta-Oxidation Of Unsaturated Fatty Acids R-HSA-77288	6	1180	33010	0		1.0	1.0
Reactome	combined	p38MAPK Events R-HSA-171007	12	1180	33010	0		1.0	1.0
Reactome	combined	p75NTR Negatively Regulates Cell Cycle Via SC1 R-HSA-193670	6	1180	33010	0		1.0	1.0
Reactome	combined	p75NTR Recruits Signaling Complexes R-HSA-209543	12	1180	33010	0		1.0	1.0
Reactome	combined	p75NTR Signals Via NF-kB R-HSA-193639	15	1180	33010	0		1.0	1.0
Reactome	combined	rRNA Modification In Mitochondrion R-HSA-6793080	6	1180	33010	0		1.0	1.0
Reactome	combined	rRNA Processing In Mitochondrion R-HSA-8868766	9	1180	33010	0		1.0	1.0
Reactome	combined	tRNA Aminoacylation R-HSA-379724	42	1180	33010	0		1.0	1.0
Reactome	combined	tRNA Modification In Mitochondrion R-HSA-6787450	8	1180	33010	0		1.0	1.0
Reactome	combined	tRNA Modification In Nucleus And Cytosol R-HSA-6782315	40	1180	33010	0		1.0	1.0
Reactome	combined	tRNA Processing In Mitochondrion R-HSA-6785470	4	1180	33010	0		1.0	1.0
Reactome	combined	trans-Golgi Network Vesicle Budding R-HSA-199992	66	1180	33010	0		1.0	1.0
Reactome	combined	vRNP Assembly R-HSA-192905	5	1180	33010	0		1.0	1.0
Reactome	hypermethylated	GPCR Ligand Binding R-HSA-500792	429	756	33010	25	CALCB,CCL28,CPAMD8,GALR1,GALR3,GHSR,GPR37L1,GRM1,HTR1A,HTR1B,LPAR5,LPAR6,NMBR,NMS,NPBWR1,NPY,PCDHA4,PCDHA6,PENK,SST,SSTR4,TAC1,TRH,VIPR2,WNT16	2.3322746678558797e-05	0.01629802061925142
Reactome	hypermethylated	Regulation Of Beta-Cell Development R-HSA-186712	39	756	33010	7	FOXA2,MAML3,NEUROD1,NKX6-1,ONECUT1,PAX6,PKLR	2.6114403314588606e-05	0.01629802061925142
Reactome	hypermethylated	Class A/1 (Rhodopsin-like Receptors) R-HSA-373076	304	756	33010	20	CCL28,GALR1,GALR3,GHSR,GPR37L1,HTR1A,HTR1B,LPAR5,LPAR6,NMBR,NMS,NPBWR1,NPY,PCDHA4,PCDHA6,PENK,SST,SSTR4,TAC1,TRH	2.7977309064292608e-05	0.01629802061925142
Reactome	hypermethylated	GPCR Downstream Signaling R-HSA-388396	580	756	33010	30	AKAP13,ARHGEF25,CALCB,CCL28,CPAMD8,GALR1,GALR3,GHSR,GPR25,GPR37L1,GRM1,HTR1B,LPAR5,LPAR6,MCF2L,NMBR,NMS,NPBWR1,NPY,PCDHA4,PCDHA6,PDE4C,PENK,PRKAR1B,RGS6,SST,SSTR4,TAC1,TRH,VIPR2	3.5859231285481676e-05	0.01629802061925142
Reactome	hypermethylated	Signaling By GPCR R-HSA-372790	648	756	33010	32	AKAP13,ARHGEF25,CALCB,CCL28,CPAMD8,GALR1,GALR3,GHSR,GPR25,GPR37L1,GRM1,HTR1A,HTR1B,LPAR5,LPAR6,MCF2L,NMBR,NMS,NPBWR1,NPY,PCDHA4,PCDHA6,PDE4C,PENK,PRKAR1B,RGS6,SST,SSTR4,TAC1,TRH,VIPR2,WNT16	4.847089435328596e-05	0.017624017186854773
Reactome	hypermethylated	Regulation Of Gene Expression In Beta Cells R-HSA-210745	20	756	33010	5	FOXA2,NEUROD1,NKX6-1,PAX6,PKLR	7.24372504224047e-05	0.02041069702931014
Reactome	hypermethylated	Protein-protein Interactions At Synapses R-HSA-6794362	79	756	33010	9	APBA2,DLGAP1,GRM1,LRRTM2,NRXN2,PPFIA3,SHANK3,SLITRK1,SLITRK3	8.14120163294835e-05	0.02041069702931014
Reactome	hypermethylated	Peptide Ligand-Binding Receptors R-HSA-375276	183	756	33010	14	CCL28,GALR1,GALR3,GHSR,GPR37L1,NMBR,NMS,NPBWR1,NPY,PENK,SST,SSTR4,TAC1,TRH	8.981604853381799e-05	0.02041069702931014
Reactome	hypermethylated	G Alpha (I) Signaling Events R-HSA-418594	295	756	33010	17	CCL28,GALR1,GALR3,GPR37L1,HTR1B,LPAR5,NMS,NPBWR1,NPY,PCDHA4,PCDHA6,PDE4C,PENK,PRKAR1B,RGS6,SST,SSTR4	0.0005142396479286672	0.10387640888159078
Reactome	hypermethylated	Neuronal System R-HSA-112316	365	756	33010	19	ABCC9,APBA2,CACNA2D2,CACNG8,DLGAP1,GABRA1,GABRG2,GRM1,KCNC2,KCNQ4,LRRTM2,NRXN2,PPFIA3,PRKAR1B,SHANK3,SLC1A6,SLC6A3,SLITRK1,SLITRK3	0.000855730701140074	0.15557184146726546
Reactome	hypermethylated	Neurexins And Neuroligins R-HSA-6794361	53	756	33010	6	APBA2,DLGAP1,GRM1,LRRTM2,NRXN2,SHANK3	0.0013003937852548858	0.21491962741758022
Reactome	hypermethylated	Phase 2 - Plateau Phase R-HSA-5576893	14	756	33010	3	CACNA2D2,CACNG7,CACNG8	0.0036064228386075807	0.5046496224291862
Reactome	hypermethylated	Transcriptional Regulation Of Pluripotent Stem Cells R-HSA-452723	28	756	33010	4	CDX2,EOMES,FOXP1,PRDM14	0.0036086056609347743	0.5046496224291862
Reactome	hypermethylated	Signal Transduction R-HSA-162582	2341	756	33010	73	AKAP13,ARHGEF25,ATP6V1B1,CALCB,CAPZB,CCL28,CFTR,CLASP2,CPAMD8,CTNNA1,CXXC5,CYP26A1,DLK1,DNAJB1,DST,DZIP1,FGF5,FLRT2,FOXA1,GABRA1,GABRG2,GALR1,GALR3,GATA3,GHSR,GPR25,GPR37L1,GRM1,HTR1A,HTR1B,IL6ST,KLC1,LPAR5,LPAR6,MAML3,MCF2L,MEF2D,MMP9,MPZ,NCOR2,NMBR,NMS,NOTCH3,NPBWR1,NPY,NR2E1,NTRK1,PCDHA4,PCDHA6,PDE4C,PENK,PRKAR1B,PRR5,RARG,RASAL1,RASGEF1A,RGS6,RSPO2,RTN4,SEL1L,SKI,SLITRK3,SOX17,SOX6,SPRY2,SST,SSTR4,STAP2,STMN2,TAC1,TRH,VIPR2,WNT16	0.0046572508527384805	0.6047772893056113
Reactome	hypermethylated	Receptor-type Tyrosine-Protein Phosphatases R-HSA-388844	16	756	33010	3	PPFIA3,SLITRK1,SLITRK3	0.005362593705831324	0.6499463571467564
Reactome	hypermethylated	Na+/Cl- Dependent Neurotransmitter Transporters R-HSA-442660	18	756	33010	3	SLC6A18,SLC6A3,SLC6A5	0.0075530899156135214	0.8582198416615864
Reactome	hypermethylated	Developmental Biology R-HSA-1266738	1008	756	33010	35	CACNG8,CDX2,CLASP2,CRMP1,CTNNA1,DNAAF3,EOMES,EPHA10,EPHB1,FOXA2,FOXP1,GATA4,GFI1,HOXA2,HOXC4,ITGA9,LHX9,MAML3,MEF2D,MEIS1,MMP9,MPZ,NCOR2,NEUROD1,NKX6-1,ONECUT1,PAX6,PKLR,PRDM14,RARG,SEMA4A,SHANK3,TAL1,TBXT,WT1	0.010397999139155645	1.0
Reactome	hypermethylated	RUNX2 Regulates Osteoblast Differentiation R-HSA-8940973	21	756	33010	3	MAF,RB1,SATB2	0.01170107403125343	1.0
Reactome	hypermethylated	Regulation Of Gene Expression In Early Pancreatic Precursor Cells R-HSA-210747	8	756	33010	2	NKX6-1,ONECUT1	0.01338303545311516	1.0
Reactome	hypermethylated	Incretin Synthesis, Secretion, And Inactivation R-HSA-400508	23	756	33010	3	CDX2,GATA4,PAX6	0.01506369593537278	1.0
Reactome	hypermethylated	Notch-HLH Transcription Pathway R-HSA-350054	24	756	33010	3	MAML3,NCOR2,NOTCH3	0.01692804433502988	1.0
Reactome	hypermethylated	FCGR Activation R-HSA-2029481	9	756	33010	2	FGR,HCK	0.01694775181102779	1.0
Reactome	hypermethylated	POU5F1 (OCT4), SOX2, NANOG Repress Genes Related To Differentiation R-HSA-2892245	9	756	33010	2	CDX2,EOMES	0.01694775181102779	1.0
Reactome	hypermethylated	Negative Regulation Of Activity Of TFAP2 (AP-2) Family Transcription Factors R-HSA-8866904	10	756	33010	2	TFAP2B,TFAP2D	0.020866431076589732	1.0
Reactome	hypermethylated	Serotonin Receptors R-HSA-390666	10	756	33010	2	HTR1A,HTR1B	0.020866431076589732	1.0
Reactome	hypermethylated	Activation Of TFAP2 (AP-2) Family Of Transcription Factors R-HSA-8866907	11	756	33010	2	TFAP2B,TFAP2D	0.02512103483407493	1.0
Reactome	hypermethylated	RUNX2 Regulates Bone Development R-HSA-8941326	28	756	33010	3	MAF,RB1,SATB2	0.025619257021387176	1.0
Reactome	hypermethylated	Nuclear Receptor Transcription Pathway R-HSA-383280	51	756	33010	4	NCOR2,NR2E1,RARG,THRA	0.029198731049120314	1.0
Reactome	hypermethylated	Pyrimidine Catabolism R-HSA-73621	12	756	33010	2	DPYS,NT5E	0.029694163352397336	1.0
Reactome	hypermethylated	Synthesis, Secretion, And Inactivation Of Glucose-dependent Insulinotropic Polypeptide (GIP) R-HSA-400511	12	756	33010	2	GATA4,PAX6	0.029694163352397336	1.0
Reactome	hypermethylated	Transcriptional Regulation Of Testis Differentiation R-HSA-9690406	12	756	33010	2	GATA4,WT1	0.029694163352397336	1.0
Reactome	hypermethylated	Phase 0 - Rapid Depolarisation R-HSA-5576892	31	756	33010	3	CACNA2D2,CACNG7,CACNG8	0.03343265589085104	1.0
Reactome	hypermethylated	Cell Junction Organization R-HSA-446728	81	756	33010	5	CDH9,CLDN10,CTNNA1,DST,SDK2	0.03841098258702239	1.0
Reactome	hypermethylated	G Alpha (Q) Signaling Events R-HSA-416476	197	756	33010	9	ARHGEF25,GHSR,GRM1,LPAR5,LPAR6,NMBR,NMS,TAC1,TRH	0.03844985126944249	1.0
Reactome	hypermethylated	FCGR3A-mediated IL10 Synthesis R-HSA-9664323	33	756	33010	3	FGR,HCK,PRKAR1B	0.03925022250728279	1.0
Reactome	hypermethylated	Regulation Of Gene Expression In Late Stage (Branching Morphogenesis) Pancreatic Bud Precursor Cells R-HSA-210744	14	756	33010	2	MAML3,ONECUT1	0.03972947135801409	1.0
Reactome	hypermethylated	Transcriptional Regulation By MECP2 R-HSA-8986944	57	756	33010	4	FOXG1,NCOR2,RBFOX1,SST	0.04151965421484572	1.0
Reactome	hypermethylated	Transcriptional Regulation By AP-2 (TFAP2) Family Of Transcription Factors R-HSA-8864260	34	756	33010	3	PITX2,TFAP2B,TFAP2D	0.04233864969978886	1.0
Reactome	hypermethylated	Cell-cell Junction Organization R-HSA-421270	58	756	33010	4	CDH9,CLDN10,CTNNA1,SDK2	0.04381825638809365	1.0
Reactome	hypermethylated	Activation Of HOX Genes During Differentiation R-HSA-5619507	84	756	33010	5	HOXA2,HOXC4,MEIS1,PAX6,RARG	0.0438194510640044	1.0
Reactome	hypermethylated	Gap Junction Assembly R-HSA-190861	15	756	33010	2	GJA3,GJB2	0.04515987005605073	1.0
Reactome	hypermethylated	Generic Transcription Pathway R-HSA-212436	1141	756	33010	35	CDKN2A,FOXG1,GATA3,GATA4,MAF,MAML3,MPZ,NCOR2,NOTCH3,NPY,NR2E1,PAX5,PITX2,POU4F2,PRR5,RARG,RB1,RBFOX1,SATB2,SKI,SST,TAL1,TFAP2B,TFAP2D,THRA,TWIST1,ZNF154,ZNF267,ZNF274,ZNF551,ZNF560,ZNF625,ZNF671,ZNF709,ZNF729	0.05061189355614926	1.0
Reactome	hypermethylated	Sensory Processing Of Sound By Inner Hair Cells Of Cochlea R-HSA-9662360	62	756	33010	4	CACNA2D2,CAPZB,KCNQ4,MYO3A	0.05371178580010041	1.0
Reactome	hypermethylated	Gastrulation R-HSA-9758941	17	756	33010	2	EOMES,TBXT	0.05677095578620776	1.0
Reactome	hypermethylated	Factors Involved In Megakaryocyte Development And Platelet Production R-HSA-983231	120	756	33010	6	CAPZB,EHD2,GATA3,GATA4,KLC1,PRKAR1B	0.05816806067900594	1.0
Reactome	hypermethylated	Pre-NOTCH Processing In Golgi R-HSA-1912420	18	756	33010	2	NOTCH3,SEL1L	0.06292318902003204	1.0
Reactome	hypermethylated	Anti-inflammatory Response Favoring Leishmania Infection R-HSA-9662851	156	756	33010	7	CALCB,CPAMD8,FGR,GPR25,HCK,PRKAR1B,VIPR2	0.06829759228297633	1.0
Reactome	hypermethylated	SUMOylation Of Transcription Factors R-HSA-3232118	19	756	33010	2	CDKN2A,TFAP2B	0.06928844425099086	1.0
Reactome	hypermethylated	Synthesis, Secretion, And Inactivation Of Glucagon-like Peptide-1 (GLP-1) R-HSA-381771	20	756	33010	2	CDX2,PAX6	0.07585376665327562	1.0
Reactome	hypermethylated	Sensory Processing Of Sound R-HSA-9659379	70	756	33010	4	CACNA2D2,CAPZB,KCNQ4,MYO3A	0.07679391195585226	1.0
Reactome	hypermethylated	Transport Of Inorganic Cations/Anions And Amino Acids/Oligopeptides R-HSA-425393	100	756	33010	5	SLC12A5,SLC1A6,SLC38A4,SLC4A10,SLC6A18	0.08000236466510584	1.0
Reactome	hypermethylated	RNA Polymerase III Transcription Termination R-HSA-73980	21	756	33010	2	NFIA,POLR1D	0.08260668166612004	1.0
Reactome	hypermethylated	MECP2 Regulates Transcription Factors R-HSA-9022707	4	756	33010	1	RBFOX1	0.08851321027855906	1.0
Reactome	hypermethylated	Reelin Signaling Pathway R-HSA-8866376	4	756	33010	1	DNAAF3	0.08851321027855906	1.0
Reactome	hypermethylated	Signaling By FGFR1 R-HSA-5654736	47	756	33010	3	FGF5,FLRT2,SPRY2	0.09261043892707822	1.0
Reactome	hypermethylated	SLC-mediated Transmembrane Transport R-HSA-425407	237	756	33010	9	SLC12A5,SLC13A5,SLC1A6,SLC2A14,SLC38A4,SLC4A10,SLC6A18,SLC6A3,SLC6A5	0.09640601568695335	1.0
Reactome	hypermethylated	Aggrephagy R-HSA-9646399	23	756	33010	2	CFTR,HSF1	0.0966277021150663	1.0
Reactome	hypermethylated	Glutamate Neurotransmitter Release Cycle R-HSA-210500	23	756	33010	2	PPFIA3,SLC1A6	0.0966277021150663	1.0
Reactome	hypermethylated	NOTCH3 Intracellular Domain Regulates Transcription R-HSA-9013508	23	756	33010	2	MAML3,NOTCH3	0.0966277021150663	1.0
Reactome	hypermethylated	EPH-ephrin Mediated Repulsion Of Cells R-HSA-3928665	48	756	33010	3	EPHA10,EPHB1,MMP9	0.09718609191948915	1.0
Reactome	hypermethylated	RNA Polymerase II Transcription R-HSA-73857	1257	756	33010	36	CDKN2A,FOXG1,GATA3,GATA4,MAF,MAML3,MLLT1,MPZ,NCOR2,NOTCH3,NPY,NR2E1,PAX5,PITX2,POU4F2,PRR5,RARG,RB1,RBFOX1,SATB2,SKI,SST,TAL1,TFAP2B,TFAP2D,THRA,TWIST1,ZNF154,ZNF267,ZNF274,ZNF551,ZNF560,ZNF625,ZNF671,ZNF709,ZNF729	0.10121794734561397	1.0
Reactome	hypermethylated	Ion Transport By P-type ATPases R-HSA-936837	49	756	33010	3	ATP10D,ATP11A,ATP9A	0.10185161318321238	1.0
Reactome	hypermethylated	Attenuation Phase R-HSA-3371568	24	756	33010	2	DNAJB1,HSF1	0.10387312554961504	1.0
Reactome	hypermethylated	DARPP-32 Events R-HSA-180024	24	756	33010	2	PDE4C,PRKAR1B	0.10387312554961504	1.0
Reactome	hypermethylated	Defective Intrinsic Pathway For Apoptosis R-HSA-9734009	24	756	33010	2	CAPN2,CDKN2A	0.10387312554961504	1.0
Reactome	hypermethylated	Gap Junction Trafficking R-HSA-190828	24	756	33010	2	GJA3,GJB2	0.10387312554961504	1.0
Reactome	hypermethylated	Binding And Entry Of HIV Virion R-HSA-173107	5	756	33010	1	SGIP1	0.10939074809075712	1.0
Reactome	hypermethylated	Biosynthesis Of E-series 18(S)-resolvins R-HSA-9018896	5	756	33010	1	ALOX5	0.10939074809075712	1.0
Reactome	hypermethylated	Conjugation Of Benzoate With Glycine R-HSA-177135	5	756	33010	1	GLYATL1	0.10939074809075712	1.0
Reactome	hypermethylated	Defective LFNG Causes SCDO3 R-HSA-5083630	5	756	33010	1	NOTCH3	0.10939074809075712	1.0
Reactome	hypermethylated	Loss Of MECP2 Binding Ability To NCoR/SMRT Complex R-HSA-9022537	5	756	33010	1	NCOR2	0.10939074809075712	1.0
Reactome	hypermethylated	NGF-independant TRKA Activation R-HSA-187024	5	756	33010	1	NTRK1	0.10939074809075712	1.0
Reactome	hypermethylated	Regulation Of Gene Expression In Endocrine-Committed (NEUROG3+) Progenitor Cells R-HSA-210746	5	756	33010	1	NEUROD1	0.10939074809075712	1.0
Reactome	hypermethylated	SARS-CoV-1 Genome Replication And Transcription R-HSA-9679514	5	756	33010	1	RB1	0.10939074809075712	1.0
Reactome	hypermethylated	SARS-CoV-2 Genome Replication And Transcription R-HSA-9694682	5	756	33010	1	RB1	0.10939074809075712	1.0
Reactome	hypermethylated	Signaling To P38 Via RIT And RIN R-HSA-187706	5	756	33010	1	NTRK1	0.10939074809075712	1.0
Reactome	hypermethylated	Sodium-coupled Sulphate, Di- And Tri-Carboxylate Transporters R-HSA-433137	5	756	33010	1	SLC13A5	0.10939074809075712	1.0
Reactome	hypermethylated	Tachykinin Receptors Bind Tachykinins R-HSA-380095	5	756	33010	1	TAC1	0.10939074809075712	1.0
Reactome	hypermethylated	Gene Expression (Transcription) R-HSA-74160	1390	756	33010	39	CDKN2A,FOXG1,GATA3,GATA4,JARID2,MAF,MAML3,MLLT1,MPZ,NCOR2,NFIA,NOTCH3,NPY,NR2E1,PAX5,PITX2,POLR1D,POU4F2,PRR5,RARG,RB1,RBFOX1,SATB2,SKI,SST,TAL1,TFAP2B,TFAP2D,THRA,TWIST1,ZNF154,ZNF267,ZNF274,ZNF551,ZNF560,ZNF625,ZNF671,ZNF709,ZNF729	0.11306675743015823	1.0
Reactome	hypermethylated	Gap Junction Trafficking And Regulation R-HSA-157858	26	756	33010	2	GJA3,GJB2	0.11878028184744152	1.0
Reactome	hypermethylated	HSF1 Activation R-HSA-3371511	26	756	33010	2	DNAJB1,HSF1	0.11878028184744152	1.0
Reactome	hypermethylated	Cell-Cell Communication R-HSA-1500931	114	756	33010	5	CDH9,CLDN10,CTNNA1,DST,SDK2	0.12146361720925913	1.0
Reactome	hypermethylated	Negative Regulation Of FGFR3 Signaling R-HSA-5654732	27	756	33010	2	FGF5,SPRY2	0.12642182655947265	1.0
Reactome	hypermethylated	VEGFR2 Mediated Vascular Permeability R-HSA-5218920	27	756	33010	2	CTNNA1,PRR5	0.12642182655947265	1.0
Reactome	hypermethylated	Transport Of Bile Salts And Organic Acids, Metal Ions And Amine Compounds R-HSA-425366	84	756	33010	4	SLC13A5,SLC6A18,SLC6A3,SLC6A5	0.12696917742259337	1.0
Reactome	hypermethylated	APOBEC3G Mediated Resistance To HIV-1 R-HSA-180689	6	756	33010	1	SGIP1	0.12979070550458494	1.0
Reactome	hypermethylated	Activation Of TRKA Receptors R-HSA-187015	6	756	33010	1	NTRK1	0.12979070550458494	1.0
Reactome	hypermethylated	Biosynthesis Of EPA-derived SPMs R-HSA-9018679	6	756	33010	1	ALOX5	0.12979070550458494	1.0
Reactome	hypermethylated	Conjugation Of Salicylate With Glycine R-HSA-177128	6	756	33010	1	GLYATL1	0.12979070550458494	1.0
Reactome	hypermethylated	FLT3 Signaling Thru SRC Family Kinases R-HSA-9706374	6	756	33010	1	HCK	0.12979070550458494	1.0
Reactome	hypermethylated	Lipid Particle Organization R-HSA-8964572	6	756	33010	1	CIDEA	0.12979070550458494	1.0
Reactome	hypermethylated	MECP2 Regulates Transcription Of Neuronal Ligands R-HSA-9022702	6	756	33010	1	SST	0.12979070550458494	1.0
Reactome	hypermethylated	Pre-NOTCH Processing In Endoplasmic Reticulum R-HSA-1912399	6	756	33010	1	NOTCH3	0.12979070550458494	1.0
Reactome	hypermethylated	RUNX1 Regulates Transcription Of Genes Involved In BCR Signaling R-HSA-8939245	6	756	33010	1	PAX5	0.12979070550458494	1.0
Reactome	hypermethylated	Synthesis Of Lipoxins (LX) R-HSA-2142700	6	756	33010	1	ALOX5	0.12979070550458494	1.0
Reactome	hypermethylated	Vitamins R-HSA-211916	6	756	33010	1	CYP26A1	0.12979070550458494	1.0
Reactome	hypermethylated	G Alpha (S) Signaling Events R-HSA-418555	150	756	33010	6	CALCB,CPAMD8,GPR25,PDE4C,PRKAR1B,VIPR2	0.13115171997710404	1.0
Reactome	hypermethylated	Adherens Junctions Interactions R-HSA-418990	28	756	33010	2	CDH9,CTNNA1	0.13417587037009446	1.0
Reactome	hypermethylated	Assembly Of Collagen Fibrils And Other Multimeric Structures R-HSA-2022090	56	756	33010	3	COL11A1,DST,MMP9	0.13681741569319214	1.0
Reactome	hypermethylated	Downregulation Of SMAD2/3:SMAD4 Transcriptional Activity R-HSA-2173795	29	756	33010	2	NCOR2,SKI	0.14203327078154712	1.0
Reactome	hypermethylated	Downstream Signaling Of Activated FGFR1 R-HSA-5654687	29	756	33010	2	FGF5,FLRT2	0.14203327078154712	1.0
Reactome	hypermethylated	FGFR1 Mutant Receptor Activation R-HSA-1839124	29	756	33010	2	CUX1,FGF5	0.14203327078154712	1.0
Reactome	hypermethylated	Myogenesis R-HSA-525793	29	756	33010	2	CTNNA1,MEF2D	0.14203327078154712	1.0
Reactome	hypermethylated	Regulation Of MECP2 Expression And Activity R-HSA-9022692	29	756	33010	2	FOXG1,NCOR2	0.14203327078154712	1.0
Reactome	hypermethylated	Cardiac Conduction R-HSA-5576891	121	756	33010	5	ABCC9,CACNA2D2,CACNG7,CACNG8,GATA4	0.14529975862268585	1.0
Reactome	hypermethylated	Post-translational Modification: Synthesis Of GPI-anchored Proteins R-HSA-163125	89	756	33010	4	NRN1,OPCML,RTN4RL1,THY1	0.14753814268499035	1.0
Reactome	hypermethylated	ARMS-mediated Activation R-HSA-170984	7	756	33010	1	NTRK1	0.1497239931860337	1.0
Reactome	hypermethylated	Amino Acid Conjugation R-HSA-156587	7	756	33010	1	GLYATL1	0.1497239931860337	1.0
Reactome	hypermethylated	Axonal Growth Inhibition (RHOA Activation) R-HSA-193634	7	756	33010	1	RTN4	0.1497239931860337	1.0
Reactome	hypermethylated	Biosynthesis Of Maresins R-HSA-9018682	7	756	33010	1	ALOX5	0.1497239931860337	1.0
Reactome	hypermethylated	Cation-coupled Chloride Cotransporters R-HSA-426117	7	756	33010	1	SLC12A5	0.1497239931860337	1.0
Reactome	hypermethylated	ChREBP Activates Metabolic Gene Expression R-HSA-163765	7	756	33010	1	PKLR	0.1497239931860337	1.0
Reactome	hypermethylated	Amino Acid Transport Across Plasma Membrane R-HSA-352230	30	756	33010	2	SLC38A4,SLC6A18	0.14998524404833768	1.0
Reactome	hypermethylated	Negative Regulation Of FGFR1 Signaling R-HSA-5654726	31	756	33010	2	FGF5,SPRY2	0.15802335357644032	1.0
Reactome	hypermethylated	Class B/2 (Secretin Family Receptors) R-HSA-373080	92	756	33010	4	CALCB,CPAMD8,VIPR2,WNT16	0.16045683183306264	1.0
Reactome	hypermethylated	Negative Regulation Of FGFR2 Signaling R-HSA-5654727	32	756	33010	2	FGF5,SPRY2	0.16613949866456326	1.0
Reactome	hypermethylated	ADORA2B Mediated Anti-Inflammatory Cytokine Production R-HSA-9660821	127	756	33010	5	CALCB,CPAMD8,GPR25,PRKAR1B,VIPR2	0.167189309534772	1.0
Reactome	hypermethylated	Transmission Across Chemical Synapses R-HSA-112315	233	756	33010	8	CACNA2D2,CACNG8,GABRA1,GABRG2,PPFIA3,PRKAR1B,SLC1A6,SLC6A3	0.1677710446397054	1.0
Reactome	hypermethylated	2-LTR Circle Formation R-HSA-164843	8	756	33010	1	SGIP1	0.16920127286216488	1.0
Reactome	hypermethylated	Interleukin-18 Signaling R-HSA-9012546	8	756	33010	1	ALOX5	0.16920127286216488	1.0
Reactome	hypermethylated	Nef And Signal Transduction R-HSA-164944	8	756	33010	1	HCK	0.16920127286216488	1.0
Reactome	hypermethylated	Noncanonical Activation Of NOTCH3 R-HSA-9017802	8	756	33010	1	NOTCH3	0.16920127286216488	1.0
Reactome	hypermethylated	Role Of ABL In ROBO-SLIT Signaling R-HSA-428890	8	756	33010	1	CLASP2	0.16920127286216488	1.0
Reactome	hypermethylated	p75NTR Regulates Axonogenesis R-HSA-193697	8	756	33010	1	RTN4	0.16920127286216488	1.0
Reactome	hypermethylated	Leishmania Infection R-HSA-9658195	234	756	33010	8	CALCB,CPAMD8,FGR,GPR25,HCK,NT5E,PRKAR1B,VIPR2	0.1704923981232634	1.0
Reactome	hypermethylated	Glucagon-type Ligand Receptors R-HSA-420092	33	756	33010	2	CPAMD8,VIPR2	0.17432590357793618	1.0
Reactome	hypermethylated	Oncogene Induced Senescence R-HSA-2559585	33	756	33010	2	CDKN2A,RB1	0.17432590357793618	1.0
Reactome	hypermethylated	HSF1-dependent Transactivation R-HSA-3371571	34	756	33010	2	DNAJB1,HSF1	0.1825751069453202	1.0
Reactome	hypermethylated	Beta-oxidation Of pristanoyl-CoA R-HSA-389887	9	756	33010	1	ACOX3	0.18823296299355707	1.0
Reactome	hypermethylated	MAPK1 (ERK2) Activation R-HSA-112411	9	756	33010	1	IL6ST	0.18823296299355707	1.0
Reactome	hypermethylated	NR1H2 And NR1H3 Regulate Gene Expression To Control Bile Acid Homeostasis R-HSA-9623433	9	756	33010	1	NCOR2	0.18823296299355707	1.0
Reactome	hypermethylated	Neurotransmitter Clearance R-HSA-112311	9	756	33010	1	SLC6A3	0.18823296299355707	1.0
Reactome	hypermethylated	P2Y Receptors R-HSA-417957	9	756	33010	1	LPAR6	0.18823296299355707	1.0
Reactome	hypermethylated	PI3K/AKT Activation R-HSA-198203	9	756	33010	1	NTRK1	0.18823296299355707	1.0
Reactome	hypermethylated	Synthesis Of 5-Eicosatetraenoic Acids R-HSA-2142688	9	756	33010	1	ALOX5	0.18823296299355707	1.0
Reactome	hypermethylated	Type I Hemidesmosome Assembly R-HSA-446107	9	756	33010	1	DST	0.18823296299355707	1.0
Reactome	hypermethylated	Nucleotide Catabolism R-HSA-8956319	35	756	33010	2	DPYS,NT5E	0.1908799514702008	1.0
Reactome	hypermethylated	Signaling By FGFR1 In Disease R-HSA-5655302	35	756	33010	2	CUX1,FGF5	0.1908799514702008	1.0
Reactome	hypermethylated	RHOB GTPase Cycle R-HSA-9013026	66	756	33010	3	AKAP13,ARHGEF25,MCF2L	0.1924775099627825	1.0
Reactome	hypermethylated	Disorders Of Transmembrane Transporters R-HSA-5619115	169	756	33010	6	ABCC9,CFTR,SEL1L,SLC6A18,SLC6A3,SLC6A5	0.19252457019721797	1.0
Reactome	hypermethylated	Interleukin-4 And Interleukin-13 Signaling R-HSA-6785807	100	756	33010	4	ALOX5,GATA3,MMP9,TWIST1	0.19675263929316952	1.0
Reactome	hypermethylated	Regulation Of TP53 Degradation R-HSA-6804757	36	756	33010	2	CDKN2A,PRR5	0.1992335739473589	1.0
Reactome	hypermethylated	Activation Of AP-1 Family Of Transcription Factors R-HSA-450341	10	756	33010	1	MAPK10	0.20682924431766458	1.0
Reactome	hypermethylated	Bicarbonate Transporters R-HSA-425381	10	756	33010	1	SLC4A10	0.20682924431766458	1.0
Reactome	hypermethylated	Calcitonin-like Ligand Receptors R-HSA-419812	10	756	33010	1	CALCB	0.20682924431766458	1.0
Reactome	hypermethylated	Carnitine Metabolism R-HSA-200425	10	756	33010	1	CPT2	0.20682924431766458	1.0
Reactome	hypermethylated	Disorders Of Developmental Biology R-HSA-9675151	10	756	33010	1	NCOR2	0.20682924431766458	1.0
Reactome	hypermethylated	FGFR1c Ligand Binding And Activation R-HSA-190373	10	756	33010	1	FGF5	0.20682924431766458	1.0
Reactome	hypermethylated	FGFR3 Mutant Receptor Activation R-HSA-2033514	10	756	33010	1	FGF5	0.20682924431766458	1.0
Reactome	hypermethylated	Integration Of Provirus R-HSA-162592	10	756	33010	1	SGIP1	0.20682924431766458	1.0
Reactome	hypermethylated	MAPK3 (ERK1) Activation R-HSA-110056	10	756	33010	1	IL6ST	0.20682924431766458	1.0
Reactome	hypermethylated	NOTCH2 Intracellular Domain Regulates Transcription R-HSA-2197563	10	756	33010	1	MAML3	0.20682924431766458	1.0
Reactome	hypermethylated	RHO GTPases Activate KTN1 R-HSA-5625970	10	756	33010	1	KLC1	0.20682924431766458	1.0
Reactome	hypermethylated	RUNX3 Regulates p14-ARF R-HSA-8951936	10	756	33010	1	CDKN2A	0.20682924431766458	1.0
Reactome	hypermethylated	Signaling By Activated Point Mutants Of FGFR1 R-HSA-1839122	10	756	33010	1	FGF5	0.20682924431766458	1.0
Reactome	hypermethylated	Thyroxine Biosynthesis R-HSA-209968	10	756	33010	1	DIDO1	0.20682924431766458	1.0
Reactome	hypermethylated	HSP90 Chaperone Cycle For Steroid Hormone Receptors (SHR) In Presence Of Ligand R-HSA-3371497	37	756	33010	2	CAPZB,DNAJB1	0.20762939557626617	1.0
Reactome	hypermethylated	Regulation Of TP53 Expression And Degradation R-HSA-6806003	37	756	33010	2	CDKN2A,PRR5	0.20762939557626617	1.0
Reactome	hypermethylated	Signaling By FGFR3 R-HSA-5654741	37	756	33010	2	FGF5,SPRY2	0.20762939557626617	1.0
Reactome	hypermethylated	Signaling By NOTCH1 R-HSA-1980143	69	756	33010	3	DLK1,MAML3,NCOR2	0.21015798692322152	1.0
Reactome	hypermethylated	Integration Of Energy Metabolism R-HSA-163685	103	756	33010	4	CACNA2D2,KCNC2,PKLR,PRKAR1B	0.21096440477692843	1.0
Reactome	hypermethylated	Amine Ligand-Binding Receptors R-HSA-375280	38	756	33010	2	HTR1A,HTR1B	0.21606111256296331	1.0
Reactome	hypermethylated	RHOC GTPase Cycle R-HSA-9013106	71	756	33010	3	AKAP13,ARHGEF25,MCF2L	0.22213614903913562	1.0
Reactome	hypermethylated	Deactivation Of Beta-Catenin Transactivating Complex R-HSA-3769402	39	756	33010	2	SOX17,SOX6	0.2245226870023249	1.0
Reactome	hypermethylated	RNA Polymerase III Abortive And Retractive Initiation R-HSA-749476	39	756	33010	2	NFIA,POLR1D	0.2245226870023249	1.0
Reactome	hypermethylated	Signaling By Retinoic Acid R-HSA-5362517	39	756	33010	2	CYP26A1,RARG	0.2245226870023249	1.0
Reactome	hypermethylated	CREB1 Phosphorylation Thru Activation Of Adenylate Cyclase R-HSA-442720	11	756	33010	1	PRKAR1B	0.22500006526602342	1.0
Reactome	hypermethylated	FGFR2c Ligand Binding And Activation R-HSA-190375	11	756	33010	1	FGF5	0.22500006526602342	1.0
Reactome	hypermethylated	FGFR3 Ligand Binding And Activation R-HSA-190239	11	756	33010	1	FGF5	0.22500006526602342	1.0
Reactome	hypermethylated	Inhibition Of Replication Initiation Of Damaged DNA By RB1/E2F1 R-HSA-113501	11	756	33010	1	RB1	0.22500006526602342	1.0
Reactome	hypermethylated	Interleukin-27 Signaling R-HSA-9020956	11	756	33010	1	IL6ST	0.22500006526602342	1.0
Reactome	hypermethylated	Interleukin-6 Signaling R-HSA-1059683	11	756	33010	1	IL6ST	0.22500006526602342	1.0
Reactome	hypermethylated	Phospholipase C-mediated Cascade; FGFR3 R-HSA-5654227	11	756	33010	1	FGF5	0.22500006526602342	1.0
Reactome	hypermethylated	RHO GTPases Activate IQGAPs R-HSA-5626467	11	756	33010	1	CTNNA1	0.22500006526602342	1.0
Reactome	hypermethylated	Uptake And Function Of Anthrax Toxins R-HSA-5210891	11	756	33010	1	ANTXR2	0.22500006526602342	1.0
Reactome	hypermethylated	Pre-NOTCH Expression And Processing R-HSA-1912422	72	756	33010	3	MAML3,NOTCH3,SEL1L	0.2281755963420642	1.0
Reactome	hypermethylated	RND1 GTPase Cycle R-HSA-9696273	41	756	33010	2	DST,STMN2	0.2415125332560874	1.0
Reactome	hypermethylated	FGFRL1 Modulation Of FGFR1 Signaling R-HSA-5658623	12	756	33010	1	FGF5	0.2427551472581713	1.0
Reactome	hypermethylated	Frs2-mediated Activation R-HSA-170968	12	756	33010	1	NTRK1	0.2427551472581713	1.0
Reactome	hypermethylated	Interleukin-35 Signaling R-HSA-8984722	12	756	33010	1	IL6ST	0.2427551472581713	1.0
Reactome	hypermethylated	Presynaptic Depolarization And Calcium Channel Opening R-HSA-112308	12	756	33010	1	CACNA2D2	0.2427551472581713	1.0
Reactome	hypermethylated	RUNX3 Regulates NOTCH Signaling R-HSA-8941856	12	756	33010	1	MAML3	0.2427551472581713	1.0
Reactome	hypermethylated	TFAP2 (AP-2) Family Regulates Transcription Of Growth Factors And Their Receptors R-HSA-8866910	12	756	33010	1	TFAP2B	0.2427551472581713	1.0
Reactome	hypermethylated	ABC Transporter Disorders R-HSA-5619084	75	756	33010	3	ABCC9,CFTR,SEL1L	0.2464682777766521	1.0
Reactome	hypermethylated	Glucagon-like Peptide-1 (GLP1) Regulates Insulin Secretion R-HSA-381676	42	756	33010	2	KCNC2,PRKAR1B	0.25002998041388846	1.0
Reactome	hypermethylated	Voltage Gated Potassium Channels R-HSA-1296072	42	756	33010	2	KCNC2,KCNQ4	0.25002998041388846	1.0
Reactome	hypermethylated	Regulation Of Insulin Secretion R-HSA-422356	76	756	33010	3	CACNA2D2,KCNC2,PRKAR1B	0.2526166066891659	1.0
Reactome	hypermethylated	NOTCH1 Intracellular Domain Regulates Transcription R-HSA-2122947	43	756	33010	2	MAML3,NCOR2	0.25855561931512805	1.0
Reactome	hypermethylated	Nucleotide-like (Purinergic) Receptors R-HSA-418038	13	756	33010	1	LPAR6	0.26010398987508215	1.0
Reactome	hypermethylated	Translocation Of ZAP-70 To Immunological Synapse R-HSA-202430	13	756	33010	1	HLA-DPA1	0.26010398987508215	1.0
Reactome	hypermethylated	Muscle Contraction R-HSA-397014	189	756	33010	6	ABCC9,CACNA2D2,CACNG7,CACNG8,CALD1,GATA4	0.2664354366435624	1.0
Reactome	hypermethylated	Sphingolipid De Novo Biosynthesis R-HSA-1660661	44	756	33010	2	DEGS1,SPHK2	0.26708461400592437	1.0
Reactome	hypermethylated	Transcriptional Regulation By RUNX2 R-HSA-8878166	115	756	33010	4	MAF,RB1,SATB2,TWIST1	0.2702648734046121	1.0
Reactome	hypermethylated	FGFR1 Ligand Binding And Activation R-HSA-190242	14	756	33010	1	FGF5	0.27705587591485664	1.0
Reactome	hypermethylated	LGI-ADAM Interactions R-HSA-5682910	14	756	33010	1	CACNG8	0.27705587591485664	1.0
Reactome	hypermethylated	Lysosphingolipid And LPA Receptors R-HSA-419408	14	756	33010	1	LPAR5	0.27705587591485664	1.0
Reactome	hypermethylated	Physiological Factors R-HSA-5578768	14	756	33010	1	GATA4	0.27705587591485664	1.0
Reactome	hypermethylated	Prolonged ERK Activation Events R-HSA-169893	14	756	33010	1	NTRK1	0.27705587591485664	1.0
Reactome	hypermethylated	Regulation Of TP53 Activity Thru Association With Co-factors R-HSA-6804759	14	756	33010	1	POU4F2	0.27705587591485664	1.0
Reactome	hypermethylated	Retrograde Neurotrophin Signaling R-HSA-177504	14	756	33010	1	NTRK1	0.27705587591485664	1.0
Reactome	hypermethylated	TP53 Regulates Transcription Of Additional Cell Death Genes With Uncertain Roles In P53-Dependent Apoptosis R-HSA-6803205	14	756	33010	1	MPZ	0.27705587591485664	1.0
Reactome	hypermethylated	Cyclin D Associated Events In G1 R-HSA-69231	46	756	33010	2	CDKN2A,RB1	0.2841344027934855	1.0
Reactome	hypermethylated	Transport Of Small Molecules R-HSA-382551	675	756	33010	18	ABCC9,ATP10D,ATP11A,ATP6V1B1,ATP9A,CFTR,OSTM1,PRKAR1B,SEL1L,SLC12A5,SLC13A5,SLC1A6,SLC2A14,SLC38A4,SLC4A10,SLC6A18,SLC6A3,SLC6A5	0.28806454576185436	1.0
Reactome	hypermethylated	Neurotransmitter Release Cycle R-HSA-112310	47	756	33010	2	PPFIA3,SLC1A6	0.2926465789653258	1.0
Reactome	hypermethylated	Signaling By NOTCH3 R-HSA-9012852	47	756	33010	2	MAML3,NOTCH3	0.2926465789653258	1.0
Reactome	hypermethylated	Activated Point Mutants Of FGFR2 R-HSA-2033519	15	756	33010	1	FGF5	0.2936198763333427	1.0
Reactome	hypermethylated	CRMPs In Sema3A Signaling R-HSA-399956	15	756	33010	1	CRMP1	0.2936198763333427	1.0
Reactome	hypermethylated	Early Phase Of HIV Life Cycle R-HSA-162594	15	756	33010	1	SGIP1	0.2936198763333427	1.0
Reactome	hypermethylated	JNK (c-Jun Kinases) Phosphorylation And Activation Mediated By Activated Human TAK1 R-HSA-450321	15	756	33010	1	MAPK10	0.2936198763333427	1.0
Reactome	hypermethylated	Membrane Binding And Targetting Of GAG Proteins R-HSA-174490	15	756	33010	1	SGIP1	0.2936198763333427	1.0
Reactome	hypermethylated	N-Glycan Antennae Elongation R-HSA-975577	15	756	33010	1	ST8SIA3	0.2936198763333427	1.0
Reactome	hypermethylated	Phospholipase C-mediated Cascade: FGFR1 R-HSA-5654219	15	756	33010	1	FGF5	0.2936198763333427	1.0
Reactome	hypermethylated	SHC-mediated cascade:FGFR3 R-HSA-5654704	15	756	33010	1	FGF5	0.2936198763333427	1.0
Reactome	hypermethylated	YAP1- And WWTR1 (TAZ)-stimulated Gene Expression R-HSA-2032785	15	756	33010	1	GATA4	0.2936198763333427	1.0
Reactome	hypermethylated	Peptide Hormone Metabolism R-HSA-2980736	83	756	33010	3	CDX2,GATA4,PAX6	0.29615018645700997	1.0
Reactome	hypermethylated	Signaling By FGFR R-HSA-190236	83	756	33010	3	FGF5,FLRT2,SPRY2	0.29615018645700997	1.0
Reactome	hypermethylated	Chaperonin-mediated Protein Folding R-HSA-390466	85	756	33010	3	KIF13A,RGS6,TUBB2B	0.3086881470947033	1.0
Reactome	hypermethylated	SUMO E3 Ligases SUMOylate Target Proteins R-HSA-3108232	161	756	33010	5	CDKN2A,NCOR2,SATB2,TFAP2B,THRA	0.30944695832012015	1.0
Reactome	hypermethylated	Transcriptional Activity Of SMAD2/SMAD3:SMAD4 Heterotrimer R-HSA-2173793	49	756	33010	2	NCOR2,SKI	0.3096254247481412	1.0
Reactome	hypermethylated	Biosynthesis Of DHA-derived SPMs R-HSA-9018677	16	756	33010	1	ALOX5	0.3098048550723028	1.0
Reactome	hypermethylated	FOXO-mediated Transcription Of Cell Cycle Genes R-HSA-9617828	16	756	33010	1	FOXG1	0.3098048550723028	1.0
Reactome	hypermethylated	PI-3K cascade:FGFR3 R-HSA-5654710	16	756	33010	1	FGF5	0.3098048550723028	1.0
Reactome	hypermethylated	PKA Activation In Glucagon Signaling R-HSA-164378	16	756	33010	1	PRKAR1B	0.3098048550723028	1.0
Reactome	hypermethylated	Phospholipase C-mediated Cascade; FGFR2 R-HSA-5654221	16	756	33010	1	FGF5	0.3098048550723028	1.0
Reactome	hypermethylated	Phosphorylation Of CD3 And TCR Zeta Chains R-HSA-202427	16	756	33010	1	HLA-DPA1	0.3098048550723028	1.0
Reactome	hypermethylated	Spry Regulation Of FGF Signaling R-HSA-1295596	16	756	33010	1	SPRY2	0.3098048550723028	1.0
Reactome	hypermethylated	Sensory Processing Of Sound By Outer Hair Cells Of Cochlea R-HSA-9662361	50	756	33010	2	KCNQ4,MYO3A	0.3180846279846323	1.0
Reactome	hypermethylated	P75 NTR Receptor-Mediated Signaling R-HSA-193704	87	756	33010	3	AKAP13,MCF2L,RTN4	0.32124308432476717	1.0
Reactome	hypermethylated	Ion Channel Transport R-HSA-983712	164	756	33010	5	ATP10D,ATP11A,ATP6V1B1,ATP9A,OSTM1	0.3229147960574112	1.0
Reactome	hypermethylated	Aberrant Regulation Of Mitotic G1/S Transition In Cancer Due To RB1 Defects R-HSA-9659787	17	756	33010	1	RB1	0.32561947377768385	1.0
Reactome	hypermethylated	Acetylcholine Neurotransmitter Release Cycle R-HSA-264642	17	756	33010	1	PPFIA3	0.32561947377768385	1.0
Reactome	hypermethylated	Assembly Of HIV Virion R-HSA-175474	17	756	33010	1	SGIP1	0.32561947377768385	1.0
Reactome	hypermethylated	Ephrin Signaling R-HSA-3928664	17	756	33010	1	EPHB1	0.32561947377768385	1.0
Reactome	hypermethylated	FRS-mediated FGFR3 Signaling R-HSA-5654706	17	756	33010	1	FGF5	0.32561947377768385	1.0
Reactome	hypermethylated	Formation Of Senescence-Associated Heterochromatin Foci (SAHF) R-HSA-2559584	17	756	33010	1	RB1	0.32561947377768385	1.0
Reactome	hypermethylated	IL-6-type Cytokine Receptor Ligand Interactions R-HSA-6788467	17	756	33010	1	IL6ST	0.32561947377768385	1.0
Reactome	hypermethylated	Metabolism Of Amine-Derived Hormones R-HSA-209776	17	756	33010	1	DIDO1	0.32561947377768385	1.0
Reactome	hypermethylated	Norepinephrine Neurotransmitter Release Cycle R-HSA-181430	17	756	33010	1	PPFIA3	0.32561947377768385	1.0
Reactome	hypermethylated	PD-1 Signaling R-HSA-389948	17	756	33010	1	HLA-DPA1	0.32561947377768385	1.0
Reactome	hypermethylated	PKA Activation R-HSA-163615	17	756	33010	1	PRKAR1B	0.32561947377768385	1.0
Reactome	hypermethylated	Platelet Sensitization By LDL R-HSA-432142	17	756	33010	1	FGR	0.32561947377768385	1.0
Reactome	hypermethylated	Purine Catabolism R-HSA-74259	17	756	33010	1	NT5E	0.32561947377768385	1.0
Reactome	hypermethylated	RNA Polymerase III Chain Elongation R-HSA-73780	17	756	33010	1	POLR1D	0.32561947377768385	1.0
Reactome	hypermethylated	Serotonin Neurotransmitter Release Cycle R-HSA-181429	17	756	33010	1	PPFIA3	0.32561947377768385	1.0
Reactome	hypermethylated	Signaling By Cytosolic FGFR1 Fusion Mutants R-HSA-1839117	17	756	33010	1	CUX1	0.32561947377768385	1.0
Reactome	hypermethylated	NRAGE Signals Death Thru JNK R-HSA-193648	51	756	33010	2	AKAP13,MCF2L	0.32651900420548263	1.0
Reactome	hypermethylated	Collagen Formation R-HSA-1474290	88	756	33010	3	COL11A1,DST,MMP9	0.3275225413685257	1.0
Reactome	hypermethylated	EPH-Ephrin Signaling R-HSA-2682334	89	756	33010	3	EPHA10,EPHB1,MMP9	0.3338010669039976	1.0
Reactome	hypermethylated	SUMOylation R-HSA-2990846	167	756	33010	5	CDKN2A,NCOR2,SATB2,TFAP2B,THRA	0.3364459729839224	1.0
Reactome	hypermethylated	Biosynthesis Of Specialized Proresolving Mediators (SPMs) R-HSA-9018678	18	756	33010	1	ALOX5	0.3410721964104871	1.0
Reactome	hypermethylated	Chaperone Mediated Autophagy R-HSA-9613829	18	756	33010	1	CFTR	0.3410721964104871	1.0
Reactome	hypermethylated	Chondroitin Sulfate Biosynthesis R-HSA-2022870	18	756	33010	1	CSGALNACT1	0.3410721964104871	1.0
Reactome	hypermethylated	FGFR2 Ligand Binding And Activation R-HSA-190241	18	756	33010	1	FGF5	0.3410721964104871	1.0
Reactome	hypermethylated	Lewis Blood Group Biosynthesis R-HSA-9037629	18	756	33010	1	FUT9	0.3410721964104871	1.0
Reactome	hypermethylated	NOTCH4 Intracellular Domain Regulates Transcription R-HSA-9013695	18	756	33010	1	MAML3	0.3410721964104871	1.0
Reactome	hypermethylated	Other Semaphorin Interactions R-HSA-416700	18	756	33010	1	SEMA4A	0.3410721964104871	1.0
Reactome	hypermethylated	PKA-mediated Phosphorylation Of CREB R-HSA-111931	18	756	33010	1	PRKAR1B	0.3410721964104871	1.0
Reactome	hypermethylated	Regulation Of Signaling By CBL R-HSA-912631	18	756	33010	1	HCK	0.3410721964104871	1.0
Reactome	hypermethylated	Signaling By Nuclear Receptors R-HSA-9006931	248	756	33010	7	CXXC5,CYP26A1,FOXA1,GATA3,MMP9,NCOR2,RARG	0.3415941994856463	1.0
Reactome	hypermethylated	Constitutive Signaling By NOTCH1 HD+PEST Domain Mutants R-HSA-2894862	53	756	33010	2	MAML3,NCOR2	0.34330025140969106	1.0
Reactome	hypermethylated	Protein Folding R-HSA-391251	91	756	33010	3	KIF13A,RGS6,TUBB2B	0.34634878534448643	1.0
Reactome	hypermethylated	ECM Proteoglycans R-HSA-3000178	54	756	33010	2	ITGA9,TNR	0.35164101362234446	1.0
Reactome	hypermethylated	FCGR3A-mediated Phagocytosis R-HSA-9664422	54	756	33010	2	FGR,HCK	0.35164101362234446	1.0
Reactome	hypermethylated	Transcriptional Regulation Of Granulopoiesis R-HSA-9616222	54	756	33010	2	GFI1,TAL1	0.35164101362234446	1.0
Reactome	hypermethylated	Apoptotic Factor-Mediated Response R-HSA-111471	19	756	33010	1	CDKN2A	0.3561712937526811	1.0
Reactome	hypermethylated	SHC-mediated cascade:FGFR1 R-HSA-5654688	19	756	33010	1	FGF5	0.3561712937526811	1.0
Reactome	hypermethylated	Signal Transduction By L1 R-HSA-445144	19	756	33010	1	ITGA9	0.3561712937526811	1.0
Reactome	hypermethylated	Signaling By FGFR3 In Disease R-HSA-5655332	19	756	33010	1	FGF5	0.3561712937526811	1.0
Reactome	hypermethylated	Signaling To RAS R-HSA-167044	19	756	33010	1	NTRK1	0.3561712937526811	1.0
Reactome	hypermethylated	Translesion Synthesis By POLH R-HSA-110320	19	756	33010	1	NPLOC4	0.3561712937526811	1.0
Reactome	hypermethylated	Cytoprotection By HMOX1 R-HSA-9707564	55	756	33010	2	NCOR2,STAP2	0.35994471995788213	1.0
Reactome	hypermethylated	SLC Transporter Disorders R-HSA-5619102	94	756	33010	3	SLC6A18,SLC6A3,SLC6A5	0.36512353155968363	1.0
Reactome	hypermethylated	GABA Receptor Activation R-HSA-977443	56	756	33010	2	GABRA1,GABRG2	0.3682086941899076	1.0
Reactome	hypermethylated	Pre-NOTCH Transcription And Translation R-HSA-1912408	56	756	33010	2	MAML3,NOTCH3	0.3682086941899076	1.0
Reactome	hypermethylated	Signaling By ERBB4 R-HSA-1236394	56	756	33010	2	GABRA1,GABRG2	0.3682086941899076	1.0
Reactome	hypermethylated	Aberrant Regulation Of Mitotic Exit In Cancer Due To RB1 Defects R-HSA-9687136	20	756	33010	1	RB1	0.3709248478105445	1.0
Reactome	hypermethylated	Citric Acid Cycle (TCA Cycle) R-HSA-71403	20	756	33010	1	PCDHGA5	0.3709248478105445	1.0
Reactome	hypermethylated	E2F Mediated Regulation Of DNA Replication R-HSA-113510	20	756	33010	1	RB1	0.3709248478105445	1.0
Reactome	hypermethylated	PI-3K cascade:FGFR1 R-HSA-5654689	20	756	33010	1	FGF5	0.3709248478105445	1.0
Reactome	hypermethylated	Regulation Of FZD By Ubiquitination R-HSA-4641263	20	756	33010	1	RSPO2	0.3709248478105445	1.0
Reactome	hypermethylated	SHC-mediated cascade:FGFR2 R-HSA-5654699	20	756	33010	1	FGF5	0.3709248478105445	1.0
Reactome	hypermethylated	Synthesis Of Leukotrienes (LT) And Eoxins (EX) R-HSA-2142691	20	756	33010	1	ALOX5	0.3709248478105445	1.0
Reactome	hypermethylated	ABC-family Proteins Mediated Transport R-HSA-382556	97	756	33010	3	ABCC9,CFTR,SEL1L	0.38380656088512477	1.0
Reactome	hypermethylated	Blood Group Systems Biosynthesis R-HSA-9033658	21	756	33010	1	FUT9	0.3853407561177656	1.0
Reactome	hypermethylated	Cellular Hexose Transport R-HSA-189200	21	756	33010	1	SLC2A14	0.3853407561177656	1.0
Reactome	hypermethylated	Deregulated CDK5 Triggers Neurodegenerative Pathways In Alzheimers Disease Models R-HSA-8862803	21	756	33010	1	CAPN2	0.3853407561177656	1.0
Reactome	hypermethylated	Dopamine Neurotransmitter Release Cycle R-HSA-212676	21	756	33010	1	PPFIA3	0.3853407561177656	1.0
Reactome	hypermethylated	ER Quality Control Compartment (ERQC) R-HSA-901032	21	756	33010	1	SEL1L	0.3853407561177656	1.0
Reactome	hypermethylated	FRS-mediated FGFR1 Signaling R-HSA-5654693	21	756	33010	1	FGF5	0.3853407561177656	1.0
Reactome	hypermethylated	PI-3K cascade:FGFR2 R-HSA-5654695	21	756	33010	1	FGF5	0.3853407561177656	1.0
Reactome	hypermethylated	MHC Class II Antigen Presentation R-HSA-2132295	98	756	33010	3	CAPZB,HLA-DPA1,KLC1	0.39000734998713993	1.0
Reactome	hypermethylated	Defective CFTR Causes Cystic Fibrosis R-HSA-5678895	59	756	33010	2	CFTR,SEL1L	0.3927375568830072	1.0
Reactome	hypermethylated	Selective Autophagy R-HSA-9663891	59	756	33010	2	CFTR,HSF1	0.3927375568830072	1.0
Reactome	hypermethylated	Signaling By FGFR In Disease R-HSA-1226099	59	756	33010	2	CUX1,FGF5	0.3927375568830072	1.0
Reactome	hypermethylated	Acyl Chain Remodelling Of PS R-HSA-1482801	22	756	33010	1	OSBPL5	0.3994267359405843	1.0
Reactome	hypermethylated	Downstream Signaling Of Activated FGFR3 R-HSA-5654708	22	756	33010	1	FGF5	0.3994267359405843	1.0
Reactome	hypermethylated	FRS-mediated FGFR2 Signaling R-HSA-5654700	22	756	33010	1	FGF5	0.3994267359405843	1.0
Reactome	hypermethylated	RA Biosynthesis Pathway R-HSA-5365859	22	756	33010	1	CYP26A1	0.3994267359405843	1.0
Reactome	hypermethylated	RAF-independent MAPK1/3 Activation R-HSA-112409	22	756	33010	1	IL6ST	0.3994267359405843	1.0
Reactome	hypermethylated	Post-translational Protein Phosphorylation R-HSA-8957275	100	756	33010	3	PENK,SPARCL1,STC2	0.40236074057816174	1.0
Reactome	hypermethylated	Potassium Channels R-HSA-1296071	101	756	33010	3	ABCC9,KCNC2,KCNQ4	0.4085108528630775	1.0
Reactome	hypermethylated	CD28 Dependent PI3K/Akt Signaling R-HSA-389357	23	756	33010	1	PRR5	0.41319032838719877	1.0
Reactome	hypermethylated	Post-chaperonin Tubulin Folding Pathway R-HSA-389977	23	756	33010	1	TUBB2B	0.41319032838719877	1.0
Reactome	hypermethylated	Synthesis Of Very Long-Chain Fatty acyl-CoAs R-HSA-75876	23	756	33010	1	TECR	0.41319032838719877	1.0
Reactome	hypermethylated	Costimulation By CD28 Family R-HSA-388841	62	756	33010	2	HLA-DPA1,PRR5	0.41682552213374924	1.0
Reactome	hypermethylated	FOXO-mediated Transcription R-HSA-9614085	62	756	33010	2	FOXG1,NPY	0.41682552213374924	1.0
Reactome	hypermethylated	Semaphorin Interactions R-HSA-373755	62	756	33010	2	CRMP1,SEMA4A	0.41682552213374924	1.0
Reactome	hypermethylated	Interleukin-6 Family Signaling R-HSA-6783589	24	756	33010	1	IL6ST	0.42663890242361563	1.0
Reactome	hypermethylated	Diseases Of Programmed Cell Death R-HSA-9645723	64	756	33010	2	CAPN2,CDKN2A	0.43261346701954395	1.0
Reactome	hypermethylated	Cell Recruitment (Pro-Inflammatory Response) R-HSA-9664424	25	756	33010	1	NT5E	0.43977965879806996	1.0
Reactome	hypermethylated	Constitutive Signaling By AKT1 E17K In Cancer R-HSA-5674400	25	756	33010	1	PRR5	0.43977965879806996	1.0
Reactome	hypermethylated	Inactivation Of CSF3 (G-CSF) Signaling R-HSA-9705462	25	756	33010	1	HCK	0.43977965879806996	1.0
Reactome	hypermethylated	Insulin Receptor Recycling R-HSA-77387	25	756	33010	1	ATP6V1B1	0.43977965879806996	1.0
Reactome	hypermethylated	NOTCH3 Activation And Transmission Of Signal To Nucleus R-HSA-9013507	25	756	33010	1	NOTCH3	0.43977965879806996	1.0
Reactome	hypermethylated	WNT Ligand Biogenesis And Trafficking R-HSA-3238698	25	756	33010	1	WNT16	0.43977965879806996	1.0
Reactome	hypermethylated	Diseases Associated With O-glycosylation Of Proteins R-HSA-3906995	66	756	33010	2	ADAMTS20,NOTCH3	0.44816943630995426	1.0
Reactome	hypermethylated	Signaling By NOTCH R-HSA-157118	192	756	33010	5	DLK1,MAML3,NCOR2,NOTCH3,SEL1L	0.44937298753168836	1.0
Reactome	hypermethylated	Calnexin/calreticulin Cycle R-HSA-901042	26	756	33010	1	SEL1L	0.4526196338760946	1.0
Reactome	hypermethylated	FOXO-mediated Transcription Of Oxidative Stress, Metabolic And Neuronal Genes R-HSA-9615017	26	756	33010	1	NPY	0.4526196338760946	1.0
Reactome	hypermethylated	Formation Of Tubulin Folding Intermediates By CCT/TriC R-HSA-389960	26	756	33010	1	TUBB2B	0.4526196338760946	1.0
Reactome	hypermethylated	N-glycan Antennae Elongation In medial/trans-Golgi R-HSA-975576	26	756	33010	1	ST8SIA3	0.4526196338760946	1.0
Reactome	hypermethylated	Prefoldin Mediated Transfer Of Substrate To CCT/TriC R-HSA-389957	26	756	33010	1	TUBB2B	0.4526196338760946	1.0
Reactome	hypermethylated	RNA Polymerase III Transcription Initiation From Type 2 Promoter R-HSA-76066	26	756	33010	1	POLR1D	0.4526196338760946	1.0
Reactome	hypermethylated	Signaling By BMP R-HSA-201451	26	756	33010	1	SKI	0.4526196338760946	1.0
Reactome	hypermethylated	Role Of Nef In HIV-1 Replication And Disease Pathogenesis R-HSA-164952	26	756	33010	1	HCK	0.4526196338760946	1.0
Reactome	hypermethylated	Cell Death Signaling Via NRAGE, NRIF And NADE R-HSA-204998	67	756	33010	2	AKAP13,MCF2L	0.4558568154606956	1.0
Reactome	hypermethylated	Extracellular Matrix Organization R-HSA-1474244	280	756	33010	7	ADAM19,CAPN2,COL11A1,DST,ITGA9,MMP9,TNR	0.46068968235368796	1.0
Reactome	hypermethylated	Downstream Signaling Of Activated FGFR2 R-HSA-5654696	27	756	33010	1	FGF5	0.4651657033882726	1.0
Reactome	hypermethylated	EGR2 And SOX10-mediated Initiation Of Schwann Cell Myelination R-HSA-9619665	27	756	33010	1	MPZ	0.4651657033882726	1.0
Reactome	hypermethylated	Generation Of Second Messenger Molecules R-HSA-202433	27	756	33010	1	HLA-DPA1	0.4651657033882726	1.0
Reactome	hypermethylated	RNA Polymerase III Transcription Initiation From Type 1 Promoter R-HSA-76061	27	756	33010	1	POLR1D	0.4651657033882726	1.0
Reactome	hypermethylated	RNA Polymerase III Transcription Initiation From Type 3 Promoter R-HSA-76071	27	756	33010	1	POLR1D	0.4651657033882726	1.0
Reactome	hypermethylated	Estrogen-dependent Gene Expression R-HSA-9018519	111	756	33010	3	CXXC5,FOXA1,GATA3	0.4687705195686164	1.0
Reactome	hypermethylated	Adrenaline,noradrenaline Inhibits Insulin Secretion R-HSA-400042	28	756	33010	1	CACNA2D2	0.4774245860926498	1.0
Reactome	hypermethylated	Antigen Presentation: Folding, Assembly, Peptide Loading Of Class I MHC R-HSA-983170	28	756	33010	1	ERAP1	0.4774245860926498	1.0
Reactome	hypermethylated	Budding And Maturation Of HIV Virion R-HSA-162588	28	756	33010	1	SGIP1	0.4774245860926498	1.0
Reactome	hypermethylated	FCERI Mediated MAPK Activation R-HSA-2871796	28	756	33010	1	MAPK10	0.4774245860926498	1.0
Reactome	hypermethylated	Peroxisomal Lipid Metabolism R-HSA-390918	28	756	33010	1	ACOX3	0.4774245860926498	1.0
Reactome	hypermethylated	SUMOylation Of Intracellular Receptors R-HSA-4090294	28	756	33010	1	THRA	0.4774245860926498	1.0
Reactome	hypermethylated	Tight Junction Interactions R-HSA-420029	28	756	33010	1	CLDN10	0.4774245860926498	1.0
Reactome	hypermethylated	Signaling By FGFR2 R-HSA-5654738	70	756	33010	2	FGF5,SPRY2	0.47854145174527474	1.0
Reactome	hypermethylated	Activation Of Matrix Metalloproteinases R-HSA-1592389	29	756	33010	1	MMP9	0.48940284735376033	1.0
Reactome	hypermethylated	EGFR Downregulation R-HSA-182971	29	756	33010	1	SPRY2	0.48940284735376033	1.0
Reactome	hypermethylated	Glutamate Binding, Activation Of AMPA Receptors And Synaptic Plasticity R-HSA-399721	29	756	33010	1	CACNG8	0.48940284735376033	1.0
Reactome	hypermethylated	Glutathione Conjugation R-HSA-156590	29	756	33010	1	GSTM2	0.48940284735376033	1.0
Reactome	hypermethylated	MAPK Targets/ Nuclear Events Mediated By MAP Kinases R-HSA-450282	29	756	33010	1	MAPK10	0.48940284735376033	1.0
Reactome	hypermethylated	Negative Regulation Of FGFR4 Signaling R-HSA-5654733	29	756	33010	1	SPRY2	0.48940284735376033	1.0
Reactome	hypermethylated	RNA Polymerase I Transcription Termination R-HSA-73863	29	756	33010	1	POLR1D	0.48940284735376033	1.0
Reactome	hypermethylated	Uptake And Actions Of Bacterial Toxins R-HSA-5339562	29	756	33010	1	ANTXR2	0.48940284735376033	1.0
Reactome	hypermethylated	G Alpha (12/13) Signaling Events R-HSA-416482	72	756	33010	2	AKAP13,MCF2L	0.49333914359523867	1.0
Reactome	hypermethylated	Regulation Of IGF Transport And Uptake By IGFBPs R-HSA-381426	116	756	33010	3	PENK,SPARCL1,STC2	0.49786088387444855	1.0
Reactome	hypermethylated	Late Endosomal Microautophagy R-HSA-9615710	30	756	33010	1	CFTR	0.5011069026401542	1.0
Reactome	hypermethylated	Sealing Of Nuclear Envelope (NE) By ESCRT-III R-HSA-9668328	30	756	33010	1	TUBB2B	0.5011069026401542	1.0
Reactome	hypermethylated	Signaling By CSF3 (G-CSF) R-HSA-9674555	30	756	33010	1	HCK	0.5011069026401542	1.0
Reactome	hypermethylated	Signaling By NOTCH2 R-HSA-1980145	30	756	33010	1	MAML3	0.5011069026401542	1.0
Reactome	hypermethylated	Transferrin Endocytosis And Recycling R-HSA-917977	30	756	33010	1	ATP6V1B1	0.5011069026401542	1.0
Reactome	hypermethylated	Signaling By Insulin Receptor R-HSA-74752	74	756	33010	2	ATP6V1B1,FGF5	0.5078679334717118	1.0
Reactome	hypermethylated	Activated NOTCH1 Transmits Signal To Nucleus R-HSA-2122948	31	756	33010	1	DLK1	0.5125430209422783	1.0
Reactome	hypermethylated	Cooperation Of Prefoldin And TriC/CCT In Actin And Tubulin Folding R-HSA-389958	31	756	33010	1	TUBB2B	0.5125430209422783	1.0
Reactome	hypermethylated	FGFR2 Mutant Receptor Activation R-HSA-1839126	31	756	33010	1	FGF5	0.5125430209422783	1.0
Reactome	hypermethylated	Nicotinate Metabolism R-HSA-196807	31	756	33010	1	NT5E	0.5125430209422783	1.0
Reactome	hypermethylated	CaM Pathway R-HSA-111997	32	756	33010	1	PRKAR1B	0.523717328112527	1.0
Reactome	hypermethylated	Glucagon Signaling In Metabolic Regulation R-HSA-163359	32	756	33010	1	PRKAR1B	0.523717328112527	1.0
Reactome	hypermethylated	Fatty Acid Metabolism R-HSA-8978868	165	756	33010	4	ACOX3,ALOX5,CPT2,TECR	0.5244285914819987	1.0
Reactome	hypermethylated	Nervous System Development R-HSA-9675108	520	756	33010	12	CLASP2,CRMP1,DNAAF3,EPHA10,EPHB1,HOXA2,ITGA9,LHX9,MMP9,MPZ,SEMA4A,SHANK3	0.5300060628329375	1.0
Reactome	hypermethylated	Sialic Acid Metabolism R-HSA-4085001	33	756	33010	1	ST8SIA3	0.5346358101292329	1.0
Reactome	hypermethylated	Signaling To ERKs R-HSA-187687	33	756	33010	1	NTRK1	0.5346358101292329	1.0
Reactome	hypermethylated	Signaling By Receptor Tyrosine Kinases R-HSA-9006934	480	756	33010	11	ATP6V1B1,CTNNA1,FGF5,FLRT2,GABRA1,GABRG2,MEF2D,MMP9,NTRK1,PRR5,SPRY2	0.5415150874783607	1.0
Reactome	hypermethylated	Regulation Of HSF1-mediated Heat Shock Response R-HSA-3371453	79	756	33010	2	DNAJB1,HSF1	0.5429766828496942	1.0
Reactome	hypermethylated	CD28 Co-Stimulation R-HSA-389356	34	756	33010	1	PRR5	0.5453043162863217	1.0
Reactome	hypermethylated	COPI-independent Golgi-to-ER Retrograde Traffic R-HSA-6811436	34	756	33010	1	CAPZB	0.5453043162863217	1.0
Reactome	hypermethylated	Ca-dependent Events R-HSA-111996	34	756	33010	1	PRKAR1B	0.5453043162863217	1.0
Reactome	hypermethylated	Class C/3 (Metabotropic Glutamate/Pheromone Receptors) R-HSA-420499	34	756	33010	1	GRM1	0.5453043162863217	1.0
Reactome	hypermethylated	Early SARS-CoV-2 Infection Events R-HSA-9772572	34	756	33010	1	RB1	0.5453043162863217	1.0
Reactome	hypermethylated	ROS And RNS Production In Phagocytes R-HSA-1222556	34	756	33010	1	ATP6V1B1	0.5453043162863217	1.0
Reactome	hypermethylated	Fcgamma Receptor (FCGR) Dependent Phagocytosis R-HSA-2029480	80	756	33010	2	FGR,HCK	0.5497861599900556	1.0
Reactome	hypermethylated	Neurotransmitter Receptors And Postsynaptic Signal Transmission R-HSA-112314	171	756	33010	4	CACNG8,GABRA1,GABRG2,PRKAR1B	0.5525887574775938	1.0
Reactome	hypermethylated	Association Of TriC/CCT With Target Proteins During Biosynthesis R-HSA-390471	35	756	33010	1	KIF13A	0.5557285623103246	1.0
Reactome	hypermethylated	Inwardly Rectifying K+ Channels R-HSA-1296065	35	756	33010	1	ABCC9	0.5557285623103246	1.0
Reactome	hypermethylated	N-glycan Trimming In ER And Calnexin/Calreticulin Cycle R-HSA-532668	35	756	33010	1	SEL1L	0.5557285623103246	1.0
Reactome	hypermethylated	NR1H3 And NR1H2 Regulate Gene Expression Linked To Cholesterol Transport And Efflux R-HSA-9029569	35	756	33010	1	NCOR2	0.5557285623103246	1.0
Reactome	hypermethylated	RNA Polymerase III Transcription Initiation R-HSA-76046	35	756	33010	1	POLR1D	0.5557285623103246	1.0
Reactome	hypermethylated	Vpr-mediated Nuclear Import Of PICs R-HSA-180910	35	756	33010	1	SGIP1	0.5557285623103246	1.0
Reactome	hypermethylated	Death Receptor Signaling R-HSA-73887	128	756	33010	3	AKAP13,MCF2L,RTN4	0.5641664489385034	1.0
Reactome	hypermethylated	Aberrant Regulation Of Mitotic Cell Cycle Due To RB1 Defects R-HSA-9687139	36	756	33010	1	RB1	0.5659141334064098	1.0
Reactome	hypermethylated	Aspirin ADME R-HSA-9749641	36	756	33010	1	GLYATL1	0.5659141334064098	1.0
Reactome	hypermethylated	Defective B3GALTL Causes PpS R-HSA-5083635	36	756	33010	1	ADAMTS20	0.5659141334064098	1.0
Reactome	hypermethylated	Fatty acyl-CoA Biosynthesis R-HSA-75105	36	756	33010	1	TECR	0.5659141334064098	1.0
Reactome	hypermethylated	Interactions Of Vpr With Host Cellular Proteins R-HSA-176033	36	756	33010	1	SGIP1	0.5659141334064098	1.0
Reactome	hypermethylated	PRC2 Methylates Histones And DNA R-HSA-212300	36	756	33010	1	JARID2	0.5659141334064098	1.0
Reactome	hypermethylated	RHOV GTPase Cycle R-HSA-9013424	36	756	33010	1	DST	0.5659141334064098	1.0
Reactome	hypermethylated	Cellular Response To Chemical Stress R-HSA-9711123	174	756	33010	4	CDKN2A,NCOR2,NPLOC4,STAP2	0.5663330031363143	1.0
Reactome	hypermethylated	Interferon Gamma Signaling R-HSA-877300	83	756	33010	2	HLA-DPA1,TRIM8	0.569783307808628	1.0
Reactome	hypermethylated	Sphingolipid Metabolism R-HSA-428157	83	756	33010	2	DEGS1,SPHK2	0.569783307808628	1.0
Reactome	hypermethylated	Condensation Of Prophase Chromosomes R-HSA-2299718	37	756	33010	1	RB1	0.575866487235024	1.0
Reactome	hypermethylated	Cooperation Of PDCL (PhLP1) And TRiC/CCT In G-protein Beta Folding R-HSA-6814122	37	756	33010	1	RGS6	0.575866487235024	1.0
Reactome	hypermethylated	Diseases Of Mitotic Cell Cycle R-HSA-9675126	37	756	33010	1	RB1	0.575866487235024	1.0
Reactome	hypermethylated	FLT3 Signaling R-HSA-9607240	37	756	33010	1	HCK	0.575866487235024	1.0
Reactome	hypermethylated	O-glycosylation Of TSR Domain-Containing Proteins R-HSA-5173214	37	756	33010	1	ADAMTS20	0.575866487235024	1.0
Reactome	hypermethylated	RHOU GTPase Cycle R-HSA-9013420	37	756	33010	1	DST	0.575866487235024	1.0
Reactome	hypermethylated	Sensory Perception Of Sweet, Bitter, And Umami (Glutamate) Taste R-HSA-9717207	37	756	33010	1	GRM1	0.575866487235024	1.0
Reactome	hypermethylated	Axon Guidance R-HSA-422475	496	756	33010	11	CLASP2,CRMP1,DNAAF3,EPHA10,EPHB1,HOXA2,ITGA9,LHX9,MMP9,SEMA4A,SHANK3	0.5852484229533217	1.0
Reactome	hypermethylated	DAG And IP3 Signaling R-HSA-1489509	38	756	33010	1	PRKAR1B	0.585590956820756	1.0
Reactome	hypermethylated	Signaling By FGFR4 R-HSA-5654743	38	756	33010	1	SPRY2	0.585590956820756	1.0
Reactome	hypermethylated	ESR-mediated Signaling R-HSA-8939211	179	756	33010	4	CXXC5,FOXA1,GATA3,MMP9	0.5887115488281114	1.0
Reactome	hypermethylated	Oxidative Stress Induced Senescence R-HSA-2559580	86	756	33010	2	CDKN2A,MAPK10	0.5891289644032841	1.0
Reactome	hypermethylated	Signaling By Hedgehog R-HSA-5358351	133	756	33010	3	DZIP1,PRKAR1B,SEL1L	0.5901686569622893	1.0
Reactome	hypermethylated	Carboxyterminal Post-Translational Modifications Of Tubulin R-HSA-8955332	39	756	33010	1	TUBB2B	0.5950927533949246	1.0
Reactome	hypermethylated	Collagen Degradation R-HSA-1442490	39	756	33010	1	MMP9	0.5950927533949246	1.0
Reactome	hypermethylated	NGF-stimulated Transcription R-HSA-9031628	39	756	33010	1	MEF2D	0.5950927533949246	1.0
Reactome	hypermethylated	RHOF GTPase Cycle R-HSA-9035034	39	756	33010	1	CAPZB	0.5950927533949246	1.0
Reactome	hypermethylated	Transcriptional Regulation By VENTX R-HSA-8853884	39	756	33010	1	CDKN2A	0.5950927533949246	1.0
Reactome	hypermethylated	Translesion Synthesis By Y Family DNA Polymerases Bypasses Lesions On DNA Template R-HSA-110313	39	756	33010	1	NPLOC4	0.5950927533949246	1.0
Reactome	hypermethylated	Opioid Signaling R-HSA-111885	87	756	33010	2	PDE4C,PRKAR1B	0.5954321615816034	1.0
Reactome	hypermethylated	RHO GTPase Cycle R-HSA-9012999	412	756	33010	9	AKAP13,ARHGEF25,CAPZB,CFTR,DST,MCF2L,MPZ,SLITRK3,STMN2	0.6034054845699126	1.0
Reactome	hypermethylated	Kinesins R-HSA-983189	40	756	33010	1	KLC1	0.6043769691734402	1.0
Reactome	hypermethylated	RET Signaling R-HSA-8853659	40	756	33010	1	SHANK3	0.6043769691734402	1.0
Reactome	hypermethylated	Signaling By FGFR2 In Disease R-HSA-5655253	40	756	33010	1	FGF5	0.6043769691734402	1.0
Reactome	hypermethylated	Signaling By TGF-beta Receptor Complex R-HSA-170834	89	756	33010	2	NCOR2,SKI	0.6078203546693435	1.0
Reactome	hypermethylated	Interleukin-3, Interleukin-5 And GM-CSF Signaling R-HSA-512988	41	756	33010	1	HCK	0.6134485800713743	1.0
Reactome	hypermethylated	Intra-Golgi Traffic R-HSA-6811438	41	756	33010	1	CUX1	0.6134485800713743	1.0
Reactome	hypermethylated	RND2 GTPase Cycle R-HSA-9696270	41	756	33010	1	DST	0.6134485800713743	1.0
Reactome	hypermethylated	RND3 GTPase Cycle R-HSA-9696264	41	756	33010	1	DST	0.6134485800713743	1.0
Reactome	hypermethylated	Signaling By SCF-KIT R-HSA-1433557	41	756	33010	1	MMP9	0.6134485800713743	1.0
Reactome	hypermethylated	Vasopressin Regulates Renal Water Homeostasis Via Aquaporins R-HSA-432040	41	756	33010	1	PRKAR1B	0.6134485800713743	1.0
Reactome	hypermethylated	RHOA GTPase Cycle R-HSA-8980692	138	756	33010	3	AKAP13,ARHGEF25,MCF2L	0.6151497082605935	1.0
Reactome	hypermethylated	Metabolism Of Nucleotides R-HSA-15869	91	756	33010	2	DPYS,NT5E	0.6199179394130914	1.0
Reactome	hypermethylated	Phase II - Conjugation Of Compounds R-HSA-156580	91	756	33010	2	GLYATL1,GSTM2	0.6199179394130914	1.0
Reactome	hypermethylated	RUNX1 Regulates Transcription Of Genes Involved In Differentiation Of HSCs R-HSA-8939236	91	756	33010	2	GATA3,TAL1	0.6199179394130914	1.0
Reactome	hypermethylated	VEGFA-VEGFR2 Pathway R-HSA-4420097	91	756	33010	2	CTNNA1,PRR5	0.6199179394130914	1.0
Reactome	hypermethylated	Collagen Chain Trimerization R-HSA-8948216	42	756	33010	1	COL11A1	0.6223124483557031	1.0
Reactome	hypermethylated	PI3K Cascade R-HSA-109704	42	756	33010	1	FGF5	0.6223124483557031	1.0
Reactome	hypermethylated	Smooth Muscle Contraction R-HSA-445355	42	756	33010	1	CALD1	0.6223124483557031	1.0
Reactome	hypermethylated	Transcriptional Regulation By RUNX3 R-HSA-8878159	92	756	33010	2	CDKN2A,MAML3	0.6258580090389514	1.0
Reactome	hypermethylated	GPER1 Signaling R-HSA-9634597	43	756	33010	1	PRKAR1B	0.6309733252376224	1.0
Reactome	hypermethylated	Heme Signaling R-HSA-9707616	43	756	33010	1	MEF2D	0.6309733252376224	1.0
Reactome	hypermethylated	RNA Polymerase I Transcription Initiation R-HSA-73762	43	756	33010	1	POLR1D	0.6309733252376224	1.0
Reactome	hypermethylated	SUMOylation Of Transcription Cofactors R-HSA-3899300	43	756	33010	1	NCOR2	0.6309733252376224	1.0
Reactome	hypermethylated	Sensory Perception Of Taste R-HSA-9717189	43	756	33010	1	GRM1	0.6309733252376224	1.0
Reactome	hypermethylated	Formation Of Ternary Complex, And Subsequently, 43S Complex R-HSA-72695	44	756	33010	1	EIF3I	0.6394358534058016	1.0
Reactome	hypermethylated	TP53 Regulates Transcription Of Cell Death Genes R-HSA-5633008	44	756	33010	1	MPZ	0.6394358534058016	1.0
Reactome	hypermethylated	Chondroitin Sulfate/Dermatan Sulfate Metabolism R-HSA-1793185	45	756	33010	1	CSGALNACT1	0.6477045695019374	1.0
Reactome	hypermethylated	IRS-mediated Signaling R-HSA-112399	45	756	33010	1	FGF5	0.6477045695019374	1.0
Reactome	hypermethylated	NR1H2 And NR1H3-mediated Signaling R-HSA-9024446	45	756	33010	1	NCOR2	0.6477045695019374	1.0
Reactome	hypermethylated	Cargo Recognition For Clathrin-Mediated Endocytosis R-HSA-8856825	96	756	33010	2	CFTR,SGIP1	0.6488975438609959	1.0
Reactome	hypermethylated	Cellular Response To Heat Stress R-HSA-3371556	96	756	33010	2	DNAJB1,HSF1	0.6488975438609959	1.0
Reactome	hypermethylated	KEAP1-NFE2L2 Pathway R-HSA-9755511	97	756	33010	2	CDKN2A,NPLOC4	0.6544784066604876	1.0
Reactome	hypermethylated	PLC Beta Mediated Events R-HSA-112043	46	756	33010	1	PRKAR1B	0.6557839065399031	1.0
Reactome	hypermethylated	DNA Damage Bypass R-HSA-73893	47	756	33010	1	NPLOC4	0.6636781962697852	1.0
Reactome	hypermethylated	Signaling By EGFR R-HSA-177929	47	756	33010	1	SPRY2	0.6636781962697852	1.0
Reactome	hypermethylated	Signaling By VEGF R-HSA-194138	99	756	33010	2	CTNNA1,PRR5	0.6654273074092562	1.0
Reactome	hypermethylated	IRS-related Events Triggered By IGF1R R-HSA-2428928	48	756	33010	1	FGF5	0.6713916714880612	1.0
Reactome	hypermethylated	Ion Homeostasis R-HSA-5578775	48	756	33010	1	ABCC9	0.6713916714880612	1.0
Reactome	hypermethylated	RHOD GTPase Cycle R-HSA-9013405	48	756	33010	1	CAPZB	0.6713916714880612	1.0
Reactome	hypermethylated	PI3K/AKT Signaling In Cancer R-HSA-2219528	101	756	33010	2	FGF5,PRR5	0.676094702955631	1.0
Reactome	hypermethylated	Aquaporin-mediated Transport R-HSA-445717	49	756	33010	1	PRKAR1B	0.678928468295143	1.0
Reactome	hypermethylated	Complex I Biogenesis R-HSA-6799198	49	756	33010	1	NDUFA13	0.678928468295143	1.0
Reactome	hypermethylated	IGF1R Signaling Cascade R-HSA-2428924	49	756	33010	1	FGF5	0.678928468295143	1.0
Reactome	hypermethylated	Transcriptional Activation Of Mitochondrial Biogenesis R-HSA-2151201	49	756	33010	1	MEF2D	0.678928468295143	1.0
Reactome	hypermethylated	Regulation Of TP53 Activity R-HSA-5633007	153	756	33010	3	CDKN2A,POU4F2,PRR5	0.6837545341979208	1.0
Reactome	hypermethylated	Interleukin-12 Family Signaling R-HSA-447115	50	756	33010	1	IL6ST	0.68629262830148	1.0
Reactome	hypermethylated	SARS-CoV-1 Infection R-HSA-9678108	50	756	33010	1	RB1	0.68629262830148	1.0
Reactome	hypermethylated	Signaling By Type 1 Insulin-like Growth Factor 1 Receptor (IGF1R) R-HSA-2404192	50	756	33010	1	FGF5	0.68629262830148	1.0
Reactome	hypermethylated	Degradation Of Extracellular Matrix R-HSA-1474228	104	756	33010	2	CAPN2,MMP9	0.6915746393560103	1.0
Reactome	hypermethylated	O-linked Glycosylation R-HSA-5173105	104	756	33010	2	ADAMTS20,GALNTL6	0.6915746393560103	1.0
Reactome	hypermethylated	G-protein Mediated Events R-HSA-112040	51	756	33010	1	PRKAR1B	0.6934881007834	1.0
Reactome	hypermethylated	Insulin Receptor Signaling Cascade R-HSA-74751	51	756	33010	1	FGF5	0.6934881007834	1.0
Reactome	hypermethylated	Pyruvate Metabolism And Citric Acid (TCA) Cycle R-HSA-71406	51	756	33010	1	PCDHGA5	0.6934881007834	1.0
Reactome	hypermethylated	Ribosomal Scanning And Start Codon Recognition R-HSA-72702	51	756	33010	1	EIF3I	0.6934881007834	1.0
Reactome	hypermethylated	Translation Initiation Complex Formation R-HSA-72649	51	756	33010	1	EIF3I	0.6934881007834	1.0
Reactome	hypermethylated	Cellular Senescence R-HSA-2559583	156	756	33010	3	CDKN2A,MAPK10,RB1	0.6963234303880976	1.0
Reactome	hypermethylated	mRNA Activation Upon Binding Of Cap-Binding Complex And eIFs, Subsequent Binding To 43S R-HSA-72662	52	756	33010	1	EIF3I	0.7005187447898247	1.0
Reactome	hypermethylated	Amino Acids Regulate mTORC1 R-HSA-9639288	52	756	33010	1	ATP6V1B1	0.7005187447898247	1.0
Reactome	hypermethylated	Chemokine Receptors Bind Chemokines R-HSA-380108	52	756	33010	1	CCL28	0.7005187447898247	1.0
Reactome	hypermethylated	HDACs Deacetylate Histones R-HSA-3214815	52	756	33010	1	NCOR2	0.7005187447898247	1.0
Reactome	hypermethylated	RNA Polymerase I Promoter Escape R-HSA-73772	52	756	33010	1	POLR1D	0.7005187447898247	1.0
Reactome	hypermethylated	Signaling By Non-Receptor Tyrosine Kinases R-HSA-9006927	52	756	33010	1	STAP2	0.7005187447898247	1.0
Reactome	hypermethylated	Epigenetic Regulation Of Gene Expression R-HSA-212165	107	756	33010	2	JARID2,POLR1D	0.706439433087535	1.0
Reactome	hypermethylated	B-WICH Complex Positively Regulates rRNA Expression R-HSA-5250924	53	756	33010	1	POLR1D	0.707388331200981	1.0
Reactome	hypermethylated	Regulation Of RUNX3 Expression And Activity R-HSA-8941858	53	756	33010	1	CDKN2A	0.707388331200981	1.0
Reactome	hypermethylated	Signaling By ALK Fusions And Activated Point Mutants R-HSA-9725370	53	756	33010	1	KLC1	0.707388331200981	1.0
Reactome	hypermethylated	Hh Mutants Are Degraded By ERAD R-HSA-5362768	54	756	33010	1	SEL1L	0.7141005447402006	1.0
Reactome	hypermethylated	Intrinsic Pathway For Apoptosis R-HSA-109606	54	756	33010	1	CDKN2A	0.7141005447402006	1.0
Reactome	hypermethylated	Meiotic Synapsis R-HSA-1221632	54	756	33010	1	DIDO1	0.7141005447402006	1.0
Reactome	hypermethylated	Macroautophagy R-HSA-1632852	109	756	33010	2	CFTR,HSF1	0.7160137736483372	1.0
Reactome	hypermethylated	RAB Geranylgeranylation R-HSA-8873719	55	756	33010	1	MPZ	0.7206589859398733	1.0
Reactome	hypermethylated	SUMOylation Of Chromatin Organization Proteins R-HSA-4551638	55	756	33010	1	SATB2	0.7206589859398733	1.0
Reactome	hypermethylated	Stabilization Of P53 R-HSA-69541	55	756	33010	1	CDKN2A	0.7206589859398733	1.0
Reactome	hypermethylated	Golgi-to-ER Retrograde Transport R-HSA-8856688	110	756	33010	2	CAPZB,KLC1	0.720701781497445	1.0
Reactome	hypermethylated	Arachidonic Acid Metabolism R-HSA-2142753	56	756	33010	1	ALOX5	0.7270671730625998	1.0
Reactome	hypermethylated	Formation Of RNA Pol II Elongation Complex R-HSA-112382	56	756	33010	1	MLLT1	0.7270671730625998	1.0
Reactome	hypermethylated	Recruitment And ATM-mediated Phosphorylation Of Repair And Signal Proteins At DNA Double Strand Breaks R-HSA-5693565	56	756	33010	1	EYA1	0.7270671730625998	1.0
Reactome	hypermethylated	PPARA Activates Gene Expression R-HSA-1989781	112	756	33010	2	CPT2,NCOR2	0.7298820823886002	1.0
Reactome	hypermethylated	Platelet Degranulation R-HSA-114608	112	756	33010	2	RARRES2,SELENOP	0.7298820823886002	1.0
Reactome	hypermethylated	Signaling By Rho GTPases R-HSA-194315	605	756	33010	12	AKAP13,ARHGEF25,CAPZB,CFTR,CLASP2,CTNNA1,DST,KLC1,MCF2L,MPZ,SLITRK3,STMN2	0.7327836891397208	1.0
Reactome	hypermethylated	DNA Damage/Telomere Stress Induced Senescence R-HSA-2559586	57	756	33010	1	RB1	0.7333285439785637	1.0
Reactome	hypermethylated	DNA Double Strand Break Response R-HSA-5693606	57	756	33010	1	EYA1	0.7333285439785637	1.0
Reactome	hypermethylated	Hh Mutants Abrogate Ligand Secretion R-HSA-5387390	57	756	33010	1	SEL1L	0.7333285439785637	1.0
Reactome	hypermethylated	Iron Uptake And Transport R-HSA-917937	57	756	33010	1	ATP6V1B1	0.7333285439785637	1.0
Reactome	hypermethylated	O-linked Glycosylation Of Mucins R-HSA-913709	57	756	33010	1	GALNTL6	0.7333285439785637	1.0
Reactome	hypermethylated	RHOQ GTPase Cycle R-HSA-9013406	57	756	33010	1	CFTR	0.7333285439785637	1.0
Reactome	hypermethylated	Signaling By NTRK1 (TRKA) R-HSA-187037	113	756	33010	2	MEF2D,NTRK1	0.73437545106232	1.0
Reactome	hypermethylated	Regulation Of Lipid Metabolism By PPARalpha R-HSA-400206	114	756	33010	2	CPT2,NCOR2	0.7388050314486585	1.0
Reactome	hypermethylated	RAC1 GTPase Cycle R-HSA-9013149	167	756	33010	3	ARHGEF25,MCF2L,MPZ	0.739167143695085	1.0
Reactome	hypermethylated	MAP Kinase Activation R-HSA-450294	58	756	33010	1	MAPK10	0.7394464580001158	1.0
Reactome	hypermethylated	Post NMDA Receptor Activation Events R-HSA-438064	58	756	33010	1	PRKAR1B	0.7394464580001158	1.0
Reactome	hypermethylated	Cytochrome P450 - Arranged By Substrate Type R-HSA-211897	59	756	33010	1	CYP26A1	0.7454241976745486	1.0
Reactome	hypermethylated	Regulation Of PTEN Gene Transcription R-HSA-8943724	59	756	33010	1	NR2E1	0.7454241976745486	1.0
Reactome	hypermethylated	Signaling By TGFB Family Members R-HSA-9006936	116	756	33010	2	NCOR2,SKI	0.7474750769868178	1.0
Reactome	hypermethylated	Nuclear Events (Kinase And Transcription Factor Activation) R-HSA-198725	60	756	33010	1	MEF2D	0.7512649705360109	1.0
Reactome	hypermethylated	Response To Elevated Platelet Cytosolic Ca2+ R-HSA-76005	117	756	33010	2	RARRES2,SELENOP	0.7517166858260836	1.0
Reactome	hypermethylated	Signaling By Rho GTPases, Miro GTPases And RHOBTB3 R-HSA-9716542	619	756	33010	12	AKAP13,ARHGEF25,CAPZB,CFTR,CLASP2,CTNNA1,DST,KLC1,MCF2L,MPZ,SLITRK3,STMN2	0.7599859924319218	1.0
Reactome	hypermethylated	Cytosolic Sensors Of Pathogen-Associated DNA R-HSA-1834949	62	756	33010	1	POLR1D	0.7625480811237819	1.0
Reactome	hypermethylated	Peroxisomal Protein Import R-HSA-9033241	62	756	33010	1	ACOX3	0.7625480811237819	1.0
Reactome	hypermethylated	Synthesis Of Substrates In N-glycan Biosythesis R-HSA-446219	62	756	33010	1	ST8SIA3	0.7625480811237819	1.0
Reactome	hypermethylated	Hedgehog Ligand Biogenesis R-HSA-5358346	63	756	33010	1	SEL1L	0.7679964740663102	1.0
Reactome	hypermethylated	Regulation Of RAS By GAPs R-HSA-5658442	63	756	33010	1	RASAL1	0.7679964740663102	1.0
Reactome	hypermethylated	Intra-Golgi And Retrograde Golgi-to-ER Traffic R-HSA-6811442	176	756	33010	3	CAPZB,CUX1,KLC1	0.7705373000089493	1.0
Reactome	hypermethylated	Autophagy R-HSA-9612973	122	756	33010	2	CFTR,HSF1	0.772014032139058	1.0
Reactome	hypermethylated	p53-Dependent G1 DNA Damage Response R-HSA-69563	64	756	33010	1	CDKN2A	0.7733200138607034	1.0
Reactome	hypermethylated	Circadian Clock R-HSA-400253	65	756	33010	1	MEF2D	0.778521557887939	1.0
Reactome	hypermethylated	Collagen Biosynthesis And Modifying Enzymes R-HSA-1650814	65	756	33010	1	COL11A1	0.778521557887939	1.0
Reactome	hypermethylated	Glycolysis R-HSA-70171	65	756	33010	1	PKLR	0.778521557887939	1.0
Reactome	hypermethylated	Interleukin-17 Signaling R-HSA-448424	65	756	33010	1	MAPK10	0.778521557887939	1.0
Reactome	hypermethylated	G1/S DNA Damage Checkpoints R-HSA-69615	66	756	33010	1	CDKN2A	0.7836038982199078	1.0
Reactome	hypermethylated	Integrin Cell Surface Interactions R-HSA-216083	66	756	33010	1	ITGA9	0.7836038982199078	1.0
Reactome	hypermethylated	Interferon Signaling R-HSA-913531	181	756	33010	3	HLA-DPA1,SGIP1,TRIM8	0.7865922025192856	1.0
Reactome	hypermethylated	Host Interactions Of HIV Factors R-HSA-162909	126	756	33010	2	HCK,SGIP1	0.7871951046420955	1.0
Reactome	hypermethylated	Positive Epigenetic Regulation Of rRNA Expression R-HSA-5250913	67	756	33010	1	POLR1D	0.7885697631101991	1.0
Reactome	hypermethylated	NoRC Negatively Regulates rRNA Expression R-HSA-427413	68	756	33010	1	POLR1D	0.7934218184508994	1.0
Reactome	hypermethylated	Activation Of NMDA Receptors And Postsynaptic Events R-HSA-442755	69	756	33010	1	PRKAR1B	0.7981626691961827	1.0
Reactome	hypermethylated	Negative Epigenetic Regulation Of rRNA Expression R-HSA-5250941	70	756	33010	1	POLR1D	0.8027948607534423	1.0
Reactome	hypermethylated	RNA Polymerase I Promoter Clearance R-HSA-73854	70	756	33010	1	POLR1D	0.8027948607534423	1.0
Reactome	hypermethylated	Signaling By NTRKs R-HSA-166520	131	756	33010	2	MEF2D,NTRK1	0.8049147330991638	1.0
Reactome	hypermethylated	RHOG GTPase Cycle R-HSA-9013408	71	756	33010	1	MCF2L	0.8073208803427072	1.0
Reactome	hypermethylated	RNA Polymerase I Transcription R-HSA-73864	71	756	33010	1	POLR1D	0.8073208803427072	1.0
Reactome	hypermethylated	Regulation Of RUNX2 Expression And Activity R-HSA-8939902	71	756	33010	1	TWIST1	0.8073208803427072	1.0
Reactome	hypermethylated	TCF Dependent Signaling In Response To WNT R-HSA-201681	188	756	33010	3	RSPO2,SOX17,SOX6	0.8074943578534985	1.0
Reactome	hypermethylated	Clathrin-mediated Endocytosis R-HSA-8856828	133	756	33010	2	CFTR,SGIP1	0.8116274933599548	1.0
Reactome	hypermethylated	APC/C:Cdh1 Mediated Degradation Of Cdc20 And APC/C:Cdh1 Targets In Late Mitosis/Early G1 R-HSA-174178	72	756	33010	1	RB1	0.8117431583250659	1.0
Reactome	hypermethylated	Extra-nuclear Estrogen Signaling R-HSA-9009391	72	756	33010	1	MMP9	0.8117431583250659	1.0
Reactome	hypermethylated	Nuclear Envelope (NE) Reassembly R-HSA-2995410	73	756	33010	1	TUBB2B	0.8160640695007978	1.0
Reactome	hypermethylated	SUMOylation Of DNA Damage Response And Repair Proteins R-HSA-3108214	73	756	33010	1	CDKN2A	0.8160640695007978	1.0
Reactome	hypermethylated	Diseases Of Glycosylation R-HSA-3781865	135	756	33010	2	ADAMTS20,NOTCH3	0.8181333542294282	1.0
Reactome	hypermethylated	ISG15 Antiviral Mechanism R-HSA-1169408	74	756	33010	1	SGIP1	0.8202859343779085	1.0
Reactome	hypermethylated	Senescence-Associated Secretory Phenotype (SASP) R-HSA-2559582	74	756	33010	1	CDKN2A	0.8202859343779085	1.0
Reactome	hypermethylated	Diseases Of Signal Transduction By Growth Factor Receptors And Second Messengers R-HSA-5663202	406	756	33010	7	CUX1,FGF5,KLC1,MAML3,NCOR2,PRR5,SEL1L	0.8238551206413668	1.0
Reactome	hypermethylated	Biological Oxidations R-HSA-211859	194	756	33010	3	CYP26A1,GLYATL1,GSTM2	0.8240120568374458	1.0
Reactome	hypermethylated	Biosynthesis Of N-glycan Precursor (Dolichol LLO) And Transfer To Protein R-HSA-446193	75	756	33010	1	ST8SIA3	0.8244110204117407	1.0
Reactome	hypermethylated	Constitutive Signaling By Aberrant PI3K In Cancer R-HSA-2219530	75	756	33010	1	FGF5	0.8244110204117407	1.0
Reactome	hypermethylated	Nuclear Events Mediated By NFE2L2 R-HSA-9759194	75	756	33010	1	CDKN2A	0.8244110204117407	1.0
Reactome	hypermethylated	RNA Polymerase II Pre-transcription Events R-HSA-674695	75	756	33010	1	MLLT1	0.8244110204117407	1.0
Reactome	hypermethylated	CDC42 GTPase Cycle R-HSA-9013148	138	756	33010	2	ARHGEF25,MCF2L	0.8275150175387265	1.0
Reactome	hypermethylated	COPI-dependent Golgi-to-ER Retrograde Traffic R-HSA-6811434	76	756	33010	1	KLC1	0.8284415432163175	1.0
Reactome	hypermethylated	Transcriptional Regulation By RUNX1 R-HSA-8878171	196	756	33010	3	GATA3,PAX5,TAL1	0.8292425150123957	1.0
Reactome	hypermethylated	MAPK Family Signaling Cascades R-HSA-5683057	305	756	33010	5	DNAJB1,FGF5,IL6ST,RASAL1,RASGEF1A	0.8300772603304044	1.0
Reactome	hypermethylated	RHO GTPase Effectors R-HSA-195258	253	756	33010	4	CFTR,CLASP2,CTNNA1,KLC1	0.8337063211289057	1.0
Reactome	hypermethylated	Signaling By NOTCH4 R-HSA-9013694	78	756	33010	1	MAML3	0.836227509462526	1.0
Reactome	hypermethylated	Signaling By ROBO Receptors R-HSA-376176	200	756	33010	3	CLASP2,HOXA2,LHX9	0.8393043695765546	1.0
Reactome	hypermethylated	Mitotic G1 Phase And G1/S Transition R-HSA-453279	143	756	33010	2	CDKN2A,RB1	0.8421862872505548	1.0
Reactome	hypermethylated	COPI-mediated Anterograde Transport R-HSA-6807878	80	756	33010	1	CAPZB	0.8436605655137885	1.0
Reactome	hypermethylated	Drug ADME R-HSA-9748784	80	756	33010	1	GLYATL1	0.8436605655137885	1.0
Reactome	hypermethylated	Antiviral Mechanism By IFN-stimulated Genes R-HSA-1169410	81	756	33010	1	SGIP1	0.8472497733021753	1.0
Reactome	hypermethylated	Cyclin E Associated Events During G1/S Transition R-HSA-69202	81	756	33010	1	RB1	0.8472497733021753	1.0
Reactome	hypermethylated	Meiosis R-HSA-1500620	81	756	33010	1	DIDO1	0.8472497733021753	1.0
Reactome	hypermethylated	Transcriptional Regulation Of White Adipocyte Differentiation R-HSA-381340	81	756	33010	1	NCOR2	0.8472497733021753	1.0
Reactome	hypermethylated	Platelet Homeostasis R-HSA-418346	82	756	33010	1	FGR	0.8507566873106042	1.0
Reactome	hypermethylated	RAB GEFs Exchange GTP For GDP On RABs R-HSA-8876198	82	756	33010	1	MPZ	0.8507566873106042	1.0
Reactome	hypermethylated	Cyclin A:Cdk2-associated Events At S Phase Entry R-HSA-69656	83	756	33010	1	RB1	0.8541831919386771	1.0
Reactome	hypermethylated	MAPK1/MAPK3 Signaling R-HSA-5684996	264	756	33010	4	FGF5,IL6ST,RASAL1,RASGEF1A	0.8569868979551113	1.0
Reactome	hypermethylated	Glucose Metabolism R-HSA-70326	84	756	33010	1	PKLR	0.8575311284920941	1.0
Reactome	hypermethylated	Hedgehog On State R-HSA-5632684	84	756	33010	1	DZIP1	0.8575311284920941	1.0
Reactome	hypermethylated	Mitochondrial Biogenesis R-HSA-1592230	84	756	33010	1	MEF2D	0.8575311284920941	1.0
Reactome	hypermethylated	RAC3 GTPase Cycle R-HSA-9013423	84	756	33010	1	SLITRK3	0.8575311284920941	1.0
Reactome	hypermethylated	Hemostasis R-HSA-109582	530	756	33010	9	CAPZB,EHD2,FGR,GATA3,GATA4,KLC1,PRKAR1B,RARRES2,SELENOP	0.8588793846958709	1.0
Reactome	hypermethylated	Signaling By Interleukins R-HSA-449147	429	756	33010	7	ALOX5,GATA3,HCK,IL6ST,MAPK10,MMP9,TWIST1	0.8630886811841822	1.0
Reactome	hypermethylated	APC/C-mediated Degradation Of Cell Cycle Proteins R-HSA-174143	86	756	33010	1	RB1	0.8639984530111569	1.0
Reactome	hypermethylated	Respiratory Electron Transport R-HSA-611105	87	756	33010	1	NDUFA13	0.867121316864989	1.0
Reactome	hypermethylated	Downstream TCR Signaling R-HSA-202424	88	756	33010	1	HLA-DPA1	0.8701725662787746	1.0
Reactome	hypermethylated	HCMV Early Events R-HSA-9609690	89	756	33010	1	NCOR2	0.8731538414107	1.0
Reactome	hypermethylated	MAPK6/MAPK4 Signaling R-HSA-5687128	89	756	33010	1	DNAJB1	0.8731538414107	1.0
Reactome	hypermethylated	Citric Acid (TCA) Cycle And Respiratory Electron Transport R-HSA-1428517	156	756	33010	2	NDUFA13,PCDHGA5	0.8751760582871091	1.0
Reactome	hypermethylated	Unattached Kinetochores Signal Amplification Via A MAD2 Inhibitory Signal R-HSA-141444	91	756	33010	1	CLASP2	0.8789128427424985	1.0
Reactome	hypermethylated	Formation Of A Pool Of Free 40S Subunits R-HSA-72689	91	756	33010	1	EIF3I	0.8789128427424985	1.0
Reactome	hypermethylated	L1CAM Interactions R-HSA-373760	91	756	33010	1	ITGA9	0.8789128427424985	1.0
Reactome	hypermethylated	Regulation Of Expression Of SLITs And ROBOs R-HSA-9010553	158	756	33010	2	HOXA2,LHX9	0.8796480555961517	1.0
Reactome	hypermethylated	MyD88 Cascade Initiated On Plasma Membrane R-HSA-975871	92	756	33010	1	MAPK10	0.8816936650908892	1.0
Reactome	hypermethylated	Transport To Golgi And Subsequent Modification R-HSA-948021	161	756	33010	2	CAPZB,ST8SIA3	0.8860792009297898	1.0
Reactome	hypermethylated	HATs Acetylate Histones R-HSA-3214847	94	756	33010	1	PAX3	0.8870654297588105	1.0
Reactome	hypermethylated	Stimuli-sensing Channels R-HSA-2672351	94	756	33010	1	OSTM1	0.8870654297588105	1.0
Reactome	hypermethylated	EML4 And NUDC In Mitotic Spindle Formation R-HSA-9648025	95	756	33010	1	CLASP2	0.8896592605736829	1.0
Reactome	hypermethylated	Signaling By WNT R-HSA-195721	283	756	33010	4	RSPO2,SOX17,SOX6,WNT16	0.8906705314934396	1.0
Reactome	hypermethylated	Hedgehog Off State R-HSA-5610787	96	756	33010	1	PRKAR1B	0.8921935944338163	1.0
Reactome	hypermethylated	Phase I - Functionalization Of Compounds R-HSA-211945	96	756	33010	1	CYP26A1	0.8921935944338163	1.0
Reactome	hypermethylated	TRAF6 Mediated Induction Of NFkB And MAP Kinases Upon TLR7/8 Or 9 Activation R-HSA-975138	96	756	33010	1	MAPK10	0.8921935944338163	1.0
Reactome	hypermethylated	MyD88 Dependent Cascade Initiated On Endosome R-HSA-975155	97	756	33010	1	MAPK10	0.8946697943064552	1.0
Reactome	hypermethylated	Toll Like Receptor 7/8 (TLR7/8) Cascade R-HSA-168181	97	756	33010	1	MAPK10	0.8946697943064552	1.0
Reactome	hypermethylated	Toll Like Receptor 3 (TLR3) Cascade R-HSA-168164	99	756	33010	1	MAPK10	0.8994530887574957	1.0
Reactome	hypermethylated	L13a-mediated Translational Silencing Of Ceruloplasmin Expression R-HSA-156827	100	756	33010	1	EIF3I	0.9017627561908564	1.0
Reactome	hypermethylated	GTP Hydrolysis And Joining Of 60S Ribosomal Subunit R-HSA-72706	101	756	33010	1	EIF3I	0.9040194367232086	1.0
Reactome	hypermethylated	Resolution Of Sister Chromatid Cohesion R-HSA-2500257	101	756	33010	1	CLASP2	0.9040194367232086	1.0
Reactome	hypermethylated	Toll Like Receptor 9 (TLR9) Cascade R-HSA-168138	101	756	33010	1	MAPK10	0.9040194367232086	1.0
Reactome	hypermethylated	Ub-specific Processing Proteases R-HSA-5689880	171	756	33010	2	CFTR,GATA3	0.9052853217613241	1.0
Reactome	hypermethylated	PI5P, PP2A And IER3 Regulate PI3K/AKT Signaling R-HSA-6811558	102	756	33010	1	FGF5	0.9062243443727043	1.0
Reactome	hypermethylated	SRP-dependent Cotranslational Protein Targeting To Membrane R-HSA-1799339	102	756	33010	1	SSR3	0.9062243443727043	1.0
Reactome	hypermethylated	MyD88-independent TLR4 Cascade R-HSA-166166	103	756	33010	1	MAPK10	0.9083786653783636	1.0
Reactome	hypermethylated	Intracellular Signaling By Second Messengers R-HSA-9006925	296	756	33010	4	FGF5,NR2E1,PRKAR1B,PRR5	0.9095176343874392	1.0
Reactome	hypermethylated	Mitotic Prophase R-HSA-68875	105	756	33010	1	RB1	0.9125401573130054	1.0
Reactome	hypermethylated	Reproduction R-HSA-1474165	105	756	33010	1	DIDO1	0.9125401573130054	1.0
Reactome	hypermethylated	MyD88:MAL(TIRAP) Cascade Initiated On Plasma Membrane R-HSA-166058	107	756	33010	1	MAPK10	0.9165128706201174	1.0
Reactome	hypermethylated	Cap-dependent Translation Initiation R-HSA-72737	108	756	33010	1	EIF3I	0.9184311233572902	1.0
Reactome	hypermethylated	Mitotic Spindle Checkpoint R-HSA-69618	108	756	33010	1	CLASP2	0.9184311233572902	1.0
Reactome	hypermethylated	Respiratory Electron Transport, ATP Synthesis By Chemiosmotic Coupling, Heat Production By Uncoupling Proteins R-HSA-163200	108	756	33010	1	NDUFA13	0.9184311233572902	1.0
Reactome	hypermethylated	Cellular Responses To Stress R-HSA-2262752	689	756	33010	11	ATP6V1B1,CAPZB,CDKN2A,DNAJB1,HSF1,MAPK10,MEF2D,NCOR2,NPLOC4,RB1,STAP2	0.9194405512866544	1.0
Reactome	hypermethylated	Negative Regulation Of PI3K/AKT Network R-HSA-199418	109	756	33010	1	FGF5	0.9203053580768175	1.0
Reactome	hypermethylated	TCR Signaling R-HSA-202403	109	756	33010	1	HLA-DPA1	0.9203053580768175	1.0
Reactome	hypermethylated	Rab Regulation Of Trafficking R-HSA-9007101	111	756	33010	1	MPZ	0.9239257854599371	1.0
Reactome	hypermethylated	Glycosaminoglycan Metabolism R-HSA-1630316	113	756	33010	1	CSGALNACT1	0.9273819490350012	1.0
Reactome	hypermethylated	HCMV Infection R-HSA-9609646	114	756	33010	1	NCOR2	0.9290507713145264	1.0
Reactome	hypermethylated	Cellular Responses To Stimuli R-HSA-8953897	703	756	33010	11	ATP6V1B1,CAPZB,CDKN2A,DNAJB1,HSF1,MAPK10,MEF2D,NCOR2,NPLOC4,RB1,STAP2	0.930363883956436	1.0
Reactome	hypermethylated	RHO GTPases Activate Formins R-HSA-5663220	115	756	33010	1	CLASP2	0.9306812922558633	1.0
Reactome	hypermethylated	Cytokine Signaling In Immune System R-HSA-1280215	653	756	33010	10	ALOX5,GATA3,HCK,HLA-DPA1,IL6ST,MAPK10,MMP9,SGIP1,TRIM8,TWIST1	0.9328509894232467	1.0
Reactome	hypermethylated	RAF/MAP Kinase Cascade R-HSA-5673001	258	756	33010	3	FGF5,RASAL1,RASGEF1A	0.9366695875622634	1.0
Reactome	hypermethylated	PIP3 Activates AKT Signaling R-HSA-1257604	259	756	33010	3	FGF5,NR2E1,PRR5	0.9377230866628771	1.0
Reactome	hypermethylated	Cell Surface Interactions At Vascular Wall R-HSA-202733	120	756	33010	1	SELENOP	0.9382894102987662	1.0
Reactome	hypermethylated	Metabolism Of Water-Soluble Vitamins And Cofactors R-HSA-196849	121	756	33010	1	NT5E	0.9397078720140029	1.0
Reactome	hypermethylated	Glycerophospholipid Biosynthesis R-HSA-1483206	122	756	33010	1	OSBPL5	0.9410937715171016	1.0
Reactome	hypermethylated	Neutrophil Degranulation R-HSA-6798695	444	756	33010	6	ALOX5,ATP11A,DEGS1,FGR,MMP9,PTPRN2	0.9422737996441989	1.0
Reactome	hypermethylated	Fc Epsilon Receptor (FCERI) Signaling R-HSA-2454202	125	756	33010	1	MAPK10	0.9450634769883056	1.0
Reactome	hypermethylated	G1/S Transition R-HSA-69206	125	756	33010	1	RB1	0.9450634769883056	1.0
Reactome	hypermethylated	Post-translational Protein Modification R-HSA-597592	1297	756	33010	22	ADAMTS20,CAPZB,CDKN2A,CFTR,GALNTL6,GATA3,MPZ,NCOR2,NPLOC4,NRN1,OPCML,PENK,RTN4RL1,SATB2,SEL1L,SPARCL1,ST8SIA3,STC2,TFAP2B,THRA,THY1,TUBB2B	0.9452408380046564	1.0
Reactome	hypermethylated	Metabolism Of Carbohydrates R-HSA-71387	267	756	33010	3	CSGALNACT1,FUT9,PKLR	0.9455855106506842	1.0
Reactome	hypermethylated	ER To Golgi Anterograde Transport R-HSA-199977	130	756	33010	1	CAPZB	0.9510948187275122	1.0
Reactome	hypermethylated	Membrane Trafficking R-HSA-199991	571	756	33010	8	CAPZB,CFTR,CUX1,GJA3,GJB2,KLC1,MPZ,SGIP1	0.9513917765285729	1.0
Reactome	hypermethylated	Late Phase Of HIV Life Cycle R-HSA-162599	131	756	33010	1	SGIP1	0.9522192809246535	1.0
Reactome	hypermethylated	Asparagine N-linked Glycosylation R-HSA-446203	276	756	33010	3	CAPZB,SEL1L,ST8SIA3	0.9533236078583261	1.0
Reactome	hypermethylated	PTEN Regulation R-HSA-6807070	135	756	33010	1	NR2E1	0.9564647737207425	1.0
Reactome	hypermethylated	Toll Like Receptor 4 (TLR4) Cascade R-HSA-166016	135	756	33010	1	MAPK10	0.9564647737207425	1.0
Reactome	hypermethylated	Transcriptional Regulation By TP53 R-HSA-3700989	346	756	33010	4	CDKN2A,MPZ,POU4F2,PRR5	0.9578425406911952	1.0
Reactome	hypermethylated	Chromatin Modifying Enzymes R-HSA-3247509	217	756	33010	2	NCOR2,PAX3	0.9605461572345655	1.0
Reactome	hypermethylated	HIV Infection R-HSA-162906	220	756	33010	2	HCK,SGIP1	0.9627840745534908	1.0
Reactome	hypermethylated	Cellular Response To Starvation R-HSA-9711097	144	756	33010	1	ATP6V1B1	0.9646901481530443	1.0
Reactome	hypermethylated	DNA Double-Strand Break Repair R-HSA-5693532	144	756	33010	1	EYA1	0.9646901481530443	1.0
Reactome	hypermethylated	HIV Life Cycle R-HSA-162587	144	756	33010	1	SGIP1	0.9646901481530443	1.0
Reactome	hypermethylated	Mitotic Anaphase R-HSA-68882	224	756	33010	2	CLASP2,TUBB2B	0.9655790701905819	1.0
Reactome	hypermethylated	Mitotic Metaphase And Anaphase R-HSA-2555396	225	756	33010	2	CLASP2,TUBB2B	0.9662456395943327	1.0
Reactome	hypermethylated	Interleukin-1 Family Signaling R-HSA-446652	146	756	33010	1	ALOX5	0.9662959187135917	1.0
Reactome	hypermethylated	Sensory Perception R-HSA-9709957	485	756	33010	6	CACNA2D2,CAPZB,GRM1,KCNQ4,MYO3A,OR2I1P	0.9672167037004809	1.0
Reactome	hypermethylated	Vesicle-mediated Transport R-HSA-5653656	608	756	33010	8	CAPZB,CFTR,CUX1,GJA3,GJB2,KLC1,MPZ,SGIP1	0.9695868734585017	1.0
Reactome	hypermethylated	Diseases Of Metabolism R-HSA-5668914	232	756	33010	2	ADAMTS20,NOTCH3	0.9705757796264479	1.0
Reactome	hypermethylated	Protein Localization R-HSA-9609507	153	756	33010	1	ACOX3	0.9713631143595692	1.0
Reactome	hypermethylated	Disease R-HSA-1643685	1631	756	33010	27	ABCC9,ADAMTS20,ANTXR2,CALCB,CAPN2,CDKN2A,CFTR,CPAMD8,CUX1,FGF5,FGR,GPR25,HCK,KLC1,MAML3,NCOR2,NOTCH3,NT5E,PRKAR1B,PRR5,RB1,SEL1L,SGIP1,SLC6A18,SLC6A3,SLC6A5,VIPR2	0.972024513530215	1.0
Reactome	hypermethylated	Toll-like Receptor Cascades R-HSA-168898	155	756	33010	1	MAPK10	0.9726657739528974	1.0
Reactome	hypermethylated	S Phase R-HSA-69242	157	756	33010	1	RB1	0.9739092518426895	1.0
Reactome	hypermethylated	Platelet Activation, Signaling And Aggregation R-HSA-76002	240	756	33010	2	RARRES2,SELENOP	0.9748696288024945	1.0
Reactome	hypermethylated	Deubiquitination R-HSA-5688426	243	756	33010	2	CFTR,GATA3	0.9763182801275465	1.0
Reactome	hypermethylated	Separation Of Sister Chromatids R-HSA-2467813	164	756	33010	1	CLASP2	0.9778330545177112	1.0
Reactome	hypermethylated	Metabolism Of Lipids R-HSA-556833	696	756	33010	9	ACOX3,ALOX5,CIDEA,CPT2,DEGS1,NCOR2,OSBPL5,SPHK2,TECR	0.9793919090013654	1.0
Reactome	hypermethylated	Metabolism Of Proteins R-HSA-392499	1778	756	33010	29	ADAMTS20,CAPZB,CDKN2A,CDX2,CFTR,EIF3I,GALNTL6,GATA3,GATA4,KIF13A,MPZ,NCOR2,NPLOC4,NRN1,OPCML,PAX6,PENK,RGS6,RTN4RL1,SATB2,SEL1L,SPARCL1,SSR3,ST8SIA3,STC2,TFAP2B,THRA,THY1,TUBB2B	0.9809027478053142	1.0
Reactome	hypermethylated	Apoptosis R-HSA-109581	171	756	33010	1	CDKN2A	0.9811674161092608	1.0
Reactome	hypermethylated	Mitotic Prometaphase R-HSA-68877	178	756	33010	1	CLASP2	0.984000784108666	1.0
Reactome	hypermethylated	Cell Cycle Checkpoints R-HSA-69620	264	756	33010	2	CDKN2A,CLASP2	0.9844207159109479	1.0
Reactome	hypermethylated	Metabolism Of Vitamins And Cofactors R-HSA-196854	183	756	33010	1	NT5E	0.9857600026214731	1.0
Reactome	hypermethylated	Infectious Disease R-HSA-5663205	898	756	33010	12	ANTXR2,CALCB,CPAMD8,FGR,GPR25,HCK,NCOR2,NT5E,PRKAR1B,RB1,SGIP1,VIPR2	0.9857874456241221	1.0
Reactome	hypermethylated	Translation R-HSA-72766	271	756	33010	2	EIF3I,SSR3	0.9864659466717005	1.0
Reactome	hypermethylated	M Phase R-HSA-68886	363	756	33010	3	CLASP2,RB1,TUBB2B	0.990129845753124	1.0
Reactome	hypermethylated	Phospholipid Metabolism R-HSA-1483257	199	756	33010	1	OSBPL5	0.9901921598230324	1.0
Reactome	hypermethylated	Programmed Cell Death R-HSA-5357801	200	756	33010	1	CDKN2A	0.9904181427913598	1.0
Reactome	hypermethylated	DNA Repair R-HSA-73894	299	756	33010	2	EYA1,NPLOC4	0.9923312654745107	1.0
Reactome	hypermethylated	Neddylation R-HSA-8951664	227	756	33010	1	NPLOC4	0.9948950426734091	1.0
Reactome	hypermethylated	Cell Cycle, Mitotic R-HSA-69278	503	756	33010	4	CDKN2A,CLASP2,RB1,TUBB2B	0.9970811513450132	1.0
Reactome	hypermethylated	SARS-CoV-2 Infection R-HSA-9694516	255	756	33010	1	RB1	0.9973443814407498	1.0
Reactome	hypermethylated	Organelle Biogenesis And Maintenance R-HSA-1852241	262	756	33010	1	MEF2D	0.9977448744032508	1.0
Reactome	hypermethylated	Expression And Translocation Of Olfactory Receptors R-HSA-9752946	280	756	33010	1	OR2I1P	0.9985190454226307	1.0
Reactome	hypermethylated	Innate Immune System R-HSA-168249	955	756	33010	10	ALOX5,ATP11A,ATP6V1B1,DEGS1,FGR,HCK,MAPK10,MMP9,POLR1D,PTPRN2	0.998682067907024	1.0
Reactome	hypermethylated	Olfactory Signaling Pathway R-HSA-381753	287	756	33010	1	OR2I1P	0.9987425465803113	1.0
Reactome	hypermethylated	Cell Cycle R-HSA-1640170	630	756	33010	5	CDKN2A,CLASP2,DIDO1,RB1,TUBB2B	0.9988879281733382	1.0
Reactome	hypermethylated	SARS-CoV Infections R-HSA-9679506	336	756	33010	1	RB1	0.9996003203000164	1.0
Reactome	hypermethylated	Adaptive Immune System R-HSA-1280218	692	756	33010	5	CAPZB,ERAP1,HLA-DPA1,KLC1,PRR5	0.9996332705837359	1.0
Reactome	hypermethylated	Metabolism Of Amino Acids And Derivatives R-HSA-71291	348	756	33010	1	DIDO1	0.9996982191374242	1.0
Reactome	hypermethylated	Class I MHC Mediated Antigen Processing And Presentation R-HSA-983169	359	756	33010	1	ERAP1	0.9997667617287314	1.0
Reactome	hypermethylated	Metabolism R-HSA-1430728	1943	756	33010	23	ACOX3,ALOX5,CACNA2D2,CIDEA,CPT2,CSGALNACT1,CYP26A1,DEGS1,DIDO1,DPYS,FUT9,GLYATL1,GSTM2,KCNC2,NCOR2,NDUFA13,NT5E,OSBPL5,PCDHGA5,PKLR,PRKAR1B,SPHK2,TECR	0.9999117522026804	1.0
Reactome	hypermethylated	Immune System R-HSA-168256	1810	756	33010	20	ALOX5,ATP11A,ATP6V1B1,CAPZB,DEGS1,ERAP1,FGR,GATA3,HCK,HLA-DPA1,IL6ST,KLC1,MAPK10,MMP9,POLR1D,PRR5,PTPRN2,SGIP1,TRIM8,TWIST1	0.999952751544455	1.0
Reactome	hypermethylated	GAG Synthesis Requires Tetrasaccharide Linker Sequence R-HSA-1971475	23	756	33010	0		1.0	1.0
Reactome	hypermethylated	ABC Transporters In Lipid Homeostasis R-HSA-1369062	16	756	33010	0		1.0	1.0
Reactome	hypermethylated	ADP Signaling Thru P2Y Purinoceptor 1 R-HSA-418592	25	756	33010	0		1.0	1.0
Reactome	hypermethylated	ADP Signaling Thru P2Y Purinoceptor 12 R-HSA-392170	22	756	33010	0		1.0	1.0
Reactome	hypermethylated	AKT Phosphorylates Targets In Cytosol R-HSA-198323	14	756	33010	0		1.0	1.0
Reactome	hypermethylated	AKT Phosphorylates Targets In Nucleus R-HSA-198693	9	756	33010	0		1.0	1.0
Reactome	hypermethylated	ALK Mutants Bind TKIs R-HSA-9700645	12	756	33010	0		1.0	1.0
Reactome	hypermethylated	AMPK Inhibits chREBP Transcriptional Activity R-HSA-163680	8	756	33010	0		1.0	1.0
Reactome	hypermethylated	APC Truncation Mutants Have Impaired AXIN Binding R-HSA-5467337	13	756	33010	0		1.0	1.0
Reactome	hypermethylated	APC-Cdc20 Mediated Degradation Of Nek2A R-HSA-179409	26	756	33010	0		1.0	1.0
Reactome	hypermethylated	APC/C:Cdc20 Mediated Degradation Of Cyclin B R-HSA-174048	24	756	33010	0		1.0	1.0
Reactome	hypermethylated	APC/C:Cdc20 Mediated Degradation Of Securin R-HSA-174154	66	756	33010	0		1.0	1.0
Reactome	hypermethylated	APC/C:Cdc20 Mediated Degradation Of Mitotic Proteins R-HSA-176409	74	756	33010	0		1.0	1.0
Reactome	hypermethylated	APC:Cdc20 Mediated Degradation Of Cell Cycle Proteins Before Cycle Checkpoint Satisfied R-HSA-179419	72	756	33010	0		1.0	1.0
Reactome	hypermethylated	APEX1-Independent Resolution Of AP Sites Via Single Nucleotide Replacement Pathway R-HSA-5649702	7	756	33010	0		1.0	1.0
Reactome	hypermethylated	ATF4 Activates Genes In Response To Endoplasmic Reticulum Stress R-HSA-380994	26	756	33010	0		1.0	1.0
Reactome	hypermethylated	ATF6 (ATF6-alpha) Activates Chaperone Genes R-HSA-381183	9	756	33010	0		1.0	1.0
Reactome	hypermethylated	ATF6 (ATF6-alpha) Activates Chaperones R-HSA-381033	10	756	33010	0		1.0	1.0
Reactome	hypermethylated	AUF1 (hnRNP D0) Binds And Destabilizes mRNA R-HSA-450408	53	756	33010	0		1.0	1.0
Reactome	hypermethylated	AURKA Activation By TPX2 R-HSA-8854518	69	756	33010	0		1.0	1.0
Reactome	hypermethylated	Abacavir ADME R-HSA-2161522	10	756	33010	0		1.0	1.0
Reactome	hypermethylated	Abacavir Metabolism R-HSA-2161541	5	756	33010	0		1.0	1.0
Reactome	hypermethylated	Abacavir Transmembrane Transport R-HSA-2161517	5	756	33010	0		1.0	1.0
Reactome	hypermethylated	Abortive Elongation Of HIV-1 Transcript In Absence Of Tat R-HSA-167242	23	756	33010	0		1.0	1.0
Reactome	hypermethylated	Acetylcholine Binding And Downstream Events R-HSA-181431	13	756	33010	0		1.0	1.0
Reactome	hypermethylated	Acetylcholine Inhibits Contraction Of Outer Hair Cells R-HSA-9667769	5	756	33010	0		1.0	1.0
Reactome	hypermethylated	Acetylcholine Regulates Insulin Secretion R-HSA-399997	10	756	33010	0		1.0	1.0
Reactome	hypermethylated	Acrosome Reaction And Sperm:Oocyte Membrane Binding R-HSA-1300645	5	756	33010	0		1.0	1.0
Reactome	hypermethylated	Activated NTRK2 Signals Thru CDK5 R-HSA-9032845	5	756	33010	0		1.0	1.0
Reactome	hypermethylated	Activated NTRK2 Signals Thru FRS2 And FRS3 R-HSA-9028731	9	756	33010	0		1.0	1.0
Reactome	hypermethylated	Activated NTRK2 Signals Thru FYN R-HSA-9032500	6	756	33010	0		1.0	1.0
Reactome	hypermethylated	Activated NTRK2 Signals Thru PI3K R-HSA-9028335	6	756	33010	0		1.0	1.0
Reactome	hypermethylated	Activated NTRK2 Signals Thru RAS R-HSA-9026519	7	756	33010	0		1.0	1.0
Reactome	hypermethylated	Activated NTRK3 Signals Thru PI3K R-HSA-9603381	6	756	33010	0		1.0	1.0
Reactome	hypermethylated	Activated NTRK3 Signals Thru RAS R-HSA-9034864	7	756	33010	0		1.0	1.0
Reactome	hypermethylated	Activated PKN1 Stimulates Transcription Of Androgen Receptor Regulated KLK2 And KLK3 R-HSA-5625886	30	756	33010	0		1.0	1.0
Reactome	hypermethylated	Activation Of AMPK Downstream Of NMDARs R-HSA-9619483	10	756	33010	0		1.0	1.0
Reactome	hypermethylated	Activation Of APC/C And APC/C:Cdc20 Mediated Degradation Of Mitotic Proteins R-HSA-176814	75	756	33010	0		1.0	1.0
Reactome	hypermethylated	Activation Of ATR In Response To Replication Stress R-HSA-176187	36	756	33010	0		1.0	1.0
Reactome	hypermethylated	Activation Of BAD And Translocation To Mitochondria R-HSA-111447	15	756	33010	0		1.0	1.0
Reactome	hypermethylated	Activation Of BH3-only Proteins R-HSA-114452	30	756	33010	0		1.0	1.0
Reactome	hypermethylated	Activation Of C3 And C5 R-HSA-174577	5	756	33010	0		1.0	1.0
Reactome	hypermethylated	Activation Of Ca-permeable Kainate Receptor R-HSA-451308	9	756	33010	0		1.0	1.0
Reactome	hypermethylated	Activation Of G Protein Gated Potassium Channels R-HSA-1296041	29	756	33010	0		1.0	1.0
Reactome	hypermethylated	Activation Of GABAB Receptors R-HSA-991365	42	756	33010	0		1.0	1.0
Reactome	hypermethylated	Activation Of IRF3/IRF7 Mediated By TBK1/IKK Epsilon R-HSA-936964	17	756	33010	0		1.0	1.0
Reactome	hypermethylated	Activation Of NF-kappaB In B Cells R-HSA-1169091	64	756	33010	0		1.0	1.0
Reactome	hypermethylated	Activation Of NIMA Kinases NEK9, NEK6, NEK7 R-HSA-2980767	7	756	33010	0		1.0	1.0
Reactome	hypermethylated	Activation Of NOXA And Translocation To Mitochondria R-HSA-111448	5	756	33010	0		1.0	1.0
Reactome	hypermethylated	Activation Of PPARGC1A (PGC-1alpha) By Phosphorylation R-HSA-2151209	10	756	33010	0		1.0	1.0
Reactome	hypermethylated	Activation Of PUMA And Translocation To Mitochondria R-HSA-139915	9	756	33010	0		1.0	1.0
Reactome	hypermethylated	Activation Of RAC1 R-HSA-428540	12	756	33010	0		1.0	1.0
Reactome	hypermethylated	Activation Of RAC1 Downstream Of NMDARs R-HSA-9619229	7	756	33010	0		1.0	1.0
Reactome	hypermethylated	Activation Of SMO R-HSA-5635838	18	756	33010	0		1.0	1.0
Reactome	hypermethylated	Activation Of Caspases Thru Apoptosome-Mediated Cleavage R-HSA-111459	5	756	33010	0		1.0	1.0
Reactome	hypermethylated	Activation Of Gene Expression By SREBF (SREBP) R-HSA-2426168	41	756	33010	0		1.0	1.0
Reactome	hypermethylated	Activation Of Kainate Receptors Upon Glutamate Binding R-HSA-451326	29	756	33010	0		1.0	1.0
Reactome	hypermethylated	Activation Of Phototransduction Cascade R-HSA-2485179	11	756	33010	0		1.0	1.0
Reactome	hypermethylated	Activation Of Pre-Replicative Complex R-HSA-68962	30	756	33010	0		1.0	1.0
Reactome	hypermethylated	Acyl Chain Remodeling Of CL R-HSA-1482798	5	756	33010	0		1.0	1.0
Reactome	hypermethylated	Acyl Chain Remodeling Of DAG And TAG R-HSA-1482883	5	756	33010	0		1.0	1.0
Reactome	hypermethylated	Acyl Chain Remodelling Of PC R-HSA-1482788	27	756	33010	0		1.0	1.0
Reactome	hypermethylated	Acyl Chain Remodelling Of PE R-HSA-1482839	29	756	33010	0		1.0	1.0
Reactome	hypermethylated	Acyl Chain Remodelling Of PG R-HSA-1482925	18	756	33010	0		1.0	1.0
Reactome	hypermethylated	Acyl Chain Remodelling Of PI R-HSA-1482922	17	756	33010	0		1.0	1.0
Reactome	hypermethylated	Adenylate Cyclase Activating Pathway R-HSA-170660	9	756	33010	0		1.0	1.0
Reactome	hypermethylated	Adenylate Cyclase Inhibitory Pathway R-HSA-170670	13	756	33010	0		1.0	1.0
Reactome	hypermethylated	Adrenoceptors R-HSA-390696	9	756	33010	0		1.0	1.0
Reactome	hypermethylated	Advanced Glycosylation Endproduct Receptor Signaling R-HSA-879415	13	756	33010	0		1.0	1.0
Reactome	hypermethylated	Aflatoxin Activation And Detoxification R-HSA-5423646	18	756	33010	0		1.0	1.0
Reactome	hypermethylated	Alpha-defensins R-HSA-1462054	6	756	33010	0		1.0	1.0
Reactome	hypermethylated	Alpha-oxidation Of Phytanate R-HSA-389599	6	756	33010	0		1.0	1.0
Reactome	hypermethylated	Alpha-protein Kinase 1 Signaling Pathway R-HSA-9645460	10	756	33010	0		1.0	1.0
Reactome	hypermethylated	Amyloid Fiber Formation R-HSA-977225	72	756	33010	0		1.0	1.0
Reactome	hypermethylated	Anchoring Fibril Formation R-HSA-2214320	7	756	33010	0		1.0	1.0
Reactome	hypermethylated	Anchoring Of Basal Body To Plasma Membrane R-HSA-5620912	94	756	33010	0		1.0	1.0
Reactome	hypermethylated	Androgen Biosynthesis R-HSA-193048	11	756	33010	0		1.0	1.0
Reactome	hypermethylated	Antigen Activates B Cell Receptor Leading To Second Messenger Generation R-HSA-983695	28	756	33010	0		1.0	1.0
Reactome	hypermethylated	Antigen processing-Cross Presentation R-HSA-1236975	97	756	33010	0		1.0	1.0
Reactome	hypermethylated	Antigen Processing: Ubiquitination And Proteasome Degradation R-HSA-983168	294	756	33010	0		1.0	1.0
Reactome	hypermethylated	Antimicrobial Peptides R-HSA-6803157	68	756	33010	0		1.0	1.0
Reactome	hypermethylated	Apoptosis Induced DNA Fragmentation R-HSA-140342	13	756	33010	0		1.0	1.0
Reactome	hypermethylated	Apoptotic Cleavage Of Cell Adhesion Proteins R-HSA-351906	11	756	33010	0		1.0	1.0
Reactome	hypermethylated	Apoptotic Cleavage Of Cellular Proteins R-HSA-111465	35	756	33010	0		1.0	1.0
Reactome	hypermethylated	Apoptotic Execution Phase R-HSA-75153	49	756	33010	0		1.0	1.0
Reactome	hypermethylated	Arachidonate Production From DAG R-HSA-426048	5	756	33010	0		1.0	1.0
Reactome	hypermethylated	Aryl Hydrocarbon Receptor Signaling R-HSA-8937144	7	756	33010	0		1.0	1.0
Reactome	hypermethylated	Aspartate And Asparagine Metabolism R-HSA-8963693	11	756	33010	0		1.0	1.0
Reactome	hypermethylated	Assembly And Cell Surface Presentation Of NMDA Receptors R-HSA-9609736	24	756	33010	0		1.0	1.0
Reactome	hypermethylated	Assembly Of Active LPL And LIPC Lipase Complexes R-HSA-8963889	18	756	33010	0		1.0	1.0
Reactome	hypermethylated	Assembly Of ORC Complex At Origin Of Replication R-HSA-68616	33	756	33010	0		1.0	1.0
Reactome	hypermethylated	Assembly Of Pre-Replicative Complex R-HSA-68867	104	756	33010	0		1.0	1.0
Reactome	hypermethylated	Asymmetric Localization Of PCP Proteins R-HSA-4608870	61	756	33010	0		1.0	1.0
Reactome	hypermethylated	Atorvastatin ADME R-HSA-9754706	9	756	33010	0		1.0	1.0
Reactome	hypermethylated	Attachment And Entry R-HSA-9678110	4	756	33010	0		1.0	1.0
Reactome	hypermethylated	Attachment Of GPI Anchor To uPAR R-HSA-162791	7	756	33010	0		1.0	1.0
Reactome	hypermethylated	Autodegradation Of Cdh1 By Cdh1:APC/C R-HSA-174084	62	756	33010	0		1.0	1.0
Reactome	hypermethylated	Autodegradation Of E3 Ubiquitin Ligase COP1 R-HSA-349425	50	756	33010	0		1.0	1.0
Reactome	hypermethylated	Azathioprine ADME R-HSA-9748787	17	756	33010	0		1.0	1.0
Reactome	hypermethylated	BBSome-mediated Cargo-Targeting To Cilium R-HSA-5620922	23	756	33010	0		1.0	1.0
Reactome	hypermethylated	BH3-only Proteins Associate With And Inactivate Anti-Apoptotic BCL-2 Members R-HSA-111453	9	756	33010	0		1.0	1.0
Reactome	hypermethylated	BMAL1:CLOCK,NPAS2 Activates Circadian Gene Expression R-HSA-1368108	24	756	33010	0		1.0	1.0
Reactome	hypermethylated	Base Excision Repair R-HSA-73884	68	756	33010	0		1.0	1.0
Reactome	hypermethylated	Base-Excision Repair, AP Site Formation R-HSA-73929	40	756	33010	0		1.0	1.0
Reactome	hypermethylated	Basigin Interactions R-HSA-210991	24	756	33010	0		1.0	1.0
Reactome	hypermethylated	Beta Defensins R-HSA-1461957	21	756	33010	0		1.0	1.0
Reactome	hypermethylated	Beta Oxidation Of butanoyl-CoA To acetyl-CoA R-HSA-77352	5	756	33010	0		1.0	1.0
Reactome	hypermethylated	Beta Oxidation Of decanoyl-CoA To octanoyl-CoA-CoA R-HSA-77346	6	756	33010	0		1.0	1.0
Reactome	hypermethylated	Beta Oxidation Of hexanoyl-CoA To butanoyl-CoA R-HSA-77350	5	756	33010	0		1.0	1.0
Reactome	hypermethylated	Beta Oxidation Of lauroyl-CoA To decanoyl-CoA-CoA R-HSA-77310	5	756	33010	0		1.0	1.0
Reactome	hypermethylated	Beta Oxidation Of octanoyl-CoA To hexanoyl-CoA R-HSA-77348	5	756	33010	0		1.0	1.0
Reactome	hypermethylated	Beta-catenin Independent WNT Signaling R-HSA-3858494	141	756	33010	0		1.0	1.0
Reactome	hypermethylated	Beta-catenin Phosphorylation Cascade R-HSA-196299	16	756	33010	0		1.0	1.0
Reactome	hypermethylated	Beta-oxidation Of Very Long Chain Fatty Acids R-HSA-390247	10	756	33010	0		1.0	1.0
Reactome	hypermethylated	Bile Acid And Bile Salt Metabolism R-HSA-194068	45	756	33010	0		1.0	1.0
Reactome	hypermethylated	Binding And Uptake Of Ligands By Scavenger Receptors R-HSA-2173782	40	756	33010	0		1.0	1.0
Reactome	hypermethylated	Binding Of TCF/LEF:CTNNB1 To Target Gene Promoters R-HSA-4411364	8	756	33010	0		1.0	1.0
Reactome	hypermethylated	Biosynthesis Of Maresin-Like SPMs R-HSA-9027307	5	756	33010	0		1.0	1.0
Reactome	hypermethylated	Biotin Transport And Metabolism R-HSA-196780	10	756	33010	0		1.0	1.0
Reactome	hypermethylated	Branched-chain Amino Acid Catabolism R-HSA-70895	20	756	33010	0		1.0	1.0
Reactome	hypermethylated	Butyrate Response Factor 1 Binds And Destabilizes mRNA R-HSA-450385	17	756	33010	0		1.0	1.0
Reactome	hypermethylated	Butyrophilin (BTN) Family Interactions R-HSA-8851680	12	756	33010	0		1.0	1.0
Reactome	hypermethylated	C-type Lectin Receptors (CLRs) R-HSA-5621481	135	756	33010	0		1.0	1.0
Reactome	hypermethylated	CASP8 Activity Is Inhibited R-HSA-5218900	11	756	33010	0		1.0	1.0
Reactome	hypermethylated	CD163 Mediating An Anti-Inflammatory Response R-HSA-9662834	9	756	33010	0		1.0	1.0
Reactome	hypermethylated	CD209 (DC-SIGN) Signaling R-HSA-5621575	20	756	33010	0		1.0	1.0
Reactome	hypermethylated	CD22 Mediated BCR Regulation R-HSA-5690714	5	756	33010	0		1.0	1.0
Reactome	hypermethylated	CD28 Dependent Vav1 Pathway R-HSA-389359	12	756	33010	0		1.0	1.0
Reactome	hypermethylated	CDC6 Association With ORC:origin Complex R-HSA-68689	8	756	33010	0		1.0	1.0
Reactome	hypermethylated	CDK-mediated Phosphorylation And Removal Of Cdc6 R-HSA-69017	71	756	33010	0		1.0	1.0
Reactome	hypermethylated	CHL1 Interactions R-HSA-447041	9	756	33010	0		1.0	1.0
Reactome	hypermethylated	CLEC7A (Dectin-1) Induces NFAT Activation R-HSA-5607763	11	756	33010	0		1.0	1.0
Reactome	hypermethylated	CLEC7A (Dectin-1) Signaling R-HSA-5607764	96	756	33010	0		1.0	1.0
Reactome	hypermethylated	CLEC7A/inflammasome Pathway R-HSA-5660668	6	756	33010	0		1.0	1.0
Reactome	hypermethylated	COPII-mediated Vesicle Transport R-HSA-204005	63	756	33010	0		1.0	1.0
Reactome	hypermethylated	CREB Phosphorylation R-HSA-199920	6	756	33010	0		1.0	1.0
Reactome	hypermethylated	CREB1 Phosphorylation Thru NMDA Receptor-Mediated Activation Of RAS Signaling R-HSA-442742	25	756	33010	0		1.0	1.0
Reactome	hypermethylated	CREB1 Phosphorylation Thru Activation Of CaMKII/CaMKK/CaMKIV Cascasde R-HSA-442729	8	756	33010	0		1.0	1.0
Reactome	hypermethylated	CREB3 Factors Activate Genes R-HSA-8874211	7	756	33010	0		1.0	1.0
Reactome	hypermethylated	CS/DS Degradation R-HSA-2024101	12	756	33010	0		1.0	1.0
Reactome	hypermethylated	CTLA4 Inhibitory Signaling R-HSA-389513	21	756	33010	0		1.0	1.0
Reactome	hypermethylated	CTNNB1 S33 Mutants Not Phosphorylated R-HSA-5358747	14	756	33010	0		1.0	1.0
Reactome	hypermethylated	CYP2E1 Reactions R-HSA-211999	8	756	33010	0		1.0	1.0
Reactome	hypermethylated	Ca2+ Activated K+ Channels R-HSA-1296052	8	756	33010	0		1.0	1.0
Reactome	hypermethylated	Ca2+ Pathway R-HSA-4086398	61	756	33010	0		1.0	1.0
Reactome	hypermethylated	CaMK IV-mediated Phosphorylation Of CREB R-HSA-111932	10	756	33010	0		1.0	1.0
Reactome	hypermethylated	Calcineurin Activates NFAT R-HSA-2025928	9	756	33010	0		1.0	1.0
Reactome	hypermethylated	Cargo Concentration In ER R-HSA-5694530	30	756	33010	0		1.0	1.0
Reactome	hypermethylated	Cargo Trafficking To Periciliary Membrane R-HSA-5620920	49	756	33010	0		1.0	1.0
Reactome	hypermethylated	Caspase Activation Via Death Receptors In Presence Of Ligand R-HSA-140534	16	756	33010	0		1.0	1.0
Reactome	hypermethylated	Caspase Activation Via Dependence Receptors In Absence Of Ligand R-HSA-418889	9	756	33010	0		1.0	1.0
Reactome	hypermethylated	Caspase Activation Via Extrinsic Apoptotic Signaling Pathway R-HSA-5357769	25	756	33010	0		1.0	1.0
Reactome	hypermethylated	Caspase-mediated Cleavage Of Cytoskeletal Proteins R-HSA-264870	12	756	33010	0		1.0	1.0
Reactome	hypermethylated	Cdc20:Phospho-APC/C Mediated Degradation Of Cyclin A R-HSA-174184	71	756	33010	0		1.0	1.0
Reactome	hypermethylated	Cell-extracellular Matrix Interactions R-HSA-446353	14	756	33010	0		1.0	1.0
Reactome	hypermethylated	Cellular Response To Hypoxia R-HSA-1234174	72	756	33010	0		1.0	1.0
Reactome	hypermethylated	Centrosome Maturation R-HSA-380287	78	756	33010	0		1.0	1.0
Reactome	hypermethylated	Chk1/Chk2(Cds1) Mediated Inactivation Of Cyclin B:Cdk1 Complex R-HSA-75035	13	756	33010	0		1.0	1.0
Reactome	hypermethylated	Cholesterol Biosynthesis R-HSA-191273	25	756	33010	0		1.0	1.0
Reactome	hypermethylated	Choline Catabolism R-HSA-6798163	6	756	33010	0		1.0	1.0
Reactome	hypermethylated	Chromosome Maintenance R-HSA-73886	109	756	33010	0		1.0	1.0
Reactome	hypermethylated	Chylomicron Assembly R-HSA-8963888	9	756	33010	0		1.0	1.0
Reactome	hypermethylated	Chylomicron Clearance R-HSA-8964026	5	756	33010	0		1.0	1.0
Reactome	hypermethylated	Chylomicron Remodeling R-HSA-8963901	9	756	33010	0		1.0	1.0
Reactome	hypermethylated	Cilium Assembly R-HSA-5617833	178	756	33010	0		1.0	1.0
Reactome	hypermethylated	Class I Peroxisomal Membrane Protein Import R-HSA-9603798	19	756	33010	0		1.0	1.0
Reactome	hypermethylated	Classical Antibody-Mediated Complement Activation R-HSA-173623	5	756	33010	0		1.0	1.0
Reactome	hypermethylated	Cleavage Of Damaged Purine R-HSA-110331	33	756	33010	0		1.0	1.0
Reactome	hypermethylated	Cleavage Of Damaged Pyrimidine R-HSA-110329	38	756	33010	0		1.0	1.0
Reactome	hypermethylated	Cobalamin (Cbl) Metabolism R-HSA-9759218	6	756	33010	0		1.0	1.0
Reactome	hypermethylated	Cobalamin (Cbl, Vitamin B12) Transport And Metabolism R-HSA-196741	21	756	33010	0		1.0	1.0
Reactome	hypermethylated	Coenzyme A Biosynthesis R-HSA-196783	8	756	33010	0		1.0	1.0
Reactome	hypermethylated	Cohesin Loading Onto Chromatin R-HSA-2470946	8	756	33010	0		1.0	1.0
Reactome	hypermethylated	Common Pathway Of Fibrin Clot Formation R-HSA-140875	20	756	33010	0		1.0	1.0
Reactome	hypermethylated	Competing Endogenous RNAs (ceRNAs) Regulate PTEN Translation R-HSA-8948700	10	756	33010	0		1.0	1.0
Reactome	hypermethylated	Complement Cascade R-HSA-166658	51	756	33010	0		1.0	1.0
Reactome	hypermethylated	Condensation Of Prometaphase Chromosomes R-HSA-2514853	10	756	33010	0		1.0	1.0
Reactome	hypermethylated	Constitutive Signaling By EGFRvIII R-HSA-5637810	14	756	33010	0		1.0	1.0
Reactome	hypermethylated	Constitutive Signaling By Ligand-Responsive EGFR Cancer Variants R-HSA-1236382	18	756	33010	0		1.0	1.0
Reactome	hypermethylated	Constitutive Signaling By NOTCH1 HD Domain Mutants R-HSA-2691232	15	756	33010	0		1.0	1.0
Reactome	hypermethylated	Constitutive Signaling By NOTCH1 t(7;9)(NOTCH1:M1580 K2555) Translocation Mutant R-HSA-2660826	7	756	33010	0		1.0	1.0
Reactome	hypermethylated	Constitutive Signaling By Overexpressed ERBB2 R-HSA-9634285	10	756	33010	0		1.0	1.0
Reactome	hypermethylated	Conversion From APC/C:Cdc20 To APC/C:Cdh1 In Late Anaphase R-HSA-176407	20	756	33010	0		1.0	1.0
Reactome	hypermethylated	Creatine Metabolism R-HSA-71288	8	756	33010	0		1.0	1.0
Reactome	hypermethylated	Creation Of C4 And C2 Activators R-HSA-166786	13	756	33010	0		1.0	1.0
Reactome	hypermethylated	Cristae Formation R-HSA-8949613	27	756	33010	0		1.0	1.0
Reactome	hypermethylated	Cross-presentation Of Particulate Exogenous Antigens (Phagosomes) R-HSA-1236973	6	756	33010	0		1.0	1.0
Reactome	hypermethylated	Cross-presentation Of Soluble Exogenous Antigens (Endosomes) R-HSA-1236978	45	756	33010	0		1.0	1.0
Reactome	hypermethylated	Crosslinking Of Collagen Fibrils R-HSA-2243919	10	756	33010	0		1.0	1.0
Reactome	hypermethylated	Cyclin A/B1/B2 Associated Events During G2/M Transition R-HSA-69273	24	756	33010	0		1.0	1.0
Reactome	hypermethylated	Cytochrome C-Mediated Apoptotic Response R-HSA-111461	12	756	33010	0		1.0	1.0
Reactome	hypermethylated	Cytosolic Iron-Sulfur Cluster Assembly R-HSA-2564830	11	756	33010	0		1.0	1.0
Reactome	hypermethylated	Cytosolic Sulfonation Of Small Molecules R-HSA-156584	20	756	33010	0		1.0	1.0
Reactome	hypermethylated	Cytosolic tRNA Aminoacylation R-HSA-379716	24	756	33010	0		1.0	1.0
Reactome	hypermethylated	DAP12 Interactions R-HSA-2172127	37	756	33010	0		1.0	1.0
Reactome	hypermethylated	DAP12 Signaling R-HSA-2424491	26	756	33010	0		1.0	1.0
Reactome	hypermethylated	DCC Mediated Attractive Signaling R-HSA-418885	14	756	33010	0		1.0	1.0
Reactome	hypermethylated	DDX58/IFIH1-mediated Induction Of Interferon-Alpha/Beta R-HSA-168928	67	756	33010	0		1.0	1.0
Reactome	hypermethylated	DEx/H-box Helicases Activate Type I IFN And Inflammatory Cytokines Production R-HSA-3134963	7	756	33010	0		1.0	1.0
Reactome	hypermethylated	DNA Damage Recognition In GG-NER R-HSA-5696394	34	756	33010	0		1.0	1.0
Reactome	hypermethylated	DNA Damage Reversal R-HSA-73942	8	756	33010	0		1.0	1.0
Reactome	hypermethylated	DNA Replication Pre-Initiation R-HSA-69002	119	756	33010	0		1.0	1.0
Reactome	hypermethylated	DNA Replication R-HSA-69306	147	756	33010	0		1.0	1.0
Reactome	hypermethylated	DNA Methylation R-HSA-5334118	29	756	33010	0		1.0	1.0
Reactome	hypermethylated	DNA Replication Initiation R-HSA-68952	7	756	33010	0		1.0	1.0
Reactome	hypermethylated	DNA Strand Elongation R-HSA-69190	30	756	33010	0		1.0	1.0
Reactome	hypermethylated	DSCAM Interactions R-HSA-376172	11	756	33010	0		1.0	1.0
Reactome	hypermethylated	Deadenylation Of mRNA R-HSA-429947	25	756	33010	0		1.0	1.0
Reactome	hypermethylated	Deadenylation-dependent mRNA Decay R-HSA-429914	53	756	33010	0		1.0	1.0
Reactome	hypermethylated	Dectin-1 Mediated Noncanonical NF-kB Signaling R-HSA-5607761	60	756	33010	0		1.0	1.0
Reactome	hypermethylated	Dectin-2 Family R-HSA-5621480	26	756	33010	0		1.0	1.0
Reactome	hypermethylated	Defective B3GALT6 Causes EDSP2 And SEMDJL1 R-HSA-4420332	17	756	33010	0		1.0	1.0
Reactome	hypermethylated	Defective B3GAT3 Causes JDSSDHD R-HSA-3560801	17	756	33010	0		1.0	1.0
Reactome	hypermethylated	Defective B4GALT1 Causes B4GALT1-CDG (CDG-2d) R-HSA-3656244	7	756	33010	0		1.0	1.0
Reactome	hypermethylated	Defective B4GALT7 Causes EDS, Progeroid Type R-HSA-3560783	17	756	33010	0		1.0	1.0
Reactome	hypermethylated	Defective C1GALT1C1 Causes TNPS R-HSA-5083632	17	756	33010	0		1.0	1.0
Reactome	hypermethylated	Defective CHST14 Causes EDS, Musculocontractural Type R-HSA-3595174	7	756	33010	0		1.0	1.0
Reactome	hypermethylated	Defective CHST3 Causes SEDCJD R-HSA-3595172	7	756	33010	0		1.0	1.0
Reactome	hypermethylated	Defective CHST6 Causes MCDC1 R-HSA-3656225	7	756	33010	0		1.0	1.0
Reactome	hypermethylated	Defective CHSY1 Causes TPBS R-HSA-3595177	7	756	33010	0		1.0	1.0
Reactome	hypermethylated	Defective CSF2RA Causes SMDP4 R-HSA-5688890	6	756	33010	0		1.0	1.0
Reactome	hypermethylated	Defective EXT1 Causes Exostoses 1, TRPS2 And CHDS R-HSA-3656253	11	756	33010	0		1.0	1.0
Reactome	hypermethylated	Defective F9 Activation R-HSA-9673221	4	756	33010	0		1.0	1.0
Reactome	hypermethylated	Defective GALNT12 Causes CRCS1 R-HSA-5083636	17	756	33010	0		1.0	1.0
Reactome	hypermethylated	Defective GALNT3 Causes HFTC R-HSA-5083625	17	756	33010	0		1.0	1.0
Reactome	hypermethylated	Defective HDR Thru Homologous Recombination (HRR) Due To BRCA1 Loss-Of-Function R-HSA-9701192	25	756	33010	0		1.0	1.0
Reactome	hypermethylated	Defective HLCS Causes Multiple Carboxylase Deficiency R-HSA-3371599	7	756	33010	0		1.0	1.0
Reactome	hypermethylated	Defective RIPK1-mediated Regulated Necrosis R-HSA-9693928	5	756	33010	0		1.0	1.0
Reactome	hypermethylated	Defective ST3GAL3 Causes MCT12 And EIEE15 R-HSA-3656243	7	756	33010	0		1.0	1.0
Reactome	hypermethylated	Defective TPR May Confer Susceptibility Towards Thyroid Papillary Carcinoma (TPC) R-HSA-5619107	32	756	33010	0		1.0	1.0
Reactome	hypermethylated	Defective Factor IX Causes Hemophilia B R-HSA-9668250	6	756	33010	0		1.0	1.0
Reactome	hypermethylated	Defective Factor VIII Causes Hemophilia A R-HSA-9662001	5	756	33010	0		1.0	1.0
Reactome	hypermethylated	Defective Homologous Recombination Repair (HRR) Due To BRCA2 Loss Of Function R-HSA-9701190	41	756	33010	0		1.0	1.0
Reactome	hypermethylated	Defective Pyroptosis R-HSA-9710421	35	756	33010	0		1.0	1.0
Reactome	hypermethylated	Defects In Biotin (Btn) Metabolism R-HSA-3323169	8	756	33010	0		1.0	1.0
Reactome	hypermethylated	Defects In Cobalamin (B12) Metabolism R-HSA-3296469	13	756	33010	0		1.0	1.0
Reactome	hypermethylated	Defects In Vitamin And Cofactor Metabolism R-HSA-3296482	21	756	33010	0		1.0	1.0
Reactome	hypermethylated	Defects Of Contact Activation System (CAS) And Kallikrein/Kinin System (KKS) R-HSA-9651496	13	756	33010	0		1.0	1.0
Reactome	hypermethylated	Defensins R-HSA-1461973	27	756	33010	0		1.0	1.0
Reactome	hypermethylated	Degradation Of AXIN R-HSA-4641257	53	756	33010	0		1.0	1.0
Reactome	hypermethylated	Degradation Of DVL R-HSA-4641258	54	756	33010	0		1.0	1.0
Reactome	hypermethylated	Degradation Of GLI1 By Proteasome R-HSA-5610780	58	756	33010	0		1.0	1.0
Reactome	hypermethylated	Degradation Of GLI2 By Proteasome R-HSA-5610783	58	756	33010	0		1.0	1.0
Reactome	hypermethylated	Degradation Of Beta-Catenin By Destruction Complex R-HSA-195253	82	756	33010	0		1.0	1.0
Reactome	hypermethylated	Degradation Of Cysteine And Homocysteine R-HSA-1614558	13	756	33010	0		1.0	1.0
Reactome	hypermethylated	Depolymerisation Of Nuclear Lamina R-HSA-4419969	14	756	33010	0		1.0	1.0
Reactome	hypermethylated	Deposition Of New CENPA-containing Nucleosomes At Centromere R-HSA-606279	47	756	33010	0		1.0	1.0
Reactome	hypermethylated	Dermatan Sulfate Biosynthesis R-HSA-2022923	10	756	33010	0		1.0	1.0
Reactome	hypermethylated	Detoxification Of Reactive Oxygen Species R-HSA-3299685	31	756	33010	0		1.0	1.0
Reactome	hypermethylated	Digestion R-HSA-8935690	17	756	33010	0		1.0	1.0
Reactome	hypermethylated	Digestion And Absorption R-HSA-8963743	22	756	33010	0		1.0	1.0
Reactome	hypermethylated	Digestion Of Dietary Carbohydrate R-HSA-189085	7	756	33010	0		1.0	1.0
Reactome	hypermethylated	Digestion Of Dietary Lipid R-HSA-192456	6	756	33010	0		1.0	1.0
Reactome	hypermethylated	Dimerization Of Procaspase-8 R-HSA-69416	11	756	33010	0		1.0	1.0
Reactome	hypermethylated	Disassembly Of Destruction Complex And Recruitment Of AXIN To Membrane R-HSA-4641262	28	756	33010	0		1.0	1.0
Reactome	hypermethylated	Diseases Associated With N-glycosylation Of Proteins R-HSA-3781860	19	756	33010	0		1.0	1.0
Reactome	hypermethylated	Diseases Associated With Glycosaminoglycan Metabolism R-HSA-3560782	36	756	33010	0		1.0	1.0
Reactome	hypermethylated	Diseases Associated With Glycosylation Precursor Biosynthesis R-HSA-5609975	15	756	33010	0		1.0	1.0
Reactome	hypermethylated	Diseases Associated With Surfactant Metabolism R-HSA-5687613	8	756	33010	0		1.0	1.0
Reactome	hypermethylated	Diseases Associated With TLR Signaling Cascade R-HSA-5602358	29	756	33010	0		1.0	1.0
Reactome	hypermethylated	Diseases Associated With Visual Transduction R-HSA-2474795	11	756	33010	0		1.0	1.0
Reactome	hypermethylated	Diseases Of Base Excision Repair R-HSA-9605308	5	756	33010	0		1.0	1.0
Reactome	hypermethylated	Diseases Of DNA Repair R-HSA-9675135	51	756	33010	0		1.0	1.0
Reactome	hypermethylated	Diseases Of Mismatch Repair (MMR) R-HSA-5423599	5	756	33010	0		1.0	1.0
Reactome	hypermethylated	Diseases Of Carbohydrate Metabolism R-HSA-5663084	30	756	33010	0		1.0	1.0
Reactome	hypermethylated	Disinhibition Of SNARE Formation R-HSA-114516	5	756	33010	0		1.0	1.0
Reactome	hypermethylated	Displacement Of DNA Glycosylase By APEX1 R-HSA-110357	9	756	33010	0		1.0	1.0
Reactome	hypermethylated	Dissolution Of Fibrin Clot R-HSA-75205	12	756	33010	0		1.0	1.0
Reactome	hypermethylated	Dopamine Receptors R-HSA-390651	5	756	33010	0		1.0	1.0
Reactome	hypermethylated	Downregulation Of ERBB2 Signaling R-HSA-8863795	29	756	33010	0		1.0	1.0
Reactome	hypermethylated	Downregulation Of ERBB2:ERBB3 Signaling R-HSA-1358803	13	756	33010	0		1.0	1.0
Reactome	hypermethylated	Downregulation Of ERBB4 Signaling R-HSA-1253288	9	756	33010	0		1.0	1.0
Reactome	hypermethylated	Downregulation Of TGF-beta Receptor Signaling R-HSA-2173788	26	756	33010	0		1.0	1.0
Reactome	hypermethylated	Downstream Signal Transduction R-HSA-186763	28	756	33010	0		1.0	1.0
Reactome	hypermethylated	Downstream Signaling Events Of B Cell Receptor (BCR) R-HSA-1168372	77	756	33010	0		1.0	1.0
Reactome	hypermethylated	Downstream Signaling Of Activated FGFR4 R-HSA-5654716	24	756	33010	0		1.0	1.0
Reactome	hypermethylated	Drug-mediated Inhibition Of CDK4/CDK6 Activity R-HSA-9754119	5	756	33010	0		1.0	1.0
Reactome	hypermethylated	Dual Incision In GG-NER R-HSA-5696400	39	756	33010	0		1.0	1.0
Reactome	hypermethylated	Dual Incision In TC-NER R-HSA-6782135	63	756	33010	0		1.0	1.0
Reactome	hypermethylated	E2F-enabled Inhibition Of Pre-Replication Complex Formation R-HSA-113507	9	756	33010	0		1.0	1.0
Reactome	hypermethylated	E3 Ubiquitin Ligases Ubiquitinate Target Proteins R-HSA-8866654	54	756	33010	0		1.0	1.0
Reactome	hypermethylated	EGFR Transactivation By Gastrin R-HSA-2179392	8	756	33010	0		1.0	1.0
Reactome	hypermethylated	EGFR Interacts With Phospholipase C-gamma R-HSA-212718	8	756	33010	0		1.0	1.0
Reactome	hypermethylated	EPHA-mediated Growth Cone Collapse R-HSA-3928663	15	756	33010	0		1.0	1.0
Reactome	hypermethylated	EPHB-mediated Forward Signaling R-HSA-3928662	33	756	33010	0		1.0	1.0
Reactome	hypermethylated	ER-Phagosome Pathway R-HSA-1236974	86	756	33010	0		1.0	1.0
Reactome	hypermethylated	ERBB2 Activates PTK6 Signaling R-HSA-8847993	13	756	33010	0		1.0	1.0
Reactome	hypermethylated	ERBB2 Regulates Cell Motility R-HSA-6785631	15	756	33010	0		1.0	1.0
Reactome	hypermethylated	ERCC6 (CSB) And EHMT2 (G9a) Positively Regulate rRNA Expression R-HSA-427389	39	756	33010	0		1.0	1.0
Reactome	hypermethylated	ERK/MAPK Targets R-HSA-198753	21	756	33010	0		1.0	1.0
Reactome	hypermethylated	ERKs Are Inactivated R-HSA-202670	13	756	33010	0		1.0	1.0
Reactome	hypermethylated	Effects Of PIP2 Hydrolysis R-HSA-114508	26	756	33010	0		1.0	1.0
Reactome	hypermethylated	Eicosanoid Ligand-Binding Receptors R-HSA-391903	14	756	33010	0		1.0	1.0
Reactome	hypermethylated	Eicosanoids R-HSA-211979	11	756	33010	0		1.0	1.0
Reactome	hypermethylated	Elastic Fibre Formation R-HSA-1566948	39	756	33010	0		1.0	1.0
Reactome	hypermethylated	Elevation Of Cytosolic Ca2+ Levels R-HSA-139853	15	756	33010	0		1.0	1.0
Reactome	hypermethylated	Endogenous Sterols R-HSA-211976	26	756	33010	0		1.0	1.0
Reactome	hypermethylated	Endosomal Sorting Complex Required For Transport (ESCRT) R-HSA-917729	30	756	33010	0		1.0	1.0
Reactome	hypermethylated	Endosomal/Vacuolar Pathway R-HSA-1236977	11	756	33010	0		1.0	1.0
Reactome	hypermethylated	Energy Dependent Regulation Of mTOR By LKB1-AMPK R-HSA-380972	28	756	33010	0		1.0	1.0
Reactome	hypermethylated	Entry Of Influenza Virion Into Host Cell Via Endocytosis R-HSA-168275	5	756	33010	0		1.0	1.0
Reactome	hypermethylated	Erythrocytes Take Up Carbon Dioxide And Release Oxygen R-HSA-1237044	11	756	33010	0		1.0	1.0
Reactome	hypermethylated	Erythrocytes Take Up Oxygen And Release Carbon Dioxide R-HSA-1247673	7	756	33010	0		1.0	1.0
Reactome	hypermethylated	Erythropoietin Activates Phosphoinositide-3-kinase (PI3K) R-HSA-9027276	12	756	33010	0		1.0	1.0
Reactome	hypermethylated	Erythropoietin Activates Phospholipase C Gamma (PLCG) R-HSA-9027277	7	756	33010	0		1.0	1.0
Reactome	hypermethylated	Erythropoietin Activates RAS R-HSA-9027284	13	756	33010	0		1.0	1.0
Reactome	hypermethylated	Erythropoietin Activates STAT5 R-HSA-9027283	7	756	33010	0		1.0	1.0
Reactome	hypermethylated	Establishment Of Sister Chromatid Cohesion R-HSA-2468052	9	756	33010	0		1.0	1.0
Reactome	hypermethylated	Estrogen Biosynthesis R-HSA-193144	6	756	33010	0		1.0	1.0
Reactome	hypermethylated	Estrogen-dependent Nuclear Events Downstream Of ESR-membrane Signaling R-HSA-9634638	23	756	33010	0		1.0	1.0
Reactome	hypermethylated	Estrogen-stimulated Signaling Thru PRKCZ R-HSA-9634635	5	756	33010	0		1.0	1.0
Reactome	hypermethylated	Ethanol Oxidation R-HSA-71384	11	756	33010	0		1.0	1.0
Reactome	hypermethylated	Eukaryotic Translation Elongation R-HSA-156842	85	756	33010	0		1.0	1.0
Reactome	hypermethylated	Eukaryotic Translation Termination R-HSA-72764	84	756	33010	0		1.0	1.0
Reactome	hypermethylated	Export Of Viral Ribonucleoproteins From Nucleus R-HSA-168274	36	756	33010	0		1.0	1.0
Reactome	hypermethylated	Extension Of Telomeres R-HSA-180786	48	756	33010	0		1.0	1.0
Reactome	hypermethylated	Extrinsic Pathway Of Fibrin Clot Formation R-HSA-140834	4	756	33010	0		1.0	1.0
Reactome	hypermethylated	FBXL7 Down-Regulates AURKA During Mitotic Entry And In Early Mitosis R-HSA-8854050	53	756	33010	0		1.0	1.0
Reactome	hypermethylated	FBXW7 Mutants And NOTCH1 In Cancer R-HSA-2644605	5	756	33010	0		1.0	1.0
Reactome	hypermethylated	FCERI Mediated Ca+2 Mobilization R-HSA-2871809	27	756	33010	0		1.0	1.0
Reactome	hypermethylated	FCERI Mediated NF-kB Activation R-HSA-2871837	74	756	33010	0		1.0	1.0
Reactome	hypermethylated	FGFR1b Ligand Binding And Activation R-HSA-190370	5	756	33010	0		1.0	1.0
Reactome	hypermethylated	FGFR2 Alternative Splicing R-HSA-6803529	26	756	33010	0		1.0	1.0
Reactome	hypermethylated	FGFR2b Ligand Binding And Activation R-HSA-190377	9	756	33010	0		1.0	1.0
Reactome	hypermethylated	FGFR3b Ligand Binding And Activation R-HSA-190371	7	756	33010	0		1.0	1.0
Reactome	hypermethylated	FGFR4 Ligand Binding And Activation R-HSA-190322	12	756	33010	0		1.0	1.0
Reactome	hypermethylated	FLT3 Signaling By CBL Mutants R-HSA-9706377	7	756	33010	0		1.0	1.0
Reactome	hypermethylated	FLT3 Signaling In Disease R-HSA-9682385	27	756	33010	0		1.0	1.0
Reactome	hypermethylated	FOXO-mediated Transcription Of Cell Death Genes R-HSA-9614657	15	756	33010	0		1.0	1.0
Reactome	hypermethylated	FRS-mediated FGFR4 Signaling R-HSA-5654712	19	756	33010	0		1.0	1.0
Reactome	hypermethylated	Fanconi Anemia Pathway R-HSA-6783310	36	756	33010	0		1.0	1.0
Reactome	hypermethylated	FasL/ CD95L Signaling R-HSA-75157	5	756	33010	0		1.0	1.0
Reactome	hypermethylated	Fatty Acids Bound To GPR40 (FFAR1) Regulate Insulin Secretion R-HSA-434316	8	756	33010	0		1.0	1.0
Reactome	hypermethylated	Fatty Acids R-HSA-211935	12	756	33010	0		1.0	1.0
Reactome	hypermethylated	Fertilization R-HSA-1187000	24	756	33010	0		1.0	1.0
Reactome	hypermethylated	Fibronectin Matrix Formation R-HSA-1566977	6	756	33010	0		1.0	1.0
Reactome	hypermethylated	Ficolins Bind To Repetitive Carbohydrate Structures On Target Cell Surface R-HSA-2855086	5	756	33010	0		1.0	1.0
Reactome	hypermethylated	Folding Of Actin By CCT/TriC R-HSA-390450	9	756	33010	0		1.0	1.0
Reactome	hypermethylated	Formation Of ATP By Chemiosmotic Coupling R-HSA-163210	16	756	33010	0		1.0	1.0
Reactome	hypermethylated	Formation Of Fibrin Clot (Clotting Cascade) R-HSA-140877	34	756	33010	0		1.0	1.0
Reactome	hypermethylated	Formation Of HIV Elongation Complex In Absence Of HIV Tat R-HSA-167152	44	756	33010	0		1.0	1.0
Reactome	hypermethylated	Formation Of HIV-1 Elongation Complex Containing HIV-1 Tat R-HSA-167200	42	756	33010	0		1.0	1.0
Reactome	hypermethylated	Formation Of Incision Complex In GG-NER R-HSA-5696395	39	756	33010	0		1.0	1.0
Reactome	hypermethylated	Formation Of TC-NER Pre-Incision Complex R-HSA-6781823	50	756	33010	0		1.0	1.0
Reactome	hypermethylated	Formation Of Annular Gap Junctions R-HSA-196025	9	756	33010	0		1.0	1.0
Reactome	hypermethylated	Formation Of Apoptosome R-HSA-111458	10	756	33010	0		1.0	1.0
Reactome	hypermethylated	Formation Of Early Elongation Complex R-HSA-113418	32	756	33010	0		1.0	1.0
Reactome	hypermethylated	Formation Of Editosome R-HSA-75094	6	756	33010	0		1.0	1.0
Reactome	hypermethylated	Formation Of beta-catenin:TCF Transactivating Complex R-HSA-201722	55	756	33010	0		1.0	1.0
Reactome	hypermethylated	Formation Of Cornified Envelope R-HSA-6809371	70	756	33010	0		1.0	1.0
Reactome	hypermethylated	Formation Of Xylulose-5-Phosphate R-HSA-5661270	5	756	33010	0		1.0	1.0
Reactome	hypermethylated	Formyl Peptide Receptors Bind Formyl Peptides And Many Other Ligands R-HSA-444473	8	756	33010	0		1.0	1.0
Reactome	hypermethylated	Free Fatty Acid Receptors R-HSA-444209	5	756	33010	0		1.0	1.0
Reactome	hypermethylated	Free Fatty Acids Regulate Insulin Secretion R-HSA-400451	10	756	33010	0		1.0	1.0
Reactome	hypermethylated	Fructose Catabolism R-HSA-70350	5	756	33010	0		1.0	1.0
Reactome	hypermethylated	Fructose Metabolism R-HSA-5652084	7	756	33010	0		1.0	1.0
Reactome	hypermethylated	G Alpha (Z) Signaling Events R-HSA-418597	47	756	33010	0		1.0	1.0
Reactome	hypermethylated	G Beta:Gamma Signaling Thru BTK R-HSA-8964315	17	756	33010	0		1.0	1.0
Reactome	hypermethylated	G Beta:Gamma Signaling Thru CDC42 R-HSA-8964616	19	756	33010	0		1.0	1.0
Reactome	hypermethylated	G Beta:Gamma Signaling Thru PI3Kgamma R-HSA-392451	25	756	33010	0		1.0	1.0
Reactome	hypermethylated	G Beta:Gamma Signaling Thru PLC Beta R-HSA-418217	20	756	33010	0		1.0	1.0
Reactome	hypermethylated	G-protein Activation R-HSA-202040	24	756	33010	0		1.0	1.0
Reactome	hypermethylated	G-protein Beta:Gamma Signaling R-HSA-397795	30	756	33010	0		1.0	1.0
Reactome	hypermethylated	G0 And Early G1 R-HSA-1538133	27	756	33010	0		1.0	1.0
Reactome	hypermethylated	G1/S-Specific Transcription R-HSA-69205	28	756	33010	0		1.0	1.0
Reactome	hypermethylated	G2 Phase R-HSA-68911	5	756	33010	0		1.0	1.0
Reactome	hypermethylated	G2/M Checkpoints R-HSA-69481	143	756	33010	0		1.0	1.0
Reactome	hypermethylated	G2/M DNA Damage Checkpoint R-HSA-69473	73	756	33010	0		1.0	1.0
Reactome	hypermethylated	G2/M DNA Replication Checkpoint R-HSA-69478	5	756	33010	0		1.0	1.0
Reactome	hypermethylated	G2/M Transition R-HSA-69275	177	756	33010	0		1.0	1.0
Reactome	hypermethylated	GAB1 Signalosome R-HSA-180292	16	756	33010	0		1.0	1.0
Reactome	hypermethylated	GABA Synthesis, Release, Reuptake And Degradation R-HSA-888590	19	756	33010	0		1.0	1.0
Reactome	hypermethylated	GDP-fucose Biosynthesis R-HSA-6787639	6	756	33010	0		1.0	1.0
Reactome	hypermethylated	GLI Proteins Bind Promoters Of Hh Responsive Genes To Promote Transcription R-HSA-5635851	7	756	33010	0		1.0	1.0
Reactome	hypermethylated	GLI3 Is Processed To GLI3R By Proteasome R-HSA-5610785	58	756	33010	0		1.0	1.0
Reactome	hypermethylated	GP1b-IX-V Activation Signaling R-HSA-430116	8	756	33010	0		1.0	1.0
Reactome	hypermethylated	GPVI-mediated Activation Cascade R-HSA-114604	32	756	33010	0		1.0	1.0
Reactome	hypermethylated	GRB2 Events In EGFR Signaling R-HSA-179812	11	756	33010	0		1.0	1.0
Reactome	hypermethylated	GRB2 Events In ERBB2 Signaling R-HSA-1963640	15	756	33010	0		1.0	1.0
Reactome	hypermethylated	GRB2:SOS Provides Linkage To MAPK Signaling For Integrins R-HSA-354194	15	756	33010	0		1.0	1.0
Reactome	hypermethylated	GRB7 Events In ERBB2 Signaling R-HSA-1306955	5	756	33010	0		1.0	1.0
Reactome	hypermethylated	GSK3B And BTRC:CUL1-mediated-degradation Of NFE2L2 R-HSA-9762114	50	756	33010	0		1.0	1.0
Reactome	hypermethylated	Gain-of-function MRAS Complexes Activate RAF Signaling R-HSA-9726842	7	756	33010	0		1.0	1.0
Reactome	hypermethylated	Gamma Carboxylation, Hypusine Formation And Arylsulfatase Activation R-HSA-163841	33	756	33010	0		1.0	1.0
Reactome	hypermethylated	Gamma-carboxylation Of Protein Precursors R-HSA-159740	8	756	33010	0		1.0	1.0
Reactome	hypermethylated	Gamma-carboxylation, Transport, And Amino-Terminal Cleavage Of Proteins R-HSA-159854	9	756	33010	0		1.0	1.0
Reactome	hypermethylated	Gap Junction Degradation R-HSA-190873	10	756	33010	0		1.0	1.0
Reactome	hypermethylated	Gap-filling DNA Repair Synthesis And Ligation In GG-NER R-HSA-5696397	25	756	33010	0		1.0	1.0
Reactome	hypermethylated	Gap-filling DNA Repair Synthesis And Ligation In TC-NER R-HSA-6782210	62	756	33010	0		1.0	1.0
Reactome	hypermethylated	Gastrin-CREB Signaling Pathway Via PKC And MAPK R-HSA-881907	16	756	33010	0		1.0	1.0
Reactome	hypermethylated	Gene Silencing By RNA R-HSA-211000	103	756	33010	0		1.0	1.0
Reactome	hypermethylated	Gene And Protein Expression By JAK-STAT Signaling After Interleukin-12 Stimulation R-HSA-8950505	32	756	33010	0		1.0	1.0
Reactome	hypermethylated	Global Genome Nucleotide Excision Repair (GG-NER) R-HSA-5696399	78	756	33010	0		1.0	1.0
Reactome	hypermethylated	Glucocorticoid Biosynthesis R-HSA-194002	9	756	33010	0		1.0	1.0
Reactome	hypermethylated	Gluconeogenesis R-HSA-70263	28	756	33010	0		1.0	1.0
Reactome	hypermethylated	Glucuronidation R-HSA-156588	20	756	33010	0		1.0	1.0
Reactome	hypermethylated	Glutamate And Glutamine Metabolism R-HSA-8964539	12	756	33010	0		1.0	1.0
Reactome	hypermethylated	Glutathione Synthesis And Recycling R-HSA-174403	12	756	33010	0		1.0	1.0
Reactome	hypermethylated	Glycerophospholipid Catabolism R-HSA-6814848	7	756	33010	0		1.0	1.0
Reactome	hypermethylated	Glycogen Breakdown (Glycogenolysis) R-HSA-70221	11	756	33010	0		1.0	1.0
Reactome	hypermethylated	Glycogen Metabolism R-HSA-8982491	21	756	33010	0		1.0	1.0
Reactome	hypermethylated	Glycogen Storage Diseases R-HSA-3229121	13	756	33010	0		1.0	1.0
Reactome	hypermethylated	Glycogen Synthesis R-HSA-3322077	12	756	33010	0		1.0	1.0
Reactome	hypermethylated	Glycoprotein Hormones R-HSA-209822	9	756	33010	0		1.0	1.0
Reactome	hypermethylated	Glycosphingolipid Metabolism R-HSA-1660662	39	756	33010	0		1.0	1.0
Reactome	hypermethylated	Glyoxylate Metabolism And Glycine Degradation R-HSA-389661	30	756	33010	0		1.0	1.0
Reactome	hypermethylated	Golgi Associated Vesicle Biogenesis R-HSA-432722	50	756	33010	0		1.0	1.0
Reactome	hypermethylated	Golgi Cisternae Pericentriolar Stack Reorganization R-HSA-162658	14	756	33010	0		1.0	1.0
Reactome	hypermethylated	Growth Hormone Receptor Signaling R-HSA-982772	22	756	33010	0		1.0	1.0
Reactome	hypermethylated	HCMV Late Events R-HSA-9610379	86	756	33010	0		1.0	1.0
Reactome	hypermethylated	HDL Assembly R-HSA-8963896	7	756	33010	0		1.0	1.0
Reactome	hypermethylated	HDL Clearance R-HSA-8964011	5	756	33010	0		1.0	1.0
Reactome	hypermethylated	HDL Remodeling R-HSA-8964058	10	756	33010	0		1.0	1.0
Reactome	hypermethylated	HDMs Demethylate Histones R-HSA-3214842	19	756	33010	0		1.0	1.0
Reactome	hypermethylated	HDR Thru Homologous Recombination (HRR) R-HSA-5685942	66	756	33010	0		1.0	1.0
Reactome	hypermethylated	HDR Thru Homologous Recombination (HRR) Or Single Strand Annealing (SSA) R-HSA-5693567	109	756	33010	0		1.0	1.0
Reactome	hypermethylated	HDR Thru MMEJ (alt-NHEJ) R-HSA-5685939	12	756	33010	0		1.0	1.0
Reactome	hypermethylated	HDR Thru Single Strand Annealing (SSA) R-HSA-5685938	37	756	33010	0		1.0	1.0
Reactome	hypermethylated	HIV Transcription Initiation R-HSA-167161	42	756	33010	0		1.0	1.0
Reactome	hypermethylated	HIV Elongation Arrest And Recovery R-HSA-167287	33	756	33010	0		1.0	1.0
Reactome	hypermethylated	HS-GAG Biosynthesis R-HSA-2022928	27	756	33010	0		1.0	1.0
Reactome	hypermethylated	HS-GAG Degradation R-HSA-2024096	18	756	33010	0		1.0	1.0
Reactome	hypermethylated	Heme Biosynthesis R-HSA-189451	13	756	33010	0		1.0	1.0
Reactome	hypermethylated	Heme Degradation R-HSA-189483	15	756	33010	0		1.0	1.0
Reactome	hypermethylated	Heparan Sulfate/Heparin (HS-GAG) Metabolism R-HSA-1638091	48	756	33010	0		1.0	1.0
Reactome	hypermethylated	Highly Calcium Permeable Nicotinic Acetylcholine Receptors R-HSA-629597	9	756	33010	0		1.0	1.0
Reactome	hypermethylated	Highly Calcium Permeable Postsynaptic Nicotinic Acetylcholine Receptors R-HSA-629594	10	756	33010	0		1.0	1.0
Reactome	hypermethylated	Highly Sodium Permeable Postsynaptic Acetylcholine Nicotinic Receptors R-HSA-629587	7	756	33010	0		1.0	1.0
Reactome	hypermethylated	Histidine Catabolism R-HSA-70921	8	756	33010	0		1.0	1.0
Reactome	hypermethylated	Homologous DNA Pairing And Strand Exchange R-HSA-5693579	43	756	33010	0		1.0	1.0
Reactome	hypermethylated	Homology Directed Repair R-HSA-5693538	114	756	33010	0		1.0	1.0
Reactome	hypermethylated	Hormone Ligand-Binding Receptors R-HSA-375281	11	756	33010	0		1.0	1.0
Reactome	hypermethylated	HuR (ELAVL1) Binds And Stabilizes mRNA R-HSA-450520	10	756	33010	0		1.0	1.0
Reactome	hypermethylated	Hyaluronan Metabolism R-HSA-2142845	16	756	33010	0		1.0	1.0
Reactome	hypermethylated	Hyaluronan Uptake And Degradation R-HSA-2160916	12	756	33010	0		1.0	1.0
Reactome	hypermethylated	Hydrolysis Of LPC R-HSA-1483115	9	756	33010	0		1.0	1.0
Reactome	hypermethylated	IKK Complex Recruitment Mediated By RIP1 R-HSA-937041	22	756	33010	0		1.0	1.0
Reactome	hypermethylated	IRAK1 Recruits IKK Complex R-HSA-937039	8	756	33010	0		1.0	1.0
Reactome	hypermethylated	IRAK2 Mediated Activation Of TAK1 Complex R-HSA-937042	9	756	33010	0		1.0	1.0
Reactome	hypermethylated	IRAK2 Mediated Activation Of TAK1 Complex Upon TLR7/8 Or 9 Stimulation R-HSA-975163	14	756	33010	0		1.0	1.0
Reactome	hypermethylated	IRAK4 Deficiency (TLR2/4) R-HSA-5603041	17	756	33010	0		1.0	1.0
Reactome	hypermethylated	IRE1alpha Activates Chaperones R-HSA-381070	47	756	33010	0		1.0	1.0
Reactome	hypermethylated	IRF3 Mediated Activation Of Type 1 IFN R-HSA-1606341	5	756	33010	0		1.0	1.0
Reactome	hypermethylated	IRF3-mediated Induction Of Type I IFN R-HSA-3270619	13	756	33010	0		1.0	1.0
Reactome	hypermethylated	IRS Activation R-HSA-74713	5	756	33010	0		1.0	1.0
Reactome	hypermethylated	IkBA Variant Leads To EDA-ID R-HSA-5603029	6	756	33010	0		1.0	1.0
Reactome	hypermethylated	Immunoregulatory Interactions Between A Lymphoid And A non-Lymphoid Cell R-HSA-198933	110	756	33010	0		1.0	1.0
Reactome	hypermethylated	Impaired BRCA2 Binding To PALB2 R-HSA-9709603	24	756	33010	0		1.0	1.0
Reactome	hypermethylated	Impaired BRCA2 Binding To RAD51 R-HSA-9709570	35	756	33010	0		1.0	1.0
Reactome	hypermethylated	Inactivation Of APC/C Via Direct Inhibition Of APC/C Complex R-HSA-141430	21	756	33010	0		1.0	1.0
Reactome	hypermethylated	Inactivation Of CDC42 And RAC1 R-HSA-428543	7	756	33010	0		1.0	1.0
Reactome	hypermethylated	Inactivation, Recovery And Regulation Of Phototransduction Cascade R-HSA-2514859	29	756	33010	0		1.0	1.0
Reactome	hypermethylated	Infection With Mycobacterium Tuberculosis R-HSA-9635486	24	756	33010	0		1.0	1.0
Reactome	hypermethylated	Inflammasomes R-HSA-622312	21	756	33010	0		1.0	1.0
Reactome	hypermethylated	Influenza Infection R-HSA-168255	150	756	33010	0		1.0	1.0
Reactome	hypermethylated	Influenza Viral RNA Transcription And Replication R-HSA-168273	131	756	33010	0		1.0	1.0
Reactome	hypermethylated	Inhibition Of DNA Recombination At Telomere R-HSA-9670095	43	756	33010	0		1.0	1.0
Reactome	hypermethylated	Inhibition Of Signaling By Overexpressed EGFR R-HSA-5638303	7	756	33010	0		1.0	1.0
Reactome	hypermethylated	Initial Triggering Of Complement R-HSA-166663	19	756	33010	0		1.0	1.0
Reactome	hypermethylated	Initiation Of Nuclear Envelope (NE) Reformation R-HSA-2995383	18	756	33010	0		1.0	1.0
Reactome	hypermethylated	InlA-mediated Entry Of Listeria Monocytogenes Into Host Cells R-HSA-8876493	8	756	33010	0		1.0	1.0
Reactome	hypermethylated	InlB-mediated Entry Of Listeria Monocytogenes Into Host Cell R-HSA-8875360	14	756	33010	0		1.0	1.0
Reactome	hypermethylated	Inositol Phosphate Metabolism R-HSA-1483249	45	756	33010	0		1.0	1.0
Reactome	hypermethylated	Insertion Of Tail-Anchored Proteins Into Endoplasmic Reticulum Membrane R-HSA-9609523	20	756	33010	0		1.0	1.0
Reactome	hypermethylated	Insulin Processing R-HSA-264876	26	756	33010	0		1.0	1.0
Reactome	hypermethylated	Insulin-like Growth Factor-2 mRNA Binding Proteins (IGF2BPs/IMPs/VICKZs) Bind RNA R-HSA-428359	6	756	33010	0		1.0	1.0
Reactome	hypermethylated	Integrin Signaling R-HSA-354192	27	756	33010	0		1.0	1.0
Reactome	hypermethylated	Interaction With Cumulus Cells And Zona Pellucida R-HSA-2534343	10	756	33010	0		1.0	1.0
Reactome	hypermethylated	Interaction Between L1 And Ankyrins R-HSA-445095	28	756	33010	0		1.0	1.0
Reactome	hypermethylated	Interactions Of Rev With Host Cellular Proteins R-HSA-177243	37	756	33010	0		1.0	1.0
Reactome	hypermethylated	Interconversion Of Nucleotide Di- And Triphosphates R-HSA-499943	27	756	33010	0		1.0	1.0
Reactome	hypermethylated	Interferon Alpha/Beta Signaling R-HSA-909733	61	756	33010	0		1.0	1.0
Reactome	hypermethylated	Interleukin Receptor SHC Signaling R-HSA-912526	24	756	33010	0		1.0	1.0
Reactome	hypermethylated	Interleukin-1 Processing R-HSA-448706	9	756	33010	0		1.0	1.0
Reactome	hypermethylated	Interleukin-1 Signaling R-HSA-9020702	110	756	33010	0		1.0	1.0
Reactome	hypermethylated	Interleukin-10 Signaling R-HSA-6783783	42	756	33010	0		1.0	1.0
Reactome	hypermethylated	Interleukin-12 Signaling R-HSA-9020591	40	756	33010	0		1.0	1.0
Reactome	hypermethylated	Interleukin-15 Signaling R-HSA-8983432	13	756	33010	0		1.0	1.0
Reactome	hypermethylated	Interleukin-2 Family Signaling R-HSA-451927	40	756	33010	0		1.0	1.0
Reactome	hypermethylated	Interleukin-2 Signaling R-HSA-9020558	11	756	33010	0		1.0	1.0
Reactome	hypermethylated	Interleukin-20 Family Signaling R-HSA-8854691	26	756	33010	0		1.0	1.0
Reactome	hypermethylated	Interleukin-21 Signaling R-HSA-9020958	9	756	33010	0		1.0	1.0
Reactome	hypermethylated	Interleukin-23 Signaling R-HSA-9020933	9	756	33010	0		1.0	1.0
Reactome	hypermethylated	Interleukin-36 Pathway R-HSA-9014826	7	756	33010	0		1.0	1.0
Reactome	hypermethylated	Interleukin-37 Signaling R-HSA-9008059	20	756	33010	0		1.0	1.0
Reactome	hypermethylated	Interleukin-7 Signaling R-HSA-1266695	22	756	33010	0		1.0	1.0
Reactome	hypermethylated	Interleukin-9 Signaling R-HSA-8985947	7	756	33010	0		1.0	1.0
Reactome	hypermethylated	Intestinal Absorption R-HSA-8963676	5	756	33010	0		1.0	1.0
Reactome	hypermethylated	Intraflagellar Transport R-HSA-5620924	38	756	33010	0		1.0	1.0
Reactome	hypermethylated	Intrinsic Pathway Of Fibrin Clot Formation R-HSA-140837	19	756	33010	0		1.0	1.0
Reactome	hypermethylated	Josephin Domain DUBs R-HSA-5689877	11	756	33010	0		1.0	1.0
Reactome	hypermethylated	KSRP (KHSRP) Binds And Destabilizes mRNA R-HSA-450604	17	756	33010	0		1.0	1.0
Reactome	hypermethylated	Keratan Sulfate Biosynthesis R-HSA-2022854	27	756	33010	0		1.0	1.0
Reactome	hypermethylated	Keratan Sulfate Degradation R-HSA-2022857	11	756	33010	0		1.0	1.0
Reactome	hypermethylated	Keratan Sulfate/Keratin Metabolism R-HSA-1638074	32	756	33010	0		1.0	1.0
Reactome	hypermethylated	Keratinization R-HSA-6805567	185	756	33010	0		1.0	1.0
Reactome	hypermethylated	Ketone Body Metabolism R-HSA-74182	9	756	33010	0		1.0	1.0
Reactome	hypermethylated	Killing Mechanisms R-HSA-9664420	10	756	33010	0		1.0	1.0
Reactome	hypermethylated	LDL Clearance R-HSA-8964038	18	756	33010	0		1.0	1.0
Reactome	hypermethylated	LDL Remodeling R-HSA-8964041	5	756	33010	0		1.0	1.0
Reactome	hypermethylated	LRR FLII-interacting Protein 1 (LRRFIP1) Activates Type I IFN Production R-HSA-3134973	5	756	33010	0		1.0	1.0
Reactome	hypermethylated	LTC4-CYSLTR Mediated IL4 Production R-HSA-9664535	6	756	33010	0		1.0	1.0
Reactome	hypermethylated	Lagging Strand Synthesis R-HSA-69186	19	756	33010	0		1.0	1.0
Reactome	hypermethylated	Laminin Interactions R-HSA-3000157	22	756	33010	0		1.0	1.0
Reactome	hypermethylated	Late SARS-CoV-2 Infection Events R-HSA-9772573	56	756	33010	0		1.0	1.0
Reactome	hypermethylated	Leading Strand Synthesis R-HSA-69109	13	756	33010	0		1.0	1.0
Reactome	hypermethylated	Lectin Pathway Of Complement Activation R-HSA-166662	8	756	33010	0		1.0	1.0
Reactome	hypermethylated	Leukotriene Receptors R-HSA-391906	4	756	33010	0		1.0	1.0
Reactome	hypermethylated	Ligand-receptor Interactions R-HSA-5632681	8	756	33010	0		1.0	1.0
Reactome	hypermethylated	Linoleic Acid (LA) Metabolism R-HSA-2046105	7	756	33010	0		1.0	1.0
Reactome	hypermethylated	Lipophagy R-HSA-9613354	9	756	33010	0		1.0	1.0
Reactome	hypermethylated	Listeria Monocytogenes Entry Into Host Cells R-HSA-8876384	18	756	33010	0		1.0	1.0
Reactome	hypermethylated	Long-term Potentiation R-HSA-9620244	23	756	33010	0		1.0	1.0
Reactome	hypermethylated	Loss Of Function Of SMAD2/3 In Cancer R-HSA-3304349	7	756	33010	0		1.0	1.0
Reactome	hypermethylated	Loss Of Function Of TGFBR1 In Cancer R-HSA-3656534	7	756	33010	0		1.0	1.0
Reactome	hypermethylated	Loss Of Nlp From Mitotic Centrosomes R-HSA-380259	66	756	33010	0		1.0	1.0
Reactome	hypermethylated	Lysine Catabolism R-HSA-71064	12	756	33010	0		1.0	1.0
Reactome	hypermethylated	Lysosome Vesicle Biogenesis R-HSA-432720	32	756	33010	0		1.0	1.0
Reactome	hypermethylated	MAP2K And MAPK Activation R-HSA-5674135	35	756	33010	0		1.0	1.0
Reactome	hypermethylated	MAP3K8 (TPL2)-dependent MAPK1/3 Activation R-HSA-5684264	15	756	33010	0		1.0	1.0
Reactome	hypermethylated	MASTL Facilitates Mitotic Progression R-HSA-2465910	10	756	33010	0		1.0	1.0
Reactome	hypermethylated	MECP2 Regulates Neuronal Receptors And Channels R-HSA-9022699	17	756	33010	0		1.0	1.0
Reactome	hypermethylated	MET Receptor Activation R-HSA-6806942	6	756	33010	0		1.0	1.0
Reactome	hypermethylated	MET Activates PI3K/AKT Signaling R-HSA-8851907	6	756	33010	0		1.0	1.0
Reactome	hypermethylated	MET Activates PTK2 Signaling R-HSA-8874081	17	756	33010	0		1.0	1.0
Reactome	hypermethylated	MET Activates PTPN11 R-HSA-8865999	5	756	33010	0		1.0	1.0
Reactome	hypermethylated	MET Activates RAP1 And RAC1 R-HSA-8875555	11	756	33010	0		1.0	1.0
Reactome	hypermethylated	MET Activates RAS Signaling R-HSA-8851805	9	756	33010	0		1.0	1.0
Reactome	hypermethylated	MET Interacts With TNS Proteins R-HSA-8875513	5	756	33010	0		1.0	1.0
Reactome	hypermethylated	MET Promotes Cell Motility R-HSA-8875878	28	756	33010	0		1.0	1.0
Reactome	hypermethylated	MET Receptor Recycling R-HSA-8875656	9	756	33010	0		1.0	1.0
Reactome	hypermethylated	MTOR Signaling R-HSA-165159	40	756	33010	0		1.0	1.0
Reactome	hypermethylated	Major Pathway Of rRNA Processing In Nucleolus And Cytosol R-HSA-6791226	171	756	33010	0		1.0	1.0
Reactome	hypermethylated	Maturation Of Nucleoprotein R-HSA-9683610	12	756	33010	0		1.0	1.0
Reactome	hypermethylated	Maturation Of Protein 3A R-HSA-9683673	9	756	33010	0		1.0	1.0
Reactome	hypermethylated	Maturation Of Spike Protein R-HSA-9683686	5	756	33010	0		1.0	1.0
Reactome	hypermethylated	Meiotic Recombination R-HSA-912446	51	756	33010	0		1.0	1.0
Reactome	hypermethylated	Melanin Biosynthesis R-HSA-5662702	5	756	33010	0		1.0	1.0
Reactome	hypermethylated	Metabolic Disorders Of Biological Oxidation Enzymes R-HSA-5579029	32	756	33010	0		1.0	1.0
Reactome	hypermethylated	Metabolism Of Angiotensinogen To Angiotensins R-HSA-2022377	16	756	33010	0		1.0	1.0
Reactome	hypermethylated	Metabolism Of RNA R-HSA-8953854	631	756	33010	0		1.0	1.0
Reactome	hypermethylated	Metabolism Of Cofactors R-HSA-8978934	19	756	33010	0		1.0	1.0
Reactome	hypermethylated	Metabolism Of Fat-Soluble Vitamins R-HSA-6806667	45	756	33010	0		1.0	1.0
Reactome	hypermethylated	Metabolism Of Folate And Pterines R-HSA-196757	17	756	33010	0		1.0	1.0
Reactome	hypermethylated	Metabolism Of Ingested SeMet, Sec, MeSec Into H2Se R-HSA-2408508	7	756	33010	0		1.0	1.0
Reactome	hypermethylated	Metabolism Of Nitric Oxide: NOS3 Activation And Regulation R-HSA-202131	15	756	33010	0		1.0	1.0
Reactome	hypermethylated	Metabolism Of Non-Coding RNA R-HSA-194441	50	756	33010	0		1.0	1.0
Reactome	hypermethylated	Metabolism Of Polyamines R-HSA-351202	57	756	33010	0		1.0	1.0
Reactome	hypermethylated	Metabolism Of Porphyrins R-HSA-189445	26	756	33010	0		1.0	1.0
Reactome	hypermethylated	Metabolism Of Steroid Hormones R-HSA-196071	34	756	33010	0		1.0	1.0
Reactome	hypermethylated	Metabolism Of Steroids R-HSA-8957322	149	756	33010	0		1.0	1.0
Reactome	hypermethylated	Metal Ion SLC Transporters R-HSA-425410	25	756	33010	0		1.0	1.0
Reactome	hypermethylated	Metal Sequestration By Antimicrobial Proteins R-HSA-6799990	4	756	33010	0		1.0	1.0
Reactome	hypermethylated	Metalloprotease DUBs R-HSA-5689901	29	756	33010	0		1.0	1.0
Reactome	hypermethylated	Metallothioneins Bind Metals R-HSA-5661231	11	756	33010	0		1.0	1.0
Reactome	hypermethylated	Methionine Salvage Pathway R-HSA-1237112	6	756	33010	0		1.0	1.0
Reactome	hypermethylated	Methylation R-HSA-156581	14	756	33010	0		1.0	1.0
Reactome	hypermethylated	MicroRNA (miRNA) Biogenesis R-HSA-203927	24	756	33010	0		1.0	1.0
Reactome	hypermethylated	Microbial Modulation Of RIPK1-mediated Regulated Necrosis R-HSA-9686347	6	756	33010	0		1.0	1.0
Reactome	hypermethylated	Mineralocorticoid Biosynthesis R-HSA-193993	5	756	33010	0		1.0	1.0
Reactome	hypermethylated	Miro GTPase Cycle R-HSA-9715370	8	756	33010	0		1.0	1.0
Reactome	hypermethylated	Miscellaneous Substrates R-HSA-211958	10	756	33010	0		1.0	1.0
Reactome	hypermethylated	Miscellaneous Transport And Binding Events R-HSA-5223345	21	756	33010	0		1.0	1.0
Reactome	hypermethylated	Mismatch Repair R-HSA-5358508	15	756	33010	0		1.0	1.0
Reactome	hypermethylated	Mismatch Repair (MMR) Directed By MSH2:MSH3 (MutSbeta) R-HSA-5358606	14	756	33010	0		1.0	1.0
Reactome	hypermethylated	Mismatch Repair (MMR) Directed By MSH2:MSH6 (MutSalpha) R-HSA-5358565	14	756	33010	0		1.0	1.0
Reactome	hypermethylated	Mitochondrial Fatty Acid Beta-Oxidation R-HSA-77289	34	756	33010	0		1.0	1.0
Reactome	hypermethylated	Mitochondrial Uncoupling R-HSA-166187	5	756	33010	0		1.0	1.0
Reactome	hypermethylated	Mitochondrial Calcium Ion Transport R-HSA-8949215	21	756	33010	0		1.0	1.0
Reactome	hypermethylated	Mitochondrial Iron-Sulfur Cluster Biogenesis R-HSA-1362409	13	756	33010	0		1.0	1.0
Reactome	hypermethylated	Mitochondrial Protein Import R-HSA-1268020	58	756	33010	0		1.0	1.0
Reactome	hypermethylated	Mitochondrial tRNA Aminoacylation R-HSA-379726	21	756	33010	0		1.0	1.0
Reactome	hypermethylated	Mitochondrial Translation R-HSA-5368287	88	756	33010	0		1.0	1.0
Reactome	hypermethylated	Mitochondrial Translation Elongation R-HSA-5389840	82	756	33010	0		1.0	1.0
Reactome	hypermethylated	Mitochondrial Translation Initiation R-HSA-5368286	82	756	33010	0		1.0	1.0
Reactome	hypermethylated	Mitochondrial Translation Termination R-HSA-5419276	82	756	33010	0		1.0	1.0
Reactome	hypermethylated	Mitophagy R-HSA-5205647	27	756	33010	0		1.0	1.0
Reactome	hypermethylated	Mitotic G2-G2/M Phases R-HSA-453274	179	756	33010	0		1.0	1.0
Reactome	hypermethylated	Mitotic Telophase/Cytokinesis R-HSA-68884	11	756	33010	0		1.0	1.0
Reactome	hypermethylated	Modulation By Mtb Of Host Immune System R-HSA-9637628	6	756	33010	0		1.0	1.0
Reactome	hypermethylated	Molecules Associated With Elastic Fibres R-HSA-2129379	28	756	33010	0		1.0	1.0
Reactome	hypermethylated	Molybdenum Cofactor Biosynthesis R-HSA-947581	6	756	33010	0		1.0	1.0
Reactome	hypermethylated	Mucopolysaccharidoses R-HSA-2206281	10	756	33010	0		1.0	1.0
Reactome	hypermethylated	Multifunctional Anion Exchangers R-HSA-427601	9	756	33010	0		1.0	1.0
Reactome	hypermethylated	Muscarinic Acetylcholine Receptors R-HSA-390648	5	756	33010	0		1.0	1.0
Reactome	hypermethylated	MyD88 Deficiency (TLR2/4) R-HSA-5602498	16	756	33010	0		1.0	1.0
Reactome	hypermethylated	Myoclonic Epilepsy Of Lafora R-HSA-3785653	8	756	33010	0		1.0	1.0
Reactome	hypermethylated	N-glycan Trimming And Elongation In cis-Golgi R-HSA-964739	5	756	33010	0		1.0	1.0
Reactome	hypermethylated	NADE Modulates Death Signaling R-HSA-205025	5	756	33010	0		1.0	1.0
Reactome	hypermethylated	NCAM Signaling For Neurite Out-Growth R-HSA-375165	56	756	33010	0		1.0	1.0
Reactome	hypermethylated	NCAM1 Interactions R-HSA-419037	36	756	33010	0		1.0	1.0
Reactome	hypermethylated	NEP/NS2 Interacts With Cellular Export Machinery R-HSA-168333	35	756	33010	0		1.0	1.0
Reactome	hypermethylated	NF-kB Activation Thru FADD/RIP-1 Pathway Mediated By Caspase-8 And -10 R-HSA-933543	11	756	33010	0		1.0	1.0
Reactome	hypermethylated	NF-kB Is Activated And Signals Survival R-HSA-209560	12	756	33010	0		1.0	1.0
Reactome	hypermethylated	NIK To Noncanonical NF-kB Signaling R-HSA-5676590	57	756	33010	0		1.0	1.0
Reactome	hypermethylated	NOD1/2 Signaling Pathway R-HSA-168638	30	756	33010	0		1.0	1.0
Reactome	hypermethylated	NOSTRIN Mediated eNOS Trafficking R-HSA-203641	5	756	33010	0		1.0	1.0
Reactome	hypermethylated	NOTCH2 Activation And Transmission Of Signal To Nucleus R-HSA-2979096	21	756	33010	0		1.0	1.0
Reactome	hypermethylated	NOTCH4 Activation And Transmission Of Signal To Nucleus R-HSA-9013700	11	756	33010	0		1.0	1.0
Reactome	hypermethylated	NR1H2 And NR1H3 Regulate Gene Expression Linked To Gluconeogenesis R-HSA-9632974	5	756	33010	0		1.0	1.0
Reactome	hypermethylated	NR1H2 And NR1H3 Regulate Gene Expression Linked To Lipogenesis R-HSA-9029558	9	756	33010	0		1.0	1.0
Reactome	hypermethylated	NR1H2 And NR1H3 Regulate Gene Expression Linked To Triglyceride Lipolysis In Adipose R-HSA-9031528	5	756	33010	0		1.0	1.0
Reactome	hypermethylated	NR1H2 And NR1H3 Regulate Gene Expression To Limit Cholesterol Uptake R-HSA-9031525	5	756	33010	0		1.0	1.0
Reactome	hypermethylated	NRIF Signals Cell Death From Nucleus R-HSA-205043	16	756	33010	0		1.0	1.0
Reactome	hypermethylated	NS1 Mediated Effects On Host Pathways R-HSA-168276	42	756	33010	0		1.0	1.0
Reactome	hypermethylated	Nectin/Necl Trans Heterodimerization R-HSA-420597	7	756	33010	0		1.0	1.0
Reactome	hypermethylated	Nef Mediated CD4 Down-regulation R-HSA-167590	8	756	33010	0		1.0	1.0
Reactome	hypermethylated	Nef Mediated CD8 Down-regulation R-HSA-182218	7	756	33010	0		1.0	1.0
Reactome	hypermethylated	Nef Mediated Downregulation Of MHC Class I Complex Cell Surface Expression R-HSA-164940	9	756	33010	0		1.0	1.0
Reactome	hypermethylated	Nef-mediated Downmodulation Of Cell Surface Receptors By Recruitment To Clathrin Adapters R-HSA-164938	19	756	33010	0		1.0	1.0
Reactome	hypermethylated	Negative Feedback Regulation Of MAPK Pathway R-HSA-5674499	6	756	33010	0		1.0	1.0
Reactome	hypermethylated	Negative Regulation Of FLT3 R-HSA-9706369	15	756	33010	0		1.0	1.0
Reactome	hypermethylated	Negative Regulation Of MAPK Pathway R-HSA-5675221	39	756	33010	0		1.0	1.0
Reactome	hypermethylated	Negative Regulation Of MET Activity R-HSA-6807004	20	756	33010	0		1.0	1.0
Reactome	hypermethylated	Negative Regulation Of NMDA Receptor-Mediated Neuronal Transmission R-HSA-9617324	21	756	33010	0		1.0	1.0
Reactome	hypermethylated	Negative Regulation Of NOTCH4 Signaling R-HSA-9604323	52	756	33010	0		1.0	1.0
Reactome	hypermethylated	Negative Regulation Of TCF-dependent Signaling By WNT Ligand Antagonists R-HSA-3772470	15	756	33010	0		1.0	1.0
Reactome	hypermethylated	Negative Regulators Of DDX58/IFIH1 Signaling R-HSA-936440	33	756	33010	0		1.0	1.0
Reactome	hypermethylated	Nephrin Family Interactions R-HSA-373753	21	756	33010	0		1.0	1.0
Reactome	hypermethylated	Netrin Mediated Repulsion Signals R-HSA-418886	8	756	33010	0		1.0	1.0
Reactome	hypermethylated	Netrin-1 Signaling R-HSA-373752	48	756	33010	0		1.0	1.0
Reactome	hypermethylated	Neurofascin Interactions R-HSA-447043	6	756	33010	0		1.0	1.0
Reactome	hypermethylated	Neurotoxicity Of Clostridium Toxins R-HSA-168799	10	756	33010	0		1.0	1.0
Reactome	hypermethylated	Nicotinamide Salvaging R-HSA-197264	19	756	33010	0		1.0	1.0
Reactome	hypermethylated	Nitric Oxide Stimulates Guanylate Cyclase R-HSA-392154	21	756	33010	0		1.0	1.0
Reactome	hypermethylated	Non-integrin membrane-ECM Interactions R-HSA-3000171	38	756	33010	0		1.0	1.0
Reactome	hypermethylated	Nonhomologous End-Joining (NHEJ) R-HSA-5693571	47	756	33010	0		1.0	1.0
Reactome	hypermethylated	Nonsense Mediated Decay (NMD) Enhanced By Exon Junction Complex (EJC) R-HSA-975957	105	756	33010	0		1.0	1.0
Reactome	hypermethylated	Nonsense Mediated Decay (NMD) Independent Of Exon Junction Complex (EJC) R-HSA-975956	86	756	33010	0		1.0	1.0
Reactome	hypermethylated	NrCAM Interactions R-HSA-447038	7	756	33010	0		1.0	1.0
Reactome	hypermethylated	Nuclear Envelope Breakdown R-HSA-2980766	52	756	33010	0		1.0	1.0
Reactome	hypermethylated	Nuclear Pore Complex (NPC) Disassembly R-HSA-3301854	36	756	33010	0		1.0	1.0
Reactome	hypermethylated	Nuclear Events Stimulated By ALK Signaling In Cancer R-HSA-9725371	18	756	33010	0		1.0	1.0
Reactome	hypermethylated	Nuclear Import Of Rev Protein R-HSA-180746	34	756	33010	0		1.0	1.0
Reactome	hypermethylated	Nuclear Signaling By ERBB4 R-HSA-1251985	32	756	33010	0		1.0	1.0
Reactome	hypermethylated	Nucleotide Excision Repair R-HSA-5696398	104	756	33010	0		1.0	1.0
Reactome	hypermethylated	Nucleotide Biosynthesis R-HSA-8956320	12	756	33010	0		1.0	1.0
Reactome	hypermethylated	Nucleotide Salvage R-HSA-8956321	21	756	33010	0		1.0	1.0
Reactome	hypermethylated	Nucleotide-binding Domain, Leucine Rich Repeat Containing NLR Signaling Pathways R-HSA-168643	50	756	33010	0		1.0	1.0
Reactome	hypermethylated	OAS Antiviral Response R-HSA-8983711	7	756	33010	0		1.0	1.0
Reactome	hypermethylated	Oncogenic MAPK Signaling R-HSA-6802957	74	756	33010	0		1.0	1.0
Reactome	hypermethylated	Opsins R-HSA-419771	7	756	33010	0		1.0	1.0
Reactome	hypermethylated	Orc1 Removal From Chromatin R-HSA-68949	68	756	33010	0		1.0	1.0
Reactome	hypermethylated	Orexin And Neuropeptides FF And QRFP Bind To Their Respective Receptors R-HSA-389397	8	756	33010	0		1.0	1.0
Reactome	hypermethylated	Organic Anion Transport R-HSA-561048	5	756	33010	0		1.0	1.0
Reactome	hypermethylated	Organic Anion Transporters R-HSA-428643	10	756	33010	0		1.0	1.0
Reactome	hypermethylated	Organic Cation Transport R-HSA-549127	10	756	33010	0		1.0	1.0
Reactome	hypermethylated	Organic Cation/Anion/Zwitterion Transport R-HSA-549132	15	756	33010	0		1.0	1.0
Reactome	hypermethylated	Other Interleukin Signaling R-HSA-449836	24	756	33010	0		1.0	1.0
Reactome	hypermethylated	Ovarian Tumor Domain Proteases R-HSA-5689896	35	756	33010	0		1.0	1.0
Reactome	hypermethylated	Oxygen-dependent Proline Hydroxylation Of Hypoxia-inducible Factor Alpha R-HSA-1234176	63	756	33010	0		1.0	1.0
Reactome	hypermethylated	PCNA-Dependent Long Patch Base Excision Repair R-HSA-5651801	21	756	33010	0		1.0	1.0
Reactome	hypermethylated	PCP/CE Pathway R-HSA-4086400	87	756	33010	0		1.0	1.0
Reactome	hypermethylated	PECAM1 Interactions R-HSA-210990	12	756	33010	0		1.0	1.0
Reactome	hypermethylated	PERK Regulates Gene Expression R-HSA-381042	30	756	33010	0		1.0	1.0
Reactome	hypermethylated	PI Metabolism R-HSA-1483255	78	756	33010	0		1.0	1.0
Reactome	hypermethylated	PI-3K cascade:FGFR4 R-HSA-5654720	18	756	33010	0		1.0	1.0
Reactome	hypermethylated	PI3K Events In ERBB2 Signaling R-HSA-1963642	16	756	33010	0		1.0	1.0
Reactome	hypermethylated	PI3K Events In ERBB4 Signaling R-HSA-1250342	10	756	33010	0		1.0	1.0
Reactome	hypermethylated	PI5P Regulates TP53 Acetylation R-HSA-6811555	9	756	33010	0		1.0	1.0
Reactome	hypermethylated	PINK1-PRKN Mediated Mitophagy R-HSA-5205685	22	756	33010	0		1.0	1.0
Reactome	hypermethylated	PIWI-interacting RNA (piRNA) Biogenesis R-HSA-5601884	29	756	33010	0		1.0	1.0
Reactome	hypermethylated	PKA-mediated Phosphorylation Of Key Metabolic Factors R-HSA-163358	4	756	33010	0		1.0	1.0
Reactome	hypermethylated	PKMTs Methylate Histone Lysines R-HSA-3214841	43	756	33010	0		1.0	1.0
Reactome	hypermethylated	POLB-Dependent Long Patch Base Excision Repair R-HSA-110362	8	756	33010	0		1.0	1.0
Reactome	hypermethylated	POU5F1 (OCT4), SOX2, NANOG Activate Genes Related To Proliferation R-HSA-2892247	10	756	33010	0		1.0	1.0
Reactome	hypermethylated	PP2A-mediated Dephosphorylation Of Key Metabolic Factors R-HSA-163767	6	756	33010	0		1.0	1.0
Reactome	hypermethylated	PTK6 Expression R-HSA-8849473	5	756	33010	0		1.0	1.0
Reactome	hypermethylated	PTK6 Regulates Cell Cycle R-HSA-8849470	6	756	33010	0		1.0	1.0
Reactome	hypermethylated	PTK6 Regulates RHO GTPases, RAS GTPase And MAP Kinases R-HSA-8849471	13	756	33010	0		1.0	1.0
Reactome	hypermethylated	PTK6 Regulates RTKs And Their Effectors AKT1 And DOK1 R-HSA-8849469	9	756	33010	0		1.0	1.0
Reactome	hypermethylated	PTK6 Promotes HIF1A Stabilization R-HSA-8857538	6	756	33010	0		1.0	1.0
Reactome	hypermethylated	Packaging Of Telomere Ends R-HSA-171306	29	756	33010	0		1.0	1.0
Reactome	hypermethylated	Paracetamol ADME R-HSA-9753281	24	756	33010	0		1.0	1.0
Reactome	hypermethylated	Paradoxical Activation Of RAF Signaling By Kinase Inactive BRAF R-HSA-6802955	38	756	33010	0		1.0	1.0
Reactome	hypermethylated	Passive Transport By Aquaporins R-HSA-432047	12	756	33010	0		1.0	1.0
Reactome	hypermethylated	Pausing And Recovery Of Tat-mediated HIV Elongation R-HSA-167238	31	756	33010	0		1.0	1.0
Reactome	hypermethylated	Pentose Phosphate Pathway R-HSA-71336	12	756	33010	0		1.0	1.0
Reactome	hypermethylated	Peptide Chain Elongation R-HSA-156902	81	756	33010	0		1.0	1.0
Reactome	hypermethylated	Peptide Hormone Biosynthesis R-HSA-209952	11	756	33010	0		1.0	1.0
Reactome	hypermethylated	Pexophagy R-HSA-9664873	11	756	33010	0		1.0	1.0
Reactome	hypermethylated	Phase 1 - Inactivation Of Fast Na+ Channels R-HSA-5576894	6	756	33010	0		1.0	1.0
Reactome	hypermethylated	Phase 3 - Rapid Repolarisation R-HSA-5576890	8	756	33010	0		1.0	1.0
Reactome	hypermethylated	Phase 4 - Resting Membrane Potential R-HSA-5576886	19	756	33010	0		1.0	1.0
Reactome	hypermethylated	Phenylalanine And Tyrosine Metabolism R-HSA-8963691	11	756	33010	0		1.0	1.0
Reactome	hypermethylated	Phenylalanine Metabolism R-HSA-8964208	6	756	33010	0		1.0	1.0
Reactome	hypermethylated	Phosphate Bond Hydrolysis By NTPDase Proteins R-HSA-8850843	8	756	33010	0		1.0	1.0
Reactome	hypermethylated	Phosphate Bond Hydrolysis By NUDT Proteins R-HSA-2393930	7	756	33010	0		1.0	1.0
Reactome	hypermethylated	Phospholipase C-mediated Cascade; FGFR4 R-HSA-5654228	13	756	33010	0		1.0	1.0
Reactome	hypermethylated	Phosphorylation Of Emi1 R-HSA-176417	6	756	33010	0		1.0	1.0
Reactome	hypermethylated	Phosphorylation Of APC/C R-HSA-176412	20	756	33010	0		1.0	1.0
Reactome	hypermethylated	Plasma Lipoprotein Assembly R-HSA-8963898	16	756	33010	0		1.0	1.0
Reactome	hypermethylated	Plasma Lipoprotein Assembly, Remodeling, And Clearance R-HSA-174824	69	756	33010	0		1.0	1.0
Reactome	hypermethylated	Plasma Lipoprotein Clearance R-HSA-8964043	35	756	33010	0		1.0	1.0
Reactome	hypermethylated	Plasma Lipoprotein Remodeling R-HSA-8963899	31	756	33010	0		1.0	1.0
Reactome	hypermethylated	Platelet Adhesion To Exposed Collagen R-HSA-75892	12	756	33010	0		1.0	1.0
Reactome	hypermethylated	Platelet Aggregation (Plug Formation) R-HSA-76009	36	756	33010	0		1.0	1.0
Reactome	hypermethylated	Platelet Calcium Homeostasis R-HSA-418360	25	756	33010	0		1.0	1.0
Reactome	hypermethylated	Polo-like Kinase Mediated Events R-HSA-156711	16	756	33010	0		1.0	1.0
Reactome	hypermethylated	Polymerase Switching On C-strand Of Telomere R-HSA-174411	24	756	33010	0		1.0	1.0
Reactome	hypermethylated	Post-transcriptional Silencing By Small RNAs R-HSA-426496	7	756	33010	0		1.0	1.0
Reactome	hypermethylated	Postmitotic Nuclear Pore Complex (NPC) Reformation R-HSA-9615933	27	756	33010	0		1.0	1.0
Reactome	hypermethylated	Potential Therapeutics For SARS R-HSA-9679191	90	756	33010	0		1.0	1.0
Reactome	hypermethylated	Pregnenolone Biosynthesis R-HSA-196108	12	756	33010	0		1.0	1.0
Reactome	hypermethylated	Presynaptic Function Of Kainate Receptors R-HSA-500657	21	756	33010	0		1.0	1.0
Reactome	hypermethylated	Presynaptic Nicotinic Acetylcholine Receptors R-HSA-622323	12	756	33010	0		1.0	1.0
Reactome	hypermethylated	Presynaptic Phase Of Homologous DNA Pairing And Strand Exchange R-HSA-5693616	40	756	33010	0		1.0	1.0
Reactome	hypermethylated	Prevention Of Phagosomal-Lysosomal Fusion R-HSA-9636383	9	756	33010	0		1.0	1.0
Reactome	hypermethylated	Processing And Activation Of SUMO R-HSA-3215018	9	756	33010	0		1.0	1.0
Reactome	hypermethylated	Processing Of Capped Intron-Containing Pre-mRNA R-HSA-72203	231	756	33010	0		1.0	1.0
Reactome	hypermethylated	Processing Of Capped Intronless Pre-mRNA R-HSA-75067	28	756	33010	0		1.0	1.0
Reactome	hypermethylated	Processing Of DNA Double-Strand Break Ends R-HSA-5693607	76	756	33010	0		1.0	1.0
Reactome	hypermethylated	Processing Of Intronless Pre-mRNAs R-HSA-77595	19	756	33010	0		1.0	1.0
Reactome	hypermethylated	Processing Of SMDT1 R-HSA-8949664	15	756	33010	0		1.0	1.0
Reactome	hypermethylated	Processive Synthesis On C-strand Of Telomere R-HSA-174414	19	756	33010	0		1.0	1.0
Reactome	hypermethylated	Processive Synthesis On Lagging Strand R-HSA-69183	14	756	33010	0		1.0	1.0
Reactome	hypermethylated	Prolactin Receptor Signaling R-HSA-1170546	13	756	33010	0		1.0	1.0
Reactome	hypermethylated	Prostacyclin Signaling Thru Prostacyclin Receptor R-HSA-392851	19	756	33010	0		1.0	1.0
Reactome	hypermethylated	Prostanoid Ligand Receptors R-HSA-391908	9	756	33010	0		1.0	1.0
Reactome	hypermethylated	Protein Methylation R-HSA-8876725	17	756	33010	0		1.0	1.0
Reactome	hypermethylated	Protein Repair R-HSA-5676934	6	756	33010	0		1.0	1.0
Reactome	hypermethylated	Protein Ubiquitination R-HSA-8852135	72	756	33010	0		1.0	1.0
Reactome	hypermethylated	Proton-coupled Monocarboxylate Transport R-HSA-433692	6	756	33010	0		1.0	1.0
Reactome	hypermethylated	Purine Ribonucleoside Monophosphate Biosynthesis R-HSA-73817	10	756	33010	0		1.0	1.0
Reactome	hypermethylated	Purine Salvage R-HSA-74217	12	756	33010	0		1.0	1.0
Reactome	hypermethylated	Pyrimidine Salvage R-HSA-73614	10	756	33010	0		1.0	1.0
Reactome	hypermethylated	Pyroptosis R-HSA-5620971	26	756	33010	0		1.0	1.0
Reactome	hypermethylated	Pyruvate Metabolism R-HSA-70268	29	756	33010	0		1.0	1.0
Reactome	hypermethylated	RAC2 GTPase Cycle R-HSA-9013404	80	756	33010	0		1.0	1.0
Reactome	hypermethylated	RAF Activation R-HSA-5673000	30	756	33010	0		1.0	1.0
Reactome	hypermethylated	RAS Processing R-HSA-9648002	18	756	33010	0		1.0	1.0
Reactome	hypermethylated	RAS Signaling Downstream Of NF1 Loss-Of-Function Variants R-HSA-6802953	6	756	33010	0		1.0	1.0
Reactome	hypermethylated	RHO GTPases Activate NADPH Oxidases R-HSA-5668599	21	756	33010	0		1.0	1.0
Reactome	hypermethylated	RHO GTPases Activate ROCKs R-HSA-5627117	19	756	33010	0		1.0	1.0
Reactome	hypermethylated	RHO GTPases Activate Rhotekin And Rhophilins R-HSA-5666185	9	756	33010	0		1.0	1.0
Reactome	hypermethylated	RHO GTPases Activate WASPs And WAVEs R-HSA-5663213	33	756	33010	0		1.0	1.0
Reactome	hypermethylated	RHO GTPases Activate CIT R-HSA-5625900	19	756	33010	0		1.0	1.0
Reactome	hypermethylated	RHO GTPases Activate PAKs R-HSA-5627123	20	756	33010	0		1.0	1.0
Reactome	hypermethylated	RHO GTPases Activate PKNs R-HSA-5625740	56	756	33010	0		1.0	1.0
Reactome	hypermethylated	RHOBTB GTPase Cycle R-HSA-9706574	34	756	33010	0		1.0	1.0
Reactome	hypermethylated	RHOBTB1 GTPase Cycle R-HSA-9013422	22	756	33010	0		1.0	1.0
Reactome	hypermethylated	RHOBTB2 GTPase Cycle R-HSA-9013418	22	756	33010	0		1.0	1.0
Reactome	hypermethylated	RHOBTB3 ATPase Cycle R-HSA-9706019	8	756	33010	0		1.0	1.0
Reactome	hypermethylated	RHOH GTPase Cycle R-HSA-9013407	36	756	33010	0		1.0	1.0
Reactome	hypermethylated	RHOJ GTPase Cycle R-HSA-9013409	51	756	33010	0		1.0	1.0
Reactome	hypermethylated	RHOT1 GTPase Cycle R-HSA-9013425	5	756	33010	0		1.0	1.0
Reactome	hypermethylated	RHOT2 GTPase Cycle R-HSA-9013419	7	756	33010	0		1.0	1.0
Reactome	hypermethylated	RIP-mediated NFkB Activation Via ZBP1 R-HSA-1810476	16	756	33010	0		1.0	1.0
Reactome	hypermethylated	RIPK1-mediated Regulated Necrosis R-HSA-5213460	29	756	33010	0		1.0	1.0
Reactome	hypermethylated	RMTs Methylate Histone Arginines R-HSA-3214858	44	756	33010	0		1.0	1.0
Reactome	hypermethylated	RNA Pol II CTD Phosphorylation And Interaction With CE R-HSA-77075	26	756	33010	0		1.0	1.0
Reactome	hypermethylated	RNA Polymerase I Promoter Opening R-HSA-73728	27	756	33010	0		1.0	1.0
Reactome	hypermethylated	RNA Polymerase II Transcription Termination R-HSA-73856	62	756	33010	0		1.0	1.0
Reactome	hypermethylated	RNA Polymerase II Transcribes snRNA Genes R-HSA-6807505	74	756	33010	0		1.0	1.0
Reactome	hypermethylated	ROBO Receptors Bind AKAP5 R-HSA-9010642	8	756	33010	0		1.0	1.0
Reactome	hypermethylated	RORA Activates Gene Expression R-HSA-1368082	17	756	33010	0		1.0	1.0
Reactome	hypermethylated	RSK Activation R-HSA-444257	5	756	33010	0		1.0	1.0
Reactome	hypermethylated	RUNX1 And FOXP3 Control Development Of Regulatory T Lymphocytes (Tregs) R-HSA-8877330	9	756	33010	0		1.0	1.0
Reactome	hypermethylated	RUNX1 Interacts With Co-Factors Whose Precise Effect On RUNX1 Targets Is Not Known R-HSA-8939243	35	756	33010	0		1.0	1.0
Reactome	hypermethylated	RUNX1 Regulates Estrogen Receptor Mediated Transcription R-HSA-8931987	6	756	33010	0		1.0	1.0
Reactome	hypermethylated	RUNX1 Regulates Expression Of Components Of Tight Junctions R-HSA-8935964	5	756	33010	0		1.0	1.0
Reactome	hypermethylated	RUNX1 Regulates Genes Involved In Megakaryocyte Differentiation And Platelet Function R-HSA-8936459	60	756	33010	0		1.0	1.0
Reactome	hypermethylated	RUNX1 Regulates Transcription Of Genes Involved In WNT Signaling R-HSA-8939256	5	756	33010	0		1.0	1.0
Reactome	hypermethylated	RUNX1 Regulates Transcription Of Genes Involved In Differentiation Of Keratinocytes R-HSA-8939242	8	756	33010	0		1.0	1.0
Reactome	hypermethylated	RUNX1 Regulates Transcription Of Genes Involved In Differentiation Of Myeloid Cells R-HSA-8939246	7	756	33010	0		1.0	1.0
Reactome	hypermethylated	RUNX1 Regulates Transcription Of Genes Involved In Interleukin Signaling R-HSA-8939247	5	756	33010	0		1.0	1.0
Reactome	hypermethylated	RUNX2 Regulates Chondrocyte Maturation R-HSA-8941284	5	756	33010	0		1.0	1.0
Reactome	hypermethylated	RUNX2 Regulates Genes Involved In Cell Migration R-HSA-8941332	8	756	33010	0		1.0	1.0
Reactome	hypermethylated	RUNX3 Regulates Immune Response And Cell Migration R-HSA-8949275	6	756	33010	0		1.0	1.0
Reactome	hypermethylated	RUNX3 Regulates BCL2L11 (BIM) Transcription R-HSA-8952158	5	756	33010	0		1.0	1.0
Reactome	hypermethylated	RUNX3 Regulates CDKN1A Transcription R-HSA-8941855	7	756	33010	0		1.0	1.0
Reactome	hypermethylated	RUNX3 Regulates WNT Signaling R-HSA-8951430	8	756	33010	0		1.0	1.0
Reactome	hypermethylated	RUNX3 Regulates YAP1-mediated Transcription R-HSA-8951671	8	756	33010	0		1.0	1.0
Reactome	hypermethylated	Rap1 Signaling R-HSA-392517	16	756	33010	0		1.0	1.0
Reactome	hypermethylated	Ras Activation Upon Ca2+ Influx Thru NMDA Receptor R-HSA-442982	19	756	33010	0		1.0	1.0
Reactome	hypermethylated	Reactions Specific To Complex N-glycan Synthesis Pathway R-HSA-975578	10	756	33010	0		1.0	1.0
Reactome	hypermethylated	Receptor Mediated Mitophagy R-HSA-8934903	9	756	33010	0		1.0	1.0
Reactome	hypermethylated	Recognition Of DNA Damage By PCNA-containing Replication Complex R-HSA-110314	29	756	33010	0		1.0	1.0
Reactome	hypermethylated	Recruitment Of NuMA To Mitotic Centrosomes R-HSA-380320	77	756	33010	0		1.0	1.0
Reactome	hypermethylated	Recycling Of Bile Acids And Salts R-HSA-159418	18	756	33010	0		1.0	1.0
Reactome	hypermethylated	Recycling Of eIF2:GDP R-HSA-72731	7	756	33010	0		1.0	1.0
Reactome	hypermethylated	Recycling Pathway Of L1 R-HSA-437239	22	756	33010	0		1.0	1.0
Reactome	hypermethylated	Reduction Of Cytosolic Ca++ Levels R-HSA-418359	10	756	33010	0		1.0	1.0
Reactome	hypermethylated	Regulated Necrosis R-HSA-5218859	55	756	33010	0		1.0	1.0
Reactome	hypermethylated	Regulated Proteolysis Of p75NTR R-HSA-193692	11	756	33010	0		1.0	1.0
Reactome	hypermethylated	Regulation Of APC/C Activators Between G1/S And Early Anaphase R-HSA-176408	79	756	33010	0		1.0	1.0
Reactome	hypermethylated	Regulation Of Apoptosis R-HSA-169911	50	756	33010	0		1.0	1.0
Reactome	hypermethylated	Regulation Of BACH1 Activity R-HSA-9708530	11	756	33010	0		1.0	1.0
Reactome	hypermethylated	Regulation Of Complement Cascade R-HSA-977606	41	756	33010	0		1.0	1.0
Reactome	hypermethylated	Regulation Of FOXO Transcriptional Activity By Acetylation R-HSA-9617629	9	756	33010	0		1.0	1.0
Reactome	hypermethylated	Regulation Of HMOX1 Expression And Activity R-HSA-9707587	5	756	33010	0		1.0	1.0
Reactome	hypermethylated	Regulation Of IFNA/IFNB Signaling R-HSA-912694	14	756	33010	0		1.0	1.0
Reactome	hypermethylated	Regulation Of IFNG Signaling R-HSA-877312	14	756	33010	0		1.0	1.0
Reactome	hypermethylated	Regulation Of KIT Signaling R-HSA-1433559	16	756	33010	0		1.0	1.0
Reactome	hypermethylated	Regulation Of NF-kappa B Signaling R-HSA-9758274	17	756	33010	0		1.0	1.0
Reactome	hypermethylated	Regulation Of PLK1 Activity At G2/M Transition R-HSA-2565942	84	756	33010	0		1.0	1.0
Reactome	hypermethylated	Regulation Of PTEN Localization R-HSA-8948747	8	756	33010	0		1.0	1.0
Reactome	hypermethylated	Regulation Of PTEN mRNA Translation R-HSA-8943723	11	756	33010	0		1.0	1.0
Reactome	hypermethylated	Regulation Of PTEN Stability And Activity R-HSA-8948751	65	756	33010	0		1.0	1.0
Reactome	hypermethylated	Regulation Of RUNX1 Expression And Activity R-HSA-8934593	17	756	33010	0		1.0	1.0
Reactome	hypermethylated	Regulation Of TLR By Endogenous Ligand R-HSA-5686938	18	756	33010	0		1.0	1.0
Reactome	hypermethylated	Regulation Of TNFR1 Signaling R-HSA-5357905	33	756	33010	0		1.0	1.0
Reactome	hypermethylated	Regulation Of TP53 Activity Thru Acetylation R-HSA-6804758	28	756	33010	0		1.0	1.0
Reactome	hypermethylated	Regulation Of TP53 Activity Thru Methylation R-HSA-6804760	19	756	33010	0		1.0	1.0
Reactome	hypermethylated	Regulation Of TP53 Activity Thru Phosphorylation R-HSA-6804756	87	756	33010	0		1.0	1.0
Reactome	hypermethylated	Regulation Of Actin Dynamics For Phagocytic Cup Formation R-HSA-2029482	55	756	33010	0		1.0	1.0
Reactome	hypermethylated	Regulation Of Activated PAK-2p34 By Proteasome Mediated Degradation R-HSA-211733	48	756	33010	0		1.0	1.0
Reactome	hypermethylated	Regulation Of Cholesterol Biosynthesis By SREBP (SREBF) R-HSA-1655829	53	756	33010	0		1.0	1.0
Reactome	hypermethylated	Regulation Of Commissural Axon Pathfinding By SLIT And ROBO R-HSA-428542	9	756	33010	0		1.0	1.0
Reactome	hypermethylated	Regulation Of Cytoskeletal Remodeling And Cell Spreading By IPP Complex Components R-HSA-446388	7	756	33010	0		1.0	1.0
Reactome	hypermethylated	Regulation Of Gene Expression By Hypoxia-inducible Factor R-HSA-1234158	11	756	33010	0		1.0	1.0
Reactome	hypermethylated	Regulation Of Glycolysis By Fructose 2,6-Bisphosphate Metabolism R-HSA-9634600	11	756	33010	0		1.0	1.0
Reactome	hypermethylated	Regulation Of Innate Immune Responses To Cytosolic DNA R-HSA-3134975	15	756	33010	0		1.0	1.0
Reactome	hypermethylated	Regulation Of Localization Of FOXO Transcription Factors R-HSA-9614399	11	756	33010	0		1.0	1.0
Reactome	hypermethylated	Regulation Of mRNA Stability By Proteins That Bind AU-rich Elements R-HSA-450531	87	756	33010	0		1.0	1.0
Reactome	hypermethylated	Regulation Of Necroptotic Cell Death R-HSA-5675482	27	756	33010	0		1.0	1.0
Reactome	hypermethylated	Regulation Of Ornithine Decarboxylase (ODC) R-HSA-350562	49	756	33010	0		1.0	1.0
Reactome	hypermethylated	Regulation Of Pyruvate Dehydrogenase (PDH) Complex R-HSA-204174	14	756	33010	0		1.0	1.0
Reactome	hypermethylated	Regulation Of Signaling By NODAL R-HSA-1433617	9	756	33010	0		1.0	1.0
Reactome	hypermethylated	Relaxin Receptors R-HSA-444821	7	756	33010	0		1.0	1.0
Reactome	hypermethylated	Release Of Hh-Np From Secreting Cell R-HSA-5362798	8	756	33010	0		1.0	1.0
Reactome	hypermethylated	Release Of Apoptotic Factors From Mitochondria R-HSA-111457	7	756	33010	0		1.0	1.0
Reactome	hypermethylated	Removal Of Aminoterminal Propeptides From Gamma-Carboxylated Proteins R-HSA-159782	8	756	33010	0		1.0	1.0
Reactome	hypermethylated	Removal Of Flap Intermediate R-HSA-69166	13	756	33010	0		1.0	1.0
Reactome	hypermethylated	Removal Of Flap Intermediate From C-strand R-HSA-174437	17	756	33010	0		1.0	1.0
Reactome	hypermethylated	Repression Of WNT Target Genes R-HSA-4641265	14	756	33010	0		1.0	1.0
Reactome	hypermethylated	Resolution Of AP Sites Via Multiple-Nucleotide Patch Replacement Pathway R-HSA-110373	25	756	33010	0		1.0	1.0
Reactome	hypermethylated	Resolution Of Abasic Sites (AP Sites) R-HSA-73933	38	756	33010	0		1.0	1.0
Reactome	hypermethylated	Resolution Of D-Loop Structures R-HSA-5693537	33	756	33010	0		1.0	1.0
Reactome	hypermethylated	Resolution Of D-loop Structures Thru Holliday Junction Intermediates R-HSA-5693568	32	756	33010	0		1.0	1.0
Reactome	hypermethylated	Resolution Of D-loop Structures Thru Synthesis-Dependent Strand Annealing (SDSA) R-HSA-5693554	27	756	33010	0		1.0	1.0
Reactome	hypermethylated	Response Of EIF2AK1 (HRI) To Heme Deficiency R-HSA-9648895	14	756	33010	0		1.0	1.0
Reactome	hypermethylated	Response Of EIF2AK4 (GCN2) To Amino Acid Deficiency R-HSA-9633012	92	756	33010	0		1.0	1.0
Reactome	hypermethylated	Response Of Mtb To Phagocytosis R-HSA-9637690	21	756	33010	0		1.0	1.0
Reactome	hypermethylated	Response To Metal Ions R-HSA-5660526	14	756	33010	0		1.0	1.0
Reactome	hypermethylated	Retinoid Metabolism And Transport R-HSA-975634	41	756	33010	0		1.0	1.0
Reactome	hypermethylated	Retrograde Transport At Trans-Golgi-Network R-HSA-6811440	46	756	33010	0		1.0	1.0
Reactome	hypermethylated	Rev-mediated Nuclear Export Of HIV RNA R-HSA-165054	35	756	33010	0		1.0	1.0
Reactome	hypermethylated	Reversal Of Alkylation Damage By DNA Dioxygenases R-HSA-73943	7	756	33010	0		1.0	1.0
Reactome	hypermethylated	Reversible Hydration Of Carbon Dioxide R-HSA-1475029	11	756	33010	0		1.0	1.0
Reactome	hypermethylated	Role Of LAT2/NTAL/LAB On Calcium Mobilization R-HSA-2730905	13	756	33010	0		1.0	1.0
Reactome	hypermethylated	Role Of Phospholipids In Phagocytosis R-HSA-2029485	22	756	33010	0		1.0	1.0
Reactome	hypermethylated	Role Of Second Messengers In Netrin-1 Signaling R-HSA-418890	9	756	33010	0		1.0	1.0
Reactome	hypermethylated	SARS-CoV-2 Activates/Modulates Innate And Adaptive Immune Responses R-HSA-9705671	104	756	33010	0		1.0	1.0
Reactome	hypermethylated	SARS-CoV-2 Modulates Autophagy R-HSA-9754560	11	756	33010	0		1.0	1.0
Reactome	hypermethylated	SARS-CoV-2 Modulates Host Translation Machinery R-HSA-9754678	42	756	33010	0		1.0	1.0
Reactome	hypermethylated	SARS-CoV-2 Targets PDZ Proteins In Cell-Cell Junction R-HSA-9705677	4	756	33010	0		1.0	1.0
Reactome	hypermethylated	SARS-CoV-2 Targets Host Intracellular Signaling And Regulatory Pathways R-HSA-9755779	13	756	33010	0		1.0	1.0
Reactome	hypermethylated	SARS-CoV-2-host Interactions R-HSA-9705683	173	756	33010	0		1.0	1.0
Reactome	hypermethylated	SCF(Skp2)-mediated Degradation Of P27/P21 R-HSA-187577	58	756	33010	0		1.0	1.0
Reactome	hypermethylated	SCF-beta-TrCP Mediated Degradation Of Emi1 R-HSA-174113	53	756	33010	0		1.0	1.0
Reactome	hypermethylated	SEMA3A-Plexin Repulsion Signaling By Inhibiting Integrin Adhesion R-HSA-399955	13	756	33010	0		1.0	1.0
Reactome	hypermethylated	SHC-mediated cascade:FGFR4 R-HSA-5654719	17	756	33010	0		1.0	1.0
Reactome	hypermethylated	SHC-related Events Triggered By IGF1R R-HSA-2428933	8	756	33010	0		1.0	1.0
Reactome	hypermethylated	SHC1 Events In EGFR Signaling R-HSA-180336	12	756	33010	0		1.0	1.0
Reactome	hypermethylated	SHC1 Events In ERBB2 Signaling R-HSA-1250196	21	756	33010	0		1.0	1.0
Reactome	hypermethylated	SHC1 Events In ERBB4 Signaling R-HSA-1250347	13	756	33010	0		1.0	1.0
Reactome	hypermethylated	SIRT1 Negatively Regulates rRNA Expression R-HSA-427359	31	756	33010	0		1.0	1.0
Reactome	hypermethylated	SLBP Dependent Processing Of Replication-Dependent Histone Pre-mRNAs R-HSA-77588	11	756	33010	0		1.0	1.0
Reactome	hypermethylated	SLBP Independent Processing Of Histone Pre-mRNAs R-HSA-111367	10	756	33010	0		1.0	1.0
Reactome	hypermethylated	SMAC (DIABLO) Binds To IAPs R-HSA-111463	6	756	33010	0		1.0	1.0
Reactome	hypermethylated	SMAC, XIAP-regulated Apoptotic Response R-HSA-111469	7	756	33010	0		1.0	1.0
Reactome	hypermethylated	SMAD2/3 Phosphorylation Motif Mutants In Cancer R-HSA-3304356	6	756	33010	0		1.0	1.0
Reactome	hypermethylated	SMAD2/SMAD3:SMAD4 Heterotrimer Regulates Transcription R-HSA-2173796	36	756	33010	0		1.0	1.0
Reactome	hypermethylated	SOS-mediated Signaling R-HSA-112412	6	756	33010	0		1.0	1.0
Reactome	hypermethylated	STAT3 Nuclear Events Downstream Of ALK Signaling R-HSA-9701898	9	756	33010	0		1.0	1.0
Reactome	hypermethylated	STAT5 Activation R-HSA-9645135	7	756	33010	0		1.0	1.0
Reactome	hypermethylated	STAT5 Activation Downstream Of FLT3 ITD Mutants R-HSA-9702518	10	756	33010	0		1.0	1.0
Reactome	hypermethylated	STING Mediated Induction Of Host Immune Responses R-HSA-1834941	16	756	33010	0		1.0	1.0
Reactome	hypermethylated	SUMO Is Proteolytically Processed R-HSA-3065679	5	756	33010	0		1.0	1.0
Reactome	hypermethylated	SUMO Is Transferred From E1 To E2 (UBE2I, UBC9) R-HSA-3065678	6	756	33010	0		1.0	1.0
Reactome	hypermethylated	SUMOylation Of DNA Methylation Proteins R-HSA-4655427	16	756	33010	0		1.0	1.0
Reactome	hypermethylated	SUMOylation Of DNA Replication Proteins R-HSA-4615885	45	756	33010	0		1.0	1.0
Reactome	hypermethylated	SUMOylation Of RNA Binding Proteins R-HSA-4570464	47	756	33010	0		1.0	1.0
Reactome	hypermethylated	SUMOylation Of SUMOylation Proteins R-HSA-4085377	35	756	33010	0		1.0	1.0
Reactome	hypermethylated	SUMOylation Of Immune Response Proteins R-HSA-4755510	10	756	33010	0		1.0	1.0
Reactome	hypermethylated	SUMOylation Of Ubiquitinylation Proteins R-HSA-3232142	39	756	33010	0		1.0	1.0
Reactome	hypermethylated	Scavenging By Class A Receptors R-HSA-3000480	19	756	33010	0		1.0	1.0
Reactome	hypermethylated	Scavenging By Class B Receptors R-HSA-3000471	6	756	33010	0		1.0	1.0
Reactome	hypermethylated	Scavenging By Class F Receptors R-HSA-3000484	6	756	33010	0		1.0	1.0
Reactome	hypermethylated	Scavenging Of Heme From Plasma R-HSA-2168880	11	756	33010	0		1.0	1.0
Reactome	hypermethylated	Selenoamino Acid Metabolism R-HSA-2408522	108	756	33010	0		1.0	1.0
Reactome	hypermethylated	Selenocysteine Synthesis R-HSA-2408557	85	756	33010	0		1.0	1.0
Reactome	hypermethylated	Sema3A PAK Dependent Axon Repulsion R-HSA-399954	15	756	33010	0		1.0	1.0
Reactome	hypermethylated	Sema4D In Semaphorin Signaling R-HSA-400685	24	756	33010	0		1.0	1.0
Reactome	hypermethylated	Sema4D Induced Cell Migration And Growth-Cone Collapse R-HSA-416572	20	756	33010	0		1.0	1.0
Reactome	hypermethylated	Sema4D Mediated Inhibition Of Cell Attachment And Migration R-HSA-416550	8	756	33010	0		1.0	1.0
Reactome	hypermethylated	Sensing Of DNA Double Strand Breaks R-HSA-5693548	6	756	33010	0		1.0	1.0
Reactome	hypermethylated	Sensory Perception Of Salty Taste R-HSA-9730628	6	756	33010	0		1.0	1.0
Reactome	hypermethylated	Serine Biosynthesis R-HSA-977347	9	756	33010	0		1.0	1.0
Reactome	hypermethylated	Serotonin And Melatonin Biosynthesis R-HSA-209931	4	756	33010	0		1.0	1.0
Reactome	hypermethylated	Signal Amplification R-HSA-392518	33	756	33010	0		1.0	1.0
Reactome	hypermethylated	Signal Attenuation R-HSA-74749	10	756	33010	0		1.0	1.0
Reactome	hypermethylated	Signal Regulatory Protein Family Interactions R-HSA-391160	13	756	33010	0		1.0	1.0
Reactome	hypermethylated	Signaling By ALK R-HSA-201556	25	756	33010	0		1.0	1.0
Reactome	hypermethylated	Signaling By Activin R-HSA-1502540	15	756	33010	0		1.0	1.0
Reactome	hypermethylated	Signaling By BRAF And RAF1 Fusions R-HSA-6802952	60	756	33010	0		1.0	1.0
Reactome	hypermethylated	Signaling By EGFR In Cancer R-HSA-1643713	23	756	33010	0		1.0	1.0
Reactome	hypermethylated	Signaling By ERBB2 ECD Mutants R-HSA-9665348	15	756	33010	0		1.0	1.0
Reactome	hypermethylated	Signaling By ERBB2 KD Mutants R-HSA-9664565	24	756	33010	0		1.0	1.0
Reactome	hypermethylated	Signaling By ERBB2 R-HSA-1227986	49	756	33010	0		1.0	1.0
Reactome	hypermethylated	Signaling By ERBB2 TMD/JMD Mutants R-HSA-9665686	21	756	33010	0		1.0	1.0
Reactome	hypermethylated	Signaling By ERBB2 In Cancer R-HSA-1227990	25	756	33010	0		1.0	1.0
Reactome	hypermethylated	Signaling By Erythropoietin R-HSA-9006335	24	756	33010	0		1.0	1.0
Reactome	hypermethylated	Signaling By FGFR2 IIIa TM R-HSA-8851708	18	756	33010	0		1.0	1.0
Reactome	hypermethylated	Signaling By FGFR4 In Disease R-HSA-5655291	10	756	33010	0		1.0	1.0
Reactome	hypermethylated	Signaling By FLT3 ITD And TKD Mutants R-HSA-9703648	15	756	33010	0		1.0	1.0
Reactome	hypermethylated	Signaling By FLT3 Fusion Proteins R-HSA-9703465	18	756	33010	0		1.0	1.0
Reactome	hypermethylated	Signaling By Hippo R-HSA-2028269	19	756	33010	0		1.0	1.0
Reactome	hypermethylated	Signaling By KIT In Disease R-HSA-9669938	19	756	33010	0		1.0	1.0
Reactome	hypermethylated	Signaling By LRP5 Mutants R-HSA-5339717	6	756	33010	0		1.0	1.0
Reactome	hypermethylated	Signaling By Leptin R-HSA-2586552	11	756	33010	0		1.0	1.0
Reactome	hypermethylated	Signaling By MAPK Mutants R-HSA-9652817	6	756	33010	0		1.0	1.0
Reactome	hypermethylated	Signaling By MET R-HSA-6806834	62	756	33010	0		1.0	1.0
Reactome	hypermethylated	Signaling By MST1 R-HSA-8852405	5	756	33010	0		1.0	1.0
Reactome	hypermethylated	Signaling By NODAL R-HSA-1181150	20	756	33010	0		1.0	1.0
Reactome	hypermethylated	Signaling By NTRK2 (TRKB) R-HSA-9006115	23	756	33010	0		1.0	1.0
Reactome	hypermethylated	Signaling By NTRK3 (TRKC) R-HSA-9034015	16	756	33010	0		1.0	1.0
Reactome	hypermethylated	Signaling By PDGF R-HSA-186797	50	756	33010	0		1.0	1.0
Reactome	hypermethylated	Signaling By PDGFR In Disease R-HSA-9671555	19	756	33010	0		1.0	1.0
Reactome	hypermethylated	Signaling By PDGFRA Extracellular Domain Mutants R-HSA-9673770	11	756	33010	0		1.0	1.0
Reactome	hypermethylated	Signaling By RAF1 Mutants R-HSA-9656223	36	756	33010	0		1.0	1.0
Reactome	hypermethylated	Signaling By RNF43 Mutants R-HSA-5340588	7	756	33010	0		1.0	1.0
Reactome	hypermethylated	Signaling By TGF-beta Receptor Complex In Cancer R-HSA-3304351	8	756	33010	0		1.0	1.0
Reactome	hypermethylated	Signaling By WNT In Cancer R-HSA-4791275	31	756	33010	0		1.0	1.0
Reactome	hypermethylated	Signaling By High-Kinase Activity BRAF Mutants R-HSA-6802948	31	756	33010	0		1.0	1.0
Reactome	hypermethylated	Signaling By Membrane-Tethered Fusions Of PDGFRA Or PDGFRB R-HSA-9673768	5	756	33010	0		1.0	1.0
Reactome	hypermethylated	Signaling By B Cell Receptor (BCR) R-HSA-983705	104	756	33010	0		1.0	1.0
Reactome	hypermethylated	Small Interfering RNA (siRNA) Biogenesis R-HSA-426486	9	756	33010	0		1.0	1.0
Reactome	hypermethylated	Sodium-coupled Phosphate Cotransporters R-HSA-427652	5	756	33010	0		1.0	1.0
Reactome	hypermethylated	Sodium/Calcium Exchangers R-HSA-425561	10	756	33010	0		1.0	1.0
Reactome	hypermethylated	Sodium/Proton Exchangers R-HSA-425986	7	756	33010	0		1.0	1.0
Reactome	hypermethylated	Sperm Motility And Taxes R-HSA-1300642	9	756	33010	0		1.0	1.0
Reactome	hypermethylated	Striated Muscle Contraction R-HSA-390522	32	756	33010	0		1.0	1.0
Reactome	hypermethylated	Sulfide Oxidation To Sulfate R-HSA-1614517	5	756	33010	0		1.0	1.0
Reactome	hypermethylated	Sulfur Amino Acid Metabolism R-HSA-1614635	25	756	33010	0		1.0	1.0
Reactome	hypermethylated	Suppression Of Apoptosis R-HSA-9635465	6	756	33010	0		1.0	1.0
Reactome	hypermethylated	Suppression Of Phagosomal Maturation R-HSA-9637687	13	756	33010	0		1.0	1.0
Reactome	hypermethylated	Surfactant Metabolism R-HSA-5683826	26	756	33010	0		1.0	1.0
Reactome	hypermethylated	Switching Of Origins To A Post-Replicative State R-HSA-69052	89	756	33010	0		1.0	1.0
Reactome	hypermethylated	Synaptic Adhesion-Like Molecules R-HSA-8849932	20	756	33010	0		1.0	1.0
Reactome	hypermethylated	Syndecan Interactions R-HSA-3000170	18	756	33010	0		1.0	1.0
Reactome	hypermethylated	Synthesis Of (16-20)-Hydroxyeicosatetraenoic Acids (HETE) R-HSA-2142816	9	756	33010	0		1.0	1.0
Reactome	hypermethylated	Synthesis Of 12-Eicosatetraenoic Acid Derivatives R-HSA-2142712	7	756	33010	0		1.0	1.0
Reactome	hypermethylated	Synthesis Of 15-Eicosatetraenoic Acid Derivatives R-HSA-2142770	6	756	33010	0		1.0	1.0
Reactome	hypermethylated	Synthesis Of DNA R-HSA-69239	117	756	33010	0		1.0	1.0
Reactome	hypermethylated	Synthesis Of Dolichyl-phosphate R-HSA-446199	6	756	33010	0		1.0	1.0
Reactome	hypermethylated	Synthesis Of GDP-mannose R-HSA-446205	5	756	33010	0		1.0	1.0
Reactome	hypermethylated	Synthesis Of IP2, IP, And Ins In Cytosol R-HSA-1855183	13	756	33010	0		1.0	1.0
Reactome	hypermethylated	Synthesis Of IP3 And IP4 In Cytosol R-HSA-1855204	25	756	33010	0		1.0	1.0
Reactome	hypermethylated	Synthesis Of Ketone Bodies R-HSA-77111	8	756	33010	0		1.0	1.0
Reactome	hypermethylated	Synthesis Of PA R-HSA-1483166	38	756	33010	0		1.0	1.0
Reactome	hypermethylated	Synthesis Of PC R-HSA-1483191	26	756	33010	0		1.0	1.0
Reactome	hypermethylated	Synthesis Of PE R-HSA-1483213	13	756	33010	0		1.0	1.0
Reactome	hypermethylated	Synthesis Of PG R-HSA-1483148	8	756	33010	0		1.0	1.0
Reactome	hypermethylated	Synthesis Of PI R-HSA-1483226	5	756	33010	0		1.0	1.0
Reactome	hypermethylated	Synthesis Of PIPs At ER Membrane R-HSA-1483248	5	756	33010	0		1.0	1.0
Reactome	hypermethylated	Synthesis Of PIPs At Golgi Membrane R-HSA-1660514	16	756	33010	0		1.0	1.0
Reactome	hypermethylated	Synthesis Of PIPs At Early Endosome Membrane R-HSA-1660516	15	756	33010	0		1.0	1.0
Reactome	hypermethylated	Synthesis Of PIPs At Late Endosome Membrane R-HSA-1660517	10	756	33010	0		1.0	1.0
Reactome	hypermethylated	Synthesis Of PIPs At Plasma Membrane R-HSA-1660499	47	756	33010	0		1.0	1.0
Reactome	hypermethylated	Synthesis Of Prostaglandins (PG) And Thromboxanes (TX) R-HSA-2162123	15	756	33010	0		1.0	1.0
Reactome	hypermethylated	Synthesis Of UDP-N-acetyl-glucosamine R-HSA-446210	7	756	33010	0		1.0	1.0
Reactome	hypermethylated	Synthesis Of Active Ubiquitin: Roles Of E1 And E2 Enzymes R-HSA-8866652	27	756	33010	0		1.0	1.0
Reactome	hypermethylated	Synthesis Of Bile Acids And Bile Salts R-HSA-192105	34	756	33010	0		1.0	1.0
Reactome	hypermethylated	Synthesis Of Bile Acids And Bile Salts Via 24-Hydroxycholesterol R-HSA-193775	14	756	33010	0		1.0	1.0
Reactome	hypermethylated	Synthesis Of Bile Acids And Bile Salts Via 27-Hydroxycholesterol R-HSA-193807	15	756	33010	0		1.0	1.0
Reactome	hypermethylated	Synthesis Of Bile Acids And Bile Salts Via 7Alpha-Hydroxycholesterol R-HSA-193368	24	756	33010	0		1.0	1.0
Reactome	hypermethylated	Synthesis Of diphthamide-EEF2 R-HSA-5358493	8	756	33010	0		1.0	1.0
Reactome	hypermethylated	Synthesis Of Epoxy (EET) And Dihydroxyeicosatrienoic Acids (DHET) R-HSA-2142670	8	756	33010	0		1.0	1.0
Reactome	hypermethylated	Synthesis Of Glycosylphosphatidylinositol (GPI) R-HSA-162710	17	756	33010	0		1.0	1.0
Reactome	hypermethylated	Synthesis Of Pyrophosphates In Cytosol R-HSA-1855167	8	756	33010	0		1.0	1.0
Reactome	hypermethylated	Synthesis Of Wybutosine At G37 Of tRNA(Phe) R-HSA-6782861	6	756	33010	0		1.0	1.0
Reactome	hypermethylated	Synthesis, Secretion, And Deacylation Of Ghrelin R-HSA-422085	18	756	33010	0		1.0	1.0
Reactome	hypermethylated	TAK1-dependent IKK And NF-kappa-B Activation R-HSA-445989	42	756	33010	0		1.0	1.0
Reactome	hypermethylated	TBC/RABGAPs R-HSA-8854214	40	756	33010	0		1.0	1.0
Reactome	hypermethylated	TFAP2 (AP-2) Family Regulates Transcription Of Cell Cycle Factors R-HSA-8866911	5	756	33010	0		1.0	1.0
Reactome	hypermethylated	TFAP2A Acts As A Transcriptional Repressor During Retinoic Acid Induced Cell Differentiation R-HSA-8869496	5	756	33010	0		1.0	1.0
Reactome	hypermethylated	TGF-beta Receptor Signaling Activates SMADs R-HSA-2173789	44	756	33010	0		1.0	1.0
Reactome	hypermethylated	TGF-beta Receptor Signaling In EMT (Epithelial To Mesenchymal Transition) R-HSA-2173791	16	756	33010	0		1.0	1.0
Reactome	hypermethylated	TICAM1, RIP1-mediated IKK Complex Recruitment R-HSA-168927	18	756	33010	0		1.0	1.0
Reactome	hypermethylated	TICAM1,TRAF6-dependent Induction Of TAK1 Complex R-HSA-9014325	10	756	33010	0		1.0	1.0
Reactome	hypermethylated	TICAM1-dependent Activation Of IRF3/IRF7 R-HSA-9013973	12	756	33010	0		1.0	1.0
Reactome	hypermethylated	TLR3-mediated TICAM1-dependent Programmed Cell Death R-HSA-9013957	6	756	33010	0		1.0	1.0
Reactome	hypermethylated	TNF Receptor Superfamily (TNFSF) Members Mediating Non-Canonical NF-kB Pathway R-HSA-5676594	16	756	33010	0		1.0	1.0
Reactome	hypermethylated	TNF Signaling R-HSA-75893	41	756	33010	0		1.0	1.0
Reactome	hypermethylated	TNFR1-induced NFkappaB Signaling Pathway R-HSA-5357956	23	756	33010	0		1.0	1.0
Reactome	hypermethylated	TNFR1-induced Proapoptotic Signaling R-HSA-5357786	13	756	33010	0		1.0	1.0
Reactome	hypermethylated	TNFR1-mediated Ceramide Production R-HSA-5626978	6	756	33010	0		1.0	1.0
Reactome	hypermethylated	TNFR2 Non-Canonical NF-kB Pathway R-HSA-5668541	95	756	33010	0		1.0	1.0
Reactome	hypermethylated	TNFs Bind Their Physiological Receptors R-HSA-5669034	26	756	33010	0		1.0	1.0
Reactome	hypermethylated	TP53 Regulates Metabolic Genes R-HSA-5628897	78	756	33010	0		1.0	1.0
Reactome	hypermethylated	TP53 Regulates Transcription Of Caspase Activators And Caspases R-HSA-6803207	12	756	33010	0		1.0	1.0
Reactome	hypermethylated	TP53 Regulates Transcription Of Cell Cycle Genes R-HSA-6791312	49	756	33010	0		1.0	1.0
Reactome	hypermethylated	TP53 Regulates Transcription Of DNA Repair Genes R-HSA-6796648	61	756	33010	0		1.0	1.0
Reactome	hypermethylated	TP53 Regulates Transcription Of Death Receptors And Ligands R-HSA-6803211	12	756	33010	0		1.0	1.0
Reactome	hypermethylated	TP53 Regulates Transcription Of Genes Involved In Cytochrome C Release R-HSA-6803204	20	756	33010	0		1.0	1.0
Reactome	hypermethylated	TP53 Regulates Transcription Of Genes Involved In G1 Cell Cycle Arrest R-HSA-6804116	14	756	33010	0		1.0	1.0
Reactome	hypermethylated	TP53 Regulates Transcription Of Genes Involved In G2 Cell Cycle Arrest R-HSA-6804114	18	756	33010	0		1.0	1.0
Reactome	hypermethylated	TP53 Regulates Transcription Of Additional Cell Cycle Genes With Uncertain Roles In P53 Pathway R-HSA-6804115	21	756	33010	0		1.0	1.0
Reactome	hypermethylated	TRAF3-dependent IRF Activation Pathway R-HSA-918233	13	756	33010	0		1.0	1.0
Reactome	hypermethylated	TRAF6 Mediated IRF7 Activation R-HSA-933541	16	756	33010	0		1.0	1.0
Reactome	hypermethylated	TRAF6 Mediated IRF7 Activation In TLR7/8 Or 9 Signaling R-HSA-975110	7	756	33010	0		1.0	1.0
Reactome	hypermethylated	TRAF6 Mediated NF-kB Activation R-HSA-933542	23	756	33010	0		1.0	1.0
Reactome	hypermethylated	TRAF6-mediated Induction Of TAK1 Complex Within TLR4 Complex R-HSA-937072	15	756	33010	0		1.0	1.0
Reactome	hypermethylated	TRAIL Signaling R-HSA-75158	8	756	33010	0		1.0	1.0
Reactome	hypermethylated	TRIF-mediated Programmed Cell Death R-HSA-2562578	9	756	33010	0		1.0	1.0
Reactome	hypermethylated	TRP Channels R-HSA-3295583	24	756	33010	0		1.0	1.0
Reactome	hypermethylated	TYSND1 Cleaves Peroxisomal Proteins R-HSA-9033500	7	756	33010	0		1.0	1.0
Reactome	hypermethylated	Tandem Pore Domain Potassium Channels R-HSA-1296346	12	756	33010	0		1.0	1.0
Reactome	hypermethylated	Telomere C-strand (Lagging Strand) Synthesis R-HSA-174417	32	756	33010	0		1.0	1.0
Reactome	hypermethylated	Telomere C-strand Synthesis Initiation R-HSA-174430	11	756	33010	0		1.0	1.0
Reactome	hypermethylated	Telomere Extension By Telomerase R-HSA-171319	22	756	33010	0		1.0	1.0
Reactome	hypermethylated	Telomere Maintenance R-HSA-157579	85	756	33010	0		1.0	1.0
Reactome	hypermethylated	Terminal Pathway Of Complement R-HSA-166665	7	756	33010	0		1.0	1.0
Reactome	hypermethylated	Termination Of O-glycan Biosynthesis R-HSA-977068	24	756	33010	0		1.0	1.0
Reactome	hypermethylated	Termination Of Translesion DNA Synthesis R-HSA-5656169	32	756	33010	0		1.0	1.0
Reactome	hypermethylated	Tetrahydrobiopterin (BH4) Synthesis, Recycling, Salvage And Regulation R-HSA-1474151	10	756	33010	0		1.0	1.0
Reactome	hypermethylated	NLRP3 Inflammasome R-HSA-844456	16	756	33010	0		1.0	1.0
Reactome	hypermethylated	Activation Of Arylsulfatases R-HSA-1663150	8	756	33010	0		1.0	1.0
Reactome	hypermethylated	Canonical Retinoid Cycle In Rods (Twilight Vision) R-HSA-2453902	23	756	33010	0		1.0	1.0
Reactome	hypermethylated	Fatty Acid Cycling Model R-HSA-167826	4	756	33010	0		1.0	1.0
Reactome	hypermethylated	Phototransduction Cascade R-HSA-2514856	30	756	33010	0		1.0	1.0
Reactome	hypermethylated	Retinoid Cycle In Cones (Daylight Vision) R-HSA-2187335	4	756	33010	0		1.0	1.0
Reactome	hypermethylated	Role Of GTSE1 In G2/M Progression After G2 Checkpoint R-HSA-8852276	58	756	33010	0		1.0	1.0
Reactome	hypermethylated	Thrombin Signaling Thru Proteinase Activated Receptors (PARs) R-HSA-456926	32	756	33010	0		1.0	1.0
Reactome	hypermethylated	Thromboxane Signaling Thru TP Receptor R-HSA-428930	24	756	33010	0		1.0	1.0
Reactome	hypermethylated	Tie2 Signaling R-HSA-210993	17	756	33010	0		1.0	1.0
Reactome	hypermethylated	Toxicity Of Botulinum Toxin Type D (botD) R-HSA-5250955	5	756	33010	0		1.0	1.0
Reactome	hypermethylated	Toxicity Of Botulinum Toxin Type F (botF) R-HSA-5250981	5	756	33010	0		1.0	1.0
Reactome	hypermethylated	Trafficking And Processing Of Endosomal TLR R-HSA-1679131	11	756	33010	0		1.0	1.0
Reactome	hypermethylated	Trafficking Of GluR2-containing AMPA Receptors R-HSA-416993	15	756	33010	0		1.0	1.0
Reactome	hypermethylated	Transcription Of E2F Targets Under Negative Control By DREAM Complex R-HSA-1362277	19	756	33010	0		1.0	1.0
Reactome	hypermethylated	Transcription Of E2F Targets Under Negative Control By P107 (RBL1) And P130 (RBL2) In Complex With HDAC1 R-HSA-1362300	16	756	33010	0		1.0	1.0
Reactome	hypermethylated	Transcription Of HIV Genome R-HSA-167172	65	756	33010	0		1.0	1.0
Reactome	hypermethylated	Transcription-Coupled Nucleotide Excision Repair (TC-NER) R-HSA-6781827	75	756	33010	0		1.0	1.0
Reactome	hypermethylated	Transcriptional Regulation By E2F6 R-HSA-8953750	32	756	33010	0		1.0	1.0
Reactome	hypermethylated	Transcriptional Regulation By Small RNAs R-HSA-5578749	71	756	33010	0		1.0	1.0
Reactome	hypermethylated	Translation Of Replicase And Assembly Of Replication Transcription Complex R-HSA-9679504	12	756	33010	0		1.0	1.0
Reactome	hypermethylated	Translation Of Structural Proteins R-HSA-9683701	30	756	33010	0		1.0	1.0
Reactome	hypermethylated	Translesion Synthesis By POLI R-HSA-5656121	17	756	33010	0		1.0	1.0
Reactome	hypermethylated	Translesion Synthesis By POLK R-HSA-5655862	17	756	33010	0		1.0	1.0
Reactome	hypermethylated	Translesion Synthesis By REV1 R-HSA-110312	16	756	33010	0		1.0	1.0
Reactome	hypermethylated	Translocation Of SLC2A4 (GLUT4) To Plasma Membrane R-HSA-1445148	51	756	33010	0		1.0	1.0
Reactome	hypermethylated	Transport And Synthesis Of PAPS R-HSA-174362	6	756	33010	0		1.0	1.0
Reactome	hypermethylated	Transport Of Mature Transcript To Cytoplasm R-HSA-72202	78	756	33010	0		1.0	1.0
Reactome	hypermethylated	Transport Of Mature mRNA Derived From An Intronless Transcript R-HSA-159231	42	756	33010	0		1.0	1.0
Reactome	hypermethylated	Transport Of Mature mRNA Derived From An Intron-Containing Transcript R-HSA-159236	69	756	33010	0		1.0	1.0
Reactome	hypermethylated	Transport Of Mature mRNAs Derived From Intronless Transcripts R-HSA-159234	43	756	33010	0		1.0	1.0
Reactome	hypermethylated	Transport Of RCbl Within Body R-HSA-9758890	8	756	33010	0		1.0	1.0
Reactome	hypermethylated	Transport Of Ribonucleoproteins Into Host Nucleus R-HSA-168271	35	756	33010	0		1.0	1.0
Reactome	hypermethylated	Transport Of Fatty Acids R-HSA-804914	8	756	33010	0		1.0	1.0
Reactome	hypermethylated	Transport Of Gamma-Carboxylated Protein Precursors From Endoplasmic Reticulum To Golgi Apparatus R-HSA-159763	7	756	33010	0		1.0	1.0
Reactome	hypermethylated	Transport Of Nucleosides And Free Purine And Pyrimidine Bases Across Plasma Membrane R-HSA-83936	10	756	33010	0		1.0	1.0
Reactome	hypermethylated	Transport Of Nucleotide Sugars R-HSA-727802	8	756	33010	0		1.0	1.0
Reactome	hypermethylated	Transport Of Organic Anions R-HSA-879518	10	756	33010	0		1.0	1.0
Reactome	hypermethylated	Transport Of SLBP Dependant Mature mRNA R-HSA-159230	36	756	33010	0		1.0	1.0
Reactome	hypermethylated	Transport Of SLBP Independent Mature mRNA R-HSA-159227	35	756	33010	0		1.0	1.0
Reactome	hypermethylated	Transport Of Vitamins, Nucleosides, And Related Molecules R-HSA-425397	38	756	33010	0		1.0	1.0
Reactome	hypermethylated	Triglyceride Biosynthesis R-HSA-75109	11	756	33010	0		1.0	1.0
Reactome	hypermethylated	Triglyceride Catabolism R-HSA-163560	21	756	33010	0		1.0	1.0
Reactome	hypermethylated	Triglyceride Metabolism R-HSA-8979227	32	756	33010	0		1.0	1.0
Reactome	hypermethylated	Tristetraprolin (TTP, ZFP36) Binds And Destabilizes mRNA R-HSA-450513	17	756	33010	0		1.0	1.0
Reactome	hypermethylated	Tryptophan Catabolism R-HSA-71240	14	756	33010	0		1.0	1.0
Reactome	hypermethylated	Tyrosine Catabolism R-HSA-8963684	5	756	33010	0		1.0	1.0
Reactome	hypermethylated	UCH Proteinases R-HSA-5689603	90	756	33010	0		1.0	1.0
Reactome	hypermethylated	Ubiquinol Biosynthesis R-HSA-2142789	8	756	33010	0		1.0	1.0
Reactome	hypermethylated	Ubiquitin Mediated Degradation Of Phosphorylated Cdc25A R-HSA-69601	50	756	33010	0		1.0	1.0
Reactome	hypermethylated	Ubiquitin-dependent Degradation Of Cyclin D R-HSA-75815	50	756	33010	0		1.0	1.0
Reactome	hypermethylated	Unblocking Of NMDA Receptors, Glutamate Binding And Activation R-HSA-438066	20	756	33010	0		1.0	1.0
Reactome	hypermethylated	Unfolded Protein Response (UPR) R-HSA-381119	85	756	33010	0		1.0	1.0
Reactome	hypermethylated	Unwinding Of DNA R-HSA-176974	11	756	33010	0		1.0	1.0
Reactome	hypermethylated	Uptake And Function Of Diphtheria Toxin R-HSA-5336415	6	756	33010	0		1.0	1.0
Reactome	hypermethylated	Uptake Of Dietary Cobalamins Into Enterocytes R-HSA-9758881	10	756	33010	0		1.0	1.0
Reactome	hypermethylated	Urea Cycle R-HSA-70635	8	756	33010	0		1.0	1.0
Reactome	hypermethylated	VEGF Binds To VEGFR Leading To Receptor Dimerization R-HSA-195399	7	756	33010	0		1.0	1.0
Reactome	hypermethylated	VEGFR2 Mediated Cell Proliferation R-HSA-5218921	18	756	33010	0		1.0	1.0
Reactome	hypermethylated	VLDL Clearance R-HSA-8964046	5	756	33010	0		1.0	1.0
Reactome	hypermethylated	VLDLR Internalisation And Degradation R-HSA-8866427	16	756	33010	0		1.0	1.0
Reactome	hypermethylated	Vasopressin-like Receptors R-HSA-388479	5	756	33010	0		1.0	1.0
Reactome	hypermethylated	Vif-mediated Degradation Of APOBEC3G R-HSA-180585	52	756	33010	0		1.0	1.0
Reactome	hypermethylated	Viral Messenger RNA Synthesis R-HSA-168325	47	756	33010	0		1.0	1.0
Reactome	hypermethylated	Viral mRNA Translation R-HSA-192823	84	756	33010	0		1.0	1.0
Reactome	hypermethylated	Virus Assembly And Release R-HSA-168268	5	756	33010	0		1.0	1.0
Reactome	hypermethylated	Visual Phototransduction R-HSA-2187338	90	756	33010	0		1.0	1.0
Reactome	hypermethylated	Vitamin B1 (Thiamin) Metabolism R-HSA-196819	5	756	33010	0		1.0	1.0
Reactome	hypermethylated	Vitamin B2 (Riboflavin) Metabolism R-HSA-196843	7	756	33010	0		1.0	1.0
Reactome	hypermethylated	Vitamin B5 (Pantothenate) Metabolism R-HSA-199220	16	756	33010	0		1.0	1.0
Reactome	hypermethylated	Vitamin C (Ascorbate) Metabolism R-HSA-196836	7	756	33010	0		1.0	1.0
Reactome	hypermethylated	Vitamin D (Calciferol) Metabolism R-HSA-196791	12	756	33010	0		1.0	1.0
Reactome	hypermethylated	Vpu Mediated Degradation Of CD4 R-HSA-180534	50	756	33010	0		1.0	1.0
Reactome	hypermethylated	VxPx Cargo-Targeting To Cilium R-HSA-5620916	20	756	33010	0		1.0	1.0
Reactome	hypermethylated	WNT Mediated Activation Of DVL R-HSA-201688	6	756	33010	0		1.0	1.0
Reactome	hypermethylated	WNT5A-dependent Internalization Of FZD2, FZD5 And ROR2 R-HSA-5140745	11	756	33010	0		1.0	1.0
Reactome	hypermethylated	WNT5A-dependent Internalization Of FZD4 R-HSA-5099900	15	756	33010	0		1.0	1.0
Reactome	hypermethylated	Wax And Plasmalogen Biosynthesis R-HSA-8848584	5	756	33010	0		1.0	1.0
Reactome	hypermethylated	XBP1(S) Activates Chaperone Genes R-HSA-381038	45	756	33010	0		1.0	1.0
Reactome	hypermethylated	Xenobiotics R-HSA-211981	20	756	33010	0		1.0	1.0
Reactome	hypermethylated	ZBP1(DAI) Mediated Induction Of Type I IFNs R-HSA-1606322	20	756	33010	0		1.0	1.0
Reactome	hypermethylated	Zinc Efflux And Compartmentalization By SLC30 Family R-HSA-435368	7	756	33010	0		1.0	1.0
Reactome	hypermethylated	Zinc Influx Into Cells By SLC39 Gene Family R-HSA-442380	10	756	33010	0		1.0	1.0
Reactome	hypermethylated	Zinc Transporters R-HSA-435354	17	756	33010	0		1.0	1.0
Reactome	hypermethylated	Activated TAK1 Mediates P38 MAPK Activation R-HSA-450302	16	756	33010	0		1.0	1.0
Reactome	hypermethylated	Alpha-Linolenic (Omega3) And Linoleic (Omega6) Acid Metabolism R-HSA-2046104	12	756	33010	0		1.0	1.0
Reactome	hypermethylated	cGMP Effects R-HSA-418457	15	756	33010	0		1.0	1.0
Reactome	hypermethylated	eNOS Activation R-HSA-203615	11	756	33010	0		1.0	1.0
Reactome	hypermethylated	mRNA 3-End Processing R-HSA-72187	53	756	33010	0		1.0	1.0
Reactome	hypermethylated	mRNA Capping R-HSA-72086	28	756	33010	0		1.0	1.0
Reactome	hypermethylated	mRNA Editing R-HSA-75072	8	756	33010	0		1.0	1.0
Reactome	hypermethylated	mRNA Splicing - Major Pathway R-HSA-72163	174	756	33010	0		1.0	1.0
Reactome	hypermethylated	mRNA Splicing - Minor Pathway R-HSA-72165	48	756	33010	0		1.0	1.0
Reactome	hypermethylated	mRNA Splicing R-HSA-72172	181	756	33010	0		1.0	1.0
Reactome	hypermethylated	mRNA Decay By 3 To 5 Exoribonuclease R-HSA-429958	13	756	33010	0		1.0	1.0
Reactome	hypermethylated	mRNA Decay By 5 To 3 Exoribonuclease R-HSA-430039	15	756	33010	0		1.0	1.0
Reactome	hypermethylated	mTORC1-mediated Signaling R-HSA-166208	23	756	33010	0		1.0	1.0
Reactome	hypermethylated	Mitochondrial Fatty Acid Beta-Oxidation Of Saturated Fatty Acids R-HSA-77286	11	756	33010	0		1.0	1.0
Reactome	hypermethylated	Mitochondrial Fatty Acid Beta-Oxidation Of Unsaturated Fatty Acids R-HSA-77288	6	756	33010	0		1.0	1.0
Reactome	hypermethylated	p130Cas Linkage To MAPK Signaling For Integrins R-HSA-372708	15	756	33010	0		1.0	1.0
Reactome	hypermethylated	p38MAPK Events R-HSA-171007	12	756	33010	0		1.0	1.0
Reactome	hypermethylated	p75NTR Negatively Regulates Cell Cycle Via SC1 R-HSA-193670	6	756	33010	0		1.0	1.0
Reactome	hypermethylated	p75NTR Recruits Signaling Complexes R-HSA-209543	12	756	33010	0		1.0	1.0
Reactome	hypermethylated	p75NTR Signals Via NF-kB R-HSA-193639	15	756	33010	0		1.0	1.0
Reactome	hypermethylated	rRNA Modification In Mitochondrion R-HSA-6793080	6	756	33010	0		1.0	1.0
Reactome	hypermethylated	rRNA Modification In Nucleus And Cytosol R-HSA-6790901	57	756	33010	0		1.0	1.0
Reactome	hypermethylated	rRNA Processing R-HSA-72312	189	756	33010	0		1.0	1.0
Reactome	hypermethylated	rRNA Processing In Mitochondrion R-HSA-8868766	9	756	33010	0		1.0	1.0
Reactome	hypermethylated	rRNA Processing In Nucleus And Cytosol R-HSA-8868773	180	756	33010	0		1.0	1.0
Reactome	hypermethylated	tRNA Aminoacylation R-HSA-379724	42	756	33010	0		1.0	1.0
Reactome	hypermethylated	tRNA Modification In Mitochondrion R-HSA-6787450	8	756	33010	0		1.0	1.0
Reactome	hypermethylated	tRNA Modification In Nucleus And Cytosol R-HSA-6782315	40	756	33010	0		1.0	1.0
Reactome	hypermethylated	tRNA Processing R-HSA-72306	100	756	33010	0		1.0	1.0
Reactome	hypermethylated	tRNA Processing In Mitochondrion R-HSA-6785470	4	756	33010	0		1.0	1.0
Reactome	hypermethylated	tRNA Processing In Nucleus R-HSA-6784531	55	756	33010	0		1.0	1.0
Reactome	hypermethylated	trans-Golgi Network Vesicle Budding R-HSA-199992	66	756	33010	0		1.0	1.0
Reactome	hypermethylated	vRNP Assembly R-HSA-192905	5	756	33010	0		1.0	1.0
Reactome	hypomethylated	SUMOylation Of DNA Damage Response And Repair Proteins R-HSA-3108214	73	440	33010	6	CDKN2A,MDC1,NSMCE2,NUP43,PARP1,PMEPA1	0.0004343274179711887	0.7896072458716211
Reactome	hypomethylated	Protein Repair R-HSA-5676934	6	440	33010	2	MSRA,PCMT1	0.002566374152272276	0.8441200282385283
Reactome	hypomethylated	Protein-protein Interactions At Synapses R-HSA-6794362	79	440	33010	5	DLGAP2,GRIA1,GRIN2A,NRXN3,SYT1	0.004133115098638615	0.8441200282385283
Reactome	hypomethylated	Caspase Activation Via Extrinsic Apoptotic Signaling Pathway R-HSA-5357769	25	440	33010	3	CASP8,DAPK1,TNFRSF10A	0.0043504435616432986	0.8441200282385283
Reactome	hypomethylated	RAC2 GTPase Cycle R-HSA-9013404	80	440	33010	5	ABR,TAOK3,TIAM1,TMPO,VAV3	0.004361381051130112	0.8441200282385283
Reactome	hypomethylated	TRAIL Signaling R-HSA-75158	8	440	33010	2	CASP8,TNFRSF10A	0.004706596664725315	0.8441200282385283
Reactome	hypomethylated	Neurexins And Neuroligins R-HSA-6794361	53	440	33010	4	DLGAP2,GRIN2A,NRXN3,SYT1	0.005448505061105378	0.8441200282385283
Reactome	hypomethylated	Selenocysteine Synthesis R-HSA-2408557	85	440	33010	5	RPL23,RPS15A,RPS2,RPS3A,SEPHS2	0.0056389426650697	0.8441200282385283
Reactome	hypomethylated	Folding Of Actin By CCT/TriC R-HSA-390450	9	440	33010	2	CCT5,CCT6A	0.005998159117462624	0.8441200282385283
Reactome	hypomethylated	Post-translational Modification: Synthesis Of GPI-anchored Proteins R-HSA-163125	89	440	33010	5	LSAMP,MDGA2,NTM,OPCML,PIGB	0.006835245889941982	0.8441200282385283
Reactome	hypomethylated	Immune System R-HSA-168256	1810	440	33010	37	AIM2,ANAPC1,BATF,BIN2,BPI,C4BPA,CASP8,CD1D,CD300LF,CD44,CD58,CGAS,COTL1,CXADR,DCTN2,DHX9,FBXL14,FCER1A,IL17RA,IL18,IL22RA2,KIF5A,LNX1,NFATC1,NLRP4,NUP43,PTPN22,PTPRN2,RAB27A,RAB37,RNASET2,RNF114,SLAMF7,TLR5,VAV3,ZBTB16,ZNRF2	0.006851964296166331	0.8441200282385283
Reactome	hypomethylated	Carnitine Metabolism R-HSA-200425	10	440	33010	2	PPARD,PRKAG2	0.0074318820854649735	0.8441200282385283
Reactome	hypomethylated	RUNX3 Regulates p14-ARF R-HSA-8951936	10	440	33010	2	CDKN2A,RUNX1	0.0074318820854649735	0.8441200282385283
Reactome	hypomethylated	Cell-cell Junction Organization R-HSA-421270	58	440	33010	4	CDH13,CDH4,CLDN4,SDK1	0.007494985115661134	0.8441200282385283
Reactome	hypomethylated	Post NMDA Receptor Activation Events R-HSA-438064	58	440	33010	4	ADCY8,GRIA1,GRIN2A,PRKAG2	0.007494985115661134	0.8441200282385283
Reactome	hypomethylated	Influenza Viral RNA Transcription And Replication R-HSA-168273	131	440	33010	6	NUP43,PARP1,RPL23,RPS15A,RPS2,RPS3A	0.008387997531785912	0.8441200282385283
Reactome	hypomethylated	Metabolism Of Proteins R-HSA-392499	1778	440	33010	36	ADAMTS7,APCS,B3GNT5,B3GNTL1,CCT5,CCT6A,CDKN2A,COPS5,DCTN2,FBXL14,GRIA1,HLTF,KIF5A,LSAMP,MDC1,MDGA2,MRPS17,MSRA,NSMCE2,NTM,NUP43,OPCML,PAPPA2,PARP1,PCMT1,PIGB,PMEPA1,RAB27A,RAB30,RAB37,RAD23A,RPL23,RPS15A,RPS2,RPS3A,ZBTB16	0.00875450282140297	0.8441200282385283
Reactome	hypomethylated	CASP8 Activity Is Inhibited R-HSA-5218900	11	440	33010	2	CASP8,TNFRSF10A	0.009003763812202093	0.8441200282385283
Reactome	hypomethylated	Dimerization Of Procaspase-8 R-HSA-69416	11	440	33010	2	CASP8,TNFRSF10A	0.009003763812202093	0.8441200282385283
Reactome	hypomethylated	Cytosolic Sensors Of Pathogen-Associated DNA R-HSA-1834949	62	440	33010	4	AIM2,CGAS,DHX9,NLRP4	0.00945473402788757	0.8441200282385283
Reactome	hypomethylated	Mitotic Prometaphase R-HSA-68877	178	440	33010	7	CENPN,DCTN2,HAUS6,NEK7,NUP43,PMEPA1,SMC4	0.010175644874279959	0.8441200282385283
Reactome	hypomethylated	DNA Damage Recognition In GG-NER R-HSA-5696394	34	440	33010	3	COPS5,PARP1,RAD23A	0.010362593784335553	0.8441200282385283
Reactome	hypomethylated	RHOA GTPase Cycle R-HSA-8980692	138	440	33010	6	ABR,ACBD5,FAM13A,TIAM1,TMPO,VAV3	0.010679186275844967	0.8441200282385283
Reactome	hypomethylated	Mitotic Prophase R-HSA-68875	105	440	33010	5	GORASP2,NEK7,NUP43,SMC4,TMPO	0.013396596297843474	0.9530618822162484
Reactome	hypomethylated	Nonsense Mediated Decay (NMD) Enhanced By Exon Junction Complex (EJC) R-HSA-975957	105	440	33010	5	RPL23,RPS15A,RPS2,RPS3A,SMG9	0.013396596297843474	0.9530618822162484
Reactome	hypomethylated	Activation Of NMDA Receptors And Postsynaptic Events R-HSA-442755	69	440	33010	4	ADCY8,GRIA1,GRIN2A,PRKAG2	0.013630147930485401	0.9530618822162484
Reactome	hypomethylated	Selenoamino Acid Metabolism R-HSA-2408522	108	440	33010	5	RPL23,RPS15A,RPS2,RPS3A,SEPHS2	0.014977652004746165	1.0
Reactome	hypomethylated	Influenza Infection R-HSA-168255	150	440	33010	6	NUP43,PARP1,RPL23,RPS15A,RPS2,RPS3A	0.015583407880414575	1.0
Reactome	hypomethylated	SARS-CoV-2 Modulates Host Translation Machinery R-HSA-9754678	42	440	33010	3	RPS15A,RPS2,RPS3A	0.018388797145271956	1.0
Reactome	hypomethylated	Cell-Cell Communication R-HSA-1500931	114	440	33010	5	CDH13,CDH4,CLDN4,MAGI2,SDK1	0.018503881495969043	1.0
Reactome	hypomethylated	Caspase Activation Via Death Receptors In Presence Of Ligand R-HSA-140534	16	440	33010	2	CASP8,TNFRSF10A	0.018801082481170996	1.0
Reactome	hypomethylated	STING Mediated Induction Of Host Immune Responses R-HSA-1834941	16	440	33010	2	CGAS,NLRP4	0.018801082481170996	1.0
Reactome	hypomethylated	Formation Of Ternary Complex, And Subsequently, 43S Complex R-HSA-72695	44	440	33010	3	RPS15A,RPS2,RPS3A	0.020806295441979972	1.0
Reactome	hypomethylated	SUMO E3 Ligases SUMOylate Target Proteins R-HSA-3108232	161	440	33010	6	CDKN2A,MDC1,NSMCE2,NUP43,PARP1,PMEPA1	0.021282569616181992	1.0
Reactome	hypomethylated	Cell Junction Organization R-HSA-446728	81	440	33010	4	CDH13,CDH4,CLDN4,SDK1	0.02318737123040518	1.0
Reactome	hypomethylated	Peptide Chain Elongation R-HSA-156902	81	440	33010	4	RPL23,RPS15A,RPS2,RPS3A	0.02318737123040518	1.0
Reactome	hypomethylated	M Phase R-HSA-68886	363	440	33010	10	ANAPC1,CENPN,DCTN2,GORASP2,HAUS6,NEK7,NUP43,PMEPA1,SMC4,TMPO	0.02475257663599533	1.0
Reactome	hypomethylated	RAC1 GTPase Cycle R-HSA-9013149	167	440	33010	6	ABR,FAM13A,TAOK3,TIAM1,TMPO,VAV3	0.024918489352140253	1.0
Reactome	hypomethylated	SUMOylation R-HSA-2990846	167	440	33010	6	CDKN2A,MDC1,NSMCE2,NUP43,PARP1,PMEPA1	0.024918489352140253	1.0
Reactome	hypomethylated	Eukaryotic Translation Termination R-HSA-72764	84	440	33010	4	RPL23,RPS15A,RPS2,RPS3A	0.026077812874662737	1.0
Reactome	hypomethylated	RAC3 GTPase Cycle R-HSA-9013423	84	440	33010	4	ABR,TAOK3,TIAM1,TMPO	0.026077812874662737	1.0
Reactome	hypomethylated	Viral mRNA Translation R-HSA-192823	84	440	33010	4	RPL23,RPS15A,RPS2,RPS3A	0.026077812874662737	1.0
Reactome	hypomethylated	EPH-ephrin Mediated Repulsion Of Cells R-HSA-3928665	48	440	33010	3	EPHA3,TIAM1,VAV3	0.02613885612434616	1.0
Reactome	hypomethylated	Eukaryotic Translation Elongation R-HSA-156842	85	440	33010	4	RPL23,RPS15A,RPS2,RPS3A	0.027087139798593236	1.0
Reactome	hypomethylated	Nonsense Mediated Decay (NMD) Independent Of Exon Junction Complex (EJC) R-HSA-975956	86	440	33010	4	RPL23,RPS15A,RPS2,RPS3A	0.02811953860100234	1.0
Reactome	hypomethylated	Death Receptor Signaling R-HSA-73887	128	440	33010	5	ABR,CASP8,TIAM1,TNFRSF10A,VAV3	0.028743670290038072	1.0
Reactome	hypomethylated	Synaptic Adhesion-Like Molecules R-HSA-8849932	20	440	33010	2	GRIA1,GRIN2A	0.02874653057523981	1.0
Reactome	hypomethylated	Unblocking Of NMDA Receptors, Glutamate Binding And Activation R-HSA-438066	20	440	33010	2	GRIA1,GRIN2A	0.02874653057523981	1.0
Reactome	hypomethylated	ZBP1(DAI) Mediated Induction Of Type I IFNs R-HSA-1606322	20	440	33010	2	DHX9,NLRP4	0.02874653057523981	1.0
Reactome	hypomethylated	NRAGE Signals Death Thru JNK R-HSA-193648	51	440	33010	3	ABR,TIAM1,VAV3	0.03057260793067419	1.0
Reactome	hypomethylated	Ribosomal Scanning And Start Codon Recognition R-HSA-72702	51	440	33010	3	RPS15A,RPS2,RPS3A	0.03057260793067419	1.0
Reactome	hypomethylated	Translation Initiation Complex Formation R-HSA-72649	51	440	33010	3	RPS15A,RPS2,RPS3A	0.03057260793067419	1.0
Reactome	hypomethylated	mRNA Activation Upon Binding Of Cap-Binding Complex And eIFs, Subsequent Binding To 43S R-HSA-72662	52	440	33010	3	RPS15A,RPS2,RPS3A	0.03213277151827698	1.0
Reactome	hypomethylated	Nuclear Envelope Breakdown R-HSA-2980766	52	440	33010	3	NEK7,NUP43,TMPO	0.03213277151827698	1.0
Reactome	hypomethylated	Formation Of A Pool Of Free 40S Subunits R-HSA-72689	91	440	33010	4	RPL23,RPS15A,RPS2,RPS3A	0.03363007881076928	1.0
Reactome	hypomethylated	Response Of EIF2AK4 (GCN2) To Amino Acid Deficiency R-HSA-9633012	92	440	33010	4	RPL23,RPS15A,RPS2,RPS3A	0.0348022869739564	1.0
Reactome	hypomethylated	RAB Geranylgeranylation R-HSA-8873719	55	440	33010	3	RAB27A,RAB30,RAB37	0.03705792629464808	1.0
Reactome	hypomethylated	Regulated Necrosis R-HSA-5218859	55	440	33010	3	CASP8,IL18,TNFRSF10A	0.03705792629464808	1.0
Reactome	hypomethylated	Long-term Potentiation R-HSA-9620244	23	440	33010	2	GRIA1,GRIN2A	0.0372924475436104	1.0
Reactome	hypomethylated	Defective Intrinsic Pathway For Apoptosis R-HSA-9734009	24	440	33010	2	CDKN2A,PRDX1	0.040331192875832145	1.0
Reactome	hypomethylated	Transcriptional Regulation By MECP2 R-HSA-8986944	57	440	33010	3	GRIN2A,RBFOX1,TBL1XR1	0.040543341892006986	1.0
Reactome	hypomethylated	Post-translational Protein Modification R-HSA-597592	1297	440	33010	25	ADAMTS7,B3GNT5,B3GNTL1,CDKN2A,COPS5,DCTN2,FBXL14,GRIA1,HLTF,LSAMP,MDC1,MDGA2,NSMCE2,NTM,NUP43,OPCML,PARP1,PIGB,PMEPA1,RAB27A,RAB30,RAB37,RAD23A,RPS2,ZBTB16	0.04309545512615694	1.0
Reactome	hypomethylated	L13a-mediated Translational Silencing Of Ceruloplasmin Expression R-HSA-156827	100	440	33010	4	RPL23,RPS15A,RPS2,RPS3A	0.04502606040482559	1.0
Reactome	hypomethylated	GTP Hydrolysis And Joining Of 60S Ribosomal Subunit R-HSA-72706	101	440	33010	4	RPL23,RPS15A,RPS2,RPS3A	0.04640984858616479	1.0
Reactome	hypomethylated	Formation Of Tubulin Folding Intermediates By CCT/TriC R-HSA-389960	26	440	33010	2	CCT5,CCT6A	0.046675802369531186	1.0
Reactome	hypomethylated	Insulin Processing R-HSA-264876	26	440	33010	2	KIF5A,RAB27A	0.046675802369531186	1.0
Reactome	hypomethylated	Prefoldin Mediated Transfer Of Substrate To CCT/TriC R-HSA-389957	26	440	33010	2	CCT5,CCT6A	0.046675802369531186	1.0
Reactome	hypomethylated	SRP-dependent Cotranslational Protein Targeting To Membrane R-HSA-1799339	102	440	33010	4	RPL23,RPS15A,RPS2,RPS3A	0.047817103072988795	1.0
Reactome	hypomethylated	Integration Of Energy Metabolism R-HSA-163685	103	440	33010	4	ADCY8,CACNA1A,PRKAG2,SYT5	0.049247791845055906	1.0
Reactome	hypomethylated	FCERI Mediated Ca+2 Mobilization R-HSA-2871809	27	440	33010	2	NFATC1,VAV3	0.04997587306175903	1.0
Reactome	hypomethylated	Regulation Of Necroptotic Cell Death R-HSA-5675482	27	440	33010	2	CASP8,TNFRSF10A	0.04997587306175903	1.0
Reactome	hypomethylated	G Alpha (S) Signaling Events R-HSA-418555	150	440	33010	5	ADCY8,GRK5,MC1R,PDE10A,SCT	0.05098023432322441	1.0
Reactome	hypomethylated	MECP2 Regulates Transcription Factors R-HSA-9022707	4	440	33010	1	RBFOX1	0.05226292475856247	1.0
Reactome	hypomethylated	Adherens Junctions Interactions R-HSA-418990	28	440	33010	2	CDH13,CDH4	0.05335736051604317	1.0
Reactome	hypomethylated	Transcriptional Regulation Of Pluripotent Stem Cells R-HSA-452723	28	440	33010	2	PBX1,SALL1	0.05335736051604317	1.0
Reactome	hypomethylated	Hemostasis R-HSA-109582	530	440	33010	12	APBB1IP,CD44,CD58,CXADR,HBE1,HBG2,KIF5A,PDE10A,PRKCH,S100A10,TNFRSF10A,VAV3	0.05360995616774837	1.0
Reactome	hypomethylated	Diseases Of Programmed Cell Death R-HSA-9645723	64	440	33010	3	CASP8,CDKN2A,PRDX1	0.053983919432984216	1.0
Reactome	hypomethylated	Innate Immune System R-HSA-168249	955	440	33010	19	AIM2,BIN2,BPI,C4BPA,CASP8,CD44,CD58,CGAS,COTL1,DHX9,FCER1A,NFATC1,NLRP4,PTPRN2,RAB27A,RAB37,RNASET2,TLR5,VAV3	0.055673835274595976	1.0
Reactome	hypomethylated	Glycolysis R-HSA-70171	65	440	33010	3	ENO1,HOOK2,NUP43	0.05605776404139093	1.0
Reactome	hypomethylated	Cap-dependent Translation Initiation R-HSA-72737	108	440	33010	4	RPL23,RPS15A,RPS2,RPS3A	0.05675120542340053	1.0
Reactome	hypomethylated	Inactivation, Recovery And Regulation Of Phototransduction Cascade R-HSA-2514859	29	440	33010	2	GRK7,PDE6B	0.05681751900422221	1.0
Reactome	hypomethylated	Myogenesis R-HSA-525793	29	440	33010	2	CDH4,CTNNA2	0.05681751900422221	1.0
Reactome	hypomethylated	RIPK1-mediated Regulated Necrosis R-HSA-5213460	29	440	33010	2	CASP8,TNFRSF10A	0.05681751900422221	1.0
Reactome	hypomethylated	Neuronal System R-HSA-112316	365	440	33010	9	ADCY8,CACNA1A,DLGAP2,GRIA1,GRIN2A,KCNA1,NRXN3,PRKAG2,SYT1	0.057350475423937286	1.0
Reactome	hypomethylated	Immunoregulatory Interactions Between A Lymphoid And A non-Lymphoid Cell R-HSA-198933	110	440	33010	4	CD1D,CD300LF,CXADR,SLAMF7	0.059914820132888	1.0
Reactome	hypomethylated	Cell Death Signaling Via NRAGE, NRIF And NADE R-HSA-204998	67	440	33010	3	ABR,TIAM1,VAV3	0.06031745885714393	1.0
Reactome	hypomethylated	Phototransduction Cascade R-HSA-2514856	30	440	33010	2	GRK7,PDE6B	0.060353661234102976	1.0
Reactome	hypomethylated	Sensory Perception R-HSA-9709957	485	440	33010	11	ADCY8,ANO2,EZR,GRK7,OR10J1,OR10K2,OR10Z1,OR2M3,OR6K2,PDE6B,RIMBP2	0.06217322404081903	1.0
Reactome	hypomethylated	Cooperation Of Prefoldin And TriC/CCT In Actin And Tubulin Folding R-HSA-389958	31	440	33010	2	CCT5,CCT6A	0.06396315728536005	1.0
Reactome	hypomethylated	Activated NTRK2 Signals Thru CDK5 R-HSA-9032845	5	440	33010	1	TIAM1	0.06489712196834957	1.0
Reactome	hypomethylated	Defective RIPK1-mediated Regulated Necrosis R-HSA-9693928	5	440	33010	1	CASP8	0.06489712196834957	1.0
Reactome	hypomethylated	FasL/ CD95L Signaling R-HSA-75157	5	440	33010	1	CASP8	0.06489712196834957	1.0
Reactome	hypomethylated	IRF3 Mediated Activation Of Type 1 IFN R-HSA-1606341	5	440	33010	1	NLRP4	0.06489712196834957	1.0
Reactome	hypomethylated	Loss Of MECP2 Binding Ability To NCoR/SMRT Complex R-HSA-9022537	5	440	33010	1	TBL1XR1	0.06489712196834957	1.0
Reactome	hypomethylated	RUNX1 Regulates Expression Of Components Of Tight Junctions R-HSA-8935964	5	440	33010	1	RUNX1	0.06489712196834957	1.0
Reactome	hypomethylated	RUNX1 Regulates Transcription Of Genes Involved In WNT Signaling R-HSA-8939256	5	440	33010	1	RUNX1	0.06489712196834957	1.0
Reactome	hypomethylated	RUNX1 Regulates Transcription Of Genes Involved In Interleukin Signaling R-HSA-8939247	5	440	33010	1	RUNX1	0.06489712196834957	1.0
Reactome	hypomethylated	Signaling By Membrane-Tethered Fusions Of PDGFRA Or PDGFRB R-HSA-9673768	5	440	33010	1	BIN2	0.06489712196834957	1.0
Reactome	hypomethylated	RHOC GTPase Cycle R-HSA-9013106	71	440	33010	3	ABR,ACBD5,TMPO	0.06927449704315111	1.0
Reactome	hypomethylated	G Alpha (12/13) Signaling Events R-HSA-416482	72	440	33010	3	ABR,TIAM1,VAV3	0.07160266082969662	1.0
Reactome	hypomethylated	HSF1-dependent Transactivation R-HSA-3371571	34	440	33010	2	DNAJB6,HSPB8	0.07520630789444921	1.0
Reactome	hypomethylated	Cell Cycle, Mitotic R-HSA-69278	503	440	33010	11	ANAPC1,CDKN2A,CENPN,DCTN2,GORASP2,HAUS6,NEK7,NUP43,PMEPA1,SMC4,TMPO	0.07595463184049092	1.0
Reactome	hypomethylated	Oncogenic MAPK Signaling R-HSA-6802957	74	440	33010	3	APBB1IP,KIAA1549,SPRED2	0.07636281138989218	1.0
Reactome	hypomethylated	Cell Surface Interactions At Vascular Wall R-HSA-202733	120	440	33010	4	CD44,CD58,CXADR,TNFRSF10A	0.07709572397130231	1.0
Reactome	hypomethylated	CLEC7A/inflammasome Pathway R-HSA-5660668	6	440	33010	1	CASP8	0.07736327153156503	1.0
Reactome	hypomethylated	Insulin-like Growth Factor-2 mRNA Binding Proteins (IGF2BPs/IMPs/VICKZs) Bind RNA R-HSA-428359	6	440	33010	1	CD44	0.07736327153156503	1.0
Reactome	hypomethylated	Microbial Modulation Of RIPK1-mediated Regulated Necrosis R-HSA-9686347	6	440	33010	1	CASP8	0.07736327153156503	1.0
Reactome	hypomethylated	RAS Signaling Downstream Of NF1 Loss-Of-Function Variants R-HSA-6802953	6	440	33010	1	SPRED2	0.07736327153156503	1.0
Reactome	hypomethylated	RUNX1 Regulates Estrogen Receptor Mediated Transcription R-HSA-8931987	6	440	33010	1	RUNX1	0.07736327153156503	1.0
Reactome	hypomethylated	RUNX1 Regulates Transcription Of Genes Involved In BCR Signaling R-HSA-8939245	6	440	33010	1	RUNX1	0.07736327153156503	1.0
Reactome	hypomethylated	TLR3-mediated TICAM1-dependent Programmed Cell Death R-HSA-9013957	6	440	33010	1	CASP8	0.07736327153156503	1.0
Reactome	hypomethylated	Association Of TriC/CCT With Target Proteins During Biosynthesis R-HSA-390471	35	440	33010	2	CCT5,CCT6A	0.07908403121520201	1.0
Reactome	hypomethylated	Regulation Of Insulin Secretion R-HSA-422356	76	440	33010	3	ADCY8,CACNA1A,SYT5	0.08125855325891838	1.0
Reactome	hypomethylated	Adaptive Immune System R-HSA-1280218	692	440	33010	14	ANAPC1,CD1D,CD300LF,CXADR,DCTN2,FBXL14,KIF5A,LNX1,NFATC1,PTPN22,RNF114,SLAMF7,ZBTB16,ZNRF2	0.08208117354226992	1.0
Reactome	hypomethylated	SARS-CoV-2-host Interactions R-HSA-9705683	173	440	33010	5	IL17RA,NUP43,RPS15A,RPS2,RPS3A	0.08258872305556757	1.0
Reactome	hypomethylated	Nuclear Pore Complex (NPC) Disassembly R-HSA-3301854	36	440	33010	2	NEK7,NUP43	0.08302278332603169	1.0
Reactome	hypomethylated	Global Genome Nucleotide Excision Repair (GG-NER) R-HSA-5696399	78	440	33010	3	COPS5,PARP1,RAD23A	0.08628638650396626	1.0
Reactome	hypomethylated	Cooperation Of PDCL (PhLP1) And TRiC/CCT In G-protein Beta Folding R-HSA-6814122	37	440	33010	2	CCT5,CCT6A	0.08702025717331084	1.0
Reactome	hypomethylated	Signal Transduction R-HSA-162582	2341	440	33010	39	ABR,ACBD5,ADCY8,ALDH1A3,APBB1IP,BCL9,CASP8,CCT6A,CENPN,FAM13A,GATAD2B,GRK5,ITGA8,KIF5A,MC1R,NFATC1,NIPSNAP2,NUP43,PARP1,PBX1,PDE10A,PDE6B,PMEPA1,PPARD,PRKAG2,PRKCH,RGS10,RUNX1,SCT,SPRED2,TAOK3,TBL1XR1,TIAM1,TMPO,TNFRSF10A,VAV3,WNT5B,WWOX,ZNF217	0.08930574883185093	1.0
Reactome	hypomethylated	Activation Of NIMA Kinases NEK9, NEK6, NEK7 R-HSA-2980767	7	440	33010	1	NEK7	0.08966360362846575	1.0
Reactome	hypomethylated	Anchoring Fibril Formation R-HSA-2214320	7	440	33010	1	TLL2	0.08966360362846575	1.0
Reactome	hypomethylated	DEx/H-box Helicases Activate Type I IFN And Inflammatory Cytokines Production R-HSA-3134963	7	440	33010	1	DHX9	0.08966360362846575	1.0
Reactome	hypomethylated	RUNX1 Regulates Transcription Of Genes Involved In Differentiation Of Myeloid Cells R-HSA-8939246	7	440	33010	1	RUNX1	0.08966360362846575	1.0
Reactome	hypomethylated	RUNX3 Regulates CDKN1A Transcription R-HSA-8941855	7	440	33010	1	ZFHX3	0.08966360362846575	1.0
Reactome	hypomethylated	Olfactory Signaling Pathway R-HSA-381753	287	440	33010	7	ADCY8,ANO2,OR10J1,OR10K2,OR10Z1,OR2M3,OR6K2	0.09100670319861302	1.0
Reactome	hypomethylated	Transmission Across Chemical Synapses R-HSA-112315	233	440	33010	6	ADCY8,CACNA1A,GRIA1,GRIN2A,PRKAG2,SYT1	0.09285113863034845	1.0
Reactome	hypomethylated	Formation Of Incision Complex In GG-NER R-HSA-5696395	39	440	33010	2	PARP1,RAD23A	0.09518239297460848	1.0
Reactome	hypomethylated	Signaling By Retinoic Acid R-HSA-5362517	39	440	33010	2	ALDH1A3,PPARD	0.09518239297460848	1.0
Reactome	hypomethylated	Transcriptional Regulation By VENTX R-HSA-8853884	39	440	33010	2	ANAPC1,CDKN2A	0.09518239297460848	1.0
Reactome	hypomethylated	Infectious Disease R-HSA-5663205	898	440	33010	17	ADCY8,ENO1,GATAD2B,IL17RA,IL18,MC1R,NUP43,PARP1,PARP4,RPL23,RPS15A,RPS2,RPS3A,SCT,SYT1,TBL1XR1,VAV3	0.09522017386881541	1.0
Reactome	hypomethylated	AMPK Inhibits chREBP Transcriptional Activity R-HSA-163680	8	440	33010	1	PRKAG2	0.10180031890900008	1.0
Reactome	hypomethylated	Cohesin Loading Onto Chromatin R-HSA-2470946	8	440	33010	1	PMEPA1	0.10180031890900008	1.0
Reactome	hypomethylated	Interleukin-18 Signaling R-HSA-9012546	8	440	33010	1	IL18	0.10180031890900008	1.0
Reactome	hypomethylated	Netrin Mediated Repulsion Signals R-HSA-418886	8	440	33010	1	UNC5D	0.10180031890900008	1.0
Reactome	hypomethylated	POLB-Dependent Long Patch Base Excision Repair R-HSA-110362	8	440	33010	1	PARP1	0.10180031890900008	1.0
Reactome	hypomethylated	RUNX1 Regulates Transcription Of Genes Involved In Differentiation Of Keratinocytes R-HSA-8939242	8	440	33010	1	RUNX1	0.10180031890900008	1.0
Reactome	hypomethylated	Ubiquinol Biosynthesis R-HSA-2142789	8	440	33010	1	COQ3	0.10180031890900008	1.0
Reactome	hypomethylated	Glucose Metabolism R-HSA-70326	84	440	33010	3	ENO1,HOOK2,NUP43	0.1021260927312675	1.0
Reactome	hypomethylated	RHO GTPase Cycle R-HSA-9012999	412	440	33010	9	ABR,ACBD5,CCT6A,FAM13A,NIPSNAP2,TAOK3,TIAM1,TMPO,VAV3	0.10217804446446781	1.0
Reactome	hypomethylated	Intra-Golgi Traffic R-HSA-6811438	41	440	33010	2	CUX1,RAB30	0.10355297374406815	1.0
Reactome	hypomethylated	Disease R-HSA-1643685	1631	440	33010	28	ADAMTS7,ADCY8,ANAPC1,APBB1IP,BIN2,CASP8,CDKN2A,CUX1,ENO1,GATAD2B,IL17RA,IL18,KIAA1549,MC1R,NUP43,PARP1,PARP4,PRDX1,RPL23,RPS15A,RPS2,RPS3A,SCT,SPRED2,SYT1,TBL1XR1,TLR5,VAV3	0.10399696058596786	1.0
Reactome	hypomethylated	P75 NTR Receptor-Mediated Signaling R-HSA-193704	87	440	33010	3	ABR,TIAM1,VAV3	0.1104481024424507	1.0
Reactome	hypomethylated	PKMTs Methylate Histone Lysines R-HSA-3214841	43	440	33010	2	PRDM16,SMYD3	0.11211529742595126	1.0
Reactome	hypomethylated	RNA Polymerase I Transcription Initiation R-HSA-73762	43	440	33010	2	GATAD2B,TAF1D	0.11211529742595126	1.0
Reactome	hypomethylated	Signaling By Rho GTPases R-HSA-194315	605	440	33010	12	ABR,ACBD5,CCT6A,CENPN,FAM13A,KIF5A,NIPSNAP2,NUP43,TAOK3,TIAM1,TMPO,VAV3	0.11314487318956384	1.0
Reactome	hypomethylated	CDC42 GTPase Cycle R-HSA-9013148	138	440	33010	4	ABR,TIAM1,TMPO,VAV3	0.11343372781492443	1.0
Reactome	hypomethylated	Adenylate Cyclase Activating Pathway R-HSA-170660	9	440	33010	1	ADCY8	0.11377558888294231	1.0
Reactome	hypomethylated	Calcineurin Activates NFAT R-HSA-2025928	9	440	33010	1	NFATC1	0.11377558888294231	1.0
Reactome	hypomethylated	Caspase Activation Via Dependence Receptors In Absence Of Ligand R-HSA-418889	9	440	33010	1	DAPK1	0.11377558888294231	1.0
Reactome	hypomethylated	Establishment Of Sister Chromatid Cohesion R-HSA-2468052	9	440	33010	1	PMEPA1	0.11377558888294231	1.0
Reactome	hypomethylated	Interleukin-1 Processing R-HSA-448706	9	440	33010	1	IL18	0.11377558888294231	1.0
Reactome	hypomethylated	Lipophagy R-HSA-9613354	9	440	33010	1	PRKAG2	0.11377558888294231	1.0
Reactome	hypomethylated	RUNX1 And FOXP3 Control Development Of Regulatory T Lymphocytes (Tregs) R-HSA-8877330	9	440	33010	1	RUNX1	0.11377558888294231	1.0
Reactome	hypomethylated	Serine Biosynthesis R-HSA-977347	9	440	33010	1	PSPH	0.11377558888294231	1.0
Reactome	hypomethylated	Sperm Motility And Taxes R-HSA-1300642	9	440	33010	1	CATSPERG	0.11377558888294231	1.0
Reactome	hypomethylated	TRIF-mediated Programmed Cell Death R-HSA-2562578	9	440	33010	1	CASP8	0.11377558888294231	1.0
Reactome	hypomethylated	Signaling By Nuclear Receptors R-HSA-9006931	248	440	33010	6	ALDH1A3,PMEPA1,PPARD,RUNX1,TBL1XR1,ZNF217	0.11565412731275412	1.0
Reactome	hypomethylated	EPH-Ephrin Signaling R-HSA-2682334	89	440	33010	3	EPHA3,TIAM1,VAV3	0.11613625200206514	1.0
Reactome	hypomethylated	Signaling By TGF-beta Receptor Complex R-HSA-170834	89	440	33010	3	ITGA8,PARP1,PMEPA1	0.11613625200206514	1.0
Reactome	hypomethylated	TGF-beta Receptor Signaling Activates SMADs R-HSA-2173789	44	440	33010	2	ITGA8,PMEPA1	0.11646334513947372	1.0
Reactome	hypomethylated	TP53 Regulates Transcription Of Cell Death Genes R-HSA-5633008	44	440	33010	2	BCL2L14,TNFRSF10A	0.11646334513947372	1.0
Reactome	hypomethylated	Visual Phototransduction R-HSA-2187338	90	440	33010	3	GRK7,PDE6B,RIMBP2	0.11902090552910773	1.0
Reactome	hypomethylated	Gene Expression (Transcription) R-HSA-74160	1390	440	33010	24	ANAPC1,BCL2L14,CDKN2A,GATAD2B,GRIN2A,HENMT1,MDC1,NUP43,PARP1,PPARD,PRDX1,PRKAG2,RBFOX1,RPRD2,RUNX1,SRSF7,TAF1D,TBL1XR1,TNFRSF10A,WWOX,ZFHX3,ZNF169,ZNF184,ZNF212	0.1195700233197124	1.0
Reactome	hypomethylated	Transcriptional Regulation By RUNX3 R-HSA-8878159	92	440	33010	3	CDKN2A,RUNX1,ZFHX3	0.12486891159049979	1.0
Reactome	hypomethylated	Activation Of AMPK Downstream Of NMDARs R-HSA-9619483	10	440	33010	1	PRKAG2	0.1255915563048842	1.0
Reactome	hypomethylated	Activation Of PPARGC1A (PGC-1alpha) By Phosphorylation R-HSA-2151209	10	440	33010	1	PRKAG2	0.1255915563048842	1.0
Reactome	hypomethylated	Condensation Of Prometaphase Chromosomes R-HSA-2514853	10	440	33010	1	SMC4	0.1255915563048842	1.0
Reactome	hypomethylated	Crosslinking Of Collagen Fibrils R-HSA-2243919	10	440	33010	1	TLL2	0.1255915563048842	1.0
Reactome	hypomethylated	Disorders Of Developmental Biology R-HSA-9675151	10	440	33010	1	TBL1XR1	0.1255915563048842	1.0
Reactome	hypomethylated	Negative Regulation Of Activity Of TFAP2 (AP-2) Family Transcription Factors R-HSA-8866904	10	440	33010	1	WWOX	0.1255915563048842	1.0
Reactome	hypomethylated	Neurotoxicity Of Clostridium Toxins R-HSA-168799	10	440	33010	1	SYT1	0.1255915563048842	1.0
Reactome	hypomethylated	Organic Cation Transport R-HSA-549127	10	440	33010	1	RUNX1	0.1255915563048842	1.0
Reactome	hypomethylated	POU5F1 (OCT4), SOX2, NANOG Activate Genes Related To Proliferation R-HSA-2892247	10	440	33010	1	SALL1	0.1255915563048842	1.0
Reactome	hypomethylated	RHO GTPases Activate KTN1 R-HSA-5625970	10	440	33010	1	KIF5A	0.1255915563048842	1.0
Reactome	hypomethylated	Transport Of Organic Anions R-HSA-879518	10	440	33010	1	SLCO3A1	0.1255915563048842	1.0
Reactome	hypomethylated	Cellular Response To Starvation R-HSA-9711097	144	440	33010	4	RPL23,RPS15A,RPS2,RPS3A	0.12696302362971465	1.0
Reactome	hypomethylated	SARS-CoV-2 Infection R-HSA-9694516	255	440	33010	6	IL17RA,NUP43,PARP4,RPS15A,RPS2,RPS3A	0.12717539089711288	1.0
Reactome	hypomethylated	Signaling By Rho GTPases, Miro GTPases And RHOBTB3 R-HSA-9716542	619	440	33010	12	ABR,ACBD5,CCT6A,CENPN,FAM13A,KIF5A,NIPSNAP2,NUP43,TAOK3,TIAM1,TMPO,VAV3	0.12735473638520553	1.0
Reactome	hypomethylated	Axon Guidance R-HSA-422475	496	440	33010	10	EPHA3,EZR,RPL23,RPS15A,RPS2,RPS3A,SCN1A,TIAM1,UNC5D,VAV3	0.1293083468350476	1.0
Reactome	hypomethylated	G Alpha (Z) Signaling Events R-HSA-418597	47	440	33010	2	ADCY8,PRKCH	0.12975201233186476	1.0
Reactome	hypomethylated	Programmed Cell Death R-HSA-5357801	200	440	33010	5	CASP8,CDKN2A,DAPK1,IL18,TNFRSF10A	0.13013848120515228	1.0
Reactome	hypomethylated	EML4 And NUDC In Mitotic Spindle Formation R-HSA-9648025	95	440	33010	3	CENPN,NEK7,NUP43	0.13383025535264792	1.0
Reactome	hypomethylated	Cellular Responses To Stress R-HSA-2262752	689	440	33010	13	ANAPC1,ASF1A,CDKN2A,DCTN2,DNAJB6,HSPB8,NUP43,PRDX1,RPL23,RPS15A,RPS2,RPS3A,TBL1XR1	0.13424671847127	1.0
Reactome	hypomethylated	Netrin-1 Signaling R-HSA-373752	48	440	33010	2	EZR,UNC5D	0.13425693216697426	1.0
Reactome	hypomethylated	Cellular Response To Heat Stress R-HSA-3371556	96	440	33010	3	DNAJB6,HSPB8,NUP43	0.13686587677532025	1.0
Reactome	hypomethylated	Activation Of TFAP2 (AP-2) Family Of Transcription Factors R-HSA-8866907	11	440	33010	1	WWOX	0.13725033555415247	1.0
Reactome	hypomethylated	Activation Of Phototransduction Cascade R-HSA-2485179	11	440	33010	1	PDE6B	0.13725033555415247	1.0
Reactome	hypomethylated	CLEC7A (Dectin-1) Induces NFAT Activation R-HSA-5607763	11	440	33010	1	NFATC1	0.13725033555415247	1.0
Reactome	hypomethylated	CREB1 Phosphorylation Thru Activation Of Adenylate Cyclase R-HSA-442720	11	440	33010	1	ADCY8	0.13725033555415247	1.0
Reactome	hypomethylated	Josephin Domain DUBs R-HSA-5689877	11	440	33010	1	RAD23A	0.13725033555415247	1.0
Reactome	hypomethylated	Mitotic Telophase/Cytokinesis R-HSA-68884	11	440	33010	1	PMEPA1	0.13725033555415247	1.0
Reactome	hypomethylated	NF-kB Activation Thru FADD/RIP-1 Pathway Mediated By Caspase-8 And -10 R-HSA-933543	11	440	33010	1	CASP8	0.13725033555415247	1.0
Reactome	hypomethylated	Cell Cycle R-HSA-1640170	630	440	33010	12	ANAPC1,CDKN2A,CENPN,DCTN2,GORASP2,HAUS6,MDC1,NEK7,NUP43,PMEPA1,SMC4,TMPO	0.1391881843003915	1.0
Reactome	hypomethylated	Neutrophil Degranulation R-HSA-6798695	444	440	33010	9	BIN2,BPI,CD44,CD58,COTL1,PTPRN2,RAB27A,RAB37,RNASET2	0.14159943314163118	1.0
Reactome	hypomethylated	Nucleotide-binding Domain, Leucine Rich Repeat Containing NLR Signaling Pathways R-HSA-168643	50	440	33010	2	AIM2,CASP8	0.1433691945770268	1.0
Reactome	hypomethylated	Pyruvate Metabolism And Citric Acid (TCA) Cycle R-HSA-71406	51	440	33010	2	ADHFE1,PPARD	0.14797313688912286	1.0
Reactome	hypomethylated	RHOJ GTPase Cycle R-HSA-9013409	51	440	33010	2	NIPSNAP2,TMPO	0.14797313688912286	1.0
Reactome	hypomethylated	Caspase-mediated Cleavage Of Cytoskeletal Proteins R-HSA-264870	12	440	33010	1	CASP8	0.14875401300971694	1.0
Reactome	hypomethylated	Dissolution Of Fibrin Clot R-HSA-75205	12	440	33010	1	S100A10	0.14875401300971694	1.0
Reactome	hypomethylated	FGFRL1 Modulation Of FGFR1 Signaling R-HSA-5658623	12	440	33010	1	SPRED2	0.14875401300971694	1.0
Reactome	hypomethylated	Glutathione Synthesis And Recycling R-HSA-174403	12	440	33010	1	CNDP2	0.14875401300971694	1.0
Reactome	hypomethylated	HDR Thru MMEJ (alt-NHEJ) R-HSA-5685939	12	440	33010	1	PARP1	0.14875401300971694	1.0
Reactome	hypomethylated	Hyaluronan Uptake And Degradation R-HSA-2160916	12	440	33010	1	CD44	0.14875401300971694	1.0
Reactome	hypomethylated	Maturation Of Nucleoprotein R-HSA-9683610	12	440	33010	1	PARP4	0.14875401300971694	1.0
Reactome	hypomethylated	Presynaptic Depolarization And Calcium Channel Opening R-HSA-112308	12	440	33010	1	CACNA1A	0.14875401300971694	1.0
Reactome	hypomethylated	Purine Salvage R-HSA-74217	12	440	33010	1	GMPR	0.14875401300971694	1.0
Reactome	hypomethylated	TP53 Regulates Transcription Of Death Receptors And Ligands R-HSA-6803211	12	440	33010	1	TNFRSF10A	0.14875401300971694	1.0
Reactome	hypomethylated	Cellular Responses To Stimuli R-HSA-8953897	703	440	33010	13	ANAPC1,ASF1A,CDKN2A,DCTN2,DNAJB6,HSPB8,NUP43,PRDX1,RPL23,RPS15A,RPS2,RPS3A,TBL1XR1	0.1490550733731066	1.0
Reactome	hypomethylated	Resolution Of Sister Chromatid Cohesion R-HSA-2500257	101	440	33010	3	CENPN,NUP43,PMEPA1	0.15238545020376768	1.0
Reactome	hypomethylated	HDACs Deacetylate Histones R-HSA-3214815	52	440	33010	2	GATAD2B,TBL1XR1	0.15260675150395664	1.0
Reactome	hypomethylated	Nervous System Development R-HSA-9675108	520	440	33010	10	EPHA3,EZR,RPL23,RPS15A,RPS2,RPS3A,SCN1A,TIAM1,UNC5D,VAV3	0.15956677085465495	1.0
Reactome	hypomethylated	Adenylate Cyclase Inhibitory Pathway R-HSA-170670	13	440	33010	1	ADCY8	0.16010464742015762	1.0
Reactome	hypomethylated	IRF3-mediated Induction Of Type I IFN R-HSA-3270619	13	440	33010	1	NLRP4	0.16010464742015762	1.0
Reactome	hypomethylated	TNFR1-induced Proapoptotic Signaling R-HSA-5357786	13	440	33010	1	CASP8	0.16010464742015762	1.0
Reactome	hypomethylated	Translocation Of ZAP-70 To Immunological Synapse R-HSA-202430	13	440	33010	1	PTPN22	0.16010464742015762	1.0
Reactome	hypomethylated	Regulation Of Expression Of SLITs And ROBOs R-HSA-9010553	158	440	33010	4	RPL23,RPS15A,RPS2,RPS3A	0.16094064321208257	1.0
Reactome	hypomethylated	Nucleotide Excision Repair R-HSA-5696398	104	440	33010	3	COPS5,PARP1,RAD23A	0.16195253343844251	1.0
Reactome	hypomethylated	O-linked Glycosylation R-HSA-5173105	104	440	33010	3	ADAMTS7,B3GNT5,B3GNTL1	0.16195253343844251	1.0
Reactome	hypomethylated	ECM Proteoglycans R-HSA-3000178	54	440	33010	2	ITGA8,TNR	0.16195662044613243	1.0
Reactome	hypomethylated	Intrinsic Pathway For Apoptosis R-HSA-109606	54	440	33010	2	CASP8,CDKN2A	0.16195662044613243	1.0
Reactome	hypomethylated	SARS-CoV Infections R-HSA-9679506	336	440	33010	7	GATAD2B,IL17RA,NUP43,PARP4,RPS15A,RPS2,RPS3A	0.16391690773999842	1.0
Reactome	hypomethylated	Chromatin Modifying Enzymes R-HSA-3247509	217	440	33010	5	GATAD2B,PRDM16,RPS2,SMYD3,TBL1XR1	0.165193970164028	1.0
Reactome	hypomethylated	Depolymerisation Of Nuclear Lamina R-HSA-4419969	14	440	33010	1	TMPO	0.1713042702687538	1.0
Reactome	hypomethylated	Golgi Cisternae Pericentriolar Stack Reorganization R-HSA-162658	14	440	33010	1	GORASP2	0.1713042702687538	1.0
Reactome	hypomethylated	Regulation Of Pyruvate Dehydrogenase (PDH) Complex R-HSA-204174	14	440	33010	1	PPARD	0.1713042702687538	1.0
Reactome	hypomethylated	TP53 Regulates Transcription Of Additional Cell Death Genes With Uncertain Roles In P53-Dependent Apoptosis R-HSA-6803205	14	440	33010	1	BCL2L14	0.1713042702687538	1.0
Reactome	hypomethylated	RNA Polymerase II Transcription R-HSA-73857	1257	440	33010	21	ANAPC1,BCL2L14,CDKN2A,GATAD2B,GRIN2A,MDC1,PARP1,PPARD,PRDX1,PRKAG2,RBFOX1,RPRD2,RUNX1,SRSF7,TBL1XR1,TNFRSF10A,WWOX,ZFHX3,ZNF169,ZNF184,ZNF212	0.1722890108628534	1.0
Reactome	hypomethylated	Mitotic Spindle Checkpoint R-HSA-69618	108	440	33010	3	ANAPC1,CENPN,NUP43	0.1749789648471801	1.0
Reactome	hypomethylated	O-linked Glycosylation Of Mucins R-HSA-913709	57	440	33010	2	B3GNT5,B3GNTL1	0.17616507300669257	1.0
Reactome	hypomethylated	Separation Of Sister Chromatids R-HSA-2467813	164	440	33010	4	ANAPC1,CENPN,NUP43,PMEPA1	0.17642227035022326	1.0
Reactome	hypomethylated	Mitotic Anaphase R-HSA-68882	224	440	33010	5	ANAPC1,CENPN,NUP43,PMEPA1,TMPO	0.18061790232838218	1.0
Reactome	hypomethylated	Transcriptional Regulation By TP53 R-HSA-3700989	346	440	33010	7	BCL2L14,CDKN2A,GATAD2B,MDC1,PRDX1,PRKAG2,TNFRSF10A	0.18132563081879063	1.0
Reactome	hypomethylated	GRB2:SOS Provides Linkage To MAPK Signaling For Integrins R-HSA-354194	15	440	33010	1	APBB1IP	0.18235488613376027	1.0
Reactome	hypomethylated	Organic Cation/Anion/Zwitterion Transport R-HSA-549132	15	440	33010	1	RUNX1	0.18235488613376027	1.0
Reactome	hypomethylated	Regulation Of Innate Immune Responses To Cytosolic DNA R-HSA-3134975	15	440	33010	1	NLRP4	0.18235488613376027	1.0
Reactome	hypomethylated	Trafficking Of GluR2-containing AMPA Receptors R-HSA-416993	15	440	33010	1	GRIA1	0.18235488613376027	1.0
Reactome	hypomethylated	cGMP Effects R-HSA-418457	15	440	33010	1	PDE10A	0.18235488613376027	1.0
Reactome	hypomethylated	p130Cas Linkage To MAPK Signaling For Integrins R-HSA-372708	15	440	33010	1	APBB1IP	0.18235488613376027	1.0
Reactome	hypomethylated	Mitotic Metaphase And Anaphase R-HSA-2555396	225	440	33010	5	ANAPC1,CENPN,NUP43,PMEPA1,TMPO	0.18286417345172662	1.0
Reactome	hypomethylated	Estrogen-dependent Gene Expression R-HSA-9018519	111	440	33010	3	PMEPA1,RUNX1,ZNF217	0.18493448415077443	1.0
Reactome	hypomethylated	Generic Transcription Pathway R-HSA-212436	1141	440	33010	19	ANAPC1,BCL2L14,CDKN2A,GATAD2B,GRIN2A,MDC1,PARP1,PPARD,PRDX1,PRKAG2,RBFOX1,RUNX1,TBL1XR1,TNFRSF10A,WWOX,ZFHX3,ZNF169,ZNF184,ZNF212	0.1905314874554166	1.0
Reactome	hypomethylated	Signaling By BRAF And RAF1 Fusions R-HSA-6802952	60	440	33010	2	APBB1IP,KIAA1549	0.19055909387231162	1.0
Reactome	hypomethylated	Developmental Biology R-HSA-1266738	1008	440	33010	17	CDH4,CTNNA2,EPHA3,EZR,KRTAP12-3,PBX1,RPL23,RPS15A,RPS2,RPS3A,RUNX1,SALL1,SCN1A,TBL1XR1,TIAM1,UNC5D,VAV3	0.19283878001987173	1.0
Reactome	hypomethylated	Hyaluronan Metabolism R-HSA-2142845	16	440	33010	1	CD44	0.19325847304393282	1.0
Reactome	hypomethylated	PKA Activation In Glucagon Signaling R-HSA-164378	16	440	33010	1	ADCY8	0.19325847304393282	1.0
Reactome	hypomethylated	Phosphorylation Of CD3 And TCR Zeta Chains R-HSA-202427	16	440	33010	1	PTPN22	0.19325847304393282	1.0
Reactome	hypomethylated	RIP-mediated NFkB Activation Via ZBP1 R-HSA-1810476	16	440	33010	1	DHX9	0.19325847304393282	1.0
Reactome	hypomethylated	Apoptosis R-HSA-109581	171	440	33010	4	CASP8,CDKN2A,DAPK1,TNFRSF10A	0.1950888449836681	1.0
Reactome	hypomethylated	Major Pathway Of rRNA Processing In Nucleolus And Cytosol R-HSA-6791226	171	440	33010	4	RPL23,RPS15A,RPS2,RPS3A	0.1950888449836681	1.0
Reactome	hypomethylated	Neurotransmitter Receptors And Postsynaptic Signal Transmission R-HSA-112314	171	440	33010	4	ADCY8,GRIA1,GRIN2A,PRKAG2	0.1950888449836681	1.0
Reactome	hypomethylated	Ca2+ Pathway R-HSA-4086398	61	440	33010	2	NFATC1,PDE6B	0.19539192679834474	1.0
Reactome	hypomethylated	Antigen Processing: Ubiquitination And Proteasome Degradation R-HSA-983168	294	440	33010	6	ANAPC1,FBXL14,LNX1,RNF114,ZBTB16,ZNRF2	0.20044331062912477	1.0
Reactome	hypomethylated	Signaling By TGFB Family Members R-HSA-9006936	116	440	33010	3	ITGA8,PARP1,PMEPA1	0.2018423732824253	1.0
Reactome	hypomethylated	Leishmania Infection R-HSA-9658195	234	440	33010	5	ADCY8,IL18,MC1R,SCT,VAV3	0.2035283563398878	1.0
Reactome	hypomethylated	Acetylcholine Neurotransmitter Release Cycle R-HSA-264642	17	440	33010	1	SYT1	0.20401698282936873	1.0
Reactome	hypomethylated	Azathioprine ADME R-HSA-9748787	17	440	33010	1	VAV3	0.20401698282936873	1.0
Reactome	hypomethylated	Formation Of Senescence-Associated Heterochromatin Foci (SAHF) R-HSA-2559584	17	440	33010	1	ASF1A	0.20401698282936873	1.0
Reactome	hypomethylated	MECP2 Regulates Neuronal Receptors And Channels R-HSA-9022699	17	440	33010	1	GRIN2A	0.20401698282936873	1.0
Reactome	hypomethylated	Norepinephrine Neurotransmitter Release Cycle R-HSA-181430	17	440	33010	1	SYT1	0.20401698282936873	1.0
Reactome	hypomethylated	PKA Activation R-HSA-163615	17	440	33010	1	ADCY8	0.20401698282936873	1.0
Reactome	hypomethylated	Protein Methylation R-HSA-8876725	17	440	33010	1	RPS2	0.20401698282936873	1.0
Reactome	hypomethylated	RORA Activates Gene Expression R-HSA-1368082	17	440	33010	1	TBL1XR1	0.20401698282936873	1.0
Reactome	hypomethylated	Regulation Of NF-kappa B Signaling R-HSA-9758274	17	440	33010	1	CASP8	0.20401698282936873	1.0
Reactome	hypomethylated	Regulation Of RUNX1 Expression And Activity R-HSA-8934593	17	440	33010	1	RUNX1	0.20401698282936873	1.0
Reactome	hypomethylated	Serotonin Neurotransmitter Release Cycle R-HSA-181429	17	440	33010	1	SYT1	0.20401698282936873	1.0
Reactome	hypomethylated	Signaling By Cytosolic FGFR1 Fusion Mutants R-HSA-1839117	17	440	33010	1	CUX1	0.20401698282936873	1.0
Reactome	hypomethylated	Synthesis Of Glycosylphosphatidylinositol (GPI) R-HSA-162710	17	440	33010	1	PIGB	0.20401698282936873	1.0
Reactome	hypomethylated	Intra-Golgi And Retrograde Golgi-to-ER Traffic R-HSA-6811442	176	440	33010	4	CUX1,DCTN2,KIF5A,RAB30	0.20877904290407534	1.0
Reactome	hypomethylated	Assembly Of Active LPL And LIPC Lipase Complexes R-HSA-8963889	18	440	33010	1	LMF1	0.21463234146771856	1.0
Reactome	hypomethylated	Initiation Of Nuclear Envelope (NE) Reformation R-HSA-2995383	18	440	33010	1	TMPO	0.21463234146771856	1.0
Reactome	hypomethylated	PKA-mediated Phosphorylation Of CREB R-HSA-111931	18	440	33010	1	ADCY8	0.21463234146771856	1.0
Reactome	hypomethylated	Circadian Clock R-HSA-400253	65	440	33010	2	CREM,TBL1XR1	0.21486312515088993	1.0
Reactome	hypomethylated	Factors Involved In Megakaryocyte Development And Platelet Production R-HSA-983231	120	440	33010	3	HBE1,HBG2,KIF5A	0.21561871370335725	1.0
Reactome	hypomethylated	Integrin Cell Surface Interactions R-HSA-216083	66	440	33010	2	CD44,ITGA8	0.2197598145893353	1.0
Reactome	hypomethylated	Loss Of Nlp From Mitotic Centrosomes R-HSA-380259	66	440	33010	2	DCTN2,HAUS6	0.2197598145893353	1.0
Reactome	hypomethylated	rRNA Processing In Nucleus And Cytosol R-HSA-8868773	180	440	33010	4	RPL23,RPS15A,RPS2,RPS3A	0.2199229787516091	1.0
Reactome	hypomethylated	Metabolism Of RNA R-HSA-8953854	631	440	33010	11	CD44,DHX9,NLRP4,NUP43,RPL23,RPS15A,RPS2,RPS3A,SMG9,SRRM2,SRSF7	0.22401039490434085	1.0
Reactome	hypomethylated	Positive Epigenetic Regulation Of rRNA Expression R-HSA-5250913	67	440	33010	2	GATAD2B,TAF1D	0.22466573322724892	1.0
Reactome	hypomethylated	Apoptotic Factor-Mediated Response R-HSA-111471	19	440	33010	1	CDKN2A	0.22510644942583574	1.0
Reactome	hypomethylated	Class I Peroxisomal Membrane Protein Import R-HSA-9603798	19	440	33010	1	ACBD5	0.22510644942583574	1.0
Reactome	hypomethylated	GABA Synthesis, Release, Reuptake And Degradation R-HSA-888590	19	440	33010	1	SYT1	0.22510644942583574	1.0
Reactome	hypomethylated	Metabolism Of Cofactors R-HSA-8978934	19	440	33010	1	COQ3	0.22510644942583574	1.0
Reactome	hypomethylated	Nicotinamide Salvaging R-HSA-197264	19	440	33010	1	PARP4	0.22510644942583574	1.0
Reactome	hypomethylated	Phase 4 - Resting Membrane Potential R-HSA-5576886	19	440	33010	1	KCNK5	0.22510644942583574	1.0
Reactome	hypomethylated	SUMOylation Of Transcription Factors R-HSA-3232118	19	440	33010	1	CDKN2A	0.22510644942583574	1.0
Reactome	hypomethylated	Signaling By PDGFR In Disease R-HSA-9671555	19	440	33010	1	BIN2	0.22510644942583574	1.0
Reactome	hypomethylated	Fc Epsilon Receptor (FCERI) Signaling R-HSA-2454202	125	440	33010	3	FCER1A,NFATC1,VAV3	0.23310371256461307	1.0
Reactome	hypomethylated	Membrane Trafficking R-HSA-199991	571	440	33010	10	COPS5,CUX1,DCTN2,GRIA1,KIF5A,PRKAG2,RAB27A,RAB30,SYT1,TBC1D7	0.23389790144379644	1.0
Reactome	hypomethylated	AURKA Activation By TPX2 R-HSA-8854518	69	440	33010	2	DCTN2,HAUS6	0.23450083407637312	1.0
Reactome	hypomethylated	Transport Of Mature mRNA Derived From An Intron-Containing Transcript R-HSA-159236	69	440	33010	2	NUP43,SRSF7	0.23450083407637312	1.0
Reactome	hypomethylated	Aberrant Regulation Of Mitotic Exit In Cancer Due To RB1 Defects R-HSA-9687136	20	440	33010	1	ANAPC1	0.23544118199691988	1.0
Reactome	hypomethylated	Conversion From APC/C:Cdc20 To APC/C:Cdh1 In Late Anaphase R-HSA-176407	20	440	33010	1	ANAPC1	0.23544118199691988	1.0
Reactome	hypomethylated	Phosphorylation Of APC/C R-HSA-176412	20	440	33010	1	ANAPC1	0.23544118199691988	1.0
Reactome	hypomethylated	RNA Polymerase I Promoter Clearance R-HSA-73854	70	440	33010	2	GATAD2B,TAF1D	0.23942787348493003	1.0
Reactome	hypomethylated	ADORA2B Mediated Anti-Inflammatory Cytokine Production R-HSA-9660821	127	440	33010	3	ADCY8,MC1R,SCT	0.24016863728016258	1.0
Reactome	hypomethylated	RHOG GTPase Cycle R-HSA-9013408	71	440	33010	2	TMPO,VAV3	0.24435985541077887	1.0
Reactome	hypomethylated	RNA Polymerase I Transcription R-HSA-73864	71	440	33010	2	GATAD2B,TAF1D	0.24435985541077887	1.0
Reactome	hypomethylated	rRNA Processing R-HSA-72312	189	440	33010	4	RPL23,RPS15A,RPS2,RPS3A	0.24553857265399262	1.0
Reactome	hypomethylated	Deregulated CDK5 Triggers Neurodegenerative Pathways In Alzheimers Disease Models R-HSA-8862803	21	440	33010	1	PRDX1	0.24563838963321433	1.0
Reactome	hypomethylated	Dopamine Neurotransmitter Release Cycle R-HSA-212676	21	440	33010	1	SYT1	0.24563838963321433	1.0
Reactome	hypomethylated	Inactivation Of APC/C Via Direct Inhibition Of APC/C Complex R-HSA-141430	21	440	33010	1	ANAPC1	0.24563838963321433	1.0
Reactome	hypomethylated	Inflammasomes R-HSA-622312	21	440	33010	1	AIM2	0.24563838963321433	1.0
Reactome	hypomethylated	Negative Regulation Of NMDA Receptor-Mediated Neuronal Transmission R-HSA-9617324	21	440	33010	1	GRIN2A	0.24563838963321433	1.0
Reactome	hypomethylated	Nephrin Family Interactions R-HSA-373753	21	440	33010	1	MAGI2	0.24563838963321433	1.0
Reactome	hypomethylated	Nitric Oxide Stimulates Guanylate Cyclase R-HSA-392154	21	440	33010	1	PDE10A	0.24563838963321433	1.0
Reactome	hypomethylated	Nucleotide Salvage R-HSA-8956321	21	440	33010	1	GMPR	0.24563838963321433	1.0
Reactome	hypomethylated	Response Of Mtb To Phagocytosis R-HSA-9637690	21	440	33010	1	ENO1	0.24563838963321433	1.0
Reactome	hypomethylated	GPCR Downstream Signaling R-HSA-388396	580	440	33010	10	ABR,ADCY8,GRK5,MC1R,PDE10A,PRKCH,RGS10,SCT,TIAM1,VAV3	0.24821689706128883	1.0
Reactome	hypomethylated	Nuclear Envelope (NE) Reassembly R-HSA-2995410	73	440	33010	2	NUP43,TMPO	0.25423465420723307	1.0
Reactome	hypomethylated	RA Biosynthesis Pathway R-HSA-5365859	22	440	33010	1	ALDH1A3	0.2556998982743183	1.0
Reactome	hypomethylated	RHOBTB2 GTPase Cycle R-HSA-9013418	22	440	33010	1	CCT6A	0.2556998982743183	1.0
Reactome	hypomethylated	Recycling Pathway Of L1 R-HSA-437239	22	440	33010	1	EZR	0.2556998982743183	1.0
Reactome	hypomethylated	Senescence-Associated Secretory Phenotype (SASP) R-HSA-2559582	74	440	33010	2	ANAPC1,CDKN2A	0.2591755387299368	1.0
Reactome	hypomethylated	Nuclear Events Mediated By NFE2L2 R-HSA-9759194	75	440	33010	2	CDKN2A,PRDX1	0.2641175000705667	1.0
Reactome	hypomethylated	BBSome-mediated Cargo-Targeting To Cilium R-HSA-5620922	23	440	33010	1	CCT5	0.2656275096711687	1.0
Reactome	hypomethylated	Glutamate Neurotransmitter Release Cycle R-HSA-210500	23	440	33010	1	SYT1	0.2656275096711687	1.0
Reactome	hypomethylated	NOTCH3 Intracellular Domain Regulates Transcription R-HSA-9013508	23	440	33010	1	PBX1	0.2656275096711687	1.0
Reactome	hypomethylated	Signaling By NTRK2 (TRKB) R-HSA-9006115	23	440	33010	1	TIAM1	0.2656275096711687	1.0
Reactome	hypomethylated	Organelle Biogenesis And Maintenance R-HSA-1852241	262	440	33010	5	CCT5,DCTN2,HAUS6,PRKAG2,TBL1XR1	0.27205398667764413	1.0
Reactome	hypomethylated	Recruitment Of NuMA To Mitotic Centrosomes R-HSA-380320	77	440	33010	2	DCTN2,HAUS6	0.27400105917432765	1.0
Reactome	hypomethylated	APC/C:Cdc20 Mediated Degradation Of Cyclin B R-HSA-174048	24	440	33010	1	ANAPC1	0.2754230017057487	1.0
Reactome	hypomethylated	Assembly And Cell Surface Presentation Of NMDA Receptors R-HSA-9609736	24	440	33010	1	GRIN2A	0.2754230017057487	1.0
Reactome	hypomethylated	Attenuation Phase R-HSA-3371568	24	440	33010	1	DNAJB6	0.2754230017057487	1.0
Reactome	hypomethylated	BMAL1:CLOCK,NPAS2 Activates Circadian Gene Expression R-HSA-1368108	24	440	33010	1	TBL1XR1	0.2754230017057487	1.0
Reactome	hypomethylated	Fertilization R-HSA-1187000	24	440	33010	1	CATSPERG	0.2754230017057487	1.0
Reactome	hypomethylated	Infection With Mycobacterium Tuberculosis R-HSA-9635486	24	440	33010	1	ENO1	0.2754230017057487	1.0
Reactome	hypomethylated	Notch-HLH Transcription Pathway R-HSA-350054	24	440	33010	1	TBL1XR1	0.2754230017057487	1.0
Reactome	hypomethylated	Paracetamol ADME R-HSA-9753281	24	440	33010	1	CNDP2	0.2754230017057487	1.0
Reactome	hypomethylated	Cell Cycle Checkpoints R-HSA-69620	264	440	33010	5	ANAPC1,CDKN2A,CENPN,MDC1,NUP43	0.27713878437328693	1.0
Reactome	hypomethylated	Signaling By ROBO Receptors R-HSA-376176	200	440	33010	4	RPL23,RPS15A,RPS2,RPS3A	0.2776637910841738	1.0
Reactome	hypomethylated	Centrosome Maturation R-HSA-380287	78	440	33010	2	DCTN2,HAUS6	0.27894091898144246	1.0
Reactome	hypomethylated	TP53 Regulates Metabolic Genes R-HSA-5628897	78	440	33010	2	PRDX1,PRKAG2	0.27894091898144246	1.0
Reactome	hypomethylated	Transport Of Mature Transcript To Cytoplasm R-HSA-72202	78	440	33010	2	NUP43,SRSF7	0.27894091898144246	1.0
Reactome	hypomethylated	Regulation Of HSF1-mediated Heat Shock Response R-HSA-3371453	79	440	33010	2	DNAJB6,NUP43	0.28387837875950006	1.0
Reactome	hypomethylated	Metabolism Of Carbohydrates R-HSA-71387	267	440	33010	5	CD44,ENO1,HOOK2,HS3ST2,NUP43	0.2848018228522452	1.0
Reactome	hypomethylated	Cell Recruitment (Pro-Inflammatory Response) R-HSA-9664424	25	440	33010	1	IL18	0.28508812870658123	1.0
Reactome	hypomethylated	Deadenylation Of mRNA R-HSA-429947	25	440	33010	1	NLRP4	0.28508812870658123	1.0
Reactome	hypomethylated	Resolution Of AP Sites Via Multiple-Nucleotide Patch Replacement Pathway R-HSA-110373	25	440	33010	1	PARP1	0.28508812870658123	1.0
Reactome	hypomethylated	Synthesis Of IP3 And IP4 In Cytosol R-HSA-1855204	25	440	33010	1	PLCH2	0.28508812870658123	1.0
Reactome	hypomethylated	WNT Ligand Biogenesis And Trafficking R-HSA-3238698	25	440	33010	1	WNT5B	0.28508812870658123	1.0
Reactome	hypomethylated	Drug ADME R-HSA-9748784	80	440	33010	2	CNDP2,VAV3	0.2888126265008556	1.0
Reactome	hypomethylated	Beta-catenin Independent WNT Signaling R-HSA-3858494	141	440	33010	3	NFATC1,PDE6B,WNT5B	0.29042823223428255	1.0
Reactome	hypomethylated	Vesicle-mediated Transport R-HSA-5653656	608	440	33010	10	COPS5,CUX1,DCTN2,GRIA1,KIF5A,PRKAG2,RAB27A,RAB30,SYT1,TBC1D7	0.29455213083531245	1.0
Reactome	hypomethylated	APC-Cdc20 Mediated Degradation Of Nek2A R-HSA-179409	26	440	33010	1	ANAPC1	0.29462462176006343	1.0
Reactome	hypomethylated	DAP12 Signaling R-HSA-2424491	26	440	33010	1	VAV3	0.29462462176006343	1.0
Reactome	hypomethylated	Downregulation Of TGF-beta Receptor Signaling R-HSA-2173788	26	440	33010	1	PMEPA1	0.29462462176006343	1.0
Reactome	hypomethylated	Effects Of PIP2 Hydrolysis R-HSA-114508	26	440	33010	1	PRKCH	0.29462462176006343	1.0
Reactome	hypomethylated	HSF1 Activation R-HSA-3371511	26	440	33010	1	DNAJB6	0.29462462176006343	1.0
Reactome	hypomethylated	Interleukin-20 Family Signaling R-HSA-8854691	26	440	33010	1	IL22RA2	0.29462462176006343	1.0
Reactome	hypomethylated	Pyroptosis R-HSA-5620971	26	440	33010	1	IL18	0.29462462176006343	1.0
Reactome	hypomethylated	Translation R-HSA-72766	271	440	33010	5	MRPS17,RPL23,RPS15A,RPS2,RPS3A	0.295080245404741	1.0
Reactome	hypomethylated	Peptide Hormone Metabolism R-HSA-2980736	83	440	33010	2	KIF5A,RAB27A	0.30358830442901996	1.0
Reactome	hypomethylated	HS-GAG Biosynthesis R-HSA-2022928	27	440	33010	1	HS3ST2	0.3040341890176904	1.0
Reactome	hypomethylated	Integrin Signaling R-HSA-354192	27	440	33010	1	APBB1IP	0.3040341890176904	1.0
Reactome	hypomethylated	Interconversion Of Nucleotide Di- And Triphosphates R-HSA-499943	27	440	33010	1	CTPS1	0.3040341890176904	1.0
Reactome	hypomethylated	Postmitotic Nuclear Pore Complex (NPC) Reformation R-HSA-9615933	27	440	33010	1	NUP43	0.3040341890176904	1.0
Reactome	hypomethylated	VEGFR2 Mediated Vascular Permeability R-HSA-5218920	27	440	33010	1	VAV3	0.3040341890176904	1.0
Reactome	hypomethylated	Mitochondrial Biogenesis R-HSA-1592230	84	440	33010	2	PRKAG2,TBL1XR1	0.30850201690945245	1.0
Reactome	hypomethylated	Regulation Of PLK1 Activity At G2/M Transition R-HSA-2565942	84	440	33010	2	DCTN2,HAUS6	0.30850201690945245	1.0
Reactome	hypomethylated	Energy Dependent Regulation Of mTOR By LKB1-AMPK R-HSA-380972	28	440	33010	1	PRKAG2	0.31331851599923294	1.0
Reactome	hypomethylated	FCERI Mediated MAPK Activation R-HSA-2871796	28	440	33010	1	VAV3	0.31331851599923294	1.0
Reactome	hypomethylated	Gluconeogenesis R-HSA-70263	28	440	33010	1	ENO1	0.31331851599923294	1.0
Reactome	hypomethylated	Interaction Between L1 And Ankyrins R-HSA-445095	28	440	33010	1	SCN1A	0.31331851599923294	1.0
Reactome	hypomethylated	Molecules Associated With Elastic Fibres R-HSA-2129379	28	440	33010	1	ITGA8	0.31331851599923294	1.0
Reactome	hypomethylated	Peroxisomal Lipid Metabolism R-HSA-390918	28	440	33010	1	ACBD5	0.31331851599923294	1.0
Reactome	hypomethylated	Regulation Of TP53 Activity Thru Acetylation R-HSA-6804758	28	440	33010	1	GATAD2B	0.31331851599923294	1.0
Reactome	hypomethylated	Tight Junction Interactions R-HSA-420029	28	440	33010	1	CLDN4	0.31331851599923294	1.0
Reactome	hypomethylated	Chaperonin-mediated Protein Folding R-HSA-390466	85	440	33010	2	CCT5,CCT6A	0.313408778274076	1.0
Reactome	hypomethylated	Expression And Translocation Of Olfactory Receptors R-HSA-9752946	280	440	33010	5	OR10J1,OR10K2,OR10Z1,OR2M3,OR6K2	0.31841870610765566	1.0
Reactome	hypomethylated	Metabolism Of Amino Acids And Derivatives R-HSA-71291	348	440	33010	6	PSPH,RPL23,RPS15A,RPS2,RPS3A,SEPHS2	0.3201375482945437	1.0
Reactome	hypomethylated	Diseases Associated With TLR Signaling Cascade R-HSA-5602358	29	440	33010	1	TLR5	0.3224792658919117	1.0
Reactome	hypomethylated	Downregulation Of SMAD2/3:SMAD4 Transcriptional Activity R-HSA-2173795	29	440	33010	1	PARP1	0.3224792658919117	1.0
Reactome	hypomethylated	FGFR1 Mutant Receptor Activation R-HSA-1839124	29	440	33010	1	CUX1	0.3224792658919117	1.0
Reactome	hypomethylated	Glutamate Binding, Activation Of AMPA Receptors And Synaptic Plasticity R-HSA-399721	29	440	33010	1	GRIA1	0.3224792658919117	1.0
Reactome	hypomethylated	Glutathione Conjugation R-HSA-156590	29	440	33010	1	CNDP2	0.3224792658919117	1.0
Reactome	hypomethylated	PIWI-interacting RNA (piRNA) Biogenesis R-HSA-5601884	29	440	33010	1	HENMT1	0.3224792658919117	1.0
Reactome	hypomethylated	Pyruvate Metabolism R-HSA-70268	29	440	33010	1	PPARD	0.3224792658919117	1.0
Reactome	hypomethylated	RNA Polymerase I Transcription Termination R-HSA-73863	29	440	33010	1	TAF1D	0.3224792658919117	1.0
Reactome	hypomethylated	Regulation Of MECP2 Expression And Activity R-HSA-9022692	29	440	33010	1	TBL1XR1	0.3224792658919117	1.0
Reactome	hypomethylated	Uptake And Actions Of Bacterial Toxins R-HSA-5339562	29	440	33010	1	SYT1	0.3224792658919117	1.0
Reactome	hypomethylated	Cargo Concentration In ER R-HSA-5694530	30	440	33010	1	GRIA1	0.3315180798456296	1.0
Reactome	hypomethylated	NOD1/2 Signaling Pathway R-HSA-168638	30	440	33010	1	CASP8	0.3315180798456296	1.0
Reactome	hypomethylated	Translation Of Structural Proteins R-HSA-9683701	30	440	33010	1	PARP4	0.3315180798456296	1.0
Reactome	hypomethylated	HCMV Early Events R-HSA-9609690	89	440	33010	2	NUP43,TBL1XR1	0.33295287018418385	1.0
Reactome	hypomethylated	Protein Localization R-HSA-9609507	153	440	33010	3	ACBD5,CMC2,PEX7	0.33406555671134147	1.0
Reactome	hypomethylated	Regulation Of TP53 Activity R-HSA-5633007	153	440	33010	3	CDKN2A,GATAD2B,PRKAG2	0.33406555671134147	1.0
Reactome	hypomethylated	Detoxification Of Reactive Oxygen Species R-HSA-3299685	31	440	33010	1	PRDX1	0.3404365772643052	1.0
Reactome	hypomethylated	Nicotinate Metabolism R-HSA-196807	31	440	33010	1	PARP4	0.3404365772643052	1.0
Reactome	hypomethylated	Phase 0 - Rapid Depolarisation R-HSA-5576892	31	440	33010	1	SCN1A	0.3404365772643052	1.0
Reactome	hypomethylated	Plasma Lipoprotein Remodeling R-HSA-8963899	31	440	33010	1	LMF1	0.3404365772643052	1.0
Reactome	hypomethylated	SIRT1 Negatively Regulates rRNA Expression R-HSA-427359	31	440	33010	1	TAF1D	0.3404365772643052	1.0
Reactome	hypomethylated	Signaling By High-Kinase Activity BRAF Mutants R-HSA-6802948	31	440	33010	1	APBB1IP	0.3404365772643052	1.0
Reactome	hypomethylated	Toll-like Receptor Cascades R-HSA-168898	155	440	33010	3	BPI,CASP8,TLR5	0.34134205315168703	1.0
Reactome	hypomethylated	Unattached Kinetochores Signal Amplification Via A MAD2 Inhibitory Signal R-HSA-141444	91	440	33010	2	CENPN,NUP43	0.3426662637472851	1.0
Reactome	hypomethylated	L1CAM Interactions R-HSA-373760	91	440	33010	2	EZR,SCN1A	0.3426662637472851	1.0
Reactome	hypomethylated	Metabolism Of Nucleotides R-HSA-15869	91	440	33010	2	CTPS1,GMPR	0.3426662637472851	1.0
Reactome	hypomethylated	Protein Folding R-HSA-391251	91	440	33010	2	CCT5,CCT6A	0.3426662637472851	1.0
Reactome	hypomethylated	Anti-inflammatory Response Favoring Leishmania Infection R-HSA-9662851	156	440	33010	3	ADCY8,MC1R,SCT	0.34497825817604466	1.0
Reactome	hypomethylated	Cellular Senescence R-HSA-2559583	156	440	33010	3	ANAPC1,ASF1A,CDKN2A	0.34497825817604466	1.0
Reactome	hypomethylated	Citric Acid (TCA) Cycle And Respiratory Electron Transport R-HSA-1428517	156	440	33010	3	ADHFE1,NDUFA10,PPARD	0.34497825817604466	1.0
Reactome	hypomethylated	Class I MHC Mediated Antigen Processing And Presentation R-HSA-983169	359	440	33010	6	ANAPC1,FBXL14,LNX1,RNF114,ZBTB16,ZNRF2	0.3459341849829335	1.0
Reactome	hypomethylated	MyD88 Cascade Initiated On Plasma Membrane R-HSA-975871	92	440	33010	2	CASP8,TLR5	0.347506204906325	1.0
Reactome	hypomethylated	CaM Pathway R-HSA-111997	32	440	33010	1	ADCY8	0.3492363560933691	1.0
Reactome	hypomethylated	Defective TPR May Confer Susceptibility Towards Thyroid Papillary Carcinoma (TPC) R-HSA-5619107	32	440	33010	1	NUP43	0.3492363560933691	1.0
Reactome	hypomethylated	GPVI-mediated Activation Cascade R-HSA-114604	32	440	33010	1	VAV3	0.3492363560933691	1.0
Reactome	hypomethylated	Glucagon Signaling In Metabolic Regulation R-HSA-163359	32	440	33010	1	ADCY8	0.3492363560933691	1.0
Reactome	hypomethylated	Nuclear Signaling By ERBB4 R-HSA-1251985	32	440	33010	1	WWOX	0.3492363560933691	1.0
Reactome	hypomethylated	Anchoring Of Basal Body To Plasma Membrane R-HSA-5620912	94	440	33010	2	DCTN2,HAUS6	0.35714978332273756	1.0
Reactome	hypomethylated	Stimuli-sensing Channels R-HSA-2672351	94	440	33010	2	ANO2,ASIC2	0.35714978332273756	1.0
Reactome	hypomethylated	EPHB-mediated Forward Signaling R-HSA-3928662	33	440	33010	1	TIAM1	0.3579189931034644	1.0
Reactome	hypomethylated	FCGR3A-mediated IL10 Synthesis R-HSA-9664323	33	440	33010	1	ADCY8	0.3579189931034644	1.0
Reactome	hypomethylated	Glucagon-type Ligand Receptors R-HSA-420092	33	440	33010	1	SCT	0.3579189931034644	1.0
Reactome	hypomethylated	Oncogene Induced Senescence R-HSA-2559585	33	440	33010	1	CDKN2A	0.3579189931034644	1.0
Reactome	hypomethylated	Regulation Of TNFR1 Signaling R-HSA-5357905	33	440	33010	1	CASP8	0.3579189931034644	1.0
Reactome	hypomethylated	Metabolism R-HSA-1430728	1943	440	33010	28	ACBD5,ADCY8,ADHFE1,CACNA1A,CD44,CNDP2,COQ3,CTPS1,ENO1,GMPR,HOOK2,HS3ST2,NDUFA10,NUP43,PARP4,PLCH2,PPARD,PPM1L,PRKAG2,PSPH,RIMBP2,RPL23,RPS15A,RPS2,RPS3A,SEPHS2,SYT5,TBL1XR1	0.36225198281528614	1.0
Reactome	hypomethylated	Signaling By GPCR R-HSA-372790	648	440	33010	10	ABR,ADCY8,GRK5,MC1R,PDE10A,PRKCH,RGS10,SCT,TIAM1,VAV3	0.3641148389844445	1.0
Reactome	hypomethylated	COPI-independent Golgi-to-ER Retrograde Traffic R-HSA-6811436	34	440	33010	1	DCTN2	0.3664860441704042	1.0
Reactome	hypomethylated	Ca-dependent Events R-HSA-111996	34	440	33010	1	ADCY8	0.3664860441704042	1.0
Reactome	hypomethylated	Nuclear Import Of Rev Protein R-HSA-180746	34	440	33010	1	NUP43	0.3664860441704042	1.0
Reactome	hypomethylated	RHOBTB GTPase Cycle R-HSA-9706574	34	440	33010	1	CCT6A	0.3664860441704042	1.0
Reactome	hypomethylated	Transcriptional Regulation By AP-2 (TFAP2) Family Of Transcription Factors R-HSA-8864260	34	440	33010	1	WWOX	0.3664860441704042	1.0
Reactome	hypomethylated	CLEC7A (Dectin-1) Signaling R-HSA-5607764	96	440	33010	2	CASP8,NFATC1	0.3667414277963227	1.0
Reactome	hypomethylated	Cargo Recognition For Clathrin-Mediated Endocytosis R-HSA-8856825	96	440	33010	2	COPS5,SYT1	0.3667414277963227	1.0
Reactome	hypomethylated	Processing Of Capped Intron-Containing Pre-mRNA R-HSA-72203	231	440	33010	4	DHX9,NUP43,SRRM2,SRSF7	0.3706434261713882	1.0
Reactome	hypomethylated	KEAP1-NFE2L2 Pathway R-HSA-9755511	97	440	33010	2	CDKN2A,PRDX1	0.37151651207973896	1.0
Reactome	hypomethylated	Apoptotic Cleavage Of Cellular Proteins R-HSA-111465	35	440	33010	1	CASP8	0.37493904455143945	1.0
Reactome	hypomethylated	MAP2K And MAPK Activation R-HSA-5674135	35	440	33010	1	APBB1IP	0.37493904455143945	1.0
Reactome	hypomethylated	NEP/NS2 Interacts With Cellular Export Machinery R-HSA-168333	35	440	33010	1	NUP43	0.37493904455143945	1.0
Reactome	hypomethylated	NR1H3 And NR1H2 Regulate Gene Expression Linked To Cholesterol Transport And Efflux R-HSA-9029569	35	440	33010	1	TBL1XR1	0.37493904455143945	1.0
Reactome	hypomethylated	RUNX1 Interacts With Co-Factors Whose Precise Effect On RUNX1 Targets Is Not Known R-HSA-8939243	35	440	33010	1	RUNX1	0.37493904455143945	1.0
Reactome	hypomethylated	Rev-mediated Nuclear Export Of HIV RNA R-HSA-165054	35	440	33010	1	NUP43	0.37493904455143945	1.0
Reactome	hypomethylated	SUMOylation Of SUMOylation Proteins R-HSA-4085377	35	440	33010	1	NUP43	0.37493904455143945	1.0
Reactome	hypomethylated	Signaling By FGFR1 In Disease R-HSA-5655302	35	440	33010	1	CUX1	0.37493904455143945	1.0
Reactome	hypomethylated	Transport Of Ribonucleoproteins Into Host Nucleus R-HSA-168271	35	440	33010	1	NUP43	0.37493904455143945	1.0
Reactome	hypomethylated	Transport Of SLBP Independent Mature mRNA R-HSA-159227	35	440	33010	1	NUP43	0.37493904455143945	1.0
Reactome	hypomethylated	Vpr-mediated Nuclear Import Of PICs R-HSA-180910	35	440	33010	1	NUP43	0.37493904455143945	1.0
Reactome	hypomethylated	MHC Class II Antigen Presentation R-HSA-2132295	98	440	33010	2	DCTN2,KIF5A	0.37627712896620413	1.0
Reactome	hypomethylated	Fatty Acid Metabolism R-HSA-8978868	165	440	33010	3	ACBD5,PPARD,PRKAG2	0.3775891929138751	1.0
Reactome	hypomethylated	Aberrant Regulation Of Mitotic Cell Cycle Due To RB1 Defects R-HSA-9687139	36	440	33010	1	ANAPC1	0.3832795091578797	1.0
Reactome	hypomethylated	Defective B3GALTL Causes PpS R-HSA-5083635	36	440	33010	1	ADAMTS7	0.3832795091578797	1.0
Reactome	hypomethylated	Export Of Viral Ribonucleoproteins From Nucleus R-HSA-168274	36	440	33010	1	NUP43	0.3832795091578797	1.0
Reactome	hypomethylated	Interactions Of Vpr With Host Cellular Proteins R-HSA-176033	36	440	33010	1	NUP43	0.3832795091578797	1.0
Reactome	hypomethylated	Platelet Aggregation (Plug Formation) R-HSA-76009	36	440	33010	1	APBB1IP	0.3832795091578797	1.0
Reactome	hypomethylated	RHOH GTPase Cycle R-HSA-9013407	36	440	33010	1	NIPSNAP2	0.3832795091578797	1.0
Reactome	hypomethylated	Regulation Of TP53 Degradation R-HSA-6804757	36	440	33010	1	CDKN2A	0.3832795091578797	1.0
Reactome	hypomethylated	Signaling By RAF1 Mutants R-HSA-9656223	36	440	33010	1	APBB1IP	0.3832795091578797	1.0
Reactome	hypomethylated	Transport Of SLBP Dependant Mature mRNA R-HSA-159230	36	440	33010	1	NUP43	0.3832795091578797	1.0
Reactome	hypomethylated	Interleukin-4 And Interleukin-13 Signaling R-HSA-6785807	100	440	33010	2	BATF,IL18	0.38575312521575655	1.0
Reactome	hypomethylated	Condensation Of Prophase Chromosomes R-HSA-2299718	37	440	33010	1	SMC4	0.3915089328241176	1.0
Reactome	hypomethylated	DAP12 Interactions R-HSA-2172127	37	440	33010	1	VAV3	0.3915089328241176	1.0
Reactome	hypomethylated	Diseases Of Mitotic Cell Cycle R-HSA-9675126	37	440	33010	1	ANAPC1	0.3915089328241176	1.0
Reactome	hypomethylated	HSP90 Chaperone Cycle For Steroid Hormone Receptors (SHR) In Presence Of Ligand R-HSA-3371497	37	440	33010	1	DCTN2	0.3915089328241176	1.0
Reactome	hypomethylated	Interactions Of Rev With Host Cellular Proteins R-HSA-177243	37	440	33010	1	NUP43	0.3915089328241176	1.0
Reactome	hypomethylated	O-glycosylation Of TSR Domain-Containing Proteins R-HSA-5173214	37	440	33010	1	ADAMTS7	0.3915089328241176	1.0
Reactome	hypomethylated	Regulation Of TP53 Expression And Degradation R-HSA-6806003	37	440	33010	1	CDKN2A	0.3915089328241176	1.0
Reactome	hypomethylated	DAG And IP3 Signaling R-HSA-1489509	38	440	33010	1	ADCY8	0.3996287905731061	1.0
Reactome	hypomethylated	Paradoxical Activation Of RAF Signaling By Kinase Inactive BRAF R-HSA-6802955	38	440	33010	1	APBB1IP	0.3996287905731061	1.0
Reactome	hypomethylated	Resolution Of Abasic Sites (AP Sites) R-HSA-73933	38	440	33010	1	PARP1	0.3996287905731061	1.0
Reactome	hypomethylated	Transport Of Vitamins, Nucleosides, And Related Molecules R-HSA-425397	38	440	33010	1	SLCO3A1	0.3996287905731061	1.0
Reactome	hypomethylated	Gene Silencing By RNA R-HSA-211000	103	440	33010	2	HENMT1,NUP43	0.39984752632653303	1.0
Reactome	hypomethylated	Degradation Of Extracellular Matrix R-HSA-1474228	104	440	33010	2	CD44,TLL2	0.40451213403022085	1.0
Reactome	hypomethylated	SARS-CoV-2 Activates/Modulates Innate And Adaptive Immune Responses R-HSA-9705671	104	440	33010	2	IL17RA,NUP43	0.40451213403022085	1.0
Reactome	hypomethylated	Deactivation Of Beta-Catenin Transactivating Complex R-HSA-3769402	39	440	33010	1	BCL9	0.40764053787832966	1.0
Reactome	hypomethylated	Dual Incision In GG-NER R-HSA-5696400	39	440	33010	1	PARP1	0.40764053787832966	1.0
Reactome	hypomethylated	ERCC6 (CSB) And EHMT2 (G9a) Positively Regulate rRNA Expression R-HSA-427389	39	440	33010	1	GATAD2B	0.40764053787832966	1.0
Reactome	hypomethylated	Elastic Fibre Formation R-HSA-1566948	39	440	33010	1	ITGA8	0.40764053787832966	1.0
Reactome	hypomethylated	RHOF GTPase Cycle R-HSA-9035034	39	440	33010	1	TMPO	0.40764053787832966	1.0
Reactome	hypomethylated	SUMOylation Of Ubiquitinylation Proteins R-HSA-3232142	39	440	33010	1	NUP43	0.40764053787832966	1.0
Reactome	hypomethylated	Reproduction R-HSA-1474165	105	440	33010	2	CATSPERG,PMEPA1	0.40915933745699545	1.0
Reactome	hypomethylated	Cellular Response To Chemical Stress R-HSA-9711123	174	440	33010	3	CDKN2A,PRDX1,TBL1XR1	0.4098520597224787	1.0
Reactome	hypomethylated	mRNA Splicing - Major Pathway R-HSA-72163	174	440	33010	3	DHX9,SRRM2,SRSF7	0.4098520597224787	1.0
Reactome	hypomethylated	Kinesins R-HSA-983189	40	440	33010	1	KIF5A	0.41554561092232384	1.0
Reactome	hypomethylated	MTOR Signaling R-HSA-165159	40	440	33010	1	PRKAG2	0.41554561092232384	1.0
Reactome	hypomethylated	TBC/RABGAPs R-HSA-8854214	40	440	33010	1	TBC1D7	0.41554561092232384	1.0
Reactome	hypomethylated	Epigenetic Regulation Of Gene Expression R-HSA-212165	107	440	33010	2	GATAD2B,TAF1D	0.41840008418336755	1.0
Reactome	hypomethylated	Activation Of Gene Expression By SREBF (SREBP) R-HSA-2426168	41	440	33010	1	TBL1XR1	0.42334542685178017	1.0
Reactome	hypomethylated	Regulation Of Complement Cascade R-HSA-977606	41	440	33010	1	C4BPA	0.42334542685178017	1.0
Reactome	hypomethylated	Retinoid Metabolism And Transport R-HSA-975634	41	440	33010	1	RIMBP2	0.42334542685178017	1.0
Reactome	hypomethylated	TNF Signaling R-HSA-75893	41	440	33010	1	CASP8	0.42334542685178017	1.0
Reactome	hypomethylated	Vasopressin Regulates Renal Water Homeostasis Via Aquaporins R-HSA-432040	41	440	33010	1	ADCY8	0.42334542685178017	1.0
Reactome	hypomethylated	Cilium Assembly R-HSA-5617833	178	440	33010	3	CCT5,DCTN2,HAUS6	0.4240315205672865	1.0
Reactome	hypomethylated	ESR-mediated Signaling R-HSA-8939211	179	440	33010	3	PMEPA1,RUNX1,ZNF217	0.4275583883256051	1.0
Reactome	hypomethylated	Activation Of GABAB Receptors R-HSA-991365	42	440	33010	1	ADCY8	0.4310413840292867	1.0
Reactome	hypomethylated	Glucagon-like Peptide-1 (GLP1) Regulates Insulin Secretion R-HSA-381676	42	440	33010	1	ADCY8	0.4310413840292867	1.0
Reactome	hypomethylated	Interleukin-10 Signaling R-HSA-6783783	42	440	33010	1	IL18	0.4310413840292867	1.0
Reactome	hypomethylated	NS1 Mediated Effects On Host Pathways R-HSA-168276	42	440	33010	1	NUP43	0.4310413840292867	1.0
Reactome	hypomethylated	TAK1-dependent IKK And NF-kappa-B Activation R-HSA-445989	42	440	33010	1	CASP8	0.4310413840292867	1.0
Reactome	hypomethylated	Transport Of Mature mRNA Derived From An Intronless Transcript R-HSA-159231	42	440	33010	1	NUP43	0.4310413840292867	1.0
Reactome	hypomethylated	Voltage Gated Potassium Channels R-HSA-1296072	42	440	33010	1	KCNA1	0.4310413840292867	1.0
Reactome	hypomethylated	Golgi-to-ER Retrograde Transport R-HSA-8856688	110	440	33010	2	DCTN2,KIF5A	0.432121956145576	1.0
Reactome	hypomethylated	mRNA Splicing R-HSA-72172	181	440	33010	3	DHX9,SRRM2,SRSF7	0.43458904786539404	1.0
Reactome	hypomethylated	Rab Regulation Of Trafficking R-HSA-9007101	111	440	33010	2	RAB27A,TBC1D7	0.4366575060904344	1.0
Reactome	hypomethylated	GPER1 Signaling R-HSA-9634597	43	440	33010	1	ADCY8	0.4386348622817473	1.0
Reactome	hypomethylated	Heme Signaling R-HSA-9707616	43	440	33010	1	TBL1XR1	0.4386348622817473	1.0
Reactome	hypomethylated	NOTCH1 Intracellular Domain Regulates Transcription R-HSA-2122947	43	440	33010	1	TBL1XR1	0.4386348622817473	1.0
Reactome	hypomethylated	Transport Of Mature mRNAs Derived From Intronless Transcripts R-HSA-159234	43	440	33010	1	NUP43	0.4386348622817473	1.0
Reactome	hypomethylated	Metabolism Of Vitamins And Cofactors R-HSA-196854	183	440	33010	3	COQ3,PARP4,RIMBP2	0.44158758957043204	1.0
Reactome	hypomethylated	Glycosaminoglycan Metabolism R-HSA-1630316	113	440	33010	2	CD44,HS3ST2	0.4456692229788312	1.0
Reactome	hypomethylated	RMTs Methylate Histone Arginines R-HSA-3214858	44	440	33010	1	RPS2	0.446127223145521	1.0
Reactome	hypomethylated	Sphingolipid De Novo Biosynthesis R-HSA-1660661	44	440	33010	1	PPM1L	0.446127223145521	1.0
Reactome	hypomethylated	HCMV Infection R-HSA-9609646	114	440	33010	2	NUP43,TBL1XR1	0.45014483848345666	1.0
Reactome	hypomethylated	Homology Directed Repair R-HSA-5693538	114	440	33010	2	MDC1,PARP1	0.45014483848345666	1.0
Reactome	hypomethylated	Inositol Phosphate Metabolism R-HSA-1483249	45	440	33010	1	PLCH2	0.45351981010833037	1.0
Reactome	hypomethylated	Metabolism Of Fat-Soluble Vitamins R-HSA-6806667	45	440	33010	1	RIMBP2	0.45351981010833037	1.0
Reactome	hypomethylated	NR1H2 And NR1H3-mediated Signaling R-HSA-9024446	45	440	33010	1	TBL1XR1	0.45351981010833037	1.0
Reactome	hypomethylated	SUMOylation Of DNA Replication Proteins R-HSA-4615885	45	440	33010	1	NUP43	0.45351981010833037	1.0
Reactome	hypomethylated	RHO GTPases Activate Formins R-HSA-5663220	115	440	33010	2	CENPN,NUP43	0.4545999424199161	1.0
Reactome	hypomethylated	Diseases Of Signal Transduction By Growth Factor Receptors And Second Messengers R-HSA-5663202	406	440	33010	6	APBB1IP,BIN2,CUX1,KIAA1549,SPRED2,TBL1XR1	0.45679184121067795	1.0
Reactome	hypomethylated	Cyclin D Associated Events In G1 R-HSA-69231	46	440	33010	1	CDKN2A	0.46081394884797333	1.0
Reactome	hypomethylated	PLC Beta Mediated Events R-HSA-112043	46	440	33010	1	ADCY8	0.46081394884797333	1.0
Reactome	hypomethylated	Deposition Of New CENPA-containing Nucleosomes At Centromere R-HSA-606279	47	440	33010	1	CENPN	0.4680109474678888	1.0
Reactome	hypomethylated	Neurotransmitter Release Cycle R-HSA-112310	47	440	33010	1	SYT1	0.4680109474678888	1.0
Reactome	hypomethylated	Nonhomologous End-Joining (NHEJ) R-HSA-5693571	47	440	33010	1	MDC1	0.4680109474678888	1.0
Reactome	hypomethylated	SUMOylation Of RNA Binding Proteins R-HSA-4570464	47	440	33010	1	NUP43	0.4680109474678888	1.0
Reactome	hypomethylated	Signaling By FGFR1 R-HSA-5654736	47	440	33010	1	SPRED2	0.4680109474678888	1.0
Reactome	hypomethylated	Signaling By NOTCH3 R-HSA-9012852	47	440	33010	1	PBX1	0.4680109474678888	1.0
Reactome	hypomethylated	Viral Messenger RNA Synthesis R-HSA-168325	47	440	33010	1	NUP43	0.4680109474678888	1.0
Reactome	hypomethylated	Signaling By NOTCH R-HSA-157118	192	440	33010	3	PBX1,RUNX1,TBL1XR1	0.4726430004951739	1.0
Reactome	hypomethylated	Heparan Sulfate/Heparin (HS-GAG) Metabolism R-HSA-1638091	48	440	33010	1	HS3ST2	0.4751120967296105	1.0
Reactome	hypomethylated	RHOD GTPase Cycle R-HSA-9013405	48	440	33010	1	TMPO	0.4751120967296105	1.0
Reactome	hypomethylated	mRNA Splicing - Minor Pathway R-HSA-72165	48	440	33010	1	SRSF7	0.4751120967296105	1.0
Reactome	hypomethylated	Cardiac Conduction R-HSA-5576891	121	440	33010	2	KCNK5,SCN1A	0.48088658086071756	1.0
Reactome	hypomethylated	Apoptotic Execution Phase R-HSA-75153	49	440	33010	1	CASP8	0.48211867028215466	1.0
Reactome	hypomethylated	Aquaporin-mediated Transport R-HSA-445717	49	440	33010	1	ADCY8	0.48211867028215466	1.0
Reactome	hypomethylated	Cargo Trafficking To Periciliary Membrane R-HSA-5620920	49	440	33010	1	CCT5	0.48211867028215466	1.0
Reactome	hypomethylated	Complex I Biogenesis R-HSA-6799198	49	440	33010	1	NDUFA10	0.48211867028215466	1.0
Reactome	hypomethylated	Transcriptional Activation Of Mitochondrial Biogenesis R-HSA-2151201	49	440	33010	1	TBL1XR1	0.48211867028215466	1.0
Reactome	hypomethylated	Transcriptional Activity Of SMAD2/SMAD3:SMAD4 Heterotrimer R-HSA-2173793	49	440	33010	1	PARP1	0.48211867028215466	1.0
Reactome	hypomethylated	Formation Of TC-NER Pre-Incision Complex R-HSA-6781823	50	440	33010	1	COPS5	0.48903192488838204	1.0
Reactome	hypomethylated	Metabolism Of Non-Coding RNA R-HSA-194441	50	440	33010	1	NUP43	0.48903192488838204	1.0
Reactome	hypomethylated	SARS-CoV-1 Infection R-HSA-9678108	50	440	33010	1	PARP4	0.48903192488838204	1.0
Reactome	hypomethylated	Sensory Processing Of Sound By Outer Hair Cells Of Cochlea R-HSA-9662361	50	440	33010	1	EZR	0.48903192488838204	1.0
Reactome	hypomethylated	Complement Cascade R-HSA-166658	51	440	33010	1	C4BPA	0.49585310064836735	1.0
Reactome	hypomethylated	G-protein Mediated Events R-HSA-112040	51	440	33010	1	ADCY8	0.49585310064836735	1.0
Reactome	hypomethylated	Nuclear Receptor Transcription Pathway R-HSA-383280	51	440	33010	1	PPARD	0.49585310064836735	1.0
Reactome	hypomethylated	Translocation Of SLC2A4 (GLUT4) To Plasma Membrane R-HSA-1445148	51	440	33010	1	PRKAG2	0.49585310064836735	1.0
Reactome	hypomethylated	RNA Polymerase I Promoter Escape R-HSA-73772	52	440	33010	1	TAF1D	0.5025834212198261	1.0
Reactome	hypomethylated	B-WICH Complex Positively Regulates rRNA Expression R-HSA-5250924	53	440	33010	1	TAF1D	0.5092240940356304	1.0
Reactome	hypomethylated	Constitutive Signaling By NOTCH1 HD+PEST Domain Mutants R-HSA-2894862	53	440	33010	1	TBL1XR1	0.5092240940356304	1.0
Reactome	hypomethylated	Deadenylation-dependent mRNA Decay R-HSA-429914	53	440	33010	1	NLRP4	0.5092240940356304	1.0
Reactome	hypomethylated	Regulation Of RUNX3 Expression And Activity R-HSA-8941858	53	440	33010	1	CDKN2A	0.5092240940356304	1.0
Reactome	hypomethylated	Regulation Of Cholesterol Biosynthesis By SREBP (SREBF) R-HSA-1655829	53	440	33010	1	TBL1XR1	0.5092240940356304	1.0
Reactome	hypomethylated	mRNA 3-End Processing R-HSA-72187	53	440	33010	1	SRSF7	0.5092240940356304	1.0
Reactome	hypomethylated	Extracellular Matrix Organization R-HSA-1474244	280	440	33010	4	CD44,ITGA8,TLL2,TNR	0.5142062995919008	1.0
Reactome	hypomethylated	E3 Ubiquitin Ligases Ubiquitinate Target Proteins R-HSA-8866654	54	440	33010	1	HLTF	0.5157763105184511	1.0
Reactome	hypomethylated	FCGR3A-mediated Phagocytosis R-HSA-9664422	54	440	33010	1	VAV3	0.5157763105184511	1.0
Reactome	hypomethylated	Meiotic Synapsis R-HSA-1221632	54	440	33010	1	PMEPA1	0.5157763105184511	1.0
Reactome	hypomethylated	Transcriptional Regulation Of Granulopoiesis R-HSA-9616222	54	440	33010	1	RUNX1	0.5157763105184511	1.0
Reactome	hypomethylated	ER To Golgi Anterograde Transport R-HSA-199977	130	440	33010	2	DCTN2,GRIA1	0.5188187854603711	1.0
Reactome	hypomethylated	Cytoprotection By HMOX1 R-HSA-9707564	55	440	33010	1	TBL1XR1	0.5222412462925704	1.0
Reactome	hypomethylated	Formation Of beta-catenin:TCF Transactivating Complex R-HSA-201722	55	440	33010	1	BCL9	0.5222412462925704	1.0
Reactome	hypomethylated	Regulation Of Actin Dynamics For Phagocytic Cup Formation R-HSA-2029482	55	440	33010	1	VAV3	0.5222412462925704	1.0
Reactome	hypomethylated	SUMOylation Of Chromatin Organization Proteins R-HSA-4551638	55	440	33010	1	NUP43	0.5222412462925704	1.0
Reactome	hypomethylated	Stabilization Of P53 R-HSA-69541	55	440	33010	1	CDKN2A	0.5222412462925704	1.0
Reactome	hypomethylated	tRNA Processing In Nucleus R-HSA-6784531	55	440	33010	1	NUP43	0.5222412462925704	1.0
Reactome	hypomethylated	Signaling By WNT R-HSA-195721	283	440	33010	4	BCL9,NFATC1,PDE6B,WNT5B	0.5225526211915527	1.0
Reactome	hypomethylated	Assembly Of Collagen Fibrils And Other Multimeric Structures R-HSA-2022090	56	440	33010	1	TLL2	0.5286200613928977	1.0
Reactome	hypomethylated	GABA Receptor Activation R-HSA-977443	56	440	33010	1	ADCY8	0.5286200613928977	1.0
Reactome	hypomethylated	Late SARS-CoV-2 Infection Events R-HSA-9772573	56	440	33010	1	PARP4	0.5286200613928977	1.0
Reactome	hypomethylated	Pre-NOTCH Transcription And Translation R-HSA-1912408	56	440	33010	1	RUNX1	0.5286200613928977	1.0
Reactome	hypomethylated	Recruitment And ATM-mediated Phosphorylation Of Repair And Signal Proteins At DNA Double Strand Breaks R-HSA-5693565	56	440	33010	1	MDC1	0.5286200613928977	1.0
Reactome	hypomethylated	Signaling By ERBB4 R-HSA-1236394	56	440	33010	1	WWOX	0.5286200613928977	1.0
Reactome	hypomethylated	Clathrin-mediated Endocytosis R-HSA-8856828	133	440	33010	2	COPS5,SYT1	0.5310466854826359	1.0
Reactome	hypomethylated	DNA Damage/Telomere Stress Induced Senescence R-HSA-2559586	57	440	33010	1	ASF1A	0.5349139004712223	1.0
Reactome	hypomethylated	DNA Double Strand Break Response R-HSA-5693606	57	440	33010	1	MDC1	0.5349139004712223	1.0
Reactome	hypomethylated	rRNA Modification In Nucleus And Cytosol R-HSA-6790901	57	440	33010	1	RPS2	0.5349139004712223	1.0
Reactome	hypomethylated	C-type Lectin Receptors (CLRs) R-HSA-5621481	135	440	33010	2	CASP8,NFATC1	0.5390803074243187	1.0
Reactome	hypomethylated	Toll Like Receptor 4 (TLR4) Cascade R-HSA-166016	135	440	33010	2	BPI,CASP8	0.5390803074243187	1.0
Reactome	hypomethylated	Mitochondrial Protein Import R-HSA-1268020	58	440	33010	1	CMC2	0.5411238929997529	1.0
Reactome	hypomethylated	Regulation Of PTEN Gene Transcription R-HSA-8943724	59	440	33010	1	GATAD2B	0.547251153471958	1.0
Reactome	hypomethylated	Selective Autophagy R-HSA-9663891	59	440	33010	1	PRKAG2	0.547251153471958	1.0
Reactome	hypomethylated	Signaling By FGFR In Disease R-HSA-1226099	59	440	33010	1	CUX1	0.547251153471958	1.0
Reactome	hypomethylated	RUNX1 Regulates Genes Involved In Megakaryocyte Differentiation And Platelet Function R-HSA-8936459	60	440	33010	1	RUNX1	0.5532967816007656	1.0
Reactome	hypomethylated	TP53 Regulates Transcription Of DNA Repair Genes R-HSA-6796648	61	440	33010	1	MDC1	0.5592618625141388	1.0
Reactome	hypomethylated	Autodegradation Of Cdh1 By Cdh1:APC/C R-HSA-174084	62	440	33010	1	ANAPC1	0.565147466948076	1.0
Reactome	hypomethylated	Peroxisomal Protein Import R-HSA-9033241	62	440	33010	1	PEX7	0.565147466948076	1.0
Reactome	hypomethylated	RNA Polymerase II Transcription Termination R-HSA-73856	62	440	33010	1	SRSF7	0.565147466948076	1.0
Reactome	hypomethylated	Sensory Processing Of Sound By Inner Hair Cells Of Cochlea R-HSA-9662360	62	440	33010	1	EZR	0.565147466948076	1.0
Reactome	hypomethylated	DNA Repair R-HSA-73894	299	440	33010	4	COPS5,MDC1,PARP1,RAD23A	0.5658544260004688	1.0
Reactome	hypomethylated	COPII-mediated Vesicle Transport R-HSA-204005	63	440	33010	1	GRIA1	0.5709546514370539	1.0
Reactome	hypomethylated	Regulation Of RAS By GAPs R-HSA-5658442	63	440	33010	1	SPRED2	0.5709546514370539	1.0
Reactome	hypomethylated	DNA Double-Strand Break Repair R-HSA-5693532	144	440	33010	2	MDC1,PARP1	0.5740425580500579	1.0
Reactome	hypomethylated	p53-Dependent G1 DNA Damage Response R-HSA-69563	64	440	33010	1	CDKN2A	0.5766844585019668	1.0
Reactome	hypomethylated	Interleukin-1 Family Signaling R-HSA-446652	146	440	33010	2	CASP8,IL18	0.5815451976649998	1.0
Reactome	hypomethylated	Collagen Biosynthesis And Modifying Enzymes R-HSA-1650814	65	440	33010	1	TLL2	0.5823379168355772	1.0
Reactome	hypomethylated	Interleukin-17 Signaling R-HSA-448424	65	440	33010	1	IL17RA	0.5823379168355772	1.0
Reactome	hypomethylated	Neddylation R-HSA-8951664	227	440	33010	3	COPS5,FBXL14,ZBTB16	0.584864480180884	1.0
Reactome	hypomethylated	APC/C:Cdc20 Mediated Degradation Of Securin R-HSA-174154	66	440	33010	1	ANAPC1	0.5879160414855201	1.0
Reactome	hypomethylated	Diseases Associated With O-glycosylation Of Proteins R-HSA-3906995	66	440	33010	1	ADAMTS7	0.5879160414855201	1.0
Reactome	hypomethylated	G1/S DNA Damage Checkpoints R-HSA-69615	66	440	33010	1	CDKN2A	0.5879160414855201	1.0
Reactome	hypomethylated	RHOB GTPase Cycle R-HSA-9013026	66	440	33010	1	ABR	0.5879160414855201	1.0
Reactome	hypomethylated	DDX58/IFIH1-mediated Induction Of Interferon-Alpha/Beta R-HSA-168928	67	440	33010	1	CASP8	0.5934198340348876	1.0
Reactome	hypomethylated	Antimicrobial Peptides R-HSA-6803157	68	440	33010	1	BPI	0.5988502827804376	1.0
Reactome	hypomethylated	Base Excision Repair R-HSA-73884	68	440	33010	1	PARP1	0.5988502827804376	1.0
Reactome	hypomethylated	NoRC Negatively Regulates rRNA Expression R-HSA-427413	68	440	33010	1	TAF1D	0.5988502827804376	1.0
Reactome	hypomethylated	Plasma Lipoprotein Assembly, Remodeling, And Clearance R-HSA-174824	69	440	33010	1	LMF1	0.6042083629084387	1.0
Reactome	hypomethylated	Signaling By NOTCH1 R-HSA-1980143	69	440	33010	1	TBL1XR1	0.6042083629084387	1.0
Reactome	hypomethylated	Negative Epigenetic Regulation Of rRNA Expression R-HSA-5250941	70	440	33010	1	TAF1D	0.6094950366681994	1.0
Reactome	hypomethylated	Sensory Processing Of Sound R-HSA-9659379	70	440	33010	1	EZR	0.6094950366681994	1.0
Reactome	hypomethylated	CDK-mediated Phosphorylation And Removal Of Cdc6 R-HSA-69017	71	440	33010	1	ANAPC1	0.6147112535433049	1.0
Reactome	hypomethylated	Cdc20:Phospho-APC/C Mediated Degradation Of Cyclin A R-HSA-174184	71	440	33010	1	ANAPC1	0.6147112535433049	1.0
Reactome	hypomethylated	Transcriptional Regulation By Small RNAs R-HSA-5578749	71	440	33010	1	NUP43	0.6147112535433049	1.0
Reactome	hypomethylated	APC/C:Cdh1 Mediated Degradation Of Cdc20 And APC/C:Cdh1 Targets In Late Mitosis/Early G1 R-HSA-174178	72	440	33010	1	ANAPC1	0.6198579504205923	1.0
Reactome	hypomethylated	APC:Cdc20 Mediated Degradation Of Cell Cycle Proteins Before Cycle Checkpoint Satisfied R-HSA-179419	72	440	33010	1	ANAPC1	0.6198579504205923	1.0
Reactome	hypomethylated	Amyloid Fiber Formation R-HSA-977225	72	440	33010	1	APCS	0.6198579504205923	1.0
Reactome	hypomethylated	Pre-NOTCH Expression And Processing R-HSA-1912422	72	440	33010	1	RUNX1	0.6198579504205923	1.0
Reactome	hypomethylated	Protein Ubiquitination R-HSA-8852135	72	440	33010	1	HLTF	0.6198579504205923	1.0
Reactome	hypomethylated	S Phase R-HSA-69242	157	440	33010	2	ANAPC1,PMEPA1	0.6210647396646778	1.0
Reactome	hypomethylated	Platelet Activation, Signaling And Aggregation R-HSA-76002	240	440	33010	3	APBB1IP,PRKCH,VAV3	0.6224828848127058	1.0
Reactome	hypomethylated	G2/M DNA Damage Checkpoint R-HSA-69473	73	440	33010	1	MDC1	0.6249360517568885	1.0
Reactome	hypomethylated	APC/C:Cdc20 Mediated Degradation Of Mitotic Proteins R-HSA-176409	74	440	33010	1	ANAPC1	0.6299464697435602	1.0
Reactome	hypomethylated	ISG15 Antiviral Mechanism R-HSA-1169408	74	440	33010	1	NUP43	0.6299464697435602	1.0
Reactome	hypomethylated	RNA Polymerase II Transcribes snRNA Genes R-HSA-6807505	74	440	33010	1	RPRD2	0.6299464697435602	1.0
Reactome	hypomethylated	Transport To Golgi And Subsequent Modification R-HSA-948021	161	440	33010	2	DCTN2,GRIA1	0.634704760747902	1.0
Reactome	hypomethylated	Activation Of APC/C And APC/C:Cdc20 Mediated Degradation Of Mitotic Proteins R-HSA-176814	75	440	33010	1	ANAPC1	0.6348901044688708	1.0
Reactome	hypomethylated	Transcription-Coupled Nucleotide Excision Repair (TC-NER) R-HSA-6781827	75	440	33010	1	COPS5	0.6348901044688708	1.0
Reactome	hypomethylated	COPI-dependent Golgi-to-ER Retrograde Traffic R-HSA-6811434	76	440	33010	1	KIF5A	0.6397678440782134	1.0
Reactome	hypomethylated	Processing Of DNA Double-Strand Break Ends R-HSA-5693607	76	440	33010	1	MDC1	0.6397678440782134	1.0
Reactome	hypomethylated	Downstream Signaling Events Of B Cell Receptor (BCR) R-HSA-1168372	77	440	33010	1	NFATC1	0.6445805649322118	1.0
Reactome	hypomethylated	Ion Channel Transport R-HSA-983712	164	440	33010	2	ANO2,ASIC2	0.6446807827774013	1.0
Reactome	hypomethylated	Regulation Of APC/C Activators Between G1/S And Early Anaphase R-HSA-176408	79	440	33010	1	ANAPC1	0.6540143978268855	1.0
Reactome	hypomethylated	RHO GTPase Effectors R-HSA-195258	253	440	33010	3	CENPN,KIF5A,NUP43	0.6577108616220547	1.0
Reactome	hypomethylated	COPI-mediated Anterograde Transport R-HSA-6807878	80	440	33010	1	DCTN2	0.6586372050588606	1.0
Reactome	hypomethylated	Fcgamma Receptor (FCGR) Dependent Phagocytosis R-HSA-2029480	80	440	33010	1	VAV3	0.6586372050588606	1.0
Reactome	hypomethylated	Antiviral Mechanism By IFN-stimulated Genes R-HSA-1169410	81	440	33010	1	NUP43	0.6631983842199325	1.0
Reactome	hypomethylated	Meiosis R-HSA-1500620	81	440	33010	1	PMEPA1	0.6631983842199325	1.0
Reactome	hypomethylated	Transcriptional Regulation Of White Adipocyte Differentiation R-HSA-381340	81	440	33010	1	TBL1XR1	0.6631983842199325	1.0
Reactome	hypomethylated	Mitochondrial Translation Elongation R-HSA-5389840	82	440	33010	1	MRPS17	0.667698755046354	1.0
Reactome	hypomethylated	Mitochondrial Translation Initiation R-HSA-5368286	82	440	33010	1	MRPS17	0.667698755046354	1.0
Reactome	hypomethylated	Mitochondrial Translation Termination R-HSA-5419276	82	440	33010	1	MRPS17	0.667698755046354	1.0
Reactome	hypomethylated	Platelet Homeostasis R-HSA-418346	82	440	33010	1	PDE10A	0.667698755046354	1.0
Reactome	hypomethylated	RAB GEFs Exchange GTP For GDP On RABs R-HSA-8876198	82	440	33010	1	RAB27A	0.667698755046354	1.0
Reactome	hypomethylated	Interferon Gamma Signaling R-HSA-877300	83	440	33010	1	CD44	0.6721391263953459	1.0
Reactome	hypomethylated	Signaling By FGFR R-HSA-190236	83	440	33010	1	SPRED2	0.6721391263953459	1.0
Reactome	hypomethylated	Sphingolipid Metabolism R-HSA-428157	83	440	33010	1	PPM1L	0.6721391263953459	1.0
Reactome	hypomethylated	Activation Of HOX Genes During Differentiation R-HSA-5619507	84	440	33010	1	PBX1	0.6765202963891517	1.0
Reactome	hypomethylated	Transport Of Bile Salts And Organic Acids, Metal Ions And Amine Compounds R-HSA-425366	84	440	33010	1	RUNX1	0.6765202963891517	1.0
Reactome	hypomethylated	Signaling By Interleukins R-HSA-449147	429	440	33010	5	BATF,CASP8,IL17RA,IL18,IL22RA2	0.6787955765624545	1.0
Reactome	hypomethylated	APC/C-mediated Degradation Of Cell Cycle Proteins R-HSA-174143	86	440	33010	1	ANAPC1	0.6851081719763177	1.0
Reactome	hypomethylated	HCMV Late Events R-HSA-9610379	86	440	33010	1	NUP43	0.6851081719763177	1.0
Reactome	hypomethylated	Oxidative Stress Induced Senescence R-HSA-2559580	86	440	33010	1	CDKN2A	0.6851081719763177	1.0
Reactome	hypomethylated	G2/M Transition R-HSA-69275	177	440	33010	2	DCTN2,HAUS6	0.6854312116354218	1.0
Reactome	hypomethylated	Opioid Signaling R-HSA-111885	87	440	33010	1	ADCY8	0.6893164214092669	1.0
Reactome	hypomethylated	PCP/CE Pathway R-HSA-4086400	87	440	33010	1	WNT5B	0.6893164214092669	1.0
Reactome	hypomethylated	Regulation Of TP53 Activity Thru Phosphorylation R-HSA-6804756	87	440	33010	1	PRKAG2	0.6893164214092669	1.0
Reactome	hypomethylated	Respiratory Electron Transport R-HSA-611105	87	440	33010	1	NDUFA10	0.6893164214092669	1.0
Reactome	hypomethylated	Mitotic G2-G2/M Phases R-HSA-453274	179	440	33010	2	DCTN2,HAUS6	0.6913490443013005	1.0
Reactome	hypomethylated	Collagen Formation R-HSA-1474290	88	440	33010	1	TLL2	0.6934685574412178	1.0
Reactome	hypomethylated	Mitochondrial Translation R-HSA-5368287	88	440	33010	1	MRPS17	0.6934685574412178	1.0
Reactome	hypomethylated	Interferon Signaling R-HSA-913531	181	440	33010	2	CD44,NUP43	0.6971749437986043	1.0
Reactome	hypomethylated	Switching Of Origins To A Post-Replicative State R-HSA-69052	89	440	33010	1	ANAPC1	0.6975653266145934	1.0
Reactome	hypomethylated	Potential Therapeutics For SARS R-HSA-9679191	90	440	33010	1	GATAD2B	0.7016074655620609	1.0
Reactome	hypomethylated	Phase II - Conjugation Of Compounds R-HSA-156580	91	440	33010	1	CNDP2	0.7055957011377805	1.0
Reactome	hypomethylated	RUNX1 Regulates Transcription Of Genes Involved In Differentiation Of HSCs R-HSA-8939236	91	440	33010	1	RUNX1	0.7055957011377805	1.0
Reactome	hypomethylated	VEGFA-VEGFR2 Pathway R-HSA-4420097	91	440	33010	1	VAV3	0.7055957011377805	1.0
Reactome	hypomethylated	Class B/2 (Secretin Family Receptors) R-HSA-373080	92	440	33010	1	SCT	0.7095307505469177	1.0
Reactome	hypomethylated	SLC Transporter Disorders R-HSA-5619102	94	440	33010	1	NUP43	0.7172441122062461	1.0
Reactome	hypomethylated	Muscle Contraction R-HSA-397014	189	440	33010	2	KCNK5,SCN1A	0.7195737382029468	1.0
Reactome	hypomethylated	Hedgehog Off State R-HSA-5610787	96	440	33010	1	ADCY8	0.7247531000158682	1.0
Reactome	hypomethylated	TRAF6 Mediated Induction Of NFkB And MAP Kinases Upon TLR7/8 Or 9 Activation R-HSA-975138	96	440	33010	1	CASP8	0.7247531000158682	1.0
Reactome	hypomethylated	MyD88 Dependent Cascade Initiated On Endosome R-HSA-975155	97	440	33010	1	CASP8	0.7284326478068697	1.0
Reactome	hypomethylated	Toll Like Receptor 7/8 (TLR7/8) Cascade R-HSA-168181	97	440	33010	1	CASP8	0.7284326478068697	1.0
Reactome	hypomethylated	Signaling By VEGF R-HSA-194138	99	440	33010	1	VAV3	0.7356451609626629	1.0
Reactome	hypomethylated	Toll Like Receptor 3 (TLR3) Cascade R-HSA-168164	99	440	33010	1	CASP8	0.7356451609626629	1.0
Reactome	hypomethylated	tRNA Processing R-HSA-72306	100	440	33010	1	NUP43	0.7391794239500051	1.0
Reactome	hypomethylated	G Alpha (Q) Signaling Events R-HSA-416476	197	440	33010	2	GRK5,PRKCH	0.7405625635757944	1.0
Reactome	hypomethylated	Potassium Channels R-HSA-1296071	101	440	33010	1	KCNA1	0.742666541952497	1.0
Reactome	hypomethylated	Toll Like Receptor 9 (TLR9) Cascade R-HSA-168138	101	440	33010	1	CASP8	0.742666541952497	1.0
Reactome	hypomethylated	MyD88-independent TLR4 Cascade R-HSA-166166	103	440	33010	1	CASP8	0.7495018445617563	1.0
Reactome	hypomethylated	Assembly Of Pre-Replicative Complex R-HSA-68867	104	440	33010	1	ANAPC1	0.7528512592271112	1.0
Reactome	hypomethylated	Signaling By B Cell Receptor (BCR) R-HSA-983705	104	440	33010	1	NFATC1	0.7528512592271112	1.0
Reactome	hypomethylated	MyD88:MAL(TIRAP) Cascade Initiated On Plasma Membrane R-HSA-166058	107	440	33010	1	CASP8	0.7626337666314099	1.0
Reactome	hypomethylated	Respiratory Electron Transport, ATP Synthesis By Chemiosmotic Coupling, Heat Production By Uncoupling Proteins R-HSA-163200	108	440	33010	1	NDUFA10	0.7658079800065483	1.0
Reactome	hypomethylated	Chromosome Maintenance R-HSA-73886	109	440	33010	1	CENPN	0.768939840951084	1.0
Reactome	hypomethylated	HDR Thru Homologous Recombination (HRR) Or Single Strand Annealing (SSA) R-HSA-5693567	109	440	33010	1	MDC1	0.768939840951084	1.0
Reactome	hypomethylated	Macroautophagy R-HSA-1632852	109	440	33010	1	PRKAG2	0.768939840951084	1.0
Reactome	hypomethylated	TCR Signaling R-HSA-202403	109	440	33010	1	PTPN22	0.768939840951084	1.0
Reactome	hypomethylated	Cytokine Signaling In Immune System R-HSA-1280215	653	440	33010	7	BATF,CASP8,CD44,IL17RA,IL18,IL22RA2,NUP43	0.7694338090132044	1.0
Reactome	hypomethylated	Interleukin-1 Signaling R-HSA-9020702	110	440	33010	1	CASP8	0.7720299132887496	1.0
Reactome	hypomethylated	PPARA Activates Gene Expression R-HSA-1989781	112	440	33010	1	TBL1XR1	0.7780869100922099	1.0
Reactome	hypomethylated	Regulation Of Lipid Metabolism By PPARalpha R-HSA-400206	114	440	33010	1	TBL1XR1	0.7839833330023793	1.0
Reactome	hypomethylated	Transcriptional Regulation By RUNX2 R-HSA-8878166	115	440	33010	1	RUNX1	0.786872660989945	1.0
Reactome	hypomethylated	Regulation Of IGF Transport And Uptake By IGFBPs R-HSA-381426	116	440	33010	1	PAPPA2	0.7897234294703954	1.0
Reactome	hypomethylated	Synthesis Of DNA R-HSA-69239	117	440	33010	1	ANAPC1	0.7925361518827814	1.0
Reactome	hypomethylated	DNA Replication Pre-Initiation R-HSA-69002	119	440	33010	1	ANAPC1	0.7980494782435039	1.0
Reactome	hypomethylated	Metabolism Of Water-Soluble Vitamins And Cofactors R-HSA-196849	121	440	33010	1	PARP4	0.8034166127778074	1.0
Reactome	hypomethylated	Autophagy R-HSA-9612973	122	440	33010	1	PRKAG2	0.8060465708299756	1.0
Reactome	hypomethylated	Host Interactions Of HIV Factors R-HSA-162909	126	440	33010	1	NUP43	0.8162199919533079	1.0
Reactome	hypomethylated	SLC-mediated Transmembrane Transport R-HSA-425407	237	440	33010	2	RUNX1,SLCO3A1	0.8263556287065412	1.0
Reactome	hypomethylated	Late Phase Of HIV Life Cycle R-HSA-162599	131	440	33010	1	NUP43	0.8281912647139882	1.0
Reactome	hypomethylated	Signaling By NTRKs R-HSA-166520	131	440	33010	1	TIAM1	0.8281912647139882	1.0
Reactome	hypomethylated	Signaling By Hedgehog R-HSA-5358351	133	440	33010	1	ADCY8	0.8327589918829107	1.0
Reactome	hypomethylated	Diseases Of Glycosylation R-HSA-3781865	135	440	33010	1	ADAMTS7	0.8372055495842072	1.0
Reactome	hypomethylated	PTEN Regulation R-HSA-6807070	135	440	33010	1	GATAD2B	0.8372055495842072	1.0
Reactome	hypomethylated	G2/M Checkpoints R-HSA-69481	143	440	33010	1	MDC1	0.8538429719631193	1.0
Reactome	hypomethylated	Mitotic G1 Phase And G1/S Transition R-HSA-453279	143	440	33010	1	CDKN2A	0.8538429719631193	1.0
Reactome	hypomethylated	HIV Life Cycle R-HSA-162587	144	440	33010	1	NUP43	0.8557996182142593	1.0
Reactome	hypomethylated	RAF/MAP Kinase Cascade R-HSA-5673001	258	440	33010	2	APBB1IP,SPRED2	0.8603659064688203	1.0
Reactome	hypomethylated	DNA Replication R-HSA-69306	147	440	33010	1	ANAPC1	0.8615141328897298	1.0
Reactome	hypomethylated	Metabolism Of Steroids R-HSA-8957322	149	440	33010	1	TBL1XR1	0.8651977148841166	1.0
Reactome	hypomethylated	MAPK1/MAPK3 Signaling R-HSA-5684996	264	440	33010	2	APBB1IP,SPRED2	0.8689009265447647	1.0
Reactome	hypomethylated	Signaling By Receptor Tyrosine Kinases R-HSA-9006934	480	440	33010	4	SPRED2,TIAM1,VAV3,WWOX	0.8843821451920535	1.0
Reactome	hypomethylated	Asparagine N-linked Glycosylation R-HSA-446203	276	440	33010	2	DCTN2,GRIA1	0.8845507715909199	1.0
Reactome	hypomethylated	Transport Of Small Molecules R-HSA-382551	675	440	33010	6	ADCY8,ANO2,ASIC2,LMF1,RUNX1,SLCO3A1	0.8882521267295175	1.0
Reactome	hypomethylated	Disorders Of Transmembrane Transporters R-HSA-5619115	169	440	33010	1	NUP43	0.8970619877832386	1.0
Reactome	hypomethylated	G Alpha (I) Signaling Events R-HSA-418594	295	440	33010	2	ADCY8,RGS10	0.9058339949308574	1.0
Reactome	hypomethylated	Intracellular Signaling By Second Messengers R-HSA-9006925	296	440	33010	2	ADCY8,GATAD2B	0.9068459651321771	1.0
Reactome	hypomethylated	Peptide Ligand-Binding Receptors R-HSA-375276	183	440	33010	1	MC1R	0.9147787284257743	1.0
Reactome	hypomethylated	MAPK Family Signaling Cascades R-HSA-5683057	305	440	33010	2	APBB1IP,SPRED2	0.9155070107535337	1.0
Reactome	hypomethylated	Keratinization R-HSA-6805567	185	440	33010	1	KRTAP12-3	0.9170479959904999	1.0
Reactome	hypomethylated	TCF Dependent Signaling In Response To WNT R-HSA-201681	188	440	33010	1	BCL9	0.920339350498495	1.0
Reactome	hypomethylated	Biological Oxidations R-HSA-211859	194	440	33010	1	CNDP2	0.92653628107212	1.0
Reactome	hypomethylated	Transcriptional Regulation By RUNX1 R-HSA-8878171	196	440	33010	1	RUNX1	0.9284931204426237	1.0
Reactome	hypomethylated	HIV Infection R-HSA-162906	220	440	33010	1	NUP43	0.9482880776172345	1.0
Reactome	hypomethylated	Diseases Of Metabolism R-HSA-5668914	232	440	33010	1	ADAMTS7	0.9560283046291084	1.0
Reactome	hypomethylated	Metabolism Of Lipids R-HSA-556833	696	440	33010	5	ACBD5,PPARD,PPM1L,PRKAG2,TBL1XR1	0.9562968870722026	1.0
Reactome	hypomethylated	Deubiquitination R-HSA-5688426	243	440	33010	1	RAD23A	0.962103329383735	1.0
Reactome	hypomethylated	PIP3 Activates AKT Signaling R-HSA-1257604	259	440	33010	1	GATAD2B	0.9694761749614708	1.0
Reactome	hypomethylated	GPCR Ligand Binding R-HSA-500792	429	440	33010	2	MC1R,SCT	0.9790803458424282	1.0
Reactome	hypomethylated	Class A/1 (Rhodopsin-like Receptors) R-HSA-373076	304	440	33010	1	MC1R	0.9833994466960525	1.0
Reactome	hypomethylated	2-LTR Circle Formation R-HSA-164843	8	440	33010	0		1.0	1.0
Reactome	hypomethylated	GAG Synthesis Requires Tetrasaccharide Linker Sequence R-HSA-1971475	23	440	33010	0		1.0	1.0
Reactome	hypomethylated	ABC Transporter Disorders R-HSA-5619084	75	440	33010	0		1.0	1.0
Reactome	hypomethylated	ABC Transporters In Lipid Homeostasis R-HSA-1369062	16	440	33010	0		1.0	1.0
Reactome	hypomethylated	ABC-family Proteins Mediated Transport R-HSA-382556	97	440	33010	0		1.0	1.0
Reactome	hypomethylated	ADP Signaling Thru P2Y Purinoceptor 1 R-HSA-418592	25	440	33010	0		1.0	1.0
Reactome	hypomethylated	ADP Signaling Thru P2Y Purinoceptor 12 R-HSA-392170	22	440	33010	0		1.0	1.0
Reactome	hypomethylated	AKT Phosphorylates Targets In Cytosol R-HSA-198323	14	440	33010	0		1.0	1.0
Reactome	hypomethylated	AKT Phosphorylates Targets In Nucleus R-HSA-198693	9	440	33010	0		1.0	1.0
Reactome	hypomethylated	ALK Mutants Bind TKIs R-HSA-9700645	12	440	33010	0		1.0	1.0
Reactome	hypomethylated	APC Truncation Mutants Have Impaired AXIN Binding R-HSA-5467337	13	440	33010	0		1.0	1.0
Reactome	hypomethylated	APEX1-Independent Resolution Of AP Sites Via Single Nucleotide Replacement Pathway R-HSA-5649702	7	440	33010	0		1.0	1.0
Reactome	hypomethylated	APOBEC3G Mediated Resistance To HIV-1 R-HSA-180689	6	440	33010	0		1.0	1.0
Reactome	hypomethylated	ARMS-mediated Activation R-HSA-170984	7	440	33010	0		1.0	1.0
Reactome	hypomethylated	ATF4 Activates Genes In Response To Endoplasmic Reticulum Stress R-HSA-380994	26	440	33010	0		1.0	1.0
Reactome	hypomethylated	ATF6 (ATF6-alpha) Activates Chaperone Genes R-HSA-381183	9	440	33010	0		1.0	1.0
Reactome	hypomethylated	ATF6 (ATF6-alpha) Activates Chaperones R-HSA-381033	10	440	33010	0		1.0	1.0
Reactome	hypomethylated	AUF1 (hnRNP D0) Binds And Destabilizes mRNA R-HSA-450408	53	440	33010	0		1.0	1.0
Reactome	hypomethylated	Abacavir ADME R-HSA-2161522	10	440	33010	0		1.0	1.0
Reactome	hypomethylated	Abacavir Metabolism R-HSA-2161541	5	440	33010	0		1.0	1.0
Reactome	hypomethylated	Abacavir Transmembrane Transport R-HSA-2161517	5	440	33010	0		1.0	1.0
Reactome	hypomethylated	Aberrant Regulation Of Mitotic G1/S Transition In Cancer Due To RB1 Defects R-HSA-9659787	17	440	33010	0		1.0	1.0
Reactome	hypomethylated	Abortive Elongation Of HIV-1 Transcript In Absence Of Tat R-HSA-167242	23	440	33010	0		1.0	1.0
Reactome	hypomethylated	Acetylcholine Binding And Downstream Events R-HSA-181431	13	440	33010	0		1.0	1.0
Reactome	hypomethylated	Acetylcholine Inhibits Contraction Of Outer Hair Cells R-HSA-9667769	5	440	33010	0		1.0	1.0
Reactome	hypomethylated	Acetylcholine Regulates Insulin Secretion R-HSA-399997	10	440	33010	0		1.0	1.0
Reactome	hypomethylated	Acrosome Reaction And Sperm:Oocyte Membrane Binding R-HSA-1300645	5	440	33010	0		1.0	1.0
Reactome	hypomethylated	Activated NOTCH1 Transmits Signal To Nucleus R-HSA-2122948	31	440	33010	0		1.0	1.0
Reactome	hypomethylated	Activated NTRK2 Signals Thru FRS2 And FRS3 R-HSA-9028731	9	440	33010	0		1.0	1.0
Reactome	hypomethylated	Activated NTRK2 Signals Thru FYN R-HSA-9032500	6	440	33010	0		1.0	1.0
Reactome	hypomethylated	Activated NTRK2 Signals Thru PI3K R-HSA-9028335	6	440	33010	0		1.0	1.0
Reactome	hypomethylated	Activated NTRK2 Signals Thru RAS R-HSA-9026519	7	440	33010	0		1.0	1.0
Reactome	hypomethylated	Activated NTRK3 Signals Thru PI3K R-HSA-9603381	6	440	33010	0		1.0	1.0
Reactome	hypomethylated	Activated NTRK3 Signals Thru RAS R-HSA-9034864	7	440	33010	0		1.0	1.0
Reactome	hypomethylated	Activated PKN1 Stimulates Transcription Of Androgen Receptor Regulated KLK2 And KLK3 R-HSA-5625886	30	440	33010	0		1.0	1.0
Reactome	hypomethylated	Activated Point Mutants Of FGFR2 R-HSA-2033519	15	440	33010	0		1.0	1.0
Reactome	hypomethylated	Activation Of ATR In Response To Replication Stress R-HSA-176187	36	440	33010	0		1.0	1.0
Reactome	hypomethylated	Activation Of BAD And Translocation To Mitochondria R-HSA-111447	15	440	33010	0		1.0	1.0
Reactome	hypomethylated	Activation Of BH3-only Proteins R-HSA-114452	30	440	33010	0		1.0	1.0
Reactome	hypomethylated	Activation Of C3 And C5 R-HSA-174577	5	440	33010	0		1.0	1.0
Reactome	hypomethylated	Activation Of Ca-permeable Kainate Receptor R-HSA-451308	9	440	33010	0		1.0	1.0
Reactome	hypomethylated	Activation Of G Protein Gated Potassium Channels R-HSA-1296041	29	440	33010	0		1.0	1.0
Reactome	hypomethylated	Activation Of IRF3/IRF7 Mediated By TBK1/IKK Epsilon R-HSA-936964	17	440	33010	0		1.0	1.0
Reactome	hypomethylated	Activation Of Matrix Metalloproteinases R-HSA-1592389	29	440	33010	0		1.0	1.0
Reactome	hypomethylated	Activation Of NF-kappaB In B Cells R-HSA-1169091	64	440	33010	0		1.0	1.0
Reactome	hypomethylated	Activation Of NOXA And Translocation To Mitochondria R-HSA-111448	5	440	33010	0		1.0	1.0
Reactome	hypomethylated	Activation Of PUMA And Translocation To Mitochondria R-HSA-139915	9	440	33010	0		1.0	1.0
Reactome	hypomethylated	Activation Of RAC1 R-HSA-428540	12	440	33010	0		1.0	1.0
Reactome	hypomethylated	Activation Of RAC1 Downstream Of NMDARs R-HSA-9619229	7	440	33010	0		1.0	1.0
Reactome	hypomethylated	Activation Of SMO R-HSA-5635838	18	440	33010	0		1.0	1.0
Reactome	hypomethylated	Activation Of TRKA Receptors R-HSA-187015	6	440	33010	0		1.0	1.0
Reactome	hypomethylated	Activation Of Caspases Thru Apoptosome-Mediated Cleavage R-HSA-111459	5	440	33010	0		1.0	1.0
Reactome	hypomethylated	Activation Of Kainate Receptors Upon Glutamate Binding R-HSA-451326	29	440	33010	0		1.0	1.0
Reactome	hypomethylated	Activation Of AP-1 Family Of Transcription Factors R-HSA-450341	10	440	33010	0		1.0	1.0
Reactome	hypomethylated	Activation Of Pre-Replicative Complex R-HSA-68962	30	440	33010	0		1.0	1.0
Reactome	hypomethylated	Acyl Chain Remodeling Of CL R-HSA-1482798	5	440	33010	0		1.0	1.0
Reactome	hypomethylated	Acyl Chain Remodeling Of DAG And TAG R-HSA-1482883	5	440	33010	0		1.0	1.0
Reactome	hypomethylated	Acyl Chain Remodelling Of PC R-HSA-1482788	27	440	33010	0		1.0	1.0
Reactome	hypomethylated	Acyl Chain Remodelling Of PE R-HSA-1482839	29	440	33010	0		1.0	1.0
Reactome	hypomethylated	Acyl Chain Remodelling Of PG R-HSA-1482925	18	440	33010	0		1.0	1.0
Reactome	hypomethylated	Acyl Chain Remodelling Of PI R-HSA-1482922	17	440	33010	0		1.0	1.0
Reactome	hypomethylated	Acyl Chain Remodelling Of PS R-HSA-1482801	22	440	33010	0		1.0	1.0
Reactome	hypomethylated	Adrenaline,noradrenaline Inhibits Insulin Secretion R-HSA-400042	28	440	33010	0		1.0	1.0
Reactome	hypomethylated	Adrenoceptors R-HSA-390696	9	440	33010	0		1.0	1.0
Reactome	hypomethylated	Advanced Glycosylation Endproduct Receptor Signaling R-HSA-879415	13	440	33010	0		1.0	1.0
Reactome	hypomethylated	Aflatoxin Activation And Detoxification R-HSA-5423646	18	440	33010	0		1.0	1.0
Reactome	hypomethylated	Aggrephagy R-HSA-9646399	23	440	33010	0		1.0	1.0
Reactome	hypomethylated	Alpha-defensins R-HSA-1462054	6	440	33010	0		1.0	1.0
Reactome	hypomethylated	Alpha-oxidation Of Phytanate R-HSA-389599	6	440	33010	0		1.0	1.0
Reactome	hypomethylated	Alpha-protein Kinase 1 Signaling Pathway R-HSA-9645460	10	440	33010	0		1.0	1.0
Reactome	hypomethylated	Amine Ligand-Binding Receptors R-HSA-375280	38	440	33010	0		1.0	1.0
Reactome	hypomethylated	Amino Acid Conjugation R-HSA-156587	7	440	33010	0		1.0	1.0
Reactome	hypomethylated	Amino Acid Transport Across Plasma Membrane R-HSA-352230	30	440	33010	0		1.0	1.0
Reactome	hypomethylated	Amino Acids Regulate mTORC1 R-HSA-9639288	52	440	33010	0		1.0	1.0
Reactome	hypomethylated	Androgen Biosynthesis R-HSA-193048	11	440	33010	0		1.0	1.0
Reactome	hypomethylated	Antigen Presentation: Folding, Assembly, Peptide Loading Of Class I MHC R-HSA-983170	28	440	33010	0		1.0	1.0
Reactome	hypomethylated	Antigen Activates B Cell Receptor Leading To Second Messenger Generation R-HSA-983695	28	440	33010	0		1.0	1.0
Reactome	hypomethylated	Antigen processing-Cross Presentation R-HSA-1236975	97	440	33010	0		1.0	1.0
Reactome	hypomethylated	Apoptosis Induced DNA Fragmentation R-HSA-140342	13	440	33010	0		1.0	1.0
Reactome	hypomethylated	Apoptotic Cleavage Of Cell Adhesion Proteins R-HSA-351906	11	440	33010	0		1.0	1.0
Reactome	hypomethylated	Arachidonate Production From DAG R-HSA-426048	5	440	33010	0		1.0	1.0
Reactome	hypomethylated	Arachidonic Acid Metabolism R-HSA-2142753	56	440	33010	0		1.0	1.0
Reactome	hypomethylated	Aryl Hydrocarbon Receptor Signaling R-HSA-8937144	7	440	33010	0		1.0	1.0
Reactome	hypomethylated	Aspartate And Asparagine Metabolism R-HSA-8963693	11	440	33010	0		1.0	1.0
Reactome	hypomethylated	Aspirin ADME R-HSA-9749641	36	440	33010	0		1.0	1.0
Reactome	hypomethylated	Assembly Of HIV Virion R-HSA-175474	17	440	33010	0		1.0	1.0
Reactome	hypomethylated	Assembly Of ORC Complex At Origin Of Replication R-HSA-68616	33	440	33010	0		1.0	1.0
Reactome	hypomethylated	Asymmetric Localization Of PCP Proteins R-HSA-4608870	61	440	33010	0		1.0	1.0
Reactome	hypomethylated	Atorvastatin ADME R-HSA-9754706	9	440	33010	0		1.0	1.0
Reactome	hypomethylated	Attachment And Entry R-HSA-9678110	4	440	33010	0		1.0	1.0
Reactome	hypomethylated	Attachment Of GPI Anchor To uPAR R-HSA-162791	7	440	33010	0		1.0	1.0
Reactome	hypomethylated	Autodegradation Of E3 Ubiquitin Ligase COP1 R-HSA-349425	50	440	33010	0		1.0	1.0
Reactome	hypomethylated	Axonal Growth Inhibition (RHOA Activation) R-HSA-193634	7	440	33010	0		1.0	1.0
Reactome	hypomethylated	BH3-only Proteins Associate With And Inactivate Anti-Apoptotic BCL-2 Members R-HSA-111453	9	440	33010	0		1.0	1.0
Reactome	hypomethylated	Base-Excision Repair, AP Site Formation R-HSA-73929	40	440	33010	0		1.0	1.0
Reactome	hypomethylated	Basigin Interactions R-HSA-210991	24	440	33010	0		1.0	1.0
Reactome	hypomethylated	Beta Defensins R-HSA-1461957	21	440	33010	0		1.0	1.0
Reactome	hypomethylated	Beta Oxidation Of butanoyl-CoA To acetyl-CoA R-HSA-77352	5	440	33010	0		1.0	1.0
Reactome	hypomethylated	Beta Oxidation Of decanoyl-CoA To octanoyl-CoA-CoA R-HSA-77346	6	440	33010	0		1.0	1.0
Reactome	hypomethylated	Beta Oxidation Of hexanoyl-CoA To butanoyl-CoA R-HSA-77350	5	440	33010	0		1.0	1.0
Reactome	hypomethylated	Beta Oxidation Of lauroyl-CoA To decanoyl-CoA-CoA R-HSA-77310	5	440	33010	0		1.0	1.0
Reactome	hypomethylated	Beta Oxidation Of octanoyl-CoA To hexanoyl-CoA R-HSA-77348	5	440	33010	0		1.0	1.0
Reactome	hypomethylated	Beta-catenin Phosphorylation Cascade R-HSA-196299	16	440	33010	0		1.0	1.0
Reactome	hypomethylated	Beta-oxidation Of pristanoyl-CoA R-HSA-389887	9	440	33010	0		1.0	1.0
Reactome	hypomethylated	Beta-oxidation Of Very Long Chain Fatty Acids R-HSA-390247	10	440	33010	0		1.0	1.0
Reactome	hypomethylated	Bicarbonate Transporters R-HSA-425381	10	440	33010	0		1.0	1.0
Reactome	hypomethylated	Bile Acid And Bile Salt Metabolism R-HSA-194068	45	440	33010	0		1.0	1.0
Reactome	hypomethylated	Binding And Uptake Of Ligands By Scavenger Receptors R-HSA-2173782	40	440	33010	0		1.0	1.0
Reactome	hypomethylated	Binding And Entry Of HIV Virion R-HSA-173107	5	440	33010	0		1.0	1.0
Reactome	hypomethylated	Binding Of TCF/LEF:CTNNB1 To Target Gene Promoters R-HSA-4411364	8	440	33010	0		1.0	1.0
Reactome	hypomethylated	Biosynthesis Of DHA-derived SPMs R-HSA-9018677	16	440	33010	0		1.0	1.0
Reactome	hypomethylated	Biosynthesis Of E-series 18(S)-resolvins R-HSA-9018896	5	440	33010	0		1.0	1.0
Reactome	hypomethylated	Biosynthesis Of EPA-derived SPMs R-HSA-9018679	6	440	33010	0		1.0	1.0
Reactome	hypomethylated	Biosynthesis Of Maresin-Like SPMs R-HSA-9027307	5	440	33010	0		1.0	1.0
Reactome	hypomethylated	Biosynthesis Of Maresins R-HSA-9018682	7	440	33010	0		1.0	1.0
Reactome	hypomethylated	Biosynthesis Of Specialized Proresolving Mediators (SPMs) R-HSA-9018678	18	440	33010	0		1.0	1.0
Reactome	hypomethylated	Biosynthesis Of N-glycan Precursor (Dolichol LLO) And Transfer To Protein R-HSA-446193	75	440	33010	0		1.0	1.0
Reactome	hypomethylated	Biotin Transport And Metabolism R-HSA-196780	10	440	33010	0		1.0	1.0
Reactome	hypomethylated	Blood Group Systems Biosynthesis R-HSA-9033658	21	440	33010	0		1.0	1.0
Reactome	hypomethylated	Branched-chain Amino Acid Catabolism R-HSA-70895	20	440	33010	0		1.0	1.0
Reactome	hypomethylated	Budding And Maturation Of HIV Virion R-HSA-162588	28	440	33010	0		1.0	1.0
Reactome	hypomethylated	Butyrate Response Factor 1 Binds And Destabilizes mRNA R-HSA-450385	17	440	33010	0		1.0	1.0
Reactome	hypomethylated	Butyrophilin (BTN) Family Interactions R-HSA-8851680	12	440	33010	0		1.0	1.0
Reactome	hypomethylated	CD163 Mediating An Anti-Inflammatory Response R-HSA-9662834	9	440	33010	0		1.0	1.0
Reactome	hypomethylated	CD209 (DC-SIGN) Signaling R-HSA-5621575	20	440	33010	0		1.0	1.0
Reactome	hypomethylated	CD22 Mediated BCR Regulation R-HSA-5690714	5	440	33010	0		1.0	1.0
Reactome	hypomethylated	CD28 Co-Stimulation R-HSA-389356	34	440	33010	0		1.0	1.0
Reactome	hypomethylated	CD28 Dependent PI3K/Akt Signaling R-HSA-389357	23	440	33010	0		1.0	1.0
Reactome	hypomethylated	CD28 Dependent Vav1 Pathway R-HSA-389359	12	440	33010	0		1.0	1.0
Reactome	hypomethylated	CDC6 Association With ORC:origin Complex R-HSA-68689	8	440	33010	0		1.0	1.0
Reactome	hypomethylated	CHL1 Interactions R-HSA-447041	9	440	33010	0		1.0	1.0
Reactome	hypomethylated	CREB Phosphorylation R-HSA-199920	6	440	33010	0		1.0	1.0
Reactome	hypomethylated	CREB1 Phosphorylation Thru NMDA Receptor-Mediated Activation Of RAS Signaling R-HSA-442742	25	440	33010	0		1.0	1.0
Reactome	hypomethylated	CREB1 Phosphorylation Thru Activation Of CaMKII/CaMKK/CaMKIV Cascasde R-HSA-442729	8	440	33010	0		1.0	1.0
Reactome	hypomethylated	CREB3 Factors Activate Genes R-HSA-8874211	7	440	33010	0		1.0	1.0
Reactome	hypomethylated	CRMPs In Sema3A Signaling R-HSA-399956	15	440	33010	0		1.0	1.0
Reactome	hypomethylated	CS/DS Degradation R-HSA-2024101	12	440	33010	0		1.0	1.0
Reactome	hypomethylated	CTLA4 Inhibitory Signaling R-HSA-389513	21	440	33010	0		1.0	1.0
Reactome	hypomethylated	CTNNB1 S33 Mutants Not Phosphorylated R-HSA-5358747	14	440	33010	0		1.0	1.0
Reactome	hypomethylated	CYP2E1 Reactions R-HSA-211999	8	440	33010	0		1.0	1.0
Reactome	hypomethylated	Ca2+ Activated K+ Channels R-HSA-1296052	8	440	33010	0		1.0	1.0
Reactome	hypomethylated	CaMK IV-mediated Phosphorylation Of CREB R-HSA-111932	10	440	33010	0		1.0	1.0
Reactome	hypomethylated	Calcitonin-like Ligand Receptors R-HSA-419812	10	440	33010	0		1.0	1.0
Reactome	hypomethylated	Calnexin/calreticulin Cycle R-HSA-901042	26	440	33010	0		1.0	1.0
Reactome	hypomethylated	Carboxyterminal Post-Translational Modifications Of Tubulin R-HSA-8955332	39	440	33010	0		1.0	1.0
Reactome	hypomethylated	Cation-coupled Chloride Cotransporters R-HSA-426117	7	440	33010	0		1.0	1.0
Reactome	hypomethylated	Cell-extracellular Matrix Interactions R-HSA-446353	14	440	33010	0		1.0	1.0
Reactome	hypomethylated	Cellular Hexose Transport R-HSA-189200	21	440	33010	0		1.0	1.0
Reactome	hypomethylated	Cellular Response To Hypoxia R-HSA-1234174	72	440	33010	0		1.0	1.0
Reactome	hypomethylated	ChREBP Activates Metabolic Gene Expression R-HSA-163765	7	440	33010	0		1.0	1.0
Reactome	hypomethylated	Chaperone Mediated Autophagy R-HSA-9613829	18	440	33010	0		1.0	1.0
Reactome	hypomethylated	Chemokine Receptors Bind Chemokines R-HSA-380108	52	440	33010	0		1.0	1.0
Reactome	hypomethylated	Chk1/Chk2(Cds1) Mediated Inactivation Of Cyclin B:Cdk1 Complex R-HSA-75035	13	440	33010	0		1.0	1.0
Reactome	hypomethylated	Cholesterol Biosynthesis R-HSA-191273	25	440	33010	0		1.0	1.0
Reactome	hypomethylated	Choline Catabolism R-HSA-6798163	6	440	33010	0		1.0	1.0
Reactome	hypomethylated	Chondroitin Sulfate Biosynthesis R-HSA-2022870	18	440	33010	0		1.0	1.0
Reactome	hypomethylated	Chondroitin Sulfate/Dermatan Sulfate Metabolism R-HSA-1793185	45	440	33010	0		1.0	1.0
Reactome	hypomethylated	Chylomicron Assembly R-HSA-8963888	9	440	33010	0		1.0	1.0
Reactome	hypomethylated	Chylomicron Clearance R-HSA-8964026	5	440	33010	0		1.0	1.0
Reactome	hypomethylated	Chylomicron Remodeling R-HSA-8963901	9	440	33010	0		1.0	1.0
Reactome	hypomethylated	Citric Acid Cycle (TCA Cycle) R-HSA-71403	20	440	33010	0		1.0	1.0
Reactome	hypomethylated	Class C/3 (Metabotropic Glutamate/Pheromone Receptors) R-HSA-420499	34	440	33010	0		1.0	1.0
Reactome	hypomethylated	Classical Antibody-Mediated Complement Activation R-HSA-173623	5	440	33010	0		1.0	1.0
Reactome	hypomethylated	Cleavage Of Damaged Purine R-HSA-110331	33	440	33010	0		1.0	1.0
Reactome	hypomethylated	Cleavage Of Damaged Pyrimidine R-HSA-110329	38	440	33010	0		1.0	1.0
Reactome	hypomethylated	Cobalamin (Cbl) Metabolism R-HSA-9759218	6	440	33010	0		1.0	1.0
Reactome	hypomethylated	Cobalamin (Cbl, Vitamin B12) Transport And Metabolism R-HSA-196741	21	440	33010	0		1.0	1.0
Reactome	hypomethylated	Coenzyme A Biosynthesis R-HSA-196783	8	440	33010	0		1.0	1.0
Reactome	hypomethylated	Collagen Chain Trimerization R-HSA-8948216	42	440	33010	0		1.0	1.0
Reactome	hypomethylated	Collagen Degradation R-HSA-1442490	39	440	33010	0		1.0	1.0
Reactome	hypomethylated	Common Pathway Of Fibrin Clot Formation R-HSA-140875	20	440	33010	0		1.0	1.0
Reactome	hypomethylated	Competing Endogenous RNAs (ceRNAs) Regulate PTEN Translation R-HSA-8948700	10	440	33010	0		1.0	1.0
Reactome	hypomethylated	Conjugation Of Benzoate With Glycine R-HSA-177135	5	440	33010	0		1.0	1.0
Reactome	hypomethylated	Conjugation Of Salicylate With Glycine R-HSA-177128	6	440	33010	0		1.0	1.0
Reactome	hypomethylated	Constitutive Signaling By AKT1 E17K In Cancer R-HSA-5674400	25	440	33010	0		1.0	1.0
Reactome	hypomethylated	Constitutive Signaling By Aberrant PI3K In Cancer R-HSA-2219530	75	440	33010	0		1.0	1.0
Reactome	hypomethylated	Constitutive Signaling By EGFRvIII R-HSA-5637810	14	440	33010	0		1.0	1.0
Reactome	hypomethylated	Constitutive Signaling By Ligand-Responsive EGFR Cancer Variants R-HSA-1236382	18	440	33010	0		1.0	1.0
Reactome	hypomethylated	Constitutive Signaling By NOTCH1 HD Domain Mutants R-HSA-2691232	15	440	33010	0		1.0	1.0
Reactome	hypomethylated	Constitutive Signaling By NOTCH1 t(7;9)(NOTCH1:M1580 K2555) Translocation Mutant R-HSA-2660826	7	440	33010	0		1.0	1.0
Reactome	hypomethylated	Constitutive Signaling By Overexpressed ERBB2 R-HSA-9634285	10	440	33010	0		1.0	1.0
Reactome	hypomethylated	Costimulation By CD28 Family R-HSA-388841	62	440	33010	0		1.0	1.0
Reactome	hypomethylated	Creatine Metabolism R-HSA-71288	8	440	33010	0		1.0	1.0
Reactome	hypomethylated	Creation Of C4 And C2 Activators R-HSA-166786	13	440	33010	0		1.0	1.0
Reactome	hypomethylated	Cristae Formation R-HSA-8949613	27	440	33010	0		1.0	1.0
Reactome	hypomethylated	Cross-presentation Of Particulate Exogenous Antigens (Phagosomes) R-HSA-1236973	6	440	33010	0		1.0	1.0
Reactome	hypomethylated	Cross-presentation Of Soluble Exogenous Antigens (Endosomes) R-HSA-1236978	45	440	33010	0		1.0	1.0
Reactome	hypomethylated	Cyclin A/B1/B2 Associated Events During G2/M Transition R-HSA-69273	24	440	33010	0		1.0	1.0
Reactome	hypomethylated	Cyclin A:Cdk2-associated Events At S Phase Entry R-HSA-69656	83	440	33010	0		1.0	1.0
Reactome	hypomethylated	Cyclin E Associated Events During G1/S Transition R-HSA-69202	81	440	33010	0		1.0	1.0
Reactome	hypomethylated	Cytochrome P450 - Arranged By Substrate Type R-HSA-211897	59	440	33010	0		1.0	1.0
Reactome	hypomethylated	Cytochrome C-Mediated Apoptotic Response R-HSA-111461	12	440	33010	0		1.0	1.0
Reactome	hypomethylated	Cytosolic Iron-Sulfur Cluster Assembly R-HSA-2564830	11	440	33010	0		1.0	1.0
Reactome	hypomethylated	Cytosolic Sulfonation Of Small Molecules R-HSA-156584	20	440	33010	0		1.0	1.0
Reactome	hypomethylated	Cytosolic tRNA Aminoacylation R-HSA-379716	24	440	33010	0		1.0	1.0
Reactome	hypomethylated	DARPP-32 Events R-HSA-180024	24	440	33010	0		1.0	1.0
Reactome	hypomethylated	DCC Mediated Attractive Signaling R-HSA-418885	14	440	33010	0		1.0	1.0
Reactome	hypomethylated	DNA Damage Bypass R-HSA-73893	47	440	33010	0		1.0	1.0
Reactome	hypomethylated	DNA Damage Reversal R-HSA-73942	8	440	33010	0		1.0	1.0
Reactome	hypomethylated	DNA Methylation R-HSA-5334118	29	440	33010	0		1.0	1.0
Reactome	hypomethylated	DNA Replication Initiation R-HSA-68952	7	440	33010	0		1.0	1.0
Reactome	hypomethylated	DNA Strand Elongation R-HSA-69190	30	440	33010	0		1.0	1.0
Reactome	hypomethylated	DSCAM Interactions R-HSA-376172	11	440	33010	0		1.0	1.0
Reactome	hypomethylated	Dectin-1 Mediated Noncanonical NF-kB Signaling R-HSA-5607761	60	440	33010	0		1.0	1.0
Reactome	hypomethylated	Dectin-2 Family R-HSA-5621480	26	440	33010	0		1.0	1.0
Reactome	hypomethylated	Defective B3GALT6 Causes EDSP2 And SEMDJL1 R-HSA-4420332	17	440	33010	0		1.0	1.0
Reactome	hypomethylated	Defective B3GAT3 Causes JDSSDHD R-HSA-3560801	17	440	33010	0		1.0	1.0
Reactome	hypomethylated	Defective B4GALT1 Causes B4GALT1-CDG (CDG-2d) R-HSA-3656244	7	440	33010	0		1.0	1.0
Reactome	hypomethylated	Defective B4GALT7 Causes EDS, Progeroid Type R-HSA-3560783	17	440	33010	0		1.0	1.0
Reactome	hypomethylated	Defective C1GALT1C1 Causes TNPS R-HSA-5083632	17	440	33010	0		1.0	1.0
Reactome	hypomethylated	Defective CFTR Causes Cystic Fibrosis R-HSA-5678895	59	440	33010	0		1.0	1.0
Reactome	hypomethylated	Defective CHST14 Causes EDS, Musculocontractural Type R-HSA-3595174	7	440	33010	0		1.0	1.0
Reactome	hypomethylated	Defective CHST3 Causes SEDCJD R-HSA-3595172	7	440	33010	0		1.0	1.0
Reactome	hypomethylated	Defective CHST6 Causes MCDC1 R-HSA-3656225	7	440	33010	0		1.0	1.0
Reactome	hypomethylated	Defective CHSY1 Causes TPBS R-HSA-3595177	7	440	33010	0		1.0	1.0
Reactome	hypomethylated	Defective CSF2RA Causes SMDP4 R-HSA-5688890	6	440	33010	0		1.0	1.0
Reactome	hypomethylated	Defective EXT1 Causes Exostoses 1, TRPS2 And CHDS R-HSA-3656253	11	440	33010	0		1.0	1.0
Reactome	hypomethylated	Defective F9 Activation R-HSA-9673221	4	440	33010	0		1.0	1.0
Reactome	hypomethylated	Defective GALNT12 Causes CRCS1 R-HSA-5083636	17	440	33010	0		1.0	1.0
Reactome	hypomethylated	Defective GALNT3 Causes HFTC R-HSA-5083625	17	440	33010	0		1.0	1.0
Reactome	hypomethylated	Defective HDR Thru Homologous Recombination (HRR) Due To BRCA1 Loss-Of-Function R-HSA-9701192	25	440	33010	0		1.0	1.0
Reactome	hypomethylated	Defective HLCS Causes Multiple Carboxylase Deficiency R-HSA-3371599	7	440	33010	0		1.0	1.0
Reactome	hypomethylated	Defective LFNG Causes SCDO3 R-HSA-5083630	5	440	33010	0		1.0	1.0
Reactome	hypomethylated	Defective ST3GAL3 Causes MCT12 And EIEE15 R-HSA-3656243	7	440	33010	0		1.0	1.0
Reactome	hypomethylated	Defective Factor IX Causes Hemophilia B R-HSA-9668250	6	440	33010	0		1.0	1.0
Reactome	hypomethylated	Defective Factor VIII Causes Hemophilia A R-HSA-9662001	5	440	33010	0		1.0	1.0
Reactome	hypomethylated	Defective Homologous Recombination Repair (HRR) Due To BRCA2 Loss Of Function R-HSA-9701190	41	440	33010	0		1.0	1.0
Reactome	hypomethylated	Defective Pyroptosis R-HSA-9710421	35	440	33010	0		1.0	1.0
Reactome	hypomethylated	Defects In Biotin (Btn) Metabolism R-HSA-3323169	8	440	33010	0		1.0	1.0
Reactome	hypomethylated	Defects In Cobalamin (B12) Metabolism R-HSA-3296469	13	440	33010	0		1.0	1.0
Reactome	hypomethylated	Defects In Vitamin And Cofactor Metabolism R-HSA-3296482	21	440	33010	0		1.0	1.0
Reactome	hypomethylated	Defects Of Contact Activation System (CAS) And Kallikrein/Kinin System (KKS) R-HSA-9651496	13	440	33010	0		1.0	1.0
Reactome	hypomethylated	Defensins R-HSA-1461973	27	440	33010	0		1.0	1.0
Reactome	hypomethylated	Degradation Of AXIN R-HSA-4641257	53	440	33010	0		1.0	1.0
Reactome	hypomethylated	Degradation Of DVL R-HSA-4641258	54	440	33010	0		1.0	1.0
Reactome	hypomethylated	Degradation Of GLI1 By Proteasome R-HSA-5610780	58	440	33010	0		1.0	1.0
Reactome	hypomethylated	Degradation Of GLI2 By Proteasome R-HSA-5610783	58	440	33010	0		1.0	1.0
Reactome	hypomethylated	Degradation Of Beta-Catenin By Destruction Complex R-HSA-195253	82	440	33010	0		1.0	1.0
Reactome	hypomethylated	Degradation Of Cysteine And Homocysteine R-HSA-1614558	13	440	33010	0		1.0	1.0
Reactome	hypomethylated	Dermatan Sulfate Biosynthesis R-HSA-2022923	10	440	33010	0		1.0	1.0
Reactome	hypomethylated	Digestion R-HSA-8935690	17	440	33010	0		1.0	1.0
Reactome	hypomethylated	Digestion And Absorption R-HSA-8963743	22	440	33010	0		1.0	1.0
Reactome	hypomethylated	Digestion Of Dietary Carbohydrate R-HSA-189085	7	440	33010	0		1.0	1.0
Reactome	hypomethylated	Digestion Of Dietary Lipid R-HSA-192456	6	440	33010	0		1.0	1.0
Reactome	hypomethylated	Disassembly Of Destruction Complex And Recruitment Of AXIN To Membrane R-HSA-4641262	28	440	33010	0		1.0	1.0
Reactome	hypomethylated	Diseases Associated With N-glycosylation Of Proteins R-HSA-3781860	19	440	33010	0		1.0	1.0
Reactome	hypomethylated	Diseases Associated With Glycosaminoglycan Metabolism R-HSA-3560782	36	440	33010	0		1.0	1.0
Reactome	hypomethylated	Diseases Associated With Glycosylation Precursor Biosynthesis R-HSA-5609975	15	440	33010	0		1.0	1.0
Reactome	hypomethylated	Diseases Associated With Surfactant Metabolism R-HSA-5687613	8	440	33010	0		1.0	1.0
Reactome	hypomethylated	Diseases Associated With Visual Transduction R-HSA-2474795	11	440	33010	0		1.0	1.0
Reactome	hypomethylated	Diseases Of Base Excision Repair R-HSA-9605308	5	440	33010	0		1.0	1.0
Reactome	hypomethylated	Diseases Of DNA Repair R-HSA-9675135	51	440	33010	0		1.0	1.0
Reactome	hypomethylated	Diseases Of Mismatch Repair (MMR) R-HSA-5423599	5	440	33010	0		1.0	1.0
Reactome	hypomethylated	Diseases Of Carbohydrate Metabolism R-HSA-5663084	30	440	33010	0		1.0	1.0
Reactome	hypomethylated	Disinhibition Of SNARE Formation R-HSA-114516	5	440	33010	0		1.0	1.0
Reactome	hypomethylated	Displacement Of DNA Glycosylase By APEX1 R-HSA-110357	9	440	33010	0		1.0	1.0
Reactome	hypomethylated	Dopamine Receptors R-HSA-390651	5	440	33010	0		1.0	1.0
Reactome	hypomethylated	Downregulation Of ERBB2 Signaling R-HSA-8863795	29	440	33010	0		1.0	1.0
Reactome	hypomethylated	Downregulation Of ERBB2:ERBB3 Signaling R-HSA-1358803	13	440	33010	0		1.0	1.0
Reactome	hypomethylated	Downregulation Of ERBB4 Signaling R-HSA-1253288	9	440	33010	0		1.0	1.0
Reactome	hypomethylated	Downstream TCR Signaling R-HSA-202424	88	440	33010	0		1.0	1.0
Reactome	hypomethylated	Downstream Signal Transduction R-HSA-186763	28	440	33010	0		1.0	1.0
Reactome	hypomethylated	Downstream Signaling Of Activated FGFR1 R-HSA-5654687	29	440	33010	0		1.0	1.0
Reactome	hypomethylated	Downstream Signaling Of Activated FGFR2 R-HSA-5654696	27	440	33010	0		1.0	1.0
Reactome	hypomethylated	Downstream Signaling Of Activated FGFR3 R-HSA-5654708	22	440	33010	0		1.0	1.0
Reactome	hypomethylated	Downstream Signaling Of Activated FGFR4 R-HSA-5654716	24	440	33010	0		1.0	1.0
Reactome	hypomethylated	Drug-mediated Inhibition Of CDK4/CDK6 Activity R-HSA-9754119	5	440	33010	0		1.0	1.0
Reactome	hypomethylated	Dual Incision In TC-NER R-HSA-6782135	63	440	33010	0		1.0	1.0
Reactome	hypomethylated	E2F Mediated Regulation Of DNA Replication R-HSA-113510	20	440	33010	0		1.0	1.0
Reactome	hypomethylated	E2F-enabled Inhibition Of Pre-Replication Complex Formation R-HSA-113507	9	440	33010	0		1.0	1.0
Reactome	hypomethylated	EGFR Transactivation By Gastrin R-HSA-2179392	8	440	33010	0		1.0	1.0
Reactome	hypomethylated	EGFR Downregulation R-HSA-182971	29	440	33010	0		1.0	1.0
Reactome	hypomethylated	EGFR Interacts With Phospholipase C-gamma R-HSA-212718	8	440	33010	0		1.0	1.0
Reactome	hypomethylated	EGR2 And SOX10-mediated Initiation Of Schwann Cell Myelination R-HSA-9619665	27	440	33010	0		1.0	1.0
Reactome	hypomethylated	EPHA-mediated Growth Cone Collapse R-HSA-3928663	15	440	33010	0		1.0	1.0
Reactome	hypomethylated	ER Quality Control Compartment (ERQC) R-HSA-901032	21	440	33010	0		1.0	1.0
Reactome	hypomethylated	ER-Phagosome Pathway R-HSA-1236974	86	440	33010	0		1.0	1.0
Reactome	hypomethylated	ERBB2 Activates PTK6 Signaling R-HSA-8847993	13	440	33010	0		1.0	1.0
Reactome	hypomethylated	ERBB2 Regulates Cell Motility R-HSA-6785631	15	440	33010	0		1.0	1.0
Reactome	hypomethylated	ERK/MAPK Targets R-HSA-198753	21	440	33010	0		1.0	1.0
Reactome	hypomethylated	ERKs Are Inactivated R-HSA-202670	13	440	33010	0		1.0	1.0
Reactome	hypomethylated	Early Phase Of HIV Life Cycle R-HSA-162594	15	440	33010	0		1.0	1.0
Reactome	hypomethylated	Early SARS-CoV-2 Infection Events R-HSA-9772572	34	440	33010	0		1.0	1.0
Reactome	hypomethylated	Eicosanoid Ligand-Binding Receptors R-HSA-391903	14	440	33010	0		1.0	1.0
Reactome	hypomethylated	Eicosanoids R-HSA-211979	11	440	33010	0		1.0	1.0
Reactome	hypomethylated	Elevation Of Cytosolic Ca2+ Levels R-HSA-139853	15	440	33010	0		1.0	1.0
Reactome	hypomethylated	Endogenous Sterols R-HSA-211976	26	440	33010	0		1.0	1.0
Reactome	hypomethylated	Endosomal Sorting Complex Required For Transport (ESCRT) R-HSA-917729	30	440	33010	0		1.0	1.0
Reactome	hypomethylated	Endosomal/Vacuolar Pathway R-HSA-1236977	11	440	33010	0		1.0	1.0
Reactome	hypomethylated	Entry Of Influenza Virion Into Host Cell Via Endocytosis R-HSA-168275	5	440	33010	0		1.0	1.0
Reactome	hypomethylated	Ephrin Signaling R-HSA-3928664	17	440	33010	0		1.0	1.0
Reactome	hypomethylated	Erythrocytes Take Up Carbon Dioxide And Release Oxygen R-HSA-1237044	11	440	33010	0		1.0	1.0
Reactome	hypomethylated	Erythrocytes Take Up Oxygen And Release Carbon Dioxide R-HSA-1247673	7	440	33010	0		1.0	1.0
Reactome	hypomethylated	Erythropoietin Activates Phosphoinositide-3-kinase (PI3K) R-HSA-9027276	12	440	33010	0		1.0	1.0
Reactome	hypomethylated	Erythropoietin Activates Phospholipase C Gamma (PLCG) R-HSA-9027277	7	440	33010	0		1.0	1.0
Reactome	hypomethylated	Erythropoietin Activates RAS R-HSA-9027284	13	440	33010	0		1.0	1.0
Reactome	hypomethylated	Erythropoietin Activates STAT5 R-HSA-9027283	7	440	33010	0		1.0	1.0
Reactome	hypomethylated	Estrogen Biosynthesis R-HSA-193144	6	440	33010	0		1.0	1.0
Reactome	hypomethylated	Estrogen-dependent Nuclear Events Downstream Of ESR-membrane Signaling R-HSA-9634638	23	440	33010	0		1.0	1.0
Reactome	hypomethylated	Estrogen-stimulated Signaling Thru PRKCZ R-HSA-9634635	5	440	33010	0		1.0	1.0
Reactome	hypomethylated	Ethanol Oxidation R-HSA-71384	11	440	33010	0		1.0	1.0
Reactome	hypomethylated	Extension Of Telomeres R-HSA-180786	48	440	33010	0		1.0	1.0
Reactome	hypomethylated	Extra-nuclear Estrogen Signaling R-HSA-9009391	72	440	33010	0		1.0	1.0
Reactome	hypomethylated	Extrinsic Pathway Of Fibrin Clot Formation R-HSA-140834	4	440	33010	0		1.0	1.0
Reactome	hypomethylated	FBXL7 Down-Regulates AURKA During Mitotic Entry And In Early Mitosis R-HSA-8854050	53	440	33010	0		1.0	1.0
Reactome	hypomethylated	FBXW7 Mutants And NOTCH1 In Cancer R-HSA-2644605	5	440	33010	0		1.0	1.0
Reactome	hypomethylated	FCERI Mediated NF-kB Activation R-HSA-2871837	74	440	33010	0		1.0	1.0
Reactome	hypomethylated	FCGR Activation R-HSA-2029481	9	440	33010	0		1.0	1.0
Reactome	hypomethylated	FGFR1 Ligand Binding And Activation R-HSA-190242	14	440	33010	0		1.0	1.0
Reactome	hypomethylated	FGFR1b Ligand Binding And Activation R-HSA-190370	5	440	33010	0		1.0	1.0
Reactome	hypomethylated	FGFR1c Ligand Binding And Activation R-HSA-190373	10	440	33010	0		1.0	1.0
Reactome	hypomethylated	FGFR2 Alternative Splicing R-HSA-6803529	26	440	33010	0		1.0	1.0
Reactome	hypomethylated	FGFR2 Ligand Binding And Activation R-HSA-190241	18	440	33010	0		1.0	1.0
Reactome	hypomethylated	FGFR2 Mutant Receptor Activation R-HSA-1839126	31	440	33010	0		1.0	1.0
Reactome	hypomethylated	FGFR2b Ligand Binding And Activation R-HSA-190377	9	440	33010	0		1.0	1.0
Reactome	hypomethylated	FGFR2c Ligand Binding And Activation R-HSA-190375	11	440	33010	0		1.0	1.0
Reactome	hypomethylated	FGFR3 Ligand Binding And Activation R-HSA-190239	11	440	33010	0		1.0	1.0
Reactome	hypomethylated	FGFR3 Mutant Receptor Activation R-HSA-2033514	10	440	33010	0		1.0	1.0
Reactome	hypomethylated	FGFR3b Ligand Binding And Activation R-HSA-190371	7	440	33010	0		1.0	1.0
Reactome	hypomethylated	FGFR4 Ligand Binding And Activation R-HSA-190322	12	440	33010	0		1.0	1.0
Reactome	hypomethylated	FLT3 Signaling R-HSA-9607240	37	440	33010	0		1.0	1.0
Reactome	hypomethylated	FLT3 Signaling By CBL Mutants R-HSA-9706377	7	440	33010	0		1.0	1.0
Reactome	hypomethylated	FLT3 Signaling In Disease R-HSA-9682385	27	440	33010	0		1.0	1.0
Reactome	hypomethylated	FLT3 Signaling Thru SRC Family Kinases R-HSA-9706374	6	440	33010	0		1.0	1.0
Reactome	hypomethylated	FOXO-mediated Transcription R-HSA-9614085	62	440	33010	0		1.0	1.0
Reactome	hypomethylated	FOXO-mediated Transcription Of Cell Cycle Genes R-HSA-9617828	16	440	33010	0		1.0	1.0
Reactome	hypomethylated	FOXO-mediated Transcription Of Cell Death Genes R-HSA-9614657	15	440	33010	0		1.0	1.0
Reactome	hypomethylated	FOXO-mediated Transcription Of Oxidative Stress, Metabolic And Neuronal Genes R-HSA-9615017	26	440	33010	0		1.0	1.0
Reactome	hypomethylated	FRS-mediated FGFR1 Signaling R-HSA-5654693	21	440	33010	0		1.0	1.0
Reactome	hypomethylated	FRS-mediated FGFR2 Signaling R-HSA-5654700	22	440	33010	0		1.0	1.0
Reactome	hypomethylated	FRS-mediated FGFR3 Signaling R-HSA-5654706	17	440	33010	0		1.0	1.0
Reactome	hypomethylated	FRS-mediated FGFR4 Signaling R-HSA-5654712	19	440	33010	0		1.0	1.0
Reactome	hypomethylated	Fanconi Anemia Pathway R-HSA-6783310	36	440	33010	0		1.0	1.0
Reactome	hypomethylated	Fatty Acids Bound To GPR40 (FFAR1) Regulate Insulin Secretion R-HSA-434316	8	440	33010	0		1.0	1.0
Reactome	hypomethylated	Fatty Acids R-HSA-211935	12	440	33010	0		1.0	1.0
Reactome	hypomethylated	Fatty acyl-CoA Biosynthesis R-HSA-75105	36	440	33010	0		1.0	1.0
Reactome	hypomethylated	Fibronectin Matrix Formation R-HSA-1566977	6	440	33010	0		1.0	1.0
Reactome	hypomethylated	Ficolins Bind To Repetitive Carbohydrate Structures On Target Cell Surface R-HSA-2855086	5	440	33010	0		1.0	1.0
Reactome	hypomethylated	Formation Of ATP By Chemiosmotic Coupling R-HSA-163210	16	440	33010	0		1.0	1.0
Reactome	hypomethylated	Formation Of Fibrin Clot (Clotting Cascade) R-HSA-140877	34	440	33010	0		1.0	1.0
Reactome	hypomethylated	Formation Of HIV Elongation Complex In Absence Of HIV Tat R-HSA-167152	44	440	33010	0		1.0	1.0
Reactome	hypomethylated	Formation Of HIV-1 Elongation Complex Containing HIV-1 Tat R-HSA-167200	42	440	33010	0		1.0	1.0
Reactome	hypomethylated	Formation Of RNA Pol II Elongation Complex R-HSA-112382	56	440	33010	0		1.0	1.0
Reactome	hypomethylated	Formation Of Annular Gap Junctions R-HSA-196025	9	440	33010	0		1.0	1.0
Reactome	hypomethylated	Formation Of Apoptosome R-HSA-111458	10	440	33010	0		1.0	1.0
Reactome	hypomethylated	Formation Of Early Elongation Complex R-HSA-113418	32	440	33010	0		1.0	1.0
Reactome	hypomethylated	Formation Of Editosome R-HSA-75094	6	440	33010	0		1.0	1.0
Reactome	hypomethylated	Formation Of Cornified Envelope R-HSA-6809371	70	440	33010	0		1.0	1.0
Reactome	hypomethylated	Formation Of Xylulose-5-Phosphate R-HSA-5661270	5	440	33010	0		1.0	1.0
Reactome	hypomethylated	Formyl Peptide Receptors Bind Formyl Peptides And Many Other Ligands R-HSA-444473	8	440	33010	0		1.0	1.0
Reactome	hypomethylated	Free Fatty Acid Receptors R-HSA-444209	5	440	33010	0		1.0	1.0
Reactome	hypomethylated	Free Fatty Acids Regulate Insulin Secretion R-HSA-400451	10	440	33010	0		1.0	1.0
Reactome	hypomethylated	Frs2-mediated Activation R-HSA-170968	12	440	33010	0		1.0	1.0
Reactome	hypomethylated	Fructose Catabolism R-HSA-70350	5	440	33010	0		1.0	1.0
Reactome	hypomethylated	Fructose Metabolism R-HSA-5652084	7	440	33010	0		1.0	1.0
Reactome	hypomethylated	G Beta:Gamma Signaling Thru BTK R-HSA-8964315	17	440	33010	0		1.0	1.0
Reactome	hypomethylated	G Beta:Gamma Signaling Thru CDC42 R-HSA-8964616	19	440	33010	0		1.0	1.0
Reactome	hypomethylated	G Beta:Gamma Signaling Thru PI3Kgamma R-HSA-392451	25	440	33010	0		1.0	1.0
Reactome	hypomethylated	G Beta:Gamma Signaling Thru PLC Beta R-HSA-418217	20	440	33010	0		1.0	1.0
Reactome	hypomethylated	G-protein Activation R-HSA-202040	24	440	33010	0		1.0	1.0
Reactome	hypomethylated	G-protein Beta:Gamma Signaling R-HSA-397795	30	440	33010	0		1.0	1.0
Reactome	hypomethylated	G0 And Early G1 R-HSA-1538133	27	440	33010	0		1.0	1.0
Reactome	hypomethylated	G1/S Transition R-HSA-69206	125	440	33010	0		1.0	1.0
Reactome	hypomethylated	G1/S-Specific Transcription R-HSA-69205	28	440	33010	0		1.0	1.0
Reactome	hypomethylated	G2 Phase R-HSA-68911	5	440	33010	0		1.0	1.0
Reactome	hypomethylated	G2/M DNA Replication Checkpoint R-HSA-69478	5	440	33010	0		1.0	1.0
Reactome	hypomethylated	GAB1 Signalosome R-HSA-180292	16	440	33010	0		1.0	1.0
Reactome	hypomethylated	GDP-fucose Biosynthesis R-HSA-6787639	6	440	33010	0		1.0	1.0
Reactome	hypomethylated	GLI Proteins Bind Promoters Of Hh Responsive Genes To Promote Transcription R-HSA-5635851	7	440	33010	0		1.0	1.0
Reactome	hypomethylated	GLI3 Is Processed To GLI3R By Proteasome R-HSA-5610785	58	440	33010	0		1.0	1.0
Reactome	hypomethylated	GP1b-IX-V Activation Signaling R-HSA-430116	8	440	33010	0		1.0	1.0
Reactome	hypomethylated	GRB2 Events In EGFR Signaling R-HSA-179812	11	440	33010	0		1.0	1.0
Reactome	hypomethylated	GRB2 Events In ERBB2 Signaling R-HSA-1963640	15	440	33010	0		1.0	1.0
Reactome	hypomethylated	GRB7 Events In ERBB2 Signaling R-HSA-1306955	5	440	33010	0		1.0	1.0
Reactome	hypomethylated	GSK3B And BTRC:CUL1-mediated-degradation Of NFE2L2 R-HSA-9762114	50	440	33010	0		1.0	1.0
Reactome	hypomethylated	Gain-of-function MRAS Complexes Activate RAF Signaling R-HSA-9726842	7	440	33010	0		1.0	1.0
Reactome	hypomethylated	Gamma Carboxylation, Hypusine Formation And Arylsulfatase Activation R-HSA-163841	33	440	33010	0		1.0	1.0
Reactome	hypomethylated	Gamma-carboxylation Of Protein Precursors R-HSA-159740	8	440	33010	0		1.0	1.0
Reactome	hypomethylated	Gamma-carboxylation, Transport, And Amino-Terminal Cleavage Of Proteins R-HSA-159854	9	440	33010	0		1.0	1.0
Reactome	hypomethylated	Gap Junction Assembly R-HSA-190861	15	440	33010	0		1.0	1.0
Reactome	hypomethylated	Gap Junction Degradation R-HSA-190873	10	440	33010	0		1.0	1.0
Reactome	hypomethylated	Gap Junction Trafficking R-HSA-190828	24	440	33010	0		1.0	1.0
Reactome	hypomethylated	Gap Junction Trafficking And Regulation R-HSA-157858	26	440	33010	0		1.0	1.0
Reactome	hypomethylated	Gap-filling DNA Repair Synthesis And Ligation In GG-NER R-HSA-5696397	25	440	33010	0		1.0	1.0
Reactome	hypomethylated	Gap-filling DNA Repair Synthesis And Ligation In TC-NER R-HSA-6782210	62	440	33010	0		1.0	1.0
Reactome	hypomethylated	Gastrin-CREB Signaling Pathway Via PKC And MAPK R-HSA-881907	16	440	33010	0		1.0	1.0
Reactome	hypomethylated	Gastrulation R-HSA-9758941	17	440	33010	0		1.0	1.0
Reactome	hypomethylated	Gene And Protein Expression By JAK-STAT Signaling After Interleukin-12 Stimulation R-HSA-8950505	32	440	33010	0		1.0	1.0
Reactome	hypomethylated	Generation Of Second Messenger Molecules R-HSA-202433	27	440	33010	0		1.0	1.0
Reactome	hypomethylated	Glucocorticoid Biosynthesis R-HSA-194002	9	440	33010	0		1.0	1.0
Reactome	hypomethylated	Glucuronidation R-HSA-156588	20	440	33010	0		1.0	1.0
Reactome	hypomethylated	Glutamate And Glutamine Metabolism R-HSA-8964539	12	440	33010	0		1.0	1.0
Reactome	hypomethylated	Glycerophospholipid Biosynthesis R-HSA-1483206	122	440	33010	0		1.0	1.0
Reactome	hypomethylated	Glycerophospholipid Catabolism R-HSA-6814848	7	440	33010	0		1.0	1.0
Reactome	hypomethylated	Glycogen Breakdown (Glycogenolysis) R-HSA-70221	11	440	33010	0		1.0	1.0
Reactome	hypomethylated	Glycogen Metabolism R-HSA-8982491	21	440	33010	0		1.0	1.0
Reactome	hypomethylated	Glycogen Storage Diseases R-HSA-3229121	13	440	33010	0		1.0	1.0
Reactome	hypomethylated	Glycogen Synthesis R-HSA-3322077	12	440	33010	0		1.0	1.0
Reactome	hypomethylated	Glycoprotein Hormones R-HSA-209822	9	440	33010	0		1.0	1.0
Reactome	hypomethylated	Glycosphingolipid Metabolism R-HSA-1660662	39	440	33010	0		1.0	1.0
Reactome	hypomethylated	Glyoxylate Metabolism And Glycine Degradation R-HSA-389661	30	440	33010	0		1.0	1.0
Reactome	hypomethylated	Golgi Associated Vesicle Biogenesis R-HSA-432722	50	440	33010	0		1.0	1.0
Reactome	hypomethylated	Growth Hormone Receptor Signaling R-HSA-982772	22	440	33010	0		1.0	1.0
Reactome	hypomethylated	HATs Acetylate Histones R-HSA-3214847	94	440	33010	0		1.0	1.0
Reactome	hypomethylated	HDL Assembly R-HSA-8963896	7	440	33010	0		1.0	1.0
Reactome	hypomethylated	HDL Clearance R-HSA-8964011	5	440	33010	0		1.0	1.0
Reactome	hypomethylated	HDL Remodeling R-HSA-8964058	10	440	33010	0		1.0	1.0
Reactome	hypomethylated	HDMs Demethylate Histones R-HSA-3214842	19	440	33010	0		1.0	1.0
Reactome	hypomethylated	HDR Thru Homologous Recombination (HRR) R-HSA-5685942	66	440	33010	0		1.0	1.0
Reactome	hypomethylated	HDR Thru Single Strand Annealing (SSA) R-HSA-5685938	37	440	33010	0		1.0	1.0
Reactome	hypomethylated	HIV Transcription Initiation R-HSA-167161	42	440	33010	0		1.0	1.0
Reactome	hypomethylated	HIV Elongation Arrest And Recovery R-HSA-167287	33	440	33010	0		1.0	1.0
Reactome	hypomethylated	HS-GAG Degradation R-HSA-2024096	18	440	33010	0		1.0	1.0
Reactome	hypomethylated	Hedgehog On State R-HSA-5632684	84	440	33010	0		1.0	1.0
Reactome	hypomethylated	Hedgehog Ligand Biogenesis R-HSA-5358346	63	440	33010	0		1.0	1.0
Reactome	hypomethylated	Heme Biosynthesis R-HSA-189451	13	440	33010	0		1.0	1.0
Reactome	hypomethylated	Heme Degradation R-HSA-189483	15	440	33010	0		1.0	1.0
Reactome	hypomethylated	Hh Mutants Abrogate Ligand Secretion R-HSA-5387390	57	440	33010	0		1.0	1.0
Reactome	hypomethylated	Hh Mutants Are Degraded By ERAD R-HSA-5362768	54	440	33010	0		1.0	1.0
Reactome	hypomethylated	Highly Calcium Permeable Nicotinic Acetylcholine Receptors R-HSA-629597	9	440	33010	0		1.0	1.0
Reactome	hypomethylated	Highly Calcium Permeable Postsynaptic Nicotinic Acetylcholine Receptors R-HSA-629594	10	440	33010	0		1.0	1.0
Reactome	hypomethylated	Highly Sodium Permeable Postsynaptic Acetylcholine Nicotinic Receptors R-HSA-629587	7	440	33010	0		1.0	1.0
Reactome	hypomethylated	Histidine Catabolism R-HSA-70921	8	440	33010	0		1.0	1.0
Reactome	hypomethylated	Homologous DNA Pairing And Strand Exchange R-HSA-5693579	43	440	33010	0		1.0	1.0
Reactome	hypomethylated	Hormone Ligand-Binding Receptors R-HSA-375281	11	440	33010	0		1.0	1.0
Reactome	hypomethylated	HuR (ELAVL1) Binds And Stabilizes mRNA R-HSA-450520	10	440	33010	0		1.0	1.0
Reactome	hypomethylated	Hydrolysis Of LPC R-HSA-1483115	9	440	33010	0		1.0	1.0
Reactome	hypomethylated	IGF1R Signaling Cascade R-HSA-2428924	49	440	33010	0		1.0	1.0
Reactome	hypomethylated	IKK Complex Recruitment Mediated By RIP1 R-HSA-937041	22	440	33010	0		1.0	1.0
Reactome	hypomethylated	IL-6-type Cytokine Receptor Ligand Interactions R-HSA-6788467	17	440	33010	0		1.0	1.0
Reactome	hypomethylated	IRAK1 Recruits IKK Complex R-HSA-937039	8	440	33010	0		1.0	1.0
Reactome	hypomethylated	IRAK2 Mediated Activation Of TAK1 Complex R-HSA-937042	9	440	33010	0		1.0	1.0
Reactome	hypomethylated	IRAK2 Mediated Activation Of TAK1 Complex Upon TLR7/8 Or 9 Stimulation R-HSA-975163	14	440	33010	0		1.0	1.0
Reactome	hypomethylated	IRAK4 Deficiency (TLR2/4) R-HSA-5603041	17	440	33010	0		1.0	1.0
Reactome	hypomethylated	IRE1alpha Activates Chaperones R-HSA-381070	47	440	33010	0		1.0	1.0
Reactome	hypomethylated	IRS Activation R-HSA-74713	5	440	33010	0		1.0	1.0
Reactome	hypomethylated	IRS-mediated Signaling R-HSA-112399	45	440	33010	0		1.0	1.0
Reactome	hypomethylated	IRS-related Events Triggered By IGF1R R-HSA-2428928	48	440	33010	0		1.0	1.0
Reactome	hypomethylated	IkBA Variant Leads To EDA-ID R-HSA-5603029	6	440	33010	0		1.0	1.0
Reactome	hypomethylated	Impaired BRCA2 Binding To PALB2 R-HSA-9709603	24	440	33010	0		1.0	1.0
Reactome	hypomethylated	Impaired BRCA2 Binding To RAD51 R-HSA-9709570	35	440	33010	0		1.0	1.0
Reactome	hypomethylated	Inactivation Of CDC42 And RAC1 R-HSA-428543	7	440	33010	0		1.0	1.0
Reactome	hypomethylated	Inactivation Of CSF3 (G-CSF) Signaling R-HSA-9705462	25	440	33010	0		1.0	1.0
Reactome	hypomethylated	Incretin Synthesis, Secretion, And Inactivation R-HSA-400508	23	440	33010	0		1.0	1.0
Reactome	hypomethylated	Inhibition Of DNA Recombination At Telomere R-HSA-9670095	43	440	33010	0		1.0	1.0
Reactome	hypomethylated	Inhibition Of Signaling By Overexpressed EGFR R-HSA-5638303	7	440	33010	0		1.0	1.0
Reactome	hypomethylated	Inhibition Of Replication Initiation Of Damaged DNA By RB1/E2F1 R-HSA-113501	11	440	33010	0		1.0	1.0
Reactome	hypomethylated	Initial Triggering Of Complement R-HSA-166663	19	440	33010	0		1.0	1.0
Reactome	hypomethylated	InlA-mediated Entry Of Listeria Monocytogenes Into Host Cells R-HSA-8876493	8	440	33010	0		1.0	1.0
Reactome	hypomethylated	InlB-mediated Entry Of Listeria Monocytogenes Into Host Cell R-HSA-8875360	14	440	33010	0		1.0	1.0
Reactome	hypomethylated	Insertion Of Tail-Anchored Proteins Into Endoplasmic Reticulum Membrane R-HSA-9609523	20	440	33010	0		1.0	1.0
Reactome	hypomethylated	Insulin Receptor Recycling R-HSA-77387	25	440	33010	0		1.0	1.0
Reactome	hypomethylated	Insulin Receptor Signaling Cascade R-HSA-74751	51	440	33010	0		1.0	1.0
Reactome	hypomethylated	Integration Of Provirus R-HSA-162592	10	440	33010	0		1.0	1.0
Reactome	hypomethylated	Interaction With Cumulus Cells And Zona Pellucida R-HSA-2534343	10	440	33010	0		1.0	1.0
Reactome	hypomethylated	Interferon Alpha/Beta Signaling R-HSA-909733	61	440	33010	0		1.0	1.0
Reactome	hypomethylated	Interleukin Receptor SHC Signaling R-HSA-912526	24	440	33010	0		1.0	1.0
Reactome	hypomethylated	Interleukin-12 Family Signaling R-HSA-447115	50	440	33010	0		1.0	1.0
Reactome	hypomethylated	Interleukin-12 Signaling R-HSA-9020591	40	440	33010	0		1.0	1.0
Reactome	hypomethylated	Interleukin-15 Signaling R-HSA-8983432	13	440	33010	0		1.0	1.0
Reactome	hypomethylated	Interleukin-2 Family Signaling R-HSA-451927	40	440	33010	0		1.0	1.0
Reactome	hypomethylated	Interleukin-2 Signaling R-HSA-9020558	11	440	33010	0		1.0	1.0
Reactome	hypomethylated	Interleukin-21 Signaling R-HSA-9020958	9	440	33010	0		1.0	1.0
Reactome	hypomethylated	Interleukin-23 Signaling R-HSA-9020933	9	440	33010	0		1.0	1.0
Reactome	hypomethylated	Interleukin-27 Signaling R-HSA-9020956	11	440	33010	0		1.0	1.0
Reactome	hypomethylated	Interleukin-3, Interleukin-5 And GM-CSF Signaling R-HSA-512988	41	440	33010	0		1.0	1.0
Reactome	hypomethylated	Interleukin-35 Signaling R-HSA-8984722	12	440	33010	0		1.0	1.0
Reactome	hypomethylated	Interleukin-36 Pathway R-HSA-9014826	7	440	33010	0		1.0	1.0
Reactome	hypomethylated	Interleukin-37 Signaling R-HSA-9008059	20	440	33010	0		1.0	1.0
Reactome	hypomethylated	Interleukin-6 Family Signaling R-HSA-6783589	24	440	33010	0		1.0	1.0
Reactome	hypomethylated	Interleukin-6 Signaling R-HSA-1059683	11	440	33010	0		1.0	1.0
Reactome	hypomethylated	Interleukin-7 Signaling R-HSA-1266695	22	440	33010	0		1.0	1.0
Reactome	hypomethylated	Interleukin-9 Signaling R-HSA-8985947	7	440	33010	0		1.0	1.0
Reactome	hypomethylated	Intestinal Absorption R-HSA-8963676	5	440	33010	0		1.0	1.0
Reactome	hypomethylated	Intraflagellar Transport R-HSA-5620924	38	440	33010	0		1.0	1.0
Reactome	hypomethylated	Intrinsic Pathway Of Fibrin Clot Formation R-HSA-140837	19	440	33010	0		1.0	1.0
Reactome	hypomethylated	Inwardly Rectifying K+ Channels R-HSA-1296065	35	440	33010	0		1.0	1.0
Reactome	hypomethylated	Ion Homeostasis R-HSA-5578775	48	440	33010	0		1.0	1.0
Reactome	hypomethylated	Ion Transport By P-type ATPases R-HSA-936837	49	440	33010	0		1.0	1.0
Reactome	hypomethylated	Iron Uptake And Transport R-HSA-917937	57	440	33010	0		1.0	1.0
Reactome	hypomethylated	JNK (c-Jun Kinases) Phosphorylation And Activation Mediated By Activated Human TAK1 R-HSA-450321	15	440	33010	0		1.0	1.0
Reactome	hypomethylated	KSRP (KHSRP) Binds And Destabilizes mRNA R-HSA-450604	17	440	33010	0		1.0	1.0
Reactome	hypomethylated	Keratan Sulfate Biosynthesis R-HSA-2022854	27	440	33010	0		1.0	1.0
Reactome	hypomethylated	Keratan Sulfate Degradation R-HSA-2022857	11	440	33010	0		1.0	1.0
Reactome	hypomethylated	Keratan Sulfate/Keratin Metabolism R-HSA-1638074	32	440	33010	0		1.0	1.0
Reactome	hypomethylated	Ketone Body Metabolism R-HSA-74182	9	440	33010	0		1.0	1.0
Reactome	hypomethylated	Killing Mechanisms R-HSA-9664420	10	440	33010	0		1.0	1.0
Reactome	hypomethylated	LDL Clearance R-HSA-8964038	18	440	33010	0		1.0	1.0
Reactome	hypomethylated	LDL Remodeling R-HSA-8964041	5	440	33010	0		1.0	1.0
Reactome	hypomethylated	LGI-ADAM Interactions R-HSA-5682910	14	440	33010	0		1.0	1.0
Reactome	hypomethylated	LRR FLII-interacting Protein 1 (LRRFIP1) Activates Type I IFN Production R-HSA-3134973	5	440	33010	0		1.0	1.0
Reactome	hypomethylated	LTC4-CYSLTR Mediated IL4 Production R-HSA-9664535	6	440	33010	0		1.0	1.0
Reactome	hypomethylated	Lagging Strand Synthesis R-HSA-69186	19	440	33010	0		1.0	1.0
Reactome	hypomethylated	Laminin Interactions R-HSA-3000157	22	440	33010	0		1.0	1.0
Reactome	hypomethylated	Late Endosomal Microautophagy R-HSA-9615710	30	440	33010	0		1.0	1.0
Reactome	hypomethylated	Leading Strand Synthesis R-HSA-69109	13	440	33010	0		1.0	1.0
Reactome	hypomethylated	Lectin Pathway Of Complement Activation R-HSA-166662	8	440	33010	0		1.0	1.0
Reactome	hypomethylated	Leukotriene Receptors R-HSA-391906	4	440	33010	0		1.0	1.0
Reactome	hypomethylated	Lewis Blood Group Biosynthesis R-HSA-9037629	18	440	33010	0		1.0	1.0
Reactome	hypomethylated	Ligand-receptor Interactions R-HSA-5632681	8	440	33010	0		1.0	1.0
Reactome	hypomethylated	Linoleic Acid (LA) Metabolism R-HSA-2046105	7	440	33010	0		1.0	1.0
Reactome	hypomethylated	Lipid Particle Organization R-HSA-8964572	6	440	33010	0		1.0	1.0
Reactome	hypomethylated	Listeria Monocytogenes Entry Into Host Cells R-HSA-8876384	18	440	33010	0		1.0	1.0
Reactome	hypomethylated	Loss Of Function Of SMAD2/3 In Cancer R-HSA-3304349	7	440	33010	0		1.0	1.0
Reactome	hypomethylated	Loss Of Function Of TGFBR1 In Cancer R-HSA-3656534	7	440	33010	0		1.0	1.0
Reactome	hypomethylated	Lysine Catabolism R-HSA-71064	12	440	33010	0		1.0	1.0
Reactome	hypomethylated	Lysosome Vesicle Biogenesis R-HSA-432720	32	440	33010	0		1.0	1.0
Reactome	hypomethylated	Lysosphingolipid And LPA Receptors R-HSA-419408	14	440	33010	0		1.0	1.0
Reactome	hypomethylated	MAP Kinase Activation R-HSA-450294	58	440	33010	0		1.0	1.0
Reactome	hypomethylated	MAP3K8 (TPL2)-dependent MAPK1/3 Activation R-HSA-5684264	15	440	33010	0		1.0	1.0
Reactome	hypomethylated	MAPK Targets/ Nuclear Events Mediated By MAP Kinases R-HSA-450282	29	440	33010	0		1.0	1.0
Reactome	hypomethylated	MAPK1 (ERK2) Activation R-HSA-112411	9	440	33010	0		1.0	1.0
Reactome	hypomethylated	MAPK3 (ERK1) Activation R-HSA-110056	10	440	33010	0		1.0	1.0
Reactome	hypomethylated	MAPK6/MAPK4 Signaling R-HSA-5687128	89	440	33010	0		1.0	1.0
Reactome	hypomethylated	MASTL Facilitates Mitotic Progression R-HSA-2465910	10	440	33010	0		1.0	1.0
Reactome	hypomethylated	MECP2 Regulates Transcription Of Neuronal Ligands R-HSA-9022702	6	440	33010	0		1.0	1.0
Reactome	hypomethylated	MET Receptor Activation R-HSA-6806942	6	440	33010	0		1.0	1.0
Reactome	hypomethylated	MET Activates PI3K/AKT Signaling R-HSA-8851907	6	440	33010	0		1.0	1.0
Reactome	hypomethylated	MET Activates PTK2 Signaling R-HSA-8874081	17	440	33010	0		1.0	1.0
Reactome	hypomethylated	MET Activates PTPN11 R-HSA-8865999	5	440	33010	0		1.0	1.0
Reactome	hypomethylated	MET Activates RAP1 And RAC1 R-HSA-8875555	11	440	33010	0		1.0	1.0
Reactome	hypomethylated	MET Activates RAS Signaling R-HSA-8851805	9	440	33010	0		1.0	1.0
Reactome	hypomethylated	MET Interacts With TNS Proteins R-HSA-8875513	5	440	33010	0		1.0	1.0
Reactome	hypomethylated	MET Promotes Cell Motility R-HSA-8875878	28	440	33010	0		1.0	1.0
Reactome	hypomethylated	MET Receptor Recycling R-HSA-8875656	9	440	33010	0		1.0	1.0
Reactome	hypomethylated	Maturation Of Protein 3A R-HSA-9683673	9	440	33010	0		1.0	1.0
Reactome	hypomethylated	Maturation Of Spike Protein R-HSA-9683686	5	440	33010	0		1.0	1.0
Reactome	hypomethylated	Meiotic Recombination R-HSA-912446	51	440	33010	0		1.0	1.0
Reactome	hypomethylated	Melanin Biosynthesis R-HSA-5662702	5	440	33010	0		1.0	1.0
Reactome	hypomethylated	Membrane Binding And Targetting Of GAG Proteins R-HSA-174490	15	440	33010	0		1.0	1.0
Reactome	hypomethylated	Metabolic Disorders Of Biological Oxidation Enzymes R-HSA-5579029	32	440	33010	0		1.0	1.0
Reactome	hypomethylated	Metabolism Of Angiotensinogen To Angiotensins R-HSA-2022377	16	440	33010	0		1.0	1.0
Reactome	hypomethylated	Metabolism Of Amine-Derived Hormones R-HSA-209776	17	440	33010	0		1.0	1.0
Reactome	hypomethylated	Metabolism Of Folate And Pterines R-HSA-196757	17	440	33010	0		1.0	1.0
Reactome	hypomethylated	Metabolism Of Ingested SeMet, Sec, MeSec Into H2Se R-HSA-2408508	7	440	33010	0		1.0	1.0
Reactome	hypomethylated	Metabolism Of Nitric Oxide: NOS3 Activation And Regulation R-HSA-202131	15	440	33010	0		1.0	1.0
Reactome	hypomethylated	Metabolism Of Polyamines R-HSA-351202	57	440	33010	0		1.0	1.0
Reactome	hypomethylated	Metabolism Of Porphyrins R-HSA-189445	26	440	33010	0		1.0	1.0
Reactome	hypomethylated	Metabolism Of Steroid Hormones R-HSA-196071	34	440	33010	0		1.0	1.0
Reactome	hypomethylated	Metal Ion SLC Transporters R-HSA-425410	25	440	33010	0		1.0	1.0
Reactome	hypomethylated	Metal Sequestration By Antimicrobial Proteins R-HSA-6799990	4	440	33010	0		1.0	1.0
Reactome	hypomethylated	Metalloprotease DUBs R-HSA-5689901	29	440	33010	0		1.0	1.0
Reactome	hypomethylated	Metallothioneins Bind Metals R-HSA-5661231	11	440	33010	0		1.0	1.0
Reactome	hypomethylated	Methionine Salvage Pathway R-HSA-1237112	6	440	33010	0		1.0	1.0
Reactome	hypomethylated	Methylation R-HSA-156581	14	440	33010	0		1.0	1.0
Reactome	hypomethylated	MicroRNA (miRNA) Biogenesis R-HSA-203927	24	440	33010	0		1.0	1.0
Reactome	hypomethylated	Mineralocorticoid Biosynthesis R-HSA-193993	5	440	33010	0		1.0	1.0
Reactome	hypomethylated	Miro GTPase Cycle R-HSA-9715370	8	440	33010	0		1.0	1.0
Reactome	hypomethylated	Miscellaneous Substrates R-HSA-211958	10	440	33010	0		1.0	1.0
Reactome	hypomethylated	Miscellaneous Transport And Binding Events R-HSA-5223345	21	440	33010	0		1.0	1.0
Reactome	hypomethylated	Mismatch Repair R-HSA-5358508	15	440	33010	0		1.0	1.0
Reactome	hypomethylated	Mismatch Repair (MMR) Directed By MSH2:MSH3 (MutSbeta) R-HSA-5358606	14	440	33010	0		1.0	1.0
Reactome	hypomethylated	Mismatch Repair (MMR) Directed By MSH2:MSH6 (MutSalpha) R-HSA-5358565	14	440	33010	0		1.0	1.0
Reactome	hypomethylated	Mitochondrial Fatty Acid Beta-Oxidation R-HSA-77289	34	440	33010	0		1.0	1.0
Reactome	hypomethylated	Mitochondrial Uncoupling R-HSA-166187	5	440	33010	0		1.0	1.0
Reactome	hypomethylated	Mitochondrial Calcium Ion Transport R-HSA-8949215	21	440	33010	0		1.0	1.0
Reactome	hypomethylated	Mitochondrial Iron-Sulfur Cluster Biogenesis R-HSA-1362409	13	440	33010	0		1.0	1.0
Reactome	hypomethylated	Mitochondrial tRNA Aminoacylation R-HSA-379726	21	440	33010	0		1.0	1.0
Reactome	hypomethylated	Mitophagy R-HSA-5205647	27	440	33010	0		1.0	1.0
Reactome	hypomethylated	Modulation By Mtb Of Host Immune System R-HSA-9637628	6	440	33010	0		1.0	1.0
Reactome	hypomethylated	Molybdenum Cofactor Biosynthesis R-HSA-947581	6	440	33010	0		1.0	1.0
Reactome	hypomethylated	Mucopolysaccharidoses R-HSA-2206281	10	440	33010	0		1.0	1.0
Reactome	hypomethylated	Multifunctional Anion Exchangers R-HSA-427601	9	440	33010	0		1.0	1.0
Reactome	hypomethylated	Muscarinic Acetylcholine Receptors R-HSA-390648	5	440	33010	0		1.0	1.0
Reactome	hypomethylated	MyD88 Deficiency (TLR2/4) R-HSA-5602498	16	440	33010	0		1.0	1.0
Reactome	hypomethylated	Myoclonic Epilepsy Of Lafora R-HSA-3785653	8	440	33010	0		1.0	1.0
Reactome	hypomethylated	N-Glycan Antennae Elongation R-HSA-975577	15	440	33010	0		1.0	1.0
Reactome	hypomethylated	N-glycan Antennae Elongation In medial/trans-Golgi R-HSA-975576	26	440	33010	0		1.0	1.0
Reactome	hypomethylated	N-glycan Trimming And Elongation In cis-Golgi R-HSA-964739	5	440	33010	0		1.0	1.0
Reactome	hypomethylated	N-glycan Trimming In ER And Calnexin/Calreticulin Cycle R-HSA-532668	35	440	33010	0		1.0	1.0
Reactome	hypomethylated	NADE Modulates Death Signaling R-HSA-205025	5	440	33010	0		1.0	1.0
Reactome	hypomethylated	NCAM Signaling For Neurite Out-Growth R-HSA-375165	56	440	33010	0		1.0	1.0
Reactome	hypomethylated	NCAM1 Interactions R-HSA-419037	36	440	33010	0		1.0	1.0
Reactome	hypomethylated	NF-kB Is Activated And Signals Survival R-HSA-209560	12	440	33010	0		1.0	1.0
Reactome	hypomethylated	NGF-independant TRKA Activation R-HSA-187024	5	440	33010	0		1.0	1.0
Reactome	hypomethylated	NGF-stimulated Transcription R-HSA-9031628	39	440	33010	0		1.0	1.0
Reactome	hypomethylated	NIK To Noncanonical NF-kB Signaling R-HSA-5676590	57	440	33010	0		1.0	1.0
Reactome	hypomethylated	NOSTRIN Mediated eNOS Trafficking R-HSA-203641	5	440	33010	0		1.0	1.0
Reactome	hypomethylated	NOTCH2 Activation And Transmission Of Signal To Nucleus R-HSA-2979096	21	440	33010	0		1.0	1.0
Reactome	hypomethylated	NOTCH2 Intracellular Domain Regulates Transcription R-HSA-2197563	10	440	33010	0		1.0	1.0
Reactome	hypomethylated	NOTCH3 Activation And Transmission Of Signal To Nucleus R-HSA-9013507	25	440	33010	0		1.0	1.0
Reactome	hypomethylated	NOTCH4 Activation And Transmission Of Signal To Nucleus R-HSA-9013700	11	440	33010	0		1.0	1.0
Reactome	hypomethylated	NOTCH4 Intracellular Domain Regulates Transcription R-HSA-9013695	18	440	33010	0		1.0	1.0
Reactome	hypomethylated	NR1H2 And NR1H3 Regulate Gene Expression Linked To Gluconeogenesis R-HSA-9632974	5	440	33010	0		1.0	1.0
Reactome	hypomethylated	NR1H2 And NR1H3 Regulate Gene Expression Linked To Lipogenesis R-HSA-9029558	9	440	33010	0		1.0	1.0
Reactome	hypomethylated	NR1H2 And NR1H3 Regulate Gene Expression Linked To Triglyceride Lipolysis In Adipose R-HSA-9031528	5	440	33010	0		1.0	1.0
Reactome	hypomethylated	NR1H2 And NR1H3 Regulate Gene Expression To Control Bile Acid Homeostasis R-HSA-9623433	9	440	33010	0		1.0	1.0
Reactome	hypomethylated	NR1H2 And NR1H3 Regulate Gene Expression To Limit Cholesterol Uptake R-HSA-9031525	5	440	33010	0		1.0	1.0
Reactome	hypomethylated	NRIF Signals Cell Death From Nucleus R-HSA-205043	16	440	33010	0		1.0	1.0
Reactome	hypomethylated	Na+/Cl- Dependent Neurotransmitter Transporters R-HSA-442660	18	440	33010	0		1.0	1.0
Reactome	hypomethylated	Nectin/Necl Trans Heterodimerization R-HSA-420597	7	440	33010	0		1.0	1.0
Reactome	hypomethylated	Nef Mediated CD4 Down-regulation R-HSA-167590	8	440	33010	0		1.0	1.0
Reactome	hypomethylated	Nef Mediated CD8 Down-regulation R-HSA-182218	7	440	33010	0		1.0	1.0
Reactome	hypomethylated	Nef And Signal Transduction R-HSA-164944	8	440	33010	0		1.0	1.0
Reactome	hypomethylated	Nef Mediated Downregulation Of MHC Class I Complex Cell Surface Expression R-HSA-164940	9	440	33010	0		1.0	1.0
Reactome	hypomethylated	Nef-mediated Downmodulation Of Cell Surface Receptors By Recruitment To Clathrin Adapters R-HSA-164938	19	440	33010	0		1.0	1.0
Reactome	hypomethylated	Negative Feedback Regulation Of MAPK Pathway R-HSA-5674499	6	440	33010	0		1.0	1.0
Reactome	hypomethylated	Negative Regulation Of FGFR1 Signaling R-HSA-5654726	31	440	33010	0		1.0	1.0
Reactome	hypomethylated	Negative Regulation Of FGFR2 Signaling R-HSA-5654727	32	440	33010	0		1.0	1.0
Reactome	hypomethylated	Negative Regulation Of FGFR3 Signaling R-HSA-5654732	27	440	33010	0		1.0	1.0
Reactome	hypomethylated	Negative Regulation Of FGFR4 Signaling R-HSA-5654733	29	440	33010	0		1.0	1.0
Reactome	hypomethylated	Negative Regulation Of FLT3 R-HSA-9706369	15	440	33010	0		1.0	1.0
Reactome	hypomethylated	Negative Regulation Of MAPK Pathway R-HSA-5675221	39	440	33010	0		1.0	1.0
Reactome	hypomethylated	Negative Regulation Of MET Activity R-HSA-6807004	20	440	33010	0		1.0	1.0
Reactome	hypomethylated	Negative Regulation Of NOTCH4 Signaling R-HSA-9604323	52	440	33010	0		1.0	1.0
Reactome	hypomethylated	Negative Regulation Of TCF-dependent Signaling By WNT Ligand Antagonists R-HSA-3772470	15	440	33010	0		1.0	1.0
Reactome	hypomethylated	Negative Regulation Of PI3K/AKT Network R-HSA-199418	109	440	33010	0		1.0	1.0
Reactome	hypomethylated	Negative Regulators Of DDX58/IFIH1 Signaling R-HSA-936440	33	440	33010	0		1.0	1.0
Reactome	hypomethylated	Neurofascin Interactions R-HSA-447043	6	440	33010	0		1.0	1.0
Reactome	hypomethylated	Neurotransmitter Clearance R-HSA-112311	9	440	33010	0		1.0	1.0
Reactome	hypomethylated	Non-integrin membrane-ECM Interactions R-HSA-3000171	38	440	33010	0		1.0	1.0
Reactome	hypomethylated	Noncanonical Activation Of NOTCH3 R-HSA-9017802	8	440	33010	0		1.0	1.0
Reactome	hypomethylated	NrCAM Interactions R-HSA-447038	7	440	33010	0		1.0	1.0
Reactome	hypomethylated	Nuclear Events (Kinase And Transcription Factor Activation) R-HSA-198725	60	440	33010	0		1.0	1.0
Reactome	hypomethylated	Nuclear Events Stimulated By ALK Signaling In Cancer R-HSA-9725371	18	440	33010	0		1.0	1.0
Reactome	hypomethylated	Nucleotide Biosynthesis R-HSA-8956320	12	440	33010	0		1.0	1.0
Reactome	hypomethylated	Nucleotide Catabolism R-HSA-8956319	35	440	33010	0		1.0	1.0
Reactome	hypomethylated	Nucleotide-like (Purinergic) Receptors R-HSA-418038	13	440	33010	0		1.0	1.0
Reactome	hypomethylated	OAS Antiviral Response R-HSA-8983711	7	440	33010	0		1.0	1.0
Reactome	hypomethylated	Opsins R-HSA-419771	7	440	33010	0		1.0	1.0
Reactome	hypomethylated	Orc1 Removal From Chromatin R-HSA-68949	68	440	33010	0		1.0	1.0
Reactome	hypomethylated	Orexin And Neuropeptides FF And QRFP Bind To Their Respective Receptors R-HSA-389397	8	440	33010	0		1.0	1.0
Reactome	hypomethylated	Organic Anion Transport R-HSA-561048	5	440	33010	0		1.0	1.0
Reactome	hypomethylated	Organic Anion Transporters R-HSA-428643	10	440	33010	0		1.0	1.0
Reactome	hypomethylated	Other Interleukin Signaling R-HSA-449836	24	440	33010	0		1.0	1.0
Reactome	hypomethylated	Other Semaphorin Interactions R-HSA-416700	18	440	33010	0		1.0	1.0
Reactome	hypomethylated	Ovarian Tumor Domain Proteases R-HSA-5689896	35	440	33010	0		1.0	1.0
Reactome	hypomethylated	Oxygen-dependent Proline Hydroxylation Of Hypoxia-inducible Factor Alpha R-HSA-1234176	63	440	33010	0		1.0	1.0
Reactome	hypomethylated	P2Y Receptors R-HSA-417957	9	440	33010	0		1.0	1.0
Reactome	hypomethylated	PCNA-Dependent Long Patch Base Excision Repair R-HSA-5651801	21	440	33010	0		1.0	1.0
Reactome	hypomethylated	PD-1 Signaling R-HSA-389948	17	440	33010	0		1.0	1.0
Reactome	hypomethylated	PECAM1 Interactions R-HSA-210990	12	440	33010	0		1.0	1.0
Reactome	hypomethylated	PERK Regulates Gene Expression R-HSA-381042	30	440	33010	0		1.0	1.0
Reactome	hypomethylated	PI Metabolism R-HSA-1483255	78	440	33010	0		1.0	1.0
Reactome	hypomethylated	PI-3K cascade:FGFR1 R-HSA-5654689	20	440	33010	0		1.0	1.0
Reactome	hypomethylated	PI-3K cascade:FGFR2 R-HSA-5654695	21	440	33010	0		1.0	1.0
Reactome	hypomethylated	PI-3K cascade:FGFR3 R-HSA-5654710	16	440	33010	0		1.0	1.0
Reactome	hypomethylated	PI-3K cascade:FGFR4 R-HSA-5654720	18	440	33010	0		1.0	1.0
Reactome	hypomethylated	PI3K Cascade R-HSA-109704	42	440	33010	0		1.0	1.0
Reactome	hypomethylated	PI3K Events In ERBB2 Signaling R-HSA-1963642	16	440	33010	0		1.0	1.0
Reactome	hypomethylated	PI3K Events In ERBB4 Signaling R-HSA-1250342	10	440	33010	0		1.0	1.0
Reactome	hypomethylated	PI3K/AKT Signaling In Cancer R-HSA-2219528	101	440	33010	0		1.0	1.0
Reactome	hypomethylated	PI3K/AKT Activation R-HSA-198203	9	440	33010	0		1.0	1.0
Reactome	hypomethylated	PI5P Regulates TP53 Acetylation R-HSA-6811555	9	440	33010	0		1.0	1.0
Reactome	hypomethylated	PI5P, PP2A And IER3 Regulate PI3K/AKT Signaling R-HSA-6811558	102	440	33010	0		1.0	1.0
Reactome	hypomethylated	PINK1-PRKN Mediated Mitophagy R-HSA-5205685	22	440	33010	0		1.0	1.0
Reactome	hypomethylated	PKA-mediated Phosphorylation Of Key Metabolic Factors R-HSA-163358	4	440	33010	0		1.0	1.0
Reactome	hypomethylated	POU5F1 (OCT4), SOX2, NANOG Repress Genes Related To Differentiation R-HSA-2892245	9	440	33010	0		1.0	1.0
Reactome	hypomethylated	PP2A-mediated Dephosphorylation Of Key Metabolic Factors R-HSA-163767	6	440	33010	0		1.0	1.0
Reactome	hypomethylated	PRC2 Methylates Histones And DNA R-HSA-212300	36	440	33010	0		1.0	1.0
Reactome	hypomethylated	PTK6 Expression R-HSA-8849473	5	440	33010	0		1.0	1.0
Reactome	hypomethylated	PTK6 Regulates Cell Cycle R-HSA-8849470	6	440	33010	0		1.0	1.0
Reactome	hypomethylated	PTK6 Regulates RHO GTPases, RAS GTPase And MAP Kinases R-HSA-8849471	13	440	33010	0		1.0	1.0
Reactome	hypomethylated	PTK6 Regulates RTKs And Their Effectors AKT1 And DOK1 R-HSA-8849469	9	440	33010	0		1.0	1.0
Reactome	hypomethylated	PTK6 Promotes HIF1A Stabilization R-HSA-8857538	6	440	33010	0		1.0	1.0
Reactome	hypomethylated	Packaging Of Telomere Ends R-HSA-171306	29	440	33010	0		1.0	1.0
Reactome	hypomethylated	Passive Transport By Aquaporins R-HSA-432047	12	440	33010	0		1.0	1.0
Reactome	hypomethylated	Pausing And Recovery Of Tat-mediated HIV Elongation R-HSA-167238	31	440	33010	0		1.0	1.0
Reactome	hypomethylated	Pentose Phosphate Pathway R-HSA-71336	12	440	33010	0		1.0	1.0
Reactome	hypomethylated	Peptide Hormone Biosynthesis R-HSA-209952	11	440	33010	0		1.0	1.0
Reactome	hypomethylated	Pexophagy R-HSA-9664873	11	440	33010	0		1.0	1.0
Reactome	hypomethylated	Phase 1 - Inactivation Of Fast Na+ Channels R-HSA-5576894	6	440	33010	0		1.0	1.0
Reactome	hypomethylated	Phase 2 - Plateau Phase R-HSA-5576893	14	440	33010	0		1.0	1.0
Reactome	hypomethylated	Phase 3 - Rapid Repolarisation R-HSA-5576890	8	440	33010	0		1.0	1.0
Reactome	hypomethylated	Phase I - Functionalization Of Compounds R-HSA-211945	96	440	33010	0		1.0	1.0
Reactome	hypomethylated	Phenylalanine And Tyrosine Metabolism R-HSA-8963691	11	440	33010	0		1.0	1.0
Reactome	hypomethylated	Phenylalanine Metabolism R-HSA-8964208	6	440	33010	0		1.0	1.0
Reactome	hypomethylated	Phosphate Bond Hydrolysis By NTPDase Proteins R-HSA-8850843	8	440	33010	0		1.0	1.0
Reactome	hypomethylated	Phosphate Bond Hydrolysis By NUDT Proteins R-HSA-2393930	7	440	33010	0		1.0	1.0
Reactome	hypomethylated	Phospholipase C-mediated Cascade: FGFR1 R-HSA-5654219	15	440	33010	0		1.0	1.0
Reactome	hypomethylated	Phospholipase C-mediated Cascade; FGFR2 R-HSA-5654221	16	440	33010	0		1.0	1.0
Reactome	hypomethylated	Phospholipase C-mediated Cascade; FGFR3 R-HSA-5654227	11	440	33010	0		1.0	1.0
Reactome	hypomethylated	Phospholipase C-mediated Cascade; FGFR4 R-HSA-5654228	13	440	33010	0		1.0	1.0
Reactome	hypomethylated	Phospholipid Metabolism R-HSA-1483257	199	440	33010	0		1.0	1.0
Reactome	hypomethylated	Phosphorylation Of Emi1 R-HSA-176417	6	440	33010	0		1.0	1.0
Reactome	hypomethylated	Physiological Factors R-HSA-5578768	14	440	33010	0		1.0	1.0
Reactome	hypomethylated	Plasma Lipoprotein Assembly R-HSA-8963898	16	440	33010	0		1.0	1.0
Reactome	hypomethylated	Plasma Lipoprotein Clearance R-HSA-8964043	35	440	33010	0		1.0	1.0
Reactome	hypomethylated	Platelet Adhesion To Exposed Collagen R-HSA-75892	12	440	33010	0		1.0	1.0
Reactome	hypomethylated	Platelet Calcium Homeostasis R-HSA-418360	25	440	33010	0		1.0	1.0
Reactome	hypomethylated	Platelet Degranulation R-HSA-114608	112	440	33010	0		1.0	1.0
Reactome	hypomethylated	Platelet Sensitization By LDL R-HSA-432142	17	440	33010	0		1.0	1.0
Reactome	hypomethylated	Polo-like Kinase Mediated Events R-HSA-156711	16	440	33010	0		1.0	1.0
Reactome	hypomethylated	Polymerase Switching On C-strand Of Telomere R-HSA-174411	24	440	33010	0		1.0	1.0
Reactome	hypomethylated	Post-chaperonin Tubulin Folding Pathway R-HSA-389977	23	440	33010	0		1.0	1.0
Reactome	hypomethylated	Post-transcriptional Silencing By Small RNAs R-HSA-426496	7	440	33010	0		1.0	1.0
Reactome	hypomethylated	Post-translational Protein Phosphorylation R-HSA-8957275	100	440	33010	0		1.0	1.0
Reactome	hypomethylated	Pre-NOTCH Processing In Golgi R-HSA-1912420	18	440	33010	0		1.0	1.0
Reactome	hypomethylated	Pre-NOTCH Processing In Endoplasmic Reticulum R-HSA-1912399	6	440	33010	0		1.0	1.0
Reactome	hypomethylated	Pregnenolone Biosynthesis R-HSA-196108	12	440	33010	0		1.0	1.0
Reactome	hypomethylated	Presynaptic Function Of Kainate Receptors R-HSA-500657	21	440	33010	0		1.0	1.0
Reactome	hypomethylated	Presynaptic Nicotinic Acetylcholine Receptors R-HSA-622323	12	440	33010	0		1.0	1.0
Reactome	hypomethylated	Presynaptic Phase Of Homologous DNA Pairing And Strand Exchange R-HSA-5693616	40	440	33010	0		1.0	1.0
Reactome	hypomethylated	Prevention Of Phagosomal-Lysosomal Fusion R-HSA-9636383	9	440	33010	0		1.0	1.0
Reactome	hypomethylated	Processing And Activation Of SUMO R-HSA-3215018	9	440	33010	0		1.0	1.0
Reactome	hypomethylated	Processing Of Capped Intronless Pre-mRNA R-HSA-75067	28	440	33010	0		1.0	1.0
Reactome	hypomethylated	Processing Of Intronless Pre-mRNAs R-HSA-77595	19	440	33010	0		1.0	1.0
Reactome	hypomethylated	Processing Of SMDT1 R-HSA-8949664	15	440	33010	0		1.0	1.0
Reactome	hypomethylated	Processive Synthesis On C-strand Of Telomere R-HSA-174414	19	440	33010	0		1.0	1.0
Reactome	hypomethylated	Processive Synthesis On Lagging Strand R-HSA-69183	14	440	33010	0		1.0	1.0
Reactome	hypomethylated	Prolactin Receptor Signaling R-HSA-1170546	13	440	33010	0		1.0	1.0
Reactome	hypomethylated	Prolonged ERK Activation Events R-HSA-169893	14	440	33010	0		1.0	1.0
Reactome	hypomethylated	Prostacyclin Signaling Thru Prostacyclin Receptor R-HSA-392851	19	440	33010	0		1.0	1.0
Reactome	hypomethylated	Prostanoid Ligand Receptors R-HSA-391908	9	440	33010	0		1.0	1.0
Reactome	hypomethylated	Proton-coupled Monocarboxylate Transport R-HSA-433692	6	440	33010	0		1.0	1.0
Reactome	hypomethylated	Purine Catabolism R-HSA-74259	17	440	33010	0		1.0	1.0
Reactome	hypomethylated	Purine Ribonucleoside Monophosphate Biosynthesis R-HSA-73817	10	440	33010	0		1.0	1.0
Reactome	hypomethylated	Pyrimidine Catabolism R-HSA-73621	12	440	33010	0		1.0	1.0
Reactome	hypomethylated	Pyrimidine Salvage R-HSA-73614	10	440	33010	0		1.0	1.0
Reactome	hypomethylated	RAF Activation R-HSA-5673000	30	440	33010	0		1.0	1.0
Reactome	hypomethylated	RAF-independent MAPK1/3 Activation R-HSA-112409	22	440	33010	0		1.0	1.0
Reactome	hypomethylated	RAS Processing R-HSA-9648002	18	440	33010	0		1.0	1.0
Reactome	hypomethylated	RET Signaling R-HSA-8853659	40	440	33010	0		1.0	1.0
Reactome	hypomethylated	RHO GTPases Activate NADPH Oxidases R-HSA-5668599	21	440	33010	0		1.0	1.0
Reactome	hypomethylated	RHO GTPases Activate ROCKs R-HSA-5627117	19	440	33010	0		1.0	1.0
Reactome	hypomethylated	RHO GTPases Activate Rhotekin And Rhophilins R-HSA-5666185	9	440	33010	0		1.0	1.0
Reactome	hypomethylated	RHO GTPases Activate WASPs And WAVEs R-HSA-5663213	33	440	33010	0		1.0	1.0
Reactome	hypomethylated	RHO GTPases Activate CIT R-HSA-5625900	19	440	33010	0		1.0	1.0
Reactome	hypomethylated	RHO GTPases Activate IQGAPs R-HSA-5626467	11	440	33010	0		1.0	1.0
Reactome	hypomethylated	RHO GTPases Activate PAKs R-HSA-5627123	20	440	33010	0		1.0	1.0
Reactome	hypomethylated	RHO GTPases Activate PKNs R-HSA-5625740	56	440	33010	0		1.0	1.0
Reactome	hypomethylated	RHOBTB1 GTPase Cycle R-HSA-9013422	22	440	33010	0		1.0	1.0
Reactome	hypomethylated	RHOBTB3 ATPase Cycle R-HSA-9706019	8	440	33010	0		1.0	1.0
Reactome	hypomethylated	RHOQ GTPase Cycle R-HSA-9013406	57	440	33010	0		1.0	1.0
Reactome	hypomethylated	RHOT1 GTPase Cycle R-HSA-9013425	5	440	33010	0		1.0	1.0
Reactome	hypomethylated	RHOT2 GTPase Cycle R-HSA-9013419	7	440	33010	0		1.0	1.0
Reactome	hypomethylated	RHOU GTPase Cycle R-HSA-9013420	37	440	33010	0		1.0	1.0
Reactome	hypomethylated	RHOV GTPase Cycle R-HSA-9013424	36	440	33010	0		1.0	1.0
Reactome	hypomethylated	RNA Pol II CTD Phosphorylation And Interaction With CE R-HSA-77075	26	440	33010	0		1.0	1.0
Reactome	hypomethylated	RNA Polymerase I Promoter Opening R-HSA-73728	27	440	33010	0		1.0	1.0
Reactome	hypomethylated	RNA Polymerase II Pre-transcription Events R-HSA-674695	75	440	33010	0		1.0	1.0
Reactome	hypomethylated	RNA Polymerase III Abortive And Retractive Initiation R-HSA-749476	39	440	33010	0		1.0	1.0
Reactome	hypomethylated	RNA Polymerase III Chain Elongation R-HSA-73780	17	440	33010	0		1.0	1.0
Reactome	hypomethylated	RNA Polymerase III Transcription Initiation From Type 1 Promoter R-HSA-76061	27	440	33010	0		1.0	1.0
Reactome	hypomethylated	RNA Polymerase III Transcription Initiation From Type 2 Promoter R-HSA-76066	26	440	33010	0		1.0	1.0
Reactome	hypomethylated	RNA Polymerase III Transcription Initiation From Type 3 Promoter R-HSA-76071	27	440	33010	0		1.0	1.0
Reactome	hypomethylated	RNA Polymerase III Transcription Initiation R-HSA-76046	35	440	33010	0		1.0	1.0
Reactome	hypomethylated	RNA Polymerase III Transcription Termination R-HSA-73980	21	440	33010	0		1.0	1.0
Reactome	hypomethylated	RND1 GTPase Cycle R-HSA-9696273	41	440	33010	0		1.0	1.0
Reactome	hypomethylated	RND2 GTPase Cycle R-HSA-9696270	41	440	33010	0		1.0	1.0
Reactome	hypomethylated	RND3 GTPase Cycle R-HSA-9696264	41	440	33010	0		1.0	1.0
Reactome	hypomethylated	ROBO Receptors Bind AKAP5 R-HSA-9010642	8	440	33010	0		1.0	1.0
Reactome	hypomethylated	ROS And RNS Production In Phagocytes R-HSA-1222556	34	440	33010	0		1.0	1.0
Reactome	hypomethylated	RSK Activation R-HSA-444257	5	440	33010	0		1.0	1.0
Reactome	hypomethylated	RUNX2 Regulates Bone Development R-HSA-8941326	28	440	33010	0		1.0	1.0
Reactome	hypomethylated	RUNX2 Regulates Chondrocyte Maturation R-HSA-8941284	5	440	33010	0		1.0	1.0
Reactome	hypomethylated	RUNX2 Regulates Genes Involved In Cell Migration R-HSA-8941332	8	440	33010	0		1.0	1.0
Reactome	hypomethylated	RUNX2 Regulates Osteoblast Differentiation R-HSA-8940973	21	440	33010	0		1.0	1.0
Reactome	hypomethylated	RUNX3 Regulates Immune Response And Cell Migration R-HSA-8949275	6	440	33010	0		1.0	1.0
Reactome	hypomethylated	RUNX3 Regulates BCL2L11 (BIM) Transcription R-HSA-8952158	5	440	33010	0		1.0	1.0
Reactome	hypomethylated	RUNX3 Regulates NOTCH Signaling R-HSA-8941856	12	440	33010	0		1.0	1.0
Reactome	hypomethylated	RUNX3 Regulates WNT Signaling R-HSA-8951430	8	440	33010	0		1.0	1.0
Reactome	hypomethylated	RUNX3 Regulates YAP1-mediated Transcription R-HSA-8951671	8	440	33010	0		1.0	1.0
Reactome	hypomethylated	Rap1 Signaling R-HSA-392517	16	440	33010	0		1.0	1.0
Reactome	hypomethylated	Ras Activation Upon Ca2+ Influx Thru NMDA Receptor R-HSA-442982	19	440	33010	0		1.0	1.0
Reactome	hypomethylated	Reactions Specific To Complex N-glycan Synthesis Pathway R-HSA-975578	10	440	33010	0		1.0	1.0
Reactome	hypomethylated	Receptor Mediated Mitophagy R-HSA-8934903	9	440	33010	0		1.0	1.0
Reactome	hypomethylated	Receptor-type Tyrosine-Protein Phosphatases R-HSA-388844	16	440	33010	0		1.0	1.0
Reactome	hypomethylated	Recognition Of DNA Damage By PCNA-containing Replication Complex R-HSA-110314	29	440	33010	0		1.0	1.0
Reactome	hypomethylated	Recycling Of Bile Acids And Salts R-HSA-159418	18	440	33010	0		1.0	1.0
Reactome	hypomethylated	Recycling Of eIF2:GDP R-HSA-72731	7	440	33010	0		1.0	1.0
Reactome	hypomethylated	Reduction Of Cytosolic Ca++ Levels R-HSA-418359	10	440	33010	0		1.0	1.0
Reactome	hypomethylated	Reelin Signaling Pathway R-HSA-8866376	4	440	33010	0		1.0	1.0
Reactome	hypomethylated	Regulated Proteolysis Of p75NTR R-HSA-193692	11	440	33010	0		1.0	1.0
Reactome	hypomethylated	Regulation Of Apoptosis R-HSA-169911	50	440	33010	0		1.0	1.0
Reactome	hypomethylated	Regulation Of BACH1 Activity R-HSA-9708530	11	440	33010	0		1.0	1.0
Reactome	hypomethylated	Regulation Of FOXO Transcriptional Activity By Acetylation R-HSA-9617629	9	440	33010	0		1.0	1.0
Reactome	hypomethylated	Regulation Of FZD By Ubiquitination R-HSA-4641263	20	440	33010	0		1.0	1.0
Reactome	hypomethylated	Regulation Of HMOX1 Expression And Activity R-HSA-9707587	5	440	33010	0		1.0	1.0
Reactome	hypomethylated	Regulation Of IFNA/IFNB Signaling R-HSA-912694	14	440	33010	0		1.0	1.0
Reactome	hypomethylated	Regulation Of IFNG Signaling R-HSA-877312	14	440	33010	0		1.0	1.0
Reactome	hypomethylated	Regulation Of KIT Signaling R-HSA-1433559	16	440	33010	0		1.0	1.0
Reactome	hypomethylated	Regulation Of PTEN Localization R-HSA-8948747	8	440	33010	0		1.0	1.0
Reactome	hypomethylated	Regulation Of PTEN mRNA Translation R-HSA-8943723	11	440	33010	0		1.0	1.0
Reactome	hypomethylated	Regulation Of PTEN Stability And Activity R-HSA-8948751	65	440	33010	0		1.0	1.0
Reactome	hypomethylated	Regulation Of RUNX2 Expression And Activity R-HSA-8939902	71	440	33010	0		1.0	1.0
Reactome	hypomethylated	Regulation Of TLR By Endogenous Ligand R-HSA-5686938	18	440	33010	0		1.0	1.0
Reactome	hypomethylated	Regulation Of TP53 Activity Thru Association With Co-factors R-HSA-6804759	14	440	33010	0		1.0	1.0
Reactome	hypomethylated	Regulation Of TP53 Activity Thru Methylation R-HSA-6804760	19	440	33010	0		1.0	1.0
Reactome	hypomethylated	Regulation Of Activated PAK-2p34 By Proteasome Mediated Degradation R-HSA-211733	48	440	33010	0		1.0	1.0
Reactome	hypomethylated	Regulation Of Beta-Cell Development R-HSA-186712	39	440	33010	0		1.0	1.0
Reactome	hypomethylated	Regulation Of Commissural Axon Pathfinding By SLIT And ROBO R-HSA-428542	9	440	33010	0		1.0	1.0
Reactome	hypomethylated	Regulation Of Cytoskeletal Remodeling And Cell Spreading By IPP Complex Components R-HSA-446388	7	440	33010	0		1.0	1.0
Reactome	hypomethylated	Regulation Of Gene Expression By Hypoxia-inducible Factor R-HSA-1234158	11	440	33010	0		1.0	1.0
Reactome	hypomethylated	Regulation Of Gene Expression In Beta Cells R-HSA-210745	20	440	33010	0		1.0	1.0
Reactome	hypomethylated	Regulation Of Gene Expression In Early Pancreatic Precursor Cells R-HSA-210747	8	440	33010	0		1.0	1.0
Reactome	hypomethylated	Regulation Of Gene Expression In Endocrine-Committed (NEUROG3+) Progenitor Cells R-HSA-210746	5	440	33010	0		1.0	1.0
Reactome	hypomethylated	Regulation Of Gene Expression In Late Stage (Branching Morphogenesis) Pancreatic Bud Precursor Cells R-HSA-210744	14	440	33010	0		1.0	1.0
Reactome	hypomethylated	Regulation Of Glycolysis By Fructose 2,6-Bisphosphate Metabolism R-HSA-9634600	11	440	33010	0		1.0	1.0
Reactome	hypomethylated	Regulation Of Localization Of FOXO Transcription Factors R-HSA-9614399	11	440	33010	0		1.0	1.0
Reactome	hypomethylated	Regulation Of mRNA Stability By Proteins That Bind AU-rich Elements R-HSA-450531	87	440	33010	0		1.0	1.0
Reactome	hypomethylated	Regulation Of Ornithine Decarboxylase (ODC) R-HSA-350562	49	440	33010	0		1.0	1.0
Reactome	hypomethylated	Regulation Of Signaling By CBL R-HSA-912631	18	440	33010	0		1.0	1.0
Reactome	hypomethylated	Regulation Of Signaling By NODAL R-HSA-1433617	9	440	33010	0		1.0	1.0
Reactome	hypomethylated	Relaxin Receptors R-HSA-444821	7	440	33010	0		1.0	1.0
Reactome	hypomethylated	Release Of Hh-Np From Secreting Cell R-HSA-5362798	8	440	33010	0		1.0	1.0
Reactome	hypomethylated	Release Of Apoptotic Factors From Mitochondria R-HSA-111457	7	440	33010	0		1.0	1.0
Reactome	hypomethylated	Removal Of Aminoterminal Propeptides From Gamma-Carboxylated Proteins R-HSA-159782	8	440	33010	0		1.0	1.0
Reactome	hypomethylated	Removal Of Flap Intermediate R-HSA-69166	13	440	33010	0		1.0	1.0
Reactome	hypomethylated	Removal Of Flap Intermediate From C-strand R-HSA-174437	17	440	33010	0		1.0	1.0
Reactome	hypomethylated	Repression Of WNT Target Genes R-HSA-4641265	14	440	33010	0		1.0	1.0
Reactome	hypomethylated	Resolution Of D-Loop Structures R-HSA-5693537	33	440	33010	0		1.0	1.0
Reactome	hypomethylated	Resolution Of D-loop Structures Thru Holliday Junction Intermediates R-HSA-5693568	32	440	33010	0		1.0	1.0
Reactome	hypomethylated	Resolution Of D-loop Structures Thru Synthesis-Dependent Strand Annealing (SDSA) R-HSA-5693554	27	440	33010	0		1.0	1.0
Reactome	hypomethylated	Response Of EIF2AK1 (HRI) To Heme Deficiency R-HSA-9648895	14	440	33010	0		1.0	1.0
Reactome	hypomethylated	Response To Elevated Platelet Cytosolic Ca2+ R-HSA-76005	117	440	33010	0		1.0	1.0
Reactome	hypomethylated	Response To Metal Ions R-HSA-5660526	14	440	33010	0		1.0	1.0
Reactome	hypomethylated	Retrograde Neurotrophin Signaling R-HSA-177504	14	440	33010	0		1.0	1.0
Reactome	hypomethylated	Retrograde Transport At Trans-Golgi-Network R-HSA-6811440	46	440	33010	0		1.0	1.0
Reactome	hypomethylated	Reversal Of Alkylation Damage By DNA Dioxygenases R-HSA-73943	7	440	33010	0		1.0	1.0
Reactome	hypomethylated	Reversible Hydration Of Carbon Dioxide R-HSA-1475029	11	440	33010	0		1.0	1.0
Reactome	hypomethylated	Role Of ABL In ROBO-SLIT Signaling R-HSA-428890	8	440	33010	0		1.0	1.0
Reactome	hypomethylated	Role Of LAT2/NTAL/LAB On Calcium Mobilization R-HSA-2730905	13	440	33010	0		1.0	1.0
Reactome	hypomethylated	Role Of Phospholipids In Phagocytosis R-HSA-2029485	22	440	33010	0		1.0	1.0
Reactome	hypomethylated	Role Of Second Messengers In Netrin-1 Signaling R-HSA-418890	9	440	33010	0		1.0	1.0
Reactome	hypomethylated	SARS-CoV-1 Genome Replication And Transcription R-HSA-9679514	5	440	33010	0		1.0	1.0
Reactome	hypomethylated	SARS-CoV-2 Genome Replication And Transcription R-HSA-9694682	5	440	33010	0		1.0	1.0
Reactome	hypomethylated	SARS-CoV-2 Modulates Autophagy R-HSA-9754560	11	440	33010	0		1.0	1.0
Reactome	hypomethylated	SARS-CoV-2 Targets PDZ Proteins In Cell-Cell Junction R-HSA-9705677	4	440	33010	0		1.0	1.0
Reactome	hypomethylated	SARS-CoV-2 Targets Host Intracellular Signaling And Regulatory Pathways R-HSA-9755779	13	440	33010	0		1.0	1.0
Reactome	hypomethylated	SCF(Skp2)-mediated Degradation Of P27/P21 R-HSA-187577	58	440	33010	0		1.0	1.0
Reactome	hypomethylated	SCF-beta-TrCP Mediated Degradation Of Emi1 R-HSA-174113	53	440	33010	0		1.0	1.0
Reactome	hypomethylated	SEMA3A-Plexin Repulsion Signaling By Inhibiting Integrin Adhesion R-HSA-399955	13	440	33010	0		1.0	1.0
Reactome	hypomethylated	SHC-mediated cascade:FGFR1 R-HSA-5654688	19	440	33010	0		1.0	1.0
Reactome	hypomethylated	SHC-mediated cascade:FGFR2 R-HSA-5654699	20	440	33010	0		1.0	1.0
Reactome	hypomethylated	SHC-mediated cascade:FGFR3 R-HSA-5654704	15	440	33010	0		1.0	1.0
Reactome	hypomethylated	SHC-mediated cascade:FGFR4 R-HSA-5654719	17	440	33010	0		1.0	1.0
Reactome	hypomethylated	SHC-related Events Triggered By IGF1R R-HSA-2428933	8	440	33010	0		1.0	1.0
Reactome	hypomethylated	SHC1 Events In EGFR Signaling R-HSA-180336	12	440	33010	0		1.0	1.0
Reactome	hypomethylated	SHC1 Events In ERBB2 Signaling R-HSA-1250196	21	440	33010	0		1.0	1.0
Reactome	hypomethylated	SHC1 Events In ERBB4 Signaling R-HSA-1250347	13	440	33010	0		1.0	1.0
Reactome	hypomethylated	SLBP Dependent Processing Of Replication-Dependent Histone Pre-mRNAs R-HSA-77588	11	440	33010	0		1.0	1.0
Reactome	hypomethylated	SLBP Independent Processing Of Histone Pre-mRNAs R-HSA-111367	10	440	33010	0		1.0	1.0
Reactome	hypomethylated	SMAC (DIABLO) Binds To IAPs R-HSA-111463	6	440	33010	0		1.0	1.0
Reactome	hypomethylated	SMAC, XIAP-regulated Apoptotic Response R-HSA-111469	7	440	33010	0		1.0	1.0
Reactome	hypomethylated	SMAD2/3 Phosphorylation Motif Mutants In Cancer R-HSA-3304356	6	440	33010	0		1.0	1.0
Reactome	hypomethylated	SMAD2/SMAD3:SMAD4 Heterotrimer Regulates Transcription R-HSA-2173796	36	440	33010	0		1.0	1.0
Reactome	hypomethylated	SOS-mediated Signaling R-HSA-112412	6	440	33010	0		1.0	1.0
Reactome	hypomethylated	STAT3 Nuclear Events Downstream Of ALK Signaling R-HSA-9701898	9	440	33010	0		1.0	1.0
Reactome	hypomethylated	STAT5 Activation R-HSA-9645135	7	440	33010	0		1.0	1.0
Reactome	hypomethylated	STAT5 Activation Downstream Of FLT3 ITD Mutants R-HSA-9702518	10	440	33010	0		1.0	1.0
Reactome	hypomethylated	SUMO Is Proteolytically Processed R-HSA-3065679	5	440	33010	0		1.0	1.0
Reactome	hypomethylated	SUMO Is Transferred From E1 To E2 (UBE2I, UBC9) R-HSA-3065678	6	440	33010	0		1.0	1.0
Reactome	hypomethylated	SUMOylation Of DNA Methylation Proteins R-HSA-4655427	16	440	33010	0		1.0	1.0
Reactome	hypomethylated	SUMOylation Of Immune Response Proteins R-HSA-4755510	10	440	33010	0		1.0	1.0
Reactome	hypomethylated	SUMOylation Of Intracellular Receptors R-HSA-4090294	28	440	33010	0		1.0	1.0
Reactome	hypomethylated	SUMOylation Of Transcription Cofactors R-HSA-3899300	43	440	33010	0		1.0	1.0
Reactome	hypomethylated	Scavenging By Class A Receptors R-HSA-3000480	19	440	33010	0		1.0	1.0
Reactome	hypomethylated	Scavenging By Class B Receptors R-HSA-3000471	6	440	33010	0		1.0	1.0
Reactome	hypomethylated	Scavenging By Class F Receptors R-HSA-3000484	6	440	33010	0		1.0	1.0
Reactome	hypomethylated	Scavenging Of Heme From Plasma R-HSA-2168880	11	440	33010	0		1.0	1.0
Reactome	hypomethylated	Sealing Of Nuclear Envelope (NE) By ESCRT-III R-HSA-9668328	30	440	33010	0		1.0	1.0
Reactome	hypomethylated	Sema3A PAK Dependent Axon Repulsion R-HSA-399954	15	440	33010	0		1.0	1.0
Reactome	hypomethylated	Sema4D In Semaphorin Signaling R-HSA-400685	24	440	33010	0		1.0	1.0
Reactome	hypomethylated	Sema4D Induced Cell Migration And Growth-Cone Collapse R-HSA-416572	20	440	33010	0		1.0	1.0
Reactome	hypomethylated	Sema4D Mediated Inhibition Of Cell Attachment And Migration R-HSA-416550	8	440	33010	0		1.0	1.0
Reactome	hypomethylated	Semaphorin Interactions R-HSA-373755	62	440	33010	0		1.0	1.0
Reactome	hypomethylated	Sensing Of DNA Double Strand Breaks R-HSA-5693548	6	440	33010	0		1.0	1.0
Reactome	hypomethylated	Sensory Perception Of Salty Taste R-HSA-9730628	6	440	33010	0		1.0	1.0
Reactome	hypomethylated	Sensory Perception Of Sweet, Bitter, And Umami (Glutamate) Taste R-HSA-9717207	37	440	33010	0		1.0	1.0
Reactome	hypomethylated	Sensory Perception Of Taste R-HSA-9717189	43	440	33010	0		1.0	1.0
Reactome	hypomethylated	Serotonin And Melatonin Biosynthesis R-HSA-209931	4	440	33010	0		1.0	1.0
Reactome	hypomethylated	Serotonin Receptors R-HSA-390666	10	440	33010	0		1.0	1.0
Reactome	hypomethylated	Sialic Acid Metabolism R-HSA-4085001	33	440	33010	0		1.0	1.0
Reactome	hypomethylated	Signal Amplification R-HSA-392518	33	440	33010	0		1.0	1.0
Reactome	hypomethylated	Signal Attenuation R-HSA-74749	10	440	33010	0		1.0	1.0
Reactome	hypomethylated	Signal Regulatory Protein Family Interactions R-HSA-391160	13	440	33010	0		1.0	1.0
Reactome	hypomethylated	Signal Transduction By L1 R-HSA-445144	19	440	33010	0		1.0	1.0
Reactome	hypomethylated	Signaling By ALK R-HSA-201556	25	440	33010	0		1.0	1.0
Reactome	hypomethylated	Signaling By ALK Fusions And Activated Point Mutants R-HSA-9725370	53	440	33010	0		1.0	1.0
Reactome	hypomethylated	Signaling By Activin R-HSA-1502540	15	440	33010	0		1.0	1.0
Reactome	hypomethylated	Signaling By BMP R-HSA-201451	26	440	33010	0		1.0	1.0
Reactome	hypomethylated	Signaling By CSF3 (G-CSF) R-HSA-9674555	30	440	33010	0		1.0	1.0
Reactome	hypomethylated	Signaling By EGFR R-HSA-177929	47	440	33010	0		1.0	1.0
Reactome	hypomethylated	Signaling By EGFR In Cancer R-HSA-1643713	23	440	33010	0		1.0	1.0
Reactome	hypomethylated	Signaling By ERBB2 ECD Mutants R-HSA-9665348	15	440	33010	0		1.0	1.0
Reactome	hypomethylated	Signaling By ERBB2 KD Mutants R-HSA-9664565	24	440	33010	0		1.0	1.0
Reactome	hypomethylated	Signaling By ERBB2 R-HSA-1227986	49	440	33010	0		1.0	1.0
Reactome	hypomethylated	Signaling By ERBB2 TMD/JMD Mutants R-HSA-9665686	21	440	33010	0		1.0	1.0
Reactome	hypomethylated	Signaling By ERBB2 In Cancer R-HSA-1227990	25	440	33010	0		1.0	1.0
Reactome	hypomethylated	Signaling By Erythropoietin R-HSA-9006335	24	440	33010	0		1.0	1.0
Reactome	hypomethylated	Signaling By FGFR2 IIIa TM R-HSA-8851708	18	440	33010	0		1.0	1.0
Reactome	hypomethylated	Signaling By FGFR2 R-HSA-5654738	70	440	33010	0		1.0	1.0
Reactome	hypomethylated	Signaling By FGFR2 In Disease R-HSA-5655253	40	440	33010	0		1.0	1.0
Reactome	hypomethylated	Signaling By FGFR3 R-HSA-5654741	37	440	33010	0		1.0	1.0
Reactome	hypomethylated	Signaling By FGFR3 In Disease R-HSA-5655332	19	440	33010	0		1.0	1.0
Reactome	hypomethylated	Signaling By FGFR4 R-HSA-5654743	38	440	33010	0		1.0	1.0
Reactome	hypomethylated	Signaling By FGFR4 In Disease R-HSA-5655291	10	440	33010	0		1.0	1.0
Reactome	hypomethylated	Signaling By FLT3 ITD And TKD Mutants R-HSA-9703648	15	440	33010	0		1.0	1.0
Reactome	hypomethylated	Signaling By FLT3 Fusion Proteins R-HSA-9703465	18	440	33010	0		1.0	1.0
Reactome	hypomethylated	Signaling By Hippo R-HSA-2028269	19	440	33010	0		1.0	1.0
Reactome	hypomethylated	Signaling By Insulin Receptor R-HSA-74752	74	440	33010	0		1.0	1.0
Reactome	hypomethylated	Signaling By KIT In Disease R-HSA-9669938	19	440	33010	0		1.0	1.0
Reactome	hypomethylated	Signaling By LRP5 Mutants R-HSA-5339717	6	440	33010	0		1.0	1.0
Reactome	hypomethylated	Signaling By Leptin R-HSA-2586552	11	440	33010	0		1.0	1.0
Reactome	hypomethylated	Signaling By MAPK Mutants R-HSA-9652817	6	440	33010	0		1.0	1.0
Reactome	hypomethylated	Signaling By MET R-HSA-6806834	62	440	33010	0		1.0	1.0
Reactome	hypomethylated	Signaling By MST1 R-HSA-8852405	5	440	33010	0		1.0	1.0
Reactome	hypomethylated	Signaling By NODAL R-HSA-1181150	20	440	33010	0		1.0	1.0
Reactome	hypomethylated	Signaling By NOTCH2 R-HSA-1980145	30	440	33010	0		1.0	1.0
Reactome	hypomethylated	Signaling By NOTCH4 R-HSA-9013694	78	440	33010	0		1.0	1.0
Reactome	hypomethylated	Signaling By NTRK1 (TRKA) R-HSA-187037	113	440	33010	0		1.0	1.0
Reactome	hypomethylated	Signaling By NTRK3 (TRKC) R-HSA-9034015	16	440	33010	0		1.0	1.0
Reactome	hypomethylated	Signaling By Non-Receptor Tyrosine Kinases R-HSA-9006927	52	440	33010	0		1.0	1.0
Reactome	hypomethylated	Signaling By PDGF R-HSA-186797	50	440	33010	0		1.0	1.0
Reactome	hypomethylated	Signaling By PDGFRA Extracellular Domain Mutants R-HSA-9673770	11	440	33010	0		1.0	1.0
Reactome	hypomethylated	Signaling By RNF43 Mutants R-HSA-5340588	7	440	33010	0		1.0	1.0
Reactome	hypomethylated	Signaling By SCF-KIT R-HSA-1433557	41	440	33010	0		1.0	1.0
Reactome	hypomethylated	Signaling By TGF-beta Receptor Complex In Cancer R-HSA-3304351	8	440	33010	0		1.0	1.0
Reactome	hypomethylated	Signaling By Type 1 Insulin-like Growth Factor 1 Receptor (IGF1R) R-HSA-2404192	50	440	33010	0		1.0	1.0
Reactome	hypomethylated	Signaling By WNT In Cancer R-HSA-4791275	31	440	33010	0		1.0	1.0
Reactome	hypomethylated	Signaling By Activated Point Mutants Of FGFR1 R-HSA-1839122	10	440	33010	0		1.0	1.0
Reactome	hypomethylated	Signaling To ERKs R-HSA-187687	33	440	33010	0		1.0	1.0
Reactome	hypomethylated	Signaling To RAS R-HSA-167044	19	440	33010	0		1.0	1.0
Reactome	hypomethylated	Signaling To P38 Via RIT And RIN R-HSA-187706	5	440	33010	0		1.0	1.0
Reactome	hypomethylated	Small Interfering RNA (siRNA) Biogenesis R-HSA-426486	9	440	33010	0		1.0	1.0
Reactome	hypomethylated	Smooth Muscle Contraction R-HSA-445355	42	440	33010	0		1.0	1.0
Reactome	hypomethylated	Sodium-coupled Phosphate Cotransporters R-HSA-427652	5	440	33010	0		1.0	1.0
Reactome	hypomethylated	Sodium-coupled Sulphate, Di- And Tri-Carboxylate Transporters R-HSA-433137	5	440	33010	0		1.0	1.0
Reactome	hypomethylated	Sodium/Calcium Exchangers R-HSA-425561	10	440	33010	0		1.0	1.0
Reactome	hypomethylated	Sodium/Proton Exchangers R-HSA-425986	7	440	33010	0		1.0	1.0
Reactome	hypomethylated	Spry Regulation Of FGF Signaling R-HSA-1295596	16	440	33010	0		1.0	1.0
Reactome	hypomethylated	Striated Muscle Contraction R-HSA-390522	32	440	33010	0		1.0	1.0
Reactome	hypomethylated	Sulfide Oxidation To Sulfate R-HSA-1614517	5	440	33010	0		1.0	1.0
Reactome	hypomethylated	Sulfur Amino Acid Metabolism R-HSA-1614635	25	440	33010	0		1.0	1.0
Reactome	hypomethylated	Suppression Of Apoptosis R-HSA-9635465	6	440	33010	0		1.0	1.0
Reactome	hypomethylated	Suppression Of Phagosomal Maturation R-HSA-9637687	13	440	33010	0		1.0	1.0
Reactome	hypomethylated	Surfactant Metabolism R-HSA-5683826	26	440	33010	0		1.0	1.0
Reactome	hypomethylated	Syndecan Interactions R-HSA-3000170	18	440	33010	0		1.0	1.0
Reactome	hypomethylated	Synthesis Of (16-20)-Hydroxyeicosatetraenoic Acids (HETE) R-HSA-2142816	9	440	33010	0		1.0	1.0
Reactome	hypomethylated	Synthesis Of 12-Eicosatetraenoic Acid Derivatives R-HSA-2142712	7	440	33010	0		1.0	1.0
Reactome	hypomethylated	Synthesis Of 15-Eicosatetraenoic Acid Derivatives R-HSA-2142770	6	440	33010	0		1.0	1.0
Reactome	hypomethylated	Synthesis Of 5-Eicosatetraenoic Acids R-HSA-2142688	9	440	33010	0		1.0	1.0
Reactome	hypomethylated	Synthesis Of Dolichyl-phosphate R-HSA-446199	6	440	33010	0		1.0	1.0
Reactome	hypomethylated	Synthesis Of GDP-mannose R-HSA-446205	5	440	33010	0		1.0	1.0
Reactome	hypomethylated	Synthesis Of IP2, IP, And Ins In Cytosol R-HSA-1855183	13	440	33010	0		1.0	1.0
Reactome	hypomethylated	Synthesis Of Ketone Bodies R-HSA-77111	8	440	33010	0		1.0	1.0
Reactome	hypomethylated	Synthesis Of Leukotrienes (LT) And Eoxins (EX) R-HSA-2142691	20	440	33010	0		1.0	1.0
Reactome	hypomethylated	Synthesis Of Lipoxins (LX) R-HSA-2142700	6	440	33010	0		1.0	1.0
Reactome	hypomethylated	Synthesis Of PA R-HSA-1483166	38	440	33010	0		1.0	1.0
Reactome	hypomethylated	Synthesis Of PC R-HSA-1483191	26	440	33010	0		1.0	1.0
Reactome	hypomethylated	Synthesis Of PE R-HSA-1483213	13	440	33010	0		1.0	1.0
Reactome	hypomethylated	Synthesis Of PG R-HSA-1483148	8	440	33010	0		1.0	1.0
Reactome	hypomethylated	Synthesis Of PI R-HSA-1483226	5	440	33010	0		1.0	1.0
Reactome	hypomethylated	Synthesis Of PIPs At ER Membrane R-HSA-1483248	5	440	33010	0		1.0	1.0
Reactome	hypomethylated	Synthesis Of PIPs At Golgi Membrane R-HSA-1660514	16	440	33010	0		1.0	1.0
Reactome	hypomethylated	Synthesis Of PIPs At Early Endosome Membrane R-HSA-1660516	15	440	33010	0		1.0	1.0
Reactome	hypomethylated	Synthesis Of PIPs At Late Endosome Membrane R-HSA-1660517	10	440	33010	0		1.0	1.0
Reactome	hypomethylated	Synthesis Of PIPs At Plasma Membrane R-HSA-1660499	47	440	33010	0		1.0	1.0
Reactome	hypomethylated	Synthesis Of Prostaglandins (PG) And Thromboxanes (TX) R-HSA-2162123	15	440	33010	0		1.0	1.0
Reactome	hypomethylated	Synthesis Of UDP-N-acetyl-glucosamine R-HSA-446210	7	440	33010	0		1.0	1.0
Reactome	hypomethylated	Synthesis Of Active Ubiquitin: Roles Of E1 And E2 Enzymes R-HSA-8866652	27	440	33010	0		1.0	1.0
Reactome	hypomethylated	Synthesis Of Bile Acids And Bile Salts R-HSA-192105	34	440	33010	0		1.0	1.0
Reactome	hypomethylated	Synthesis Of Bile Acids And Bile Salts Via 24-Hydroxycholesterol R-HSA-193775	14	440	33010	0		1.0	1.0
Reactome	hypomethylated	Synthesis Of Bile Acids And Bile Salts Via 27-Hydroxycholesterol R-HSA-193807	15	440	33010	0		1.0	1.0
Reactome	hypomethylated	Synthesis Of Bile Acids And Bile Salts Via 7Alpha-Hydroxycholesterol R-HSA-193368	24	440	33010	0		1.0	1.0
Reactome	hypomethylated	Synthesis Of diphthamide-EEF2 R-HSA-5358493	8	440	33010	0		1.0	1.0
Reactome	hypomethylated	Synthesis Of Epoxy (EET) And Dihydroxyeicosatrienoic Acids (DHET) R-HSA-2142670	8	440	33010	0		1.0	1.0
Reactome	hypomethylated	Synthesis Of Pyrophosphates In Cytosol R-HSA-1855167	8	440	33010	0		1.0	1.0
Reactome	hypomethylated	Synthesis Of Substrates In N-glycan Biosythesis R-HSA-446219	62	440	33010	0		1.0	1.0
Reactome	hypomethylated	Synthesis Of Very Long-Chain Fatty acyl-CoAs R-HSA-75876	23	440	33010	0		1.0	1.0
Reactome	hypomethylated	Synthesis Of Wybutosine At G37 Of tRNA(Phe) R-HSA-6782861	6	440	33010	0		1.0	1.0
Reactome	hypomethylated	Synthesis, Secretion, And Deacylation Of Ghrelin R-HSA-422085	18	440	33010	0		1.0	1.0
Reactome	hypomethylated	Synthesis, Secretion, And Inactivation Of Glucagon-like Peptide-1 (GLP-1) R-HSA-381771	20	440	33010	0		1.0	1.0
Reactome	hypomethylated	Synthesis, Secretion, And Inactivation Of Glucose-dependent Insulinotropic Polypeptide (GIP) R-HSA-400511	12	440	33010	0		1.0	1.0
Reactome	hypomethylated	TFAP2 (AP-2) Family Regulates Transcription Of Cell Cycle Factors R-HSA-8866911	5	440	33010	0		1.0	1.0
Reactome	hypomethylated	TFAP2 (AP-2) Family Regulates Transcription Of Growth Factors And Their Receptors R-HSA-8866910	12	440	33010	0		1.0	1.0
Reactome	hypomethylated	TFAP2A Acts As A Transcriptional Repressor During Retinoic Acid Induced Cell Differentiation R-HSA-8869496	5	440	33010	0		1.0	1.0
Reactome	hypomethylated	TGF-beta Receptor Signaling In EMT (Epithelial To Mesenchymal Transition) R-HSA-2173791	16	440	33010	0		1.0	1.0
Reactome	hypomethylated	TICAM1, RIP1-mediated IKK Complex Recruitment R-HSA-168927	18	440	33010	0		1.0	1.0
Reactome	hypomethylated	TICAM1,TRAF6-dependent Induction Of TAK1 Complex R-HSA-9014325	10	440	33010	0		1.0	1.0
Reactome	hypomethylated	TICAM1-dependent Activation Of IRF3/IRF7 R-HSA-9013973	12	440	33010	0		1.0	1.0
Reactome	hypomethylated	TNF Receptor Superfamily (TNFSF) Members Mediating Non-Canonical NF-kB Pathway R-HSA-5676594	16	440	33010	0		1.0	1.0
Reactome	hypomethylated	TNFR1-induced NFkappaB Signaling Pathway R-HSA-5357956	23	440	33010	0		1.0	1.0
Reactome	hypomethylated	TNFR1-mediated Ceramide Production R-HSA-5626978	6	440	33010	0		1.0	1.0
Reactome	hypomethylated	TNFR2 Non-Canonical NF-kB Pathway R-HSA-5668541	95	440	33010	0		1.0	1.0
Reactome	hypomethylated	TNFs Bind Their Physiological Receptors R-HSA-5669034	26	440	33010	0		1.0	1.0
Reactome	hypomethylated	TP53 Regulates Transcription Of Caspase Activators And Caspases R-HSA-6803207	12	440	33010	0		1.0	1.0
Reactome	hypomethylated	TP53 Regulates Transcription Of Cell Cycle Genes R-HSA-6791312	49	440	33010	0		1.0	1.0
Reactome	hypomethylated	TP53 Regulates Transcription Of Genes Involved In Cytochrome C Release R-HSA-6803204	20	440	33010	0		1.0	1.0
Reactome	hypomethylated	TP53 Regulates Transcription Of Genes Involved In G1 Cell Cycle Arrest R-HSA-6804116	14	440	33010	0		1.0	1.0
Reactome	hypomethylated	TP53 Regulates Transcription Of Genes Involved In G2 Cell Cycle Arrest R-HSA-6804114	18	440	33010	0		1.0	1.0
Reactome	hypomethylated	TP53 Regulates Transcription Of Additional Cell Cycle Genes With Uncertain Roles In P53 Pathway R-HSA-6804115	21	440	33010	0		1.0	1.0
Reactome	hypomethylated	TRAF3-dependent IRF Activation Pathway R-HSA-918233	13	440	33010	0		1.0	1.0
Reactome	hypomethylated	TRAF6 Mediated IRF7 Activation R-HSA-933541	16	440	33010	0		1.0	1.0
Reactome	hypomethylated	TRAF6 Mediated IRF7 Activation In TLR7/8 Or 9 Signaling R-HSA-975110	7	440	33010	0		1.0	1.0
Reactome	hypomethylated	TRAF6 Mediated NF-kB Activation R-HSA-933542	23	440	33010	0		1.0	1.0
Reactome	hypomethylated	TRAF6-mediated Induction Of TAK1 Complex Within TLR4 Complex R-HSA-937072	15	440	33010	0		1.0	1.0
Reactome	hypomethylated	TRP Channels R-HSA-3295583	24	440	33010	0		1.0	1.0
Reactome	hypomethylated	TYSND1 Cleaves Peroxisomal Proteins R-HSA-9033500	7	440	33010	0		1.0	1.0
Reactome	hypomethylated	Tachykinin Receptors Bind Tachykinins R-HSA-380095	5	440	33010	0		1.0	1.0
Reactome	hypomethylated	Tandem Pore Domain Potassium Channels R-HSA-1296346	12	440	33010	0		1.0	1.0
Reactome	hypomethylated	Telomere C-strand (Lagging Strand) Synthesis R-HSA-174417	32	440	33010	0		1.0	1.0
Reactome	hypomethylated	Telomere C-strand Synthesis Initiation R-HSA-174430	11	440	33010	0		1.0	1.0
Reactome	hypomethylated	Telomere Extension By Telomerase R-HSA-171319	22	440	33010	0		1.0	1.0
Reactome	hypomethylated	Telomere Maintenance R-HSA-157579	85	440	33010	0		1.0	1.0
Reactome	hypomethylated	Terminal Pathway Of Complement R-HSA-166665	7	440	33010	0		1.0	1.0
Reactome	hypomethylated	Termination Of O-glycan Biosynthesis R-HSA-977068	24	440	33010	0		1.0	1.0
Reactome	hypomethylated	Termination Of Translesion DNA Synthesis R-HSA-5656169	32	440	33010	0		1.0	1.0
Reactome	hypomethylated	Tetrahydrobiopterin (BH4) Synthesis, Recycling, Salvage And Regulation R-HSA-1474151	10	440	33010	0		1.0	1.0
Reactome	hypomethylated	NLRP3 Inflammasome R-HSA-844456	16	440	33010	0		1.0	1.0
Reactome	hypomethylated	Activation Of Arylsulfatases R-HSA-1663150	8	440	33010	0		1.0	1.0
Reactome	hypomethylated	Canonical Retinoid Cycle In Rods (Twilight Vision) R-HSA-2453902	23	440	33010	0		1.0	1.0
Reactome	hypomethylated	Fatty Acid Cycling Model R-HSA-167826	4	440	33010	0		1.0	1.0
Reactome	hypomethylated	Retinoid Cycle In Cones (Daylight Vision) R-HSA-2187335	4	440	33010	0		1.0	1.0
Reactome	hypomethylated	Role Of GTSE1 In G2/M Progression After G2 Checkpoint R-HSA-8852276	58	440	33010	0		1.0	1.0
Reactome	hypomethylated	Role Of Nef In HIV-1 Replication And Disease Pathogenesis R-HSA-164952	26	440	33010	0		1.0	1.0
Reactome	hypomethylated	Thrombin Signaling Thru Proteinase Activated Receptors (PARs) R-HSA-456926	32	440	33010	0		1.0	1.0
Reactome	hypomethylated	Thromboxane Signaling Thru TP Receptor R-HSA-428930	24	440	33010	0		1.0	1.0
Reactome	hypomethylated	Thyroxine Biosynthesis R-HSA-209968	10	440	33010	0		1.0	1.0
Reactome	hypomethylated	Tie2 Signaling R-HSA-210993	17	440	33010	0		1.0	1.0
Reactome	hypomethylated	Toxicity Of Botulinum Toxin Type D (botD) R-HSA-5250955	5	440	33010	0		1.0	1.0
Reactome	hypomethylated	Toxicity Of Botulinum Toxin Type F (botF) R-HSA-5250981	5	440	33010	0		1.0	1.0
Reactome	hypomethylated	Trafficking And Processing Of Endosomal TLR R-HSA-1679131	11	440	33010	0		1.0	1.0
Reactome	hypomethylated	Transcription Of E2F Targets Under Negative Control By DREAM Complex R-HSA-1362277	19	440	33010	0		1.0	1.0
Reactome	hypomethylated	Transcription Of E2F Targets Under Negative Control By P107 (RBL1) And P130 (RBL2) In Complex With HDAC1 R-HSA-1362300	16	440	33010	0		1.0	1.0
Reactome	hypomethylated	Transcription Of HIV Genome R-HSA-167172	65	440	33010	0		1.0	1.0
Reactome	hypomethylated	Transcriptional Regulation By E2F6 R-HSA-8953750	32	440	33010	0		1.0	1.0
Reactome	hypomethylated	Transcriptional Regulation Of Testis Differentiation R-HSA-9690406	12	440	33010	0		1.0	1.0
Reactome	hypomethylated	Transferrin Endocytosis And Recycling R-HSA-917977	30	440	33010	0		1.0	1.0
Reactome	hypomethylated	Translation Of Replicase And Assembly Of Replication Transcription Complex R-HSA-9679504	12	440	33010	0		1.0	1.0
Reactome	hypomethylated	Translesion Synthesis By POLH R-HSA-110320	19	440	33010	0		1.0	1.0
Reactome	hypomethylated	Translesion Synthesis By POLI R-HSA-5656121	17	440	33010	0		1.0	1.0
Reactome	hypomethylated	Translesion Synthesis By POLK R-HSA-5655862	17	440	33010	0		1.0	1.0
Reactome	hypomethylated	Translesion Synthesis By REV1 R-HSA-110312	16	440	33010	0		1.0	1.0
Reactome	hypomethylated	Translesion Synthesis By Y Family DNA Polymerases Bypasses Lesions On DNA Template R-HSA-110313	39	440	33010	0		1.0	1.0
Reactome	hypomethylated	Transport And Synthesis Of PAPS R-HSA-174362	6	440	33010	0		1.0	1.0
Reactome	hypomethylated	Transport Of RCbl Within Body R-HSA-9758890	8	440	33010	0		1.0	1.0
Reactome	hypomethylated	Transport Of Fatty Acids R-HSA-804914	8	440	33010	0		1.0	1.0
Reactome	hypomethylated	Transport Of Gamma-Carboxylated Protein Precursors From Endoplasmic Reticulum To Golgi Apparatus R-HSA-159763	7	440	33010	0		1.0	1.0
Reactome	hypomethylated	Transport Of Inorganic Cations/Anions And Amino Acids/Oligopeptides R-HSA-425393	100	440	33010	0		1.0	1.0
Reactome	hypomethylated	Transport Of Nucleosides And Free Purine And Pyrimidine Bases Across Plasma Membrane R-HSA-83936	10	440	33010	0		1.0	1.0
Reactome	hypomethylated	Transport Of Nucleotide Sugars R-HSA-727802	8	440	33010	0		1.0	1.0
Reactome	hypomethylated	Triglyceride Biosynthesis R-HSA-75109	11	440	33010	0		1.0	1.0
Reactome	hypomethylated	Triglyceride Catabolism R-HSA-163560	21	440	33010	0		1.0	1.0
Reactome	hypomethylated	Triglyceride Metabolism R-HSA-8979227	32	440	33010	0		1.0	1.0
Reactome	hypomethylated	Tristetraprolin (TTP, ZFP36) Binds And Destabilizes mRNA R-HSA-450513	17	440	33010	0		1.0	1.0
Reactome	hypomethylated	Tryptophan Catabolism R-HSA-71240	14	440	33010	0		1.0	1.0
Reactome	hypomethylated	Type I Hemidesmosome Assembly R-HSA-446107	9	440	33010	0		1.0	1.0
Reactome	hypomethylated	Tyrosine Catabolism R-HSA-8963684	5	440	33010	0		1.0	1.0
Reactome	hypomethylated	UCH Proteinases R-HSA-5689603	90	440	33010	0		1.0	1.0
Reactome	hypomethylated	Ub-specific Processing Proteases R-HSA-5689880	171	440	33010	0		1.0	1.0
Reactome	hypomethylated	Ubiquitin Mediated Degradation Of Phosphorylated Cdc25A R-HSA-69601	50	440	33010	0		1.0	1.0
Reactome	hypomethylated	Ubiquitin-dependent Degradation Of Cyclin D R-HSA-75815	50	440	33010	0		1.0	1.0
Reactome	hypomethylated	Unfolded Protein Response (UPR) R-HSA-381119	85	440	33010	0		1.0	1.0
Reactome	hypomethylated	Unwinding Of DNA R-HSA-176974	11	440	33010	0		1.0	1.0
Reactome	hypomethylated	Uptake And Function Of Anthrax Toxins R-HSA-5210891	11	440	33010	0		1.0	1.0
Reactome	hypomethylated	Uptake And Function Of Diphtheria Toxin R-HSA-5336415	6	440	33010	0		1.0	1.0
Reactome	hypomethylated	Uptake Of Dietary Cobalamins Into Enterocytes R-HSA-9758881	10	440	33010	0		1.0	1.0
Reactome	hypomethylated	Urea Cycle R-HSA-70635	8	440	33010	0		1.0	1.0
Reactome	hypomethylated	VEGF Binds To VEGFR Leading To Receptor Dimerization R-HSA-195399	7	440	33010	0		1.0	1.0
Reactome	hypomethylated	VEGFR2 Mediated Cell Proliferation R-HSA-5218921	18	440	33010	0		1.0	1.0
Reactome	hypomethylated	VLDL Clearance R-HSA-8964046	5	440	33010	0		1.0	1.0
Reactome	hypomethylated	VLDLR Internalisation And Degradation R-HSA-8866427	16	440	33010	0		1.0	1.0
Reactome	hypomethylated	Vasopressin-like Receptors R-HSA-388479	5	440	33010	0		1.0	1.0
Reactome	hypomethylated	Vif-mediated Degradation Of APOBEC3G R-HSA-180585	52	440	33010	0		1.0	1.0
Reactome	hypomethylated	Virus Assembly And Release R-HSA-168268	5	440	33010	0		1.0	1.0
Reactome	hypomethylated	Vitamin B1 (Thiamin) Metabolism R-HSA-196819	5	440	33010	0		1.0	1.0
Reactome	hypomethylated	Vitamin B2 (Riboflavin) Metabolism R-HSA-196843	7	440	33010	0		1.0	1.0
Reactome	hypomethylated	Vitamin B5 (Pantothenate) Metabolism R-HSA-199220	16	440	33010	0		1.0	1.0
Reactome	hypomethylated	Vitamin C (Ascorbate) Metabolism R-HSA-196836	7	440	33010	0		1.0	1.0
Reactome	hypomethylated	Vitamin D (Calciferol) Metabolism R-HSA-196791	12	440	33010	0		1.0	1.0
Reactome	hypomethylated	Vitamins R-HSA-211916	6	440	33010	0		1.0	1.0
Reactome	hypomethylated	Vpu Mediated Degradation Of CD4 R-HSA-180534	50	440	33010	0		1.0	1.0
Reactome	hypomethylated	VxPx Cargo-Targeting To Cilium R-HSA-5620916	20	440	33010	0		1.0	1.0
Reactome	hypomethylated	WNT Mediated Activation Of DVL R-HSA-201688	6	440	33010	0		1.0	1.0
Reactome	hypomethylated	WNT5A-dependent Internalization Of FZD2, FZD5 And ROR2 R-HSA-5140745	11	440	33010	0		1.0	1.0
Reactome	hypomethylated	WNT5A-dependent Internalization Of FZD4 R-HSA-5099900	15	440	33010	0		1.0	1.0
Reactome	hypomethylated	Wax And Plasmalogen Biosynthesis R-HSA-8848584	5	440	33010	0		1.0	1.0
Reactome	hypomethylated	XBP1(S) Activates Chaperone Genes R-HSA-381038	45	440	33010	0		1.0	1.0
Reactome	hypomethylated	Xenobiotics R-HSA-211981	20	440	33010	0		1.0	1.0
Reactome	hypomethylated	YAP1- And WWTR1 (TAZ)-stimulated Gene Expression R-HSA-2032785	15	440	33010	0		1.0	1.0
Reactome	hypomethylated	Zinc Efflux And Compartmentalization By SLC30 Family R-HSA-435368	7	440	33010	0		1.0	1.0
Reactome	hypomethylated	Zinc Influx Into Cells By SLC39 Gene Family R-HSA-442380	10	440	33010	0		1.0	1.0
Reactome	hypomethylated	Zinc Transporters R-HSA-435354	17	440	33010	0		1.0	1.0
Reactome	hypomethylated	Activated TAK1 Mediates P38 MAPK Activation R-HSA-450302	16	440	33010	0		1.0	1.0
Reactome	hypomethylated	Alpha-Linolenic (Omega3) And Linoleic (Omega6) Acid Metabolism R-HSA-2046104	12	440	33010	0		1.0	1.0
Reactome	hypomethylated	eNOS Activation R-HSA-203615	11	440	33010	0		1.0	1.0
Reactome	hypomethylated	mRNA Capping R-HSA-72086	28	440	33010	0		1.0	1.0
Reactome	hypomethylated	mRNA Editing R-HSA-75072	8	440	33010	0		1.0	1.0
Reactome	hypomethylated	mRNA Decay By 3 To 5 Exoribonuclease R-HSA-429958	13	440	33010	0		1.0	1.0
Reactome	hypomethylated	mRNA Decay By 5 To 3 Exoribonuclease R-HSA-430039	15	440	33010	0		1.0	1.0
Reactome	hypomethylated	mTORC1-mediated Signaling R-HSA-166208	23	440	33010	0		1.0	1.0
Reactome	hypomethylated	Mitochondrial Fatty Acid Beta-Oxidation Of Saturated Fatty Acids R-HSA-77286	11	440	33010	0		1.0	1.0
Reactome	hypomethylated	Mitochondrial Fatty Acid Beta-Oxidation Of Unsaturated Fatty Acids R-HSA-77288	6	440	33010	0		1.0	1.0
Reactome	hypomethylated	p38MAPK Events R-HSA-171007	12	440	33010	0		1.0	1.0
Reactome	hypomethylated	p75NTR Negatively Regulates Cell Cycle Via SC1 R-HSA-193670	6	440	33010	0		1.0	1.0
Reactome	hypomethylated	p75NTR Recruits Signaling Complexes R-HSA-209543	12	440	33010	0		1.0	1.0
Reactome	hypomethylated	p75NTR Regulates Axonogenesis R-HSA-193697	8	440	33010	0		1.0	1.0
Reactome	hypomethylated	p75NTR Signals Via NF-kB R-HSA-193639	15	440	33010	0		1.0	1.0
Reactome	hypomethylated	rRNA Modification In Mitochondrion R-HSA-6793080	6	440	33010	0		1.0	1.0
Reactome	hypomethylated	rRNA Processing In Mitochondrion R-HSA-8868766	9	440	33010	0		1.0	1.0
Reactome	hypomethylated	tRNA Aminoacylation R-HSA-379724	42	440	33010	0		1.0	1.0
Reactome	hypomethylated	tRNA Modification In Mitochondrion R-HSA-6787450	8	440	33010	0		1.0	1.0
Reactome	hypomethylated	tRNA Modification In Nucleus And Cytosol R-HSA-6782315	40	440	33010	0		1.0	1.0
Reactome	hypomethylated	tRNA Processing In Mitochondrion R-HSA-6785470	4	440	33010	0		1.0	1.0
Reactome	hypomethylated	trans-Golgi Network Vesicle Budding R-HSA-199992	66	440	33010	0		1.0	1.0
Reactome	hypomethylated	vRNP Assembly R-HSA-192905	5	440	33010	0		1.0	1.0
