library	direction	term	n_genes	query_size	background_size	overlap_n	overlap_genes	p	adj_p
Reactome	combined	Protein-protein Interactions At Synapses R-HSA-6794362	79	688	33010	10	DLGAP1,DLGAP2,GRIA1,GRM1,LRRTM2,NRXN2,NRXN3,PPFIA3,SLITRK1,SYT1	5.725273379778211e-06	0.010408547004436787
Reactome	combined	Neurexins And Neuroligins R-HSA-6794361	53	688	33010	7	DLGAP1,DLGAP2,GRM1,LRRTM2,NRXN2,NRXN3,SYT1	0.00011112688579959278	0.10101433919182984
Reactome	combined	Regulation Of Gene Expression In Beta Cells R-HSA-210745	20	688	33010	4	FOXA2,NEUROD1,PAX6,PKLR	0.0006946872366303971	0.29830208695835214
Reactome	combined	Neuronal System R-HSA-112316	365	688	33010	18	ABCC9,CACNA2D2,CACNG8,DLGAP1,DLGAP2,GABRA1,GRIA1,GRM1,KCNC2,KCNQ4,LRRTM2,NRXN2,NRXN3,PPFIA3,PRKAR1B,SLC6A3,SLITRK1,SYT1	0.0007391579321326489	0.29830208695835214
Reactome	combined	Negative Regulation Of Activity Of TFAP2 (AP-2) Family Transcription Factors R-HSA-8866904	10	688	33010	3	TFAP2B,TFAP2D,WWOX	0.000969644530067596	0.29830208695835214
Reactome	combined	Regulation Of Beta-Cell Development R-HSA-186712	39	688	33010	5	FOXA2,MAML3,NEUROD1,PAX6,PKLR	0.001241702541907124	0.29830208695835214
Reactome	combined	GPCR Downstream Signaling R-HSA-388396	580	688	33010	24	AKAP13,CALCB,CPAMD8,GALR1,GHSR,GPR37L1,GRK5,GRM1,HTR1B,LPAR6,MCF2L,NPBWR1,NPY,PCDHA4,PCDHA6,PDE10A,PDE4C,PENK,PRKAR1B,SCT,SST,SSTR4,TAC1,TRH	0.0012871362345551246	0.29830208695835214
Reactome	combined	Activation Of TFAP2 (AP-2) Family Of Transcription Factors R-HSA-8866907	11	688	33010	3	TFAP2B,TFAP2D,WWOX	0.0013126604486616157	0.29830208695835214
Reactome	combined	GPCR Ligand Binding R-HSA-500792	429	688	33010	19	CALCB,CPAMD8,GALR1,GHSR,GPR37L1,GRM1,HTR1A,HTR1B,LPAR6,NPBWR1,NPY,PCDHA4,PCDHA6,PENK,SCT,SST,SSTR4,TAC1,TRH	0.0018687383860097329	0.3572856513663242
Reactome	combined	Class A/1 (Rhodopsin-like Receptors) R-HSA-373076	304	688	33010	15	GALR1,GHSR,GPR37L1,HTR1A,HTR1B,LPAR6,NPBWR1,NPY,PCDHA4,PCDHA6,PENK,SST,SSTR4,TAC1,TRH	0.0019652676092757103	0.3572856513663242
Reactome	combined	Signaling By GPCR R-HSA-372790	648	688	33010	25	AKAP13,CALCB,CPAMD8,GALR1,GHSR,GPR37L1,GRK5,GRM1,HTR1A,HTR1B,LPAR6,MCF2L,NPBWR1,NPY,PCDHA4,PCDHA6,PDE10A,PDE4C,PENK,PRKAR1B,SCT,SST,SSTR4,TAC1,TRH	0.0026409766985174055	0.4187333484889213
Reactome	combined	Phase 2 - Plateau Phase R-HSA-5576893	14	688	33010	3	CACNA2D2,CACNG7,CACNG8	0.0027639164916760483	0.4187333484889213
Reactome	combined	Phase 0 - Rapid Depolarisation R-HSA-5576892	31	688	33010	4	CACNA2D2,CACNG7,CACNG8,SCN1A	0.0037640006536425697	0.5263810144863225
Reactome	combined	Peptide Ligand-Binding Receptors R-HSA-375276	183	688	33010	10	GALR1,GHSR,GPR37L1,NPBWR1,NPY,PENK,SST,SSTR4,TAC1,TRH	0.005255506549125734	0.6824650647364703
Reactome	combined	Sensory Processing Of Sound By Inner Hair Cells Of Cochlea R-HSA-9662360	62	688	33010	5	CACNA2D2,CAPZB,EZR,KCNQ4,MYO3A	0.009442321621085742	1.0
Reactome	combined	Post-translational Modification: Synthesis Of GPI-anchored Proteins R-HSA-163125	89	688	33010	6	MDGA2,NRN1,NTM,OPCML,PIGB,RTN4RL1	0.010832776923488099	1.0
Reactome	combined	Folding Of Actin By CCT/TriC R-HSA-390450	9	688	33010	2	CCT5,CCT6A	0.014170257140682931	1.0
Reactome	combined	POU5F1 (OCT4), SOX2, NANOG Repress Genes Related To Differentiation R-HSA-2892245	9	688	33010	2	CDX2,EOMES	0.014170257140682931	1.0
Reactome	combined	Sensory Processing Of Sound R-HSA-9659379	70	688	33010	5	CACNA2D2,CAPZB,EZR,KCNQ4,MYO3A	0.015435759891683856	1.0
Reactome	combined	Formation Of Tubulin Folding Intermediates By CCT/TriC R-HSA-389960	26	688	33010	3	CCT5,CCT6A,TUBB2B	0.016409074938457936	1.0
Reactome	combined	Prefoldin Mediated Transfer Of Substrate To CCT/TriC R-HSA-389957	26	688	33010	3	CCT5,CCT6A,TUBB2B	0.016409074938457936	1.0
Reactome	combined	Serotonin Receptors R-HSA-390666	10	688	33010	2	HTR1A,HTR1B	0.017470410293336784	1.0
Reactome	combined	SUMOylation Of DNA Damage Response And Repair Proteins R-HSA-3108214	73	688	33010	5	CDKN2A,MDC1,NSMCE2,PARP1,PMEPA1	0.01821637875506955	1.0
Reactome	combined	SUMO E3 Ligases SUMOylate Target Proteins R-HSA-3108232	161	688	33010	8	CDKN2A,MDC1,NSMCE2,PARP1,PMEPA1,SATB2,TFAP2B,THRA	0.020024067131553226	1.0
Reactome	combined	G Alpha (I) Signaling Events R-HSA-418594	295	688	33010	12	GALR1,GPR37L1,HTR1B,NPBWR1,NPY,PCDHA4,PCDHA6,PDE4C,PENK,PRKAR1B,SST,SSTR4	0.021833837902765503	1.0
Reactome	combined	SUMOylation R-HSA-2990846	167	688	33010	8	CDKN2A,MDC1,NSMCE2,PARP1,PMEPA1,SATB2,TFAP2B,THRA	0.024286702231939464	1.0
Reactome	combined	Pyrimidine Catabolism R-HSA-73621	12	688	33010	2	DPYS,NT5E	0.024928585759452077	1.0
Reactome	combined	Cooperation Of Prefoldin And TriC/CCT In Actin And Tubulin Folding R-HSA-389958	31	688	33010	3	CCT5,CCT6A,TUBB2B	0.026284460643279512	1.0
Reactome	combined	Signal Transduction R-HSA-162582	2341	688	33010	62	AKAP13,ALDH1A3,APBB1IP,ATP6V1B1,BCL9,CALCB,CAPZB,CCT6A,CENPN,CFTR,CPAMD8,CTNNA1,CYP26A1,DLK1,DST,DZIP1,FGF5,FOXA1,GABRA1,GALR1,GATA3,GATAD2B,GHSR,GPR37L1,GRK5,GRM1,HTR1A,HTR1B,KLC1,LPAR6,MAML3,MCF2L,MMP9,NPBWR1,NPY,NR2E1,NTRK1,PARP1,PCDHA4,PCDHA6,PDE10A,PDE4C,PDE6B,PENK,PMEPA1,PRKAR1B,RARG,RASGEF1A,SCT,SEL1L,SKI,SPRY2,SST,SSTR4,TAC1,TAOK3,TBL1XR1,TMPO,TNFRSF10A,TRH,WWOX,ZNF217	0.031470906600769635	1.0
Reactome	combined	Transcriptional Regulation By AP-2 (TFAP2) Family Of Transcription Factors R-HSA-8864260	34	688	33010	3	TFAP2B,TFAP2D,WWOX	0.033432526732705616	1.0
Reactome	combined	Gap Junction Assembly R-HSA-190861	15	688	33010	2	GJA3,GJB2	0.03806440960661758	1.0
Reactome	combined	G Alpha (S) Signaling Events R-HSA-418555	150	688	33010	7	CALCB,CPAMD8,GRK5,PDE10A,PDE4C,PRKAR1B,SCT	0.03820593744651756	1.0
Reactome	combined	Factors Involved In Megakaryocyte Development And Platelet Production R-HSA-983231	120	688	33010	6	CAPZB,GATA3,HBE1,HBG2,KLC1,PRKAR1B	0.040039677996403976	1.0
Reactome	combined	Receptor-type Tyrosine-Protein Phosphatases R-HSA-388844	16	688	33010	2	PPFIA3,SLITRK1	0.04291326617797359	1.0
Reactome	combined	Signaling By Retinoic Acid R-HSA-5362517	39	688	33010	3	ALDH1A3,CYP26A1,RARG	0.047342084289988685	1.0
Reactome	combined	Acetylcholine Neurotransmitter Release Cycle R-HSA-264642	17	688	33010	2	PPFIA3,SYT1	0.047977843029760665	1.0
Reactome	combined	Gastrulation R-HSA-9758941	17	688	33010	2	EOMES,TBXT	0.047977843029760665	1.0
Reactome	combined	Norepinephrine Neurotransmitter Release Cycle R-HSA-181430	17	688	33010	2	PPFIA3,SYT1	0.047977843029760665	1.0
Reactome	combined	Serotonin Neurotransmitter Release Cycle R-HSA-181429	17	688	33010	2	PPFIA3,SYT1	0.047977843029760665	1.0
Reactome	combined	Na+/Cl- Dependent Neurotransmitter Transporters R-HSA-442660	18	688	33010	2	SLC6A3,SLC6A5	0.05324707027864988	1.0
Reactome	combined	Generic Transcription Pathway R-HSA-212436	1141	688	33010	32	ANAPC1,CDKN2A,GATA3,GATAD2B,MAML3,MDC1,NPY,NR2E1,PARP1,PAX5,POU4F2,RARG,RB1,RBFOX1,SATB2,SKI,SST,TAL1,TBL1XR1,TFAP2B,TFAP2D,THRA,TNFRSF10A,WWOX,ZNF154,ZNF184,ZNF274,ZNF551,ZNF560,ZNF671,ZNF709,ZNF729	0.056550459502681075	1.0
Reactome	combined	SUMOylation Of Transcription Factors R-HSA-3232118	19	688	33010	2	CDKN2A,TFAP2B	0.05871024459371923	1.0
Reactome	combined	Aberrant Regulation Of Mitotic Exit In Cancer Due To RB1 Defects R-HSA-9687136	20	688	33010	2	ANAPC1,RB1	0.06435701876229387	1.0
Reactome	combined	Synthesis, Secretion, And Inactivation Of Glucagon-like Peptide-1 (GLP-1) R-HSA-381771	20	688	33010	2	CDX2,PAX6	0.06435701876229387	1.0
Reactome	combined	Dopamine Neurotransmitter Release Cycle R-HSA-212676	21	688	33010	2	PPFIA3,SYT1	0.07017739153048945	1.0
Reactome	combined	RUNX2 Regulates Osteoblast Differentiation R-HSA-8940973	21	688	33010	2	RB1,SATB2	0.07017739153048945	1.0
Reactome	combined	RNA Polymerase II Transcription R-HSA-73857	1257	688	33010	34	ANAPC1,CDKN2A,GATA3,GATAD2B,MAML3,MDC1,MLLT1,NPY,NR2E1,PARP1,PAX5,POU4F2,RARG,RB1,RBFOX1,SATB2,SKI,SRSF7,SST,TAL1,TBL1XR1,TFAP2B,TFAP2D,THRA,TNFRSF10A,WWOX,ZNF154,ZNF184,ZNF274,ZNF551,ZNF560,ZNF671,ZNF709,ZNF729	0.07484222520245877	1.0
Reactome	combined	RA Biosynthesis Pathway R-HSA-5365859	22	688	33010	2	ALDH1A3,CYP26A1	0.07616169771156721	1.0
Reactome	combined	Signaling By Nuclear Receptors R-HSA-9006931	248	688	33010	9	ALDH1A3,CYP26A1,FOXA1,GATA3,MMP9,PMEPA1,RARG,TBL1XR1,ZNF217	0.07676821441481342	1.0
Reactome	combined	Gene Expression (Transcription) R-HSA-74160	1390	688	33010	37	ANAPC1,CDKN2A,GATA3,GATAD2B,HENMT1,JARID2,MAML3,MDC1,MLLT1,NPY,NR2E1,PARP1,PAX5,POU4F2,RARG,RB1,RBFOX1,SATB2,SKI,SRSF7,SST,TAF1D,TAL1,TBL1XR1,TFAP2B,TFAP2D,THRA,TNFRSF10A,WWOX,ZNF154,ZNF184,ZNF274,ZNF551,ZNF560,ZNF671,ZNF709,ZNF729	0.07803262771449623	1.0
Reactome	combined	MECP2 Regulates Transcription Factors R-HSA-9022707	4	688	33010	1	RBFOX1	0.08080188303309475	1.0
Reactome	combined	Reelin Signaling Pathway R-HSA-8866376	4	688	33010	1	DNAAF3	0.08080188303309475	1.0
Reactome	combined	Aggrephagy R-HSA-9646399	23	688	33010	2	CFTR,HSF1	0.0823005985553745	1.0
Reactome	combined	Glutamate Neurotransmitter Release Cycle R-HSA-210500	23	688	33010	2	PPFIA3,SYT1	0.0823005985553745	1.0
Reactome	combined	Incretin Synthesis, Secretion, And Inactivation R-HSA-400508	23	688	33010	2	CDX2,PAX6	0.0823005985553745	1.0
Reactome	combined	Sensory Processing Of Sound By Outer Hair Cells Of Cochlea R-HSA-9662361	50	688	33010	3	EZR,KCNQ4,MYO3A	0.08611676353396296	1.0
Reactome	combined	DARPP-32 Events R-HSA-180024	24	688	33010	2	PDE4C,PRKAR1B	0.08858507237231036	1.0
Reactome	combined	Gap Junction Trafficking R-HSA-190828	24	688	33010	2	GJA3,GJB2	0.08858507237231036	1.0
Reactome	combined	Notch-HLH Transcription Pathway R-HSA-350054	24	688	33010	2	MAML3,TBL1XR1	0.08858507237231036	1.0
Reactome	combined	Cell Junction Organization R-HSA-446728	81	688	33010	4	CDH9,CLDN4,CTNNA1,DST	0.08913385842472367	1.0
Reactome	combined	Nuclear Receptor Transcription Pathway R-HSA-383280	51	688	33010	3	NR2E1,RARG,THRA	0.0901496660189001	1.0
Reactome	combined	Activation Of HOX Genes During Differentiation R-HSA-5619507	84	688	33010	4	HOXA2,HOXC4,PAX6,RARG	0.09861909973474713	1.0
Reactome	combined	Biosynthesis Of E-series 18(S)-resolvins R-HSA-9018896	5	688	33010	1	ALOX5	0.09996228733756156	1.0
Reactome	combined	Conjugation Of Benzoate With Glycine R-HSA-177135	5	688	33010	1	GLYATL1	0.09996228733756156	1.0
Reactome	combined	Loss Of MECP2 Binding Ability To NCoR/SMRT Complex R-HSA-9022537	5	688	33010	1	TBL1XR1	0.09996228733756156	1.0
Reactome	combined	NGF-independant TRKA Activation R-HSA-187024	5	688	33010	1	NTRK1	0.09996228733756156	1.0
Reactome	combined	Regulation Of Gene Expression In Endocrine-Committed (NEUROG3+) Progenitor Cells R-HSA-210746	5	688	33010	1	NEUROD1	0.09996228733756156	1.0
Reactome	combined	SARS-CoV-1 Genome Replication And Transcription R-HSA-9679514	5	688	33010	1	RB1	0.09996228733756156	1.0
Reactome	combined	SARS-CoV-2 Genome Replication And Transcription R-HSA-9694682	5	688	33010	1	RB1	0.09996228733756156	1.0
Reactome	combined	Signaling To P38 Via RIT And RIN R-HSA-187706	5	688	33010	1	NTRK1	0.09996228733756156	1.0
Reactome	combined	Sodium-coupled Sulphate, Di- And Tri-Carboxylate Transporters R-HSA-433137	5	688	33010	1	SLC13A5	0.09996228733756156	1.0
Reactome	combined	Tachykinin Receptors Bind Tachykinins R-HSA-380095	5	688	33010	1	TAC1	0.09996228733756156	1.0
Reactome	combined	Gap Junction Trafficking And Regulation R-HSA-157858	26	688	33010	2	GJA3,GJB2	0.10155618294432663	1.0
Reactome	combined	Cell Surface Interactions At Vascular Wall R-HSA-202733	120	688	33010	5	CD44,CD58,CXADR,SELENOP,TNFRSF10A	0.10647392903622345	1.0
Reactome	combined	Negative Regulation Of FGFR3 Signaling R-HSA-5654732	27	688	33010	2	FGF5,SPRY2	0.10822628067504109	1.0
Reactome	combined	Cardiac Conduction R-HSA-5576891	121	688	33010	5	ABCC9,CACNA2D2,CACNG7,CACNG8,SCN1A	0.10927800941287023	1.0
Reactome	combined	Assembly Of Collagen Fibrils And Other Multimeric Structures R-HSA-2022090	56	688	33010	3	COL11A1,DST,MMP9	0.11143829920066245	1.0
Reactome	combined	Developmental Biology R-HSA-1266738	1008	688	33010	27	CACNG8,CDX2,CTNNA1,DNAAF3,EOMES,EPHA10,EZR,FOXA2,GFI1,HOXA2,HOXC4,KRTAP12-3,LHX9,MAML3,MMP9,NEUROD1,PAX6,PKLR,RARG,RPL23,RPS2,SCN1A,SEMA4A,TAL1,TBL1XR1,TBXT,WT1	0.11199342887704782	1.0
Reactome	combined	Adherens Junctions Interactions R-HSA-418990	28	688	33010	2	CDH9,CTNNA1	0.11500885625947946	1.0
Reactome	combined	RUNX2 Regulates Bone Development R-HSA-8941326	28	688	33010	2	RB1,SATB2	0.11500885625947946	1.0
Reactome	combined	Transcriptional Regulation Of Pluripotent Stem Cells R-HSA-452723	28	688	33010	2	CDX2,EOMES	0.11500885625947946	1.0
Reactome	combined	Transmission Across Chemical Synapses R-HSA-112315	233	688	33010	8	CACNA2D2,CACNG8,GABRA1,GRIA1,PPFIA3,PRKAR1B,SLC6A3,SYT1	0.11581442668116085	1.0
Reactome	combined	Transcriptional Regulation By MECP2 R-HSA-8986944	57	688	33010	3	RBFOX1,SST,TBL1XR1	0.11590792090262562	1.0
Reactome	combined	Activation Of TRKA Receptors R-HSA-187015	6	688	33010	1	NTRK1	0.11872386728944027	1.0
Reactome	combined	Biosynthesis Of EPA-derived SPMs R-HSA-9018679	6	688	33010	1	ALOX5	0.11872386728944027	1.0
Reactome	combined	Conjugation Of Salicylate With Glycine R-HSA-177128	6	688	33010	1	GLYATL1	0.11872386728944027	1.0
Reactome	combined	FLT3 Signaling Thru SRC Family Kinases R-HSA-9706374	6	688	33010	1	HCK	0.11872386728944027	1.0
Reactome	combined	Insulin-like Growth Factor-2 mRNA Binding Proteins (IGF2BPs/IMPs/VICKZs) Bind RNA R-HSA-428359	6	688	33010	1	CD44	0.11872386728944027	1.0
Reactome	combined	Lipid Particle Organization R-HSA-8964572	6	688	33010	1	CIDEA	0.11872386728944027	1.0
Reactome	combined	MECP2 Regulates Transcription Of Neuronal Ligands R-HSA-9022702	6	688	33010	1	SST	0.11872386728944027	1.0
Reactome	combined	RUNX1 Regulates Transcription Of Genes Involved In BCR Signaling R-HSA-8939245	6	688	33010	1	PAX5	0.11872386728944027	1.0
Reactome	combined	Synthesis Of Lipoxins (LX) R-HSA-2142700	6	688	33010	1	ALOX5	0.11872386728944027	1.0
Reactome	combined	Vitamins R-HSA-211916	6	688	33010	1	CYP26A1	0.11872386728944027	1.0
Reactome	combined	Cell-cell Junction Organization R-HSA-421270	58	688	33010	3	CDH9,CLDN4,CTNNA1	0.12044378488824674	1.0
Reactome	combined	Downregulation Of SMAD2/3:SMAD4 Transcriptional Activity R-HSA-2173795	29	688	33010	2	PARP1,SKI	0.1218963411391115	1.0
Reactome	combined	FGFR1 Mutant Receptor Activation R-HSA-1839124	29	688	33010	2	CUX1,FGF5	0.1218963411391115	1.0
Reactome	combined	Glutamate Binding, Activation Of AMPA Receptors And Synaptic Plasticity R-HSA-399721	29	688	33010	2	CACNG8,GRIA1	0.1218963411391115	1.0
Reactome	combined	Inactivation, Recovery And Regulation Of Phototransduction Cascade R-HSA-2514859	29	688	33010	2	GRK7,PDE6B	0.1218963411391115	1.0
Reactome	combined	Uptake And Actions Of Bacterial Toxins R-HSA-5339562	29	688	33010	2	ANTXR2,SYT1	0.1218963411391115	1.0
Reactome	combined	Phototransduction Cascade R-HSA-2514856	30	688	33010	2	GRK7,PDE6B	0.12888143255694487	1.0
Reactome	combined	Negative Regulation Of FGFR1 Signaling R-HSA-5654726	31	688	33010	2	FGF5,SPRY2	0.1359570857923701	1.0
Reactome	combined	Nicotinate Metabolism R-HSA-196807	31	688	33010	2	NT5E,PARP4	0.1359570857923701	1.0
Reactome	combined	ARMS-mediated Activation R-HSA-170984	7	688	33010	1	NTRK1	0.13709491259621714	1.0
Reactome	combined	Amino Acid Conjugation R-HSA-156587	7	688	33010	1	GLYATL1	0.13709491259621714	1.0
Reactome	combined	Biosynthesis Of Maresins R-HSA-9018682	7	688	33010	1	ALOX5	0.13709491259621714	1.0
Reactome	combined	Cation-coupled Chloride Cotransporters R-HSA-426117	7	688	33010	1	SLC12A5	0.13709491259621714	1.0
Reactome	combined	ChREBP Activates Metabolic Gene Expression R-HSA-163765	7	688	33010	1	PKLR	0.13709491259621714	1.0
Reactome	combined	Negative Regulation Of FGFR2 Signaling R-HSA-5654727	32	688	33010	2	FGF5,SPRY2	0.14311650660347122	1.0
Reactome	combined	Hemostasis R-HSA-109582	530	688	33010	15	APBB1IP,CAPZB,CD44,CD58,CXADR,GATA3,HBE1,HBG2,KLC1,PDE10A,PRKAR1B,RARRES2,S100A10,SELENOP,TNFRSF10A	0.14527489798291376	1.0
Reactome	combined	FCGR3A-mediated IL10 Synthesis R-HSA-9664323	33	688	33010	2	HCK,PRKAR1B	0.15035314387154897	1.0
Reactome	combined	Glucagon-type Ligand Receptors R-HSA-420092	33	688	33010	2	CPAMD8,SCT	0.15035314387154897	1.0
Reactome	combined	Oncogene Induced Senescence R-HSA-2559585	33	688	33010	2	CDKN2A,RB1	0.15035314387154897	1.0
Reactome	combined	Cohesin Loading Onto Chromatin R-HSA-2470946	8	688	33010	1	PMEPA1	0.1550835409067891	1.0
Reactome	combined	Interleukin-18 Signaling R-HSA-9012546	8	688	33010	1	ALOX5	0.1550835409067891	1.0
Reactome	combined	Nef And Signal Transduction R-HSA-164944	8	688	33010	1	HCK	0.1550835409067891	1.0
Reactome	combined	POLB-Dependent Long Patch Base Excision Repair R-HSA-110362	8	688	33010	1	PARP1	0.1550835409067891	1.0
Reactome	combined	TRAIL Signaling R-HSA-75158	8	688	33010	1	TNFRSF10A	0.1550835409067891	1.0
Reactome	combined	Ubiquinol Biosynthesis R-HSA-2142789	8	688	33010	1	COQ3	0.1550835409067891	1.0
Reactome	combined	DNA Damage Recognition In GG-NER R-HSA-5696394	34	688	33010	2	COPS5,PARP1	0.15766068244272646	1.0
Reactome	combined	Association Of TriC/CCT With Target Proteins During Biosynthesis R-HSA-390471	35	688	33010	2	CCT5,CCT6A	0.16503303616164144	1.0
Reactome	combined	Nucleotide Catabolism R-HSA-8956319	35	688	33010	2	DPYS,NT5E	0.16503303616164144	1.0
Reactome	combined	Signaling By FGFR1 In Disease R-HSA-5655302	35	688	33010	2	CUX1,FGF5	0.16503303616164144	1.0
Reactome	combined	Integration Of Energy Metabolism R-HSA-163685	103	688	33010	4	CACNA2D2,KCNC2,PKLR,PRKAR1B	0.16826610058890284	1.0
Reactome	combined	Aberrant Regulation Of Mitotic Cell Cycle Due To RB1 Defects R-HSA-9687139	36	688	33010	2	ANAPC1,RB1	0.17246434109233932	1.0
Reactome	combined	Establishment Of Sister Chromatid Cohesion R-HSA-2468052	9	688	33010	1	PMEPA1	0.1726977013775523	1.0
Reactome	combined	FCGR Activation R-HSA-2029481	9	688	33010	1	HCK	0.1726977013775523	1.0
Reactome	combined	Neurotransmitter Clearance R-HSA-112311	9	688	33010	1	SLC6A3	0.1726977013775523	1.0
Reactome	combined	P2Y Receptors R-HSA-417957	9	688	33010	1	LPAR6	0.1726977013775523	1.0
Reactome	combined	PI3K/AKT Activation R-HSA-198203	9	688	33010	1	NTRK1	0.1726977013775523	1.0
Reactome	combined	Serine Biosynthesis R-HSA-977347	9	688	33010	1	PSPH	0.1726977013775523	1.0
Reactome	combined	Sperm Motility And Taxes R-HSA-1300642	9	688	33010	1	CATSPERG	0.1726977013775523	1.0
Reactome	combined	Synthesis Of 5-Eicosatetraenoic Acids R-HSA-2142688	9	688	33010	1	ALOX5	0.1726977013775523	1.0
Reactome	combined	Type I Hemidesmosome Assembly R-HSA-446107	9	688	33010	1	DST	0.1726977013775523	1.0
Reactome	combined	Signaling By NOTCH1 R-HSA-1980143	69	688	33010	3	DLK1,MAML3,TBL1XR1	0.17416279648223515	1.0
Reactome	combined	Condensation Of Prophase Chromosomes R-HSA-2299718	37	688	33010	2	RB1,SMC4	0.17994894892161192	1.0
Reactome	combined	Cooperation Of PDCL (PhLP1) And TRiC/CCT In G-protein Beta Folding R-HSA-6814122	37	688	33010	2	CCT5,CCT6A	0.17994894892161192	1.0
Reactome	combined	Diseases Of Mitotic Cell Cycle R-HSA-9675126	37	688	33010	2	ANAPC1,RB1	0.17994894892161192	1.0
Reactome	combined	Signaling By FGFR3 R-HSA-5654741	37	688	33010	2	FGF5,SPRY2	0.17994894892161192	1.0
Reactome	combined	RHOC GTPase Cycle R-HSA-9013106	71	688	33010	3	AKAP13,MCF2L,TMPO	0.18456734238914663	1.0
Reactome	combined	Amine Ligand-Binding Receptors R-HSA-375280	38	688	33010	2	HTR1A,HTR1B	0.18748142054013972	1.0
Reactome	combined	Bicarbonate Transporters R-HSA-425381	10	688	33010	1	SLC4A10	0.18994517816468734	1.0
Reactome	combined	Calcitonin-like Ligand Receptors R-HSA-419812	10	688	33010	1	CALCB	0.18994517816468734	1.0
Reactome	combined	Carnitine Metabolism R-HSA-200425	10	688	33010	1	CPT2	0.18994517816468734	1.0
Reactome	combined	Condensation Of Prometaphase Chromosomes R-HSA-2514853	10	688	33010	1	SMC4	0.18994517816468734	1.0
Reactome	combined	Disorders Of Developmental Biology R-HSA-9675151	10	688	33010	1	TBL1XR1	0.18994517816468734	1.0
Reactome	combined	FGFR1c Ligand Binding And Activation R-HSA-190373	10	688	33010	1	FGF5	0.18994517816468734	1.0
Reactome	combined	FGFR3 Mutant Receptor Activation R-HSA-2033514	10	688	33010	1	FGF5	0.18994517816468734	1.0
Reactome	combined	NOTCH2 Intracellular Domain Regulates Transcription R-HSA-2197563	10	688	33010	1	MAML3	0.18994517816468734	1.0
Reactome	combined	Neurotoxicity Of Clostridium Toxins R-HSA-168799	10	688	33010	1	SYT1	0.18994517816468734	1.0
Reactome	combined	RHO GTPases Activate KTN1 R-HSA-5625970	10	688	33010	1	KLC1	0.18994517816468734	1.0
Reactome	combined	RUNX3 Regulates p14-ARF R-HSA-8951936	10	688	33010	1	CDKN2A	0.18994517816468734	1.0
Reactome	combined	Signaling By Activated Point Mutants Of FGFR1 R-HSA-1839122	10	688	33010	1	FGF5	0.18994517816468734	1.0
Reactome	combined	RHOF GTPase Cycle R-HSA-9035034	39	688	33010	2	CAPZB,TMPO	0.1950565197969046	1.0
Reactome	combined	Transcriptional Regulation By VENTX R-HSA-8853884	39	688	33010	2	ANAPC1,CDKN2A	0.1950565197969046	1.0
Reactome	combined	Estrogen-dependent Gene Expression R-HSA-9018519	111	688	33010	4	FOXA1,GATA3,PMEPA1,ZNF217	0.2016617827424358	1.0
Reactome	combined	ABC Transporter Disorders R-HSA-5619084	75	688	33010	3	ABCC9,CFTR,SEL1L	0.20583735698206695	1.0
Reactome	combined	Activation Of Phototransduction Cascade R-HSA-2485179	11	688	33010	1	PDE6B	0.206833593844163	1.0
Reactome	combined	CASP8 Activity Is Inhibited R-HSA-5218900	11	688	33010	1	TNFRSF10A	0.206833593844163	1.0
Reactome	combined	CREB1 Phosphorylation Thru Activation Of Adenylate Cyclase R-HSA-442720	11	688	33010	1	PRKAR1B	0.206833593844163	1.0
Reactome	combined	Dimerization Of Procaspase-8 R-HSA-69416	11	688	33010	1	TNFRSF10A	0.206833593844163	1.0
Reactome	combined	FGFR2c Ligand Binding And Activation R-HSA-190375	11	688	33010	1	FGF5	0.206833593844163	1.0
Reactome	combined	FGFR3 Ligand Binding And Activation R-HSA-190239	11	688	33010	1	FGF5	0.206833593844163	1.0
Reactome	combined	Inhibition Of Replication Initiation Of Damaged DNA By RB1/E2F1 R-HSA-113501	11	688	33010	1	RB1	0.206833593844163	1.0
Reactome	combined	Mitotic Telophase/Cytokinesis R-HSA-68884	11	688	33010	1	PMEPA1	0.206833593844163	1.0
Reactome	combined	Phospholipase C-mediated Cascade; FGFR3 R-HSA-5654227	11	688	33010	1	FGF5	0.206833593844163	1.0
Reactome	combined	RHO GTPases Activate IQGAPs R-HSA-5626467	11	688	33010	1	CTNNA1	0.206833593844163	1.0
Reactome	combined	Uptake And Function Of Anthrax Toxins R-HSA-5210891	11	688	33010	1	ANTXR2	0.206833593844163	1.0
Reactome	combined	Regulation Of Insulin Secretion R-HSA-422356	76	688	33010	3	CACNA2D2,KCNC2,PRKAR1B	0.21124029372023043	1.0
Reactome	combined	Cell-Cell Communication R-HSA-1500931	114	688	33010	4	CDH9,CLDN4,CTNNA1,DST	0.21466254222908968	1.0
Reactome	combined	Glucagon-like Peptide-1 (GLP1) Regulates Insulin Secretion R-HSA-381676	42	688	33010	2	KCNC2,PRKAR1B	0.21798813979722	1.0
Reactome	combined	Voltage Gated Potassium Channels R-HSA-1296072	42	688	33010	2	KCNC2,KCNQ4	0.21798813979722	1.0
Reactome	combined	Dissolution Of Fibrin Clot R-HSA-75205	12	688	33010	1	S100A10	0.2233704127609549	1.0
Reactome	combined	FGFRL1 Modulation Of FGFR1 Signaling R-HSA-5658623	12	688	33010	1	FGF5	0.2233704127609549	1.0
Reactome	combined	Frs2-mediated Activation R-HSA-170968	12	688	33010	1	NTRK1	0.2233704127609549	1.0
Reactome	combined	HDR Thru MMEJ (alt-NHEJ) R-HSA-5685939	12	688	33010	1	PARP1	0.2233704127609549	1.0
Reactome	combined	Hyaluronan Uptake And Degradation R-HSA-2160916	12	688	33010	1	CD44	0.2233704127609549	1.0
Reactome	combined	Maturation Of Nucleoprotein R-HSA-9683610	12	688	33010	1	PARP4	0.2233704127609549	1.0
Reactome	combined	Presynaptic Depolarization And Calcium Channel Opening R-HSA-112308	12	688	33010	1	CACNA2D2	0.2233704127609549	1.0
Reactome	combined	RUNX3 Regulates NOTCH Signaling R-HSA-8941856	12	688	33010	1	MAML3	0.2233704127609549	1.0
Reactome	combined	Synthesis, Secretion, And Inactivation Of Glucose-dependent Insulinotropic Polypeptide (GIP) R-HSA-400511	12	688	33010	1	PAX6	0.2233704127609549	1.0
Reactome	combined	TFAP2 (AP-2) Family Regulates Transcription Of Growth Factors And Their Receptors R-HSA-8866910	12	688	33010	1	TFAP2B	0.2233704127609549	1.0
Reactome	combined	TP53 Regulates Transcription Of Death Receptors And Ligands R-HSA-6803211	12	688	33010	1	TNFRSF10A	0.2233704127609549	1.0
Reactome	combined	Transcriptional Regulation Of Testis Differentiation R-HSA-9690406	12	688	33010	1	WT1	0.2233704127609549	1.0
Reactome	combined	NOTCH1 Intracellular Domain Regulates Transcription R-HSA-2122947	43	688	33010	2	MAML3,TBL1XR1	0.22568523800331677	1.0
Reactome	combined	RNA Polymerase I Transcription Initiation R-HSA-73762	43	688	33010	2	GATAD2B,TAF1D	0.22568523800331677	1.0
Reactome	combined	Anti-inflammatory Response Favoring Leishmania Infection R-HSA-9662851	156	688	33010	5	CALCB,CPAMD8,HCK,PRKAR1B,SCT	0.226827165326653	1.0
Reactome	combined	G Alpha (Q) Signaling Events R-HSA-416476	197	688	33010	6	GHSR,GRK5,GRM1,LPAR6,TAC1,TRH	0.22966832066436144	1.0
Reactome	combined	Formation Of Ternary Complex, And Subsequently, 43S Complex R-HSA-72695	44	688	33010	2	EIF3I,RPS2	0.23340162045302001	1.0
Reactome	combined	Sphingolipid De Novo Biosynthesis R-HSA-1660661	44	688	33010	2	DEGS1,SPHK2	0.23340162045302001	1.0
Reactome	combined	Nucleotide-like (Purinergic) Receptors R-HSA-418038	13	688	33010	1	LPAR6	0.23956294430894157	1.0
Reactome	combined	Translocation Of ZAP-70 To Immunological Synapse R-HSA-202430	13	688	33010	1	HLA-DPA1	0.23956294430894157	1.0
Reactome	combined	Cyclin D Associated Events In G1 R-HSA-69231	46	688	33010	2	CDKN2A,RB1	0.24887584022252182	1.0
Reactome	combined	Peptide Hormone Metabolism R-HSA-2980736	83	688	33010	3	CDX2,PAX6,RAB27A	0.24982158622406025	1.0
Reactome	combined	Depolymerisation Of Nuclear Lamina R-HSA-4419969	14	688	33010	1	TMPO	0.25541834614290976	1.0
Reactome	combined	FGFR1 Ligand Binding And Activation R-HSA-190242	14	688	33010	1	FGF5	0.25541834614290976	1.0
Reactome	combined	LGI-ADAM Interactions R-HSA-5682910	14	688	33010	1	CACNG8	0.25541834614290976	1.0
Reactome	combined	Prolonged ERK Activation Events R-HSA-169893	14	688	33010	1	NTRK1	0.25541834614290976	1.0
Reactome	combined	Regulation Of TP53 Activity Thru Association With Co-factors R-HSA-6804759	14	688	33010	1	POU4F2	0.25541834614290976	1.0
Reactome	combined	Regulation Of Gene Expression In Late Stage (Branching Morphogenesis) Pancreatic Bud Precursor Cells R-HSA-210744	14	688	33010	1	MAML3	0.25541834614290976	1.0
Reactome	combined	Retrograde Neurotrophin Signaling R-HSA-177504	14	688	33010	1	NTRK1	0.25541834614290976	1.0
Reactome	combined	Transport Of Bile Salts And Organic Acids, Metal Ions And Amine Compounds R-HSA-425366	84	688	33010	3	SLC13A5,SLC6A3,SLC6A5	0.2554216783162573	1.0
Reactome	combined	Neurotransmitter Release Cycle R-HSA-112310	47	688	33010	2	PPFIA3,SYT1	0.25662588293499444	1.0
Reactome	combined	Signaling By FGFR1 R-HSA-5654736	47	688	33010	2	FGF5,SPRY2	0.25662588293499444	1.0
Reactome	combined	Chaperonin-mediated Protein Folding R-HSA-390466	85	688	33010	3	CCT5,CCT6A,TUBB2B	0.26103901082986825	1.0
Reactome	combined	EPH-ephrin Mediated Repulsion Of Cells R-HSA-3928665	48	688	33010	2	EPHA10,MMP9	0.2643796107943148	1.0
Reactome	combined	RHOD GTPase Cycle R-HSA-9013405	48	688	33010	2	CAPZB,TMPO	0.2643796107943148	1.0
Reactome	combined	Activated Point Mutants Of FGFR2 R-HSA-2033519	15	688	33010	1	FGF5	0.2709436273240733	1.0
Reactome	combined	GRB2:SOS Provides Linkage To MAPK Signaling For Integrins R-HSA-354194	15	688	33010	1	APBB1IP	0.2709436273240733	1.0
Reactome	combined	N-Glycan Antennae Elongation R-HSA-975577	15	688	33010	1	ST8SIA3	0.2709436273240733	1.0
Reactome	combined	Phospholipase C-mediated Cascade: FGFR1 R-HSA-5654219	15	688	33010	1	FGF5	0.2709436273240733	1.0
Reactome	combined	SHC-mediated cascade:FGFR3 R-HSA-5654704	15	688	33010	1	FGF5	0.2709436273240733	1.0
Reactome	combined	Trafficking Of GluR2-containing AMPA Receptors R-HSA-416993	15	688	33010	1	GRIA1	0.2709436273240733	1.0
Reactome	combined	cGMP Effects R-HSA-418457	15	688	33010	1	PDE10A	0.2709436273240733	1.0
Reactome	combined	p130Cas Linkage To MAPK Signaling For Integrins R-HSA-372708	15	688	33010	1	APBB1IP	0.2709436273240733	1.0
Reactome	combined	Transcriptional Activity Of SMAD2/SMAD3:SMAD4 Heterotrimer R-HSA-2173793	49	688	33010	2	PARP1,SKI	0.27213350882169945	1.0
Reactome	combined	ADORA2B Mediated Anti-Inflammatory Cytokine Production R-HSA-9660821	127	688	33010	4	CALCB,CPAMD8,PRKAR1B,SCT	0.2732623460596002	1.0
Reactome	combined	Disorders Of Transmembrane Transporters R-HSA-5619115	169	688	33010	5	ABCC9,CFTR,SEL1L,SLC6A3,SLC6A5	0.2775664081228461	1.0
Reactome	combined	Collagen Formation R-HSA-1474290	88	688	33010	3	COL11A1,DST,MMP9	0.2779789057112413	1.0
Reactome	combined	SARS-CoV-1 Infection R-HSA-9678108	50	688	33010	2	PARP4,RB1	0.27988420654202206	1.0
Reactome	combined	Signaling By TGF-beta Receptor Complex R-HSA-170834	89	688	33010	3	PARP1,PMEPA1,SKI	0.28364977967392524	1.0
Reactome	combined	Biosynthesis Of DHA-derived SPMs R-HSA-9018677	16	688	33010	1	ALOX5	0.28614565140048	1.0
Reactome	combined	Caspase Activation Via Death Receptors In Presence Of Ligand R-HSA-140534	16	688	33010	1	TNFRSF10A	0.28614565140048	1.0
Reactome	combined	Hyaluronan Metabolism R-HSA-2142845	16	688	33010	1	CD44	0.28614565140048	1.0
Reactome	combined	PI-3K cascade:FGFR3 R-HSA-5654710	16	688	33010	1	FGF5	0.28614565140048	1.0
Reactome	combined	PKA Activation In Glucagon Signaling R-HSA-164378	16	688	33010	1	PRKAR1B	0.28614565140048	1.0
Reactome	combined	Phospholipase C-mediated Cascade; FGFR2 R-HSA-5654221	16	688	33010	1	FGF5	0.28614565140048	1.0
Reactome	combined	Phosphorylation Of CD3 And TCR Zeta Chains R-HSA-202427	16	688	33010	1	HLA-DPA1	0.28614565140048	1.0
Reactome	combined	Spry Regulation Of FGF Signaling R-HSA-1295596	16	688	33010	1	SPRY2	0.28614565140048	1.0
Reactome	combined	NRAGE Signals Death Thru JNK R-HSA-193648	51	688	33010	2	AKAP13,MCF2L	0.287628473502149	1.0
Reactome	combined	Ribosomal Scanning And Start Codon Recognition R-HSA-72702	51	688	33010	2	EIF3I,RPS2	0.287628473502149	1.0
Reactome	combined	Translation Initiation Complex Formation R-HSA-72649	51	688	33010	2	EIF3I,RPS2	0.287628473502149	1.0
Reactome	combined	Visual Phototransduction R-HSA-2187338	90	688	33010	3	GRK7,PDE6B,RIMBP2	0.2893303099305921	1.0
Reactome	combined	Formation Of A Pool Of Free 40S Subunits R-HSA-72689	91	688	33010	3	EIF3I,RPL23,RPS2	0.29501905618671226	1.0
Reactome	combined	Metabolism Of Nucleotides R-HSA-15869	91	688	33010	3	CTPS1,DPYS,NT5E	0.29501905618671226	1.0
Reactome	combined	Protein Folding R-HSA-391251	91	688	33010	3	CCT5,CCT6A,TUBB2B	0.29501905618671226	1.0
Reactome	combined	mRNA Activation Upon Binding Of Cap-Binding Complex And eIFs, Subsequent Binding To 43S R-HSA-72662	52	688	33010	2	EIF3I,RPS2	0.29536321491288003	1.0
Reactome	combined	HDACs Deacetylate Histones R-HSA-3214815	52	688	33010	2	GATAD2B,TBL1XR1	0.29536321491288003	1.0
Reactome	combined	Class B/2 (Secretin Family Receptors) R-HSA-373080	92	688	33010	3	CALCB,CPAMD8,SCT	0.3007146041833434	1.0
Reactome	combined	Aberrant Regulation Of Mitotic G1/S Transition In Cancer Due To RB1 Defects R-HSA-9659787	17	688	33010	1	RB1	0.30103113942365006	1.0
Reactome	combined	FRS-mediated FGFR3 Signaling R-HSA-5654706	17	688	33010	1	FGF5	0.30103113942365006	1.0
Reactome	combined	Formation Of Senescence-Associated Heterochromatin Foci (SAHF) R-HSA-2559584	17	688	33010	1	RB1	0.30103113942365006	1.0
Reactome	combined	PD-1 Signaling R-HSA-389948	17	688	33010	1	HLA-DPA1	0.30103113942365006	1.0
Reactome	combined	PKA Activation R-HSA-163615	17	688	33010	1	PRKAR1B	0.30103113942365006	1.0
Reactome	combined	Protein Methylation R-HSA-8876725	17	688	33010	1	RPS2	0.30103113942365006	1.0
Reactome	combined	Purine Catabolism R-HSA-74259	17	688	33010	1	NT5E	0.30103113942365006	1.0
Reactome	combined	RORA Activates Gene Expression R-HSA-1368082	17	688	33010	1	TBL1XR1	0.30103113942365006	1.0
Reactome	combined	Signaling By Cytosolic FGFR1 Fusion Mutants R-HSA-1839117	17	688	33010	1	CUX1	0.30103113942365006	1.0
Reactome	combined	Synthesis Of Glycosylphosphatidylinositol (GPI) R-HSA-162710	17	688	33010	1	PIGB	0.30103113942365006	1.0
Reactome	combined	Constitutive Signaling By NOTCH1 HD+PEST Domain Mutants R-HSA-2894862	53	688	33010	2	MAML3,TBL1XR1	0.3030854674112882	1.0
Reactome	combined	Transcriptional Regulation Of Granulopoiesis R-HSA-9616222	54	688	33010	2	GFI1,TAL1	0.310792394940362	1.0
Reactome	combined	Assembly Of Active LPL And LIPC Lipase Complexes R-HSA-8963889	18	688	33010	1	LMF1	0.3156066729027675	1.0
Reactome	combined	Biosynthesis Of Specialized Proresolving Mediators (SPMs) R-HSA-9018678	18	688	33010	1	ALOX5	0.3156066729027675	1.0
Reactome	combined	Chaperone Mediated Autophagy R-HSA-9613829	18	688	33010	1	CFTR	0.3156066729027675	1.0
Reactome	combined	Chondroitin Sulfate Biosynthesis R-HSA-2022870	18	688	33010	1	CSGALNACT1	0.3156066729027675	1.0
Reactome	combined	FGFR2 Ligand Binding And Activation R-HSA-190241	18	688	33010	1	FGF5	0.3156066729027675	1.0
Reactome	combined	Initiation Of Nuclear Envelope (NE) Reformation R-HSA-2995383	18	688	33010	1	TMPO	0.3156066729027675	1.0
Reactome	combined	NOTCH4 Intracellular Domain Regulates Transcription R-HSA-9013695	18	688	33010	1	MAML3	0.3156066729027675	1.0
Reactome	combined	Other Semaphorin Interactions R-HSA-416700	18	688	33010	1	SEMA4A	0.3156066729027675	1.0
Reactome	combined	PKA-mediated Phosphorylation Of CREB R-HSA-111931	18	688	33010	1	PRKAR1B	0.3156066729027675	1.0
Reactome	combined	Pre-NOTCH Processing In Golgi R-HSA-1912420	18	688	33010	1	SEL1L	0.3156066729027675	1.0
Reactome	combined	Regulation Of Signaling By CBL R-HSA-912631	18	688	33010	1	HCK	0.3156066729027675	1.0
Reactome	combined	ESR-mediated Signaling R-HSA-8939211	179	688	33010	5	FOXA1,GATA3,MMP9,PMEPA1,ZNF217	0.3180100954205147	1.0
Reactome	combined	Cargo Recognition For Clathrin-Mediated Endocytosis R-HSA-8856825	96	688	33010	3	CFTR,COPS5,SYT1	0.3235374476606952	1.0
Reactome	combined	Signaling By ERBB4 R-HSA-1236394	56	688	33010	2	GABRA1,WWOX	0.3261495434666827	1.0
Reactome	combined	ABC-family Proteins Mediated Transport R-HSA-382556	97	688	33010	3	ABCC9,CFTR,SEL1L	0.3292467111283215	1.0
Reactome	combined	Apoptotic Factor-Mediated Response R-HSA-111471	19	688	33010	1	CDKN2A	0.3298786966977147	1.0
Reactome	combined	GABA Synthesis, Release, Reuptake And Degradation R-HSA-888590	19	688	33010	1	SYT1	0.3298786966977147	1.0
Reactome	combined	Metabolism Of Cofactors R-HSA-8978934	19	688	33010	1	COQ3	0.3298786966977147	1.0
Reactome	combined	Nicotinamide Salvaging R-HSA-197264	19	688	33010	1	PARP4	0.3298786966977147	1.0
Reactome	combined	SHC-mediated cascade:FGFR1 R-HSA-5654688	19	688	33010	1	FGF5	0.3298786966977147	1.0
Reactome	combined	Signaling By FGFR3 In Disease R-HSA-5655332	19	688	33010	1	FGF5	0.3298786966977147	1.0
Reactome	combined	Signaling To RAS R-HSA-167044	19	688	33010	1	NTRK1	0.3298786966977147	1.0
Reactome	combined	MHC Class II Antigen Presentation R-HSA-2132295	98	688	33010	3	CAPZB,HLA-DPA1,KLC1	0.33495484433256256	1.0
Reactome	combined	Post NMDA Receptor Activation Events R-HSA-438064	58	688	33010	2	GRIA1,PRKAR1B	0.3414143686813118	1.0
Reactome	combined	Citric Acid Cycle (TCA Cycle) R-HSA-71403	20	688	33010	1	PCDHGA5	0.3438535218522104	1.0
Reactome	combined	Conversion From APC/C:Cdc20 To APC/C:Cdh1 In Late Anaphase R-HSA-176407	20	688	33010	1	ANAPC1	0.3438535218522104	1.0
Reactome	combined	E2F Mediated Regulation Of DNA Replication R-HSA-113510	20	688	33010	1	RB1	0.3438535218522104	1.0
Reactome	combined	PI-3K cascade:FGFR1 R-HSA-5654689	20	688	33010	1	FGF5	0.3438535218522104	1.0
Reactome	combined	Phosphorylation Of APC/C R-HSA-176412	20	688	33010	1	ANAPC1	0.3438535218522104	1.0
Reactome	combined	SHC-mediated cascade:FGFR2 R-HSA-5654699	20	688	33010	1	FGF5	0.3438535218522104	1.0
Reactome	combined	Synaptic Adhesion-Like Molecules R-HSA-8849932	20	688	33010	1	GRIA1	0.3438535218522104	1.0
Reactome	combined	Synthesis Of Leukotrienes (LT) And Eoxins (EX) R-HSA-2142691	20	688	33010	1	ALOX5	0.3438535218522104	1.0
Reactome	combined	Unblocking Of NMDA Receptors, Glutamate Binding And Activation R-HSA-438066	20	688	33010	1	GRIA1	0.3438535218522104	1.0
Reactome	combined	Interleukin-4 And Interleukin-13 Signaling R-HSA-6785807	100	688	33010	3	ALOX5,GATA3,MMP9	0.3463628297062926	1.0
Reactome	combined	L13a-mediated Translational Silencing Of Ceruloplasmin Expression R-HSA-156827	100	688	33010	3	EIF3I,RPL23,RPS2	0.3463628297062926	1.0
Reactome	combined	Transport Of Inorganic Cations/Anions And Amino Acids/Oligopeptides R-HSA-425393	100	688	33010	3	SLC12A5,SLC38A4,SLC4A10	0.3463628297062926	1.0
Reactome	combined	Defective CFTR Causes Cystic Fibrosis R-HSA-5678895	59	688	33010	2	CFTR,SEL1L	0.34900631194026455	1.0
Reactome	combined	Regulation Of PTEN Gene Transcription R-HSA-8943724	59	688	33010	2	GATAD2B,NR2E1	0.34900631194026455	1.0
Reactome	combined	Selective Autophagy R-HSA-9663891	59	688	33010	2	CFTR,HSF1	0.34900631194026455	1.0
Reactome	combined	Signaling By FGFR In Disease R-HSA-1226099	59	688	33010	2	CUX1,FGF5	0.34900631194026455	1.0
Reactome	combined	GTP Hydrolysis And Joining Of 60S Ribosomal Subunit R-HSA-72706	101	688	33010	3	EIF3I,RPL23,RPS2	0.35206030301356256	1.0
Reactome	combined	Potassium Channels R-HSA-1296071	101	688	33010	3	ABCC9,KCNC2,KCNQ4	0.35206030301356256	1.0
Reactome	combined	ER Quality Control Compartment (ERQC) R-HSA-901032	21	688	33010	1	SEL1L	0.3575373283682966	1.0
Reactome	combined	FRS-mediated FGFR1 Signaling R-HSA-5654693	21	688	33010	1	FGF5	0.3575373283682966	1.0
Reactome	combined	Inactivation Of APC/C Via Direct Inhibition Of APC/C Complex R-HSA-141430	21	688	33010	1	ANAPC1	0.3575373283682966	1.0
Reactome	combined	Inflammasomes R-HSA-622312	21	688	33010	1	AIM2	0.3575373283682966	1.0
Reactome	combined	Nitric Oxide Stimulates Guanylate Cyclase R-HSA-392154	21	688	33010	1	PDE10A	0.3575373283682966	1.0
Reactome	combined	PI-3K cascade:FGFR2 R-HSA-5654695	21	688	33010	1	FGF5	0.3575373283682966	1.0
Reactome	combined	SRP-dependent Cotranslational Protein Targeting To Membrane R-HSA-1799339	102	688	33010	3	RPL23,RPS2,SSR3	0.3577518882159771	1.0
Reactome	combined	Muscle Contraction R-HSA-397014	189	688	33010	5	ABCC9,CACNA2D2,CACNG7,CACNG8,SCN1A	0.3591007871872618	1.0
Reactome	combined	Leishmania Infection R-HSA-9658195	234	688	33010	6	CALCB,CPAMD8,HCK,NT5E,PRKAR1B,SCT	0.3621536337557521	1.0
Reactome	combined	Acyl Chain Remodelling Of PS R-HSA-1482801	22	688	33010	1	OSBPL5	0.3709361679233793	1.0
Reactome	combined	Downstream Signaling Of Activated FGFR3 R-HSA-5654708	22	688	33010	1	FGF5	0.3709361679233793	1.0
Reactome	combined	FRS-mediated FGFR2 Signaling R-HSA-5654700	22	688	33010	1	FGF5	0.3709361679233793	1.0
Reactome	combined	RHOBTB2 GTPase Cycle R-HSA-9013418	22	688	33010	1	CCT6A	0.3709361679233793	1.0
Reactome	combined	Recycling Pathway Of L1 R-HSA-437239	22	688	33010	1	EZR	0.3709361679233793	1.0
Reactome	combined	SLC-mediated Transmembrane Transport R-HSA-425407	237	688	33010	6	SLC12A5,SLC13A5,SLC38A4,SLC4A10,SLC6A3,SLC6A5	0.3732699158988079	1.0
Reactome	combined	Mitotic Prophase R-HSA-68875	105	688	33010	3	RB1,SMC4,TMPO	0.37478021144610596	1.0
Reactome	combined	BBSome-mediated Cargo-Targeting To Cilium R-HSA-5620922	23	688	33010	1	CCT5	0.38405596653101526	1.0
Reactome	combined	Long-term Potentiation R-HSA-9620244	23	688	33010	1	GRIA1	0.38405596653101526	1.0
Reactome	combined	NOTCH3 Intracellular Domain Regulates Transcription R-HSA-9013508	23	688	33010	1	MAML3	0.38405596653101526	1.0
Reactome	combined	Post-chaperonin Tubulin Folding Pathway R-HSA-389977	23	688	33010	1	TUBB2B	0.38405596653101526	1.0
Reactome	combined	Epigenetic Regulation Of Gene Expression R-HSA-212165	107	688	33010	3	GATAD2B,JARID2,TAF1D	0.3860830859894646	1.0
Reactome	combined	Cap-dependent Translation Initiation R-HSA-72737	108	688	33010	3	EIF3I,RPL23,RPS2	0.39171666251484055	1.0
Reactome	combined	Circadian Clock R-HSA-400253	65	688	33010	2	CREM,TBL1XR1	0.39386197925656136	1.0
Reactome	combined	APC/C:Cdc20 Mediated Degradation Of Cyclin B R-HSA-174048	24	688	33010	1	ANAPC1	0.3969025271466111	1.0
Reactome	combined	Attenuation Phase R-HSA-3371568	24	688	33010	1	HSF1	0.3969025271466111	1.0
Reactome	combined	BMAL1:CLOCK,NPAS2 Activates Circadian Gene Expression R-HSA-1368108	24	688	33010	1	TBL1XR1	0.3969025271466111	1.0
Reactome	combined	Defective Intrinsic Pathway For Apoptosis R-HSA-9734009	24	688	33010	1	CDKN2A	0.3969025271466111	1.0
Reactome	combined	Fertilization R-HSA-1187000	24	688	33010	1	CATSPERG	0.3969025271466111	1.0
Reactome	combined	RHOB GTPase Cycle R-HSA-9013026	66	688	33010	2	AKAP13,MCF2L	0.4012049859361015	1.0
Reactome	combined	Cell Death Signaling Via NRAGE, NRIF And NADE R-HSA-204998	67	688	33010	2	AKAP13,MCF2L	0.40850570455647767	1.0
Reactome	combined	Positive Epigenetic Regulation Of rRNA Expression R-HSA-5250913	67	688	33010	2	GATAD2B,TAF1D	0.40850570455647767	1.0
Reactome	combined	Caspase Activation Via Extrinsic Apoptotic Signaling Pathway R-HSA-5357769	25	688	33010	1	TNFRSF10A	0.40948153221916095	1.0
Reactome	combined	Cell Recruitment (Pro-Inflammatory Response) R-HSA-9664424	25	688	33010	1	NT5E	0.40948153221916095	1.0
Reactome	combined	Inactivation Of CSF3 (G-CSF) Signaling R-HSA-9705462	25	688	33010	1	HCK	0.40948153221916095	1.0
Reactome	combined	Insulin Receptor Recycling R-HSA-77387	25	688	33010	1	ATP6V1B1	0.40948153221916095	1.0
Reactome	combined	Resolution Of AP Sites Via Multiple-Nucleotide Patch Replacement Pathway R-HSA-110373	25	688	33010	1	PARP1	0.40948153221916095	1.0
Reactome	combined	Regulation Of Expression Of SLITs And ROBOs R-HSA-9010553	158	688	33010	4	HOXA2,LHX9,RPL23,RPS2	0.41895275643151697	1.0
Reactome	combined	APC-Cdc20 Mediated Degradation Of Nek2A R-HSA-179409	26	688	33010	1	ANAPC1	0.42179854619015444	1.0
Reactome	combined	Calnexin/calreticulin Cycle R-HSA-901042	26	688	33010	1	SEL1L	0.42179854619015444	1.0
Reactome	combined	Downregulation Of TGF-beta Receptor Signaling R-HSA-2173788	26	688	33010	1	PMEPA1	0.42179854619015444	1.0
Reactome	combined	FOXO-mediated Transcription Of Oxidative Stress, Metabolic And Neuronal Genes R-HSA-9615017	26	688	33010	1	NPY	0.42179854619015444	1.0
Reactome	combined	HSF1 Activation R-HSA-3371511	26	688	33010	1	HSF1	0.42179854619015444	1.0
Reactome	combined	Insulin Processing R-HSA-264876	26	688	33010	1	RAB27A	0.42179854619015444	1.0
Reactome	combined	Interleukin-20 Family Signaling R-HSA-8854691	26	688	33010	1	IL22RA2	0.42179854619015444	1.0
Reactome	combined	N-glycan Antennae Elongation In medial/trans-Golgi R-HSA-975576	26	688	33010	1	ST8SIA3	0.42179854619015444	1.0
Reactome	combined	Signaling By BMP R-HSA-201451	26	688	33010	1	SKI	0.42179854619015444	1.0
Reactome	combined	Role Of Nef In HIV-1 Replication And Disease Pathogenesis R-HSA-164952	26	688	33010	1	HCK	0.42179854619015444	1.0
Reactome	combined	Activation Of NMDA Receptors And Postsynaptic Events R-HSA-442755	69	688	33010	2	GRIA1,PRKAR1B	0.42297464525130746	1.0
Reactome	combined	RNA Polymerase I Promoter Clearance R-HSA-73854	70	688	33010	2	GATAD2B,TAF1D	0.4301402427295495	1.0
Reactome	combined	Signaling By FGFR2 R-HSA-5654738	70	688	33010	2	FGF5,SPRY2	0.4301402427295495	1.0
Reactome	combined	Downstream Signaling Of Activated FGFR2 R-HSA-5654696	27	688	33010	1	FGF5	0.43385901794073595	1.0
Reactome	combined	Generation Of Second Messenger Molecules R-HSA-202433	27	688	33010	1	HLA-DPA1	0.43385901794073595	1.0
Reactome	combined	Integrin Signaling R-HSA-354192	27	688	33010	1	APBB1IP	0.43385901794073595	1.0
Reactome	combined	Interconversion Of Nucleotide Di- And Triphosphates R-HSA-499943	27	688	33010	1	CTPS1	0.43385901794073595	1.0
Reactome	combined	Regulation Of Necroptotic Cell Death R-HSA-5675482	27	688	33010	1	TNFRSF10A	0.43385901794073595	1.0
Reactome	combined	VEGFR2 Mediated Vascular Permeability R-HSA-5218920	27	688	33010	1	CTNNA1	0.43385901794073595	1.0
Reactome	combined	Regulation Of IGF Transport And Uptake By IGFBPs R-HSA-381426	116	688	33010	3	PAPPA2,PENK,SPARCL1	0.43623373721167996	1.0
Reactome	combined	Signaling By TGFB Family Members R-HSA-9006936	116	688	33010	3	PARP1,PMEPA1,SKI	0.43623373721167996	1.0
Reactome	combined	Transport Of Small Molecules R-HSA-382551	675	688	33010	15	ABCC9,ASIC2,ATP11A,ATP6V1B1,CFTR,LMF1,OSTM1,PRKAR1B,SEL1L,SLC12A5,SLC13A5,SLC38A4,SLC4A10,SLC6A3,SLC6A5	0.43694157151695484	1.0
Reactome	combined	RHOG GTPase Cycle R-HSA-9013408	71	688	33010	2	MCF2L,TMPO	0.4372582978118799	1.0
Reactome	combined	RNA Polymerase I Transcription R-HSA-73864	71	688	33010	2	GATAD2B,TAF1D	0.4372582978118799	1.0
Reactome	combined	APC/C:Cdh1 Mediated Degradation Of Cdc20 And APC/C:Cdh1 Targets In Late Mitosis/Early G1 R-HSA-174178	72	688	33010	2	ANAPC1,RB1	0.444327678342341	1.0
Reactome	combined	G Alpha (12/13) Signaling Events R-HSA-416482	72	688	33010	2	AKAP13,MCF2L	0.444327678342341	1.0
Reactome	combined	Pre-NOTCH Expression And Processing R-HSA-1912422	72	688	33010	2	MAML3,SEL1L	0.444327678342341	1.0
Reactome	combined	Adrenaline,noradrenaline Inhibits Insulin Secretion R-HSA-400042	28	688	33010	1	CACNA2D2	0.4456682831881903	1.0
Reactome	combined	Antigen Presentation: Folding, Assembly, Peptide Loading Of Class I MHC R-HSA-983170	28	688	33010	1	ERAP1	0.4456682831881903	1.0
Reactome	combined	Interaction Between L1 And Ankyrins R-HSA-445095	28	688	33010	1	SCN1A	0.4456682831881903	1.0
Reactome	combined	Regulation Of TP53 Activity Thru Acetylation R-HSA-6804758	28	688	33010	1	GATAD2B	0.4456682831881903	1.0
Reactome	combined	SUMOylation Of Intracellular Receptors R-HSA-4090294	28	688	33010	1	THRA	0.4456682831881903	1.0
Reactome	combined	Tight Junction Interactions R-HSA-420029	28	688	33010	1	CLDN4	0.4456682831881903	1.0
Reactome	combined	Neutrophil Degranulation R-HSA-6798695	444	688	33010	10	ALOX5,ATP11A,CD44,CD58,COTL1,DEGS1,MMP9,PTPRN2,RAB27A,RNASET2	0.4465646469563194	1.0
Reactome	combined	Ion Channel Transport R-HSA-983712	164	688	33010	4	ASIC2,ATP11A,ATP6V1B1,OSTM1	0.446775281336962	1.0
Reactome	combined	Nuclear Envelope (NE) Reassembly R-HSA-2995410	73	688	33010	2	TMPO,TUBB2B	0.4513473198465777	1.0
Reactome	combined	Post-translational Protein Modification R-HSA-597592	1297	688	33010	28	CAPZB,CDKN2A,CFTR,COPS5,GALNTL6,GATA3,GRIA1,MDC1,MDGA2,NRN1,NSMCE2,NTM,OPCML,PARP1,PENK,PIGB,PMEPA1,RAB27A,RPS2,RTN4RL1,SATB2,SEL1L,SPARCL1,ST8SIA3,TFAP2B,THRA,TUBB2B,ZBTB16	0.4515601622836774	1.0
Reactome	combined	Activation Of Matrix Metalloproteinases R-HSA-1592389	29	688	33010	1	MMP9	0.4572315668328001	1.0
Reactome	combined	Downstream Signaling Of Activated FGFR1 R-HSA-5654687	29	688	33010	1	FGF5	0.4572315668328001	1.0
Reactome	combined	EGFR Downregulation R-HSA-182971	29	688	33010	1	SPRY2	0.4572315668328001	1.0
Reactome	combined	Myogenesis R-HSA-525793	29	688	33010	1	CTNNA1	0.4572315668328001	1.0
Reactome	combined	Negative Regulation Of FGFR4 Signaling R-HSA-5654733	29	688	33010	1	SPRY2	0.4572315668328001	1.0
Reactome	combined	PIWI-interacting RNA (piRNA) Biogenesis R-HSA-5601884	29	688	33010	1	HENMT1	0.4572315668328001	1.0
Reactome	combined	RIPK1-mediated Regulated Necrosis R-HSA-5213460	29	688	33010	1	TNFRSF10A	0.4572315668328001	1.0
Reactome	combined	RNA Polymerase I Transcription Termination R-HSA-73863	29	688	33010	1	TAF1D	0.4572315668328001	1.0
Reactome	combined	Regulation Of MECP2 Expression And Activity R-HSA-9022692	29	688	33010	1	TBL1XR1	0.4572315668328001	1.0
Reactome	combined	Senescence-Associated Secretory Phenotype (SASP) R-HSA-2559582	74	688	33010	2	ANAPC1,CDKN2A	0.4583162232097236	1.0
Reactome	combined	Signaling By Insulin Receptor R-HSA-74752	74	688	33010	2	ATP6V1B1,FGF5	0.4583162232097236	1.0
Reactome	combined	Amino Acid Transport Across Plasma Membrane R-HSA-352230	30	688	33010	1	SLC38A4	0.4685539852561052	1.0
Reactome	combined	Cargo Concentration In ER R-HSA-5694530	30	688	33010	1	GRIA1	0.4685539852561052	1.0
Reactome	combined	Late Endosomal Microautophagy R-HSA-9615710	30	688	33010	1	CFTR	0.4685539852561052	1.0
Reactome	combined	Sealing Of Nuclear Envelope (NE) By ESCRT-III R-HSA-9668328	30	688	33010	1	TUBB2B	0.4685539852561052	1.0
Reactome	combined	Signaling By CSF3 (G-CSF) R-HSA-9674555	30	688	33010	1	HCK	0.4685539852561052	1.0
Reactome	combined	Signaling By NOTCH2 R-HSA-1980145	30	688	33010	1	MAML3	0.4685539852561052	1.0
Reactome	combined	Transferrin Endocytosis And Recycling R-HSA-917977	30	688	33010	1	ATP6V1B1	0.4685539852561052	1.0
Reactome	combined	Translation Of Structural Proteins R-HSA-9683701	30	688	33010	1	PARP4	0.4685539852561052	1.0
Reactome	combined	Chromatin Modifying Enzymes R-HSA-3247509	217	688	33010	5	GATAD2B,PAX3,PRDM16,RPS2,TBL1XR1	0.4735669010051028	1.0
Reactome	combined	Neurotransmitter Receptors And Postsynaptic Signal Transmission R-HSA-112314	171	688	33010	4	CACNG8,GABRA1,GRIA1,PRKAR1B	0.47868805159028255	1.0
Reactome	combined	Activated NOTCH1 Transmits Signal To Nucleus R-HSA-2122948	31	688	33010	1	DLK1	0.47964054857156296	1.0
Reactome	combined	FGFR2 Mutant Receptor Activation R-HSA-1839126	31	688	33010	1	FGF5	0.47964054857156296	1.0
Reactome	combined	Plasma Lipoprotein Remodeling R-HSA-8963899	31	688	33010	1	LMF1	0.47964054857156296	1.0
Reactome	combined	SIRT1 Negatively Regulates rRNA Expression R-HSA-427359	31	688	33010	1	TAF1D	0.47964054857156296	1.0
Reactome	combined	Signaling By High-Kinase Activity BRAF Mutants R-HSA-6802948	31	688	33010	1	APBB1IP	0.47964054857156296	1.0
Reactome	combined	Global Genome Nucleotide Excision Repair (GG-NER) R-HSA-5696399	78	688	33010	2	COPS5,PARP1	0.48566663607515237	1.0
Reactome	combined	CaM Pathway R-HSA-111997	32	688	33010	1	PRKAR1B	0.4904961628285979	1.0
Reactome	combined	Glucagon Signaling In Metabolic Regulation R-HSA-163359	32	688	33010	1	PRKAR1B	0.4904961628285979	1.0
Reactome	combined	Nuclear Signaling By ERBB4 R-HSA-1251985	32	688	33010	1	WWOX	0.4904961628285979	1.0
Reactome	combined	RAC2 GTPase Cycle R-HSA-9013404	80	688	33010	2	TAOK3,TMPO	0.499015872561615	1.0
Reactome	combined	Death Receptor Signaling R-HSA-73887	128	688	33010	3	AKAP13,MCF2L,TNFRSF10A	0.5005054007237024	1.0
Reactome	combined	Sialic Acid Metabolism R-HSA-4085001	33	688	33010	1	ST8SIA3	0.501125632171006	1.0
Reactome	combined	Signaling To ERKs R-HSA-187687	33	688	33010	1	NTRK1	0.501125632171006	1.0
Reactome	combined	Mitotic Anaphase R-HSA-68882	224	688	33010	5	ANAPC1,CENPN,PMEPA1,TMPO,TUBB2B	0.5013021191023047	1.0
Reactome	combined	Mitotic Metaphase And Anaphase R-HSA-2555396	225	688	33010	5	ANAPC1,CENPN,PMEPA1,TMPO,TUBB2B	0.5052190498544336	1.0
Reactome	combined	Peptide Chain Elongation R-HSA-156902	81	688	33010	2	RPL23,RPS2	0.5056066664916845	1.0
Reactome	combined	COPI-independent Golgi-to-ER Retrograde Traffic R-HSA-6811436	34	688	33010	1	CAPZB	0.5115336609506507	1.0
Reactome	combined	Ca-dependent Events R-HSA-111996	34	688	33010	1	PRKAR1B	0.5115336609506507	1.0
Reactome	combined	Class C/3 (Metabotropic Glutamate/Pheromone Receptors) R-HSA-420499	34	688	33010	1	GRM1	0.5115336609506507	1.0
Reactome	combined	Early SARS-CoV-2 Infection Events R-HSA-9772572	34	688	33010	1	RB1	0.5115336609506507	1.0
Reactome	combined	HSF1-dependent Transactivation R-HSA-3371571	34	688	33010	1	HSF1	0.5115336609506507	1.0
Reactome	combined	RHOBTB GTPase Cycle R-HSA-9706574	34	688	33010	1	CCT6A	0.5115336609506507	1.0
Reactome	combined	ROS And RNS Production In Phagocytes R-HSA-1222556	34	688	33010	1	ATP6V1B1	0.5115336609506507	1.0
Reactome	combined	Influenza Viral RNA Transcription And Replication R-HSA-168273	131	688	33010	3	PARP1,RPL23,RPS2	0.5159906764139076	1.0
Reactome	combined	Interferon Gamma Signaling R-HSA-877300	83	688	33010	2	CD44,HLA-DPA1	0.5186178432499553	1.0
Reactome	combined	Signaling By FGFR R-HSA-190236	83	688	33010	2	FGF5,SPRY2	0.5186178432499553	1.0
Reactome	combined	Sphingolipid Metabolism R-HSA-428157	83	688	33010	2	DEGS1,SPHK2	0.5186178432499553	1.0
Reactome	combined	Inwardly Rectifying K+ Channels R-HSA-1296065	35	688	33010	1	ABCC9	0.5217248557973867	1.0
Reactome	combined	MAP2K And MAPK Activation R-HSA-5674135	35	688	33010	1	APBB1IP	0.5217248557973867	1.0
Reactome	combined	N-glycan Trimming In ER And Calnexin/Calreticulin Cycle R-HSA-532668	35	688	33010	1	SEL1L	0.5217248557973867	1.0
Reactome	combined	NR1H3 And NR1H2 Regulate Gene Expression Linked To Cholesterol Transport And Efflux R-HSA-9029569	35	688	33010	1	TBL1XR1	0.5217248557973867	1.0
Reactome	combined	Eukaryotic Translation Termination R-HSA-72764	84	688	33010	2	RPL23,RPS2	0.5250372619068745	1.0
Reactome	combined	RAC3 GTPase Cycle R-HSA-9013423	84	688	33010	2	TAOK3,TMPO	0.5250372619068745	1.0
Reactome	combined	Viral mRNA Translation R-HSA-192823	84	688	33010	2	RPL23,RPS2	0.5250372619068745	1.0
Reactome	combined	Clathrin-mediated Endocytosis R-HSA-8856828	133	688	33010	3	CFTR,COPS5,SYT1	0.5261698850560601	1.0
Reactome	combined	Signaling By Hedgehog R-HSA-5358351	133	688	33010	3	DZIP1,PRKAR1B,SEL1L	0.5261698850560601	1.0
Reactome	combined	Eukaryotic Translation Elongation R-HSA-156842	85	688	33010	2	RPL23,RPS2	0.531398665547284	1.0
Reactome	combined	Selenocysteine Synthesis R-HSA-2408557	85	688	33010	2	RPL23,RPS2	0.531398665547284	1.0
Reactome	combined	Metabolism Of Vitamins And Cofactors R-HSA-196854	183	688	33010	4	COQ3,NT5E,PARP4,RIMBP2	0.5316036703961824	1.0
Reactome	combined	Aspirin ADME R-HSA-9749641	36	688	33010	1	GLYATL1	0.5317037276461021	1.0
Reactome	combined	PRC2 Methylates Histones And DNA R-HSA-212300	36	688	33010	1	JARID2	0.5317037276461021	1.0
Reactome	combined	Platelet Aggregation (Plug Formation) R-HSA-76009	36	688	33010	1	APBB1IP	0.5317037276461021	1.0
Reactome	combined	RHOV GTPase Cycle R-HSA-9013424	36	688	33010	1	DST	0.5317037276461021	1.0
Reactome	combined	Regulation Of TP53 Degradation R-HSA-6804757	36	688	33010	1	CDKN2A	0.5317037276461021	1.0
Reactome	combined	Signaling By RAF1 Mutants R-HSA-9656223	36	688	33010	1	APBB1IP	0.5317037276461021	1.0
Reactome	combined	APC/C-mediated Degradation Of Cell Cycle Proteins R-HSA-174143	86	688	33010	2	ANAPC1,RB1	0.5377016809925128	1.0
Reactome	combined	Nonsense Mediated Decay (NMD) Independent Of Exon Junction Complex (EJC) R-HSA-975956	86	688	33010	2	RPL23,RPS2	0.5377016809925128	1.0
Reactome	combined	FLT3 Signaling R-HSA-9607240	37	688	33010	1	HCK	0.5414746937217825	1.0
Reactome	combined	HSP90 Chaperone Cycle For Steroid Hormone Receptors (SHR) In Presence Of Ligand R-HSA-3371497	37	688	33010	1	CAPZB	0.5414746937217825	1.0
Reactome	combined	RHOU GTPase Cycle R-HSA-9013420	37	688	33010	1	DST	0.5414746937217825	1.0
Reactome	combined	Regulation Of TP53 Expression And Degradation R-HSA-6806003	37	688	33010	1	CDKN2A	0.5414746937217825	1.0
Reactome	combined	Sensory Perception Of Sweet, Bitter, And Umami (Glutamate) Taste R-HSA-9717207	37	688	33010	1	GRM1	0.5414746937217825	1.0
Reactome	combined	Opioid Signaling R-HSA-111885	87	688	33010	2	PDE4C,PRKAR1B	0.5439459757409895	1.0
Reactome	combined	P75 NTR Receptor-Mediated Signaling R-HSA-193704	87	688	33010	2	AKAP13,MCF2L	0.5439459757409895	1.0
Reactome	combined	DAG And IP3 Signaling R-HSA-1489509	38	688	33010	1	PRKAR1B	0.5510420794834482	1.0
Reactome	combined	Paradoxical Activation Of RAF Signaling By Kinase Inactive BRAF R-HSA-6802955	38	688	33010	1	APBB1IP	0.5510420794834482	1.0
Reactome	combined	Resolution Of Abasic Sites (AP Sites) R-HSA-73933	38	688	33010	1	PARP1	0.5510420794834482	1.0
Reactome	combined	Signaling By FGFR4 R-HSA-5654743	38	688	33010	1	SPRY2	0.5510420794834482	1.0
Reactome	combined	RHOA GTPase Cycle R-HSA-8980692	138	688	33010	3	AKAP13,MCF2L,TMPO	0.5510884869345186	1.0
Reactome	combined	EPH-Ephrin Signaling R-HSA-2682334	89	688	33010	2	EPHA10,MMP9	0.5562572673994812	1.0
Reactome	combined	Carboxyterminal Post-Translational Modifications Of Tubulin R-HSA-8955332	39	688	33010	1	TUBB2B	0.5604101205278307	1.0
Reactome	combined	Collagen Degradation R-HSA-1442490	39	688	33010	1	MMP9	0.5604101205278307	1.0
Reactome	combined	Deactivation Of Beta-Catenin Transactivating Complex R-HSA-3769402	39	688	33010	1	BCL9	0.5604101205278307	1.0
Reactome	combined	Dual Incision In GG-NER R-HSA-5696400	39	688	33010	1	PARP1	0.5604101205278307	1.0
Reactome	combined	ERCC6 (CSB) And EHMT2 (G9a) Positively Regulate rRNA Expression R-HSA-427389	39	688	33010	1	GATAD2B	0.5604101205278307	1.0
Reactome	combined	Formation Of Incision Complex In GG-NER R-HSA-5696395	39	688	33010	1	PARP1	0.5604101205278307	1.0
Reactome	combined	L1CAM Interactions R-HSA-373760	91	688	33010	2	EZR,SCN1A	0.5683306370921245	1.0
Reactome	combined	RUNX1 Regulates Transcription Of Genes Involved In Differentiation Of HSCs R-HSA-8939236	91	688	33010	2	GATA3,TAL1	0.5683306370921245	1.0
Reactome	combined	Signaling By NOTCH R-HSA-157118	192	688	33010	4	DLK1,MAML3,SEL1L,TBL1XR1	0.5694878687159054	1.0
Reactome	combined	Kinesins R-HSA-983189	40	688	33010	1	KLC1	0.5695829644536096	1.0
Reactome	combined	Signaling By FGFR2 In Disease R-HSA-5655253	40	688	33010	1	FGF5	0.5695829644536096	1.0
Reactome	combined	TBC/RABGAPs R-HSA-8854214	40	688	33010	1	TBC1D7	0.5695829644536096	1.0
Reactome	combined	Response Of EIF2AK4 (GCN2) To Amino Acid Deficiency R-HSA-9633012	92	688	33010	2	RPL23,RPS2	0.5742776600456532	1.0
Reactome	combined	Transcriptional Regulation By RUNX3 R-HSA-8878159	92	688	33010	2	CDKN2A,MAML3	0.5742776600456532	1.0
Reactome	combined	Activation Of Gene Expression By SREBF (SREBP) R-HSA-2426168	41	688	33010	1	TBL1XR1	0.5785646726870312	1.0
Reactome	combined	Interleukin-3, Interleukin-5 And GM-CSF Signaling R-HSA-512988	41	688	33010	1	HCK	0.5785646726870312	1.0
Reactome	combined	Intra-Golgi Traffic R-HSA-6811438	41	688	33010	1	CUX1	0.5785646726870312	1.0
Reactome	combined	RND1 GTPase Cycle R-HSA-9696273	41	688	33010	1	DST	0.5785646726870312	1.0
Reactome	combined	RND2 GTPase Cycle R-HSA-9696270	41	688	33010	1	DST	0.5785646726870312	1.0
Reactome	combined	RND3 GTPase Cycle R-HSA-9696264	41	688	33010	1	DST	0.5785646726870312	1.0
Reactome	combined	Retinoid Metabolism And Transport R-HSA-975634	41	688	33010	1	RIMBP2	0.5785646726870312	1.0
Reactome	combined	Signaling By SCF-KIT R-HSA-1433557	41	688	33010	1	MMP9	0.5785646726870312	1.0
Reactome	combined	Vasopressin Regulates Renal Water Homeostasis Via Aquaporins R-HSA-432040	41	688	33010	1	PRKAR1B	0.5785646726870312	1.0
Reactome	combined	Cellular Response To Starvation R-HSA-9711097	144	688	33010	3	ATP6V1B1,RPL23,RPS2	0.579942832744859	1.0
Reactome	combined	SLC Transporter Disorders R-HSA-5619102	94	688	33010	2	SLC6A3,SLC6A5	0.5859917859862234	1.0
Reactome	combined	Stimuli-sensing Channels R-HSA-2672351	94	688	33010	2	ASIC2,OSTM1	0.5859917859862234	1.0
Reactome	combined	Axon Guidance R-HSA-422475	496	688	33010	10	DNAAF3,EPHA10,EZR,HOXA2,LHX9,MMP9,RPL23,RPS2,SCN1A,SEMA4A	0.5864593462973802	1.0
Reactome	combined	Collagen Chain Trimerization R-HSA-8948216	42	688	33010	1	COL11A1	0.5873592222697096	1.0
Reactome	combined	PI3K Cascade R-HSA-109704	42	688	33010	1	FGF5	0.5873592222697096	1.0
Reactome	combined	SARS-CoV-2 Modulates Host Translation Machinery R-HSA-9754678	42	688	33010	1	RPS2	0.5873592222697096	1.0
Reactome	combined	GPER1 Signaling R-HSA-9634597	43	688	33010	1	PRKAR1B	0.5959705076093853	1.0
Reactome	combined	Heme Signaling R-HSA-9707616	43	688	33010	1	TBL1XR1	0.5959705076093853	1.0
Reactome	combined	PKMTs Methylate Histone Lysines R-HSA-3214841	43	688	33010	1	PRDM16	0.5959705076093853	1.0
Reactome	combined	Sensory Perception Of Taste R-HSA-9717189	43	688	33010	1	GRM1	0.5959705076093853	1.0
Reactome	combined	Metabolism Of Proteins R-HSA-392499	1778	688	33010	36	CAPZB,CCT5,CCT6A,CDKN2A,CDX2,CFTR,COPS5,EIF3I,GALNTL6,GATA3,GRIA1,MDC1,MDGA2,NRN1,NSMCE2,NTM,OPCML,PAPPA2,PARP1,PAX6,PENK,PIGB,PMEPA1,RAB27A,RPL23,RPS2,RTN4RL1,SATB2,SEL1L,SPARCL1,SSR3,ST8SIA3,TFAP2B,THRA,TUBB2B,ZBTB16	0.5959726227344491	1.0
Reactome	combined	Signaling By ROBO Receptors R-HSA-376176	200	688	33010	4	HOXA2,LHX9,RPL23,RPS2	0.6016845739660495	1.0
Reactome	combined	RMTs Methylate Histone Arginines R-HSA-3214858	44	688	33010	1	RPS2	0.6044023421944175	1.0
Reactome	combined	TGF-beta Receptor Signaling Activates SMADs R-HSA-2173789	44	688	33010	1	PMEPA1	0.6044023421944175	1.0
Reactome	combined	TP53 Regulates Transcription Of Cell Death Genes R-HSA-5633008	44	688	33010	1	TNFRSF10A	0.6044023421944175	1.0
Reactome	combined	Influenza Infection R-HSA-168255	150	688	33010	3	PARP1,RPL23,RPS2	0.6075987407134982	1.0
Reactome	combined	Chondroitin Sulfate/Dermatan Sulfate Metabolism R-HSA-1793185	45	688	33010	1	CSGALNACT1	0.6126584602727481	1.0
Reactome	combined	IRS-mediated Signaling R-HSA-112399	45	688	33010	1	FGF5	0.6126584602727481	1.0
Reactome	combined	Metabolism Of Fat-Soluble Vitamins R-HSA-6806667	45	688	33010	1	RIMBP2	0.6126584602727481	1.0
Reactome	combined	NR1H2 And NR1H3-mediated Signaling R-HSA-9024446	45	688	33010	1	TBL1XR1	0.6126584602727481	1.0
Reactome	combined	Post-translational Protein Phosphorylation R-HSA-8957275	100	688	33010	2	PENK,SPARCL1	0.6196920520710905	1.0
Reactome	combined	PLC Beta Mediated Events R-HSA-112043	46	688	33010	1	PRKAR1B	0.6207425184960871	1.0
Reactome	combined	Regulation Of TP53 Activity R-HSA-5633007	153	688	33010	3	CDKN2A,GATAD2B,POU4F2	0.6209639979748327	1.0
Reactome	combined	Resolution Of Sister Chromatid Cohesion R-HSA-2500257	101	688	33010	2	CENPN,PMEPA1	0.6250987540722521	1.0
Reactome	combined	Deposition Of New CENPA-containing Nucleosomes At Centromere R-HSA-606279	47	688	33010	1	CENPN	0.628658097530024	1.0
Reactome	combined	Nonhomologous End-Joining (NHEJ) R-HSA-5693571	47	688	33010	1	MDC1	0.628658097530024	1.0
Reactome	combined	Signaling By EGFR R-HSA-177929	47	688	33010	1	SPRY2	0.628658097530024	1.0
Reactome	combined	Signaling By NOTCH3 R-HSA-9012852	47	688	33010	1	MAML3	0.628658097530024	1.0
Reactome	combined	RHO GTPase Cycle R-HSA-9012999	412	688	33010	8	AKAP13,CAPZB,CCT6A,CFTR,DST,MCF2L,TAOK3,TMPO	0.6289703392846879	1.0
Reactome	combined	Cellular Senescence R-HSA-2559583	156	688	33010	3	ANAPC1,CDKN2A,RB1	0.6340158703590159	1.0
Reactome	combined	M Phase R-HSA-68886	363	688	33010	7	ANAPC1,CENPN,PMEPA1,RB1,SMC4,TMPO,TUBB2B	0.6341606637649941	1.0
Reactome	combined	IRS-related Events Triggered By IGF1R R-HSA-2428928	48	688	33010	1	FGF5	0.6364087036307835	1.0
Reactome	combined	Ion Homeostasis R-HSA-5578775	48	688	33010	1	ABCC9	0.6364087036307835	1.0
Reactome	combined	Netrin-1 Signaling R-HSA-373752	48	688	33010	1	EZR	0.6364087036307835	1.0
Reactome	combined	mRNA Splicing - Minor Pathway R-HSA-72165	48	688	33010	1	SRSF7	0.6364087036307835	1.0
Reactome	combined	S Phase R-HSA-69242	157	688	33010	3	ANAPC1,PMEPA1,RB1	0.6382964012117475	1.0
Reactome	combined	Degradation Of Extracellular Matrix R-HSA-1474228	104	688	33010	2	CD44,MMP9	0.640960847497307	1.0
Reactome	combined	Nucleotide Excision Repair R-HSA-5696398	104	688	33010	2	COPS5,PARP1	0.640960847497307	1.0
Reactome	combined	Aquaporin-mediated Transport R-HSA-445717	49	688	33010	1	PRKAR1B	0.6439977701893062	1.0
Reactome	combined	Cargo Trafficking To Periciliary Membrane R-HSA-5620920	49	688	33010	1	CCT5	0.6439977701893062	1.0
Reactome	combined	IGF1R Signaling Cascade R-HSA-2428924	49	688	33010	1	FGF5	0.6439977701893062	1.0
Reactome	combined	Ion Transport By P-type ATPases R-HSA-936837	49	688	33010	1	ATP11A	0.6439977701893062	1.0
Reactome	combined	Transcriptional Activation Of Mitochondrial Biogenesis R-HSA-2151201	49	688	33010	1	TBL1XR1	0.6439977701893062	1.0
Reactome	combined	Nervous System Development R-HSA-9675108	520	688	33010	10	DNAAF3,EPHA10,EZR,HOXA2,LHX9,MMP9,RPL23,RPS2,SCN1A,SEMA4A	0.6454372116590199	1.0
Reactome	combined	Nonsense Mediated Decay (NMD) Enhanced By Exon Junction Complex (EJC) R-HSA-975957	105	688	33010	2	RPL23,RPS2	0.6461294035371361	1.0
Reactome	combined	Reproduction R-HSA-1474165	105	688	33010	2	CATSPERG,PMEPA1	0.6461294035371361	1.0
Reactome	combined	Membrane Trafficking R-HSA-199991	571	688	33010	11	CAPZB,CFTR,COPS5,CUX1,GJA3,GJB2,GRIA1,KLC1,RAB27A,SYT1,TBC1D7	0.646196864941208	1.0
Reactome	combined	Formation Of TC-NER Pre-Incision Complex R-HSA-6781823	50	688	33010	1	COPS5	0.6514286592433323	1.0
Reactome	combined	Nucleotide-binding Domain, Leucine Rich Repeat Containing NLR Signaling Pathways R-HSA-168643	50	688	33010	1	AIM2	0.6514286592433323	1.0
Reactome	combined	Signaling By Type 1 Insulin-like Growth Factor 1 Receptor (IGF1R) R-HSA-2404192	50	688	33010	1	FGF5	0.6514286592433323	1.0
Reactome	combined	Transport To Golgi And Subsequent Modification R-HSA-948021	161	688	33010	3	CAPZB,GRIA1,ST8SIA3	0.6550663014591572	1.0
Reactome	combined	G-protein Mediated Events R-HSA-112040	51	688	33010	1	PRKAR1B	0.6587046629581559	1.0
Reactome	combined	Insulin Receptor Signaling Cascade R-HSA-74751	51	688	33010	1	FGF5	0.6587046629581559	1.0
Reactome	combined	Pyruvate Metabolism And Citric Acid (TCA) Cycle R-HSA-71406	51	688	33010	1	PCDHGA5	0.6587046629581559	1.0
Reactome	combined	RHOJ GTPase Cycle R-HSA-9013409	51	688	33010	1	TMPO	0.6587046629581559	1.0
Reactome	combined	Mitotic Spindle Checkpoint R-HSA-69618	108	688	33010	2	ANAPC1,CENPN	0.6612813934014201	1.0
Reactome	combined	Selenoamino Acid Metabolism R-HSA-2408522	108	688	33010	2	RPL23,RPS2	0.6612813934014201	1.0
Reactome	combined	Amino Acids Regulate mTORC1 R-HSA-9639288	52	688	33010	1	ATP6V1B1	0.6658290050766906	1.0
Reactome	combined	Nuclear Envelope Breakdown R-HSA-2980766	52	688	33010	1	TMPO	0.6658290050766906	1.0
Reactome	combined	RNA Polymerase I Promoter Escape R-HSA-73772	52	688	33010	1	TAF1D	0.6658290050766906	1.0
Reactome	combined	Macroautophagy R-HSA-1632852	109	688	33010	2	CFTR,HSF1	0.6662149328619887	1.0
Reactome	combined	Separation Of Sister Chromatids R-HSA-2467813	164	688	33010	3	ANAPC1,CENPN,PMEPA1	0.6672728576191387	1.0
Reactome	combined	Golgi-to-ER Retrograde Transport R-HSA-8856688	110	688	33010	2	CAPZB,KLC1	0.6710903343570804	1.0
Reactome	combined	Immunoregulatory Interactions Between A Lymphoid And A non-Lymphoid Cell R-HSA-198933	110	688	33010	2	CD1D,CXADR	0.6710903343570804	1.0
Reactome	combined	B-WICH Complex Positively Regulates rRNA Expression R-HSA-5250924	53	688	33010	1	TAF1D	0.672804842339487	1.0
Reactome	combined	Regulation Of RUNX3 Expression And Activity R-HSA-8941858	53	688	33010	1	CDKN2A	0.672804842339487	1.0
Reactome	combined	Regulation Of Cholesterol Biosynthesis By SREBP (SREBF) R-HSA-1655829	53	688	33010	1	TBL1XR1	0.672804842339487	1.0
Reactome	combined	Signaling By ALK Fusions And Activated Point Mutants R-HSA-9725370	53	688	33010	1	KLC1	0.672804842339487	1.0
Reactome	combined	mRNA 3-End Processing R-HSA-72187	53	688	33010	1	SRSF7	0.672804842339487	1.0
Reactome	combined	Rab Regulation Of Trafficking R-HSA-9007101	111	688	33010	2	RAB27A,TBC1D7	0.6759078743626346	1.0
Reactome	combined	RAC1 GTPase Cycle R-HSA-9013149	167	688	33010	3	MCF2L,TAOK3,TMPO	0.6791612246224378	1.0
Reactome	combined	ECM Proteoglycans R-HSA-3000178	54	688	33010	1	TNR	0.6796352658753193	1.0
Reactome	combined	FCGR3A-mediated Phagocytosis R-HSA-9664422	54	688	33010	1	HCK	0.6796352658753193	1.0
Reactome	combined	Hh Mutants Are Degraded By ERAD R-HSA-5362768	54	688	33010	1	SEL1L	0.6796352658753193	1.0
Reactome	combined	Intrinsic Pathway For Apoptosis R-HSA-109606	54	688	33010	1	CDKN2A	0.6796352658753193	1.0
Reactome	combined	Meiotic Synapsis R-HSA-1221632	54	688	33010	1	PMEPA1	0.6796352658753193	1.0
Reactome	combined	PPARA Activates Gene Expression R-HSA-1989781	112	688	33010	2	CPT2,TBL1XR1	0.6806678430817941	1.0
Reactome	combined	Platelet Degranulation R-HSA-114608	112	688	33010	2	RARRES2,SELENOP	0.6806678430817941	1.0
Reactome	combined	Sensory Perception R-HSA-9709957	485	688	33010	9	CACNA2D2,CAPZB,EZR,GRK7,GRM1,KCNQ4,MYO3A,PDE6B,RIMBP2	0.6834239274671123	1.0
Reactome	combined	Glycosaminoglycan Metabolism R-HSA-1630316	113	688	33010	2	CD44,CSGALNACT1	0.6853705437543987	1.0
Reactome	combined	Cytoprotection By HMOX1 R-HSA-9707564	55	688	33010	1	TBL1XR1	0.6863233025629571	1.0
Reactome	combined	Formation Of beta-catenin:TCF Transactivating Complex R-HSA-201722	55	688	33010	1	BCL9	0.6863233025629571	1.0
Reactome	combined	RAB Geranylgeranylation R-HSA-8873719	55	688	33010	1	RAB27A	0.6863233025629571	1.0
Reactome	combined	Regulated Necrosis R-HSA-5218859	55	688	33010	1	TNFRSF10A	0.6863233025629571	1.0
Reactome	combined	SUMOylation Of Chromatin Organization Proteins R-HSA-4551638	55	688	33010	1	SATB2	0.6863233025629571	1.0
Reactome	combined	Stabilization Of P53 R-HSA-69541	55	688	33010	1	CDKN2A	0.6863233025629571	1.0
Reactome	combined	Homology Directed Repair R-HSA-5693538	114	688	33010	2	MDC1,PARP1	0.6900162919892234	1.0
Reactome	combined	Regulation Of Lipid Metabolism By PPARalpha R-HSA-400206	114	688	33010	2	CPT2,TBL1XR1	0.6900162919892234	1.0
Reactome	combined	Arachidonic Acid Metabolism R-HSA-2142753	56	688	33010	1	ALOX5	0.6928719163647075	1.0
Reactome	combined	Formation Of RNA Pol II Elongation Complex R-HSA-112382	56	688	33010	1	MLLT1	0.6928719163647075	1.0
Reactome	combined	GABA Receptor Activation R-HSA-977443	56	688	33010	1	GABRA1	0.6928719163647075	1.0
Reactome	combined	Late SARS-CoV-2 Infection Events R-HSA-9772573	56	688	33010	1	PARP4	0.6928719163647075	1.0
Reactome	combined	Pre-NOTCH Transcription And Translation R-HSA-1912408	56	688	33010	1	MAML3	0.6928719163647075	1.0
Reactome	combined	Recruitment And ATM-mediated Phosphorylation Of Repair And Signal Proteins At DNA Double Strand Breaks R-HSA-5693565	56	688	33010	1	MDC1	0.6928719163647075	1.0
Reactome	combined	Transcriptional Regulation By RUNX2 R-HSA-8878166	115	688	33010	2	RB1,SATB2	0.6946054151183186	1.0
Reactome	combined	Extracellular Matrix Organization R-HSA-1474244	280	688	33010	5	CD44,COL11A1,DST,MMP9,TNR	0.6961950193238109	1.0
Reactome	combined	DNA Damage/Telomere Stress Induced Senescence R-HSA-2559586	57	688	33010	1	RB1	0.6992840096323254	1.0
Reactome	combined	DNA Double Strand Break Response R-HSA-5693606	57	688	33010	1	MDC1	0.6992840096323254	1.0
Reactome	combined	Hh Mutants Abrogate Ligand Secretion R-HSA-5387390	57	688	33010	1	SEL1L	0.6992840096323254	1.0
Reactome	combined	Iron Uptake And Transport R-HSA-917937	57	688	33010	1	ATP6V1B1	0.6992840096323254	1.0
Reactome	combined	O-linked Glycosylation Of Mucins R-HSA-913709	57	688	33010	1	GALNTL6	0.6992840096323254	1.0
Reactome	combined	RHOQ GTPase Cycle R-HSA-9013406	57	688	33010	1	CFTR	0.6992840096323254	1.0
Reactome	combined	rRNA Modification In Nucleus And Cytosol R-HSA-6790901	57	688	33010	1	RPS2	0.6992840096323254	1.0
Reactome	combined	Response To Elevated Platelet Cytosolic Ca2+ R-HSA-76005	117	688	33010	2	RARRES2,SELENOP	0.7036151502796256	1.0
Reactome	combined	Mitochondrial Protein Import R-HSA-1268020	58	688	33010	1	CMC2	0.705562424385852	1.0
Reactome	combined	Cytochrome P450 - Arranged By Substrate Type R-HSA-211897	59	688	33010	1	CYP26A1	0.711709943565948	1.0
Reactome	combined	Intra-Golgi And Retrograde Golgi-to-ER Traffic R-HSA-6811442	176	688	33010	3	CAPZB,CUX1,KLC1	0.7129257493259988	1.0
Reactome	combined	Signaling By BRAF And RAF1 Fusions R-HSA-6802952	60	688	33010	1	APBB1IP	0.7177292922602709	1.0
Reactome	combined	Signaling By Rho GTPases R-HSA-194315	605	688	33010	11	AKAP13,CAPZB,CCT6A,CENPN,CFTR,CTNNA1,DST,KLC1,MCF2L,TAOK3,TMPO	0.7181143968291894	1.0
Reactome	combined	Mitotic Prometaphase R-HSA-68877	178	688	33010	3	CENPN,PMEPA1,SMC4	0.7200451511226178	1.0
Reactome	combined	Metabolism Of Water-Soluble Vitamins And Cofactors R-HSA-196849	121	688	33010	2	NT5E,PARP4	0.7209706814141944	1.0
Reactome	combined	Ca2+ Pathway R-HSA-4086398	61	688	33010	1	PDE6B	0.7236231389044266	1.0
Reactome	combined	TP53 Regulates Transcription Of DNA Repair Genes R-HSA-6796648	61	688	33010	1	MDC1	0.7236231389044266	1.0
Reactome	combined	Vesicle-mediated Transport R-HSA-5653656	608	688	33010	11	CAPZB,CFTR,COPS5,CUX1,GJA3,GJB2,GRIA1,KLC1,RAB27A,SYT1,TBC1D7	0.7239874209913493	1.0
Reactome	combined	Autophagy R-HSA-9612973	122	688	33010	2	CFTR,HSF1	0.7251734529093546	1.0
Reactome	combined	Autodegradation Of Cdh1 By Cdh1:APC/C R-HSA-174084	62	688	33010	1	ANAPC1	0.7293940964580322	1.0
Reactome	combined	Costimulation By CD28 Family R-HSA-388841	62	688	33010	1	HLA-DPA1	0.7293940964580322	1.0
Reactome	combined	Cytosolic Sensors Of Pathogen-Associated DNA R-HSA-1834949	62	688	33010	1	AIM2	0.7293940964580322	1.0
Reactome	combined	FOXO-mediated Transcription R-HSA-9614085	62	688	33010	1	NPY	0.7293940964580322	1.0
Reactome	combined	Peroxisomal Protein Import R-HSA-9033241	62	688	33010	1	PEX7	0.7293940964580322	1.0
Reactome	combined	RNA Polymerase II Transcription Termination R-HSA-73856	62	688	33010	1	SRSF7	0.7293940964580322	1.0
Reactome	combined	Semaphorin Interactions R-HSA-373755	62	688	33010	1	SEMA4A	0.7293940964580322	1.0
Reactome	combined	Synthesis Of Substrates In N-glycan Biosythesis R-HSA-446219	62	688	33010	1	ST8SIA3	0.7293940964580322	1.0
Reactome	combined	COPII-mediated Vesicle Transport R-HSA-204005	63	688	33010	1	GRIA1	0.7350447235563957	1.0
Reactome	combined	Hedgehog Ligand Biogenesis R-HSA-5358346	63	688	33010	1	SEL1L	0.7350447235563957	1.0
Reactome	combined	Antigen Processing: Ubiquitination And Proteasome Degradation R-HSA-983168	294	688	33010	5	ANAPC1,LNX1,RNF114,ZBTB16,ZNRF2	0.7357458365022476	1.0
Reactome	combined	Diseases Of Programmed Cell Death R-HSA-9645723	64	688	33010	1	CDKN2A	0.7405775256383214	1.0
Reactome	combined	p53-Dependent G1 DNA Damage Response R-HSA-69563	64	688	33010	1	CDKN2A	0.7405775256383214	1.0
Reactome	combined	Diseases Of Signal Transduction By Growth Factor Receptors And Second Messengers R-HSA-5663202	406	688	33010	7	APBB1IP,CUX1,FGF5,KLC1,MAML3,SEL1L,TBL1XR1	0.7441727397795308	1.0
Reactome	combined	Signaling By Rho GTPases, Miro GTPases And RHOBTB3 R-HSA-9716542	619	688	33010	11	AKAP13,CAPZB,CCT6A,CENPN,CFTR,CTNNA1,DST,KLC1,MCF2L,TAOK3,TMPO	0.7448408409662877	1.0
Reactome	combined	Collagen Biosynthesis And Modifying Enzymes R-HSA-1650814	65	688	33010	1	COL11A1	0.7459949560505361	1.0
Reactome	combined	Glycolysis R-HSA-70171	65	688	33010	1	PKLR	0.7459949560505361	1.0
Reactome	combined	Interleukin-17 Signaling R-HSA-448424	65	688	33010	1	IL17RA	0.7459949560505361	1.0
Reactome	combined	APC/C:Cdc20 Mediated Degradation Of Securin R-HSA-174154	66	688	33010	1	ANAPC1	0.7512994171292201	1.0
Reactome	combined	G1/S DNA Damage Checkpoints R-HSA-69615	66	688	33010	1	CDKN2A	0.7512994171292201	1.0
Reactome	combined	Integrin Cell Surface Interactions R-HSA-216083	66	688	33010	1	CD44	0.7512994171292201	1.0
Reactome	combined	ER To Golgi Anterograde Transport R-HSA-199977	130	688	33010	2	CAPZB,GRIA1	0.7568989873859733	1.0
Reactome	combined	Class I MHC Mediated Antigen Processing And Presentation R-HSA-983169	359	688	33010	6	ANAPC1,ERAP1,LNX1,RNF114,ZBTB16,ZNRF2	0.760988580684193	1.0
Reactome	combined	Base Excision Repair R-HSA-73884	68	688	33010	1	PARP1	0.7615787919106509	1.0
Reactome	combined	NoRC Negatively Regulates rRNA Expression R-HSA-427413	68	688	33010	1	TAF1D	0.7615787919106509	1.0
Reactome	combined	Plasma Lipoprotein Assembly, Remodeling, And Clearance R-HSA-174824	69	688	33010	1	LMF1	0.7665582646556417	1.0
Reactome	combined	Transport Of Mature mRNA Derived From An Intron-Containing Transcript R-HSA-159236	69	688	33010	1	SRSF7	0.7665582646556417	1.0
Reactome	combined	Negative Epigenetic Regulation Of rRNA Expression R-HSA-5250941	70	688	33010	1	TAF1D	0.771433888161817	1.0
Reactome	combined	Infectious Disease R-HSA-5663205	898	688	33010	16	ANTXR2,CALCB,CPAMD8,GATAD2B,HCK,IL17RA,NT5E,PARP1,PARP4,PRKAR1B,RB1,RPL23,RPS2,SCT,SYT1,TBL1XR1	0.7724287652811772	1.0
Reactome	combined	PTEN Regulation R-HSA-6807070	135	688	33010	2	GATAD2B,NR2E1	0.7750805882433556	1.0
Reactome	combined	RHO GTPase Effectors R-HSA-195258	253	688	33010	4	CENPN,CFTR,CTNNA1,KLC1	0.7753204732136665	1.0
Reactome	combined	CDK-mediated Phosphorylation And Removal Of Cdc6 R-HSA-69017	71	688	33010	1	ANAPC1	0.776207825166816	1.0
Reactome	combined	Cdc20:Phospho-APC/C Mediated Degradation Of Cyclin A R-HSA-174184	71	688	33010	1	ANAPC1	0.776207825166816	1.0
Reactome	combined	Transcriptional Regulation By RUNX1 R-HSA-8878171	196	688	33010	3	GATA3,PAX5,TAL1	0.7780396496609857	1.0
Reactome	combined	SARS-CoV-2 Infection R-HSA-9694516	255	688	33010	4	IL17RA,PARP4,RB1,RPS2	0.7805055345512776	1.0
Reactome	combined	APC:Cdc20 Mediated Degradation Of Cell Cycle Proteins Before Cycle Checkpoint Satisfied R-HSA-179419	72	688	33010	1	ANAPC1	0.7808821934319494	1.0
Reactome	combined	Extra-nuclear Estrogen Signaling R-HSA-9009391	72	688	33010	1	MMP9	0.7808821934319494	1.0
Reactome	combined	Signaling By Receptor Tyrosine Kinases R-HSA-9006934	480	688	33010	8	ATP6V1B1,CTNNA1,FGF5,GABRA1,MMP9,NTRK1,SPRY2,WWOX	0.7849777610798353	1.0
Reactome	combined	CDC42 GTPase Cycle R-HSA-9013148	138	688	33010	2	MCF2L,TMPO	0.7854101320925981	1.0
Reactome	combined	G2/M DNA Damage Checkpoint R-HSA-69473	73	688	33010	1	MDC1	0.7854590666761907	1.0
Reactome	combined	APC/C:Cdc20 Mediated Degradation Of Mitotic Proteins R-HSA-176409	74	688	33010	1	ANAPC1	0.7899404754907997	1.0
Reactome	combined	Oncogenic MAPK Signaling R-HSA-6802957	74	688	33010	1	APBB1IP	0.7899404754907997	1.0
Reactome	combined	Activation Of APC/C And APC/C:Cdc20 Mediated Degradation Of Mitotic Proteins R-HSA-176814	75	688	33010	1	ANAPC1	0.7943284082349804	1.0
Reactome	combined	Biosynthesis Of N-glycan Precursor (Dolichol LLO) And Transfer To Protein R-HSA-446193	75	688	33010	1	ST8SIA3	0.7943284082349804	1.0
Reactome	combined	Constitutive Signaling By Aberrant PI3K In Cancer R-HSA-2219530	75	688	33010	1	FGF5	0.7943284082349804	1.0
Reactome	combined	Nuclear Events Mediated By NFE2L2 R-HSA-9759194	75	688	33010	1	CDKN2A	0.7943284082349804	1.0
Reactome	combined	RNA Polymerase II Pre-transcription Events R-HSA-674695	75	688	33010	1	MLLT1	0.7943284082349804	1.0
Reactome	combined	Transcription-Coupled Nucleotide Excision Repair (TC-NER) R-HSA-6781827	75	688	33010	1	COPS5	0.7943284082349804	1.0
Reactome	combined	COPI-dependent Golgi-to-ER Retrograde Traffic R-HSA-6811434	76	688	33010	1	KLC1	0.7986248119129621	1.0
Reactome	combined	Processing Of DNA Double-Strand Break Ends R-HSA-5693607	76	688	33010	1	MDC1	0.7986248119129621	1.0
Reactome	combined	Mitotic G1 Phase And G1/S Transition R-HSA-453279	143	688	33010	2	CDKN2A,RB1	0.8017002648724632	1.0
Reactome	combined	Cell Cycle Checkpoints R-HSA-69620	264	688	33010	4	ANAPC1,CDKN2A,CENPN,MDC1	0.8026718077810249	1.0
Reactome	combined	DNA Double-Strand Break Repair R-HSA-5693532	144	688	33010	2	MDC1,PARP1	0.8048236089869365	1.0
Reactome	combined	Signaling By NOTCH4 R-HSA-9013694	78	688	33010	1	MAML3	0.8069506184479311	1.0
Reactome	combined	Transport Of Mature Transcript To Cytoplasm R-HSA-72202	78	688	33010	1	SRSF7	0.8069506184479311	1.0
Reactome	combined	Regulation Of APC/C Activators Between G1/S And Early Anaphase R-HSA-176408	79	688	33010	1	ANAPC1	0.8109837161798582	1.0
Reactome	combined	Regulation Of HSF1-mediated Heat Shock Response R-HSA-3371453	79	688	33010	1	HSF1	0.8109837161798582	1.0
Reactome	combined	COPI-mediated Anterograde Transport R-HSA-6807878	80	688	33010	1	CAPZB	0.8149326762256589	1.0
Reactome	combined	Drug ADME R-HSA-9748784	80	688	33010	1	GLYATL1	0.8149326762256589	1.0
Reactome	combined	Fcgamma Receptor (FCGR) Dependent Phagocytosis R-HSA-2029480	80	688	33010	1	HCK	0.8149326762256589	1.0
Reactome	combined	Translation R-HSA-72766	271	688	33010	4	EIF3I,RPL23,RPS2,SSR3	0.8186297576266581	1.0
Reactome	combined	Cyclin E Associated Events During G1/S Transition R-HSA-69202	81	688	33010	1	RB1	0.8187992513473333	1.0
Reactome	combined	Meiosis R-HSA-1500620	81	688	33010	1	PMEPA1	0.8187992513473333	1.0
Reactome	combined	Transcriptional Regulation Of White Adipocyte Differentiation R-HSA-381340	81	688	33010	1	TBL1XR1	0.8187992513473333	1.0
Reactome	combined	Platelet Homeostasis R-HSA-418346	82	688	33010	1	PDE10A	0.8225851578453454	1.0
Reactome	combined	RAB GEFs Exchange GTP For GDP On RABs R-HSA-8876198	82	688	33010	1	RAB27A	0.8225851578453454	1.0
Reactome	combined	Cell Cycle, Mitotic R-HSA-69278	503	688	33010	8	ANAPC1,CDKN2A,CENPN,PMEPA1,RB1,SMC4,TMPO,TUBB2B	0.8251112993819026	1.0
Reactome	combined	Cyclin A:Cdk2-associated Events At S Phase Entry R-HSA-69656	83	688	33010	1	RB1	0.8262920763160205	1.0
Reactome	combined	Asparagine N-linked Glycosylation R-HSA-446203	276	688	33010	4	CAPZB,GRIA1,SEL1L,ST8SIA3	0.8293665341123019	1.0
Reactome	combined	Glucose Metabolism R-HSA-70326	84	688	33010	1	PKLR	0.8299216523932396	1.0
Reactome	combined	Hedgehog On State R-HSA-5632684	84	688	33010	1	DZIP1	0.8299216523932396	1.0
Reactome	combined	Mitochondrial Biogenesis R-HSA-1592230	84	688	33010	1	TBL1XR1	0.8299216523932396	1.0
Reactome	combined	Protein Localization R-HSA-9609507	153	688	33010	2	CMC2,PEX7	0.8310182019563863	1.0
Reactome	combined	SARS-CoV Infections R-HSA-9679506	336	688	33010	5	GATAD2B,IL17RA,PARP4,RB1,RPS2	0.8315416918871905	1.0
Reactome	combined	Oxidative Stress Induced Senescence R-HSA-2559580	86	688	33010	1	CDKN2A	0.8369551894333533	1.0
Reactome	combined	Downstream TCR Signaling R-HSA-202424	88	688	33010	1	HLA-DPA1	0.8436982620131998	1.0
Reactome	combined	HCMV Early Events R-HSA-9609690	89	688	33010	1	TBL1XR1	0.8469646369519921	1.0
Reactome	combined	Switching Of Origins To A Post-Replicative State R-HSA-69052	89	688	33010	1	ANAPC1	0.8469646369519921	1.0
Reactome	combined	Transcriptional Regulation By TP53 R-HSA-3700989	346	688	33010	5	CDKN2A,GATAD2B,MDC1,POU4F2,TNFRSF10A	0.8496324961292067	1.0
Reactome	combined	Potential Therapeutics For SARS R-HSA-9679191	90	688	33010	1	GATAD2B	0.8501628487249343	1.0
Reactome	combined	Unattached Kinetochores Signal Amplification Via A MAD2 Inhibitory Signal R-HSA-141444	91	688	33010	1	CENPN	0.8532943177430765	1.0
Reactome	combined	Phase II - Conjugation Of Compounds R-HSA-156580	91	688	33010	1	GLYATL1	0.8532943177430765	1.0
Reactome	combined	VEGFA-VEGFR2 Pathway R-HSA-4420097	91	688	33010	1	CTNNA1	0.8532943177430765	1.0
Reactome	combined	Adaptive Immune System R-HSA-1280218	692	688	33010	11	ANAPC1,CAPZB,CD1D,CXADR,ERAP1,HLA-DPA1,KLC1,LNX1,RNF114,ZBTB16,ZNRF2	0.8561091920011301	1.0
Reactome	combined	Fatty Acid Metabolism R-HSA-8978868	165	688	33010	2	ALOX5,CPT2	0.8610050844071262	1.0
Reactome	combined	HATs Acetylate Histones R-HSA-3214847	94	688	33010	1	PAX3	0.8623020326988371	1.0
Reactome	combined	EML4 And NUDC In Mitotic Spindle Formation R-HSA-9648025	95	688	33010	1	CENPN	0.865180152807696	1.0
Reactome	combined	Intracellular Signaling By Second Messengers R-HSA-9006925	296	688	33010	4	FGF5,GATAD2B,NR2E1,PRKAR1B	0.8671525796898624	1.0
Reactome	combined	Cellular Response To Heat Stress R-HSA-3371556	96	688	33010	1	HSF1	0.8679982009580318	1.0
Reactome	combined	Hedgehog Off State R-HSA-5610787	96	688	33010	1	PRKAR1B	0.8679982009580318	1.0
Reactome	combined	Phase I - Functionalization Of Compounds R-HSA-211945	96	688	33010	1	CYP26A1	0.8679982009580318	1.0
Reactome	combined	KEAP1-NFE2L2 Pathway R-HSA-9755511	97	688	33010	1	CDKN2A	0.8707574291813068	1.0
Reactome	combined	Apoptosis R-HSA-109581	171	688	33010	2	CDKN2A,TNFRSF10A	0.8740984411236397	1.0
Reactome	combined	Major Pathway Of rRNA Processing In Nucleolus And Cytosol R-HSA-6791226	171	688	33010	2	RPL23,RPS2	0.8740984411236397	1.0
Reactome	combined	Ub-specific Processing Proteases R-HSA-5689880	171	688	33010	2	CFTR,GATA3	0.8740984411236397	1.0
Reactome	combined	Signaling By VEGF R-HSA-194138	99	688	33010	1	CTNNA1	0.8761043042248957	1.0
Reactome	combined	Disease R-HSA-1643685	1631	688	33010	28	ABCC9,ANAPC1,ANTXR2,APBB1IP,CALCB,CDKN2A,CFTR,CPAMD8,CUX1,FGF5,GATAD2B,HCK,IL17RA,KLC1,MAML3,NT5E,PARP1,PARP4,PRKAR1B,RB1,RPL23,RPS2,SCT,SEL1L,SLC6A3,SLC6A5,SYT1,TBL1XR1	0.87796563894561	1.0
Reactome	combined	SARS-CoV-2-host Interactions R-HSA-9705683	173	688	33010	2	IL17RA,RPS2	0.8782042160987501	1.0
Reactome	combined	Platelet Activation, Signaling And Aggregation R-HSA-76002	240	688	33010	3	APBB1IP,RARRES2,SELENOP	0.8790817023048331	1.0
Reactome	combined	Cellular Response To Chemical Stress R-HSA-9711123	174	688	33010	2	CDKN2A,TBL1XR1	0.8802104564263387	1.0
Reactome	combined	PI3K/AKT Signaling In Cancer R-HSA-2219528	101	688	33010	1	FGF5	0.881230282702941	1.0
Reactome	combined	PI5P, PP2A And IER3 Regulate PI3K/AKT Signaling R-HSA-6811558	102	688	33010	1	FGF5	0.8837132984585208	1.0
Reactome	combined	Signaling By Interleukins R-HSA-449147	429	688	33010	6	ALOX5,GATA3,HCK,IL17RA,IL22RA2,MMP9	0.8848587759962234	1.0
Reactome	combined	Gene Silencing By RNA R-HSA-211000	103	688	33010	1	HENMT1	0.8861444778270796	1.0
Reactome	combined	Assembly Of Pre-Replicative Complex R-HSA-68867	104	688	33010	1	ANAPC1	0.8885249014225144	1.0
Reactome	combined	O-linked Glycosylation R-HSA-5173105	104	688	33010	1	GALNTL6	0.8885249014225144	1.0
Reactome	combined	SARS-CoV-2 Activates/Modulates Innate And Adaptive Immune Responses R-HSA-9705671	104	688	33010	1	IL17RA	0.8885249014225144	1.0
Reactome	combined	rRNA Processing In Nucleus And Cytosol R-HSA-8868773	180	688	33010	2	RPL23,RPS2	0.8916200331932869	1.0
Reactome	combined	Interferon Signaling R-HSA-913531	181	688	33010	2	CD44,HLA-DPA1	0.8934206385695151	1.0
Reactome	combined	Chromosome Maintenance R-HSA-73886	109	688	33010	1	CENPN	0.8997019555548766	1.0
Reactome	combined	HDR Thru Homologous Recombination (HRR) Or Single Strand Annealing (SSA) R-HSA-5693567	109	688	33010	1	MDC1	0.8997019555548766	1.0
Reactome	combined	Negative Regulation Of PI3K/AKT Network R-HSA-199418	109	688	33010	1	FGF5	0.8997019555548766	1.0
Reactome	combined	TCR Signaling R-HSA-202403	109	688	33010	1	HLA-DPA1	0.8997019555548766	1.0
Reactome	combined	rRNA Processing R-HSA-72312	189	688	33010	2	RPL23,RPS2	0.9068546671294592	1.0
Reactome	combined	RAF/MAP Kinase Cascade R-HSA-5673001	258	688	33010	3	APBB1IP,FGF5,RASGEF1A	0.9069659974565668	1.0
Reactome	combined	Signaling By NTRK1 (TRKA) R-HSA-187037	113	688	33010	1	NTRK1	0.9078322317908324	1.0
Reactome	combined	PIP3 Activates AKT Signaling R-HSA-1257604	259	688	33010	3	FGF5,GATAD2B,NR2E1	0.908329769663269	1.0
Reactome	combined	HCMV Infection R-HSA-9609646	114	688	33010	1	TBL1XR1	0.9097598064793423	1.0
Reactome	combined	Cell Cycle R-HSA-1640170	630	688	33010	9	ANAPC1,CDKN2A,CENPN,MDC1,PMEPA1,RB1,SMC4,TMPO,TUBB2B	0.9105118206480364	1.0
Reactome	combined	RHO GTPases Activate Formins R-HSA-5663220	115	688	33010	1	CENPN	0.9116471257018074	1.0
Reactome	combined	Biological Oxidations R-HSA-211859	194	688	33010	2	CYP26A1,GLYATL1	0.9144290563191552	1.0
Reactome	combined	MAPK1/MAPK3 Signaling R-HSA-5684996	264	688	33010	3	APBB1IP,FGF5,RASGEF1A	0.914880629279799	1.0
Reactome	combined	Synthesis Of DNA R-HSA-69239	117	688	33010	1	ANAPC1	0.9153043382540293	1.0
Reactome	combined	Metabolism Of Carbohydrates R-HSA-71387	267	688	33010	3	CD44,CSGALNACT1,PKLR	0.9186038444702577	1.0
Reactome	combined	DNA Replication Pre-Initiation R-HSA-69002	119	688	33010	1	ANAPC1	0.9188103778112631	1.0
Reactome	combined	Programmed Cell Death R-HSA-5357801	200	688	33010	2	CDKN2A,TNFRSF10A	0.9227552069294743	1.0
Reactome	combined	Glycerophospholipid Biosynthesis R-HSA-1483206	122	688	33010	1	OSBPL5	0.9237995673827818	1.0
Reactome	combined	G1/S Transition R-HSA-69206	125	688	33010	1	RB1	0.9284825840462433	1.0
Reactome	combined	Host Interactions Of HIV Factors R-HSA-162909	126	688	33010	1	HCK	0.9299788279926074	1.0
Reactome	combined	Signaling By NTRKs R-HSA-166520	131	688	33010	1	NTRK1	0.9370040036517824	1.0
Reactome	combined	Beta-catenin Independent WNT Signaling R-HSA-3858494	141	688	33010	1	PDE6B	0.9490130631393079	1.0
Reactome	combined	DNA Repair R-HSA-73894	299	688	33010	3	COPS5,MDC1,PARP1	0.9500103715859858	1.0
Reactome	combined	G2/M Checkpoints R-HSA-69481	143	688	33010	1	MDC1	0.9511252299530948	1.0
Reactome	combined	Cellular Responses To Stress R-HSA-2262752	689	688	33010	9	ANAPC1,ATP6V1B1,CAPZB,CDKN2A,HSF1,RB1,RPL23,RPS2,TBL1XR1	0.9515154907141532	1.0
Reactome	combined	Neddylation R-HSA-8951664	227	688	33010	2	COPS5,ZBTB16	0.9516182858908595	1.0
Reactome	combined	Interleukin-1 Family Signaling R-HSA-446652	146	688	33010	1	ALOX5	0.9541307840890259	1.0
Reactome	combined	MAPK Family Signaling Cascades R-HSA-5683057	305	688	33010	3	APBB1IP,FGF5,RASGEF1A	0.9544670244677869	1.0
Reactome	combined	DNA Replication R-HSA-69306	147	688	33010	1	ANAPC1	0.955091045181612	1.0
Reactome	combined	Metabolism Of Steroids R-HSA-8957322	149	688	33010	1	TBL1XR1	0.9569517637343701	1.0
Reactome	combined	Cellular Responses To Stimuli R-HSA-8953897	703	688	33010	9	ANAPC1,ATP6V1B1,CAPZB,CDKN2A,HSF1,RB1,RPL23,RPS2,TBL1XR1	0.9583755341436171	1.0
Reactome	combined	Innate Immune System R-HSA-168249	955	688	33010	13	AIM2,ALOX5,ATP11A,ATP6V1B1,CD44,CD58,COTL1,DEGS1,HCK,MMP9,PTPRN2,RAB27A,RNASET2	0.9628175139866729	1.0
Reactome	combined	Citric Acid (TCA) Cycle And Respiratory Electron Transport R-HSA-1428517	156	688	33010	1	PCDHGA5	0.9628785517169838	1.0
Reactome	combined	Deubiquitination R-HSA-5688426	243	688	33010	2	CFTR,GATA3	0.9635140378601458	1.0
Reactome	combined	Cytokine Signaling In Immune System R-HSA-1280215	653	688	33010	8	ALOX5,CD44,GATA3,HCK,HLA-DPA1,IL17RA,IL22RA2,MMP9	0.963691041433021	1.0
Reactome	combined	Organelle Biogenesis And Maintenance R-HSA-1852241	262	688	33010	2	CCT5,TBL1XR1	0.974011030203673	1.0
Reactome	combined	mRNA Splicing - Major Pathway R-HSA-72163	174	688	33010	1	SRSF7	0.9746405328797411	1.0
Reactome	combined	Immune System R-HSA-168256	1810	688	33010	27	AIM2,ALOX5,ANAPC1,ATP11A,ATP6V1B1,CAPZB,CD1D,CD44,CD58,COTL1,CXADR,DEGS1,ERAP1,GATA3,HCK,HLA-DPA1,IL17RA,IL22RA2,KLC1,LNX1,MMP9,PTPRN2,RAB27A,RNASET2,RNF114,ZBTB16,ZNRF2	0.975804033323076	1.0
Reactome	combined	Cilium Assembly R-HSA-5617833	178	688	33010	1	CCT5	0.9767001419241385	1.0
Reactome	combined	Metabolism Of Amino Acids And Derivatives R-HSA-71291	348	688	33010	3	PSPH,RPL23,RPS2	0.9770486142099455	1.0
Reactome	combined	mRNA Splicing R-HSA-72172	181	688	33010	1	SRSF7	0.9781344620214549	1.0
Reactome	combined	Keratinization R-HSA-6805567	185	688	33010	1	KRTAP12-3	0.9799106728393274	1.0
Reactome	combined	TCF Dependent Signaling In Response To WNT R-HSA-201681	188	688	33010	1	BCL9	0.9811476134610405	1.0
Reactome	combined	Signaling By WNT R-HSA-195721	283	688	33010	2	BCL9,PDE6B	0.9822205497456723	1.0
Reactome	combined	Phospholipid Metabolism R-HSA-1483257	199	688	33010	1	OSBPL5	0.9850669684990424	1.0
Reactome	combined	HIV Infection R-HSA-162906	220	688	33010	1	HCK	0.9904320769971543	1.0
Reactome	combined	Metabolism Of Lipids R-HSA-556833	696	688	33010	7	ALOX5,CIDEA,CPT2,DEGS1,OSBPL5,SPHK2,TBL1XR1	0.9907107961064232	1.0
Reactome	combined	Processing Of Capped Intron-Containing Pre-mRNA R-HSA-72203	231	688	33010	1	SRSF7	0.9924229619645236	1.0
Reactome	combined	Metabolism R-HSA-1430728	1943	688	33010	25	ALOX5,CACNA2D2,CD44,CIDEA,COQ3,CPT2,CSGALNACT1,CTPS1,CYP26A1,DEGS1,DPYS,GLYATL1,KCNC2,NT5E,OSBPL5,PARP4,PCDHGA5,PKLR,PRKAR1B,PSPH,RIMBP2,RPL23,RPS2,SPHK2,TBL1XR1	0.9973302300361065	1.0
Reactome	combined	Metabolism Of RNA R-HSA-8953854	631	688	33010	4	CD44,RPL23,RPS2,SRSF7	0.9992090467059467	1.0
Reactome	combined	2-LTR Circle Formation R-HSA-164843	8	688	33010	0		1.0	1.0
Reactome	combined	GAG Synthesis Requires Tetrasaccharide Linker Sequence R-HSA-1971475	23	688	33010	0		1.0	1.0
Reactome	combined	ABC Transporters In Lipid Homeostasis R-HSA-1369062	16	688	33010	0		1.0	1.0
Reactome	combined	ADP Signaling Thru P2Y Purinoceptor 1 R-HSA-418592	25	688	33010	0		1.0	1.0
Reactome	combined	ADP Signaling Thru P2Y Purinoceptor 12 R-HSA-392170	22	688	33010	0		1.0	1.0
Reactome	combined	AKT Phosphorylates Targets In Cytosol R-HSA-198323	14	688	33010	0		1.0	1.0
Reactome	combined	AKT Phosphorylates Targets In Nucleus R-HSA-198693	9	688	33010	0		1.0	1.0
Reactome	combined	ALK Mutants Bind TKIs R-HSA-9700645	12	688	33010	0		1.0	1.0
Reactome	combined	AMPK Inhibits chREBP Transcriptional Activity R-HSA-163680	8	688	33010	0		1.0	1.0
Reactome	combined	APC Truncation Mutants Have Impaired AXIN Binding R-HSA-5467337	13	688	33010	0		1.0	1.0
Reactome	combined	APEX1-Independent Resolution Of AP Sites Via Single Nucleotide Replacement Pathway R-HSA-5649702	7	688	33010	0		1.0	1.0
Reactome	combined	APOBEC3G Mediated Resistance To HIV-1 R-HSA-180689	6	688	33010	0		1.0	1.0
Reactome	combined	ATF4 Activates Genes In Response To Endoplasmic Reticulum Stress R-HSA-380994	26	688	33010	0		1.0	1.0
Reactome	combined	ATF6 (ATF6-alpha) Activates Chaperone Genes R-HSA-381183	9	688	33010	0		1.0	1.0
Reactome	combined	ATF6 (ATF6-alpha) Activates Chaperones R-HSA-381033	10	688	33010	0		1.0	1.0
Reactome	combined	AUF1 (hnRNP D0) Binds And Destabilizes mRNA R-HSA-450408	53	688	33010	0		1.0	1.0
Reactome	combined	AURKA Activation By TPX2 R-HSA-8854518	69	688	33010	0		1.0	1.0
Reactome	combined	Abacavir ADME R-HSA-2161522	10	688	33010	0		1.0	1.0
Reactome	combined	Abacavir Metabolism R-HSA-2161541	5	688	33010	0		1.0	1.0
Reactome	combined	Abacavir Transmembrane Transport R-HSA-2161517	5	688	33010	0		1.0	1.0
Reactome	combined	Abortive Elongation Of HIV-1 Transcript In Absence Of Tat R-HSA-167242	23	688	33010	0		1.0	1.0
Reactome	combined	Acetylcholine Binding And Downstream Events R-HSA-181431	13	688	33010	0		1.0	1.0
Reactome	combined	Acetylcholine Inhibits Contraction Of Outer Hair Cells R-HSA-9667769	5	688	33010	0		1.0	1.0
Reactome	combined	Acetylcholine Regulates Insulin Secretion R-HSA-399997	10	688	33010	0		1.0	1.0
Reactome	combined	Acrosome Reaction And Sperm:Oocyte Membrane Binding R-HSA-1300645	5	688	33010	0		1.0	1.0
Reactome	combined	Activated NTRK2 Signals Thru CDK5 R-HSA-9032845	5	688	33010	0		1.0	1.0
Reactome	combined	Activated NTRK2 Signals Thru FRS2 And FRS3 R-HSA-9028731	9	688	33010	0		1.0	1.0
Reactome	combined	Activated NTRK2 Signals Thru FYN R-HSA-9032500	6	688	33010	0		1.0	1.0
Reactome	combined	Activated NTRK2 Signals Thru PI3K R-HSA-9028335	6	688	33010	0		1.0	1.0
Reactome	combined	Activated NTRK2 Signals Thru RAS R-HSA-9026519	7	688	33010	0		1.0	1.0
Reactome	combined	Activated NTRK3 Signals Thru PI3K R-HSA-9603381	6	688	33010	0		1.0	1.0
Reactome	combined	Activated NTRK3 Signals Thru RAS R-HSA-9034864	7	688	33010	0		1.0	1.0
Reactome	combined	Activated PKN1 Stimulates Transcription Of Androgen Receptor Regulated KLK2 And KLK3 R-HSA-5625886	30	688	33010	0		1.0	1.0
Reactome	combined	Activation Of AMPK Downstream Of NMDARs R-HSA-9619483	10	688	33010	0		1.0	1.0
Reactome	combined	Activation Of ATR In Response To Replication Stress R-HSA-176187	36	688	33010	0		1.0	1.0
Reactome	combined	Activation Of BAD And Translocation To Mitochondria R-HSA-111447	15	688	33010	0		1.0	1.0
Reactome	combined	Activation Of BH3-only Proteins R-HSA-114452	30	688	33010	0		1.0	1.0
Reactome	combined	Activation Of C3 And C5 R-HSA-174577	5	688	33010	0		1.0	1.0
Reactome	combined	Activation Of Ca-permeable Kainate Receptor R-HSA-451308	9	688	33010	0		1.0	1.0
Reactome	combined	Activation Of G Protein Gated Potassium Channels R-HSA-1296041	29	688	33010	0		1.0	1.0
Reactome	combined	Activation Of GABAB Receptors R-HSA-991365	42	688	33010	0		1.0	1.0
Reactome	combined	Activation Of IRF3/IRF7 Mediated By TBK1/IKK Epsilon R-HSA-936964	17	688	33010	0		1.0	1.0
Reactome	combined	Activation Of NF-kappaB In B Cells R-HSA-1169091	64	688	33010	0		1.0	1.0
Reactome	combined	Activation Of NIMA Kinases NEK9, NEK6, NEK7 R-HSA-2980767	7	688	33010	0		1.0	1.0
Reactome	combined	Activation Of NOXA And Translocation To Mitochondria R-HSA-111448	5	688	33010	0		1.0	1.0
Reactome	combined	Activation Of PPARGC1A (PGC-1alpha) By Phosphorylation R-HSA-2151209	10	688	33010	0		1.0	1.0
Reactome	combined	Activation Of PUMA And Translocation To Mitochondria R-HSA-139915	9	688	33010	0		1.0	1.0
Reactome	combined	Activation Of RAC1 R-HSA-428540	12	688	33010	0		1.0	1.0
Reactome	combined	Activation Of RAC1 Downstream Of NMDARs R-HSA-9619229	7	688	33010	0		1.0	1.0
Reactome	combined	Activation Of SMO R-HSA-5635838	18	688	33010	0		1.0	1.0
Reactome	combined	Activation Of Caspases Thru Apoptosome-Mediated Cleavage R-HSA-111459	5	688	33010	0		1.0	1.0
Reactome	combined	Activation Of Kainate Receptors Upon Glutamate Binding R-HSA-451326	29	688	33010	0		1.0	1.0
Reactome	combined	Activation Of AP-1 Family Of Transcription Factors R-HSA-450341	10	688	33010	0		1.0	1.0
Reactome	combined	Activation Of Pre-Replicative Complex R-HSA-68962	30	688	33010	0		1.0	1.0
Reactome	combined	Acyl Chain Remodeling Of CL R-HSA-1482798	5	688	33010	0		1.0	1.0
Reactome	combined	Acyl Chain Remodeling Of DAG And TAG R-HSA-1482883	5	688	33010	0		1.0	1.0
Reactome	combined	Acyl Chain Remodelling Of PC R-HSA-1482788	27	688	33010	0		1.0	1.0
Reactome	combined	Acyl Chain Remodelling Of PE R-HSA-1482839	29	688	33010	0		1.0	1.0
Reactome	combined	Acyl Chain Remodelling Of PG R-HSA-1482925	18	688	33010	0		1.0	1.0
Reactome	combined	Acyl Chain Remodelling Of PI R-HSA-1482922	17	688	33010	0		1.0	1.0
Reactome	combined	Adenylate Cyclase Activating Pathway R-HSA-170660	9	688	33010	0		1.0	1.0
Reactome	combined	Adenylate Cyclase Inhibitory Pathway R-HSA-170670	13	688	33010	0		1.0	1.0
Reactome	combined	Adrenoceptors R-HSA-390696	9	688	33010	0		1.0	1.0
Reactome	combined	Advanced Glycosylation Endproduct Receptor Signaling R-HSA-879415	13	688	33010	0		1.0	1.0
Reactome	combined	Aflatoxin Activation And Detoxification R-HSA-5423646	18	688	33010	0		1.0	1.0
Reactome	combined	Alpha-defensins R-HSA-1462054	6	688	33010	0		1.0	1.0
Reactome	combined	Alpha-oxidation Of Phytanate R-HSA-389599	6	688	33010	0		1.0	1.0
Reactome	combined	Alpha-protein Kinase 1 Signaling Pathway R-HSA-9645460	10	688	33010	0		1.0	1.0
Reactome	combined	Amyloid Fiber Formation R-HSA-977225	72	688	33010	0		1.0	1.0
Reactome	combined	Anchoring Fibril Formation R-HSA-2214320	7	688	33010	0		1.0	1.0
Reactome	combined	Anchoring Of Basal Body To Plasma Membrane R-HSA-5620912	94	688	33010	0		1.0	1.0
Reactome	combined	Androgen Biosynthesis R-HSA-193048	11	688	33010	0		1.0	1.0
Reactome	combined	Antigen Activates B Cell Receptor Leading To Second Messenger Generation R-HSA-983695	28	688	33010	0		1.0	1.0
Reactome	combined	Antigen processing-Cross Presentation R-HSA-1236975	97	688	33010	0		1.0	1.0
Reactome	combined	Antimicrobial Peptides R-HSA-6803157	68	688	33010	0		1.0	1.0
Reactome	combined	Antiviral Mechanism By IFN-stimulated Genes R-HSA-1169410	81	688	33010	0		1.0	1.0
Reactome	combined	Apoptosis Induced DNA Fragmentation R-HSA-140342	13	688	33010	0		1.0	1.0
Reactome	combined	Apoptotic Cleavage Of Cell Adhesion Proteins R-HSA-351906	11	688	33010	0		1.0	1.0
Reactome	combined	Apoptotic Cleavage Of Cellular Proteins R-HSA-111465	35	688	33010	0		1.0	1.0
Reactome	combined	Apoptotic Execution Phase R-HSA-75153	49	688	33010	0		1.0	1.0
Reactome	combined	Arachidonate Production From DAG R-HSA-426048	5	688	33010	0		1.0	1.0
Reactome	combined	Aryl Hydrocarbon Receptor Signaling R-HSA-8937144	7	688	33010	0		1.0	1.0
Reactome	combined	Aspartate And Asparagine Metabolism R-HSA-8963693	11	688	33010	0		1.0	1.0
Reactome	combined	Assembly Of HIV Virion R-HSA-175474	17	688	33010	0		1.0	1.0
Reactome	combined	Assembly And Cell Surface Presentation Of NMDA Receptors R-HSA-9609736	24	688	33010	0		1.0	1.0
Reactome	combined	Assembly Of ORC Complex At Origin Of Replication R-HSA-68616	33	688	33010	0		1.0	1.0
Reactome	combined	Asymmetric Localization Of PCP Proteins R-HSA-4608870	61	688	33010	0		1.0	1.0
Reactome	combined	Atorvastatin ADME R-HSA-9754706	9	688	33010	0		1.0	1.0
Reactome	combined	Attachment And Entry R-HSA-9678110	4	688	33010	0		1.0	1.0
Reactome	combined	Attachment Of GPI Anchor To uPAR R-HSA-162791	7	688	33010	0		1.0	1.0
Reactome	combined	Autodegradation Of E3 Ubiquitin Ligase COP1 R-HSA-349425	50	688	33010	0		1.0	1.0
Reactome	combined	Axonal Growth Inhibition (RHOA Activation) R-HSA-193634	7	688	33010	0		1.0	1.0
Reactome	combined	Azathioprine ADME R-HSA-9748787	17	688	33010	0		1.0	1.0
Reactome	combined	BH3-only Proteins Associate With And Inactivate Anti-Apoptotic BCL-2 Members R-HSA-111453	9	688	33010	0		1.0	1.0
Reactome	combined	Base-Excision Repair, AP Site Formation R-HSA-73929	40	688	33010	0		1.0	1.0
Reactome	combined	Basigin Interactions R-HSA-210991	24	688	33010	0		1.0	1.0
Reactome	combined	Beta Defensins R-HSA-1461957	21	688	33010	0		1.0	1.0
Reactome	combined	Beta Oxidation Of butanoyl-CoA To acetyl-CoA R-HSA-77352	5	688	33010	0		1.0	1.0
Reactome	combined	Beta Oxidation Of decanoyl-CoA To octanoyl-CoA-CoA R-HSA-77346	6	688	33010	0		1.0	1.0
Reactome	combined	Beta Oxidation Of hexanoyl-CoA To butanoyl-CoA R-HSA-77350	5	688	33010	0		1.0	1.0
Reactome	combined	Beta Oxidation Of lauroyl-CoA To decanoyl-CoA-CoA R-HSA-77310	5	688	33010	0		1.0	1.0
Reactome	combined	Beta Oxidation Of octanoyl-CoA To hexanoyl-CoA R-HSA-77348	5	688	33010	0		1.0	1.0
Reactome	combined	Beta-catenin Phosphorylation Cascade R-HSA-196299	16	688	33010	0		1.0	1.0
Reactome	combined	Beta-oxidation Of pristanoyl-CoA R-HSA-389887	9	688	33010	0		1.0	1.0
Reactome	combined	Beta-oxidation Of Very Long Chain Fatty Acids R-HSA-390247	10	688	33010	0		1.0	1.0
Reactome	combined	Bile Acid And Bile Salt Metabolism R-HSA-194068	45	688	33010	0		1.0	1.0
Reactome	combined	Binding And Uptake Of Ligands By Scavenger Receptors R-HSA-2173782	40	688	33010	0		1.0	1.0
Reactome	combined	Binding And Entry Of HIV Virion R-HSA-173107	5	688	33010	0		1.0	1.0
Reactome	combined	Binding Of TCF/LEF:CTNNB1 To Target Gene Promoters R-HSA-4411364	8	688	33010	0		1.0	1.0
Reactome	combined	Biosynthesis Of Maresin-Like SPMs R-HSA-9027307	5	688	33010	0		1.0	1.0
Reactome	combined	Biotin Transport And Metabolism R-HSA-196780	10	688	33010	0		1.0	1.0
Reactome	combined	Blood Group Systems Biosynthesis R-HSA-9033658	21	688	33010	0		1.0	1.0
Reactome	combined	Branched-chain Amino Acid Catabolism R-HSA-70895	20	688	33010	0		1.0	1.0
Reactome	combined	Budding And Maturation Of HIV Virion R-HSA-162588	28	688	33010	0		1.0	1.0
Reactome	combined	Butyrate Response Factor 1 Binds And Destabilizes mRNA R-HSA-450385	17	688	33010	0		1.0	1.0
Reactome	combined	Butyrophilin (BTN) Family Interactions R-HSA-8851680	12	688	33010	0		1.0	1.0
Reactome	combined	C-type Lectin Receptors (CLRs) R-HSA-5621481	135	688	33010	0		1.0	1.0
Reactome	combined	CD163 Mediating An Anti-Inflammatory Response R-HSA-9662834	9	688	33010	0		1.0	1.0
Reactome	combined	CD209 (DC-SIGN) Signaling R-HSA-5621575	20	688	33010	0		1.0	1.0
Reactome	combined	CD22 Mediated BCR Regulation R-HSA-5690714	5	688	33010	0		1.0	1.0
Reactome	combined	CD28 Co-Stimulation R-HSA-389356	34	688	33010	0		1.0	1.0
Reactome	combined	CD28 Dependent PI3K/Akt Signaling R-HSA-389357	23	688	33010	0		1.0	1.0
Reactome	combined	CD28 Dependent Vav1 Pathway R-HSA-389359	12	688	33010	0		1.0	1.0
Reactome	combined	CDC6 Association With ORC:origin Complex R-HSA-68689	8	688	33010	0		1.0	1.0
Reactome	combined	CHL1 Interactions R-HSA-447041	9	688	33010	0		1.0	1.0
Reactome	combined	CLEC7A (Dectin-1) Induces NFAT Activation R-HSA-5607763	11	688	33010	0		1.0	1.0
Reactome	combined	CLEC7A (Dectin-1) Signaling R-HSA-5607764	96	688	33010	0		1.0	1.0
Reactome	combined	CLEC7A/inflammasome Pathway R-HSA-5660668	6	688	33010	0		1.0	1.0
Reactome	combined	CREB Phosphorylation R-HSA-199920	6	688	33010	0		1.0	1.0
Reactome	combined	CREB1 Phosphorylation Thru NMDA Receptor-Mediated Activation Of RAS Signaling R-HSA-442742	25	688	33010	0		1.0	1.0
Reactome	combined	CREB1 Phosphorylation Thru Activation Of CaMKII/CaMKK/CaMKIV Cascasde R-HSA-442729	8	688	33010	0		1.0	1.0
Reactome	combined	CREB3 Factors Activate Genes R-HSA-8874211	7	688	33010	0		1.0	1.0
Reactome	combined	CRMPs In Sema3A Signaling R-HSA-399956	15	688	33010	0		1.0	1.0
Reactome	combined	CS/DS Degradation R-HSA-2024101	12	688	33010	0		1.0	1.0
Reactome	combined	CTLA4 Inhibitory Signaling R-HSA-389513	21	688	33010	0		1.0	1.0
Reactome	combined	CTNNB1 S33 Mutants Not Phosphorylated R-HSA-5358747	14	688	33010	0		1.0	1.0
Reactome	combined	CYP2E1 Reactions R-HSA-211999	8	688	33010	0		1.0	1.0
Reactome	combined	Ca2+ Activated K+ Channels R-HSA-1296052	8	688	33010	0		1.0	1.0
Reactome	combined	CaMK IV-mediated Phosphorylation Of CREB R-HSA-111932	10	688	33010	0		1.0	1.0
Reactome	combined	Calcineurin Activates NFAT R-HSA-2025928	9	688	33010	0		1.0	1.0
Reactome	combined	Caspase Activation Via Dependence Receptors In Absence Of Ligand R-HSA-418889	9	688	33010	0		1.0	1.0
Reactome	combined	Caspase-mediated Cleavage Of Cytoskeletal Proteins R-HSA-264870	12	688	33010	0		1.0	1.0
Reactome	combined	Cell-extracellular Matrix Interactions R-HSA-446353	14	688	33010	0		1.0	1.0
Reactome	combined	Cellular Hexose Transport R-HSA-189200	21	688	33010	0		1.0	1.0
Reactome	combined	Cellular Response To Hypoxia R-HSA-1234174	72	688	33010	0		1.0	1.0
Reactome	combined	Centrosome Maturation R-HSA-380287	78	688	33010	0		1.0	1.0
Reactome	combined	Chemokine Receptors Bind Chemokines R-HSA-380108	52	688	33010	0		1.0	1.0
Reactome	combined	Chk1/Chk2(Cds1) Mediated Inactivation Of Cyclin B:Cdk1 Complex R-HSA-75035	13	688	33010	0		1.0	1.0
Reactome	combined	Cholesterol Biosynthesis R-HSA-191273	25	688	33010	0		1.0	1.0
Reactome	combined	Choline Catabolism R-HSA-6798163	6	688	33010	0		1.0	1.0
Reactome	combined	Chylomicron Assembly R-HSA-8963888	9	688	33010	0		1.0	1.0
Reactome	combined	Chylomicron Clearance R-HSA-8964026	5	688	33010	0		1.0	1.0
Reactome	combined	Chylomicron Remodeling R-HSA-8963901	9	688	33010	0		1.0	1.0
Reactome	combined	Class I Peroxisomal Membrane Protein Import R-HSA-9603798	19	688	33010	0		1.0	1.0
Reactome	combined	Classical Antibody-Mediated Complement Activation R-HSA-173623	5	688	33010	0		1.0	1.0
Reactome	combined	Cleavage Of Damaged Purine R-HSA-110331	33	688	33010	0		1.0	1.0
Reactome	combined	Cleavage Of Damaged Pyrimidine R-HSA-110329	38	688	33010	0		1.0	1.0
Reactome	combined	Cobalamin (Cbl) Metabolism R-HSA-9759218	6	688	33010	0		1.0	1.0
Reactome	combined	Cobalamin (Cbl, Vitamin B12) Transport And Metabolism R-HSA-196741	21	688	33010	0		1.0	1.0
Reactome	combined	Coenzyme A Biosynthesis R-HSA-196783	8	688	33010	0		1.0	1.0
Reactome	combined	Common Pathway Of Fibrin Clot Formation R-HSA-140875	20	688	33010	0		1.0	1.0
Reactome	combined	Competing Endogenous RNAs (ceRNAs) Regulate PTEN Translation R-HSA-8948700	10	688	33010	0		1.0	1.0
Reactome	combined	Complement Cascade R-HSA-166658	51	688	33010	0		1.0	1.0
Reactome	combined	Complex I Biogenesis R-HSA-6799198	49	688	33010	0		1.0	1.0
Reactome	combined	Constitutive Signaling By AKT1 E17K In Cancer R-HSA-5674400	25	688	33010	0		1.0	1.0
Reactome	combined	Constitutive Signaling By EGFRvIII R-HSA-5637810	14	688	33010	0		1.0	1.0
Reactome	combined	Constitutive Signaling By Ligand-Responsive EGFR Cancer Variants R-HSA-1236382	18	688	33010	0		1.0	1.0
Reactome	combined	Constitutive Signaling By NOTCH1 HD Domain Mutants R-HSA-2691232	15	688	33010	0		1.0	1.0
Reactome	combined	Constitutive Signaling By NOTCH1 t(7;9)(NOTCH1:M1580 K2555) Translocation Mutant R-HSA-2660826	7	688	33010	0		1.0	1.0
Reactome	combined	Constitutive Signaling By Overexpressed ERBB2 R-HSA-9634285	10	688	33010	0		1.0	1.0
Reactome	combined	Creatine Metabolism R-HSA-71288	8	688	33010	0		1.0	1.0
Reactome	combined	Creation Of C4 And C2 Activators R-HSA-166786	13	688	33010	0		1.0	1.0
Reactome	combined	Cristae Formation R-HSA-8949613	27	688	33010	0		1.0	1.0
Reactome	combined	Cross-presentation Of Particulate Exogenous Antigens (Phagosomes) R-HSA-1236973	6	688	33010	0		1.0	1.0
Reactome	combined	Cross-presentation Of Soluble Exogenous Antigens (Endosomes) R-HSA-1236978	45	688	33010	0		1.0	1.0
Reactome	combined	Crosslinking Of Collagen Fibrils R-HSA-2243919	10	688	33010	0		1.0	1.0
Reactome	combined	Cyclin A/B1/B2 Associated Events During G2/M Transition R-HSA-69273	24	688	33010	0		1.0	1.0
Reactome	combined	Cytochrome C-Mediated Apoptotic Response R-HSA-111461	12	688	33010	0		1.0	1.0
Reactome	combined	Cytosolic Iron-Sulfur Cluster Assembly R-HSA-2564830	11	688	33010	0		1.0	1.0
Reactome	combined	Cytosolic Sulfonation Of Small Molecules R-HSA-156584	20	688	33010	0		1.0	1.0
Reactome	combined	Cytosolic tRNA Aminoacylation R-HSA-379716	24	688	33010	0		1.0	1.0
Reactome	combined	DAP12 Interactions R-HSA-2172127	37	688	33010	0		1.0	1.0
Reactome	combined	DAP12 Signaling R-HSA-2424491	26	688	33010	0		1.0	1.0
Reactome	combined	DCC Mediated Attractive Signaling R-HSA-418885	14	688	33010	0		1.0	1.0
Reactome	combined	DDX58/IFIH1-mediated Induction Of Interferon-Alpha/Beta R-HSA-168928	67	688	33010	0		1.0	1.0
Reactome	combined	DEx/H-box Helicases Activate Type I IFN And Inflammatory Cytokines Production R-HSA-3134963	7	688	33010	0		1.0	1.0
Reactome	combined	DNA Damage Bypass R-HSA-73893	47	688	33010	0		1.0	1.0
Reactome	combined	DNA Damage Reversal R-HSA-73942	8	688	33010	0		1.0	1.0
Reactome	combined	DNA Methylation R-HSA-5334118	29	688	33010	0		1.0	1.0
Reactome	combined	DNA Replication Initiation R-HSA-68952	7	688	33010	0		1.0	1.0
Reactome	combined	DNA Strand Elongation R-HSA-69190	30	688	33010	0		1.0	1.0
Reactome	combined	DSCAM Interactions R-HSA-376172	11	688	33010	0		1.0	1.0
Reactome	combined	Deadenylation Of mRNA R-HSA-429947	25	688	33010	0		1.0	1.0
Reactome	combined	Deadenylation-dependent mRNA Decay R-HSA-429914	53	688	33010	0		1.0	1.0
Reactome	combined	Dectin-1 Mediated Noncanonical NF-kB Signaling R-HSA-5607761	60	688	33010	0		1.0	1.0
Reactome	combined	Dectin-2 Family R-HSA-5621480	26	688	33010	0		1.0	1.0
Reactome	combined	Defective B3GALT6 Causes EDSP2 And SEMDJL1 R-HSA-4420332	17	688	33010	0		1.0	1.0
Reactome	combined	Defective B3GALTL Causes PpS R-HSA-5083635	36	688	33010	0		1.0	1.0
Reactome	combined	Defective B3GAT3 Causes JDSSDHD R-HSA-3560801	17	688	33010	0		1.0	1.0
Reactome	combined	Defective B4GALT1 Causes B4GALT1-CDG (CDG-2d) R-HSA-3656244	7	688	33010	0		1.0	1.0
Reactome	combined	Defective B4GALT7 Causes EDS, Progeroid Type R-HSA-3560783	17	688	33010	0		1.0	1.0
Reactome	combined	Defective C1GALT1C1 Causes TNPS R-HSA-5083632	17	688	33010	0		1.0	1.0
Reactome	combined	Defective CHST14 Causes EDS, Musculocontractural Type R-HSA-3595174	7	688	33010	0		1.0	1.0
Reactome	combined	Defective CHST3 Causes SEDCJD R-HSA-3595172	7	688	33010	0		1.0	1.0
Reactome	combined	Defective CHST6 Causes MCDC1 R-HSA-3656225	7	688	33010	0		1.0	1.0
Reactome	combined	Defective CHSY1 Causes TPBS R-HSA-3595177	7	688	33010	0		1.0	1.0
Reactome	combined	Defective CSF2RA Causes SMDP4 R-HSA-5688890	6	688	33010	0		1.0	1.0
Reactome	combined	Defective EXT1 Causes Exostoses 1, TRPS2 And CHDS R-HSA-3656253	11	688	33010	0		1.0	1.0
Reactome	combined	Defective F9 Activation R-HSA-9673221	4	688	33010	0		1.0	1.0
Reactome	combined	Defective GALNT12 Causes CRCS1 R-HSA-5083636	17	688	33010	0		1.0	1.0
Reactome	combined	Defective GALNT3 Causes HFTC R-HSA-5083625	17	688	33010	0		1.0	1.0
Reactome	combined	Defective HDR Thru Homologous Recombination (HRR) Due To BRCA1 Loss-Of-Function R-HSA-9701192	25	688	33010	0		1.0	1.0
Reactome	combined	Defective HLCS Causes Multiple Carboxylase Deficiency R-HSA-3371599	7	688	33010	0		1.0	1.0
Reactome	combined	Defective LFNG Causes SCDO3 R-HSA-5083630	5	688	33010	0		1.0	1.0
Reactome	combined	Defective RIPK1-mediated Regulated Necrosis R-HSA-9693928	5	688	33010	0		1.0	1.0
Reactome	combined	Defective ST3GAL3 Causes MCT12 And EIEE15 R-HSA-3656243	7	688	33010	0		1.0	1.0
Reactome	combined	Defective TPR May Confer Susceptibility Towards Thyroid Papillary Carcinoma (TPC) R-HSA-5619107	32	688	33010	0		1.0	1.0
Reactome	combined	Defective Factor IX Causes Hemophilia B R-HSA-9668250	6	688	33010	0		1.0	1.0
Reactome	combined	Defective Factor VIII Causes Hemophilia A R-HSA-9662001	5	688	33010	0		1.0	1.0
Reactome	combined	Defective Homologous Recombination Repair (HRR) Due To BRCA2 Loss Of Function R-HSA-9701190	41	688	33010	0		1.0	1.0
Reactome	combined	Defective Pyroptosis R-HSA-9710421	35	688	33010	0		1.0	1.0
Reactome	combined	Defects In Biotin (Btn) Metabolism R-HSA-3323169	8	688	33010	0		1.0	1.0
Reactome	combined	Defects In Cobalamin (B12) Metabolism R-HSA-3296469	13	688	33010	0		1.0	1.0
Reactome	combined	Defects In Vitamin And Cofactor Metabolism R-HSA-3296482	21	688	33010	0		1.0	1.0
Reactome	combined	Defects Of Contact Activation System (CAS) And Kallikrein/Kinin System (KKS) R-HSA-9651496	13	688	33010	0		1.0	1.0
Reactome	combined	Defensins R-HSA-1461973	27	688	33010	0		1.0	1.0
Reactome	combined	Degradation Of AXIN R-HSA-4641257	53	688	33010	0		1.0	1.0
Reactome	combined	Degradation Of DVL R-HSA-4641258	54	688	33010	0		1.0	1.0
Reactome	combined	Degradation Of GLI1 By Proteasome R-HSA-5610780	58	688	33010	0		1.0	1.0
Reactome	combined	Degradation Of GLI2 By Proteasome R-HSA-5610783	58	688	33010	0		1.0	1.0
Reactome	combined	Degradation Of Beta-Catenin By Destruction Complex R-HSA-195253	82	688	33010	0		1.0	1.0
Reactome	combined	Degradation Of Cysteine And Homocysteine R-HSA-1614558	13	688	33010	0		1.0	1.0
Reactome	combined	Deregulated CDK5 Triggers Neurodegenerative Pathways In Alzheimers Disease Models R-HSA-8862803	21	688	33010	0		1.0	1.0
Reactome	combined	Dermatan Sulfate Biosynthesis R-HSA-2022923	10	688	33010	0		1.0	1.0
Reactome	combined	Detoxification Of Reactive Oxygen Species R-HSA-3299685	31	688	33010	0		1.0	1.0
Reactome	combined	Digestion R-HSA-8935690	17	688	33010	0		1.0	1.0
Reactome	combined	Digestion And Absorption R-HSA-8963743	22	688	33010	0		1.0	1.0
Reactome	combined	Digestion Of Dietary Carbohydrate R-HSA-189085	7	688	33010	0		1.0	1.0
Reactome	combined	Digestion Of Dietary Lipid R-HSA-192456	6	688	33010	0		1.0	1.0
Reactome	combined	Disassembly Of Destruction Complex And Recruitment Of AXIN To Membrane R-HSA-4641262	28	688	33010	0		1.0	1.0
Reactome	combined	Diseases Associated With N-glycosylation Of Proteins R-HSA-3781860	19	688	33010	0		1.0	1.0
Reactome	combined	Diseases Associated With O-glycosylation Of Proteins R-HSA-3906995	66	688	33010	0		1.0	1.0
Reactome	combined	Diseases Associated With Glycosaminoglycan Metabolism R-HSA-3560782	36	688	33010	0		1.0	1.0
Reactome	combined	Diseases Associated With Glycosylation Precursor Biosynthesis R-HSA-5609975	15	688	33010	0		1.0	1.0
Reactome	combined	Diseases Associated With Surfactant Metabolism R-HSA-5687613	8	688	33010	0		1.0	1.0
Reactome	combined	Diseases Associated With TLR Signaling Cascade R-HSA-5602358	29	688	33010	0		1.0	1.0
Reactome	combined	Diseases Associated With Visual Transduction R-HSA-2474795	11	688	33010	0		1.0	1.0
Reactome	combined	Diseases Of Base Excision Repair R-HSA-9605308	5	688	33010	0		1.0	1.0
Reactome	combined	Diseases Of DNA Repair R-HSA-9675135	51	688	33010	0		1.0	1.0
Reactome	combined	Diseases Of Mismatch Repair (MMR) R-HSA-5423599	5	688	33010	0		1.0	1.0
Reactome	combined	Diseases Of Carbohydrate Metabolism R-HSA-5663084	30	688	33010	0		1.0	1.0
Reactome	combined	Diseases Of Glycosylation R-HSA-3781865	135	688	33010	0		1.0	1.0
Reactome	combined	Diseases Of Metabolism R-HSA-5668914	232	688	33010	0		1.0	1.0
Reactome	combined	Disinhibition Of SNARE Formation R-HSA-114516	5	688	33010	0		1.0	1.0
Reactome	combined	Displacement Of DNA Glycosylase By APEX1 R-HSA-110357	9	688	33010	0		1.0	1.0
Reactome	combined	Dopamine Receptors R-HSA-390651	5	688	33010	0		1.0	1.0
Reactome	combined	Downregulation Of ERBB2 Signaling R-HSA-8863795	29	688	33010	0		1.0	1.0
Reactome	combined	Downregulation Of ERBB2:ERBB3 Signaling R-HSA-1358803	13	688	33010	0		1.0	1.0
Reactome	combined	Downregulation Of ERBB4 Signaling R-HSA-1253288	9	688	33010	0		1.0	1.0
Reactome	combined	Downstream Signal Transduction R-HSA-186763	28	688	33010	0		1.0	1.0
Reactome	combined	Downstream Signaling Events Of B Cell Receptor (BCR) R-HSA-1168372	77	688	33010	0		1.0	1.0
Reactome	combined	Downstream Signaling Of Activated FGFR4 R-HSA-5654716	24	688	33010	0		1.0	1.0
Reactome	combined	Drug-mediated Inhibition Of CDK4/CDK6 Activity R-HSA-9754119	5	688	33010	0		1.0	1.0
Reactome	combined	Dual Incision In TC-NER R-HSA-6782135	63	688	33010	0		1.0	1.0
Reactome	combined	E2F-enabled Inhibition Of Pre-Replication Complex Formation R-HSA-113507	9	688	33010	0		1.0	1.0
Reactome	combined	E3 Ubiquitin Ligases Ubiquitinate Target Proteins R-HSA-8866654	54	688	33010	0		1.0	1.0
Reactome	combined	EGFR Transactivation By Gastrin R-HSA-2179392	8	688	33010	0		1.0	1.0
Reactome	combined	EGFR Interacts With Phospholipase C-gamma R-HSA-212718	8	688	33010	0		1.0	1.0
Reactome	combined	EGR2 And SOX10-mediated Initiation Of Schwann Cell Myelination R-HSA-9619665	27	688	33010	0		1.0	1.0
Reactome	combined	EPHA-mediated Growth Cone Collapse R-HSA-3928663	15	688	33010	0		1.0	1.0
Reactome	combined	EPHB-mediated Forward Signaling R-HSA-3928662	33	688	33010	0		1.0	1.0
Reactome	combined	ER-Phagosome Pathway R-HSA-1236974	86	688	33010	0		1.0	1.0
Reactome	combined	ERBB2 Activates PTK6 Signaling R-HSA-8847993	13	688	33010	0		1.0	1.0
Reactome	combined	ERBB2 Regulates Cell Motility R-HSA-6785631	15	688	33010	0		1.0	1.0
Reactome	combined	ERK/MAPK Targets R-HSA-198753	21	688	33010	0		1.0	1.0
Reactome	combined	ERKs Are Inactivated R-HSA-202670	13	688	33010	0		1.0	1.0
Reactome	combined	Early Phase Of HIV Life Cycle R-HSA-162594	15	688	33010	0		1.0	1.0
Reactome	combined	Effects Of PIP2 Hydrolysis R-HSA-114508	26	688	33010	0		1.0	1.0
Reactome	combined	Eicosanoid Ligand-Binding Receptors R-HSA-391903	14	688	33010	0		1.0	1.0
Reactome	combined	Eicosanoids R-HSA-211979	11	688	33010	0		1.0	1.0
Reactome	combined	Elastic Fibre Formation R-HSA-1566948	39	688	33010	0		1.0	1.0
Reactome	combined	Elevation Of Cytosolic Ca2+ Levels R-HSA-139853	15	688	33010	0		1.0	1.0
Reactome	combined	Endogenous Sterols R-HSA-211976	26	688	33010	0		1.0	1.0
Reactome	combined	Endosomal Sorting Complex Required For Transport (ESCRT) R-HSA-917729	30	688	33010	0		1.0	1.0
Reactome	combined	Endosomal/Vacuolar Pathway R-HSA-1236977	11	688	33010	0		1.0	1.0
Reactome	combined	Energy Dependent Regulation Of mTOR By LKB1-AMPK R-HSA-380972	28	688	33010	0		1.0	1.0
Reactome	combined	Entry Of Influenza Virion Into Host Cell Via Endocytosis R-HSA-168275	5	688	33010	0		1.0	1.0
Reactome	combined	Ephrin Signaling R-HSA-3928664	17	688	33010	0		1.0	1.0
Reactome	combined	Erythrocytes Take Up Carbon Dioxide And Release Oxygen R-HSA-1237044	11	688	33010	0		1.0	1.0
Reactome	combined	Erythrocytes Take Up Oxygen And Release Carbon Dioxide R-HSA-1247673	7	688	33010	0		1.0	1.0
Reactome	combined	Erythropoietin Activates Phosphoinositide-3-kinase (PI3K) R-HSA-9027276	12	688	33010	0		1.0	1.0
Reactome	combined	Erythropoietin Activates Phospholipase C Gamma (PLCG) R-HSA-9027277	7	688	33010	0		1.0	1.0
Reactome	combined	Erythropoietin Activates RAS R-HSA-9027284	13	688	33010	0		1.0	1.0
Reactome	combined	Erythropoietin Activates STAT5 R-HSA-9027283	7	688	33010	0		1.0	1.0
Reactome	combined	Estrogen Biosynthesis R-HSA-193144	6	688	33010	0		1.0	1.0
Reactome	combined	Estrogen-dependent Nuclear Events Downstream Of ESR-membrane Signaling R-HSA-9634638	23	688	33010	0		1.0	1.0
Reactome	combined	Estrogen-stimulated Signaling Thru PRKCZ R-HSA-9634635	5	688	33010	0		1.0	1.0
Reactome	combined	Ethanol Oxidation R-HSA-71384	11	688	33010	0		1.0	1.0
Reactome	combined	Export Of Viral Ribonucleoproteins From Nucleus R-HSA-168274	36	688	33010	0		1.0	1.0
Reactome	combined	Expression And Translocation Of Olfactory Receptors R-HSA-9752946	280	688	33010	0		1.0	1.0
Reactome	combined	Extension Of Telomeres R-HSA-180786	48	688	33010	0		1.0	1.0
Reactome	combined	Extrinsic Pathway Of Fibrin Clot Formation R-HSA-140834	4	688	33010	0		1.0	1.0
Reactome	combined	FBXL7 Down-Regulates AURKA During Mitotic Entry And In Early Mitosis R-HSA-8854050	53	688	33010	0		1.0	1.0
Reactome	combined	FBXW7 Mutants And NOTCH1 In Cancer R-HSA-2644605	5	688	33010	0		1.0	1.0
Reactome	combined	FCERI Mediated Ca+2 Mobilization R-HSA-2871809	27	688	33010	0		1.0	1.0
Reactome	combined	FCERI Mediated MAPK Activation R-HSA-2871796	28	688	33010	0		1.0	1.0
Reactome	combined	FCERI Mediated NF-kB Activation R-HSA-2871837	74	688	33010	0		1.0	1.0
Reactome	combined	FGFR1b Ligand Binding And Activation R-HSA-190370	5	688	33010	0		1.0	1.0
Reactome	combined	FGFR2 Alternative Splicing R-HSA-6803529	26	688	33010	0		1.0	1.0
Reactome	combined	FGFR2b Ligand Binding And Activation R-HSA-190377	9	688	33010	0		1.0	1.0
Reactome	combined	FGFR3b Ligand Binding And Activation R-HSA-190371	7	688	33010	0		1.0	1.0
Reactome	combined	FGFR4 Ligand Binding And Activation R-HSA-190322	12	688	33010	0		1.0	1.0
Reactome	combined	FLT3 Signaling By CBL Mutants R-HSA-9706377	7	688	33010	0		1.0	1.0
Reactome	combined	FLT3 Signaling In Disease R-HSA-9682385	27	688	33010	0		1.0	1.0
Reactome	combined	FOXO-mediated Transcription Of Cell Cycle Genes R-HSA-9617828	16	688	33010	0		1.0	1.0
Reactome	combined	FOXO-mediated Transcription Of Cell Death Genes R-HSA-9614657	15	688	33010	0		1.0	1.0
Reactome	combined	FRS-mediated FGFR4 Signaling R-HSA-5654712	19	688	33010	0		1.0	1.0
Reactome	combined	Fanconi Anemia Pathway R-HSA-6783310	36	688	33010	0		1.0	1.0
Reactome	combined	FasL/ CD95L Signaling R-HSA-75157	5	688	33010	0		1.0	1.0
Reactome	combined	Fatty Acids Bound To GPR40 (FFAR1) Regulate Insulin Secretion R-HSA-434316	8	688	33010	0		1.0	1.0
Reactome	combined	Fatty Acids R-HSA-211935	12	688	33010	0		1.0	1.0
Reactome	combined	Fatty acyl-CoA Biosynthesis R-HSA-75105	36	688	33010	0		1.0	1.0
Reactome	combined	Fc Epsilon Receptor (FCERI) Signaling R-HSA-2454202	125	688	33010	0		1.0	1.0
Reactome	combined	Fibronectin Matrix Formation R-HSA-1566977	6	688	33010	0		1.0	1.0
Reactome	combined	Ficolins Bind To Repetitive Carbohydrate Structures On Target Cell Surface R-HSA-2855086	5	688	33010	0		1.0	1.0
Reactome	combined	Formation Of ATP By Chemiosmotic Coupling R-HSA-163210	16	688	33010	0		1.0	1.0
Reactome	combined	Formation Of Fibrin Clot (Clotting Cascade) R-HSA-140877	34	688	33010	0		1.0	1.0
Reactome	combined	Formation Of HIV Elongation Complex In Absence Of HIV Tat R-HSA-167152	44	688	33010	0		1.0	1.0
Reactome	combined	Formation Of HIV-1 Elongation Complex Containing HIV-1 Tat R-HSA-167200	42	688	33010	0		1.0	1.0
Reactome	combined	Formation Of Annular Gap Junctions R-HSA-196025	9	688	33010	0		1.0	1.0
Reactome	combined	Formation Of Apoptosome R-HSA-111458	10	688	33010	0		1.0	1.0
Reactome	combined	Formation Of Early Elongation Complex R-HSA-113418	32	688	33010	0		1.0	1.0
Reactome	combined	Formation Of Editosome R-HSA-75094	6	688	33010	0		1.0	1.0
Reactome	combined	Formation Of Cornified Envelope R-HSA-6809371	70	688	33010	0		1.0	1.0
Reactome	combined	Formation Of Xylulose-5-Phosphate R-HSA-5661270	5	688	33010	0		1.0	1.0
Reactome	combined	Formyl Peptide Receptors Bind Formyl Peptides And Many Other Ligands R-HSA-444473	8	688	33010	0		1.0	1.0
Reactome	combined	Free Fatty Acid Receptors R-HSA-444209	5	688	33010	0		1.0	1.0
Reactome	combined	Free Fatty Acids Regulate Insulin Secretion R-HSA-400451	10	688	33010	0		1.0	1.0
Reactome	combined	Fructose Catabolism R-HSA-70350	5	688	33010	0		1.0	1.0
Reactome	combined	Fructose Metabolism R-HSA-5652084	7	688	33010	0		1.0	1.0
Reactome	combined	G Alpha (Z) Signaling Events R-HSA-418597	47	688	33010	0		1.0	1.0
Reactome	combined	G Beta:Gamma Signaling Thru BTK R-HSA-8964315	17	688	33010	0		1.0	1.0
Reactome	combined	G Beta:Gamma Signaling Thru CDC42 R-HSA-8964616	19	688	33010	0		1.0	1.0
Reactome	combined	G Beta:Gamma Signaling Thru PI3Kgamma R-HSA-392451	25	688	33010	0		1.0	1.0
Reactome	combined	G Beta:Gamma Signaling Thru PLC Beta R-HSA-418217	20	688	33010	0		1.0	1.0
Reactome	combined	G-protein Activation R-HSA-202040	24	688	33010	0		1.0	1.0
Reactome	combined	G-protein Beta:Gamma Signaling R-HSA-397795	30	688	33010	0		1.0	1.0
Reactome	combined	G0 And Early G1 R-HSA-1538133	27	688	33010	0		1.0	1.0
Reactome	combined	G1/S-Specific Transcription R-HSA-69205	28	688	33010	0		1.0	1.0
Reactome	combined	G2 Phase R-HSA-68911	5	688	33010	0		1.0	1.0
Reactome	combined	G2/M DNA Replication Checkpoint R-HSA-69478	5	688	33010	0		1.0	1.0
Reactome	combined	G2/M Transition R-HSA-69275	177	688	33010	0		1.0	1.0
Reactome	combined	GAB1 Signalosome R-HSA-180292	16	688	33010	0		1.0	1.0
Reactome	combined	GDP-fucose Biosynthesis R-HSA-6787639	6	688	33010	0		1.0	1.0
Reactome	combined	GLI Proteins Bind Promoters Of Hh Responsive Genes To Promote Transcription R-HSA-5635851	7	688	33010	0		1.0	1.0
Reactome	combined	GLI3 Is Processed To GLI3R By Proteasome R-HSA-5610785	58	688	33010	0		1.0	1.0
Reactome	combined	GP1b-IX-V Activation Signaling R-HSA-430116	8	688	33010	0		1.0	1.0
Reactome	combined	GPVI-mediated Activation Cascade R-HSA-114604	32	688	33010	0		1.0	1.0
Reactome	combined	GRB2 Events In EGFR Signaling R-HSA-179812	11	688	33010	0		1.0	1.0
Reactome	combined	GRB2 Events In ERBB2 Signaling R-HSA-1963640	15	688	33010	0		1.0	1.0
Reactome	combined	GRB7 Events In ERBB2 Signaling R-HSA-1306955	5	688	33010	0		1.0	1.0
Reactome	combined	GSK3B And BTRC:CUL1-mediated-degradation Of NFE2L2 R-HSA-9762114	50	688	33010	0		1.0	1.0
Reactome	combined	Gain-of-function MRAS Complexes Activate RAF Signaling R-HSA-9726842	7	688	33010	0		1.0	1.0
Reactome	combined	Gamma Carboxylation, Hypusine Formation And Arylsulfatase Activation R-HSA-163841	33	688	33010	0		1.0	1.0
Reactome	combined	Gamma-carboxylation Of Protein Precursors R-HSA-159740	8	688	33010	0		1.0	1.0
Reactome	combined	Gamma-carboxylation, Transport, And Amino-Terminal Cleavage Of Proteins R-HSA-159854	9	688	33010	0		1.0	1.0
Reactome	combined	Gap Junction Degradation R-HSA-190873	10	688	33010	0		1.0	1.0
Reactome	combined	Gap-filling DNA Repair Synthesis And Ligation In GG-NER R-HSA-5696397	25	688	33010	0		1.0	1.0
Reactome	combined	Gap-filling DNA Repair Synthesis And Ligation In TC-NER R-HSA-6782210	62	688	33010	0		1.0	1.0
Reactome	combined	Gastrin-CREB Signaling Pathway Via PKC And MAPK R-HSA-881907	16	688	33010	0		1.0	1.0
Reactome	combined	Gene And Protein Expression By JAK-STAT Signaling After Interleukin-12 Stimulation R-HSA-8950505	32	688	33010	0		1.0	1.0
Reactome	combined	Glucocorticoid Biosynthesis R-HSA-194002	9	688	33010	0		1.0	1.0
Reactome	combined	Gluconeogenesis R-HSA-70263	28	688	33010	0		1.0	1.0
Reactome	combined	Glucuronidation R-HSA-156588	20	688	33010	0		1.0	1.0
Reactome	combined	Glutamate And Glutamine Metabolism R-HSA-8964539	12	688	33010	0		1.0	1.0
Reactome	combined	Glutathione Conjugation R-HSA-156590	29	688	33010	0		1.0	1.0
Reactome	combined	Glutathione Synthesis And Recycling R-HSA-174403	12	688	33010	0		1.0	1.0
Reactome	combined	Glycerophospholipid Catabolism R-HSA-6814848	7	688	33010	0		1.0	1.0
Reactome	combined	Glycogen Breakdown (Glycogenolysis) R-HSA-70221	11	688	33010	0		1.0	1.0
Reactome	combined	Glycogen Metabolism R-HSA-8982491	21	688	33010	0		1.0	1.0
Reactome	combined	Glycogen Storage Diseases R-HSA-3229121	13	688	33010	0		1.0	1.0
Reactome	combined	Glycogen Synthesis R-HSA-3322077	12	688	33010	0		1.0	1.0
Reactome	combined	Glycoprotein Hormones R-HSA-209822	9	688	33010	0		1.0	1.0
Reactome	combined	Glycosphingolipid Metabolism R-HSA-1660662	39	688	33010	0		1.0	1.0
Reactome	combined	Glyoxylate Metabolism And Glycine Degradation R-HSA-389661	30	688	33010	0		1.0	1.0
Reactome	combined	Golgi Associated Vesicle Biogenesis R-HSA-432722	50	688	33010	0		1.0	1.0
Reactome	combined	Golgi Cisternae Pericentriolar Stack Reorganization R-HSA-162658	14	688	33010	0		1.0	1.0
Reactome	combined	Growth Hormone Receptor Signaling R-HSA-982772	22	688	33010	0		1.0	1.0
Reactome	combined	HCMV Late Events R-HSA-9610379	86	688	33010	0		1.0	1.0
Reactome	combined	HDL Assembly R-HSA-8963896	7	688	33010	0		1.0	1.0
Reactome	combined	HDL Clearance R-HSA-8964011	5	688	33010	0		1.0	1.0
Reactome	combined	HDL Remodeling R-HSA-8964058	10	688	33010	0		1.0	1.0
Reactome	combined	HDMs Demethylate Histones R-HSA-3214842	19	688	33010	0		1.0	1.0
Reactome	combined	HDR Thru Homologous Recombination (HRR) R-HSA-5685942	66	688	33010	0		1.0	1.0
Reactome	combined	HDR Thru Single Strand Annealing (SSA) R-HSA-5685938	37	688	33010	0		1.0	1.0
Reactome	combined	HIV Life Cycle R-HSA-162587	144	688	33010	0		1.0	1.0
Reactome	combined	HIV Transcription Initiation R-HSA-167161	42	688	33010	0		1.0	1.0
Reactome	combined	HIV Elongation Arrest And Recovery R-HSA-167287	33	688	33010	0		1.0	1.0
Reactome	combined	HS-GAG Biosynthesis R-HSA-2022928	27	688	33010	0		1.0	1.0
Reactome	combined	HS-GAG Degradation R-HSA-2024096	18	688	33010	0		1.0	1.0
Reactome	combined	Heme Biosynthesis R-HSA-189451	13	688	33010	0		1.0	1.0
Reactome	combined	Heme Degradation R-HSA-189483	15	688	33010	0		1.0	1.0
Reactome	combined	Heparan Sulfate/Heparin (HS-GAG) Metabolism R-HSA-1638091	48	688	33010	0		1.0	1.0
Reactome	combined	Highly Calcium Permeable Nicotinic Acetylcholine Receptors R-HSA-629597	9	688	33010	0		1.0	1.0
Reactome	combined	Highly Calcium Permeable Postsynaptic Nicotinic Acetylcholine Receptors R-HSA-629594	10	688	33010	0		1.0	1.0
Reactome	combined	Highly Sodium Permeable Postsynaptic Acetylcholine Nicotinic Receptors R-HSA-629587	7	688	33010	0		1.0	1.0
Reactome	combined	Histidine Catabolism R-HSA-70921	8	688	33010	0		1.0	1.0
Reactome	combined	Homologous DNA Pairing And Strand Exchange R-HSA-5693579	43	688	33010	0		1.0	1.0
Reactome	combined	Hormone Ligand-Binding Receptors R-HSA-375281	11	688	33010	0		1.0	1.0
Reactome	combined	HuR (ELAVL1) Binds And Stabilizes mRNA R-HSA-450520	10	688	33010	0		1.0	1.0
Reactome	combined	Hydrolysis Of LPC R-HSA-1483115	9	688	33010	0		1.0	1.0
Reactome	combined	IKK Complex Recruitment Mediated By RIP1 R-HSA-937041	22	688	33010	0		1.0	1.0
Reactome	combined	IL-6-type Cytokine Receptor Ligand Interactions R-HSA-6788467	17	688	33010	0		1.0	1.0
Reactome	combined	IRAK1 Recruits IKK Complex R-HSA-937039	8	688	33010	0		1.0	1.0
Reactome	combined	IRAK2 Mediated Activation Of TAK1 Complex R-HSA-937042	9	688	33010	0		1.0	1.0
Reactome	combined	IRAK2 Mediated Activation Of TAK1 Complex Upon TLR7/8 Or 9 Stimulation R-HSA-975163	14	688	33010	0		1.0	1.0
Reactome	combined	IRAK4 Deficiency (TLR2/4) R-HSA-5603041	17	688	33010	0		1.0	1.0
Reactome	combined	IRE1alpha Activates Chaperones R-HSA-381070	47	688	33010	0		1.0	1.0
Reactome	combined	IRF3 Mediated Activation Of Type 1 IFN R-HSA-1606341	5	688	33010	0		1.0	1.0
Reactome	combined	IRF3-mediated Induction Of Type I IFN R-HSA-3270619	13	688	33010	0		1.0	1.0
Reactome	combined	IRS Activation R-HSA-74713	5	688	33010	0		1.0	1.0
Reactome	combined	ISG15 Antiviral Mechanism R-HSA-1169408	74	688	33010	0		1.0	1.0
Reactome	combined	IkBA Variant Leads To EDA-ID R-HSA-5603029	6	688	33010	0		1.0	1.0
Reactome	combined	Impaired BRCA2 Binding To PALB2 R-HSA-9709603	24	688	33010	0		1.0	1.0
Reactome	combined	Impaired BRCA2 Binding To RAD51 R-HSA-9709570	35	688	33010	0		1.0	1.0
Reactome	combined	Inactivation Of CDC42 And RAC1 R-HSA-428543	7	688	33010	0		1.0	1.0
Reactome	combined	Infection With Mycobacterium Tuberculosis R-HSA-9635486	24	688	33010	0		1.0	1.0
Reactome	combined	Inhibition Of DNA Recombination At Telomere R-HSA-9670095	43	688	33010	0		1.0	1.0
Reactome	combined	Inhibition Of Signaling By Overexpressed EGFR R-HSA-5638303	7	688	33010	0		1.0	1.0
Reactome	combined	Initial Triggering Of Complement R-HSA-166663	19	688	33010	0		1.0	1.0
Reactome	combined	InlA-mediated Entry Of Listeria Monocytogenes Into Host Cells R-HSA-8876493	8	688	33010	0		1.0	1.0
Reactome	combined	InlB-mediated Entry Of Listeria Monocytogenes Into Host Cell R-HSA-8875360	14	688	33010	0		1.0	1.0
Reactome	combined	Inositol Phosphate Metabolism R-HSA-1483249	45	688	33010	0		1.0	1.0
Reactome	combined	Insertion Of Tail-Anchored Proteins Into Endoplasmic Reticulum Membrane R-HSA-9609523	20	688	33010	0		1.0	1.0
Reactome	combined	Integration Of Provirus R-HSA-162592	10	688	33010	0		1.0	1.0
Reactome	combined	Interaction With Cumulus Cells And Zona Pellucida R-HSA-2534343	10	688	33010	0		1.0	1.0
Reactome	combined	Interactions Of Rev With Host Cellular Proteins R-HSA-177243	37	688	33010	0		1.0	1.0
Reactome	combined	Interactions Of Vpr With Host Cellular Proteins R-HSA-176033	36	688	33010	0		1.0	1.0
Reactome	combined	Interferon Alpha/Beta Signaling R-HSA-909733	61	688	33010	0		1.0	1.0
Reactome	combined	Interleukin Receptor SHC Signaling R-HSA-912526	24	688	33010	0		1.0	1.0
Reactome	combined	Interleukin-1 Processing R-HSA-448706	9	688	33010	0		1.0	1.0
Reactome	combined	Interleukin-1 Signaling R-HSA-9020702	110	688	33010	0		1.0	1.0
Reactome	combined	Interleukin-10 Signaling R-HSA-6783783	42	688	33010	0		1.0	1.0
Reactome	combined	Interleukin-12 Family Signaling R-HSA-447115	50	688	33010	0		1.0	1.0
Reactome	combined	Interleukin-12 Signaling R-HSA-9020591	40	688	33010	0		1.0	1.0
Reactome	combined	Interleukin-15 Signaling R-HSA-8983432	13	688	33010	0		1.0	1.0
Reactome	combined	Interleukin-2 Family Signaling R-HSA-451927	40	688	33010	0		1.0	1.0
Reactome	combined	Interleukin-2 Signaling R-HSA-9020558	11	688	33010	0		1.0	1.0
Reactome	combined	Interleukin-21 Signaling R-HSA-9020958	9	688	33010	0		1.0	1.0
Reactome	combined	Interleukin-23 Signaling R-HSA-9020933	9	688	33010	0		1.0	1.0
Reactome	combined	Interleukin-27 Signaling R-HSA-9020956	11	688	33010	0		1.0	1.0
Reactome	combined	Interleukin-35 Signaling R-HSA-8984722	12	688	33010	0		1.0	1.0
Reactome	combined	Interleukin-36 Pathway R-HSA-9014826	7	688	33010	0		1.0	1.0
Reactome	combined	Interleukin-37 Signaling R-HSA-9008059	20	688	33010	0		1.0	1.0
Reactome	combined	Interleukin-6 Family Signaling R-HSA-6783589	24	688	33010	0		1.0	1.0
Reactome	combined	Interleukin-6 Signaling R-HSA-1059683	11	688	33010	0		1.0	1.0
Reactome	combined	Interleukin-7 Signaling R-HSA-1266695	22	688	33010	0		1.0	1.0
Reactome	combined	Interleukin-9 Signaling R-HSA-8985947	7	688	33010	0		1.0	1.0
Reactome	combined	Intestinal Absorption R-HSA-8963676	5	688	33010	0		1.0	1.0
Reactome	combined	Intraflagellar Transport R-HSA-5620924	38	688	33010	0		1.0	1.0
Reactome	combined	Intrinsic Pathway Of Fibrin Clot Formation R-HSA-140837	19	688	33010	0		1.0	1.0
Reactome	combined	JNK (c-Jun Kinases) Phosphorylation And Activation Mediated By Activated Human TAK1 R-HSA-450321	15	688	33010	0		1.0	1.0
Reactome	combined	Josephin Domain DUBs R-HSA-5689877	11	688	33010	0		1.0	1.0
Reactome	combined	KSRP (KHSRP) Binds And Destabilizes mRNA R-HSA-450604	17	688	33010	0		1.0	1.0
Reactome	combined	Keratan Sulfate Biosynthesis R-HSA-2022854	27	688	33010	0		1.0	1.0
Reactome	combined	Keratan Sulfate Degradation R-HSA-2022857	11	688	33010	0		1.0	1.0
Reactome	combined	Keratan Sulfate/Keratin Metabolism R-HSA-1638074	32	688	33010	0		1.0	1.0
Reactome	combined	Ketone Body Metabolism R-HSA-74182	9	688	33010	0		1.0	1.0
Reactome	combined	Killing Mechanisms R-HSA-9664420	10	688	33010	0		1.0	1.0
Reactome	combined	LDL Clearance R-HSA-8964038	18	688	33010	0		1.0	1.0
Reactome	combined	LDL Remodeling R-HSA-8964041	5	688	33010	0		1.0	1.0
Reactome	combined	LRR FLII-interacting Protein 1 (LRRFIP1) Activates Type I IFN Production R-HSA-3134973	5	688	33010	0		1.0	1.0
Reactome	combined	LTC4-CYSLTR Mediated IL4 Production R-HSA-9664535	6	688	33010	0		1.0	1.0
Reactome	combined	Lagging Strand Synthesis R-HSA-69186	19	688	33010	0		1.0	1.0
Reactome	combined	Laminin Interactions R-HSA-3000157	22	688	33010	0		1.0	1.0
Reactome	combined	Late Phase Of HIV Life Cycle R-HSA-162599	131	688	33010	0		1.0	1.0
Reactome	combined	Leading Strand Synthesis R-HSA-69109	13	688	33010	0		1.0	1.0
Reactome	combined	Lectin Pathway Of Complement Activation R-HSA-166662	8	688	33010	0		1.0	1.0
Reactome	combined	Leukotriene Receptors R-HSA-391906	4	688	33010	0		1.0	1.0
Reactome	combined	Lewis Blood Group Biosynthesis R-HSA-9037629	18	688	33010	0		1.0	1.0
Reactome	combined	Ligand-receptor Interactions R-HSA-5632681	8	688	33010	0		1.0	1.0
Reactome	combined	Linoleic Acid (LA) Metabolism R-HSA-2046105	7	688	33010	0		1.0	1.0
Reactome	combined	Lipophagy R-HSA-9613354	9	688	33010	0		1.0	1.0
Reactome	combined	Listeria Monocytogenes Entry Into Host Cells R-HSA-8876384	18	688	33010	0		1.0	1.0
Reactome	combined	Loss Of Function Of SMAD2/3 In Cancer R-HSA-3304349	7	688	33010	0		1.0	1.0
Reactome	combined	Loss Of Function Of TGFBR1 In Cancer R-HSA-3656534	7	688	33010	0		1.0	1.0
Reactome	combined	Loss Of Nlp From Mitotic Centrosomes R-HSA-380259	66	688	33010	0		1.0	1.0
Reactome	combined	Lysine Catabolism R-HSA-71064	12	688	33010	0		1.0	1.0
Reactome	combined	Lysosome Vesicle Biogenesis R-HSA-432720	32	688	33010	0		1.0	1.0
Reactome	combined	Lysosphingolipid And LPA Receptors R-HSA-419408	14	688	33010	0		1.0	1.0
Reactome	combined	MAP Kinase Activation R-HSA-450294	58	688	33010	0		1.0	1.0
Reactome	combined	MAP3K8 (TPL2)-dependent MAPK1/3 Activation R-HSA-5684264	15	688	33010	0		1.0	1.0
Reactome	combined	MAPK Targets/ Nuclear Events Mediated By MAP Kinases R-HSA-450282	29	688	33010	0		1.0	1.0
Reactome	combined	MAPK1 (ERK2) Activation R-HSA-112411	9	688	33010	0		1.0	1.0
Reactome	combined	MAPK3 (ERK1) Activation R-HSA-110056	10	688	33010	0		1.0	1.0
Reactome	combined	MAPK6/MAPK4 Signaling R-HSA-5687128	89	688	33010	0		1.0	1.0
Reactome	combined	MASTL Facilitates Mitotic Progression R-HSA-2465910	10	688	33010	0		1.0	1.0
Reactome	combined	MECP2 Regulates Neuronal Receptors And Channels R-HSA-9022699	17	688	33010	0		1.0	1.0
Reactome	combined	MET Receptor Activation R-HSA-6806942	6	688	33010	0		1.0	1.0
Reactome	combined	MET Activates PI3K/AKT Signaling R-HSA-8851907	6	688	33010	0		1.0	1.0
Reactome	combined	MET Activates PTK2 Signaling R-HSA-8874081	17	688	33010	0		1.0	1.0
Reactome	combined	MET Activates PTPN11 R-HSA-8865999	5	688	33010	0		1.0	1.0
Reactome	combined	MET Activates RAP1 And RAC1 R-HSA-8875555	11	688	33010	0		1.0	1.0
Reactome	combined	MET Activates RAS Signaling R-HSA-8851805	9	688	33010	0		1.0	1.0
Reactome	combined	MET Interacts With TNS Proteins R-HSA-8875513	5	688	33010	0		1.0	1.0
Reactome	combined	MET Promotes Cell Motility R-HSA-8875878	28	688	33010	0		1.0	1.0
Reactome	combined	MET Receptor Recycling R-HSA-8875656	9	688	33010	0		1.0	1.0
Reactome	combined	MTOR Signaling R-HSA-165159	40	688	33010	0		1.0	1.0
Reactome	combined	Maturation Of Protein 3A R-HSA-9683673	9	688	33010	0		1.0	1.0
Reactome	combined	Maturation Of Spike Protein R-HSA-9683686	5	688	33010	0		1.0	1.0
Reactome	combined	Meiotic Recombination R-HSA-912446	51	688	33010	0		1.0	1.0
Reactome	combined	Melanin Biosynthesis R-HSA-5662702	5	688	33010	0		1.0	1.0
Reactome	combined	Membrane Binding And Targetting Of GAG Proteins R-HSA-174490	15	688	33010	0		1.0	1.0
Reactome	combined	Metabolic Disorders Of Biological Oxidation Enzymes R-HSA-5579029	32	688	33010	0		1.0	1.0
Reactome	combined	Metabolism Of Angiotensinogen To Angiotensins R-HSA-2022377	16	688	33010	0		1.0	1.0
Reactome	combined	Metabolism Of Amine-Derived Hormones R-HSA-209776	17	688	33010	0		1.0	1.0
Reactome	combined	Metabolism Of Folate And Pterines R-HSA-196757	17	688	33010	0		1.0	1.0
Reactome	combined	Metabolism Of Ingested SeMet, Sec, MeSec Into H2Se R-HSA-2408508	7	688	33010	0		1.0	1.0
Reactome	combined	Metabolism Of Nitric Oxide: NOS3 Activation And Regulation R-HSA-202131	15	688	33010	0		1.0	1.0
Reactome	combined	Metabolism Of Non-Coding RNA R-HSA-194441	50	688	33010	0		1.0	1.0
Reactome	combined	Metabolism Of Polyamines R-HSA-351202	57	688	33010	0		1.0	1.0
Reactome	combined	Metabolism Of Porphyrins R-HSA-189445	26	688	33010	0		1.0	1.0
Reactome	combined	Metabolism Of Steroid Hormones R-HSA-196071	34	688	33010	0		1.0	1.0
Reactome	combined	Metal Ion SLC Transporters R-HSA-425410	25	688	33010	0		1.0	1.0
Reactome	combined	Metal Sequestration By Antimicrobial Proteins R-HSA-6799990	4	688	33010	0		1.0	1.0
Reactome	combined	Metalloprotease DUBs R-HSA-5689901	29	688	33010	0		1.0	1.0
Reactome	combined	Metallothioneins Bind Metals R-HSA-5661231	11	688	33010	0		1.0	1.0
Reactome	combined	Methionine Salvage Pathway R-HSA-1237112	6	688	33010	0		1.0	1.0
Reactome	combined	Methylation R-HSA-156581	14	688	33010	0		1.0	1.0
Reactome	combined	MicroRNA (miRNA) Biogenesis R-HSA-203927	24	688	33010	0		1.0	1.0
Reactome	combined	Microbial Modulation Of RIPK1-mediated Regulated Necrosis R-HSA-9686347	6	688	33010	0		1.0	1.0
Reactome	combined	Mineralocorticoid Biosynthesis R-HSA-193993	5	688	33010	0		1.0	1.0
Reactome	combined	Miro GTPase Cycle R-HSA-9715370	8	688	33010	0		1.0	1.0
Reactome	combined	Miscellaneous Substrates R-HSA-211958	10	688	33010	0		1.0	1.0
Reactome	combined	Miscellaneous Transport And Binding Events R-HSA-5223345	21	688	33010	0		1.0	1.0
Reactome	combined	Mismatch Repair R-HSA-5358508	15	688	33010	0		1.0	1.0
Reactome	combined	Mismatch Repair (MMR) Directed By MSH2:MSH3 (MutSbeta) R-HSA-5358606	14	688	33010	0		1.0	1.0
Reactome	combined	Mismatch Repair (MMR) Directed By MSH2:MSH6 (MutSalpha) R-HSA-5358565	14	688	33010	0		1.0	1.0
Reactome	combined	Mitochondrial Fatty Acid Beta-Oxidation R-HSA-77289	34	688	33010	0		1.0	1.0
Reactome	combined	Mitochondrial Uncoupling R-HSA-166187	5	688	33010	0		1.0	1.0
Reactome	combined	Mitochondrial Calcium Ion Transport R-HSA-8949215	21	688	33010	0		1.0	1.0
Reactome	combined	Mitochondrial Iron-Sulfur Cluster Biogenesis R-HSA-1362409	13	688	33010	0		1.0	1.0
Reactome	combined	Mitochondrial tRNA Aminoacylation R-HSA-379726	21	688	33010	0		1.0	1.0
Reactome	combined	Mitochondrial Translation R-HSA-5368287	88	688	33010	0		1.0	1.0
Reactome	combined	Mitochondrial Translation Elongation R-HSA-5389840	82	688	33010	0		1.0	1.0
Reactome	combined	Mitochondrial Translation Initiation R-HSA-5368286	82	688	33010	0		1.0	1.0
Reactome	combined	Mitochondrial Translation Termination R-HSA-5419276	82	688	33010	0		1.0	1.0
Reactome	combined	Mitophagy R-HSA-5205647	27	688	33010	0		1.0	1.0
Reactome	combined	Mitotic G2-G2/M Phases R-HSA-453274	179	688	33010	0		1.0	1.0
Reactome	combined	Modulation By Mtb Of Host Immune System R-HSA-9637628	6	688	33010	0		1.0	1.0
Reactome	combined	Molecules Associated With Elastic Fibres R-HSA-2129379	28	688	33010	0		1.0	1.0
Reactome	combined	Molybdenum Cofactor Biosynthesis R-HSA-947581	6	688	33010	0		1.0	1.0
Reactome	combined	Mucopolysaccharidoses R-HSA-2206281	10	688	33010	0		1.0	1.0
Reactome	combined	Multifunctional Anion Exchangers R-HSA-427601	9	688	33010	0		1.0	1.0
Reactome	combined	Muscarinic Acetylcholine Receptors R-HSA-390648	5	688	33010	0		1.0	1.0
Reactome	combined	MyD88 Cascade Initiated On Plasma Membrane R-HSA-975871	92	688	33010	0		1.0	1.0
Reactome	combined	MyD88 Deficiency (TLR2/4) R-HSA-5602498	16	688	33010	0		1.0	1.0
Reactome	combined	MyD88 Dependent Cascade Initiated On Endosome R-HSA-975155	97	688	33010	0		1.0	1.0
Reactome	combined	MyD88-independent TLR4 Cascade R-HSA-166166	103	688	33010	0		1.0	1.0
Reactome	combined	MyD88:MAL(TIRAP) Cascade Initiated On Plasma Membrane R-HSA-166058	107	688	33010	0		1.0	1.0
Reactome	combined	Myoclonic Epilepsy Of Lafora R-HSA-3785653	8	688	33010	0		1.0	1.0
Reactome	combined	N-glycan Trimming And Elongation In cis-Golgi R-HSA-964739	5	688	33010	0		1.0	1.0
Reactome	combined	NADE Modulates Death Signaling R-HSA-205025	5	688	33010	0		1.0	1.0
Reactome	combined	NCAM Signaling For Neurite Out-Growth R-HSA-375165	56	688	33010	0		1.0	1.0
Reactome	combined	NCAM1 Interactions R-HSA-419037	36	688	33010	0		1.0	1.0
Reactome	combined	NEP/NS2 Interacts With Cellular Export Machinery R-HSA-168333	35	688	33010	0		1.0	1.0
Reactome	combined	NF-kB Activation Thru FADD/RIP-1 Pathway Mediated By Caspase-8 And -10 R-HSA-933543	11	688	33010	0		1.0	1.0
Reactome	combined	NF-kB Is Activated And Signals Survival R-HSA-209560	12	688	33010	0		1.0	1.0
Reactome	combined	NGF-stimulated Transcription R-HSA-9031628	39	688	33010	0		1.0	1.0
Reactome	combined	NIK To Noncanonical NF-kB Signaling R-HSA-5676590	57	688	33010	0		1.0	1.0
Reactome	combined	NOD1/2 Signaling Pathway R-HSA-168638	30	688	33010	0		1.0	1.0
Reactome	combined	NOSTRIN Mediated eNOS Trafficking R-HSA-203641	5	688	33010	0		1.0	1.0
Reactome	combined	NOTCH2 Activation And Transmission Of Signal To Nucleus R-HSA-2979096	21	688	33010	0		1.0	1.0
Reactome	combined	NOTCH3 Activation And Transmission Of Signal To Nucleus R-HSA-9013507	25	688	33010	0		1.0	1.0
Reactome	combined	NOTCH4 Activation And Transmission Of Signal To Nucleus R-HSA-9013700	11	688	33010	0		1.0	1.0
Reactome	combined	NR1H2 And NR1H3 Regulate Gene Expression Linked To Gluconeogenesis R-HSA-9632974	5	688	33010	0		1.0	1.0
Reactome	combined	NR1H2 And NR1H3 Regulate Gene Expression Linked To Lipogenesis R-HSA-9029558	9	688	33010	0		1.0	1.0
Reactome	combined	NR1H2 And NR1H3 Regulate Gene Expression Linked To Triglyceride Lipolysis In Adipose R-HSA-9031528	5	688	33010	0		1.0	1.0
Reactome	combined	NR1H2 And NR1H3 Regulate Gene Expression To Control Bile Acid Homeostasis R-HSA-9623433	9	688	33010	0		1.0	1.0
Reactome	combined	NR1H2 And NR1H3 Regulate Gene Expression To Limit Cholesterol Uptake R-HSA-9031525	5	688	33010	0		1.0	1.0
Reactome	combined	NRIF Signals Cell Death From Nucleus R-HSA-205043	16	688	33010	0		1.0	1.0
Reactome	combined	NS1 Mediated Effects On Host Pathways R-HSA-168276	42	688	33010	0		1.0	1.0
Reactome	combined	Nectin/Necl Trans Heterodimerization R-HSA-420597	7	688	33010	0		1.0	1.0
Reactome	combined	Nef Mediated CD4 Down-regulation R-HSA-167590	8	688	33010	0		1.0	1.0
Reactome	combined	Nef Mediated CD8 Down-regulation R-HSA-182218	7	688	33010	0		1.0	1.0
Reactome	combined	Nef Mediated Downregulation Of MHC Class I Complex Cell Surface Expression R-HSA-164940	9	688	33010	0		1.0	1.0
Reactome	combined	Nef-mediated Downmodulation Of Cell Surface Receptors By Recruitment To Clathrin Adapters R-HSA-164938	19	688	33010	0		1.0	1.0
Reactome	combined	Negative Feedback Regulation Of MAPK Pathway R-HSA-5674499	6	688	33010	0		1.0	1.0
Reactome	combined	Negative Regulation Of FLT3 R-HSA-9706369	15	688	33010	0		1.0	1.0
Reactome	combined	Negative Regulation Of MAPK Pathway R-HSA-5675221	39	688	33010	0		1.0	1.0
Reactome	combined	Negative Regulation Of MET Activity R-HSA-6807004	20	688	33010	0		1.0	1.0
Reactome	combined	Negative Regulation Of NMDA Receptor-Mediated Neuronal Transmission R-HSA-9617324	21	688	33010	0		1.0	1.0
Reactome	combined	Negative Regulation Of NOTCH4 Signaling R-HSA-9604323	52	688	33010	0		1.0	1.0
Reactome	combined	Negative Regulation Of TCF-dependent Signaling By WNT Ligand Antagonists R-HSA-3772470	15	688	33010	0		1.0	1.0
Reactome	combined	Negative Regulators Of DDX58/IFIH1 Signaling R-HSA-936440	33	688	33010	0		1.0	1.0
Reactome	combined	Nephrin Family Interactions R-HSA-373753	21	688	33010	0		1.0	1.0
Reactome	combined	Netrin Mediated Repulsion Signals R-HSA-418886	8	688	33010	0		1.0	1.0
Reactome	combined	Neurofascin Interactions R-HSA-447043	6	688	33010	0		1.0	1.0
Reactome	combined	Non-integrin membrane-ECM Interactions R-HSA-3000171	38	688	33010	0		1.0	1.0
Reactome	combined	Noncanonical Activation Of NOTCH3 R-HSA-9017802	8	688	33010	0		1.0	1.0
Reactome	combined	NrCAM Interactions R-HSA-447038	7	688	33010	0		1.0	1.0
Reactome	combined	Nuclear Events (Kinase And Transcription Factor Activation) R-HSA-198725	60	688	33010	0		1.0	1.0
Reactome	combined	Nuclear Pore Complex (NPC) Disassembly R-HSA-3301854	36	688	33010	0		1.0	1.0
Reactome	combined	Nuclear Events Stimulated By ALK Signaling In Cancer R-HSA-9725371	18	688	33010	0		1.0	1.0
Reactome	combined	Nuclear Import Of Rev Protein R-HSA-180746	34	688	33010	0		1.0	1.0
Reactome	combined	Nucleotide Biosynthesis R-HSA-8956320	12	688	33010	0		1.0	1.0
Reactome	combined	Nucleotide Salvage R-HSA-8956321	21	688	33010	0		1.0	1.0
Reactome	combined	O-glycosylation Of TSR Domain-Containing Proteins R-HSA-5173214	37	688	33010	0		1.0	1.0
Reactome	combined	OAS Antiviral Response R-HSA-8983711	7	688	33010	0		1.0	1.0
Reactome	combined	Olfactory Signaling Pathway R-HSA-381753	287	688	33010	0		1.0	1.0
Reactome	combined	Opsins R-HSA-419771	7	688	33010	0		1.0	1.0
Reactome	combined	Orc1 Removal From Chromatin R-HSA-68949	68	688	33010	0		1.0	1.0
Reactome	combined	Orexin And Neuropeptides FF And QRFP Bind To Their Respective Receptors R-HSA-389397	8	688	33010	0		1.0	1.0
Reactome	combined	Organic Anion Transport R-HSA-561048	5	688	33010	0		1.0	1.0
Reactome	combined	Organic Anion Transporters R-HSA-428643	10	688	33010	0		1.0	1.0
Reactome	combined	Organic Cation Transport R-HSA-549127	10	688	33010	0		1.0	1.0
Reactome	combined	Organic Cation/Anion/Zwitterion Transport R-HSA-549132	15	688	33010	0		1.0	1.0
Reactome	combined	Other Interleukin Signaling R-HSA-449836	24	688	33010	0		1.0	1.0
Reactome	combined	Ovarian Tumor Domain Proteases R-HSA-5689896	35	688	33010	0		1.0	1.0
Reactome	combined	Oxygen-dependent Proline Hydroxylation Of Hypoxia-inducible Factor Alpha R-HSA-1234176	63	688	33010	0		1.0	1.0
Reactome	combined	PCNA-Dependent Long Patch Base Excision Repair R-HSA-5651801	21	688	33010	0		1.0	1.0
Reactome	combined	PCP/CE Pathway R-HSA-4086400	87	688	33010	0		1.0	1.0
Reactome	combined	PECAM1 Interactions R-HSA-210990	12	688	33010	0		1.0	1.0
Reactome	combined	PERK Regulates Gene Expression R-HSA-381042	30	688	33010	0		1.0	1.0
Reactome	combined	PI Metabolism R-HSA-1483255	78	688	33010	0		1.0	1.0
Reactome	combined	PI-3K cascade:FGFR4 R-HSA-5654720	18	688	33010	0		1.0	1.0
Reactome	combined	PI3K Events In ERBB2 Signaling R-HSA-1963642	16	688	33010	0		1.0	1.0
Reactome	combined	PI3K Events In ERBB4 Signaling R-HSA-1250342	10	688	33010	0		1.0	1.0
Reactome	combined	PI5P Regulates TP53 Acetylation R-HSA-6811555	9	688	33010	0		1.0	1.0
Reactome	combined	PINK1-PRKN Mediated Mitophagy R-HSA-5205685	22	688	33010	0		1.0	1.0
Reactome	combined	PKA-mediated Phosphorylation Of Key Metabolic Factors R-HSA-163358	4	688	33010	0		1.0	1.0
Reactome	combined	POU5F1 (OCT4), SOX2, NANOG Activate Genes Related To Proliferation R-HSA-2892247	10	688	33010	0		1.0	1.0
Reactome	combined	PP2A-mediated Dephosphorylation Of Key Metabolic Factors R-HSA-163767	6	688	33010	0		1.0	1.0
Reactome	combined	PTK6 Expression R-HSA-8849473	5	688	33010	0		1.0	1.0
Reactome	combined	PTK6 Regulates Cell Cycle R-HSA-8849470	6	688	33010	0		1.0	1.0
Reactome	combined	PTK6 Regulates RHO GTPases, RAS GTPase And MAP Kinases R-HSA-8849471	13	688	33010	0		1.0	1.0
Reactome	combined	PTK6 Regulates RTKs And Their Effectors AKT1 And DOK1 R-HSA-8849469	9	688	33010	0		1.0	1.0
Reactome	combined	PTK6 Promotes HIF1A Stabilization R-HSA-8857538	6	688	33010	0		1.0	1.0
Reactome	combined	Packaging Of Telomere Ends R-HSA-171306	29	688	33010	0		1.0	1.0
Reactome	combined	Paracetamol ADME R-HSA-9753281	24	688	33010	0		1.0	1.0
Reactome	combined	Passive Transport By Aquaporins R-HSA-432047	12	688	33010	0		1.0	1.0
Reactome	combined	Pausing And Recovery Of Tat-mediated HIV Elongation R-HSA-167238	31	688	33010	0		1.0	1.0
Reactome	combined	Pentose Phosphate Pathway R-HSA-71336	12	688	33010	0		1.0	1.0
Reactome	combined	Peptide Hormone Biosynthesis R-HSA-209952	11	688	33010	0		1.0	1.0
Reactome	combined	Peroxisomal Lipid Metabolism R-HSA-390918	28	688	33010	0		1.0	1.0
Reactome	combined	Pexophagy R-HSA-9664873	11	688	33010	0		1.0	1.0
Reactome	combined	Phase 1 - Inactivation Of Fast Na+ Channels R-HSA-5576894	6	688	33010	0		1.0	1.0
Reactome	combined	Phase 3 - Rapid Repolarisation R-HSA-5576890	8	688	33010	0		1.0	1.0
Reactome	combined	Phase 4 - Resting Membrane Potential R-HSA-5576886	19	688	33010	0		1.0	1.0
Reactome	combined	Phenylalanine And Tyrosine Metabolism R-HSA-8963691	11	688	33010	0		1.0	1.0
Reactome	combined	Phenylalanine Metabolism R-HSA-8964208	6	688	33010	0		1.0	1.0
Reactome	combined	Phosphate Bond Hydrolysis By NTPDase Proteins R-HSA-8850843	8	688	33010	0		1.0	1.0
Reactome	combined	Phosphate Bond Hydrolysis By NUDT Proteins R-HSA-2393930	7	688	33010	0		1.0	1.0
Reactome	combined	Phospholipase C-mediated Cascade; FGFR4 R-HSA-5654228	13	688	33010	0		1.0	1.0
Reactome	combined	Phosphorylation Of Emi1 R-HSA-176417	6	688	33010	0		1.0	1.0
Reactome	combined	Physiological Factors R-HSA-5578768	14	688	33010	0		1.0	1.0
Reactome	combined	Plasma Lipoprotein Assembly R-HSA-8963898	16	688	33010	0		1.0	1.0
Reactome	combined	Plasma Lipoprotein Clearance R-HSA-8964043	35	688	33010	0		1.0	1.0
Reactome	combined	Platelet Adhesion To Exposed Collagen R-HSA-75892	12	688	33010	0		1.0	1.0
Reactome	combined	Platelet Calcium Homeostasis R-HSA-418360	25	688	33010	0		1.0	1.0
Reactome	combined	Platelet Sensitization By LDL R-HSA-432142	17	688	33010	0		1.0	1.0
Reactome	combined	Polo-like Kinase Mediated Events R-HSA-156711	16	688	33010	0		1.0	1.0
Reactome	combined	Polymerase Switching On C-strand Of Telomere R-HSA-174411	24	688	33010	0		1.0	1.0
Reactome	combined	Post-transcriptional Silencing By Small RNAs R-HSA-426496	7	688	33010	0		1.0	1.0
Reactome	combined	Postmitotic Nuclear Pore Complex (NPC) Reformation R-HSA-9615933	27	688	33010	0		1.0	1.0
Reactome	combined	Pre-NOTCH Processing In Endoplasmic Reticulum R-HSA-1912399	6	688	33010	0		1.0	1.0
Reactome	combined	Pregnenolone Biosynthesis R-HSA-196108	12	688	33010	0		1.0	1.0
Reactome	combined	Presynaptic Function Of Kainate Receptors R-HSA-500657	21	688	33010	0		1.0	1.0
Reactome	combined	Presynaptic Nicotinic Acetylcholine Receptors R-HSA-622323	12	688	33010	0		1.0	1.0
Reactome	combined	Presynaptic Phase Of Homologous DNA Pairing And Strand Exchange R-HSA-5693616	40	688	33010	0		1.0	1.0
Reactome	combined	Prevention Of Phagosomal-Lysosomal Fusion R-HSA-9636383	9	688	33010	0		1.0	1.0
Reactome	combined	Processing And Activation Of SUMO R-HSA-3215018	9	688	33010	0		1.0	1.0
Reactome	combined	Processing Of Capped Intronless Pre-mRNA R-HSA-75067	28	688	33010	0		1.0	1.0
Reactome	combined	Processing Of Intronless Pre-mRNAs R-HSA-77595	19	688	33010	0		1.0	1.0
Reactome	combined	Processing Of SMDT1 R-HSA-8949664	15	688	33010	0		1.0	1.0
Reactome	combined	Processive Synthesis On C-strand Of Telomere R-HSA-174414	19	688	33010	0		1.0	1.0
Reactome	combined	Processive Synthesis On Lagging Strand R-HSA-69183	14	688	33010	0		1.0	1.0
Reactome	combined	Prolactin Receptor Signaling R-HSA-1170546	13	688	33010	0		1.0	1.0
Reactome	combined	Prostacyclin Signaling Thru Prostacyclin Receptor R-HSA-392851	19	688	33010	0		1.0	1.0
Reactome	combined	Prostanoid Ligand Receptors R-HSA-391908	9	688	33010	0		1.0	1.0
Reactome	combined	Protein Repair R-HSA-5676934	6	688	33010	0		1.0	1.0
Reactome	combined	Protein Ubiquitination R-HSA-8852135	72	688	33010	0		1.0	1.0
Reactome	combined	Proton-coupled Monocarboxylate Transport R-HSA-433692	6	688	33010	0		1.0	1.0
Reactome	combined	Purine Ribonucleoside Monophosphate Biosynthesis R-HSA-73817	10	688	33010	0		1.0	1.0
Reactome	combined	Purine Salvage R-HSA-74217	12	688	33010	0		1.0	1.0
Reactome	combined	Pyrimidine Salvage R-HSA-73614	10	688	33010	0		1.0	1.0
Reactome	combined	Pyroptosis R-HSA-5620971	26	688	33010	0		1.0	1.0
Reactome	combined	Pyruvate Metabolism R-HSA-70268	29	688	33010	0		1.0	1.0
Reactome	combined	RAF Activation R-HSA-5673000	30	688	33010	0		1.0	1.0
Reactome	combined	RAF-independent MAPK1/3 Activation R-HSA-112409	22	688	33010	0		1.0	1.0
Reactome	combined	RAS Processing R-HSA-9648002	18	688	33010	0		1.0	1.0
Reactome	combined	RAS Signaling Downstream Of NF1 Loss-Of-Function Variants R-HSA-6802953	6	688	33010	0		1.0	1.0
Reactome	combined	RET Signaling R-HSA-8853659	40	688	33010	0		1.0	1.0
Reactome	combined	RHO GTPases Activate NADPH Oxidases R-HSA-5668599	21	688	33010	0		1.0	1.0
Reactome	combined	RHO GTPases Activate ROCKs R-HSA-5627117	19	688	33010	0		1.0	1.0
Reactome	combined	RHO GTPases Activate Rhotekin And Rhophilins R-HSA-5666185	9	688	33010	0		1.0	1.0
Reactome	combined	RHO GTPases Activate WASPs And WAVEs R-HSA-5663213	33	688	33010	0		1.0	1.0
Reactome	combined	RHO GTPases Activate CIT R-HSA-5625900	19	688	33010	0		1.0	1.0
Reactome	combined	RHO GTPases Activate PAKs R-HSA-5627123	20	688	33010	0		1.0	1.0
Reactome	combined	RHO GTPases Activate PKNs R-HSA-5625740	56	688	33010	0		1.0	1.0
Reactome	combined	RHOBTB1 GTPase Cycle R-HSA-9013422	22	688	33010	0		1.0	1.0
Reactome	combined	RHOBTB3 ATPase Cycle R-HSA-9706019	8	688	33010	0		1.0	1.0
Reactome	combined	RHOH GTPase Cycle R-HSA-9013407	36	688	33010	0		1.0	1.0
Reactome	combined	RHOT1 GTPase Cycle R-HSA-9013425	5	688	33010	0		1.0	1.0
Reactome	combined	RHOT2 GTPase Cycle R-HSA-9013419	7	688	33010	0		1.0	1.0
Reactome	combined	RIP-mediated NFkB Activation Via ZBP1 R-HSA-1810476	16	688	33010	0		1.0	1.0
Reactome	combined	RNA Pol II CTD Phosphorylation And Interaction With CE R-HSA-77075	26	688	33010	0		1.0	1.0
Reactome	combined	RNA Polymerase I Promoter Opening R-HSA-73728	27	688	33010	0		1.0	1.0
Reactome	combined	RNA Polymerase III Abortive And Retractive Initiation R-HSA-749476	39	688	33010	0		1.0	1.0
Reactome	combined	RNA Polymerase III Chain Elongation R-HSA-73780	17	688	33010	0		1.0	1.0
Reactome	combined	RNA Polymerase III Transcription Initiation From Type 1 Promoter R-HSA-76061	27	688	33010	0		1.0	1.0
Reactome	combined	RNA Polymerase III Transcription Initiation From Type 2 Promoter R-HSA-76066	26	688	33010	0		1.0	1.0
Reactome	combined	RNA Polymerase III Transcription Initiation From Type 3 Promoter R-HSA-76071	27	688	33010	0		1.0	1.0
Reactome	combined	RNA Polymerase III Transcription Initiation R-HSA-76046	35	688	33010	0		1.0	1.0
Reactome	combined	RNA Polymerase III Transcription Termination R-HSA-73980	21	688	33010	0		1.0	1.0
Reactome	combined	RNA Polymerase II Transcribes snRNA Genes R-HSA-6807505	74	688	33010	0		1.0	1.0
Reactome	combined	ROBO Receptors Bind AKAP5 R-HSA-9010642	8	688	33010	0		1.0	1.0
Reactome	combined	RSK Activation R-HSA-444257	5	688	33010	0		1.0	1.0
Reactome	combined	RUNX1 And FOXP3 Control Development Of Regulatory T Lymphocytes (Tregs) R-HSA-8877330	9	688	33010	0		1.0	1.0
Reactome	combined	RUNX1 Interacts With Co-Factors Whose Precise Effect On RUNX1 Targets Is Not Known R-HSA-8939243	35	688	33010	0		1.0	1.0
Reactome	combined	RUNX1 Regulates Estrogen Receptor Mediated Transcription R-HSA-8931987	6	688	33010	0		1.0	1.0
Reactome	combined	RUNX1 Regulates Expression Of Components Of Tight Junctions R-HSA-8935964	5	688	33010	0		1.0	1.0
Reactome	combined	RUNX1 Regulates Genes Involved In Megakaryocyte Differentiation And Platelet Function R-HSA-8936459	60	688	33010	0		1.0	1.0
Reactome	combined	RUNX1 Regulates Transcription Of Genes Involved In WNT Signaling R-HSA-8939256	5	688	33010	0		1.0	1.0
Reactome	combined	RUNX1 Regulates Transcription Of Genes Involved In Differentiation Of Keratinocytes R-HSA-8939242	8	688	33010	0		1.0	1.0
Reactome	combined	RUNX1 Regulates Transcription Of Genes Involved In Differentiation Of Myeloid Cells R-HSA-8939246	7	688	33010	0		1.0	1.0
Reactome	combined	RUNX1 Regulates Transcription Of Genes Involved In Interleukin Signaling R-HSA-8939247	5	688	33010	0		1.0	1.0
Reactome	combined	RUNX2 Regulates Chondrocyte Maturation R-HSA-8941284	5	688	33010	0		1.0	1.0
Reactome	combined	RUNX2 Regulates Genes Involved In Cell Migration R-HSA-8941332	8	688	33010	0		1.0	1.0
Reactome	combined	RUNX3 Regulates Immune Response And Cell Migration R-HSA-8949275	6	688	33010	0		1.0	1.0
Reactome	combined	RUNX3 Regulates BCL2L11 (BIM) Transcription R-HSA-8952158	5	688	33010	0		1.0	1.0
Reactome	combined	RUNX3 Regulates CDKN1A Transcription R-HSA-8941855	7	688	33010	0		1.0	1.0
Reactome	combined	RUNX3 Regulates WNT Signaling R-HSA-8951430	8	688	33010	0		1.0	1.0
Reactome	combined	RUNX3 Regulates YAP1-mediated Transcription R-HSA-8951671	8	688	33010	0		1.0	1.0
Reactome	combined	Rap1 Signaling R-HSA-392517	16	688	33010	0		1.0	1.0
Reactome	combined	Ras Activation Upon Ca2+ Influx Thru NMDA Receptor R-HSA-442982	19	688	33010	0		1.0	1.0
Reactome	combined	Reactions Specific To Complex N-glycan Synthesis Pathway R-HSA-975578	10	688	33010	0		1.0	1.0
Reactome	combined	Receptor Mediated Mitophagy R-HSA-8934903	9	688	33010	0		1.0	1.0
Reactome	combined	Recognition Of DNA Damage By PCNA-containing Replication Complex R-HSA-110314	29	688	33010	0		1.0	1.0
Reactome	combined	Recruitment Of NuMA To Mitotic Centrosomes R-HSA-380320	77	688	33010	0		1.0	1.0
Reactome	combined	Recycling Of Bile Acids And Salts R-HSA-159418	18	688	33010	0		1.0	1.0
Reactome	combined	Recycling Of eIF2:GDP R-HSA-72731	7	688	33010	0		1.0	1.0
Reactome	combined	Reduction Of Cytosolic Ca++ Levels R-HSA-418359	10	688	33010	0		1.0	1.0
Reactome	combined	Regulated Proteolysis Of p75NTR R-HSA-193692	11	688	33010	0		1.0	1.0
Reactome	combined	Regulation Of Apoptosis R-HSA-169911	50	688	33010	0		1.0	1.0
Reactome	combined	Regulation Of BACH1 Activity R-HSA-9708530	11	688	33010	0		1.0	1.0
Reactome	combined	Regulation Of Complement Cascade R-HSA-977606	41	688	33010	0		1.0	1.0
Reactome	combined	Regulation Of FOXO Transcriptional Activity By Acetylation R-HSA-9617629	9	688	33010	0		1.0	1.0
Reactome	combined	Regulation Of FZD By Ubiquitination R-HSA-4641263	20	688	33010	0		1.0	1.0
Reactome	combined	Regulation Of HMOX1 Expression And Activity R-HSA-9707587	5	688	33010	0		1.0	1.0
Reactome	combined	Regulation Of IFNA/IFNB Signaling R-HSA-912694	14	688	33010	0		1.0	1.0
Reactome	combined	Regulation Of IFNG Signaling R-HSA-877312	14	688	33010	0		1.0	1.0
Reactome	combined	Regulation Of KIT Signaling R-HSA-1433559	16	688	33010	0		1.0	1.0
Reactome	combined	Regulation Of NF-kappa B Signaling R-HSA-9758274	17	688	33010	0		1.0	1.0
Reactome	combined	Regulation Of PLK1 Activity At G2/M Transition R-HSA-2565942	84	688	33010	0		1.0	1.0
Reactome	combined	Regulation Of PTEN Localization R-HSA-8948747	8	688	33010	0		1.0	1.0
Reactome	combined	Regulation Of PTEN mRNA Translation R-HSA-8943723	11	688	33010	0		1.0	1.0
Reactome	combined	Regulation Of PTEN Stability And Activity R-HSA-8948751	65	688	33010	0		1.0	1.0
Reactome	combined	Regulation Of RAS By GAPs R-HSA-5658442	63	688	33010	0		1.0	1.0
Reactome	combined	Regulation Of RUNX1 Expression And Activity R-HSA-8934593	17	688	33010	0		1.0	1.0
Reactome	combined	Regulation Of RUNX2 Expression And Activity R-HSA-8939902	71	688	33010	0		1.0	1.0
Reactome	combined	Regulation Of TLR By Endogenous Ligand R-HSA-5686938	18	688	33010	0		1.0	1.0
Reactome	combined	Regulation Of TNFR1 Signaling R-HSA-5357905	33	688	33010	0		1.0	1.0
Reactome	combined	Regulation Of TP53 Activity Thru Methylation R-HSA-6804760	19	688	33010	0		1.0	1.0
Reactome	combined	Regulation Of TP53 Activity Thru Phosphorylation R-HSA-6804756	87	688	33010	0		1.0	1.0
Reactome	combined	Regulation Of Actin Dynamics For Phagocytic Cup Formation R-HSA-2029482	55	688	33010	0		1.0	1.0
Reactome	combined	Regulation Of Activated PAK-2p34 By Proteasome Mediated Degradation R-HSA-211733	48	688	33010	0		1.0	1.0
Reactome	combined	Regulation Of Commissural Axon Pathfinding By SLIT And ROBO R-HSA-428542	9	688	33010	0		1.0	1.0
Reactome	combined	Regulation Of Cytoskeletal Remodeling And Cell Spreading By IPP Complex Components R-HSA-446388	7	688	33010	0		1.0	1.0
Reactome	combined	Regulation Of Gene Expression By Hypoxia-inducible Factor R-HSA-1234158	11	688	33010	0		1.0	1.0
Reactome	combined	Regulation Of Gene Expression In Early Pancreatic Precursor Cells R-HSA-210747	8	688	33010	0		1.0	1.0
Reactome	combined	Regulation Of Glycolysis By Fructose 2,6-Bisphosphate Metabolism R-HSA-9634600	11	688	33010	0		1.0	1.0
Reactome	combined	Regulation Of Innate Immune Responses To Cytosolic DNA R-HSA-3134975	15	688	33010	0		1.0	1.0
Reactome	combined	Regulation Of Localization Of FOXO Transcription Factors R-HSA-9614399	11	688	33010	0		1.0	1.0
Reactome	combined	Regulation Of mRNA Stability By Proteins That Bind AU-rich Elements R-HSA-450531	87	688	33010	0		1.0	1.0
Reactome	combined	Regulation Of Ornithine Decarboxylase (ODC) R-HSA-350562	49	688	33010	0		1.0	1.0
Reactome	combined	Regulation Of Pyruvate Dehydrogenase (PDH) Complex R-HSA-204174	14	688	33010	0		1.0	1.0
Reactome	combined	Regulation Of Signaling By NODAL R-HSA-1433617	9	688	33010	0		1.0	1.0
Reactome	combined	Relaxin Receptors R-HSA-444821	7	688	33010	0		1.0	1.0
Reactome	combined	Release Of Hh-Np From Secreting Cell R-HSA-5362798	8	688	33010	0		1.0	1.0
Reactome	combined	Release Of Apoptotic Factors From Mitochondria R-HSA-111457	7	688	33010	0		1.0	1.0
Reactome	combined	Removal Of Aminoterminal Propeptides From Gamma-Carboxylated Proteins R-HSA-159782	8	688	33010	0		1.0	1.0
Reactome	combined	Removal Of Flap Intermediate R-HSA-69166	13	688	33010	0		1.0	1.0
Reactome	combined	Removal Of Flap Intermediate From C-strand R-HSA-174437	17	688	33010	0		1.0	1.0
Reactome	combined	Repression Of WNT Target Genes R-HSA-4641265	14	688	33010	0		1.0	1.0
Reactome	combined	Resolution Of D-Loop Structures R-HSA-5693537	33	688	33010	0		1.0	1.0
Reactome	combined	Resolution Of D-loop Structures Thru Holliday Junction Intermediates R-HSA-5693568	32	688	33010	0		1.0	1.0
Reactome	combined	Resolution Of D-loop Structures Thru Synthesis-Dependent Strand Annealing (SDSA) R-HSA-5693554	27	688	33010	0		1.0	1.0
Reactome	combined	Respiratory Electron Transport R-HSA-611105	87	688	33010	0		1.0	1.0
Reactome	combined	Respiratory Electron Transport, ATP Synthesis By Chemiosmotic Coupling, Heat Production By Uncoupling Proteins R-HSA-163200	108	688	33010	0		1.0	1.0
Reactome	combined	Response Of EIF2AK1 (HRI) To Heme Deficiency R-HSA-9648895	14	688	33010	0		1.0	1.0
Reactome	combined	Response Of Mtb To Phagocytosis R-HSA-9637690	21	688	33010	0		1.0	1.0
Reactome	combined	Response To Metal Ions R-HSA-5660526	14	688	33010	0		1.0	1.0
Reactome	combined	Retrograde Transport At Trans-Golgi-Network R-HSA-6811440	46	688	33010	0		1.0	1.0
Reactome	combined	Rev-mediated Nuclear Export Of HIV RNA R-HSA-165054	35	688	33010	0		1.0	1.0
Reactome	combined	Reversal Of Alkylation Damage By DNA Dioxygenases R-HSA-73943	7	688	33010	0		1.0	1.0
Reactome	combined	Reversible Hydration Of Carbon Dioxide R-HSA-1475029	11	688	33010	0		1.0	1.0
Reactome	combined	Role Of ABL In ROBO-SLIT Signaling R-HSA-428890	8	688	33010	0		1.0	1.0
Reactome	combined	Role Of LAT2/NTAL/LAB On Calcium Mobilization R-HSA-2730905	13	688	33010	0		1.0	1.0
Reactome	combined	Role Of Phospholipids In Phagocytosis R-HSA-2029485	22	688	33010	0		1.0	1.0
Reactome	combined	Role Of Second Messengers In Netrin-1 Signaling R-HSA-418890	9	688	33010	0		1.0	1.0
Reactome	combined	SARS-CoV-2 Modulates Autophagy R-HSA-9754560	11	688	33010	0		1.0	1.0
Reactome	combined	SARS-CoV-2 Targets PDZ Proteins In Cell-Cell Junction R-HSA-9705677	4	688	33010	0		1.0	1.0
Reactome	combined	SARS-CoV-2 Targets Host Intracellular Signaling And Regulatory Pathways R-HSA-9755779	13	688	33010	0		1.0	1.0
Reactome	combined	SCF(Skp2)-mediated Degradation Of P27/P21 R-HSA-187577	58	688	33010	0		1.0	1.0
Reactome	combined	SCF-beta-TrCP Mediated Degradation Of Emi1 R-HSA-174113	53	688	33010	0		1.0	1.0
Reactome	combined	SEMA3A-Plexin Repulsion Signaling By Inhibiting Integrin Adhesion R-HSA-399955	13	688	33010	0		1.0	1.0
Reactome	combined	SHC-mediated cascade:FGFR4 R-HSA-5654719	17	688	33010	0		1.0	1.0
Reactome	combined	SHC-related Events Triggered By IGF1R R-HSA-2428933	8	688	33010	0		1.0	1.0
Reactome	combined	SHC1 Events In EGFR Signaling R-HSA-180336	12	688	33010	0		1.0	1.0
Reactome	combined	SHC1 Events In ERBB2 Signaling R-HSA-1250196	21	688	33010	0		1.0	1.0
Reactome	combined	SHC1 Events In ERBB4 Signaling R-HSA-1250347	13	688	33010	0		1.0	1.0
Reactome	combined	SLBP Dependent Processing Of Replication-Dependent Histone Pre-mRNAs R-HSA-77588	11	688	33010	0		1.0	1.0
Reactome	combined	SLBP Independent Processing Of Histone Pre-mRNAs R-HSA-111367	10	688	33010	0		1.0	1.0
Reactome	combined	SMAC (DIABLO) Binds To IAPs R-HSA-111463	6	688	33010	0		1.0	1.0
Reactome	combined	SMAC, XIAP-regulated Apoptotic Response R-HSA-111469	7	688	33010	0		1.0	1.0
Reactome	combined	SMAD2/3 Phosphorylation Motif Mutants In Cancer R-HSA-3304356	6	688	33010	0		1.0	1.0
Reactome	combined	SMAD2/SMAD3:SMAD4 Heterotrimer Regulates Transcription R-HSA-2173796	36	688	33010	0		1.0	1.0
Reactome	combined	SOS-mediated Signaling R-HSA-112412	6	688	33010	0		1.0	1.0
Reactome	combined	STAT3 Nuclear Events Downstream Of ALK Signaling R-HSA-9701898	9	688	33010	0		1.0	1.0
Reactome	combined	STAT5 Activation R-HSA-9645135	7	688	33010	0		1.0	1.0
Reactome	combined	STAT5 Activation Downstream Of FLT3 ITD Mutants R-HSA-9702518	10	688	33010	0		1.0	1.0
Reactome	combined	STING Mediated Induction Of Host Immune Responses R-HSA-1834941	16	688	33010	0		1.0	1.0
Reactome	combined	SUMO Is Proteolytically Processed R-HSA-3065679	5	688	33010	0		1.0	1.0
Reactome	combined	SUMO Is Transferred From E1 To E2 (UBE2I, UBC9) R-HSA-3065678	6	688	33010	0		1.0	1.0
Reactome	combined	SUMOylation Of DNA Methylation Proteins R-HSA-4655427	16	688	33010	0		1.0	1.0
Reactome	combined	SUMOylation Of DNA Replication Proteins R-HSA-4615885	45	688	33010	0		1.0	1.0
Reactome	combined	SUMOylation Of RNA Binding Proteins R-HSA-4570464	47	688	33010	0		1.0	1.0
Reactome	combined	SUMOylation Of SUMOylation Proteins R-HSA-4085377	35	688	33010	0		1.0	1.0
Reactome	combined	SUMOylation Of Immune Response Proteins R-HSA-4755510	10	688	33010	0		1.0	1.0
Reactome	combined	SUMOylation Of Transcription Cofactors R-HSA-3899300	43	688	33010	0		1.0	1.0
Reactome	combined	SUMOylation Of Ubiquitinylation Proteins R-HSA-3232142	39	688	33010	0		1.0	1.0
Reactome	combined	Scavenging By Class A Receptors R-HSA-3000480	19	688	33010	0		1.0	1.0
Reactome	combined	Scavenging By Class B Receptors R-HSA-3000471	6	688	33010	0		1.0	1.0
Reactome	combined	Scavenging By Class F Receptors R-HSA-3000484	6	688	33010	0		1.0	1.0
Reactome	combined	Scavenging Of Heme From Plasma R-HSA-2168880	11	688	33010	0		1.0	1.0
Reactome	combined	Sema3A PAK Dependent Axon Repulsion R-HSA-399954	15	688	33010	0		1.0	1.0
Reactome	combined	Sema4D In Semaphorin Signaling R-HSA-400685	24	688	33010	0		1.0	1.0
Reactome	combined	Sema4D Induced Cell Migration And Growth-Cone Collapse R-HSA-416572	20	688	33010	0		1.0	1.0
Reactome	combined	Sema4D Mediated Inhibition Of Cell Attachment And Migration R-HSA-416550	8	688	33010	0		1.0	1.0
Reactome	combined	Sensing Of DNA Double Strand Breaks R-HSA-5693548	6	688	33010	0		1.0	1.0
Reactome	combined	Sensory Perception Of Salty Taste R-HSA-9730628	6	688	33010	0		1.0	1.0
Reactome	combined	Serotonin And Melatonin Biosynthesis R-HSA-209931	4	688	33010	0		1.0	1.0
Reactome	combined	Signal Amplification R-HSA-392518	33	688	33010	0		1.0	1.0
Reactome	combined	Signal Attenuation R-HSA-74749	10	688	33010	0		1.0	1.0
Reactome	combined	Signal Regulatory Protein Family Interactions R-HSA-391160	13	688	33010	0		1.0	1.0
Reactome	combined	Signal Transduction By L1 R-HSA-445144	19	688	33010	0		1.0	1.0
Reactome	combined	Signaling By ALK R-HSA-201556	25	688	33010	0		1.0	1.0
Reactome	combined	Signaling By Activin R-HSA-1502540	15	688	33010	0		1.0	1.0
Reactome	combined	Signaling By EGFR In Cancer R-HSA-1643713	23	688	33010	0		1.0	1.0
Reactome	combined	Signaling By ERBB2 ECD Mutants R-HSA-9665348	15	688	33010	0		1.0	1.0
Reactome	combined	Signaling By ERBB2 KD Mutants R-HSA-9664565	24	688	33010	0		1.0	1.0
Reactome	combined	Signaling By ERBB2 R-HSA-1227986	49	688	33010	0		1.0	1.0
Reactome	combined	Signaling By ERBB2 TMD/JMD Mutants R-HSA-9665686	21	688	33010	0		1.0	1.0
Reactome	combined	Signaling By ERBB2 In Cancer R-HSA-1227990	25	688	33010	0		1.0	1.0
Reactome	combined	Signaling By Erythropoietin R-HSA-9006335	24	688	33010	0		1.0	1.0
Reactome	combined	Signaling By FGFR2 IIIa TM R-HSA-8851708	18	688	33010	0		1.0	1.0
Reactome	combined	Signaling By FGFR4 In Disease R-HSA-5655291	10	688	33010	0		1.0	1.0
Reactome	combined	Signaling By FLT3 ITD And TKD Mutants R-HSA-9703648	15	688	33010	0		1.0	1.0
Reactome	combined	Signaling By FLT3 Fusion Proteins R-HSA-9703465	18	688	33010	0		1.0	1.0
Reactome	combined	Signaling By Hippo R-HSA-2028269	19	688	33010	0		1.0	1.0
Reactome	combined	Signaling By KIT In Disease R-HSA-9669938	19	688	33010	0		1.0	1.0
Reactome	combined	Signaling By LRP5 Mutants R-HSA-5339717	6	688	33010	0		1.0	1.0
Reactome	combined	Signaling By Leptin R-HSA-2586552	11	688	33010	0		1.0	1.0
Reactome	combined	Signaling By MAPK Mutants R-HSA-9652817	6	688	33010	0		1.0	1.0
Reactome	combined	Signaling By MET R-HSA-6806834	62	688	33010	0		1.0	1.0
Reactome	combined	Signaling By MST1 R-HSA-8852405	5	688	33010	0		1.0	1.0
Reactome	combined	Signaling By NODAL R-HSA-1181150	20	688	33010	0		1.0	1.0
Reactome	combined	Signaling By NTRK2 (TRKB) R-HSA-9006115	23	688	33010	0		1.0	1.0
Reactome	combined	Signaling By NTRK3 (TRKC) R-HSA-9034015	16	688	33010	0		1.0	1.0
Reactome	combined	Signaling By Non-Receptor Tyrosine Kinases R-HSA-9006927	52	688	33010	0		1.0	1.0
Reactome	combined	Signaling By PDGF R-HSA-186797	50	688	33010	0		1.0	1.0
Reactome	combined	Signaling By PDGFR In Disease R-HSA-9671555	19	688	33010	0		1.0	1.0
Reactome	combined	Signaling By PDGFRA Extracellular Domain Mutants R-HSA-9673770	11	688	33010	0		1.0	1.0
Reactome	combined	Signaling By RNF43 Mutants R-HSA-5340588	7	688	33010	0		1.0	1.0
Reactome	combined	Signaling By TGF-beta Receptor Complex In Cancer R-HSA-3304351	8	688	33010	0		1.0	1.0
Reactome	combined	Signaling By WNT In Cancer R-HSA-4791275	31	688	33010	0		1.0	1.0
Reactome	combined	Signaling By Membrane-Tethered Fusions Of PDGFRA Or PDGFRB R-HSA-9673768	5	688	33010	0		1.0	1.0
Reactome	combined	Signaling By B Cell Receptor (BCR) R-HSA-983705	104	688	33010	0		1.0	1.0
Reactome	combined	Small Interfering RNA (siRNA) Biogenesis R-HSA-426486	9	688	33010	0		1.0	1.0
Reactome	combined	Smooth Muscle Contraction R-HSA-445355	42	688	33010	0		1.0	1.0
Reactome	combined	Sodium-coupled Phosphate Cotransporters R-HSA-427652	5	688	33010	0		1.0	1.0
Reactome	combined	Sodium/Calcium Exchangers R-HSA-425561	10	688	33010	0		1.0	1.0
Reactome	combined	Sodium/Proton Exchangers R-HSA-425986	7	688	33010	0		1.0	1.0
Reactome	combined	Striated Muscle Contraction R-HSA-390522	32	688	33010	0		1.0	1.0
Reactome	combined	Sulfide Oxidation To Sulfate R-HSA-1614517	5	688	33010	0		1.0	1.0
Reactome	combined	Sulfur Amino Acid Metabolism R-HSA-1614635	25	688	33010	0		1.0	1.0
Reactome	combined	Suppression Of Apoptosis R-HSA-9635465	6	688	33010	0		1.0	1.0
Reactome	combined	Suppression Of Phagosomal Maturation R-HSA-9637687	13	688	33010	0		1.0	1.0
Reactome	combined	Surfactant Metabolism R-HSA-5683826	26	688	33010	0		1.0	1.0
Reactome	combined	Syndecan Interactions R-HSA-3000170	18	688	33010	0		1.0	1.0
Reactome	combined	Synthesis Of (16-20)-Hydroxyeicosatetraenoic Acids (HETE) R-HSA-2142816	9	688	33010	0		1.0	1.0
Reactome	combined	Synthesis Of 12-Eicosatetraenoic Acid Derivatives R-HSA-2142712	7	688	33010	0		1.0	1.0
Reactome	combined	Synthesis Of 15-Eicosatetraenoic Acid Derivatives R-HSA-2142770	6	688	33010	0		1.0	1.0
Reactome	combined	Synthesis Of Dolichyl-phosphate R-HSA-446199	6	688	33010	0		1.0	1.0
Reactome	combined	Synthesis Of GDP-mannose R-HSA-446205	5	688	33010	0		1.0	1.0
Reactome	combined	Synthesis Of IP2, IP, And Ins In Cytosol R-HSA-1855183	13	688	33010	0		1.0	1.0
Reactome	combined	Synthesis Of IP3 And IP4 In Cytosol R-HSA-1855204	25	688	33010	0		1.0	1.0
Reactome	combined	Synthesis Of Ketone Bodies R-HSA-77111	8	688	33010	0		1.0	1.0
Reactome	combined	Synthesis Of PA R-HSA-1483166	38	688	33010	0		1.0	1.0
Reactome	combined	Synthesis Of PC R-HSA-1483191	26	688	33010	0		1.0	1.0
Reactome	combined	Synthesis Of PE R-HSA-1483213	13	688	33010	0		1.0	1.0
Reactome	combined	Synthesis Of PG R-HSA-1483148	8	688	33010	0		1.0	1.0
Reactome	combined	Synthesis Of PI R-HSA-1483226	5	688	33010	0		1.0	1.0
Reactome	combined	Synthesis Of PIPs At ER Membrane R-HSA-1483248	5	688	33010	0		1.0	1.0
Reactome	combined	Synthesis Of PIPs At Golgi Membrane R-HSA-1660514	16	688	33010	0		1.0	1.0
Reactome	combined	Synthesis Of PIPs At Early Endosome Membrane R-HSA-1660516	15	688	33010	0		1.0	1.0
Reactome	combined	Synthesis Of PIPs At Late Endosome Membrane R-HSA-1660517	10	688	33010	0		1.0	1.0
Reactome	combined	Synthesis Of PIPs At Plasma Membrane R-HSA-1660499	47	688	33010	0		1.0	1.0
Reactome	combined	Synthesis Of Prostaglandins (PG) And Thromboxanes (TX) R-HSA-2162123	15	688	33010	0		1.0	1.0
Reactome	combined	Synthesis Of UDP-N-acetyl-glucosamine R-HSA-446210	7	688	33010	0		1.0	1.0
Reactome	combined	Synthesis Of Active Ubiquitin: Roles Of E1 And E2 Enzymes R-HSA-8866652	27	688	33010	0		1.0	1.0
Reactome	combined	Synthesis Of Bile Acids And Bile Salts R-HSA-192105	34	688	33010	0		1.0	1.0
Reactome	combined	Synthesis Of Bile Acids And Bile Salts Via 24-Hydroxycholesterol R-HSA-193775	14	688	33010	0		1.0	1.0
Reactome	combined	Synthesis Of Bile Acids And Bile Salts Via 27-Hydroxycholesterol R-HSA-193807	15	688	33010	0		1.0	1.0
Reactome	combined	Synthesis Of Bile Acids And Bile Salts Via 7Alpha-Hydroxycholesterol R-HSA-193368	24	688	33010	0		1.0	1.0
Reactome	combined	Synthesis Of diphthamide-EEF2 R-HSA-5358493	8	688	33010	0		1.0	1.0
Reactome	combined	Synthesis Of Epoxy (EET) And Dihydroxyeicosatrienoic Acids (DHET) R-HSA-2142670	8	688	33010	0		1.0	1.0
Reactome	combined	Synthesis Of Pyrophosphates In Cytosol R-HSA-1855167	8	688	33010	0		1.0	1.0
Reactome	combined	Synthesis Of Very Long-Chain Fatty acyl-CoAs R-HSA-75876	23	688	33010	0		1.0	1.0
Reactome	combined	Synthesis Of Wybutosine At G37 Of tRNA(Phe) R-HSA-6782861	6	688	33010	0		1.0	1.0
Reactome	combined	Synthesis, Secretion, And Deacylation Of Ghrelin R-HSA-422085	18	688	33010	0		1.0	1.0
Reactome	combined	TAK1-dependent IKK And NF-kappa-B Activation R-HSA-445989	42	688	33010	0		1.0	1.0
Reactome	combined	TFAP2 (AP-2) Family Regulates Transcription Of Cell Cycle Factors R-HSA-8866911	5	688	33010	0		1.0	1.0
Reactome	combined	TFAP2A Acts As A Transcriptional Repressor During Retinoic Acid Induced Cell Differentiation R-HSA-8869496	5	688	33010	0		1.0	1.0
Reactome	combined	TGF-beta Receptor Signaling In EMT (Epithelial To Mesenchymal Transition) R-HSA-2173791	16	688	33010	0		1.0	1.0
Reactome	combined	TICAM1, RIP1-mediated IKK Complex Recruitment R-HSA-168927	18	688	33010	0		1.0	1.0
Reactome	combined	TICAM1,TRAF6-dependent Induction Of TAK1 Complex R-HSA-9014325	10	688	33010	0		1.0	1.0
Reactome	combined	TICAM1-dependent Activation Of IRF3/IRF7 R-HSA-9013973	12	688	33010	0		1.0	1.0
Reactome	combined	TLR3-mediated TICAM1-dependent Programmed Cell Death R-HSA-9013957	6	688	33010	0		1.0	1.0
Reactome	combined	TNF Receptor Superfamily (TNFSF) Members Mediating Non-Canonical NF-kB Pathway R-HSA-5676594	16	688	33010	0		1.0	1.0
Reactome	combined	TNF Signaling R-HSA-75893	41	688	33010	0		1.0	1.0
Reactome	combined	TNFR1-induced NFkappaB Signaling Pathway R-HSA-5357956	23	688	33010	0		1.0	1.0
Reactome	combined	TNFR1-induced Proapoptotic Signaling R-HSA-5357786	13	688	33010	0		1.0	1.0
Reactome	combined	TNFR1-mediated Ceramide Production R-HSA-5626978	6	688	33010	0		1.0	1.0
Reactome	combined	TNFR2 Non-Canonical NF-kB Pathway R-HSA-5668541	95	688	33010	0		1.0	1.0
Reactome	combined	TNFs Bind Their Physiological Receptors R-HSA-5669034	26	688	33010	0		1.0	1.0
Reactome	combined	TP53 Regulates Metabolic Genes R-HSA-5628897	78	688	33010	0		1.0	1.0
Reactome	combined	TP53 Regulates Transcription Of Caspase Activators And Caspases R-HSA-6803207	12	688	33010	0		1.0	1.0
Reactome	combined	TP53 Regulates Transcription Of Cell Cycle Genes R-HSA-6791312	49	688	33010	0		1.0	1.0
Reactome	combined	TP53 Regulates Transcription Of Genes Involved In Cytochrome C Release R-HSA-6803204	20	688	33010	0		1.0	1.0
Reactome	combined	TP53 Regulates Transcription Of Genes Involved In G1 Cell Cycle Arrest R-HSA-6804116	14	688	33010	0		1.0	1.0
Reactome	combined	TP53 Regulates Transcription Of Genes Involved In G2 Cell Cycle Arrest R-HSA-6804114	18	688	33010	0		1.0	1.0
Reactome	combined	TP53 Regulates Transcription Of Additional Cell Cycle Genes With Uncertain Roles In P53 Pathway R-HSA-6804115	21	688	33010	0		1.0	1.0
Reactome	combined	TP53 Regulates Transcription Of Additional Cell Death Genes With Uncertain Roles In P53-Dependent Apoptosis R-HSA-6803205	14	688	33010	0		1.0	1.0
Reactome	combined	TRAF3-dependent IRF Activation Pathway R-HSA-918233	13	688	33010	0		1.0	1.0
Reactome	combined	TRAF6 Mediated IRF7 Activation R-HSA-933541	16	688	33010	0		1.0	1.0
Reactome	combined	TRAF6 Mediated IRF7 Activation In TLR7/8 Or 9 Signaling R-HSA-975110	7	688	33010	0		1.0	1.0
Reactome	combined	TRAF6 Mediated NF-kB Activation R-HSA-933542	23	688	33010	0		1.0	1.0
Reactome	combined	TRAF6 Mediated Induction Of NFkB And MAP Kinases Upon TLR7/8 Or 9 Activation R-HSA-975138	96	688	33010	0		1.0	1.0
Reactome	combined	TRAF6-mediated Induction Of TAK1 Complex Within TLR4 Complex R-HSA-937072	15	688	33010	0		1.0	1.0
Reactome	combined	TRIF-mediated Programmed Cell Death R-HSA-2562578	9	688	33010	0		1.0	1.0
Reactome	combined	TRP Channels R-HSA-3295583	24	688	33010	0		1.0	1.0
Reactome	combined	TYSND1 Cleaves Peroxisomal Proteins R-HSA-9033500	7	688	33010	0		1.0	1.0
Reactome	combined	Tandem Pore Domain Potassium Channels R-HSA-1296346	12	688	33010	0		1.0	1.0
Reactome	combined	Telomere C-strand (Lagging Strand) Synthesis R-HSA-174417	32	688	33010	0		1.0	1.0
Reactome	combined	Telomere C-strand Synthesis Initiation R-HSA-174430	11	688	33010	0		1.0	1.0
Reactome	combined	Telomere Extension By Telomerase R-HSA-171319	22	688	33010	0		1.0	1.0
Reactome	combined	Telomere Maintenance R-HSA-157579	85	688	33010	0		1.0	1.0
Reactome	combined	Terminal Pathway Of Complement R-HSA-166665	7	688	33010	0		1.0	1.0
Reactome	combined	Termination Of O-glycan Biosynthesis R-HSA-977068	24	688	33010	0		1.0	1.0
Reactome	combined	Termination Of Translesion DNA Synthesis R-HSA-5656169	32	688	33010	0		1.0	1.0
Reactome	combined	Tetrahydrobiopterin (BH4) Synthesis, Recycling, Salvage And Regulation R-HSA-1474151	10	688	33010	0		1.0	1.0
Reactome	combined	NLRP3 Inflammasome R-HSA-844456	16	688	33010	0		1.0	1.0
Reactome	combined	Activation Of Arylsulfatases R-HSA-1663150	8	688	33010	0		1.0	1.0
Reactome	combined	Canonical Retinoid Cycle In Rods (Twilight Vision) R-HSA-2453902	23	688	33010	0		1.0	1.0
Reactome	combined	Fatty Acid Cycling Model R-HSA-167826	4	688	33010	0		1.0	1.0
Reactome	combined	Retinoid Cycle In Cones (Daylight Vision) R-HSA-2187335	4	688	33010	0		1.0	1.0
Reactome	combined	Role Of GTSE1 In G2/M Progression After G2 Checkpoint R-HSA-8852276	58	688	33010	0		1.0	1.0
Reactome	combined	Thrombin Signaling Thru Proteinase Activated Receptors (PARs) R-HSA-456926	32	688	33010	0		1.0	1.0
Reactome	combined	Thromboxane Signaling Thru TP Receptor R-HSA-428930	24	688	33010	0		1.0	1.0
Reactome	combined	Thyroxine Biosynthesis R-HSA-209968	10	688	33010	0		1.0	1.0
Reactome	combined	Tie2 Signaling R-HSA-210993	17	688	33010	0		1.0	1.0
Reactome	combined	Toll Like Receptor 3 (TLR3) Cascade R-HSA-168164	99	688	33010	0		1.0	1.0
Reactome	combined	Toll Like Receptor 4 (TLR4) Cascade R-HSA-166016	135	688	33010	0		1.0	1.0
Reactome	combined	Toll Like Receptor 7/8 (TLR7/8) Cascade R-HSA-168181	97	688	33010	0		1.0	1.0
Reactome	combined	Toll Like Receptor 9 (TLR9) Cascade R-HSA-168138	101	688	33010	0		1.0	1.0
Reactome	combined	Toll-like Receptor Cascades R-HSA-168898	155	688	33010	0		1.0	1.0
Reactome	combined	Toxicity Of Botulinum Toxin Type D (botD) R-HSA-5250955	5	688	33010	0		1.0	1.0
Reactome	combined	Toxicity Of Botulinum Toxin Type F (botF) R-HSA-5250981	5	688	33010	0		1.0	1.0
Reactome	combined	Trafficking And Processing Of Endosomal TLR R-HSA-1679131	11	688	33010	0		1.0	1.0
Reactome	combined	Transcription Of E2F Targets Under Negative Control By DREAM Complex R-HSA-1362277	19	688	33010	0		1.0	1.0
Reactome	combined	Transcription Of E2F Targets Under Negative Control By P107 (RBL1) And P130 (RBL2) In Complex With HDAC1 R-HSA-1362300	16	688	33010	0		1.0	1.0
Reactome	combined	Transcription Of HIV Genome R-HSA-167172	65	688	33010	0		1.0	1.0
Reactome	combined	Transcriptional Regulation By E2F6 R-HSA-8953750	32	688	33010	0		1.0	1.0
Reactome	combined	Transcriptional Regulation By Small RNAs R-HSA-5578749	71	688	33010	0		1.0	1.0
Reactome	combined	Translation Of Replicase And Assembly Of Replication Transcription Complex R-HSA-9679504	12	688	33010	0		1.0	1.0
Reactome	combined	Translesion Synthesis By POLH R-HSA-110320	19	688	33010	0		1.0	1.0
Reactome	combined	Translesion Synthesis By POLI R-HSA-5656121	17	688	33010	0		1.0	1.0
Reactome	combined	Translesion Synthesis By POLK R-HSA-5655862	17	688	33010	0		1.0	1.0
Reactome	combined	Translesion Synthesis By REV1 R-HSA-110312	16	688	33010	0		1.0	1.0
Reactome	combined	Translesion Synthesis By Y Family DNA Polymerases Bypasses Lesions On DNA Template R-HSA-110313	39	688	33010	0		1.0	1.0
Reactome	combined	Translocation Of SLC2A4 (GLUT4) To Plasma Membrane R-HSA-1445148	51	688	33010	0		1.0	1.0
Reactome	combined	Transport And Synthesis Of PAPS R-HSA-174362	6	688	33010	0		1.0	1.0
Reactome	combined	Transport Of Mature mRNA Derived From An Intronless Transcript R-HSA-159231	42	688	33010	0		1.0	1.0
Reactome	combined	Transport Of Mature mRNAs Derived From Intronless Transcripts R-HSA-159234	43	688	33010	0		1.0	1.0
Reactome	combined	Transport Of RCbl Within Body R-HSA-9758890	8	688	33010	0		1.0	1.0
Reactome	combined	Transport Of Ribonucleoproteins Into Host Nucleus R-HSA-168271	35	688	33010	0		1.0	1.0
Reactome	combined	Transport Of Fatty Acids R-HSA-804914	8	688	33010	0		1.0	1.0
Reactome	combined	Transport Of Gamma-Carboxylated Protein Precursors From Endoplasmic Reticulum To Golgi Apparatus R-HSA-159763	7	688	33010	0		1.0	1.0
Reactome	combined	Transport Of Nucleosides And Free Purine And Pyrimidine Bases Across Plasma Membrane R-HSA-83936	10	688	33010	0		1.0	1.0
Reactome	combined	Transport Of Nucleotide Sugars R-HSA-727802	8	688	33010	0		1.0	1.0
Reactome	combined	Transport Of Organic Anions R-HSA-879518	10	688	33010	0		1.0	1.0
Reactome	combined	Transport Of SLBP Dependant Mature mRNA R-HSA-159230	36	688	33010	0		1.0	1.0
Reactome	combined	Transport Of SLBP Independent Mature mRNA R-HSA-159227	35	688	33010	0		1.0	1.0
Reactome	combined	Transport Of Vitamins, Nucleosides, And Related Molecules R-HSA-425397	38	688	33010	0		1.0	1.0
Reactome	combined	Triglyceride Biosynthesis R-HSA-75109	11	688	33010	0		1.0	1.0
Reactome	combined	Triglyceride Catabolism R-HSA-163560	21	688	33010	0		1.0	1.0
Reactome	combined	Triglyceride Metabolism R-HSA-8979227	32	688	33010	0		1.0	1.0
Reactome	combined	Tristetraprolin (TTP, ZFP36) Binds And Destabilizes mRNA R-HSA-450513	17	688	33010	0		1.0	1.0
Reactome	combined	Tryptophan Catabolism R-HSA-71240	14	688	33010	0		1.0	1.0
Reactome	combined	Tyrosine Catabolism R-HSA-8963684	5	688	33010	0		1.0	1.0
Reactome	combined	UCH Proteinases R-HSA-5689603	90	688	33010	0		1.0	1.0
Reactome	combined	Ubiquitin Mediated Degradation Of Phosphorylated Cdc25A R-HSA-69601	50	688	33010	0		1.0	1.0
Reactome	combined	Ubiquitin-dependent Degradation Of Cyclin D R-HSA-75815	50	688	33010	0		1.0	1.0
Reactome	combined	Unfolded Protein Response (UPR) R-HSA-381119	85	688	33010	0		1.0	1.0
Reactome	combined	Unwinding Of DNA R-HSA-176974	11	688	33010	0		1.0	1.0
Reactome	combined	Uptake And Function Of Diphtheria Toxin R-HSA-5336415	6	688	33010	0		1.0	1.0
Reactome	combined	Uptake Of Dietary Cobalamins Into Enterocytes R-HSA-9758881	10	688	33010	0		1.0	1.0
Reactome	combined	Urea Cycle R-HSA-70635	8	688	33010	0		1.0	1.0
Reactome	combined	VEGF Binds To VEGFR Leading To Receptor Dimerization R-HSA-195399	7	688	33010	0		1.0	1.0
Reactome	combined	VEGFR2 Mediated Cell Proliferation R-HSA-5218921	18	688	33010	0		1.0	1.0
Reactome	combined	VLDL Clearance R-HSA-8964046	5	688	33010	0		1.0	1.0
Reactome	combined	VLDLR Internalisation And Degradation R-HSA-8866427	16	688	33010	0		1.0	1.0
Reactome	combined	Vasopressin-like Receptors R-HSA-388479	5	688	33010	0		1.0	1.0
Reactome	combined	Vif-mediated Degradation Of APOBEC3G R-HSA-180585	52	688	33010	0		1.0	1.0
Reactome	combined	Viral Messenger RNA Synthesis R-HSA-168325	47	688	33010	0		1.0	1.0
Reactome	combined	Virus Assembly And Release R-HSA-168268	5	688	33010	0		1.0	1.0
Reactome	combined	Vitamin B1 (Thiamin) Metabolism R-HSA-196819	5	688	33010	0		1.0	1.0
Reactome	combined	Vitamin B2 (Riboflavin) Metabolism R-HSA-196843	7	688	33010	0		1.0	1.0
Reactome	combined	Vitamin B5 (Pantothenate) Metabolism R-HSA-199220	16	688	33010	0		1.0	1.0
Reactome	combined	Vitamin C (Ascorbate) Metabolism R-HSA-196836	7	688	33010	0		1.0	1.0
Reactome	combined	Vitamin D (Calciferol) Metabolism R-HSA-196791	12	688	33010	0		1.0	1.0
Reactome	combined	Vpr-mediated Nuclear Import Of PICs R-HSA-180910	35	688	33010	0		1.0	1.0
Reactome	combined	Vpu Mediated Degradation Of CD4 R-HSA-180534	50	688	33010	0		1.0	1.0
Reactome	combined	VxPx Cargo-Targeting To Cilium R-HSA-5620916	20	688	33010	0		1.0	1.0
Reactome	combined	WNT Ligand Biogenesis And Trafficking R-HSA-3238698	25	688	33010	0		1.0	1.0
Reactome	combined	WNT Mediated Activation Of DVL R-HSA-201688	6	688	33010	0		1.0	1.0
Reactome	combined	WNT5A-dependent Internalization Of FZD2, FZD5 And ROR2 R-HSA-5140745	11	688	33010	0		1.0	1.0
Reactome	combined	WNT5A-dependent Internalization Of FZD4 R-HSA-5099900	15	688	33010	0		1.0	1.0
Reactome	combined	Wax And Plasmalogen Biosynthesis R-HSA-8848584	5	688	33010	0		1.0	1.0
Reactome	combined	XBP1(S) Activates Chaperone Genes R-HSA-381038	45	688	33010	0		1.0	1.0
Reactome	combined	Xenobiotics R-HSA-211981	20	688	33010	0		1.0	1.0
Reactome	combined	YAP1- And WWTR1 (TAZ)-stimulated Gene Expression R-HSA-2032785	15	688	33010	0		1.0	1.0
Reactome	combined	ZBP1(DAI) Mediated Induction Of Type I IFNs R-HSA-1606322	20	688	33010	0		1.0	1.0
Reactome	combined	Zinc Efflux And Compartmentalization By SLC30 Family R-HSA-435368	7	688	33010	0		1.0	1.0
Reactome	combined	Zinc Influx Into Cells By SLC39 Gene Family R-HSA-442380	10	688	33010	0		1.0	1.0
Reactome	combined	Zinc Transporters R-HSA-435354	17	688	33010	0		1.0	1.0
Reactome	combined	Activated TAK1 Mediates P38 MAPK Activation R-HSA-450302	16	688	33010	0		1.0	1.0
Reactome	combined	Alpha-Linolenic (Omega3) And Linoleic (Omega6) Acid Metabolism R-HSA-2046104	12	688	33010	0		1.0	1.0
Reactome	combined	eNOS Activation R-HSA-203615	11	688	33010	0		1.0	1.0
Reactome	combined	mRNA Capping R-HSA-72086	28	688	33010	0		1.0	1.0
Reactome	combined	mRNA Editing R-HSA-75072	8	688	33010	0		1.0	1.0
Reactome	combined	mRNA Decay By 3 To 5 Exoribonuclease R-HSA-429958	13	688	33010	0		1.0	1.0
Reactome	combined	mRNA Decay By 5 To 3 Exoribonuclease R-HSA-430039	15	688	33010	0		1.0	1.0
Reactome	combined	mTORC1-mediated Signaling R-HSA-166208	23	688	33010	0		1.0	1.0
Reactome	combined	Mitochondrial Fatty Acid Beta-Oxidation Of Saturated Fatty Acids R-HSA-77286	11	688	33010	0		1.0	1.0
Reactome	combined	Mitochondrial Fatty Acid Beta-Oxidation Of Unsaturated Fatty Acids R-HSA-77288	6	688	33010	0		1.0	1.0
Reactome	combined	p38MAPK Events R-HSA-171007	12	688	33010	0		1.0	1.0
Reactome	combined	p75NTR Negatively Regulates Cell Cycle Via SC1 R-HSA-193670	6	688	33010	0		1.0	1.0
Reactome	combined	p75NTR Recruits Signaling Complexes R-HSA-209543	12	688	33010	0		1.0	1.0
Reactome	combined	p75NTR Regulates Axonogenesis R-HSA-193697	8	688	33010	0		1.0	1.0
Reactome	combined	p75NTR Signals Via NF-kB R-HSA-193639	15	688	33010	0		1.0	1.0
Reactome	combined	rRNA Modification In Mitochondrion R-HSA-6793080	6	688	33010	0		1.0	1.0
Reactome	combined	rRNA Processing In Mitochondrion R-HSA-8868766	9	688	33010	0		1.0	1.0
Reactome	combined	tRNA Aminoacylation R-HSA-379724	42	688	33010	0		1.0	1.0
Reactome	combined	tRNA Modification In Mitochondrion R-HSA-6787450	8	688	33010	0		1.0	1.0
Reactome	combined	tRNA Modification In Nucleus And Cytosol R-HSA-6782315	40	688	33010	0		1.0	1.0
Reactome	combined	tRNA Processing R-HSA-72306	100	688	33010	0		1.0	1.0
Reactome	combined	tRNA Processing In Mitochondrion R-HSA-6785470	4	688	33010	0		1.0	1.0
Reactome	combined	tRNA Processing In Nucleus R-HSA-6784531	55	688	33010	0		1.0	1.0
Reactome	combined	trans-Golgi Network Vesicle Budding R-HSA-199992	66	688	33010	0		1.0	1.0
Reactome	combined	vRNP Assembly R-HSA-192905	5	688	33010	0		1.0	1.0
Reactome	hypermethylated	Class A/1 (Rhodopsin-like Receptors) R-HSA-373076	304	492	33010	15	GALR1,GHSR,GPR37L1,HTR1A,HTR1B,LPAR6,NPBWR1,NPY,PCDHA4,PCDHA6,PENK,SST,SSTR4,TAC1,TRH	5.9928464907043255e-05	0.08463274986052313
Reactome	hypermethylated	GPCR Ligand Binding R-HSA-500792	429	492	33010	18	CALCB,CPAMD8,GALR1,GHSR,GPR37L1,GRM1,HTR1A,HTR1B,LPAR6,NPBWR1,NPY,PCDHA4,PCDHA6,PENK,SST,SSTR4,TAC1,TRH	9.310533538011346e-05	0.08463274986052313
Reactome	hypermethylated	Regulation Of Gene Expression In Beta Cells R-HSA-210745	20	492	33010	4	FOXA2,NEUROD1,PAX6,PKLR	0.0001954164452133301	0.0896521973593838
Reactome	hypermethylated	GPCR Downstream Signaling R-HSA-388396	580	492	33010	21	AKAP13,CALCB,CPAMD8,GALR1,GHSR,GPR37L1,GRM1,HTR1B,LPAR6,MCF2L,NPBWR1,NPY,PCDHA4,PCDHA6,PDE4C,PENK,PRKAR1B,SST,SSTR4,TAC1,TRH	0.00019725455964660904	0.0896521973593838
Reactome	hypermethylated	Regulation Of Beta-Cell Development R-HSA-186712	39	492	33010	5	FOXA2,MAML3,NEUROD1,PAX6,PKLR	0.00027318398853960237	0.09932969823299942
Reactome	hypermethylated	Signaling By GPCR R-HSA-372790	648	492	33010	22	AKAP13,CALCB,CPAMD8,GALR1,GHSR,GPR37L1,GRM1,HTR1A,HTR1B,LPAR6,MCF2L,NPBWR1,NPY,PCDHA4,PCDHA6,PDE4C,PENK,PRKAR1B,SST,SSTR4,TAC1,TRH	0.0003406980101951848	0.10323149708914099
Reactome	hypermethylated	Peptide Ligand-Binding Receptors R-HSA-375276	183	492	33010	10	GALR1,GHSR,GPR37L1,NPBWR1,NPY,PENK,SST,SSTR4,TAC1,TRH	0.0004509407410944489	0.11711575247281546
Reactome	hypermethylated	Phase 2 - Plateau Phase R-HSA-5576893	14	492	33010	3	CACNA2D2,CACNG7,CACNG8	0.0010598996241166676	0.23455361747195108
Reactome	hypermethylated	Protein-protein Interactions At Synapses R-HSA-6794362	79	492	33010	6	DLGAP1,GRM1,LRRTM2,NRXN2,PPFIA3,SLITRK1	0.001179902856732411	0.23455361747195108
Reactome	hypermethylated	Neuronal System R-HSA-112316	365	492	33010	14	ABCC9,CACNA2D2,CACNG8,DLGAP1,GABRA1,GRM1,KCNC2,KCNQ4,LRRTM2,NRXN2,PPFIA3,PRKAR1B,SLC6A3,SLITRK1	0.0012901739134870797	0.23455361747195108
Reactome	hypermethylated	G Alpha (I) Signaling Events R-HSA-418594	295	492	33010	12	GALR1,GPR37L1,HTR1B,NPBWR1,NPY,PCDHA4,PCDHA6,PDE4C,PENK,PRKAR1B,SST,SSTR4	0.0017212729933146704	0.2844794819860064
Reactome	hypermethylated	POU5F1 (OCT4), SOX2, NANOG Repress Genes Related To Differentiation R-HSA-2892245	9	492	33010	2	CDX2,EOMES	0.00744641652073676	1.0
Reactome	hypermethylated	Neurexins And Neuroligins R-HSA-6794361	53	492	33010	4	DLGAP1,GRM1,LRRTM2,NRXN2	0.008025518658375561	1.0
Reactome	hypermethylated	Negative Regulation Of Activity Of TFAP2 (AP-2) Family Transcription Factors R-HSA-8866904	10	492	33010	2	TFAP2B,TFAP2D	0.009216699072594639	1.0
Reactome	hypermethylated	Serotonin Receptors R-HSA-390666	10	492	33010	2	HTR1A,HTR1B	0.009216699072594639	1.0
Reactome	hypermethylated	Phase 0 - Rapid Depolarisation R-HSA-5576892	31	492	33010	3	CACNA2D2,CACNG7,CACNG8	0.010853539339833481	1.0
Reactome	hypermethylated	Activation Of TFAP2 (AP-2) Family Of Transcription Factors R-HSA-8866907	11	492	33010	2	TFAP2B,TFAP2D	0.011154473003938067	1.0
Reactome	hypermethylated	Pyrimidine Catabolism R-HSA-73621	12	492	33010	2	DPYS,NT5E	0.013254373061741263	1.0
Reactome	hypermethylated	Sensory Processing Of Sound By Inner Hair Cells Of Cochlea R-HSA-9662360	62	492	33010	4	CACNA2D2,CAPZB,KCNQ4,MYO3A	0.013776332105989907	1.0
Reactome	hypermethylated	Gap Junction Assembly R-HSA-190861	15	492	33010	2	GJA3,GJB2	0.0204749952866545	1.0
Reactome	hypermethylated	Sensory Processing Of Sound R-HSA-9659379	70	492	33010	4	CACNA2D2,CAPZB,KCNQ4,MYO3A	0.020649865290898406	1.0
Reactome	hypermethylated	Receptor-type Tyrosine-Protein Phosphatases R-HSA-388844	16	492	33010	2	PPFIA3,SLITRK1	0.02317215423245805	1.0
Reactome	hypermethylated	Gastrulation R-HSA-9758941	17	492	33010	2	EOMES,TBXT	0.026006397367554095	1.0
Reactome	hypermethylated	Na+/Cl- Dependent Neurotransmitter Transporters R-HSA-442660	18	492	33010	2	SLC6A3,SLC6A5	0.028973056731927706	1.0
Reactome	hypermethylated	SUMOylation Of Transcription Factors R-HSA-3232118	19	492	33010	2	CDKN2A,TFAP2B	0.03206757256445692	1.0
Reactome	hypermethylated	Synthesis, Secretion, And Inactivation Of Glucagon-like Peptide-1 (GLP-1) R-HSA-381771	20	492	33010	2	CDX2,PAX6	0.03528549112539041	1.0
Reactome	hypermethylated	Activation Of HOX Genes During Differentiation R-HSA-5619507	84	492	33010	4	HOXA2,HOXC4,PAX6,RARG	0.037021795442093566	1.0
Reactome	hypermethylated	RUNX2 Regulates Osteoblast Differentiation R-HSA-8940973	21	492	33010	2	RB1,SATB2	0.038622462559488056	1.0
Reactome	hypermethylated	Nuclear Receptor Transcription Pathway R-HSA-383280	51	492	33010	3	NR2E1,RARG,THRA	0.04047262691837445	1.0
Reactome	hypermethylated	Aggrephagy R-HSA-9646399	23	492	33010	2	CFTR,HSF1	0.04563667150647525	1.0
Reactome	hypermethylated	Incretin Synthesis, Secretion, And Inactivation R-HSA-400508	23	492	33010	2	CDX2,PAX6	0.04563667150647525	1.0
Reactome	hypermethylated	DARPP-32 Events R-HSA-180024	24	492	33010	2	PDE4C,PRKAR1B	0.04930571005458896	1.0
Reactome	hypermethylated	Gap Junction Trafficking R-HSA-190828	24	492	33010	2	GJA3,GJB2	0.04930571005458896	1.0
Reactome	hypermethylated	Assembly Of Collagen Fibrils And Other Multimeric Structures R-HSA-2022090	56	492	33010	3	COL11A1,DST,MMP9	0.05105629207336656	1.0
Reactome	hypermethylated	Gap Junction Trafficking And Regulation R-HSA-157858	26	492	33010	2	GJA3,GJB2	0.0569478788677827	1.0
Reactome	hypermethylated	MECP2 Regulates Transcription Factors R-HSA-9022707	4	492	33010	1	RBFOX1	0.05830120404490451	1.0
Reactome	hypermethylated	Reelin Signaling Pathway R-HSA-8866376	4	492	33010	1	DNAAF3	0.05830120404490451	1.0
Reactome	hypermethylated	Generic Transcription Pathway R-HSA-212436	1141	492	33010	24	CDKN2A,GATA3,MAML3,NPY,NR2E1,PAX5,POU4F2,RARG,RB1,RBFOX1,SATB2,SKI,SST,TAL1,TFAP2B,TFAP2D,THRA,ZNF154,ZNF274,ZNF551,ZNF560,ZNF671,ZNF709,ZNF729	0.05873244647795279	1.0
Reactome	hypermethylated	Negative Regulation Of FGFR3 Signaling R-HSA-5654732	27	492	33010	2	FGF5,SPRY2	0.06091337878566334	1.0
Reactome	hypermethylated	Adherens Junctions Interactions R-HSA-418990	28	492	33010	2	CDH9,CTNNA1	0.06497022007039953	1.0
Reactome	hypermethylated	RUNX2 Regulates Bone Development R-HSA-8941326	28	492	33010	2	RB1,SATB2	0.06497022007039953	1.0
Reactome	hypermethylated	Transcriptional Regulation Of Pluripotent Stem Cells R-HSA-452723	28	492	33010	2	CDX2,EOMES	0.06497022007039953	1.0
Reactome	hypermethylated	Signal Transduction R-HSA-162582	2341	492	33010	44	AKAP13,ATP6V1B1,CALCB,CAPZB,CFTR,CPAMD8,CTNNA1,CYP26A1,DLK1,DST,DZIP1,FGF5,FOXA1,GABRA1,GALR1,GATA3,GHSR,GPR37L1,GRM1,HTR1A,HTR1B,KLC1,LPAR6,MAML3,MCF2L,MMP9,NPBWR1,NPY,NR2E1,NTRK1,PCDHA4,PCDHA6,PDE4C,PENK,PRKAR1B,RARG,RASGEF1A,SEL1L,SKI,SPRY2,SST,SSTR4,TAC1,TRH	0.06743481990666551	1.0
Reactome	hypermethylated	Integration Of Energy Metabolism R-HSA-163685	103	492	33010	4	CACNA2D2,KCNC2,PKLR,PRKAR1B	0.06840374914949186	1.0
Reactome	hypermethylated	FGFR1 Mutant Receptor Activation R-HSA-1839124	29	492	33010	2	CUX1,FGF5	0.06911481166206705	1.0
Reactome	hypermethylated	Biosynthesis Of E-series 18(S)-resolvins R-HSA-9018896	5	492	33010	1	ALOX5	0.07233852476264997	1.0
Reactome	hypermethylated	Conjugation Of Benzoate With Glycine R-HSA-177135	5	492	33010	1	GLYATL1	0.07233852476264997	1.0
Reactome	hypermethylated	NGF-independant TRKA Activation R-HSA-187024	5	492	33010	1	NTRK1	0.07233852476264997	1.0
Reactome	hypermethylated	Regulation Of Gene Expression In Endocrine-Committed (NEUROG3+) Progenitor Cells R-HSA-210746	5	492	33010	1	NEUROD1	0.07233852476264997	1.0
Reactome	hypermethylated	SARS-CoV-1 Genome Replication And Transcription R-HSA-9679514	5	492	33010	1	RB1	0.07233852476264997	1.0
Reactome	hypermethylated	SARS-CoV-2 Genome Replication And Transcription R-HSA-9694682	5	492	33010	1	RB1	0.07233852476264997	1.0
Reactome	hypermethylated	Signaling To P38 Via RIT And RIN R-HSA-187706	5	492	33010	1	NTRK1	0.07233852476264997	1.0
Reactome	hypermethylated	Sodium-coupled Sulphate, Di- And Tri-Carboxylate Transporters R-HSA-433137	5	492	33010	1	SLC13A5	0.07233852476264997	1.0
Reactome	hypermethylated	Tachykinin Receptors Bind Tachykinins R-HSA-380095	5	492	33010	1	TAC1	0.07233852476264997	1.0
Reactome	hypermethylated	Negative Regulation Of FGFR1 Signaling R-HSA-5654726	31	492	33010	2	FGF5,SPRY2	0.07765331159390983	1.0
Reactome	hypermethylated	Developmental Biology R-HSA-1266738	1008	492	33010	21	CACNG8,CDX2,CTNNA1,DNAAF3,EOMES,EPHA10,FOXA2,GFI1,HOXA2,HOXC4,LHX9,MAML3,MMP9,NEUROD1,PAX6,PKLR,RARG,SEMA4A,TAL1,TBXT,WT1	0.07917150738044233	1.0
Reactome	hypermethylated	Negative Regulation Of FGFR2 Signaling R-HSA-5654727	32	492	33010	2	FGF5,SPRY2	0.08204046261074424	1.0
Reactome	hypermethylated	Activation Of TRKA Receptors R-HSA-187015	6	492	33010	1	NTRK1	0.08616701880345516	1.0
Reactome	hypermethylated	Biosynthesis Of EPA-derived SPMs R-HSA-9018679	6	492	33010	1	ALOX5	0.08616701880345516	1.0
Reactome	hypermethylated	Conjugation Of Salicylate With Glycine R-HSA-177128	6	492	33010	1	GLYATL1	0.08616701880345516	1.0
Reactome	hypermethylated	FLT3 Signaling Thru SRC Family Kinases R-HSA-9706374	6	492	33010	1	HCK	0.08616701880345516	1.0
Reactome	hypermethylated	Lipid Particle Organization R-HSA-8964572	6	492	33010	1	CIDEA	0.08616701880345516	1.0
Reactome	hypermethylated	MECP2 Regulates Transcription Of Neuronal Ligands R-HSA-9022702	6	492	33010	1	SST	0.08616701880345516	1.0
Reactome	hypermethylated	RUNX1 Regulates Transcription Of Genes Involved In BCR Signaling R-HSA-8939245	6	492	33010	1	PAX5	0.08616701880345516	1.0
Reactome	hypermethylated	Synthesis Of Lipoxins (LX) R-HSA-2142700	6	492	33010	1	ALOX5	0.08616701880345516	1.0
Reactome	hypermethylated	Vitamins R-HSA-211916	6	492	33010	1	CYP26A1	0.08616701880345516	1.0
Reactome	hypermethylated	FCGR3A-mediated IL10 Synthesis R-HSA-9664323	33	492	33010	2	HCK,PRKAR1B	0.08650184585110313	1.0
Reactome	hypermethylated	Oncogene Induced Senescence R-HSA-2559585	33	492	33010	2	CDKN2A,RB1	0.08650184585110313	1.0
Reactome	hypermethylated	RNA Polymerase II Transcription R-HSA-73857	1257	492	33010	25	CDKN2A,GATA3,MAML3,MLLT1,NPY,NR2E1,PAX5,POU4F2,RARG,RB1,RBFOX1,SATB2,SKI,SST,TAL1,TFAP2B,TFAP2D,THRA,ZNF154,ZNF274,ZNF551,ZNF560,ZNF671,ZNF709,ZNF729	0.089624909649874	1.0
Reactome	hypermethylated	Transcriptional Regulation By AP-2 (TFAP2) Family Of Transcription Factors R-HSA-8864260	34	492	33010	2	TFAP2B,TFAP2D	0.0910342847402103	1.0
Reactome	hypermethylated	Nucleotide Catabolism R-HSA-8956319	35	492	33010	2	DPYS,NT5E	0.09563468055751008	1.0
Reactome	hypermethylated	Signaling By FGFR1 In Disease R-HSA-5655302	35	492	33010	2	CUX1,FGF5	0.09563468055751008	1.0
Reactome	hypermethylated	ARMS-mediated Activation R-HSA-170984	7	492	33010	1	NTRK1	0.09978978655126454	1.0
Reactome	hypermethylated	Amino Acid Conjugation R-HSA-156587	7	492	33010	1	GLYATL1	0.09978978655126454	1.0
Reactome	hypermethylated	Biosynthesis Of Maresins R-HSA-9018682	7	492	33010	1	ALOX5	0.09978978655126454	1.0
Reactome	hypermethylated	Cation-coupled Chloride Cotransporters R-HSA-426117	7	492	33010	1	SLC12A5	0.09978978655126454	1.0
Reactome	hypermethylated	ChREBP Activates Metabolic Gene Expression R-HSA-163765	7	492	33010	1	PKLR	0.09978978655126454	1.0
Reactome	hypermethylated	ABC Transporter Disorders R-HSA-5619084	75	492	33010	3	ABCC9,CFTR,SEL1L	0.10163235930541732	1.0
Reactome	hypermethylated	Regulation Of Insulin Secretion R-HSA-422356	76	492	33010	3	CACNA2D2,KCNC2,PRKAR1B	0.10470057069315505	1.0
Reactome	hypermethylated	Signaling By FGFR3 R-HSA-5654741	37	492	33010	2	FGF5,SPRY2	0.10502732775266255	1.0
Reactome	hypermethylated	Factors Involved In Megakaryocyte Development And Platelet Production R-HSA-983231	120	492	33010	4	CAPZB,GATA3,KLC1,PRKAR1B	0.10506304473355357	1.0
Reactome	hypermethylated	Cardiac Conduction R-HSA-5576891	121	492	33010	4	ABCC9,CACNA2D2,CACNG7,CACNG8	0.10745241327122336	1.0
Reactome	hypermethylated	Disorders Of Transmembrane Transporters R-HSA-5619115	169	492	33010	5	ABCC9,CFTR,SEL1L,SLC6A3,SLC6A5	0.1093318094727194	1.0
Reactome	hypermethylated	Amine Ligand-Binding Receptors R-HSA-375280	38	492	33010	2	HTR1A,HTR1B	0.10981375664720434	1.0
Reactome	hypermethylated	Interleukin-18 Signaling R-HSA-9012546	8	492	33010	1	ALOX5	0.11320988245214561	1.0
Reactome	hypermethylated	Nef And Signal Transduction R-HSA-164944	8	492	33010	1	HCK	0.11320988245214561	1.0
Reactome	hypermethylated	Signaling By Retinoic Acid R-HSA-5362517	39	492	33010	2	CYP26A1,RARG	0.11465649443897137	1.0
Reactome	hypermethylated	Cell Junction Organization R-HSA-446728	81	492	33010	3	CDH9,CTNNA1,DST	0.12057006907783875	1.0
Reactome	hypermethylated	FCGR Activation R-HSA-2029481	9	492	33010	1	HCK	0.12643031569357166	1.0
Reactome	hypermethylated	Neurotransmitter Clearance R-HSA-112311	9	492	33010	1	SLC6A3	0.12643031569357166	1.0
Reactome	hypermethylated	P2Y Receptors R-HSA-417957	9	492	33010	1	LPAR6	0.12643031569357166	1.0
Reactome	hypermethylated	PI3K/AKT Activation R-HSA-198203	9	492	33010	1	NTRK1	0.12643031569357166	1.0
Reactome	hypermethylated	Synthesis Of 5-Eicosatetraenoic Acids R-HSA-2142688	9	492	33010	1	ALOX5	0.12643031569357166	1.0
Reactome	hypermethylated	Type I Hemidesmosome Assembly R-HSA-446107	9	492	33010	1	DST	0.12643031569357166	1.0
Reactome	hypermethylated	Glucagon-like Peptide-1 (GLP1) Regulates Insulin Secretion R-HSA-381676	42	492	33010	2	KCNC2,PRKAR1B	0.12949557348107754	1.0
Reactome	hypermethylated	Voltage Gated Potassium Channels R-HSA-1296072	42	492	33010	2	KCNC2,KCNQ4	0.12949557348107754	1.0
Reactome	hypermethylated	Transport Of Bile Salts And Organic Acids, Metal Ions And Amine Compounds R-HSA-425366	84	492	33010	3	SLC13A5,SLC6A3,SLC6A5	0.13048982416334354	1.0
Reactome	hypermethylated	Transmission Across Chemical Synapses R-HSA-112315	233	492	33010	6	CACNA2D2,CACNG8,GABRA1,PPFIA3,PRKAR1B,SLC6A3	0.13659003325063346	1.0
Reactome	hypermethylated	Bicarbonate Transporters R-HSA-425381	10	492	33010	1	SLC4A10	0.13945405087368032	1.0
Reactome	hypermethylated	Calcitonin-like Ligand Receptors R-HSA-419812	10	492	33010	1	CALCB	0.13945405087368032	1.0
Reactome	hypermethylated	Carnitine Metabolism R-HSA-200425	10	492	33010	1	CPT2	0.13945405087368032	1.0
Reactome	hypermethylated	FGFR1c Ligand Binding And Activation R-HSA-190373	10	492	33010	1	FGF5	0.13945405087368032	1.0
Reactome	hypermethylated	FGFR3 Mutant Receptor Activation R-HSA-2033514	10	492	33010	1	FGF5	0.13945405087368032	1.0
Reactome	hypermethylated	NOTCH2 Intracellular Domain Regulates Transcription R-HSA-2197563	10	492	33010	1	MAML3	0.13945405087368032	1.0
Reactome	hypermethylated	RHO GTPases Activate KTN1 R-HSA-5625970	10	492	33010	1	KLC1	0.13945405087368032	1.0
Reactome	hypermethylated	RUNX3 Regulates p14-ARF R-HSA-8951936	10	492	33010	1	CDKN2A	0.13945405087368032	1.0
Reactome	hypermethylated	Signaling By Activated Point Mutants Of FGFR1 R-HSA-1839122	10	492	33010	1	FGF5	0.13945405087368032	1.0
Reactome	hypermethylated	Sphingolipid De Novo Biosynthesis R-HSA-1660661	44	492	33010	2	DEGS1,SPHK2	0.1396215364660057	1.0
Reactome	hypermethylated	Gene Expression (Transcription) R-HSA-74160	1390	492	33010	26	CDKN2A,GATA3,JARID2,MAML3,MLLT1,NPY,NR2E1,PAX5,POU4F2,RARG,RB1,RBFOX1,SATB2,SKI,SST,TAL1,TFAP2B,TFAP2D,THRA,ZNF154,ZNF274,ZNF551,ZNF560,ZNF671,ZNF709,ZNF729	0.14046705917725835	1.0
Reactome	hypermethylated	Collagen Formation R-HSA-1474290	88	492	33010	3	COL11A1,DST,MMP9	0.14414176720253397	1.0
Reactome	hypermethylated	SLC-mediated Transmembrane Transport R-HSA-425407	237	492	33010	6	SLC12A5,SLC13A5,SLC38A4,SLC4A10,SLC6A3,SLC6A5	0.14449631005123328	1.0
Reactome	hypermethylated	Cyclin D Associated Events In G1 R-HSA-69231	46	492	33010	2	CDKN2A,RB1	0.14991121227855944	1.0
Reactome	hypermethylated	CREB1 Phosphorylation Thru Activation Of Adenylate Cyclase R-HSA-442720	11	492	33010	1	PRKAR1B	0.15228400866065442	1.0
Reactome	hypermethylated	FGFR2c Ligand Binding And Activation R-HSA-190375	11	492	33010	1	FGF5	0.15228400866065442	1.0
Reactome	hypermethylated	FGFR3 Ligand Binding And Activation R-HSA-190239	11	492	33010	1	FGF5	0.15228400866065442	1.0
Reactome	hypermethylated	Inhibition Of Replication Initiation Of Damaged DNA By RB1/E2F1 R-HSA-113501	11	492	33010	1	RB1	0.15228400866065442	1.0
Reactome	hypermethylated	Phospholipase C-mediated Cascade; FGFR3 R-HSA-5654227	11	492	33010	1	FGF5	0.15228400866065442	1.0
Reactome	hypermethylated	RHO GTPases Activate IQGAPs R-HSA-5626467	11	492	33010	1	CTNNA1	0.15228400866065442	1.0
Reactome	hypermethylated	Uptake And Function Of Anthrax Toxins R-HSA-5210891	11	492	33010	1	ANTXR2	0.15228400866065442	1.0
Reactome	hypermethylated	Signaling By FGFR1 R-HSA-5654736	47	492	33010	2	FGF5,SPRY2	0.15511162488555708	1.0
Reactome	hypermethylated	EPH-ephrin Mediated Repulsion Of Cells R-HSA-3928665	48	492	33010	2	EPHA10,MMP9	0.16034610447571063	1.0
Reactome	hypermethylated	FGFRL1 Modulation Of FGFR1 Signaling R-HSA-5658623	12	492	33010	1	FGF5	0.1649230664423739	1.0
Reactome	hypermethylated	Frs2-mediated Activation R-HSA-170968	12	492	33010	1	NTRK1	0.1649230664423739	1.0
Reactome	hypermethylated	Presynaptic Depolarization And Calcium Channel Opening R-HSA-112308	12	492	33010	1	CACNA2D2	0.1649230664423739	1.0
Reactome	hypermethylated	RUNX3 Regulates NOTCH Signaling R-HSA-8941856	12	492	33010	1	MAML3	0.1649230664423739	1.0
Reactome	hypermethylated	Synthesis, Secretion, And Inactivation Of Glucose-dependent Insulinotropic Polypeptide (GIP) R-HSA-400511	12	492	33010	1	PAX6	0.1649230664423739	1.0
Reactome	hypermethylated	TFAP2 (AP-2) Family Regulates Transcription Of Growth Factors And Their Receptors R-HSA-8866910	12	492	33010	1	TFAP2B	0.1649230664423739	1.0
Reactome	hypermethylated	Transcriptional Regulation Of Testis Differentiation R-HSA-9690406	12	492	33010	1	WT1	0.1649230664423739	1.0
Reactome	hypermethylated	Sensory Processing Of Sound By Outer Hair Cells Of Cochlea R-HSA-9662361	50	492	33010	2	KCNQ4,MYO3A	0.17090866378445282	1.0
Reactome	hypermethylated	G Alpha (Q) Signaling Events R-HSA-416476	197	492	33010	5	GHSR,GRM1,LPAR6,TAC1,TRH	0.17227966399837719	1.0
Reactome	hypermethylated	NRAGE Signals Death Thru JNK R-HSA-193648	51	492	33010	2	AKAP13,MCF2L	0.1762325836565376	1.0
Reactome	hypermethylated	ABC-family Proteins Mediated Transport R-HSA-382556	97	492	33010	3	ABCC9,CFTR,SEL1L	0.1764204130467591	1.0
Reactome	hypermethylated	Nucleotide-like (Purinergic) Receptors R-HSA-418038	13	492	33010	1	LPAR6	0.17737405896647696	1.0
Reactome	hypermethylated	Translocation Of ZAP-70 To Immunological Synapse R-HSA-202430	13	492	33010	1	HLA-DPA1	0.17737405896647696	1.0
Reactome	hypermethylated	MHC Class II Antigen Presentation R-HSA-2132295	98	492	33010	3	CAPZB,HLA-DPA1,KLC1	0.18012433538611994	1.0
Reactome	hypermethylated	G Alpha (S) Signaling Events R-HSA-418555	150	492	33010	4	CALCB,CPAMD8,PDE4C,PRKAR1B	0.18620305284716496	1.0
Reactome	hypermethylated	Interleukin-4 And Interleukin-13 Signaling R-HSA-6785807	100	492	33010	3	ALOX5,GATA3,MMP9	0.18759446831641685	1.0
Reactome	hypermethylated	Transport Of Inorganic Cations/Anions And Amino Acids/Oligopeptides R-HSA-425393	100	492	33010	3	SLC12A5,SLC38A4,SLC4A10	0.18759446831641685	1.0
Reactome	hypermethylated	FGFR1 Ligand Binding And Activation R-HSA-190242	14	492	33010	1	FGF5	0.18963977897097709	1.0
Reactome	hypermethylated	LGI-ADAM Interactions R-HSA-5682910	14	492	33010	1	CACNG8	0.18963977897097709	1.0
Reactome	hypermethylated	Prolonged ERK Activation Events R-HSA-169893	14	492	33010	1	NTRK1	0.18963977897097709	1.0
Reactome	hypermethylated	Regulation Of TP53 Activity Thru Association With Co-factors R-HSA-6804759	14	492	33010	1	POU4F2	0.18963977897097709	1.0
Reactome	hypermethylated	Regulation Of Gene Expression In Late Stage (Branching Morphogenesis) Pancreatic Bud Precursor Cells R-HSA-210744	14	492	33010	1	MAML3	0.18963977897097709	1.0
Reactome	hypermethylated	Retrograde Neurotrophin Signaling R-HSA-177504	14	492	33010	1	NTRK1	0.18963977897097709	1.0
Reactome	hypermethylated	Potassium Channels R-HSA-1296071	101	492	33010	3	ABCC9,KCNC2,KCNQ4	0.19135934077436373	1.0
Reactome	hypermethylated	Transcriptional Regulation Of Granulopoiesis R-HSA-9616222	54	492	33010	2	GFI1,TAL1	0.19235108600086517	1.0
Reactome	hypermethylated	Activated Point Mutants Of FGFR2 R-HSA-2033519	15	492	33010	1	FGF5	0.20172297780557147	1.0
Reactome	hypermethylated	N-Glycan Antennae Elongation R-HSA-975577	15	492	33010	1	ST8SIA3	0.20172297780557147	1.0
Reactome	hypermethylated	Phospholipase C-mediated Cascade: FGFR1 R-HSA-5654219	15	492	33010	1	FGF5	0.20172297780557147	1.0
Reactome	hypermethylated	SHC-mediated cascade:FGFR3 R-HSA-5654704	15	492	33010	1	FGF5	0.20172297780557147	1.0
Reactome	hypermethylated	Anti-inflammatory Response Favoring Leishmania Infection R-HSA-9662851	156	492	33010	4	CALCB,CPAMD8,HCK,PRKAR1B	0.20439481460866216	1.0
Reactome	hypermethylated	Transcriptional Regulation By MECP2 R-HSA-8986944	57	492	33010	2	RBFOX1,SST	0.20865047976315676	1.0
Reactome	hypermethylated	Transport Of Small Molecules R-HSA-382551	675	492	33010	13	ABCC9,ATP11A,ATP6V1B1,CFTR,OSTM1,PRKAR1B,SEL1L,SLC12A5,SLC13A5,SLC38A4,SLC4A10,SLC6A3,SLC6A5	0.2108647620760217	1.0
Reactome	hypermethylated	Biosynthesis Of DHA-derived SPMs R-HSA-9018677	16	492	33010	1	ALOX5	0.2136263660437792	1.0
Reactome	hypermethylated	PI-3K cascade:FGFR3 R-HSA-5654710	16	492	33010	1	FGF5	0.2136263660437792	1.0
Reactome	hypermethylated	PKA Activation In Glucagon Signaling R-HSA-164378	16	492	33010	1	PRKAR1B	0.2136263660437792	1.0
Reactome	hypermethylated	Phospholipase C-mediated Cascade; FGFR2 R-HSA-5654221	16	492	33010	1	FGF5	0.2136263660437792	1.0
Reactome	hypermethylated	Phosphorylation Of CD3 And TCR Zeta Chains R-HSA-202427	16	492	33010	1	HLA-DPA1	0.2136263660437792	1.0
Reactome	hypermethylated	Spry Regulation Of FGF Signaling R-HSA-1295596	16	492	33010	1	SPRY2	0.2136263660437792	1.0
Reactome	hypermethylated	Cell-cell Junction Organization R-HSA-421270	58	492	33010	2	CDH9,CTNNA1	0.21411555811285765	1.0
Reactome	hypermethylated	Defective CFTR Causes Cystic Fibrosis R-HSA-5678895	59	492	33010	2	CFTR,SEL1L	0.2195938229662026	1.0
Reactome	hypermethylated	Selective Autophagy R-HSA-9663891	59	492	33010	2	CFTR,HSF1	0.2195938229662026	1.0
Reactome	hypermethylated	Signaling By FGFR In Disease R-HSA-1226099	59	492	33010	2	CUX1,FGF5	0.2195938229662026	1.0
Reactome	hypermethylated	SUMO E3 Ligases SUMOylate Target Proteins R-HSA-3108232	161	492	33010	4	CDKN2A,SATB2,TFAP2B,THRA	0.21993417225758352	1.0
Reactome	hypermethylated	Aberrant Regulation Of Mitotic G1/S Transition In Cancer Due To RB1 Defects R-HSA-9659787	17	492	33010	1	RB1	0.2253526140860432	1.0
Reactome	hypermethylated	Acetylcholine Neurotransmitter Release Cycle R-HSA-264642	17	492	33010	1	PPFIA3	0.2253526140860432	1.0
Reactome	hypermethylated	FRS-mediated FGFR3 Signaling R-HSA-5654706	17	492	33010	1	FGF5	0.2253526140860432	1.0
Reactome	hypermethylated	Formation Of Senescence-Associated Heterochromatin Foci (SAHF) R-HSA-2559584	17	492	33010	1	RB1	0.2253526140860432	1.0
Reactome	hypermethylated	Norepinephrine Neurotransmitter Release Cycle R-HSA-181430	17	492	33010	1	PPFIA3	0.2253526140860432	1.0
Reactome	hypermethylated	PD-1 Signaling R-HSA-389948	17	492	33010	1	HLA-DPA1	0.2253526140860432	1.0
Reactome	hypermethylated	PKA Activation R-HSA-163615	17	492	33010	1	PRKAR1B	0.2253526140860432	1.0
Reactome	hypermethylated	Purine Catabolism R-HSA-74259	17	492	33010	1	NT5E	0.2253526140860432	1.0
Reactome	hypermethylated	Serotonin Neurotransmitter Release Cycle R-HSA-181429	17	492	33010	1	PPFIA3	0.2253526140860432	1.0
Reactome	hypermethylated	Signaling By Cytosolic FGFR1 Fusion Mutants R-HSA-1839117	17	492	33010	1	CUX1	0.2253526140860432	1.0
Reactome	hypermethylated	Biosynthesis Of Specialized Proresolving Mediators (SPMs) R-HSA-9018678	18	492	33010	1	ALOX5	0.23690435275393223	1.0
Reactome	hypermethylated	Chaperone Mediated Autophagy R-HSA-9613829	18	492	33010	1	CFTR	0.23690435275393223	1.0
Reactome	hypermethylated	Chondroitin Sulfate Biosynthesis R-HSA-2022870	18	492	33010	1	CSGALNACT1	0.23690435275393223	1.0
Reactome	hypermethylated	FGFR2 Ligand Binding And Activation R-HSA-190241	18	492	33010	1	FGF5	0.23690435275393223	1.0
Reactome	hypermethylated	NOTCH4 Intracellular Domain Regulates Transcription R-HSA-9013695	18	492	33010	1	MAML3	0.23690435275393223	1.0
Reactome	hypermethylated	Other Semaphorin Interactions R-HSA-416700	18	492	33010	1	SEMA4A	0.23690435275393223	1.0
Reactome	hypermethylated	PKA-mediated Phosphorylation Of CREB R-HSA-111931	18	492	33010	1	PRKAR1B	0.23690435275393223	1.0
Reactome	hypermethylated	Pre-NOTCH Processing In Golgi R-HSA-1912420	18	492	33010	1	SEL1L	0.23690435275393223	1.0
Reactome	hypermethylated	Regulation Of Signaling By CBL R-HSA-912631	18	492	33010	1	HCK	0.23690435275393223	1.0
Reactome	hypermethylated	SUMOylation R-HSA-2990846	167	492	33010	4	CDKN2A,SATB2,TFAP2B,THRA	0.23897589442540507	1.0
Reactome	hypermethylated	Cell-Cell Communication R-HSA-1500931	114	492	33010	3	CDH9,CTNNA1,DST	0.24179511123684577	1.0
Reactome	hypermethylated	Apoptotic Factor-Mediated Response R-HSA-111471	19	492	33010	1	CDKN2A	0.24828417387556992	1.0
Reactome	hypermethylated	SHC-mediated cascade:FGFR1 R-HSA-5654688	19	492	33010	1	FGF5	0.24828417387556992	1.0
Reactome	hypermethylated	Signaling By FGFR3 In Disease R-HSA-5655332	19	492	33010	1	FGF5	0.24828417387556992	1.0
Reactome	hypermethylated	Signaling To RAS R-HSA-167044	19	492	33010	1	NTRK1	0.24828417387556992	1.0
Reactome	hypermethylated	RHOB GTPase Cycle R-HSA-9013026	66	492	33010	2	AKAP13,MCF2L	0.2581817446172967	1.0
Reactome	hypermethylated	Aberrant Regulation Of Mitotic Exit In Cancer Due To RB1 Defects R-HSA-9687136	20	492	33010	1	RB1	0.25949463086242125	1.0
Reactome	hypermethylated	Citric Acid Cycle (TCA Cycle) R-HSA-71403	20	492	33010	1	PCDHGA5	0.25949463086242125	1.0
Reactome	hypermethylated	E2F Mediated Regulation Of DNA Replication R-HSA-113510	20	492	33010	1	RB1	0.25949463086242125	1.0
Reactome	hypermethylated	PI-3K cascade:FGFR1 R-HSA-5654689	20	492	33010	1	FGF5	0.25949463086242125	1.0
Reactome	hypermethylated	SHC-mediated cascade:FGFR2 R-HSA-5654699	20	492	33010	1	FGF5	0.25949463086242125	1.0
Reactome	hypermethylated	Synthesis Of Leukotrienes (LT) And Eoxins (EX) R-HSA-2142691	20	492	33010	1	ALOX5	0.25949463086242125	1.0
Reactome	hypermethylated	Cell Death Signaling Via NRAGE, NRIF And NADE R-HSA-204998	67	492	33010	2	AKAP13,MCF2L	0.26371142156030725	1.0
Reactome	hypermethylated	Dopamine Neurotransmitter Release Cycle R-HSA-212676	21	492	33010	1	PPFIA3	0.270538239277568	1.0
Reactome	hypermethylated	ER Quality Control Compartment (ERQC) R-HSA-901032	21	492	33010	1	SEL1L	0.270538239277568	1.0
Reactome	hypermethylated	FRS-mediated FGFR1 Signaling R-HSA-5654693	21	492	33010	1	FGF5	0.270538239277568	1.0
Reactome	hypermethylated	PI-3K cascade:FGFR2 R-HSA-5654695	21	492	33010	1	FGF5	0.270538239277568	1.0
Reactome	hypermethylated	Leishmania Infection R-HSA-9658195	234	492	33010	5	CALCB,CPAMD8,HCK,NT5E,PRKAR1B	0.2711403703264114	1.0
Reactome	hypermethylated	Signaling By NOTCH1 R-HSA-1980143	69	492	33010	2	DLK1,MAML3	0.2747704031397395	1.0
Reactome	hypermethylated	Signaling By FGFR2 R-HSA-5654738	70	492	33010	2	FGF5,SPRY2	0.28029727541252764	1.0
Reactome	hypermethylated	Acyl Chain Remodelling Of PS R-HSA-1482801	22	492	33010	1	OSBPL5	0.2814174773955904	1.0
Reactome	hypermethylated	Downstream Signaling Of Activated FGFR3 R-HSA-5654708	22	492	33010	1	FGF5	0.2814174773955904	1.0
Reactome	hypermethylated	FRS-mediated FGFR2 Signaling R-HSA-5654700	22	492	33010	1	FGF5	0.2814174773955904	1.0
Reactome	hypermethylated	RA Biosynthesis Pathway R-HSA-5365859	22	492	33010	1	CYP26A1	0.2814174773955904	1.0
Reactome	hypermethylated	RHOC GTPase Cycle R-HSA-9013106	71	492	33010	2	AKAP13,MCF2L	0.28582084059808127	1.0
Reactome	hypermethylated	G Alpha (12/13) Signaling Events R-HSA-416482	72	492	33010	2	AKAP13,MCF2L	0.29133997156143326	1.0
Reactome	hypermethylated	Pre-NOTCH Expression And Processing R-HSA-1912422	72	492	33010	2	MAML3,SEL1L	0.29133997156143326	1.0
Reactome	hypermethylated	Glutamate Neurotransmitter Release Cycle R-HSA-210500	23	492	33010	1	PPFIA3	0.29213478675418625	1.0
Reactome	hypermethylated	NOTCH3 Intracellular Domain Regulates Transcription R-HSA-9013508	23	492	33010	1	MAML3	0.29213478675418625	1.0
Reactome	hypermethylated	Post-chaperonin Tubulin Folding Pathway R-HSA-389977	23	492	33010	1	TUBB2B	0.29213478675418625	1.0
Reactome	hypermethylated	ADORA2B Mediated Anti-Inflammatory Cytokine Production R-HSA-9660821	127	492	33010	3	CALCB,CPAMD8,PRKAR1B	0.29407051333501827	1.0
Reactome	hypermethylated	Signaling By Insulin Receptor R-HSA-74752	74	492	33010	2	ATP6V1B1,FGF5	0.3023605925033807	1.0
Reactome	hypermethylated	Attenuation Phase R-HSA-3371568	24	492	33010	1	HSF1	0.30269257269764716	1.0
Reactome	hypermethylated	Defective Intrinsic Pathway For Apoptosis R-HSA-9734009	24	492	33010	1	CDKN2A	0.30269257269764716	1.0
Reactome	hypermethylated	Notch-HLH Transcription Pathway R-HSA-350054	24	492	33010	1	MAML3	0.30269257269764716	1.0
Reactome	hypermethylated	Signaling By Nuclear Receptors R-HSA-9006931	248	492	33010	5	CYP26A1,FOXA1,GATA3,MMP9,RARG	0.31139258762959227	1.0
Reactome	hypermethylated	Muscle Contraction R-HSA-397014	189	492	33010	4	ABCC9,CACNA2D2,CACNG7,CACNG8	0.3113991082017846	1.0
Reactome	hypermethylated	Cell Recruitment (Pro-Inflammatory Response) R-HSA-9664424	25	492	33010	1	NT5E	0.3130932049123064	1.0
Reactome	hypermethylated	Inactivation Of CSF3 (G-CSF) Signaling R-HSA-9705462	25	492	33010	1	HCK	0.3130932049123064	1.0
Reactome	hypermethylated	Insulin Receptor Recycling R-HSA-77387	25	492	33010	1	ATP6V1B1	0.3130932049123064	1.0
Reactome	hypermethylated	Signaling By Hedgehog R-HSA-5358351	133	492	33010	3	DZIP1,PRKAR1B,SEL1L	0.3184755705435311	1.0
Reactome	hypermethylated	Calnexin/calreticulin Cycle R-HSA-901042	26	492	33010	1	SEL1L	0.3233390179540875	1.0
Reactome	hypermethylated	FOXO-mediated Transcription Of Oxidative Stress, Metabolic And Neuronal Genes R-HSA-9615017	26	492	33010	1	NPY	0.3233390179540875	1.0
Reactome	hypermethylated	Formation Of Tubulin Folding Intermediates By CCT/TriC R-HSA-389960	26	492	33010	1	TUBB2B	0.3233390179540875	1.0
Reactome	hypermethylated	HSF1 Activation R-HSA-3371511	26	492	33010	1	HSF1	0.3233390179540875	1.0
Reactome	hypermethylated	N-glycan Antennae Elongation In medial/trans-Golgi R-HSA-975576	26	492	33010	1	ST8SIA3	0.3233390179540875	1.0
Reactome	hypermethylated	Prefoldin Mediated Transfer Of Substrate To CCT/TriC R-HSA-389957	26	492	33010	1	TUBB2B	0.3233390179540875	1.0
Reactome	hypermethylated	Signaling By BMP R-HSA-201451	26	492	33010	1	SKI	0.3233390179540875	1.0
Reactome	hypermethylated	Role Of Nef In HIV-1 Replication And Disease Pathogenesis R-HSA-164952	26	492	33010	1	HCK	0.3233390179540875	1.0
Reactome	hypermethylated	Downstream Signaling Of Activated FGFR2 R-HSA-5654696	27	492	33010	1	FGF5	0.3334323117682577	1.0
Reactome	hypermethylated	Generation Of Second Messenger Molecules R-HSA-202433	27	492	33010	1	HLA-DPA1	0.3334323117682577	1.0
Reactome	hypermethylated	VEGFR2 Mediated Vascular Permeability R-HSA-5218920	27	492	33010	1	CTNNA1	0.3334323117682577	1.0
Reactome	hypermethylated	Adrenaline,noradrenaline Inhibits Insulin Secretion R-HSA-400042	28	492	33010	1	CACNA2D2	0.3433753522015119	1.0
Reactome	hypermethylated	Antigen Presentation: Folding, Assembly, Peptide Loading Of Class I MHC R-HSA-983170	28	492	33010	1	ERAP1	0.3433753522015119	1.0
Reactome	hypermethylated	SUMOylation Of Intracellular Receptors R-HSA-4090294	28	492	33010	1	THRA	0.3433753522015119	1.0
Reactome	hypermethylated	Peptide Hormone Metabolism R-HSA-2980736	83	492	33010	2	CDX2,PAX6	0.35146813667290494	1.0
Reactome	hypermethylated	Signaling By FGFR R-HSA-190236	83	492	33010	2	FGF5,SPRY2	0.35146813667290494	1.0
Reactome	hypermethylated	Sphingolipid Metabolism R-HSA-428157	83	492	33010	2	DEGS1,SPHK2	0.35146813667290494	1.0
Reactome	hypermethylated	Activation Of Matrix Metalloproteinases R-HSA-1592389	29	492	33010	1	MMP9	0.35317037150649205	1.0
Reactome	hypermethylated	Downregulation Of SMAD2/3:SMAD4 Transcriptional Activity R-HSA-2173795	29	492	33010	1	SKI	0.35317037150649205	1.0
Reactome	hypermethylated	Downstream Signaling Of Activated FGFR1 R-HSA-5654687	29	492	33010	1	FGF5	0.35317037150649205	1.0
Reactome	hypermethylated	EGFR Downregulation R-HSA-182971	29	492	33010	1	SPRY2	0.35317037150649205	1.0
Reactome	hypermethylated	Glutamate Binding, Activation Of AMPA Receptors And Synaptic Plasticity R-HSA-399721	29	492	33010	1	CACNG8	0.35317037150649205	1.0
Reactome	hypermethylated	Myogenesis R-HSA-525793	29	492	33010	1	CTNNA1	0.35317037150649205	1.0
Reactome	hypermethylated	Negative Regulation Of FGFR4 Signaling R-HSA-5654733	29	492	33010	1	SPRY2	0.35317037150649205	1.0
Reactome	hypermethylated	Uptake And Actions Of Bacterial Toxins R-HSA-5339562	29	492	33010	1	ANTXR2	0.35317037150649205	1.0
Reactome	hypermethylated	Amino Acid Transport Across Plasma Membrane R-HSA-352230	30	492	33010	1	SLC38A4	0.3628195688388593	1.0
Reactome	hypermethylated	Late Endosomal Microautophagy R-HSA-9615710	30	492	33010	1	CFTR	0.3628195688388593	1.0
Reactome	hypermethylated	Sealing Of Nuclear Envelope (NE) By ESCRT-III R-HSA-9668328	30	492	33010	1	TUBB2B	0.3628195688388593	1.0
Reactome	hypermethylated	Signaling By CSF3 (G-CSF) R-HSA-9674555	30	492	33010	1	HCK	0.3628195688388593	1.0
Reactome	hypermethylated	Signaling By NOTCH2 R-HSA-1980145	30	492	33010	1	MAML3	0.3628195688388593	1.0
Reactome	hypermethylated	Transferrin Endocytosis And Recycling R-HSA-917977	30	492	33010	1	ATP6V1B1	0.3628195688388593	1.0
Reactome	hypermethylated	Activated NOTCH1 Transmits Signal To Nucleus R-HSA-2122948	31	492	33010	1	DLK1	0.3723251107470243	1.0
Reactome	hypermethylated	Cooperation Of Prefoldin And TriC/CCT In Actin And Tubulin Folding R-HSA-389958	31	492	33010	1	TUBB2B	0.3723251107470243	1.0
Reactome	hypermethylated	FGFR2 Mutant Receptor Activation R-HSA-1839126	31	492	33010	1	FGF5	0.3723251107470243	1.0
Reactome	hypermethylated	Nicotinate Metabolism R-HSA-196807	31	492	33010	1	NT5E	0.3723251107470243	1.0
Reactome	hypermethylated	Opioid Signaling R-HSA-111885	87	492	33010	2	PDE4C,PRKAR1B	0.37292673599202397	1.0
Reactome	hypermethylated	P75 NTR Receptor-Mediated Signaling R-HSA-193704	87	492	33010	2	AKAP13,MCF2L	0.37292673599202397	1.0
Reactome	hypermethylated	CaM Pathway R-HSA-111997	32	492	33010	1	PRKAR1B	0.38168913165464624	1.0
Reactome	hypermethylated	Glucagon Signaling In Metabolic Regulation R-HSA-163359	32	492	33010	1	PRKAR1B	0.38168913165464624	1.0
Reactome	hypermethylated	EPH-Ephrin Signaling R-HSA-2682334	89	492	33010	2	EPHA10,MMP9	0.38354895346665674	1.0
Reactome	hypermethylated	Post-translational Modification: Synthesis Of GPI-anchored Proteins R-HSA-163125	89	492	33010	2	NRN1,RTN4RL1	0.38354895346665674	1.0
Reactome	hypermethylated	Glucagon-type Ligand Receptors R-HSA-420092	33	492	33010	1	CPAMD8	0.3909137343360067	1.0
Reactome	hypermethylated	Sialic Acid Metabolism R-HSA-4085001	33	492	33010	1	ST8SIA3	0.3909137343360067	1.0
Reactome	hypermethylated	Signaling To ERKs R-HSA-187687	33	492	33010	1	NTRK1	0.3909137343360067	1.0
Reactome	hypermethylated	Metabolism Of Nucleotides R-HSA-15869	91	492	33010	2	DPYS,NT5E	0.3940929494090608	1.0
Reactome	hypermethylated	RUNX1 Regulates Transcription Of Genes Involved In Differentiation Of HSCs R-HSA-8939236	91	492	33010	2	GATA3,TAL1	0.3940929494090608	1.0
Reactome	hypermethylated	Class B/2 (Secretin Family Receptors) R-HSA-373080	92	492	33010	2	CALCB,CPAMD8	0.3993341412842934	1.0
Reactome	hypermethylated	Transcriptional Regulation By RUNX3 R-HSA-8878159	92	492	33010	2	CDKN2A,MAML3	0.3993341412842934	1.0
Reactome	hypermethylated	COPI-independent Golgi-to-ER Retrograde Traffic R-HSA-6811436	34	492	33010	1	CAPZB	0.40000099038436393	1.0
Reactome	hypermethylated	Ca-dependent Events R-HSA-111996	34	492	33010	1	PRKAR1B	0.40000099038436393	1.0
Reactome	hypermethylated	Class C/3 (Metabotropic Glutamate/Pheromone Receptors) R-HSA-420499	34	492	33010	1	GRM1	0.40000099038436393	1.0
Reactome	hypermethylated	Early SARS-CoV-2 Infection Events R-HSA-9772572	34	492	33010	1	RB1	0.40000099038436393	1.0
Reactome	hypermethylated	HSF1-dependent Transactivation R-HSA-3371571	34	492	33010	1	HSF1	0.40000099038436393	1.0
Reactome	hypermethylated	ROS And RNS Production In Phagocytes R-HSA-1222556	34	492	33010	1	ATP6V1B1	0.40000099038436393	1.0
Reactome	hypermethylated	Inwardly Rectifying K+ Channels R-HSA-1296065	35	492	33010	1	ABCC9	0.40895294067338955	1.0
Reactome	hypermethylated	N-glycan Trimming In ER And Calnexin/Calreticulin Cycle R-HSA-532668	35	492	33010	1	SEL1L	0.40895294067338955	1.0
Reactome	hypermethylated	SLC Transporter Disorders R-HSA-5619102	94	492	33010	2	SLC6A3,SLC6A5	0.4097521565040624	1.0
Reactome	hypermethylated	Aberrant Regulation Of Mitotic Cell Cycle Due To RB1 Defects R-HSA-9687139	36	492	33010	1	RB1	0.4177715958117881	1.0
Reactome	hypermethylated	Aspirin ADME R-HSA-9749641	36	492	33010	1	GLYATL1	0.4177715958117881	1.0
Reactome	hypermethylated	PRC2 Methylates Histones And DNA R-HSA-212300	36	492	33010	1	JARID2	0.4177715958117881	1.0
Reactome	hypermethylated	RHOV GTPase Cycle R-HSA-9013424	36	492	33010	1	DST	0.4177715958117881	1.0
Reactome	hypermethylated	Regulation Of TP53 Degradation R-HSA-6804757	36	492	33010	1	CDKN2A	0.4177715958117881	1.0
Reactome	hypermethylated	Condensation Of Prophase Chromosomes R-HSA-2299718	37	492	33010	1	RB1	0.4264589365912079	1.0
Reactome	hypermethylated	Diseases Of Mitotic Cell Cycle R-HSA-9675126	37	492	33010	1	RB1	0.4264589365912079	1.0
Reactome	hypermethylated	FLT3 Signaling R-HSA-9607240	37	492	33010	1	HCK	0.4264589365912079	1.0
Reactome	hypermethylated	HSP90 Chaperone Cycle For Steroid Hormone Receptors (SHR) In Presence Of Ligand R-HSA-3371497	37	492	33010	1	CAPZB	0.4264589365912079	1.0
Reactome	hypermethylated	RHOU GTPase Cycle R-HSA-9013420	37	492	33010	1	DST	0.4264589365912079	1.0
Reactome	hypermethylated	Regulation Of TP53 Expression And Degradation R-HSA-6806003	37	492	33010	1	CDKN2A	0.4264589365912079	1.0
Reactome	hypermethylated	Sensory Perception Of Sweet, Bitter, And Umami (Glutamate) Taste R-HSA-9717207	37	492	33010	1	GRM1	0.4264589365912079	1.0
Reactome	hypermethylated	DAG And IP3 Signaling R-HSA-1489509	38	492	33010	1	PRKAR1B	0.4350169144275325	1.0
Reactome	hypermethylated	Signaling By FGFR4 R-HSA-5654743	38	492	33010	1	SPRY2	0.4350169144275325	1.0
Reactome	hypermethylated	Post-translational Protein Phosphorylation R-HSA-8957275	100	492	33010	2	PENK,SPARCL1	0.44045559605323203	1.0
Reactome	hypermethylated	Ion Channel Transport R-HSA-983712	164	492	33010	3	ATP11A,ATP6V1B1,OSTM1	0.4429777207731972	1.0
Reactome	hypermethylated	Carboxyterminal Post-Translational Modifications Of Tubulin R-HSA-8955332	39	492	33010	1	TUBB2B	0.4434474517956526	1.0
Reactome	hypermethylated	Collagen Degradation R-HSA-1442490	39	492	33010	1	MMP9	0.4434474517956526	1.0
Reactome	hypermethylated	RHOF GTPase Cycle R-HSA-9035034	39	492	33010	1	CAPZB	0.4434474517956526	1.0
Reactome	hypermethylated	Transcriptional Regulation By VENTX R-HSA-8853884	39	492	33010	1	CDKN2A	0.4434474517956526	1.0
Reactome	hypermethylated	Kinesins R-HSA-983189	40	492	33010	1	KLC1	0.45175244265782033	1.0
Reactome	hypermethylated	Signaling By FGFR2 In Disease R-HSA-5655253	40	492	33010	1	FGF5	0.45175244265782033	1.0
Reactome	hypermethylated	Interleukin-3, Interleukin-5 And GM-CSF Signaling R-HSA-512988	41	492	33010	1	HCK	0.45993375288567456	1.0
Reactome	hypermethylated	Intra-Golgi Traffic R-HSA-6811438	41	492	33010	1	CUX1	0.45993375288567456	1.0
Reactome	hypermethylated	RND1 GTPase Cycle R-HSA-9696273	41	492	33010	1	DST	0.45993375288567456	1.0
Reactome	hypermethylated	RND2 GTPase Cycle R-HSA-9696270	41	492	33010	1	DST	0.45993375288567456	1.0
Reactome	hypermethylated	RND3 GTPase Cycle R-HSA-9696264	41	492	33010	1	DST	0.45993375288567456	1.0
Reactome	hypermethylated	Signaling By SCF-KIT R-HSA-1433557	41	492	33010	1	MMP9	0.45993375288567456	1.0
Reactome	hypermethylated	Vasopressin Regulates Renal Water Homeostasis Via Aquaporins R-HSA-432040	41	492	33010	1	PRKAR1B	0.45993375288567456	1.0
Reactome	hypermethylated	Collagen Chain Trimerization R-HSA-8948216	42	492	33010	1	COL11A1	0.46799322067603055	1.0
Reactome	hypermethylated	PI3K Cascade R-HSA-109704	42	492	33010	1	FGF5	0.46799322067603055	1.0
Reactome	hypermethylated	Neurotransmitter Receptors And Postsynaptic Signal Transmission R-HSA-112314	171	492	33010	3	CACNG8,GABRA1,PRKAR1B	0.4700129104752432	1.0
Reactome	hypermethylated	GPER1 Signaling R-HSA-9634597	43	492	33010	1	PRKAR1B	0.4759326569605302	1.0
Reactome	hypermethylated	NOTCH1 Intracellular Domain Regulates Transcription R-HSA-2122947	43	492	33010	1	MAML3	0.4759326569605302	1.0
Reactome	hypermethylated	Sensory Perception Of Taste R-HSA-9717189	43	492	33010	1	GRM1	0.4759326569605302	1.0
Reactome	hypermethylated	Formation Of Ternary Complex, And Subsequently, 43S Complex R-HSA-72695	44	492	33010	1	EIF3I	0.4837538458092405	1.0
Reactome	hypermethylated	Macroautophagy R-HSA-1632852	109	492	33010	2	CFTR,HSF1	0.4848045885179688	1.0
Reactome	hypermethylated	Intra-Golgi And Retrograde Golgi-to-ER Traffic R-HSA-6811442	176	492	33010	3	CAPZB,CUX1,KLC1	0.48895767078196845	1.0
Reactome	hypermethylated	Golgi-to-ER Retrograde Transport R-HSA-8856688	110	492	33010	2	CAPZB,KLC1	0.48959690702706565	1.0
Reactome	hypermethylated	Chondroitin Sulfate/Dermatan Sulfate Metabolism R-HSA-1793185	45	492	33010	1	CSGALNACT1	0.49145854482828605	1.0
Reactome	hypermethylated	IRS-mediated Signaling R-HSA-112399	45	492	33010	1	FGF5	0.49145854482828605	1.0
Reactome	hypermethylated	Estrogen-dependent Gene Expression R-HSA-9018519	111	492	33010	2	FOXA1,GATA3	0.49436116198838237	1.0
Reactome	hypermethylated	PLC Beta Mediated Events R-HSA-112043	46	492	33010	1	PRKAR1B	0.49904848555161285	1.0
Reactome	hypermethylated	Platelet Degranulation R-HSA-114608	112	492	33010	2	RARRES2,SELENOP	0.4990971241296984	1.0
Reactome	hypermethylated	ESR-mediated Signaling R-HSA-8939211	179	492	33010	3	FOXA1,GATA3,MMP9	0.500165010417312	1.0
Reactome	hypermethylated	Neurotransmitter Release Cycle R-HSA-112310	47	492	33010	1	PPFIA3	0.5065253738269617	1.0
Reactome	hypermethylated	Signaling By EGFR R-HSA-177929	47	492	33010	1	SPRY2	0.5065253738269617	1.0
Reactome	hypermethylated	Signaling By NOTCH3 R-HSA-9012852	47	492	33010	1	MAML3	0.5065253738269617	1.0
Reactome	hypermethylated	Transcriptional Regulation By RUNX2 R-HSA-8878166	115	492	33010	2	RB1,SATB2	0.5131331543342136	1.0
Reactome	hypermethylated	IRS-related Events Triggered By IGF1R R-HSA-2428928	48	492	33010	1	FGF5	0.5138908901961378	1.0
Reactome	hypermethylated	Ion Homeostasis R-HSA-5578775	48	492	33010	1	ABCC9	0.5138908901961378	1.0
Reactome	hypermethylated	RHOD GTPase Cycle R-HSA-9013405	48	492	33010	1	CAPZB	0.5138908901961378	1.0
Reactome	hypermethylated	Regulation Of IGF Transport And Uptake By IGFBPs R-HSA-381426	116	492	33010	2	PENK,SPARCL1	0.5177539080513794	1.0
Reactome	hypermethylated	Aquaporin-mediated Transport R-HSA-445717	49	492	33010	1	PRKAR1B	0.5211466902696618	1.0
Reactome	hypermethylated	IGF1R Signaling Cascade R-HSA-2428924	49	492	33010	1	FGF5	0.5211466902696618	1.0
Reactome	hypermethylated	Ion Transport By P-type ATPases R-HSA-936837	49	492	33010	1	ATP11A	0.5211466902696618	1.0
Reactome	hypermethylated	Transcriptional Activity Of SMAD2/SMAD3:SMAD4 Heterotrimer R-HSA-2173793	49	492	33010	1	SKI	0.5211466902696618	1.0
Reactome	hypermethylated	Response To Elevated Platelet Cytosolic Ca2+ R-HSA-76005	117	492	33010	2	RARRES2,SELENOP	0.5223454114047935	1.0
Reactome	hypermethylated	SARS-CoV-1 Infection R-HSA-9678108	50	492	33010	1	RB1	0.5282944050958905	1.0
Reactome	hypermethylated	Signaling By Type 1 Insulin-like Growth Factor 1 Receptor (IGF1R) R-HSA-2404192	50	492	33010	1	FGF5	0.5282944050958905	1.0
Reactome	hypermethylated	G-protein Mediated Events R-HSA-112040	51	492	33010	1	PRKAR1B	0.5353356415246777	1.0
Reactome	hypermethylated	Insulin Receptor Signaling Cascade R-HSA-74751	51	492	33010	1	FGF5	0.5353356415246777	1.0
Reactome	hypermethylated	Pyruvate Metabolism And Citric Acid (TCA) Cycle R-HSA-71406	51	492	33010	1	PCDHGA5	0.5353356415246777	1.0
Reactome	hypermethylated	Ribosomal Scanning And Start Codon Recognition R-HSA-72702	51	492	33010	1	EIF3I	0.5353356415246777	1.0
Reactome	hypermethylated	Translation Initiation Complex Formation R-HSA-72649	51	492	33010	1	EIF3I	0.5353356415246777	1.0
Reactome	hypermethylated	mRNA Activation Upon Binding Of Cap-Binding Complex And eIFs, Subsequent Binding To 43S R-HSA-72662	52	492	33010	1	EIF3I	0.5422719825656631	1.0
Reactome	hypermethylated	Amino Acids Regulate mTORC1 R-HSA-9639288	52	492	33010	1	ATP6V1B1	0.5422719825656631	1.0
Reactome	hypermethylated	Autophagy R-HSA-9612973	122	492	33010	2	CFTR,HSF1	0.5448590956424314	1.0
Reactome	hypermethylated	Signaling By NOTCH R-HSA-157118	192	492	33010	3	DLK1,MAML3,SEL1L	0.5472157496197912	1.0
Reactome	hypermethylated	Constitutive Signaling By NOTCH1 HD+PEST Domain Mutants R-HSA-2894862	53	492	33010	1	MAML3	0.5491049877412715	1.0
Reactome	hypermethylated	Regulation Of RUNX3 Expression And Activity R-HSA-8941858	53	492	33010	1	CDKN2A	0.5491049877412715	1.0
Reactome	hypermethylated	Signaling By ALK Fusions And Activated Point Mutants R-HSA-9725370	53	492	33010	1	KLC1	0.5491049877412715	1.0
Reactome	hypermethylated	FCGR3A-mediated Phagocytosis R-HSA-9664422	54	492	33010	1	HCK	0.5558361934344864	1.0
Reactome	hypermethylated	Hh Mutants Are Degraded By ERAD R-HSA-5362768	54	492	33010	1	SEL1L	0.5558361934344864	1.0
Reactome	hypermethylated	Intrinsic Pathway For Apoptosis R-HSA-109606	54	492	33010	1	CDKN2A	0.5558361934344864	1.0
Reactome	hypermethylated	Transcriptional Regulation By RUNX1 R-HSA-8878171	196	492	33010	3	GATA3,PAX5,TAL1	0.5611636520618394	1.0
Reactome	hypermethylated	SUMOylation Of Chromatin Organization Proteins R-HSA-4551638	55	492	33010	1	SATB2	0.562467113231496	1.0
Reactome	hypermethylated	Stabilization Of P53 R-HSA-69541	55	492	33010	1	CDKN2A	0.562467113231496	1.0
Reactome	hypermethylated	Arachidonic Acid Metabolism R-HSA-2142753	56	492	33010	1	ALOX5	0.5689992382592642	1.0
Reactome	hypermethylated	Formation Of RNA Pol II Elongation Complex R-HSA-112382	56	492	33010	1	MLLT1	0.5689992382592642	1.0
Reactome	hypermethylated	GABA Receptor Activation R-HSA-977443	56	492	33010	1	GABRA1	0.5689992382592642	1.0
Reactome	hypermethylated	Pre-NOTCH Transcription And Translation R-HSA-1912408	56	492	33010	1	MAML3	0.5689992382592642	1.0
Reactome	hypermethylated	Signaling By ERBB4 R-HSA-1236394	56	492	33010	1	GABRA1	0.5689992382592642	1.0
Reactome	hypermethylated	Death Receptor Signaling R-HSA-73887	128	492	33010	2	AKAP13,MCF2L	0.570884387012653	1.0
Reactome	hypermethylated	DNA Damage/Telomere Stress Induced Senescence R-HSA-2559586	57	492	33010	1	RB1	0.5754340375181234	1.0
Reactome	hypermethylated	Hh Mutants Abrogate Ligand Secretion R-HSA-5387390	57	492	33010	1	SEL1L	0.5754340375181234	1.0
Reactome	hypermethylated	Iron Uptake And Transport R-HSA-917937	57	492	33010	1	ATP6V1B1	0.5754340375181234	1.0
Reactome	hypermethylated	O-linked Glycosylation Of Mucins R-HSA-913709	57	492	33010	1	GALNTL6	0.5754340375181234	1.0
Reactome	hypermethylated	RHOQ GTPase Cycle R-HSA-9013406	57	492	33010	1	CFTR	0.5754340375181234	1.0
Reactome	hypermethylated	Signaling By Receptor Tyrosine Kinases R-HSA-9006934	480	492	33010	7	ATP6V1B1,CTNNA1,FGF5,GABRA1,MMP9,NTRK1,SPRY2	0.5754897859645163	1.0
Reactome	hypermethylated	Post NMDA Receptor Activation Events R-HSA-438064	58	492	33010	1	PRKAR1B	0.5817729582094442	1.0
Reactome	hypermethylated	Cytochrome P450 - Arranged By Substrate Type R-HSA-211897	59	492	33010	1	CYP26A1	0.5880174260584655	1.0
Reactome	hypermethylated	Regulation Of PTEN Gene Transcription R-HSA-8943724	59	492	33010	1	NR2E1	0.5880174260584655	1.0
Reactome	hypermethylated	Costimulation By CD28 Family R-HSA-388841	62	492	33010	1	HLA-DPA1	0.6061980543085607	1.0
Reactome	hypermethylated	FOXO-mediated Transcription R-HSA-9614085	62	492	33010	1	NPY	0.6061980543085607	1.0
Reactome	hypermethylated	Semaphorin Interactions R-HSA-373755	62	492	33010	1	SEMA4A	0.6061980543085607	1.0
Reactome	hypermethylated	Synthesis Of Substrates In N-glycan Biosythesis R-HSA-446219	62	492	33010	1	ST8SIA3	0.6061980543085607	1.0
Reactome	hypermethylated	RHOA GTPase Cycle R-HSA-8980692	138	492	33010	2	AKAP13,MCF2L	0.611822974747825	1.0
Reactome	hypermethylated	Hedgehog Ligand Biogenesis R-HSA-5358346	63	492	33010	1	SEL1L	0.6120785495519798	1.0
Reactome	hypermethylated	Diseases Of Programmed Cell Death R-HSA-9645723	64	492	33010	1	CDKN2A	0.617871409406305	1.0
Reactome	hypermethylated	p53-Dependent G1 DNA Damage Response R-HSA-69563	64	492	33010	1	CDKN2A	0.617871409406305	1.0
Reactome	hypermethylated	Collagen Biosynthesis And Modifying Enzymes R-HSA-1650814	65	492	33010	1	COL11A1	0.6235779372570932	1.0
Reactome	hypermethylated	Glycolysis R-HSA-70171	65	492	33010	1	PKLR	0.6235779372570932	1.0
Reactome	hypermethylated	G1/S DNA Damage Checkpoints R-HSA-69615	66	492	33010	1	CDKN2A	0.6291994171438605	1.0
Reactome	hypermethylated	Mitotic G1 Phase And G1/S Transition R-HSA-453279	143	492	33010	2	CDKN2A,RB1	0.6311473767785085	1.0
Reactome	hypermethylated	Activation Of NMDA Receptors And Postsynaptic Events R-HSA-442755	69	492	33010	1	PRKAR1B	0.6455661252128767	1.0
Reactome	hypermethylated	RHOG GTPase Cycle R-HSA-9013408	71	492	33010	1	MCF2L	0.6560747200315609	1.0
Reactome	hypermethylated	APC/C:Cdh1 Mediated Degradation Of Cdc20 And APC/C:Cdh1 Targets In Late Mitosis/Early G1 R-HSA-174178	72	492	33010	1	RB1	0.6612118291649429	1.0
Reactome	hypermethylated	Extra-nuclear Estrogen Signaling R-HSA-9009391	72	492	33010	1	MMP9	0.6612118291649429	1.0
Reactome	hypermethylated	Nuclear Envelope (NE) Reassembly R-HSA-2995410	73	492	33010	1	TUBB2B	0.6662723604677194	1.0
Reactome	hypermethylated	SUMOylation Of DNA Damage Response And Repair Proteins R-HSA-3108214	73	492	33010	1	CDKN2A	0.6662723604677194	1.0
Reactome	hypermethylated	Regulation Of TP53 Activity R-HSA-5633007	153	492	33010	2	CDKN2A,POU4F2	0.6675310146056395	1.0
Reactome	hypermethylated	Senescence-Associated Secretory Phenotype (SASP) R-HSA-2559582	74	492	33010	1	CDKN2A	0.6712574531795596	1.0
Reactome	hypermethylated	Biosynthesis Of N-glycan Precursor (Dolichol LLO) And Transfer To Protein R-HSA-446193	75	492	33010	1	ST8SIA3	0.6761682296258694	1.0
Reactome	hypermethylated	Constitutive Signaling By Aberrant PI3K In Cancer R-HSA-2219530	75	492	33010	1	FGF5	0.6761682296258694	1.0
Reactome	hypermethylated	Nuclear Events Mediated By NFE2L2 R-HSA-9759194	75	492	33010	1	CDKN2A	0.6761682296258694	1.0
Reactome	hypermethylated	RNA Polymerase II Pre-transcription Events R-HSA-674695	75	492	33010	1	MLLT1	0.6761682296258694	1.0
Reactome	hypermethylated	Cellular Senescence R-HSA-2559583	156	492	33010	2	CDKN2A,RB1	0.6778659734297389	1.0
Reactome	hypermethylated	COPI-dependent Golgi-to-ER Retrograde Traffic R-HSA-6811434	76	492	33010	1	KLC1	0.6810057954684097	1.0
Reactome	hypermethylated	Regulation Of Expression Of SLITs And ROBOs R-HSA-9010553	158	492	33010	2	HOXA2,LHX9	0.6846096002180719	1.0
Reactome	hypermethylated	Signaling By NOTCH4 R-HSA-9013694	78	492	33010	1	MAML3	0.6904656361488392	1.0
Reactome	hypermethylated	Transport To Golgi And Subsequent Modification R-HSA-948021	161	492	33010	2	CAPZB,ST8SIA3	0.6945077665157077	1.0
Reactome	hypermethylated	Regulation Of HSF1-mediated Heat Shock Response R-HSA-3371453	79	492	33010	1	HSF1	0.6950900411960503	1.0
Reactome	hypermethylated	COPI-mediated Anterograde Transport R-HSA-6807878	80	492	33010	1	CAPZB	0.6996454965339252	1.0
Reactome	hypermethylated	Drug ADME R-HSA-9748784	80	492	33010	1	GLYATL1	0.6996454965339252	1.0
Reactome	hypermethylated	Fcgamma Receptor (FCGR) Dependent Phagocytosis R-HSA-2029480	80	492	33010	1	HCK	0.6996454965339252	1.0
Reactome	hypermethylated	Cyclin E Associated Events During G1/S Transition R-HSA-69202	81	492	33010	1	RB1	0.7041330281374875	1.0
Reactome	hypermethylated	Fatty Acid Metabolism R-HSA-8978868	165	492	33010	2	ALOX5,CPT2	0.7073048366852375	1.0
Reactome	hypermethylated	Cyclin A:Cdk2-associated Events At S Phase Entry R-HSA-69656	83	492	33010	1	RB1	0.7129083480882515	1.0
Reactome	hypermethylated	Interferon Gamma Signaling R-HSA-877300	83	492	33010	1	HLA-DPA1	0.7129083480882515	1.0
Reactome	hypermethylated	Glucose Metabolism R-HSA-70326	84	492	33010	1	PKLR	0.7171981131060358	1.0
Reactome	hypermethylated	Hedgehog On State R-HSA-5632684	84	492	33010	1	DZIP1	0.7171981131060358	1.0
Reactome	hypermethylated	Chaperonin-mediated Protein Folding R-HSA-390466	85	492	33010	1	TUBB2B	0.7214239081723003	1.0
Reactome	hypermethylated	Diseases Of Signal Transduction By Growth Factor Receptors And Second Messengers R-HSA-5663202	406	492	33010	5	CUX1,FGF5,KLC1,MAML3,SEL1L	0.7254376257557318	1.0
Reactome	hypermethylated	APC/C-mediated Degradation Of Cell Cycle Proteins R-HSA-174143	86	492	33010	1	RB1	0.7255866853075844	1.0
Reactome	hypermethylated	Oxidative Stress Induced Senescence R-HSA-2559580	86	492	33010	1	CDKN2A	0.7255866853075844	1.0
Reactome	hypermethylated	Ub-specific Processing Proteases R-HSA-5689880	171	492	33010	2	CFTR,GATA3	0.7256592963245485	1.0
Reactome	hypermethylated	RHO GTPase Effectors R-HSA-195258	253	492	33010	3	CFTR,CTNNA1,KLC1	0.7296505275770804	1.0
Reactome	hypermethylated	Downstream TCR Signaling R-HSA-202424	88	492	33010	1	HLA-DPA1	0.7337269233780641	1.0
Reactome	hypermethylated	RHO GTPase Cycle R-HSA-9012999	412	492	33010	5	AKAP13,CAPZB,CFTR,DST,MCF2L	0.7370938212449765	1.0
Reactome	hypermethylated	Signaling By TGF-beta Receptor Complex R-HSA-170834	89	492	33010	1	SKI	0.7377062184906937	1.0
Reactome	hypermethylated	Formation Of A Pool Of Free 40S Subunits R-HSA-72689	91	492	33010	1	EIF3I	0.7454876446041071	1.0
Reactome	hypermethylated	Phase II - Conjugation Of Compounds R-HSA-156580	91	492	33010	1	GLYATL1	0.7454876446041071	1.0
Reactome	hypermethylated	Protein Folding R-HSA-391251	91	492	33010	1	TUBB2B	0.7454876446041071	1.0
Reactome	hypermethylated	VEGFA-VEGFR2 Pathway R-HSA-4420097	91	492	33010	1	CTNNA1	0.7454876446041071	1.0
Reactome	hypermethylated	Axon Guidance R-HSA-422475	496	492	33010	6	DNAAF3,EPHA10,HOXA2,LHX9,MMP9,SEMA4A	0.7506958396388839	1.0
Reactome	hypermethylated	HATs Acetylate Histones R-HSA-3214847	94	492	33010	1	PAX3	0.7567299286241054	1.0
Reactome	hypermethylated	Stimuli-sensing Channels R-HSA-2672351	94	492	33010	1	OSTM1	0.7567299286241054	1.0
Reactome	hypermethylated	Cargo Recognition For Clathrin-Mediated Endocytosis R-HSA-8856825	96	492	33010	1	CFTR	0.7639480695291253	1.0
Reactome	hypermethylated	Cellular Response To Heat Stress R-HSA-3371556	96	492	33010	1	HSF1	0.7639480695291253	1.0
Reactome	hypermethylated	Hedgehog Off State R-HSA-5610787	96	492	33010	1	PRKAR1B	0.7639480695291253	1.0
Reactome	hypermethylated	Phase I - Functionalization Of Compounds R-HSA-211945	96	492	33010	1	CYP26A1	0.7639480695291253	1.0
Reactome	hypermethylated	KEAP1-NFE2L2 Pathway R-HSA-9755511	97	492	33010	1	CDKN2A	0.7674765847442824	1.0
Reactome	hypermethylated	Signaling By VEGF R-HSA-194138	99	492	33010	1	CTNNA1	0.7743764824576135	1.0
Reactome	hypermethylated	L13a-mediated Translational Silencing Of Ceruloplasmin Expression R-HSA-156827	100	492	33010	1	EIF3I	0.777749420704122	1.0
Reactome	hypermethylated	GTP Hydrolysis And Joining Of 60S Ribosomal Subunit R-HSA-72706	101	492	33010	1	EIF3I	0.7810720364748175	1.0
Reactome	hypermethylated	PI3K/AKT Signaling In Cancer R-HSA-2219528	101	492	33010	1	FGF5	0.7810720364748175	1.0
Reactome	hypermethylated	Asparagine N-linked Glycosylation R-HSA-446203	276	492	33010	3	CAPZB,SEL1L,ST8SIA3	0.781495782028818	1.0
Reactome	hypermethylated	PI5P, PP2A And IER3 Regulate PI3K/AKT Signaling R-HSA-6811558	102	492	33010	1	FGF5	0.7843450790484108	1.0
Reactome	hypermethylated	SRP-dependent Cotranslational Protein Targeting To Membrane R-HSA-1799339	102	492	33010	1	SSR3	0.7843450790484108	1.0
Reactome	hypermethylated	Biological Oxidations R-HSA-211859	194	492	33010	2	CYP26A1,GLYATL1	0.7872106365717597	1.0
Reactome	hypermethylated	Nervous System Development R-HSA-9675108	520	492	33010	6	DNAAF3,EPHA10,HOXA2,LHX9,MMP9,SEMA4A	0.7890667886295994	1.0
Reactome	hypermethylated	Extracellular Matrix Organization R-HSA-1474244	280	492	33010	3	COL11A1,DST,MMP9	0.7896234502839383	1.0
Reactome	hypermethylated	Degradation Of Extracellular Matrix R-HSA-1474228	104	492	33010	1	MMP9	0.7907453862143148	1.0
Reactome	hypermethylated	O-linked Glycosylation R-HSA-5173105	104	492	33010	1	GALNTL6	0.7907453862143148	1.0
Reactome	hypermethylated	Neutrophil Degranulation R-HSA-6798695	444	492	33010	5	ALOX5,ATP11A,DEGS1,MMP9,PTPRN2	0.7931679005955429	1.0
Reactome	hypermethylated	Mitotic Prophase R-HSA-68875	105	492	33010	1	RB1	0.793874094352118	1.0
Reactome	hypermethylated	Signaling By Rho GTPases R-HSA-194315	605	492	33010	7	AKAP13,CAPZB,CFTR,CTNNA1,DST,KLC1,MCF2L	0.799354980198593	1.0
Reactome	hypermethylated	Epigenetic Regulation Of Gene Expression R-HSA-212165	107	492	33010	1	JARID2	0.7999921485138216	1.0
Reactome	hypermethylated	Signaling By ROBO Receptors R-HSA-376176	200	492	33010	2	HOXA2,LHX9	0.8011324753799299	1.0
Reactome	hypermethylated	Cap-dependent Translation Initiation R-HSA-72737	108	492	33010	1	EIF3I	0.802982874676518	1.0
Reactome	hypermethylated	Hemostasis R-HSA-109582	530	492	33010	6	CAPZB,GATA3,KLC1,PRKAR1B,RARRES2,SELENOP	0.803665269971045	1.0
Reactome	hypermethylated	Negative Regulation Of PI3K/AKT Network R-HSA-199418	109	492	33010	1	FGF5	0.8059289699187268	1.0
Reactome	hypermethylated	TCR Signaling R-HSA-202403	109	492	33010	1	HLA-DPA1	0.8059289699187268	1.0
Reactome	hypermethylated	PPARA Activates Gene Expression R-HSA-1989781	112	492	33010	1	CPT2	0.8145060678277147	1.0
Reactome	hypermethylated	Glycosaminoglycan Metabolism R-HSA-1630316	113	492	33010	1	CSGALNACT1	0.8172801882796804	1.0
Reactome	hypermethylated	Signaling By NTRK1 (TRKA) R-HSA-187037	113	492	33010	1	NTRK1	0.8172801882796804	1.0
Reactome	hypermethylated	Signaling By Rho GTPases, Miro GTPases And RHOBTB3 R-HSA-9716542	619	492	33010	7	AKAP13,CAPZB,CFTR,CTNNA1,DST,KLC1,MCF2L	0.8176332384563134	1.0
Reactome	hypermethylated	Intracellular Signaling By Second Messengers R-HSA-9006925	296	492	33010	3	FGF5,NR2E1,PRKAR1B	0.8196584267052577	1.0
Reactome	hypermethylated	Regulation Of Lipid Metabolism By PPARalpha R-HSA-400206	114	492	33010	1	CPT2	0.8200129039487808	1.0
Reactome	hypermethylated	Signaling By TGFB Family Members R-HSA-9006936	116	492	33010	1	SKI	0.8253565787380709	1.0
Reactome	hypermethylated	Cell Surface Interactions At Vascular Wall R-HSA-202733	120	492	33010	1	SELENOP	0.8355736008621771	1.0
Reactome	hypermethylated	Metabolism Of Water-Soluble Vitamins And Cofactors R-HSA-196849	121	492	33010	1	NT5E	0.8380332478179635	1.0
Reactome	hypermethylated	Glycerophospholipid Biosynthesis R-HSA-1483206	122	492	33010	1	OSBPL5	0.840456174695447	1.0
Reactome	hypermethylated	G1/S Transition R-HSA-69206	125	492	33010	1	RB1	0.8475100652481159	1.0
Reactome	hypermethylated	Host Interactions Of HIV Factors R-HSA-162909	126	492	33010	1	HCK	0.849791502009494	1.0
Reactome	hypermethylated	Sensory Perception R-HSA-9709957	485	492	33010	5	CACNA2D2,CAPZB,GRM1,KCNQ4,MYO3A	0.850823342107112	1.0
Reactome	hypermethylated	Membrane Trafficking R-HSA-199991	571	492	33010	6	CAPZB,CFTR,CUX1,GJA3,GJB2,KLC1	0.8554378297891231	1.0
Reactome	hypermethylated	ER To Golgi Anterograde Transport R-HSA-199977	130	492	33010	1	CAPZB	0.8585816399559639	1.0
Reactome	hypermethylated	Signaling By NTRKs R-HSA-166520	131	492	33010	1	NTRK1	0.8606977541026083	1.0
Reactome	hypermethylated	Clathrin-mediated Endocytosis R-HSA-8856828	133	492	33010	1	CFTR	0.8648356501128042	1.0
Reactome	hypermethylated	PTEN Regulation R-HSA-6807070	135	492	33010	1	NR2E1	0.868850874620285	1.0
Reactome	hypermethylated	Post-translational Protein Modification R-HSA-597592	1297	492	33010	15	CAPZB,CDKN2A,CFTR,GALNTL6,GATA3,NRN1,PENK,RTN4RL1,SATB2,SEL1L,SPARCL1,ST8SIA3,TFAP2B,THRA,TUBB2B	0.8733660923675778	1.0
Reactome	hypermethylated	CDC42 GTPase Cycle R-HSA-9013148	138	492	33010	1	MCF2L	0.8746516124865056	1.0
Reactome	hypermethylated	Platelet Activation, Signaling And Aggregation R-HSA-76002	240	492	33010	2	RARRES2,SELENOP	0.8748977946327925	1.0
Reactome	hypermethylated	Deubiquitination R-HSA-5688426	243	492	33010	2	CFTR,GATA3	0.8792661258935636	1.0
Reactome	hypermethylated	Signaling By Interleukins R-HSA-449147	429	492	33010	4	ALOX5,GATA3,HCK,MMP9	0.8840983724057202	1.0
Reactome	hypermethylated	Cellular Response To Starvation R-HSA-9711097	144	492	33010	1	ATP6V1B1	0.8854961637997456	1.0
Reactome	hypermethylated	Interleukin-1 Family Signaling R-HSA-446652	146	492	33010	1	ALOX5	0.8888987720263943	1.0
Reactome	hypermethylated	Vesicle-mediated Transport R-HSA-5653656	608	492	33010	6	CAPZB,CFTR,CUX1,GJA3,GJB2,KLC1	0.892020946341059	1.0
Reactome	hypermethylated	RAF/MAP Kinase Cascade R-HSA-5673001	258	492	33010	2	FGF5,RASGEF1A	0.8990689222498854	1.0
Reactome	hypermethylated	PIP3 Activates AKT Signaling R-HSA-1257604	259	492	33010	2	FGF5,NR2E1	0.9002753977492783	1.0
Reactome	hypermethylated	Citric Acid (TCA) Cycle And Respiratory Electron Transport R-HSA-1428517	156	492	33010	1	PCDHGA5	0.9044565504110951	1.0
Reactome	hypermethylated	S Phase R-HSA-69242	157	492	33010	1	RB1	0.9058873465758768	1.0
Reactome	hypermethylated	MAPK1/MAPK3 Signaling R-HSA-5684996	264	492	33010	2	FGF5,RASGEF1A	0.90610873139925	1.0
Reactome	hypermethylated	Metabolism Of Carbohydrates R-HSA-71387	267	492	33010	2	CSGALNACT1,PKLR	0.9094541532493736	1.0
Reactome	hypermethylated	Translation R-HSA-72766	271	492	33010	2	EIF3I,SSR3	0.9137414482731048	1.0
Reactome	hypermethylated	RAC1 GTPase Cycle R-HSA-9013149	167	492	33010	1	MCF2L	0.9190702926384986	1.0
Reactome	hypermethylated	Apoptosis R-HSA-109581	171	492	33010	1	CDKN2A	0.9238120442780434	1.0
Reactome	hypermethylated	Cellular Response To Chemical Stress R-HSA-9711123	174	492	33010	1	CDKN2A	0.9271854832156138	1.0
Reactome	hypermethylated	Interferon Signaling R-HSA-913531	181	492	33010	1	HLA-DPA1	0.934488413704972	1.0
Reactome	hypermethylated	Metabolism Of Vitamins And Cofactors R-HSA-196854	183	492	33010	1	NT5E	0.93643734055666	1.0
Reactome	hypermethylated	MAPK Family Signaling Cascades R-HSA-5683057	305	492	33010	2	FGF5,RASGEF1A	0.943209410111707	1.0
Reactome	hypermethylated	Metabolism Of Lipids R-HSA-556833	696	492	33010	6	ALOX5,CIDEA,CPT2,DEGS1,OSBPL5,SPHK2	0.9487946178374524	1.0
Reactome	hypermethylated	Phospholipid Metabolism R-HSA-1483257	199	492	33010	1	OSBPL5	0.95008344349093	1.0
Reactome	hypermethylated	Programmed Cell Death R-HSA-5357801	200	492	33010	1	CDKN2A	0.950831940818121	1.0
Reactome	hypermethylated	Metabolism Of Proteins R-HSA-392499	1778	492	33010	19	CAPZB,CDKN2A,CDX2,CFTR,EIF3I,GALNTL6,GATA3,NRN1,PAX6,PENK,RTN4RL1,SATB2,SEL1L,SPARCL1,SSR3,ST8SIA3,TFAP2B,THRA,TUBB2B	0.9520896776282511	1.0
Reactome	hypermethylated	Disease R-HSA-1643685	1631	492	33010	17	ABCC9,ANTXR2,CALCB,CDKN2A,CFTR,CPAMD8,CUX1,FGF5,HCK,KLC1,MAML3,NT5E,PRKAR1B,RB1,SEL1L,SLC6A3,SLC6A5	0.9553668820607945	1.0
Reactome	hypermethylated	Chromatin Modifying Enzymes R-HSA-3247509	217	492	33010	1	PAX3	0.9619717940944624	1.0
Reactome	hypermethylated	HIV Infection R-HSA-162906	220	492	33010	1	HCK	0.963657927719923	1.0
Reactome	hypermethylated	Mitotic Anaphase R-HSA-68882	224	492	33010	1	TUBB2B	0.9657906099136303	1.0
Reactome	hypermethylated	Transcriptional Regulation By TP53 R-HSA-3700989	346	492	33010	2	CDKN2A,POU4F2	0.9660955016203253	1.0
Reactome	hypermethylated	Mitotic Metaphase And Anaphase R-HSA-2555396	225	492	33010	1	TUBB2B	0.9663039698819855	1.0
Reactome	hypermethylated	Cytokine Signaling In Immune System R-HSA-1280215	653	492	33010	5	ALOX5,GATA3,HCK,HLA-DPA1,MMP9	0.967443596874106	1.0
Reactome	hypermethylated	M Phase R-HSA-68886	363	492	33010	2	RB1,TUBB2B	0.9727128956931869	1.0
Reactome	hypermethylated	Cellular Responses To Stress R-HSA-2262752	689	492	33010	5	ATP6V1B1,CAPZB,CDKN2A,HSF1,RB1	0.9772217265787203	1.0
Reactome	hypermethylated	SARS-CoV-2 Infection R-HSA-9694516	255	492	33010	1	RB1	0.9785963899510299	1.0
Reactome	hypermethylated	Cellular Responses To Stimuli R-HSA-8953897	703	492	33010	5	ATP6V1B1,CAPZB,CDKN2A,HSF1,RB1	0.9802245395606054	1.0
Reactome	hypermethylated	Cell Cycle, Mitotic R-HSA-69278	503	492	33010	3	CDKN2A,RB1,TUBB2B	0.9809687088014308	1.0
Reactome	hypermethylated	Infectious Disease R-HSA-5663205	898	492	33010	7	ANTXR2,CALCB,CPAMD8,HCK,NT5E,PRKAR1B,RB1	0.9812394098156749	1.0
Reactome	hypermethylated	Cell Cycle Checkpoints R-HSA-69620	264	492	33010	1	CDKN2A	0.9813222718913724	1.0
Reactome	hypermethylated	Innate Immune System R-HSA-168249	955	492	33010	7	ALOX5,ATP11A,ATP6V1B1,DEGS1,HCK,MMP9,PTPRN2	0.9890072639454096	1.0
Reactome	hypermethylated	Adaptive Immune System R-HSA-1280218	692	492	33010	4	CAPZB,ERAP1,HLA-DPA1,KLC1	0.992569259209804	1.0
Reactome	hypermethylated	SARS-CoV Infections R-HSA-9679506	336	492	33010	1	RB1	0.9937276608383812	1.0
Reactome	hypermethylated	Class I MHC Mediated Antigen Processing And Presentation R-HSA-983169	359	492	33010	1	ERAP1	0.9955759014532648	1.0
Reactome	hypermethylated	Cell Cycle R-HSA-1640170	630	492	33010	3	CDKN2A,RB1,TUBB2B	0.9958960314369826	1.0
Reactome	hypermethylated	Metabolism R-HSA-1430728	1943	492	33010	16	ALOX5,CACNA2D2,CIDEA,CPT2,CSGALNACT1,CYP26A1,DEGS1,DPYS,GLYATL1,KCNC2,NT5E,OSBPL5,PCDHGA5,PKLR,PRKAR1B,SPHK2	0.9974667864797462	1.0
Reactome	hypermethylated	Immune System R-HSA-168256	1810	492	33010	12	ALOX5,ATP11A,ATP6V1B1,CAPZB,DEGS1,ERAP1,GATA3,HCK,HLA-DPA1,KLC1,MMP9,PTPRN2	0.9996980768610153	1.0
Reactome	hypermethylated	2-LTR Circle Formation R-HSA-164843	8	492	33010	0		1.0	1.0
Reactome	hypermethylated	GAG Synthesis Requires Tetrasaccharide Linker Sequence R-HSA-1971475	23	492	33010	0		1.0	1.0
Reactome	hypermethylated	ABC Transporters In Lipid Homeostasis R-HSA-1369062	16	492	33010	0		1.0	1.0
Reactome	hypermethylated	ADP Signaling Thru P2Y Purinoceptor 1 R-HSA-418592	25	492	33010	0		1.0	1.0
Reactome	hypermethylated	ADP Signaling Thru P2Y Purinoceptor 12 R-HSA-392170	22	492	33010	0		1.0	1.0
Reactome	hypermethylated	AKT Phosphorylates Targets In Cytosol R-HSA-198323	14	492	33010	0		1.0	1.0
Reactome	hypermethylated	AKT Phosphorylates Targets In Nucleus R-HSA-198693	9	492	33010	0		1.0	1.0
Reactome	hypermethylated	ALK Mutants Bind TKIs R-HSA-9700645	12	492	33010	0		1.0	1.0
Reactome	hypermethylated	AMPK Inhibits chREBP Transcriptional Activity R-HSA-163680	8	492	33010	0		1.0	1.0
Reactome	hypermethylated	APC Truncation Mutants Have Impaired AXIN Binding R-HSA-5467337	13	492	33010	0		1.0	1.0
Reactome	hypermethylated	APC-Cdc20 Mediated Degradation Of Nek2A R-HSA-179409	26	492	33010	0		1.0	1.0
Reactome	hypermethylated	APC/C:Cdc20 Mediated Degradation Of Cyclin B R-HSA-174048	24	492	33010	0		1.0	1.0
Reactome	hypermethylated	APC/C:Cdc20 Mediated Degradation Of Securin R-HSA-174154	66	492	33010	0		1.0	1.0
Reactome	hypermethylated	APC/C:Cdc20 Mediated Degradation Of Mitotic Proteins R-HSA-176409	74	492	33010	0		1.0	1.0
Reactome	hypermethylated	APC:Cdc20 Mediated Degradation Of Cell Cycle Proteins Before Cycle Checkpoint Satisfied R-HSA-179419	72	492	33010	0		1.0	1.0
Reactome	hypermethylated	APEX1-Independent Resolution Of AP Sites Via Single Nucleotide Replacement Pathway R-HSA-5649702	7	492	33010	0		1.0	1.0
Reactome	hypermethylated	APOBEC3G Mediated Resistance To HIV-1 R-HSA-180689	6	492	33010	0		1.0	1.0
Reactome	hypermethylated	ATF4 Activates Genes In Response To Endoplasmic Reticulum Stress R-HSA-380994	26	492	33010	0		1.0	1.0
Reactome	hypermethylated	ATF6 (ATF6-alpha) Activates Chaperone Genes R-HSA-381183	9	492	33010	0		1.0	1.0
Reactome	hypermethylated	ATF6 (ATF6-alpha) Activates Chaperones R-HSA-381033	10	492	33010	0		1.0	1.0
Reactome	hypermethylated	AUF1 (hnRNP D0) Binds And Destabilizes mRNA R-HSA-450408	53	492	33010	0		1.0	1.0
Reactome	hypermethylated	AURKA Activation By TPX2 R-HSA-8854518	69	492	33010	0		1.0	1.0
Reactome	hypermethylated	Abacavir ADME R-HSA-2161522	10	492	33010	0		1.0	1.0
Reactome	hypermethylated	Abacavir Metabolism R-HSA-2161541	5	492	33010	0		1.0	1.0
Reactome	hypermethylated	Abacavir Transmembrane Transport R-HSA-2161517	5	492	33010	0		1.0	1.0
Reactome	hypermethylated	Abortive Elongation Of HIV-1 Transcript In Absence Of Tat R-HSA-167242	23	492	33010	0		1.0	1.0
Reactome	hypermethylated	Acetylcholine Binding And Downstream Events R-HSA-181431	13	492	33010	0		1.0	1.0
Reactome	hypermethylated	Acetylcholine Inhibits Contraction Of Outer Hair Cells R-HSA-9667769	5	492	33010	0		1.0	1.0
Reactome	hypermethylated	Acetylcholine Regulates Insulin Secretion R-HSA-399997	10	492	33010	0		1.0	1.0
Reactome	hypermethylated	Acrosome Reaction And Sperm:Oocyte Membrane Binding R-HSA-1300645	5	492	33010	0		1.0	1.0
Reactome	hypermethylated	Activated NTRK2 Signals Thru CDK5 R-HSA-9032845	5	492	33010	0		1.0	1.0
Reactome	hypermethylated	Activated NTRK2 Signals Thru FRS2 And FRS3 R-HSA-9028731	9	492	33010	0		1.0	1.0
Reactome	hypermethylated	Activated NTRK2 Signals Thru FYN R-HSA-9032500	6	492	33010	0		1.0	1.0
Reactome	hypermethylated	Activated NTRK2 Signals Thru PI3K R-HSA-9028335	6	492	33010	0		1.0	1.0
Reactome	hypermethylated	Activated NTRK2 Signals Thru RAS R-HSA-9026519	7	492	33010	0		1.0	1.0
Reactome	hypermethylated	Activated NTRK3 Signals Thru PI3K R-HSA-9603381	6	492	33010	0		1.0	1.0
Reactome	hypermethylated	Activated NTRK3 Signals Thru RAS R-HSA-9034864	7	492	33010	0		1.0	1.0
Reactome	hypermethylated	Activated PKN1 Stimulates Transcription Of Androgen Receptor Regulated KLK2 And KLK3 R-HSA-5625886	30	492	33010	0		1.0	1.0
Reactome	hypermethylated	Activation Of AMPK Downstream Of NMDARs R-HSA-9619483	10	492	33010	0		1.0	1.0
Reactome	hypermethylated	Activation Of APC/C And APC/C:Cdc20 Mediated Degradation Of Mitotic Proteins R-HSA-176814	75	492	33010	0		1.0	1.0
Reactome	hypermethylated	Activation Of ATR In Response To Replication Stress R-HSA-176187	36	492	33010	0		1.0	1.0
Reactome	hypermethylated	Activation Of BAD And Translocation To Mitochondria R-HSA-111447	15	492	33010	0		1.0	1.0
Reactome	hypermethylated	Activation Of BH3-only Proteins R-HSA-114452	30	492	33010	0		1.0	1.0
Reactome	hypermethylated	Activation Of C3 And C5 R-HSA-174577	5	492	33010	0		1.0	1.0
Reactome	hypermethylated	Activation Of Ca-permeable Kainate Receptor R-HSA-451308	9	492	33010	0		1.0	1.0
Reactome	hypermethylated	Activation Of G Protein Gated Potassium Channels R-HSA-1296041	29	492	33010	0		1.0	1.0
Reactome	hypermethylated	Activation Of GABAB Receptors R-HSA-991365	42	492	33010	0		1.0	1.0
Reactome	hypermethylated	Activation Of IRF3/IRF7 Mediated By TBK1/IKK Epsilon R-HSA-936964	17	492	33010	0		1.0	1.0
Reactome	hypermethylated	Activation Of NF-kappaB In B Cells R-HSA-1169091	64	492	33010	0		1.0	1.0
Reactome	hypermethylated	Activation Of NIMA Kinases NEK9, NEK6, NEK7 R-HSA-2980767	7	492	33010	0		1.0	1.0
Reactome	hypermethylated	Activation Of NOXA And Translocation To Mitochondria R-HSA-111448	5	492	33010	0		1.0	1.0
Reactome	hypermethylated	Activation Of PPARGC1A (PGC-1alpha) By Phosphorylation R-HSA-2151209	10	492	33010	0		1.0	1.0
Reactome	hypermethylated	Activation Of PUMA And Translocation To Mitochondria R-HSA-139915	9	492	33010	0		1.0	1.0
Reactome	hypermethylated	Activation Of RAC1 R-HSA-428540	12	492	33010	0		1.0	1.0
Reactome	hypermethylated	Activation Of RAC1 Downstream Of NMDARs R-HSA-9619229	7	492	33010	0		1.0	1.0
Reactome	hypermethylated	Activation Of SMO R-HSA-5635838	18	492	33010	0		1.0	1.0
Reactome	hypermethylated	Activation Of Caspases Thru Apoptosome-Mediated Cleavage R-HSA-111459	5	492	33010	0		1.0	1.0
Reactome	hypermethylated	Activation Of Gene Expression By SREBF (SREBP) R-HSA-2426168	41	492	33010	0		1.0	1.0
Reactome	hypermethylated	Activation Of Kainate Receptors Upon Glutamate Binding R-HSA-451326	29	492	33010	0		1.0	1.0
Reactome	hypermethylated	Activation Of AP-1 Family Of Transcription Factors R-HSA-450341	10	492	33010	0		1.0	1.0
Reactome	hypermethylated	Activation Of Phototransduction Cascade R-HSA-2485179	11	492	33010	0		1.0	1.0
Reactome	hypermethylated	Activation Of Pre-Replicative Complex R-HSA-68962	30	492	33010	0		1.0	1.0
Reactome	hypermethylated	Acyl Chain Remodeling Of CL R-HSA-1482798	5	492	33010	0		1.0	1.0
Reactome	hypermethylated	Acyl Chain Remodeling Of DAG And TAG R-HSA-1482883	5	492	33010	0		1.0	1.0
Reactome	hypermethylated	Acyl Chain Remodelling Of PC R-HSA-1482788	27	492	33010	0		1.0	1.0
Reactome	hypermethylated	Acyl Chain Remodelling Of PE R-HSA-1482839	29	492	33010	0		1.0	1.0
Reactome	hypermethylated	Acyl Chain Remodelling Of PG R-HSA-1482925	18	492	33010	0		1.0	1.0
Reactome	hypermethylated	Acyl Chain Remodelling Of PI R-HSA-1482922	17	492	33010	0		1.0	1.0
Reactome	hypermethylated	Adenylate Cyclase Activating Pathway R-HSA-170660	9	492	33010	0		1.0	1.0
Reactome	hypermethylated	Adenylate Cyclase Inhibitory Pathway R-HSA-170670	13	492	33010	0		1.0	1.0
Reactome	hypermethylated	Adrenoceptors R-HSA-390696	9	492	33010	0		1.0	1.0
Reactome	hypermethylated	Advanced Glycosylation Endproduct Receptor Signaling R-HSA-879415	13	492	33010	0		1.0	1.0
Reactome	hypermethylated	Aflatoxin Activation And Detoxification R-HSA-5423646	18	492	33010	0		1.0	1.0
Reactome	hypermethylated	Alpha-defensins R-HSA-1462054	6	492	33010	0		1.0	1.0
Reactome	hypermethylated	Alpha-oxidation Of Phytanate R-HSA-389599	6	492	33010	0		1.0	1.0
Reactome	hypermethylated	Alpha-protein Kinase 1 Signaling Pathway R-HSA-9645460	10	492	33010	0		1.0	1.0
Reactome	hypermethylated	Unattached Kinetochores Signal Amplification Via A MAD2 Inhibitory Signal R-HSA-141444	91	492	33010	0		1.0	1.0
Reactome	hypermethylated	Amyloid Fiber Formation R-HSA-977225	72	492	33010	0		1.0	1.0
Reactome	hypermethylated	Anchoring Fibril Formation R-HSA-2214320	7	492	33010	0		1.0	1.0
Reactome	hypermethylated	Anchoring Of Basal Body To Plasma Membrane R-HSA-5620912	94	492	33010	0		1.0	1.0
Reactome	hypermethylated	Androgen Biosynthesis R-HSA-193048	11	492	33010	0		1.0	1.0
Reactome	hypermethylated	Antigen Activates B Cell Receptor Leading To Second Messenger Generation R-HSA-983695	28	492	33010	0		1.0	1.0
Reactome	hypermethylated	Antigen processing-Cross Presentation R-HSA-1236975	97	492	33010	0		1.0	1.0
Reactome	hypermethylated	Antigen Processing: Ubiquitination And Proteasome Degradation R-HSA-983168	294	492	33010	0		1.0	1.0
Reactome	hypermethylated	Antimicrobial Peptides R-HSA-6803157	68	492	33010	0		1.0	1.0
Reactome	hypermethylated	Antiviral Mechanism By IFN-stimulated Genes R-HSA-1169410	81	492	33010	0		1.0	1.0
Reactome	hypermethylated	Apoptosis Induced DNA Fragmentation R-HSA-140342	13	492	33010	0		1.0	1.0
Reactome	hypermethylated	Apoptotic Cleavage Of Cell Adhesion Proteins R-HSA-351906	11	492	33010	0		1.0	1.0
Reactome	hypermethylated	Apoptotic Cleavage Of Cellular Proteins R-HSA-111465	35	492	33010	0		1.0	1.0
Reactome	hypermethylated	Apoptotic Execution Phase R-HSA-75153	49	492	33010	0		1.0	1.0
Reactome	hypermethylated	Arachidonate Production From DAG R-HSA-426048	5	492	33010	0		1.0	1.0
Reactome	hypermethylated	Aryl Hydrocarbon Receptor Signaling R-HSA-8937144	7	492	33010	0		1.0	1.0
Reactome	hypermethylated	Aspartate And Asparagine Metabolism R-HSA-8963693	11	492	33010	0		1.0	1.0
Reactome	hypermethylated	Assembly Of HIV Virion R-HSA-175474	17	492	33010	0		1.0	1.0
Reactome	hypermethylated	Assembly And Cell Surface Presentation Of NMDA Receptors R-HSA-9609736	24	492	33010	0		1.0	1.0
Reactome	hypermethylated	Assembly Of Active LPL And LIPC Lipase Complexes R-HSA-8963889	18	492	33010	0		1.0	1.0
Reactome	hypermethylated	Assembly Of ORC Complex At Origin Of Replication R-HSA-68616	33	492	33010	0		1.0	1.0
Reactome	hypermethylated	Assembly Of Pre-Replicative Complex R-HSA-68867	104	492	33010	0		1.0	1.0
Reactome	hypermethylated	Association Of TriC/CCT With Target Proteins During Biosynthesis R-HSA-390471	35	492	33010	0		1.0	1.0
Reactome	hypermethylated	Asymmetric Localization Of PCP Proteins R-HSA-4608870	61	492	33010	0		1.0	1.0
Reactome	hypermethylated	Atorvastatin ADME R-HSA-9754706	9	492	33010	0		1.0	1.0
Reactome	hypermethylated	Attachment And Entry R-HSA-9678110	4	492	33010	0		1.0	1.0
Reactome	hypermethylated	Attachment Of GPI Anchor To uPAR R-HSA-162791	7	492	33010	0		1.0	1.0
Reactome	hypermethylated	Autodegradation Of Cdh1 By Cdh1:APC/C R-HSA-174084	62	492	33010	0		1.0	1.0
Reactome	hypermethylated	Autodegradation Of E3 Ubiquitin Ligase COP1 R-HSA-349425	50	492	33010	0		1.0	1.0
Reactome	hypermethylated	Axonal Growth Inhibition (RHOA Activation) R-HSA-193634	7	492	33010	0		1.0	1.0
Reactome	hypermethylated	Azathioprine ADME R-HSA-9748787	17	492	33010	0		1.0	1.0
Reactome	hypermethylated	B-WICH Complex Positively Regulates rRNA Expression R-HSA-5250924	53	492	33010	0		1.0	1.0
Reactome	hypermethylated	BBSome-mediated Cargo-Targeting To Cilium R-HSA-5620922	23	492	33010	0		1.0	1.0
Reactome	hypermethylated	BH3-only Proteins Associate With And Inactivate Anti-Apoptotic BCL-2 Members R-HSA-111453	9	492	33010	0		1.0	1.0
Reactome	hypermethylated	BMAL1:CLOCK,NPAS2 Activates Circadian Gene Expression R-HSA-1368108	24	492	33010	0		1.0	1.0
Reactome	hypermethylated	Base Excision Repair R-HSA-73884	68	492	33010	0		1.0	1.0
Reactome	hypermethylated	Base-Excision Repair, AP Site Formation R-HSA-73929	40	492	33010	0		1.0	1.0
Reactome	hypermethylated	Basigin Interactions R-HSA-210991	24	492	33010	0		1.0	1.0
Reactome	hypermethylated	Beta Defensins R-HSA-1461957	21	492	33010	0		1.0	1.0
Reactome	hypermethylated	Beta Oxidation Of butanoyl-CoA To acetyl-CoA R-HSA-77352	5	492	33010	0		1.0	1.0
Reactome	hypermethylated	Beta Oxidation Of decanoyl-CoA To octanoyl-CoA-CoA R-HSA-77346	6	492	33010	0		1.0	1.0
Reactome	hypermethylated	Beta Oxidation Of hexanoyl-CoA To butanoyl-CoA R-HSA-77350	5	492	33010	0		1.0	1.0
Reactome	hypermethylated	Beta Oxidation Of lauroyl-CoA To decanoyl-CoA-CoA R-HSA-77310	5	492	33010	0		1.0	1.0
Reactome	hypermethylated	Beta Oxidation Of octanoyl-CoA To hexanoyl-CoA R-HSA-77348	5	492	33010	0		1.0	1.0
Reactome	hypermethylated	Beta-catenin Independent WNT Signaling R-HSA-3858494	141	492	33010	0		1.0	1.0
Reactome	hypermethylated	Beta-catenin Phosphorylation Cascade R-HSA-196299	16	492	33010	0		1.0	1.0
Reactome	hypermethylated	Beta-oxidation Of pristanoyl-CoA R-HSA-389887	9	492	33010	0		1.0	1.0
Reactome	hypermethylated	Beta-oxidation Of Very Long Chain Fatty Acids R-HSA-390247	10	492	33010	0		1.0	1.0
Reactome	hypermethylated	Bile Acid And Bile Salt Metabolism R-HSA-194068	45	492	33010	0		1.0	1.0
Reactome	hypermethylated	Binding And Uptake Of Ligands By Scavenger Receptors R-HSA-2173782	40	492	33010	0		1.0	1.0
Reactome	hypermethylated	Binding And Entry Of HIV Virion R-HSA-173107	5	492	33010	0		1.0	1.0
Reactome	hypermethylated	Binding Of TCF/LEF:CTNNB1 To Target Gene Promoters R-HSA-4411364	8	492	33010	0		1.0	1.0
Reactome	hypermethylated	Biosynthesis Of Maresin-Like SPMs R-HSA-9027307	5	492	33010	0		1.0	1.0
Reactome	hypermethylated	Biotin Transport And Metabolism R-HSA-196780	10	492	33010	0		1.0	1.0
Reactome	hypermethylated	Blood Group Systems Biosynthesis R-HSA-9033658	21	492	33010	0		1.0	1.0
Reactome	hypermethylated	Branched-chain Amino Acid Catabolism R-HSA-70895	20	492	33010	0		1.0	1.0
Reactome	hypermethylated	Budding And Maturation Of HIV Virion R-HSA-162588	28	492	33010	0		1.0	1.0
Reactome	hypermethylated	Butyrate Response Factor 1 Binds And Destabilizes mRNA R-HSA-450385	17	492	33010	0		1.0	1.0
Reactome	hypermethylated	Butyrophilin (BTN) Family Interactions R-HSA-8851680	12	492	33010	0		1.0	1.0
Reactome	hypermethylated	C-type Lectin Receptors (CLRs) R-HSA-5621481	135	492	33010	0		1.0	1.0
Reactome	hypermethylated	CASP8 Activity Is Inhibited R-HSA-5218900	11	492	33010	0		1.0	1.0
Reactome	hypermethylated	CD163 Mediating An Anti-Inflammatory Response R-HSA-9662834	9	492	33010	0		1.0	1.0
Reactome	hypermethylated	CD209 (DC-SIGN) Signaling R-HSA-5621575	20	492	33010	0		1.0	1.0
Reactome	hypermethylated	CD22 Mediated BCR Regulation R-HSA-5690714	5	492	33010	0		1.0	1.0
Reactome	hypermethylated	CD28 Co-Stimulation R-HSA-389356	34	492	33010	0		1.0	1.0
Reactome	hypermethylated	CD28 Dependent PI3K/Akt Signaling R-HSA-389357	23	492	33010	0		1.0	1.0
Reactome	hypermethylated	CD28 Dependent Vav1 Pathway R-HSA-389359	12	492	33010	0		1.0	1.0
Reactome	hypermethylated	CDC6 Association With ORC:origin Complex R-HSA-68689	8	492	33010	0		1.0	1.0
Reactome	hypermethylated	CDK-mediated Phosphorylation And Removal Of Cdc6 R-HSA-69017	71	492	33010	0		1.0	1.0
Reactome	hypermethylated	CHL1 Interactions R-HSA-447041	9	492	33010	0		1.0	1.0
Reactome	hypermethylated	CLEC7A (Dectin-1) Induces NFAT Activation R-HSA-5607763	11	492	33010	0		1.0	1.0
Reactome	hypermethylated	CLEC7A (Dectin-1) Signaling R-HSA-5607764	96	492	33010	0		1.0	1.0
Reactome	hypermethylated	CLEC7A/inflammasome Pathway R-HSA-5660668	6	492	33010	0		1.0	1.0
Reactome	hypermethylated	COPII-mediated Vesicle Transport R-HSA-204005	63	492	33010	0		1.0	1.0
Reactome	hypermethylated	CREB Phosphorylation R-HSA-199920	6	492	33010	0		1.0	1.0
Reactome	hypermethylated	CREB1 Phosphorylation Thru NMDA Receptor-Mediated Activation Of RAS Signaling R-HSA-442742	25	492	33010	0		1.0	1.0
Reactome	hypermethylated	CREB1 Phosphorylation Thru Activation Of CaMKII/CaMKK/CaMKIV Cascasde R-HSA-442729	8	492	33010	0		1.0	1.0
Reactome	hypermethylated	CREB3 Factors Activate Genes R-HSA-8874211	7	492	33010	0		1.0	1.0
Reactome	hypermethylated	CRMPs In Sema3A Signaling R-HSA-399956	15	492	33010	0		1.0	1.0
Reactome	hypermethylated	CS/DS Degradation R-HSA-2024101	12	492	33010	0		1.0	1.0
Reactome	hypermethylated	CTLA4 Inhibitory Signaling R-HSA-389513	21	492	33010	0		1.0	1.0
Reactome	hypermethylated	CTNNB1 S33 Mutants Not Phosphorylated R-HSA-5358747	14	492	33010	0		1.0	1.0
Reactome	hypermethylated	CYP2E1 Reactions R-HSA-211999	8	492	33010	0		1.0	1.0
Reactome	hypermethylated	Ca2+ Activated K+ Channels R-HSA-1296052	8	492	33010	0		1.0	1.0
Reactome	hypermethylated	Ca2+ Pathway R-HSA-4086398	61	492	33010	0		1.0	1.0
Reactome	hypermethylated	CaMK IV-mediated Phosphorylation Of CREB R-HSA-111932	10	492	33010	0		1.0	1.0
Reactome	hypermethylated	Calcineurin Activates NFAT R-HSA-2025928	9	492	33010	0		1.0	1.0
Reactome	hypermethylated	Cargo Concentration In ER R-HSA-5694530	30	492	33010	0		1.0	1.0
Reactome	hypermethylated	Cargo Trafficking To Periciliary Membrane R-HSA-5620920	49	492	33010	0		1.0	1.0
Reactome	hypermethylated	Caspase Activation Via Death Receptors In Presence Of Ligand R-HSA-140534	16	492	33010	0		1.0	1.0
Reactome	hypermethylated	Caspase Activation Via Dependence Receptors In Absence Of Ligand R-HSA-418889	9	492	33010	0		1.0	1.0
Reactome	hypermethylated	Caspase Activation Via Extrinsic Apoptotic Signaling Pathway R-HSA-5357769	25	492	33010	0		1.0	1.0
Reactome	hypermethylated	Caspase-mediated Cleavage Of Cytoskeletal Proteins R-HSA-264870	12	492	33010	0		1.0	1.0
Reactome	hypermethylated	Cdc20:Phospho-APC/C Mediated Degradation Of Cyclin A R-HSA-174184	71	492	33010	0		1.0	1.0
Reactome	hypermethylated	Cell-extracellular Matrix Interactions R-HSA-446353	14	492	33010	0		1.0	1.0
Reactome	hypermethylated	Cellular Hexose Transport R-HSA-189200	21	492	33010	0		1.0	1.0
Reactome	hypermethylated	Cellular Response To Hypoxia R-HSA-1234174	72	492	33010	0		1.0	1.0
Reactome	hypermethylated	Centrosome Maturation R-HSA-380287	78	492	33010	0		1.0	1.0
Reactome	hypermethylated	Chemokine Receptors Bind Chemokines R-HSA-380108	52	492	33010	0		1.0	1.0
Reactome	hypermethylated	Chk1/Chk2(Cds1) Mediated Inactivation Of Cyclin B:Cdk1 Complex R-HSA-75035	13	492	33010	0		1.0	1.0
Reactome	hypermethylated	Cholesterol Biosynthesis R-HSA-191273	25	492	33010	0		1.0	1.0
Reactome	hypermethylated	Choline Catabolism R-HSA-6798163	6	492	33010	0		1.0	1.0
Reactome	hypermethylated	Chromosome Maintenance R-HSA-73886	109	492	33010	0		1.0	1.0
Reactome	hypermethylated	Chylomicron Assembly R-HSA-8963888	9	492	33010	0		1.0	1.0
Reactome	hypermethylated	Chylomicron Clearance R-HSA-8964026	5	492	33010	0		1.0	1.0
Reactome	hypermethylated	Chylomicron Remodeling R-HSA-8963901	9	492	33010	0		1.0	1.0
Reactome	hypermethylated	Cilium Assembly R-HSA-5617833	178	492	33010	0		1.0	1.0
Reactome	hypermethylated	Circadian Clock R-HSA-400253	65	492	33010	0		1.0	1.0
Reactome	hypermethylated	Class I Peroxisomal Membrane Protein Import R-HSA-9603798	19	492	33010	0		1.0	1.0
Reactome	hypermethylated	Classical Antibody-Mediated Complement Activation R-HSA-173623	5	492	33010	0		1.0	1.0
Reactome	hypermethylated	Cleavage Of Damaged Purine R-HSA-110331	33	492	33010	0		1.0	1.0
Reactome	hypermethylated	Cleavage Of Damaged Pyrimidine R-HSA-110329	38	492	33010	0		1.0	1.0
Reactome	hypermethylated	Cobalamin (Cbl) Metabolism R-HSA-9759218	6	492	33010	0		1.0	1.0
Reactome	hypermethylated	Cobalamin (Cbl, Vitamin B12) Transport And Metabolism R-HSA-196741	21	492	33010	0		1.0	1.0
Reactome	hypermethylated	Coenzyme A Biosynthesis R-HSA-196783	8	492	33010	0		1.0	1.0
Reactome	hypermethylated	Cohesin Loading Onto Chromatin R-HSA-2470946	8	492	33010	0		1.0	1.0
Reactome	hypermethylated	Common Pathway Of Fibrin Clot Formation R-HSA-140875	20	492	33010	0		1.0	1.0
Reactome	hypermethylated	Competing Endogenous RNAs (ceRNAs) Regulate PTEN Translation R-HSA-8948700	10	492	33010	0		1.0	1.0
Reactome	hypermethylated	Complement Cascade R-HSA-166658	51	492	33010	0		1.0	1.0
Reactome	hypermethylated	Complex I Biogenesis R-HSA-6799198	49	492	33010	0		1.0	1.0
Reactome	hypermethylated	Condensation Of Prometaphase Chromosomes R-HSA-2514853	10	492	33010	0		1.0	1.0
Reactome	hypermethylated	Constitutive Signaling By AKT1 E17K In Cancer R-HSA-5674400	25	492	33010	0		1.0	1.0
Reactome	hypermethylated	Constitutive Signaling By EGFRvIII R-HSA-5637810	14	492	33010	0		1.0	1.0
Reactome	hypermethylated	Constitutive Signaling By Ligand-Responsive EGFR Cancer Variants R-HSA-1236382	18	492	33010	0		1.0	1.0
Reactome	hypermethylated	Constitutive Signaling By NOTCH1 HD Domain Mutants R-HSA-2691232	15	492	33010	0		1.0	1.0
Reactome	hypermethylated	Constitutive Signaling By NOTCH1 t(7;9)(NOTCH1:M1580 K2555) Translocation Mutant R-HSA-2660826	7	492	33010	0		1.0	1.0
Reactome	hypermethylated	Constitutive Signaling By Overexpressed ERBB2 R-HSA-9634285	10	492	33010	0		1.0	1.0
Reactome	hypermethylated	Conversion From APC/C:Cdc20 To APC/C:Cdh1 In Late Anaphase R-HSA-176407	20	492	33010	0		1.0	1.0
Reactome	hypermethylated	Cooperation Of PDCL (PhLP1) And TRiC/CCT In G-protein Beta Folding R-HSA-6814122	37	492	33010	0		1.0	1.0
Reactome	hypermethylated	Creatine Metabolism R-HSA-71288	8	492	33010	0		1.0	1.0
Reactome	hypermethylated	Creation Of C4 And C2 Activators R-HSA-166786	13	492	33010	0		1.0	1.0
Reactome	hypermethylated	Cristae Formation R-HSA-8949613	27	492	33010	0		1.0	1.0
Reactome	hypermethylated	Cross-presentation Of Particulate Exogenous Antigens (Phagosomes) R-HSA-1236973	6	492	33010	0		1.0	1.0
Reactome	hypermethylated	Cross-presentation Of Soluble Exogenous Antigens (Endosomes) R-HSA-1236978	45	492	33010	0		1.0	1.0
Reactome	hypermethylated	Crosslinking Of Collagen Fibrils R-HSA-2243919	10	492	33010	0		1.0	1.0
Reactome	hypermethylated	Cyclin A/B1/B2 Associated Events During G2/M Transition R-HSA-69273	24	492	33010	0		1.0	1.0
Reactome	hypermethylated	Cytochrome C-Mediated Apoptotic Response R-HSA-111461	12	492	33010	0		1.0	1.0
Reactome	hypermethylated	Cytoprotection By HMOX1 R-HSA-9707564	55	492	33010	0		1.0	1.0
Reactome	hypermethylated	Cytosolic Iron-Sulfur Cluster Assembly R-HSA-2564830	11	492	33010	0		1.0	1.0
Reactome	hypermethylated	Cytosolic Sensors Of Pathogen-Associated DNA R-HSA-1834949	62	492	33010	0		1.0	1.0
Reactome	hypermethylated	Cytosolic Sulfonation Of Small Molecules R-HSA-156584	20	492	33010	0		1.0	1.0
Reactome	hypermethylated	Cytosolic tRNA Aminoacylation R-HSA-379716	24	492	33010	0		1.0	1.0
Reactome	hypermethylated	DAP12 Interactions R-HSA-2172127	37	492	33010	0		1.0	1.0
Reactome	hypermethylated	DAP12 Signaling R-HSA-2424491	26	492	33010	0		1.0	1.0
Reactome	hypermethylated	DCC Mediated Attractive Signaling R-HSA-418885	14	492	33010	0		1.0	1.0
Reactome	hypermethylated	DDX58/IFIH1-mediated Induction Of Interferon-Alpha/Beta R-HSA-168928	67	492	33010	0		1.0	1.0
Reactome	hypermethylated	DEx/H-box Helicases Activate Type I IFN And Inflammatory Cytokines Production R-HSA-3134963	7	492	33010	0		1.0	1.0
Reactome	hypermethylated	DNA Damage Bypass R-HSA-73893	47	492	33010	0		1.0	1.0
Reactome	hypermethylated	DNA Damage Recognition In GG-NER R-HSA-5696394	34	492	33010	0		1.0	1.0
Reactome	hypermethylated	DNA Damage Reversal R-HSA-73942	8	492	33010	0		1.0	1.0
Reactome	hypermethylated	DNA Double Strand Break Response R-HSA-5693606	57	492	33010	0		1.0	1.0
Reactome	hypermethylated	DNA Double-Strand Break Repair R-HSA-5693532	144	492	33010	0		1.0	1.0
Reactome	hypermethylated	DNA Repair R-HSA-73894	299	492	33010	0		1.0	1.0
Reactome	hypermethylated	DNA Replication Pre-Initiation R-HSA-69002	119	492	33010	0		1.0	1.0
Reactome	hypermethylated	DNA Replication R-HSA-69306	147	492	33010	0		1.0	1.0
Reactome	hypermethylated	DNA Methylation R-HSA-5334118	29	492	33010	0		1.0	1.0
Reactome	hypermethylated	DNA Replication Initiation R-HSA-68952	7	492	33010	0		1.0	1.0
Reactome	hypermethylated	DNA Strand Elongation R-HSA-69190	30	492	33010	0		1.0	1.0
Reactome	hypermethylated	DSCAM Interactions R-HSA-376172	11	492	33010	0		1.0	1.0
Reactome	hypermethylated	Deactivation Of Beta-Catenin Transactivating Complex R-HSA-3769402	39	492	33010	0		1.0	1.0
Reactome	hypermethylated	Deadenylation Of mRNA R-HSA-429947	25	492	33010	0		1.0	1.0
Reactome	hypermethylated	Deadenylation-dependent mRNA Decay R-HSA-429914	53	492	33010	0		1.0	1.0
Reactome	hypermethylated	Dectin-1 Mediated Noncanonical NF-kB Signaling R-HSA-5607761	60	492	33010	0		1.0	1.0
Reactome	hypermethylated	Dectin-2 Family R-HSA-5621480	26	492	33010	0		1.0	1.0
Reactome	hypermethylated	Defective B3GALT6 Causes EDSP2 And SEMDJL1 R-HSA-4420332	17	492	33010	0		1.0	1.0
Reactome	hypermethylated	Defective B3GALTL Causes PpS R-HSA-5083635	36	492	33010	0		1.0	1.0
Reactome	hypermethylated	Defective B3GAT3 Causes JDSSDHD R-HSA-3560801	17	492	33010	0		1.0	1.0
Reactome	hypermethylated	Defective B4GALT1 Causes B4GALT1-CDG (CDG-2d) R-HSA-3656244	7	492	33010	0		1.0	1.0
Reactome	hypermethylated	Defective B4GALT7 Causes EDS, Progeroid Type R-HSA-3560783	17	492	33010	0		1.0	1.0
Reactome	hypermethylated	Defective C1GALT1C1 Causes TNPS R-HSA-5083632	17	492	33010	0		1.0	1.0
Reactome	hypermethylated	Defective CHST14 Causes EDS, Musculocontractural Type R-HSA-3595174	7	492	33010	0		1.0	1.0
Reactome	hypermethylated	Defective CHST3 Causes SEDCJD R-HSA-3595172	7	492	33010	0		1.0	1.0
Reactome	hypermethylated	Defective CHST6 Causes MCDC1 R-HSA-3656225	7	492	33010	0		1.0	1.0
Reactome	hypermethylated	Defective CHSY1 Causes TPBS R-HSA-3595177	7	492	33010	0		1.0	1.0
Reactome	hypermethylated	Defective CSF2RA Causes SMDP4 R-HSA-5688890	6	492	33010	0		1.0	1.0
Reactome	hypermethylated	Defective EXT1 Causes Exostoses 1, TRPS2 And CHDS R-HSA-3656253	11	492	33010	0		1.0	1.0
Reactome	hypermethylated	Defective F9 Activation R-HSA-9673221	4	492	33010	0		1.0	1.0
Reactome	hypermethylated	Defective GALNT12 Causes CRCS1 R-HSA-5083636	17	492	33010	0		1.0	1.0
Reactome	hypermethylated	Defective GALNT3 Causes HFTC R-HSA-5083625	17	492	33010	0		1.0	1.0
Reactome	hypermethylated	Defective HDR Thru Homologous Recombination (HRR) Due To BRCA1 Loss-Of-Function R-HSA-9701192	25	492	33010	0		1.0	1.0
Reactome	hypermethylated	Defective HLCS Causes Multiple Carboxylase Deficiency R-HSA-3371599	7	492	33010	0		1.0	1.0
Reactome	hypermethylated	Defective LFNG Causes SCDO3 R-HSA-5083630	5	492	33010	0		1.0	1.0
Reactome	hypermethylated	Defective RIPK1-mediated Regulated Necrosis R-HSA-9693928	5	492	33010	0		1.0	1.0
Reactome	hypermethylated	Defective ST3GAL3 Causes MCT12 And EIEE15 R-HSA-3656243	7	492	33010	0		1.0	1.0
Reactome	hypermethylated	Defective TPR May Confer Susceptibility Towards Thyroid Papillary Carcinoma (TPC) R-HSA-5619107	32	492	33010	0		1.0	1.0
Reactome	hypermethylated	Defective Factor IX Causes Hemophilia B R-HSA-9668250	6	492	33010	0		1.0	1.0
Reactome	hypermethylated	Defective Factor VIII Causes Hemophilia A R-HSA-9662001	5	492	33010	0		1.0	1.0
Reactome	hypermethylated	Defective Homologous Recombination Repair (HRR) Due To BRCA2 Loss Of Function R-HSA-9701190	41	492	33010	0		1.0	1.0
Reactome	hypermethylated	Defective Pyroptosis R-HSA-9710421	35	492	33010	0		1.0	1.0
Reactome	hypermethylated	Defects In Biotin (Btn) Metabolism R-HSA-3323169	8	492	33010	0		1.0	1.0
Reactome	hypermethylated	Defects In Cobalamin (B12) Metabolism R-HSA-3296469	13	492	33010	0		1.0	1.0
Reactome	hypermethylated	Defects In Vitamin And Cofactor Metabolism R-HSA-3296482	21	492	33010	0		1.0	1.0
Reactome	hypermethylated	Defects Of Contact Activation System (CAS) And Kallikrein/Kinin System (KKS) R-HSA-9651496	13	492	33010	0		1.0	1.0
Reactome	hypermethylated	Defensins R-HSA-1461973	27	492	33010	0		1.0	1.0
Reactome	hypermethylated	Degradation Of AXIN R-HSA-4641257	53	492	33010	0		1.0	1.0
Reactome	hypermethylated	Degradation Of DVL R-HSA-4641258	54	492	33010	0		1.0	1.0
Reactome	hypermethylated	Degradation Of GLI1 By Proteasome R-HSA-5610780	58	492	33010	0		1.0	1.0
Reactome	hypermethylated	Degradation Of GLI2 By Proteasome R-HSA-5610783	58	492	33010	0		1.0	1.0
Reactome	hypermethylated	Degradation Of Beta-Catenin By Destruction Complex R-HSA-195253	82	492	33010	0		1.0	1.0
Reactome	hypermethylated	Degradation Of Cysteine And Homocysteine R-HSA-1614558	13	492	33010	0		1.0	1.0
Reactome	hypermethylated	Depolymerisation Of Nuclear Lamina R-HSA-4419969	14	492	33010	0		1.0	1.0
Reactome	hypermethylated	Deposition Of New CENPA-containing Nucleosomes At Centromere R-HSA-606279	47	492	33010	0		1.0	1.0
Reactome	hypermethylated	Deregulated CDK5 Triggers Neurodegenerative Pathways In Alzheimers Disease Models R-HSA-8862803	21	492	33010	0		1.0	1.0
Reactome	hypermethylated	Dermatan Sulfate Biosynthesis R-HSA-2022923	10	492	33010	0		1.0	1.0
Reactome	hypermethylated	Detoxification Of Reactive Oxygen Species R-HSA-3299685	31	492	33010	0		1.0	1.0
Reactome	hypermethylated	Digestion R-HSA-8935690	17	492	33010	0		1.0	1.0
Reactome	hypermethylated	Digestion And Absorption R-HSA-8963743	22	492	33010	0		1.0	1.0
Reactome	hypermethylated	Digestion Of Dietary Carbohydrate R-HSA-189085	7	492	33010	0		1.0	1.0
Reactome	hypermethylated	Digestion Of Dietary Lipid R-HSA-192456	6	492	33010	0		1.0	1.0
Reactome	hypermethylated	Dimerization Of Procaspase-8 R-HSA-69416	11	492	33010	0		1.0	1.0
Reactome	hypermethylated	Disassembly Of Destruction Complex And Recruitment Of AXIN To Membrane R-HSA-4641262	28	492	33010	0		1.0	1.0
Reactome	hypermethylated	Diseases Associated With N-glycosylation Of Proteins R-HSA-3781860	19	492	33010	0		1.0	1.0
Reactome	hypermethylated	Diseases Associated With O-glycosylation Of Proteins R-HSA-3906995	66	492	33010	0		1.0	1.0
Reactome	hypermethylated	Diseases Associated With Glycosaminoglycan Metabolism R-HSA-3560782	36	492	33010	0		1.0	1.0
Reactome	hypermethylated	Diseases Associated With Glycosylation Precursor Biosynthesis R-HSA-5609975	15	492	33010	0		1.0	1.0
Reactome	hypermethylated	Diseases Associated With Surfactant Metabolism R-HSA-5687613	8	492	33010	0		1.0	1.0
Reactome	hypermethylated	Diseases Associated With TLR Signaling Cascade R-HSA-5602358	29	492	33010	0		1.0	1.0
Reactome	hypermethylated	Diseases Associated With Visual Transduction R-HSA-2474795	11	492	33010	0		1.0	1.0
Reactome	hypermethylated	Diseases Of Base Excision Repair R-HSA-9605308	5	492	33010	0		1.0	1.0
Reactome	hypermethylated	Diseases Of DNA Repair R-HSA-9675135	51	492	33010	0		1.0	1.0
Reactome	hypermethylated	Diseases Of Mismatch Repair (MMR) R-HSA-5423599	5	492	33010	0		1.0	1.0
Reactome	hypermethylated	Diseases Of Carbohydrate Metabolism R-HSA-5663084	30	492	33010	0		1.0	1.0
Reactome	hypermethylated	Diseases Of Glycosylation R-HSA-3781865	135	492	33010	0		1.0	1.0
Reactome	hypermethylated	Diseases Of Metabolism R-HSA-5668914	232	492	33010	0		1.0	1.0
Reactome	hypermethylated	Disinhibition Of SNARE Formation R-HSA-114516	5	492	33010	0		1.0	1.0
Reactome	hypermethylated	Disorders Of Developmental Biology R-HSA-9675151	10	492	33010	0		1.0	1.0
Reactome	hypermethylated	Displacement Of DNA Glycosylase By APEX1 R-HSA-110357	9	492	33010	0		1.0	1.0
Reactome	hypermethylated	Dissolution Of Fibrin Clot R-HSA-75205	12	492	33010	0		1.0	1.0
Reactome	hypermethylated	Dopamine Receptors R-HSA-390651	5	492	33010	0		1.0	1.0
Reactome	hypermethylated	Downregulation Of ERBB2 Signaling R-HSA-8863795	29	492	33010	0		1.0	1.0
Reactome	hypermethylated	Downregulation Of ERBB2:ERBB3 Signaling R-HSA-1358803	13	492	33010	0		1.0	1.0
Reactome	hypermethylated	Downregulation Of ERBB4 Signaling R-HSA-1253288	9	492	33010	0		1.0	1.0
Reactome	hypermethylated	Downregulation Of TGF-beta Receptor Signaling R-HSA-2173788	26	492	33010	0		1.0	1.0
Reactome	hypermethylated	Downstream Signal Transduction R-HSA-186763	28	492	33010	0		1.0	1.0
Reactome	hypermethylated	Downstream Signaling Events Of B Cell Receptor (BCR) R-HSA-1168372	77	492	33010	0		1.0	1.0
Reactome	hypermethylated	Downstream Signaling Of Activated FGFR4 R-HSA-5654716	24	492	33010	0		1.0	1.0
Reactome	hypermethylated	Drug-mediated Inhibition Of CDK4/CDK6 Activity R-HSA-9754119	5	492	33010	0		1.0	1.0
Reactome	hypermethylated	Dual Incision In GG-NER R-HSA-5696400	39	492	33010	0		1.0	1.0
Reactome	hypermethylated	Dual Incision In TC-NER R-HSA-6782135	63	492	33010	0		1.0	1.0
Reactome	hypermethylated	E2F-enabled Inhibition Of Pre-Replication Complex Formation R-HSA-113507	9	492	33010	0		1.0	1.0
Reactome	hypermethylated	E3 Ubiquitin Ligases Ubiquitinate Target Proteins R-HSA-8866654	54	492	33010	0		1.0	1.0
Reactome	hypermethylated	ECM Proteoglycans R-HSA-3000178	54	492	33010	0		1.0	1.0
Reactome	hypermethylated	EGFR Transactivation By Gastrin R-HSA-2179392	8	492	33010	0		1.0	1.0
Reactome	hypermethylated	EGFR Interacts With Phospholipase C-gamma R-HSA-212718	8	492	33010	0		1.0	1.0
Reactome	hypermethylated	EGR2 And SOX10-mediated Initiation Of Schwann Cell Myelination R-HSA-9619665	27	492	33010	0		1.0	1.0
Reactome	hypermethylated	EML4 And NUDC In Mitotic Spindle Formation R-HSA-9648025	95	492	33010	0		1.0	1.0
Reactome	hypermethylated	EPHA-mediated Growth Cone Collapse R-HSA-3928663	15	492	33010	0		1.0	1.0
Reactome	hypermethylated	EPHB-mediated Forward Signaling R-HSA-3928662	33	492	33010	0		1.0	1.0
Reactome	hypermethylated	ER-Phagosome Pathway R-HSA-1236974	86	492	33010	0		1.0	1.0
Reactome	hypermethylated	ERBB2 Activates PTK6 Signaling R-HSA-8847993	13	492	33010	0		1.0	1.0
Reactome	hypermethylated	ERBB2 Regulates Cell Motility R-HSA-6785631	15	492	33010	0		1.0	1.0
Reactome	hypermethylated	ERCC6 (CSB) And EHMT2 (G9a) Positively Regulate rRNA Expression R-HSA-427389	39	492	33010	0		1.0	1.0
Reactome	hypermethylated	ERK/MAPK Targets R-HSA-198753	21	492	33010	0		1.0	1.0
Reactome	hypermethylated	ERKs Are Inactivated R-HSA-202670	13	492	33010	0		1.0	1.0
Reactome	hypermethylated	Early Phase Of HIV Life Cycle R-HSA-162594	15	492	33010	0		1.0	1.0
Reactome	hypermethylated	Effects Of PIP2 Hydrolysis R-HSA-114508	26	492	33010	0		1.0	1.0
Reactome	hypermethylated	Eicosanoid Ligand-Binding Receptors R-HSA-391903	14	492	33010	0		1.0	1.0
Reactome	hypermethylated	Eicosanoids R-HSA-211979	11	492	33010	0		1.0	1.0
Reactome	hypermethylated	Elastic Fibre Formation R-HSA-1566948	39	492	33010	0		1.0	1.0
Reactome	hypermethylated	Elevation Of Cytosolic Ca2+ Levels R-HSA-139853	15	492	33010	0		1.0	1.0
Reactome	hypermethylated	Endogenous Sterols R-HSA-211976	26	492	33010	0		1.0	1.0
Reactome	hypermethylated	Endosomal Sorting Complex Required For Transport (ESCRT) R-HSA-917729	30	492	33010	0		1.0	1.0
Reactome	hypermethylated	Endosomal/Vacuolar Pathway R-HSA-1236977	11	492	33010	0		1.0	1.0
Reactome	hypermethylated	Energy Dependent Regulation Of mTOR By LKB1-AMPK R-HSA-380972	28	492	33010	0		1.0	1.0
Reactome	hypermethylated	Entry Of Influenza Virion Into Host Cell Via Endocytosis R-HSA-168275	5	492	33010	0		1.0	1.0
Reactome	hypermethylated	Ephrin Signaling R-HSA-3928664	17	492	33010	0		1.0	1.0
Reactome	hypermethylated	Erythrocytes Take Up Carbon Dioxide And Release Oxygen R-HSA-1237044	11	492	33010	0		1.0	1.0
Reactome	hypermethylated	Erythrocytes Take Up Oxygen And Release Carbon Dioxide R-HSA-1247673	7	492	33010	0		1.0	1.0
Reactome	hypermethylated	Erythropoietin Activates Phosphoinositide-3-kinase (PI3K) R-HSA-9027276	12	492	33010	0		1.0	1.0
Reactome	hypermethylated	Erythropoietin Activates Phospholipase C Gamma (PLCG) R-HSA-9027277	7	492	33010	0		1.0	1.0
Reactome	hypermethylated	Erythropoietin Activates RAS R-HSA-9027284	13	492	33010	0		1.0	1.0
Reactome	hypermethylated	Erythropoietin Activates STAT5 R-HSA-9027283	7	492	33010	0		1.0	1.0
Reactome	hypermethylated	Establishment Of Sister Chromatid Cohesion R-HSA-2468052	9	492	33010	0		1.0	1.0
Reactome	hypermethylated	Estrogen Biosynthesis R-HSA-193144	6	492	33010	0		1.0	1.0
Reactome	hypermethylated	Estrogen-dependent Nuclear Events Downstream Of ESR-membrane Signaling R-HSA-9634638	23	492	33010	0		1.0	1.0
Reactome	hypermethylated	Estrogen-stimulated Signaling Thru PRKCZ R-HSA-9634635	5	492	33010	0		1.0	1.0
Reactome	hypermethylated	Ethanol Oxidation R-HSA-71384	11	492	33010	0		1.0	1.0
Reactome	hypermethylated	Eukaryotic Translation Elongation R-HSA-156842	85	492	33010	0		1.0	1.0
Reactome	hypermethylated	Eukaryotic Translation Termination R-HSA-72764	84	492	33010	0		1.0	1.0
Reactome	hypermethylated	Export Of Viral Ribonucleoproteins From Nucleus R-HSA-168274	36	492	33010	0		1.0	1.0
Reactome	hypermethylated	Expression And Translocation Of Olfactory Receptors R-HSA-9752946	280	492	33010	0		1.0	1.0
Reactome	hypermethylated	Extension Of Telomeres R-HSA-180786	48	492	33010	0		1.0	1.0
Reactome	hypermethylated	Extrinsic Pathway Of Fibrin Clot Formation R-HSA-140834	4	492	33010	0		1.0	1.0
Reactome	hypermethylated	FBXL7 Down-Regulates AURKA During Mitotic Entry And In Early Mitosis R-HSA-8854050	53	492	33010	0		1.0	1.0
Reactome	hypermethylated	FBXW7 Mutants And NOTCH1 In Cancer R-HSA-2644605	5	492	33010	0		1.0	1.0
Reactome	hypermethylated	FCERI Mediated Ca+2 Mobilization R-HSA-2871809	27	492	33010	0		1.0	1.0
Reactome	hypermethylated	FCERI Mediated MAPK Activation R-HSA-2871796	28	492	33010	0		1.0	1.0
Reactome	hypermethylated	FCERI Mediated NF-kB Activation R-HSA-2871837	74	492	33010	0		1.0	1.0
Reactome	hypermethylated	FGFR1b Ligand Binding And Activation R-HSA-190370	5	492	33010	0		1.0	1.0
Reactome	hypermethylated	FGFR2 Alternative Splicing R-HSA-6803529	26	492	33010	0		1.0	1.0
Reactome	hypermethylated	FGFR2b Ligand Binding And Activation R-HSA-190377	9	492	33010	0		1.0	1.0
Reactome	hypermethylated	FGFR3b Ligand Binding And Activation R-HSA-190371	7	492	33010	0		1.0	1.0
Reactome	hypermethylated	FGFR4 Ligand Binding And Activation R-HSA-190322	12	492	33010	0		1.0	1.0
Reactome	hypermethylated	FLT3 Signaling By CBL Mutants R-HSA-9706377	7	492	33010	0		1.0	1.0
Reactome	hypermethylated	FLT3 Signaling In Disease R-HSA-9682385	27	492	33010	0		1.0	1.0
Reactome	hypermethylated	FOXO-mediated Transcription Of Cell Cycle Genes R-HSA-9617828	16	492	33010	0		1.0	1.0
Reactome	hypermethylated	FOXO-mediated Transcription Of Cell Death Genes R-HSA-9614657	15	492	33010	0		1.0	1.0
Reactome	hypermethylated	FRS-mediated FGFR4 Signaling R-HSA-5654712	19	492	33010	0		1.0	1.0
Reactome	hypermethylated	Fanconi Anemia Pathway R-HSA-6783310	36	492	33010	0		1.0	1.0
Reactome	hypermethylated	FasL/ CD95L Signaling R-HSA-75157	5	492	33010	0		1.0	1.0
Reactome	hypermethylated	Fatty Acids Bound To GPR40 (FFAR1) Regulate Insulin Secretion R-HSA-434316	8	492	33010	0		1.0	1.0
Reactome	hypermethylated	Fatty Acids R-HSA-211935	12	492	33010	0		1.0	1.0
Reactome	hypermethylated	Fatty acyl-CoA Biosynthesis R-HSA-75105	36	492	33010	0		1.0	1.0
Reactome	hypermethylated	Fc Epsilon Receptor (FCERI) Signaling R-HSA-2454202	125	492	33010	0		1.0	1.0
Reactome	hypermethylated	Fertilization R-HSA-1187000	24	492	33010	0		1.0	1.0
Reactome	hypermethylated	Fibronectin Matrix Formation R-HSA-1566977	6	492	33010	0		1.0	1.0
Reactome	hypermethylated	Ficolins Bind To Repetitive Carbohydrate Structures On Target Cell Surface R-HSA-2855086	5	492	33010	0		1.0	1.0
Reactome	hypermethylated	Folding Of Actin By CCT/TriC R-HSA-390450	9	492	33010	0		1.0	1.0
Reactome	hypermethylated	Formation Of ATP By Chemiosmotic Coupling R-HSA-163210	16	492	33010	0		1.0	1.0
Reactome	hypermethylated	Formation Of Fibrin Clot (Clotting Cascade) R-HSA-140877	34	492	33010	0		1.0	1.0
Reactome	hypermethylated	Formation Of HIV Elongation Complex In Absence Of HIV Tat R-HSA-167152	44	492	33010	0		1.0	1.0
Reactome	hypermethylated	Formation Of HIV-1 Elongation Complex Containing HIV-1 Tat R-HSA-167200	42	492	33010	0		1.0	1.0
Reactome	hypermethylated	Formation Of Incision Complex In GG-NER R-HSA-5696395	39	492	33010	0		1.0	1.0
Reactome	hypermethylated	Formation Of TC-NER Pre-Incision Complex R-HSA-6781823	50	492	33010	0		1.0	1.0
Reactome	hypermethylated	Formation Of Annular Gap Junctions R-HSA-196025	9	492	33010	0		1.0	1.0
Reactome	hypermethylated	Formation Of Apoptosome R-HSA-111458	10	492	33010	0		1.0	1.0
Reactome	hypermethylated	Formation Of Early Elongation Complex R-HSA-113418	32	492	33010	0		1.0	1.0
Reactome	hypermethylated	Formation Of Editosome R-HSA-75094	6	492	33010	0		1.0	1.0
Reactome	hypermethylated	Formation Of beta-catenin:TCF Transactivating Complex R-HSA-201722	55	492	33010	0		1.0	1.0
Reactome	hypermethylated	Formation Of Cornified Envelope R-HSA-6809371	70	492	33010	0		1.0	1.0
Reactome	hypermethylated	Formation Of Xylulose-5-Phosphate R-HSA-5661270	5	492	33010	0		1.0	1.0
Reactome	hypermethylated	Formyl Peptide Receptors Bind Formyl Peptides And Many Other Ligands R-HSA-444473	8	492	33010	0		1.0	1.0
Reactome	hypermethylated	Free Fatty Acid Receptors R-HSA-444209	5	492	33010	0		1.0	1.0
Reactome	hypermethylated	Free Fatty Acids Regulate Insulin Secretion R-HSA-400451	10	492	33010	0		1.0	1.0
Reactome	hypermethylated	Fructose Catabolism R-HSA-70350	5	492	33010	0		1.0	1.0
Reactome	hypermethylated	Fructose Metabolism R-HSA-5652084	7	492	33010	0		1.0	1.0
Reactome	hypermethylated	G Alpha (Z) Signaling Events R-HSA-418597	47	492	33010	0		1.0	1.0
Reactome	hypermethylated	G Beta:Gamma Signaling Thru BTK R-HSA-8964315	17	492	33010	0		1.0	1.0
Reactome	hypermethylated	G Beta:Gamma Signaling Thru CDC42 R-HSA-8964616	19	492	33010	0		1.0	1.0
Reactome	hypermethylated	G Beta:Gamma Signaling Thru PI3Kgamma R-HSA-392451	25	492	33010	0		1.0	1.0
Reactome	hypermethylated	G Beta:Gamma Signaling Thru PLC Beta R-HSA-418217	20	492	33010	0		1.0	1.0
Reactome	hypermethylated	G-protein Activation R-HSA-202040	24	492	33010	0		1.0	1.0
Reactome	hypermethylated	G-protein Beta:Gamma Signaling R-HSA-397795	30	492	33010	0		1.0	1.0
Reactome	hypermethylated	G0 And Early G1 R-HSA-1538133	27	492	33010	0		1.0	1.0
Reactome	hypermethylated	G1/S-Specific Transcription R-HSA-69205	28	492	33010	0		1.0	1.0
Reactome	hypermethylated	G2 Phase R-HSA-68911	5	492	33010	0		1.0	1.0
Reactome	hypermethylated	G2/M Checkpoints R-HSA-69481	143	492	33010	0		1.0	1.0
Reactome	hypermethylated	G2/M DNA Damage Checkpoint R-HSA-69473	73	492	33010	0		1.0	1.0
Reactome	hypermethylated	G2/M DNA Replication Checkpoint R-HSA-69478	5	492	33010	0		1.0	1.0
Reactome	hypermethylated	G2/M Transition R-HSA-69275	177	492	33010	0		1.0	1.0
Reactome	hypermethylated	GAB1 Signalosome R-HSA-180292	16	492	33010	0		1.0	1.0
Reactome	hypermethylated	GABA Synthesis, Release, Reuptake And Degradation R-HSA-888590	19	492	33010	0		1.0	1.0
Reactome	hypermethylated	GDP-fucose Biosynthesis R-HSA-6787639	6	492	33010	0		1.0	1.0
Reactome	hypermethylated	GLI Proteins Bind Promoters Of Hh Responsive Genes To Promote Transcription R-HSA-5635851	7	492	33010	0		1.0	1.0
Reactome	hypermethylated	GLI3 Is Processed To GLI3R By Proteasome R-HSA-5610785	58	492	33010	0		1.0	1.0
Reactome	hypermethylated	GP1b-IX-V Activation Signaling R-HSA-430116	8	492	33010	0		1.0	1.0
Reactome	hypermethylated	GPVI-mediated Activation Cascade R-HSA-114604	32	492	33010	0		1.0	1.0
Reactome	hypermethylated	GRB2 Events In EGFR Signaling R-HSA-179812	11	492	33010	0		1.0	1.0
Reactome	hypermethylated	GRB2 Events In ERBB2 Signaling R-HSA-1963640	15	492	33010	0		1.0	1.0
Reactome	hypermethylated	GRB2:SOS Provides Linkage To MAPK Signaling For Integrins R-HSA-354194	15	492	33010	0		1.0	1.0
Reactome	hypermethylated	GRB7 Events In ERBB2 Signaling R-HSA-1306955	5	492	33010	0		1.0	1.0
Reactome	hypermethylated	GSK3B And BTRC:CUL1-mediated-degradation Of NFE2L2 R-HSA-9762114	50	492	33010	0		1.0	1.0
Reactome	hypermethylated	Gain-of-function MRAS Complexes Activate RAF Signaling R-HSA-9726842	7	492	33010	0		1.0	1.0
Reactome	hypermethylated	Gamma Carboxylation, Hypusine Formation And Arylsulfatase Activation R-HSA-163841	33	492	33010	0		1.0	1.0
Reactome	hypermethylated	Gamma-carboxylation Of Protein Precursors R-HSA-159740	8	492	33010	0		1.0	1.0
Reactome	hypermethylated	Gamma-carboxylation, Transport, And Amino-Terminal Cleavage Of Proteins R-HSA-159854	9	492	33010	0		1.0	1.0
Reactome	hypermethylated	Gap Junction Degradation R-HSA-190873	10	492	33010	0		1.0	1.0
Reactome	hypermethylated	Gap-filling DNA Repair Synthesis And Ligation In GG-NER R-HSA-5696397	25	492	33010	0		1.0	1.0
Reactome	hypermethylated	Gap-filling DNA Repair Synthesis And Ligation In TC-NER R-HSA-6782210	62	492	33010	0		1.0	1.0
Reactome	hypermethylated	Gastrin-CREB Signaling Pathway Via PKC And MAPK R-HSA-881907	16	492	33010	0		1.0	1.0
Reactome	hypermethylated	Gene Silencing By RNA R-HSA-211000	103	492	33010	0		1.0	1.0
Reactome	hypermethylated	Gene And Protein Expression By JAK-STAT Signaling After Interleukin-12 Stimulation R-HSA-8950505	32	492	33010	0		1.0	1.0
Reactome	hypermethylated	Global Genome Nucleotide Excision Repair (GG-NER) R-HSA-5696399	78	492	33010	0		1.0	1.0
Reactome	hypermethylated	Glucocorticoid Biosynthesis R-HSA-194002	9	492	33010	0		1.0	1.0
Reactome	hypermethylated	Gluconeogenesis R-HSA-70263	28	492	33010	0		1.0	1.0
Reactome	hypermethylated	Glucuronidation R-HSA-156588	20	492	33010	0		1.0	1.0
Reactome	hypermethylated	Glutamate And Glutamine Metabolism R-HSA-8964539	12	492	33010	0		1.0	1.0
Reactome	hypermethylated	Glutathione Conjugation R-HSA-156590	29	492	33010	0		1.0	1.0
Reactome	hypermethylated	Glutathione Synthesis And Recycling R-HSA-174403	12	492	33010	0		1.0	1.0
Reactome	hypermethylated	Glycerophospholipid Catabolism R-HSA-6814848	7	492	33010	0		1.0	1.0
Reactome	hypermethylated	Glycogen Breakdown (Glycogenolysis) R-HSA-70221	11	492	33010	0		1.0	1.0
Reactome	hypermethylated	Glycogen Metabolism R-HSA-8982491	21	492	33010	0		1.0	1.0
Reactome	hypermethylated	Glycogen Storage Diseases R-HSA-3229121	13	492	33010	0		1.0	1.0
Reactome	hypermethylated	Glycogen Synthesis R-HSA-3322077	12	492	33010	0		1.0	1.0
Reactome	hypermethylated	Glycoprotein Hormones R-HSA-209822	9	492	33010	0		1.0	1.0
Reactome	hypermethylated	Glycosphingolipid Metabolism R-HSA-1660662	39	492	33010	0		1.0	1.0
Reactome	hypermethylated	Glyoxylate Metabolism And Glycine Degradation R-HSA-389661	30	492	33010	0		1.0	1.0
Reactome	hypermethylated	Golgi Associated Vesicle Biogenesis R-HSA-432722	50	492	33010	0		1.0	1.0
Reactome	hypermethylated	Golgi Cisternae Pericentriolar Stack Reorganization R-HSA-162658	14	492	33010	0		1.0	1.0
Reactome	hypermethylated	Growth Hormone Receptor Signaling R-HSA-982772	22	492	33010	0		1.0	1.0
Reactome	hypermethylated	HCMV Early Events R-HSA-9609690	89	492	33010	0		1.0	1.0
Reactome	hypermethylated	HCMV Infection R-HSA-9609646	114	492	33010	0		1.0	1.0
Reactome	hypermethylated	HCMV Late Events R-HSA-9610379	86	492	33010	0		1.0	1.0
Reactome	hypermethylated	HDACs Deacetylate Histones R-HSA-3214815	52	492	33010	0		1.0	1.0
Reactome	hypermethylated	HDL Assembly R-HSA-8963896	7	492	33010	0		1.0	1.0
Reactome	hypermethylated	HDL Clearance R-HSA-8964011	5	492	33010	0		1.0	1.0
Reactome	hypermethylated	HDL Remodeling R-HSA-8964058	10	492	33010	0		1.0	1.0
Reactome	hypermethylated	HDMs Demethylate Histones R-HSA-3214842	19	492	33010	0		1.0	1.0
Reactome	hypermethylated	HDR Thru Homologous Recombination (HRR) R-HSA-5685942	66	492	33010	0		1.0	1.0
Reactome	hypermethylated	HDR Thru Homologous Recombination (HRR) Or Single Strand Annealing (SSA) R-HSA-5693567	109	492	33010	0		1.0	1.0
Reactome	hypermethylated	HDR Thru MMEJ (alt-NHEJ) R-HSA-5685939	12	492	33010	0		1.0	1.0
Reactome	hypermethylated	HDR Thru Single Strand Annealing (SSA) R-HSA-5685938	37	492	33010	0		1.0	1.0
Reactome	hypermethylated	HIV Life Cycle R-HSA-162587	144	492	33010	0		1.0	1.0
Reactome	hypermethylated	HIV Transcription Initiation R-HSA-167161	42	492	33010	0		1.0	1.0
Reactome	hypermethylated	HIV Elongation Arrest And Recovery R-HSA-167287	33	492	33010	0		1.0	1.0
Reactome	hypermethylated	HS-GAG Biosynthesis R-HSA-2022928	27	492	33010	0		1.0	1.0
Reactome	hypermethylated	HS-GAG Degradation R-HSA-2024096	18	492	33010	0		1.0	1.0
Reactome	hypermethylated	Heme Biosynthesis R-HSA-189451	13	492	33010	0		1.0	1.0
Reactome	hypermethylated	Heme Degradation R-HSA-189483	15	492	33010	0		1.0	1.0
Reactome	hypermethylated	Heme Signaling R-HSA-9707616	43	492	33010	0		1.0	1.0
Reactome	hypermethylated	Heparan Sulfate/Heparin (HS-GAG) Metabolism R-HSA-1638091	48	492	33010	0		1.0	1.0
Reactome	hypermethylated	Highly Calcium Permeable Nicotinic Acetylcholine Receptors R-HSA-629597	9	492	33010	0		1.0	1.0
Reactome	hypermethylated	Highly Calcium Permeable Postsynaptic Nicotinic Acetylcholine Receptors R-HSA-629594	10	492	33010	0		1.0	1.0
Reactome	hypermethylated	Highly Sodium Permeable Postsynaptic Acetylcholine Nicotinic Receptors R-HSA-629587	7	492	33010	0		1.0	1.0
Reactome	hypermethylated	Histidine Catabolism R-HSA-70921	8	492	33010	0		1.0	1.0
Reactome	hypermethylated	Homologous DNA Pairing And Strand Exchange R-HSA-5693579	43	492	33010	0		1.0	1.0
Reactome	hypermethylated	Homology Directed Repair R-HSA-5693538	114	492	33010	0		1.0	1.0
Reactome	hypermethylated	Hormone Ligand-Binding Receptors R-HSA-375281	11	492	33010	0		1.0	1.0
Reactome	hypermethylated	HuR (ELAVL1) Binds And Stabilizes mRNA R-HSA-450520	10	492	33010	0		1.0	1.0
Reactome	hypermethylated	Hyaluronan Metabolism R-HSA-2142845	16	492	33010	0		1.0	1.0
Reactome	hypermethylated	Hyaluronan Uptake And Degradation R-HSA-2160916	12	492	33010	0		1.0	1.0
Reactome	hypermethylated	Hydrolysis Of LPC R-HSA-1483115	9	492	33010	0		1.0	1.0
Reactome	hypermethylated	IKK Complex Recruitment Mediated By RIP1 R-HSA-937041	22	492	33010	0		1.0	1.0
Reactome	hypermethylated	IL-6-type Cytokine Receptor Ligand Interactions R-HSA-6788467	17	492	33010	0		1.0	1.0
Reactome	hypermethylated	IRAK1 Recruits IKK Complex R-HSA-937039	8	492	33010	0		1.0	1.0
Reactome	hypermethylated	IRAK2 Mediated Activation Of TAK1 Complex R-HSA-937042	9	492	33010	0		1.0	1.0
Reactome	hypermethylated	IRAK2 Mediated Activation Of TAK1 Complex Upon TLR7/8 Or 9 Stimulation R-HSA-975163	14	492	33010	0		1.0	1.0
Reactome	hypermethylated	IRAK4 Deficiency (TLR2/4) R-HSA-5603041	17	492	33010	0		1.0	1.0
Reactome	hypermethylated	IRE1alpha Activates Chaperones R-HSA-381070	47	492	33010	0		1.0	1.0
Reactome	hypermethylated	IRF3 Mediated Activation Of Type 1 IFN R-HSA-1606341	5	492	33010	0		1.0	1.0
Reactome	hypermethylated	IRF3-mediated Induction Of Type I IFN R-HSA-3270619	13	492	33010	0		1.0	1.0
Reactome	hypermethylated	IRS Activation R-HSA-74713	5	492	33010	0		1.0	1.0
Reactome	hypermethylated	ISG15 Antiviral Mechanism R-HSA-1169408	74	492	33010	0		1.0	1.0
Reactome	hypermethylated	IkBA Variant Leads To EDA-ID R-HSA-5603029	6	492	33010	0		1.0	1.0
Reactome	hypermethylated	Immunoregulatory Interactions Between A Lymphoid And A non-Lymphoid Cell R-HSA-198933	110	492	33010	0		1.0	1.0
Reactome	hypermethylated	Impaired BRCA2 Binding To PALB2 R-HSA-9709603	24	492	33010	0		1.0	1.0
Reactome	hypermethylated	Impaired BRCA2 Binding To RAD51 R-HSA-9709570	35	492	33010	0		1.0	1.0
Reactome	hypermethylated	Inactivation Of APC/C Via Direct Inhibition Of APC/C Complex R-HSA-141430	21	492	33010	0		1.0	1.0
Reactome	hypermethylated	Inactivation Of CDC42 And RAC1 R-HSA-428543	7	492	33010	0		1.0	1.0
Reactome	hypermethylated	Inactivation, Recovery And Regulation Of Phototransduction Cascade R-HSA-2514859	29	492	33010	0		1.0	1.0
Reactome	hypermethylated	Infection With Mycobacterium Tuberculosis R-HSA-9635486	24	492	33010	0		1.0	1.0
Reactome	hypermethylated	Inflammasomes R-HSA-622312	21	492	33010	0		1.0	1.0
Reactome	hypermethylated	Influenza Infection R-HSA-168255	150	492	33010	0		1.0	1.0
Reactome	hypermethylated	Influenza Viral RNA Transcription And Replication R-HSA-168273	131	492	33010	0		1.0	1.0
Reactome	hypermethylated	Inhibition Of DNA Recombination At Telomere R-HSA-9670095	43	492	33010	0		1.0	1.0
Reactome	hypermethylated	Inhibition Of Signaling By Overexpressed EGFR R-HSA-5638303	7	492	33010	0		1.0	1.0
Reactome	hypermethylated	Initial Triggering Of Complement R-HSA-166663	19	492	33010	0		1.0	1.0
Reactome	hypermethylated	Initiation Of Nuclear Envelope (NE) Reformation R-HSA-2995383	18	492	33010	0		1.0	1.0
Reactome	hypermethylated	InlA-mediated Entry Of Listeria Monocytogenes Into Host Cells R-HSA-8876493	8	492	33010	0		1.0	1.0
Reactome	hypermethylated	InlB-mediated Entry Of Listeria Monocytogenes Into Host Cell R-HSA-8875360	14	492	33010	0		1.0	1.0
Reactome	hypermethylated	Inositol Phosphate Metabolism R-HSA-1483249	45	492	33010	0		1.0	1.0
Reactome	hypermethylated	Insertion Of Tail-Anchored Proteins Into Endoplasmic Reticulum Membrane R-HSA-9609523	20	492	33010	0		1.0	1.0
Reactome	hypermethylated	Insulin Processing R-HSA-264876	26	492	33010	0		1.0	1.0
Reactome	hypermethylated	Insulin-like Growth Factor-2 mRNA Binding Proteins (IGF2BPs/IMPs/VICKZs) Bind RNA R-HSA-428359	6	492	33010	0		1.0	1.0
Reactome	hypermethylated	Integration Of Provirus R-HSA-162592	10	492	33010	0		1.0	1.0
Reactome	hypermethylated	Integrin Cell Surface Interactions R-HSA-216083	66	492	33010	0		1.0	1.0
Reactome	hypermethylated	Integrin Signaling R-HSA-354192	27	492	33010	0		1.0	1.0
Reactome	hypermethylated	Interaction With Cumulus Cells And Zona Pellucida R-HSA-2534343	10	492	33010	0		1.0	1.0
Reactome	hypermethylated	Interaction Between L1 And Ankyrins R-HSA-445095	28	492	33010	0		1.0	1.0
Reactome	hypermethylated	Interactions Of Rev With Host Cellular Proteins R-HSA-177243	37	492	33010	0		1.0	1.0
Reactome	hypermethylated	Interactions Of Vpr With Host Cellular Proteins R-HSA-176033	36	492	33010	0		1.0	1.0
Reactome	hypermethylated	Interconversion Of Nucleotide Di- And Triphosphates R-HSA-499943	27	492	33010	0		1.0	1.0
Reactome	hypermethylated	Interferon Alpha/Beta Signaling R-HSA-909733	61	492	33010	0		1.0	1.0
Reactome	hypermethylated	Interleukin Receptor SHC Signaling R-HSA-912526	24	492	33010	0		1.0	1.0
Reactome	hypermethylated	Interleukin-1 Processing R-HSA-448706	9	492	33010	0		1.0	1.0
Reactome	hypermethylated	Interleukin-1 Signaling R-HSA-9020702	110	492	33010	0		1.0	1.0
Reactome	hypermethylated	Interleukin-10 Signaling R-HSA-6783783	42	492	33010	0		1.0	1.0
Reactome	hypermethylated	Interleukin-12 Family Signaling R-HSA-447115	50	492	33010	0		1.0	1.0
Reactome	hypermethylated	Interleukin-12 Signaling R-HSA-9020591	40	492	33010	0		1.0	1.0
Reactome	hypermethylated	Interleukin-15 Signaling R-HSA-8983432	13	492	33010	0		1.0	1.0
Reactome	hypermethylated	Interleukin-17 Signaling R-HSA-448424	65	492	33010	0		1.0	1.0
Reactome	hypermethylated	Interleukin-2 Family Signaling R-HSA-451927	40	492	33010	0		1.0	1.0
Reactome	hypermethylated	Interleukin-2 Signaling R-HSA-9020558	11	492	33010	0		1.0	1.0
Reactome	hypermethylated	Interleukin-20 Family Signaling R-HSA-8854691	26	492	33010	0		1.0	1.0
Reactome	hypermethylated	Interleukin-21 Signaling R-HSA-9020958	9	492	33010	0		1.0	1.0
Reactome	hypermethylated	Interleukin-23 Signaling R-HSA-9020933	9	492	33010	0		1.0	1.0
Reactome	hypermethylated	Interleukin-27 Signaling R-HSA-9020956	11	492	33010	0		1.0	1.0
Reactome	hypermethylated	Interleukin-35 Signaling R-HSA-8984722	12	492	33010	0		1.0	1.0
Reactome	hypermethylated	Interleukin-36 Pathway R-HSA-9014826	7	492	33010	0		1.0	1.0
Reactome	hypermethylated	Interleukin-37 Signaling R-HSA-9008059	20	492	33010	0		1.0	1.0
Reactome	hypermethylated	Interleukin-6 Family Signaling R-HSA-6783589	24	492	33010	0		1.0	1.0
Reactome	hypermethylated	Interleukin-6 Signaling R-HSA-1059683	11	492	33010	0		1.0	1.0
Reactome	hypermethylated	Interleukin-7 Signaling R-HSA-1266695	22	492	33010	0		1.0	1.0
Reactome	hypermethylated	Interleukin-9 Signaling R-HSA-8985947	7	492	33010	0		1.0	1.0
Reactome	hypermethylated	Intestinal Absorption R-HSA-8963676	5	492	33010	0		1.0	1.0
Reactome	hypermethylated	Intraflagellar Transport R-HSA-5620924	38	492	33010	0		1.0	1.0
Reactome	hypermethylated	Intrinsic Pathway Of Fibrin Clot Formation R-HSA-140837	19	492	33010	0		1.0	1.0
Reactome	hypermethylated	JNK (c-Jun Kinases) Phosphorylation And Activation Mediated By Activated Human TAK1 R-HSA-450321	15	492	33010	0		1.0	1.0
Reactome	hypermethylated	Josephin Domain DUBs R-HSA-5689877	11	492	33010	0		1.0	1.0
Reactome	hypermethylated	KSRP (KHSRP) Binds And Destabilizes mRNA R-HSA-450604	17	492	33010	0		1.0	1.0
Reactome	hypermethylated	Keratan Sulfate Biosynthesis R-HSA-2022854	27	492	33010	0		1.0	1.0
Reactome	hypermethylated	Keratan Sulfate Degradation R-HSA-2022857	11	492	33010	0		1.0	1.0
Reactome	hypermethylated	Keratan Sulfate/Keratin Metabolism R-HSA-1638074	32	492	33010	0		1.0	1.0
Reactome	hypermethylated	Keratinization R-HSA-6805567	185	492	33010	0		1.0	1.0
Reactome	hypermethylated	Ketone Body Metabolism R-HSA-74182	9	492	33010	0		1.0	1.0
Reactome	hypermethylated	Killing Mechanisms R-HSA-9664420	10	492	33010	0		1.0	1.0
Reactome	hypermethylated	L1CAM Interactions R-HSA-373760	91	492	33010	0		1.0	1.0
Reactome	hypermethylated	LDL Clearance R-HSA-8964038	18	492	33010	0		1.0	1.0
Reactome	hypermethylated	LDL Remodeling R-HSA-8964041	5	492	33010	0		1.0	1.0
Reactome	hypermethylated	LRR FLII-interacting Protein 1 (LRRFIP1) Activates Type I IFN Production R-HSA-3134973	5	492	33010	0		1.0	1.0
Reactome	hypermethylated	LTC4-CYSLTR Mediated IL4 Production R-HSA-9664535	6	492	33010	0		1.0	1.0
Reactome	hypermethylated	Lagging Strand Synthesis R-HSA-69186	19	492	33010	0		1.0	1.0
Reactome	hypermethylated	Laminin Interactions R-HSA-3000157	22	492	33010	0		1.0	1.0
Reactome	hypermethylated	Late Phase Of HIV Life Cycle R-HSA-162599	131	492	33010	0		1.0	1.0
Reactome	hypermethylated	Late SARS-CoV-2 Infection Events R-HSA-9772573	56	492	33010	0		1.0	1.0
Reactome	hypermethylated	Leading Strand Synthesis R-HSA-69109	13	492	33010	0		1.0	1.0
Reactome	hypermethylated	Lectin Pathway Of Complement Activation R-HSA-166662	8	492	33010	0		1.0	1.0
Reactome	hypermethylated	Leukotriene Receptors R-HSA-391906	4	492	33010	0		1.0	1.0
Reactome	hypermethylated	Lewis Blood Group Biosynthesis R-HSA-9037629	18	492	33010	0		1.0	1.0
Reactome	hypermethylated	Ligand-receptor Interactions R-HSA-5632681	8	492	33010	0		1.0	1.0
Reactome	hypermethylated	Linoleic Acid (LA) Metabolism R-HSA-2046105	7	492	33010	0		1.0	1.0
Reactome	hypermethylated	Lipophagy R-HSA-9613354	9	492	33010	0		1.0	1.0
Reactome	hypermethylated	Listeria Monocytogenes Entry Into Host Cells R-HSA-8876384	18	492	33010	0		1.0	1.0
Reactome	hypermethylated	Long-term Potentiation R-HSA-9620244	23	492	33010	0		1.0	1.0
Reactome	hypermethylated	Loss Of Function Of SMAD2/3 In Cancer R-HSA-3304349	7	492	33010	0		1.0	1.0
Reactome	hypermethylated	Loss Of Function Of TGFBR1 In Cancer R-HSA-3656534	7	492	33010	0		1.0	1.0
Reactome	hypermethylated	Loss Of MECP2 Binding Ability To NCoR/SMRT Complex R-HSA-9022537	5	492	33010	0		1.0	1.0
Reactome	hypermethylated	Loss Of Nlp From Mitotic Centrosomes R-HSA-380259	66	492	33010	0		1.0	1.0
Reactome	hypermethylated	Lysine Catabolism R-HSA-71064	12	492	33010	0		1.0	1.0
Reactome	hypermethylated	Lysosome Vesicle Biogenesis R-HSA-432720	32	492	33010	0		1.0	1.0
Reactome	hypermethylated	Lysosphingolipid And LPA Receptors R-HSA-419408	14	492	33010	0		1.0	1.0
Reactome	hypermethylated	MAP Kinase Activation R-HSA-450294	58	492	33010	0		1.0	1.0
Reactome	hypermethylated	MAP2K And MAPK Activation R-HSA-5674135	35	492	33010	0		1.0	1.0
Reactome	hypermethylated	MAP3K8 (TPL2)-dependent MAPK1/3 Activation R-HSA-5684264	15	492	33010	0		1.0	1.0
Reactome	hypermethylated	MAPK Targets/ Nuclear Events Mediated By MAP Kinases R-HSA-450282	29	492	33010	0		1.0	1.0
Reactome	hypermethylated	MAPK1 (ERK2) Activation R-HSA-112411	9	492	33010	0		1.0	1.0
Reactome	hypermethylated	MAPK3 (ERK1) Activation R-HSA-110056	10	492	33010	0		1.0	1.0
Reactome	hypermethylated	MAPK6/MAPK4 Signaling R-HSA-5687128	89	492	33010	0		1.0	1.0
Reactome	hypermethylated	MASTL Facilitates Mitotic Progression R-HSA-2465910	10	492	33010	0		1.0	1.0
Reactome	hypermethylated	MECP2 Regulates Neuronal Receptors And Channels R-HSA-9022699	17	492	33010	0		1.0	1.0
Reactome	hypermethylated	MET Receptor Activation R-HSA-6806942	6	492	33010	0		1.0	1.0
Reactome	hypermethylated	MET Activates PI3K/AKT Signaling R-HSA-8851907	6	492	33010	0		1.0	1.0
Reactome	hypermethylated	MET Activates PTK2 Signaling R-HSA-8874081	17	492	33010	0		1.0	1.0
Reactome	hypermethylated	MET Activates PTPN11 R-HSA-8865999	5	492	33010	0		1.0	1.0
Reactome	hypermethylated	MET Activates RAP1 And RAC1 R-HSA-8875555	11	492	33010	0		1.0	1.0
Reactome	hypermethylated	MET Activates RAS Signaling R-HSA-8851805	9	492	33010	0		1.0	1.0
Reactome	hypermethylated	MET Interacts With TNS Proteins R-HSA-8875513	5	492	33010	0		1.0	1.0
Reactome	hypermethylated	MET Promotes Cell Motility R-HSA-8875878	28	492	33010	0		1.0	1.0
Reactome	hypermethylated	MET Receptor Recycling R-HSA-8875656	9	492	33010	0		1.0	1.0
Reactome	hypermethylated	MTOR Signaling R-HSA-165159	40	492	33010	0		1.0	1.0
Reactome	hypermethylated	Major Pathway Of rRNA Processing In Nucleolus And Cytosol R-HSA-6791226	171	492	33010	0		1.0	1.0
Reactome	hypermethylated	Maturation Of Nucleoprotein R-HSA-9683610	12	492	33010	0		1.0	1.0
Reactome	hypermethylated	Maturation Of Protein 3A R-HSA-9683673	9	492	33010	0		1.0	1.0
Reactome	hypermethylated	Maturation Of Spike Protein R-HSA-9683686	5	492	33010	0		1.0	1.0
Reactome	hypermethylated	Meiosis R-HSA-1500620	81	492	33010	0		1.0	1.0
Reactome	hypermethylated	Meiotic Recombination R-HSA-912446	51	492	33010	0		1.0	1.0
Reactome	hypermethylated	Meiotic Synapsis R-HSA-1221632	54	492	33010	0		1.0	1.0
Reactome	hypermethylated	Melanin Biosynthesis R-HSA-5662702	5	492	33010	0		1.0	1.0
Reactome	hypermethylated	Membrane Binding And Targetting Of GAG Proteins R-HSA-174490	15	492	33010	0		1.0	1.0
Reactome	hypermethylated	Metabolic Disorders Of Biological Oxidation Enzymes R-HSA-5579029	32	492	33010	0		1.0	1.0
Reactome	hypermethylated	Metabolism Of Angiotensinogen To Angiotensins R-HSA-2022377	16	492	33010	0		1.0	1.0
Reactome	hypermethylated	Metabolism Of RNA R-HSA-8953854	631	492	33010	0		1.0	1.0
Reactome	hypermethylated	Metabolism Of Amine-Derived Hormones R-HSA-209776	17	492	33010	0		1.0	1.0
Reactome	hypermethylated	Metabolism Of Amino Acids And Derivatives R-HSA-71291	348	492	33010	0		1.0	1.0
Reactome	hypermethylated	Metabolism Of Cofactors R-HSA-8978934	19	492	33010	0		1.0	1.0
Reactome	hypermethylated	Metabolism Of Fat-Soluble Vitamins R-HSA-6806667	45	492	33010	0		1.0	1.0
Reactome	hypermethylated	Metabolism Of Folate And Pterines R-HSA-196757	17	492	33010	0		1.0	1.0
Reactome	hypermethylated	Metabolism Of Ingested SeMet, Sec, MeSec Into H2Se R-HSA-2408508	7	492	33010	0		1.0	1.0
Reactome	hypermethylated	Metabolism Of Nitric Oxide: NOS3 Activation And Regulation R-HSA-202131	15	492	33010	0		1.0	1.0
Reactome	hypermethylated	Metabolism Of Non-Coding RNA R-HSA-194441	50	492	33010	0		1.0	1.0
Reactome	hypermethylated	Metabolism Of Polyamines R-HSA-351202	57	492	33010	0		1.0	1.0
Reactome	hypermethylated	Metabolism Of Porphyrins R-HSA-189445	26	492	33010	0		1.0	1.0
Reactome	hypermethylated	Metabolism Of Steroid Hormones R-HSA-196071	34	492	33010	0		1.0	1.0
Reactome	hypermethylated	Metabolism Of Steroids R-HSA-8957322	149	492	33010	0		1.0	1.0
Reactome	hypermethylated	Metal Ion SLC Transporters R-HSA-425410	25	492	33010	0		1.0	1.0
Reactome	hypermethylated	Metal Sequestration By Antimicrobial Proteins R-HSA-6799990	4	492	33010	0		1.0	1.0
Reactome	hypermethylated	Metalloprotease DUBs R-HSA-5689901	29	492	33010	0		1.0	1.0
Reactome	hypermethylated	Metallothioneins Bind Metals R-HSA-5661231	11	492	33010	0		1.0	1.0
Reactome	hypermethylated	Methionine Salvage Pathway R-HSA-1237112	6	492	33010	0		1.0	1.0
Reactome	hypermethylated	Methylation R-HSA-156581	14	492	33010	0		1.0	1.0
Reactome	hypermethylated	MicroRNA (miRNA) Biogenesis R-HSA-203927	24	492	33010	0		1.0	1.0
Reactome	hypermethylated	Microbial Modulation Of RIPK1-mediated Regulated Necrosis R-HSA-9686347	6	492	33010	0		1.0	1.0
Reactome	hypermethylated	Mineralocorticoid Biosynthesis R-HSA-193993	5	492	33010	0		1.0	1.0
Reactome	hypermethylated	Miro GTPase Cycle R-HSA-9715370	8	492	33010	0		1.0	1.0
Reactome	hypermethylated	Miscellaneous Substrates R-HSA-211958	10	492	33010	0		1.0	1.0
Reactome	hypermethylated	Miscellaneous Transport And Binding Events R-HSA-5223345	21	492	33010	0		1.0	1.0
Reactome	hypermethylated	Mismatch Repair R-HSA-5358508	15	492	33010	0		1.0	1.0
Reactome	hypermethylated	Mismatch Repair (MMR) Directed By MSH2:MSH3 (MutSbeta) R-HSA-5358606	14	492	33010	0		1.0	1.0
Reactome	hypermethylated	Mismatch Repair (MMR) Directed By MSH2:MSH6 (MutSalpha) R-HSA-5358565	14	492	33010	0		1.0	1.0
Reactome	hypermethylated	Mitochondrial Fatty Acid Beta-Oxidation R-HSA-77289	34	492	33010	0		1.0	1.0
Reactome	hypermethylated	Mitochondrial Uncoupling R-HSA-166187	5	492	33010	0		1.0	1.0
Reactome	hypermethylated	Mitochondrial Biogenesis R-HSA-1592230	84	492	33010	0		1.0	1.0
Reactome	hypermethylated	Mitochondrial Calcium Ion Transport R-HSA-8949215	21	492	33010	0		1.0	1.0
Reactome	hypermethylated	Mitochondrial Iron-Sulfur Cluster Biogenesis R-HSA-1362409	13	492	33010	0		1.0	1.0
Reactome	hypermethylated	Mitochondrial Protein Import R-HSA-1268020	58	492	33010	0		1.0	1.0
Reactome	hypermethylated	Mitochondrial tRNA Aminoacylation R-HSA-379726	21	492	33010	0		1.0	1.0
Reactome	hypermethylated	Mitochondrial Translation R-HSA-5368287	88	492	33010	0		1.0	1.0
Reactome	hypermethylated	Mitochondrial Translation Elongation R-HSA-5389840	82	492	33010	0		1.0	1.0
Reactome	hypermethylated	Mitochondrial Translation Initiation R-HSA-5368286	82	492	33010	0		1.0	1.0
Reactome	hypermethylated	Mitochondrial Translation Termination R-HSA-5419276	82	492	33010	0		1.0	1.0
Reactome	hypermethylated	Mitophagy R-HSA-5205647	27	492	33010	0		1.0	1.0
Reactome	hypermethylated	Mitotic G2-G2/M Phases R-HSA-453274	179	492	33010	0		1.0	1.0
Reactome	hypermethylated	Mitotic Prometaphase R-HSA-68877	178	492	33010	0		1.0	1.0
Reactome	hypermethylated	Mitotic Spindle Checkpoint R-HSA-69618	108	492	33010	0		1.0	1.0
Reactome	hypermethylated	Mitotic Telophase/Cytokinesis R-HSA-68884	11	492	33010	0		1.0	1.0
Reactome	hypermethylated	Modulation By Mtb Of Host Immune System R-HSA-9637628	6	492	33010	0		1.0	1.0
Reactome	hypermethylated	Molecules Associated With Elastic Fibres R-HSA-2129379	28	492	33010	0		1.0	1.0
Reactome	hypermethylated	Molybdenum Cofactor Biosynthesis R-HSA-947581	6	492	33010	0		1.0	1.0
Reactome	hypermethylated	Mucopolysaccharidoses R-HSA-2206281	10	492	33010	0		1.0	1.0
Reactome	hypermethylated	Multifunctional Anion Exchangers R-HSA-427601	9	492	33010	0		1.0	1.0
Reactome	hypermethylated	Muscarinic Acetylcholine Receptors R-HSA-390648	5	492	33010	0		1.0	1.0
Reactome	hypermethylated	MyD88 Cascade Initiated On Plasma Membrane R-HSA-975871	92	492	33010	0		1.0	1.0
Reactome	hypermethylated	MyD88 Deficiency (TLR2/4) R-HSA-5602498	16	492	33010	0		1.0	1.0
Reactome	hypermethylated	MyD88 Dependent Cascade Initiated On Endosome R-HSA-975155	97	492	33010	0		1.0	1.0
Reactome	hypermethylated	MyD88-independent TLR4 Cascade R-HSA-166166	103	492	33010	0		1.0	1.0
Reactome	hypermethylated	MyD88:MAL(TIRAP) Cascade Initiated On Plasma Membrane R-HSA-166058	107	492	33010	0		1.0	1.0
Reactome	hypermethylated	Myoclonic Epilepsy Of Lafora R-HSA-3785653	8	492	33010	0		1.0	1.0
Reactome	hypermethylated	N-glycan Trimming And Elongation In cis-Golgi R-HSA-964739	5	492	33010	0		1.0	1.0
Reactome	hypermethylated	NADE Modulates Death Signaling R-HSA-205025	5	492	33010	0		1.0	1.0
Reactome	hypermethylated	NCAM Signaling For Neurite Out-Growth R-HSA-375165	56	492	33010	0		1.0	1.0
Reactome	hypermethylated	NCAM1 Interactions R-HSA-419037	36	492	33010	0		1.0	1.0
Reactome	hypermethylated	NEP/NS2 Interacts With Cellular Export Machinery R-HSA-168333	35	492	33010	0		1.0	1.0
Reactome	hypermethylated	NF-kB Activation Thru FADD/RIP-1 Pathway Mediated By Caspase-8 And -10 R-HSA-933543	11	492	33010	0		1.0	1.0
Reactome	hypermethylated	NF-kB Is Activated And Signals Survival R-HSA-209560	12	492	33010	0		1.0	1.0
Reactome	hypermethylated	NGF-stimulated Transcription R-HSA-9031628	39	492	33010	0		1.0	1.0
Reactome	hypermethylated	NIK To Noncanonical NF-kB Signaling R-HSA-5676590	57	492	33010	0		1.0	1.0
Reactome	hypermethylated	NOD1/2 Signaling Pathway R-HSA-168638	30	492	33010	0		1.0	1.0
Reactome	hypermethylated	NOSTRIN Mediated eNOS Trafficking R-HSA-203641	5	492	33010	0		1.0	1.0
Reactome	hypermethylated	NOTCH2 Activation And Transmission Of Signal To Nucleus R-HSA-2979096	21	492	33010	0		1.0	1.0
Reactome	hypermethylated	NOTCH3 Activation And Transmission Of Signal To Nucleus R-HSA-9013507	25	492	33010	0		1.0	1.0
Reactome	hypermethylated	NOTCH4 Activation And Transmission Of Signal To Nucleus R-HSA-9013700	11	492	33010	0		1.0	1.0
Reactome	hypermethylated	NR1H2 And NR1H3 Regulate Gene Expression Linked To Gluconeogenesis R-HSA-9632974	5	492	33010	0		1.0	1.0
Reactome	hypermethylated	NR1H2 And NR1H3 Regulate Gene Expression Linked To Lipogenesis R-HSA-9029558	9	492	33010	0		1.0	1.0
Reactome	hypermethylated	NR1H2 And NR1H3 Regulate Gene Expression Linked To Triglyceride Lipolysis In Adipose R-HSA-9031528	5	492	33010	0		1.0	1.0
Reactome	hypermethylated	NR1H2 And NR1H3 Regulate Gene Expression To Control Bile Acid Homeostasis R-HSA-9623433	9	492	33010	0		1.0	1.0
Reactome	hypermethylated	NR1H2 And NR1H3 Regulate Gene Expression To Limit Cholesterol Uptake R-HSA-9031525	5	492	33010	0		1.0	1.0
Reactome	hypermethylated	NR1H2 And NR1H3-mediated Signaling R-HSA-9024446	45	492	33010	0		1.0	1.0
Reactome	hypermethylated	NR1H3 And NR1H2 Regulate Gene Expression Linked To Cholesterol Transport And Efflux R-HSA-9029569	35	492	33010	0		1.0	1.0
Reactome	hypermethylated	NRIF Signals Cell Death From Nucleus R-HSA-205043	16	492	33010	0		1.0	1.0
Reactome	hypermethylated	NS1 Mediated Effects On Host Pathways R-HSA-168276	42	492	33010	0		1.0	1.0
Reactome	hypermethylated	Nectin/Necl Trans Heterodimerization R-HSA-420597	7	492	33010	0		1.0	1.0
Reactome	hypermethylated	Neddylation R-HSA-8951664	227	492	33010	0		1.0	1.0
Reactome	hypermethylated	Nef Mediated CD4 Down-regulation R-HSA-167590	8	492	33010	0		1.0	1.0
Reactome	hypermethylated	Nef Mediated CD8 Down-regulation R-HSA-182218	7	492	33010	0		1.0	1.0
Reactome	hypermethylated	Nef Mediated Downregulation Of MHC Class I Complex Cell Surface Expression R-HSA-164940	9	492	33010	0		1.0	1.0
Reactome	hypermethylated	Nef-mediated Downmodulation Of Cell Surface Receptors By Recruitment To Clathrin Adapters R-HSA-164938	19	492	33010	0		1.0	1.0
Reactome	hypermethylated	Negative Epigenetic Regulation Of rRNA Expression R-HSA-5250941	70	492	33010	0		1.0	1.0
Reactome	hypermethylated	Negative Feedback Regulation Of MAPK Pathway R-HSA-5674499	6	492	33010	0		1.0	1.0
Reactome	hypermethylated	Negative Regulation Of FLT3 R-HSA-9706369	15	492	33010	0		1.0	1.0
Reactome	hypermethylated	Negative Regulation Of MAPK Pathway R-HSA-5675221	39	492	33010	0		1.0	1.0
Reactome	hypermethylated	Negative Regulation Of MET Activity R-HSA-6807004	20	492	33010	0		1.0	1.0
Reactome	hypermethylated	Negative Regulation Of NMDA Receptor-Mediated Neuronal Transmission R-HSA-9617324	21	492	33010	0		1.0	1.0
Reactome	hypermethylated	Negative Regulation Of NOTCH4 Signaling R-HSA-9604323	52	492	33010	0		1.0	1.0
Reactome	hypermethylated	Negative Regulation Of TCF-dependent Signaling By WNT Ligand Antagonists R-HSA-3772470	15	492	33010	0		1.0	1.0
Reactome	hypermethylated	Negative Regulators Of DDX58/IFIH1 Signaling R-HSA-936440	33	492	33010	0		1.0	1.0
Reactome	hypermethylated	Nephrin Family Interactions R-HSA-373753	21	492	33010	0		1.0	1.0
Reactome	hypermethylated	Netrin Mediated Repulsion Signals R-HSA-418886	8	492	33010	0		1.0	1.0
Reactome	hypermethylated	Netrin-1 Signaling R-HSA-373752	48	492	33010	0		1.0	1.0
Reactome	hypermethylated	Neurofascin Interactions R-HSA-447043	6	492	33010	0		1.0	1.0
Reactome	hypermethylated	Neurotoxicity Of Clostridium Toxins R-HSA-168799	10	492	33010	0		1.0	1.0
Reactome	hypermethylated	Nicotinamide Salvaging R-HSA-197264	19	492	33010	0		1.0	1.0
Reactome	hypermethylated	Nitric Oxide Stimulates Guanylate Cyclase R-HSA-392154	21	492	33010	0		1.0	1.0
Reactome	hypermethylated	NoRC Negatively Regulates rRNA Expression R-HSA-427413	68	492	33010	0		1.0	1.0
Reactome	hypermethylated	Non-integrin membrane-ECM Interactions R-HSA-3000171	38	492	33010	0		1.0	1.0
Reactome	hypermethylated	Noncanonical Activation Of NOTCH3 R-HSA-9017802	8	492	33010	0		1.0	1.0
Reactome	hypermethylated	Nonhomologous End-Joining (NHEJ) R-HSA-5693571	47	492	33010	0		1.0	1.0
Reactome	hypermethylated	Nonsense Mediated Decay (NMD) Enhanced By Exon Junction Complex (EJC) R-HSA-975957	105	492	33010	0		1.0	1.0
Reactome	hypermethylated	Nonsense Mediated Decay (NMD) Independent Of Exon Junction Complex (EJC) R-HSA-975956	86	492	33010	0		1.0	1.0
Reactome	hypermethylated	NrCAM Interactions R-HSA-447038	7	492	33010	0		1.0	1.0
Reactome	hypermethylated	Nuclear Envelope Breakdown R-HSA-2980766	52	492	33010	0		1.0	1.0
Reactome	hypermethylated	Nuclear Events (Kinase And Transcription Factor Activation) R-HSA-198725	60	492	33010	0		1.0	1.0
Reactome	hypermethylated	Nuclear Pore Complex (NPC) Disassembly R-HSA-3301854	36	492	33010	0		1.0	1.0
Reactome	hypermethylated	Nuclear Events Stimulated By ALK Signaling In Cancer R-HSA-9725371	18	492	33010	0		1.0	1.0
Reactome	hypermethylated	Nuclear Import Of Rev Protein R-HSA-180746	34	492	33010	0		1.0	1.0
Reactome	hypermethylated	Nuclear Signaling By ERBB4 R-HSA-1251985	32	492	33010	0		1.0	1.0
Reactome	hypermethylated	Nucleotide Excision Repair R-HSA-5696398	104	492	33010	0		1.0	1.0
Reactome	hypermethylated	Nucleotide Biosynthesis R-HSA-8956320	12	492	33010	0		1.0	1.0
Reactome	hypermethylated	Nucleotide Salvage R-HSA-8956321	21	492	33010	0		1.0	1.0
Reactome	hypermethylated	Nucleotide-binding Domain, Leucine Rich Repeat Containing NLR Signaling Pathways R-HSA-168643	50	492	33010	0		1.0	1.0
Reactome	hypermethylated	O-glycosylation Of TSR Domain-Containing Proteins R-HSA-5173214	37	492	33010	0		1.0	1.0
Reactome	hypermethylated	OAS Antiviral Response R-HSA-8983711	7	492	33010	0		1.0	1.0
Reactome	hypermethylated	Olfactory Signaling Pathway R-HSA-381753	287	492	33010	0		1.0	1.0
Reactome	hypermethylated	Oncogenic MAPK Signaling R-HSA-6802957	74	492	33010	0		1.0	1.0
Reactome	hypermethylated	Opsins R-HSA-419771	7	492	33010	0		1.0	1.0
Reactome	hypermethylated	Orc1 Removal From Chromatin R-HSA-68949	68	492	33010	0		1.0	1.0
Reactome	hypermethylated	Orexin And Neuropeptides FF And QRFP Bind To Their Respective Receptors R-HSA-389397	8	492	33010	0		1.0	1.0
Reactome	hypermethylated	Organelle Biogenesis And Maintenance R-HSA-1852241	262	492	33010	0		1.0	1.0
Reactome	hypermethylated	Organic Anion Transport R-HSA-561048	5	492	33010	0		1.0	1.0
Reactome	hypermethylated	Organic Anion Transporters R-HSA-428643	10	492	33010	0		1.0	1.0
Reactome	hypermethylated	Organic Cation Transport R-HSA-549127	10	492	33010	0		1.0	1.0
Reactome	hypermethylated	Organic Cation/Anion/Zwitterion Transport R-HSA-549132	15	492	33010	0		1.0	1.0
Reactome	hypermethylated	Other Interleukin Signaling R-HSA-449836	24	492	33010	0		1.0	1.0
Reactome	hypermethylated	Ovarian Tumor Domain Proteases R-HSA-5689896	35	492	33010	0		1.0	1.0
Reactome	hypermethylated	Oxygen-dependent Proline Hydroxylation Of Hypoxia-inducible Factor Alpha R-HSA-1234176	63	492	33010	0		1.0	1.0
Reactome	hypermethylated	PCNA-Dependent Long Patch Base Excision Repair R-HSA-5651801	21	492	33010	0		1.0	1.0
Reactome	hypermethylated	PCP/CE Pathway R-HSA-4086400	87	492	33010	0		1.0	1.0
Reactome	hypermethylated	PECAM1 Interactions R-HSA-210990	12	492	33010	0		1.0	1.0
Reactome	hypermethylated	PERK Regulates Gene Expression R-HSA-381042	30	492	33010	0		1.0	1.0
Reactome	hypermethylated	PI Metabolism R-HSA-1483255	78	492	33010	0		1.0	1.0
Reactome	hypermethylated	PI-3K cascade:FGFR4 R-HSA-5654720	18	492	33010	0		1.0	1.0
Reactome	hypermethylated	PI3K Events In ERBB2 Signaling R-HSA-1963642	16	492	33010	0		1.0	1.0
Reactome	hypermethylated	PI3K Events In ERBB4 Signaling R-HSA-1250342	10	492	33010	0		1.0	1.0
Reactome	hypermethylated	PI5P Regulates TP53 Acetylation R-HSA-6811555	9	492	33010	0		1.0	1.0
Reactome	hypermethylated	PINK1-PRKN Mediated Mitophagy R-HSA-5205685	22	492	33010	0		1.0	1.0
Reactome	hypermethylated	PIWI-interacting RNA (piRNA) Biogenesis R-HSA-5601884	29	492	33010	0		1.0	1.0
Reactome	hypermethylated	PKA-mediated Phosphorylation Of Key Metabolic Factors R-HSA-163358	4	492	33010	0		1.0	1.0
Reactome	hypermethylated	PKMTs Methylate Histone Lysines R-HSA-3214841	43	492	33010	0		1.0	1.0
Reactome	hypermethylated	POLB-Dependent Long Patch Base Excision Repair R-HSA-110362	8	492	33010	0		1.0	1.0
Reactome	hypermethylated	POU5F1 (OCT4), SOX2, NANOG Activate Genes Related To Proliferation R-HSA-2892247	10	492	33010	0		1.0	1.0
Reactome	hypermethylated	PP2A-mediated Dephosphorylation Of Key Metabolic Factors R-HSA-163767	6	492	33010	0		1.0	1.0
Reactome	hypermethylated	PTK6 Expression R-HSA-8849473	5	492	33010	0		1.0	1.0
Reactome	hypermethylated	PTK6 Regulates Cell Cycle R-HSA-8849470	6	492	33010	0		1.0	1.0
Reactome	hypermethylated	PTK6 Regulates RHO GTPases, RAS GTPase And MAP Kinases R-HSA-8849471	13	492	33010	0		1.0	1.0
Reactome	hypermethylated	PTK6 Regulates RTKs And Their Effectors AKT1 And DOK1 R-HSA-8849469	9	492	33010	0		1.0	1.0
Reactome	hypermethylated	PTK6 Promotes HIF1A Stabilization R-HSA-8857538	6	492	33010	0		1.0	1.0
Reactome	hypermethylated	Packaging Of Telomere Ends R-HSA-171306	29	492	33010	0		1.0	1.0
Reactome	hypermethylated	Paracetamol ADME R-HSA-9753281	24	492	33010	0		1.0	1.0
Reactome	hypermethylated	Paradoxical Activation Of RAF Signaling By Kinase Inactive BRAF R-HSA-6802955	38	492	33010	0		1.0	1.0
Reactome	hypermethylated	Passive Transport By Aquaporins R-HSA-432047	12	492	33010	0		1.0	1.0
Reactome	hypermethylated	Pausing And Recovery Of Tat-mediated HIV Elongation R-HSA-167238	31	492	33010	0		1.0	1.0
Reactome	hypermethylated	Pentose Phosphate Pathway R-HSA-71336	12	492	33010	0		1.0	1.0
Reactome	hypermethylated	Peptide Chain Elongation R-HSA-156902	81	492	33010	0		1.0	1.0
Reactome	hypermethylated	Peptide Hormone Biosynthesis R-HSA-209952	11	492	33010	0		1.0	1.0
Reactome	hypermethylated	Peroxisomal Lipid Metabolism R-HSA-390918	28	492	33010	0		1.0	1.0
Reactome	hypermethylated	Peroxisomal Protein Import R-HSA-9033241	62	492	33010	0		1.0	1.0
Reactome	hypermethylated	Pexophagy R-HSA-9664873	11	492	33010	0		1.0	1.0
Reactome	hypermethylated	Phase 1 - Inactivation Of Fast Na+ Channels R-HSA-5576894	6	492	33010	0		1.0	1.0
Reactome	hypermethylated	Phase 3 - Rapid Repolarisation R-HSA-5576890	8	492	33010	0		1.0	1.0
Reactome	hypermethylated	Phase 4 - Resting Membrane Potential R-HSA-5576886	19	492	33010	0		1.0	1.0
Reactome	hypermethylated	Phenylalanine And Tyrosine Metabolism R-HSA-8963691	11	492	33010	0		1.0	1.0
Reactome	hypermethylated	Phenylalanine Metabolism R-HSA-8964208	6	492	33010	0		1.0	1.0
Reactome	hypermethylated	Phosphate Bond Hydrolysis By NTPDase Proteins R-HSA-8850843	8	492	33010	0		1.0	1.0
Reactome	hypermethylated	Phosphate Bond Hydrolysis By NUDT Proteins R-HSA-2393930	7	492	33010	0		1.0	1.0
Reactome	hypermethylated	Phospholipase C-mediated Cascade; FGFR4 R-HSA-5654228	13	492	33010	0		1.0	1.0
Reactome	hypermethylated	Phosphorylation Of Emi1 R-HSA-176417	6	492	33010	0		1.0	1.0
Reactome	hypermethylated	Phosphorylation Of APC/C R-HSA-176412	20	492	33010	0		1.0	1.0
Reactome	hypermethylated	Physiological Factors R-HSA-5578768	14	492	33010	0		1.0	1.0
Reactome	hypermethylated	Plasma Lipoprotein Assembly R-HSA-8963898	16	492	33010	0		1.0	1.0
Reactome	hypermethylated	Plasma Lipoprotein Assembly, Remodeling, And Clearance R-HSA-174824	69	492	33010	0		1.0	1.0
Reactome	hypermethylated	Plasma Lipoprotein Clearance R-HSA-8964043	35	492	33010	0		1.0	1.0
Reactome	hypermethylated	Plasma Lipoprotein Remodeling R-HSA-8963899	31	492	33010	0		1.0	1.0
Reactome	hypermethylated	Platelet Adhesion To Exposed Collagen R-HSA-75892	12	492	33010	0		1.0	1.0
Reactome	hypermethylated	Platelet Aggregation (Plug Formation) R-HSA-76009	36	492	33010	0		1.0	1.0
Reactome	hypermethylated	Platelet Calcium Homeostasis R-HSA-418360	25	492	33010	0		1.0	1.0
Reactome	hypermethylated	Platelet Homeostasis R-HSA-418346	82	492	33010	0		1.0	1.0
Reactome	hypermethylated	Platelet Sensitization By LDL R-HSA-432142	17	492	33010	0		1.0	1.0
Reactome	hypermethylated	Polo-like Kinase Mediated Events R-HSA-156711	16	492	33010	0		1.0	1.0
Reactome	hypermethylated	Polymerase Switching On C-strand Of Telomere R-HSA-174411	24	492	33010	0		1.0	1.0
Reactome	hypermethylated	Positive Epigenetic Regulation Of rRNA Expression R-HSA-5250913	67	492	33010	0		1.0	1.0
Reactome	hypermethylated	Post-transcriptional Silencing By Small RNAs R-HSA-426496	7	492	33010	0		1.0	1.0
Reactome	hypermethylated	Postmitotic Nuclear Pore Complex (NPC) Reformation R-HSA-9615933	27	492	33010	0		1.0	1.0
Reactome	hypermethylated	Potential Therapeutics For SARS R-HSA-9679191	90	492	33010	0		1.0	1.0
Reactome	hypermethylated	Pre-NOTCH Processing In Endoplasmic Reticulum R-HSA-1912399	6	492	33010	0		1.0	1.0
Reactome	hypermethylated	Pregnenolone Biosynthesis R-HSA-196108	12	492	33010	0		1.0	1.0
Reactome	hypermethylated	Presynaptic Function Of Kainate Receptors R-HSA-500657	21	492	33010	0		1.0	1.0
Reactome	hypermethylated	Presynaptic Nicotinic Acetylcholine Receptors R-HSA-622323	12	492	33010	0		1.0	1.0
Reactome	hypermethylated	Presynaptic Phase Of Homologous DNA Pairing And Strand Exchange R-HSA-5693616	40	492	33010	0		1.0	1.0
Reactome	hypermethylated	Prevention Of Phagosomal-Lysosomal Fusion R-HSA-9636383	9	492	33010	0		1.0	1.0
Reactome	hypermethylated	Processing And Activation Of SUMO R-HSA-3215018	9	492	33010	0		1.0	1.0
Reactome	hypermethylated	Processing Of Capped Intron-Containing Pre-mRNA R-HSA-72203	231	492	33010	0		1.0	1.0
Reactome	hypermethylated	Processing Of Capped Intronless Pre-mRNA R-HSA-75067	28	492	33010	0		1.0	1.0
Reactome	hypermethylated	Processing Of DNA Double-Strand Break Ends R-HSA-5693607	76	492	33010	0		1.0	1.0
Reactome	hypermethylated	Processing Of Intronless Pre-mRNAs R-HSA-77595	19	492	33010	0		1.0	1.0
Reactome	hypermethylated	Processing Of SMDT1 R-HSA-8949664	15	492	33010	0		1.0	1.0
Reactome	hypermethylated	Processive Synthesis On C-strand Of Telomere R-HSA-174414	19	492	33010	0		1.0	1.0
Reactome	hypermethylated	Processive Synthesis On Lagging Strand R-HSA-69183	14	492	33010	0		1.0	1.0
Reactome	hypermethylated	Prolactin Receptor Signaling R-HSA-1170546	13	492	33010	0		1.0	1.0
Reactome	hypermethylated	Prostacyclin Signaling Thru Prostacyclin Receptor R-HSA-392851	19	492	33010	0		1.0	1.0
Reactome	hypermethylated	Prostanoid Ligand Receptors R-HSA-391908	9	492	33010	0		1.0	1.0
Reactome	hypermethylated	Protein Localization R-HSA-9609507	153	492	33010	0		1.0	1.0
Reactome	hypermethylated	Protein Methylation R-HSA-8876725	17	492	33010	0		1.0	1.0
Reactome	hypermethylated	Protein Repair R-HSA-5676934	6	492	33010	0		1.0	1.0
Reactome	hypermethylated	Protein Ubiquitination R-HSA-8852135	72	492	33010	0		1.0	1.0
Reactome	hypermethylated	Proton-coupled Monocarboxylate Transport R-HSA-433692	6	492	33010	0		1.0	1.0
Reactome	hypermethylated	Purine Ribonucleoside Monophosphate Biosynthesis R-HSA-73817	10	492	33010	0		1.0	1.0
Reactome	hypermethylated	Purine Salvage R-HSA-74217	12	492	33010	0		1.0	1.0
Reactome	hypermethylated	Pyrimidine Salvage R-HSA-73614	10	492	33010	0		1.0	1.0
Reactome	hypermethylated	Pyroptosis R-HSA-5620971	26	492	33010	0		1.0	1.0
Reactome	hypermethylated	Pyruvate Metabolism R-HSA-70268	29	492	33010	0		1.0	1.0
Reactome	hypermethylated	RAB GEFs Exchange GTP For GDP On RABs R-HSA-8876198	82	492	33010	0		1.0	1.0
Reactome	hypermethylated	RAB Geranylgeranylation R-HSA-8873719	55	492	33010	0		1.0	1.0
Reactome	hypermethylated	RAC2 GTPase Cycle R-HSA-9013404	80	492	33010	0		1.0	1.0
Reactome	hypermethylated	RAC3 GTPase Cycle R-HSA-9013423	84	492	33010	0		1.0	1.0
Reactome	hypermethylated	RAF Activation R-HSA-5673000	30	492	33010	0		1.0	1.0
Reactome	hypermethylated	RAF-independent MAPK1/3 Activation R-HSA-112409	22	492	33010	0		1.0	1.0
Reactome	hypermethylated	RAS Processing R-HSA-9648002	18	492	33010	0		1.0	1.0
Reactome	hypermethylated	RAS Signaling Downstream Of NF1 Loss-Of-Function Variants R-HSA-6802953	6	492	33010	0		1.0	1.0
Reactome	hypermethylated	RET Signaling R-HSA-8853659	40	492	33010	0		1.0	1.0
Reactome	hypermethylated	RHO GTPases Activate Formins R-HSA-5663220	115	492	33010	0		1.0	1.0
Reactome	hypermethylated	RHO GTPases Activate NADPH Oxidases R-HSA-5668599	21	492	33010	0		1.0	1.0
Reactome	hypermethylated	RHO GTPases Activate ROCKs R-HSA-5627117	19	492	33010	0		1.0	1.0
Reactome	hypermethylated	RHO GTPases Activate Rhotekin And Rhophilins R-HSA-5666185	9	492	33010	0		1.0	1.0
Reactome	hypermethylated	RHO GTPases Activate WASPs And WAVEs R-HSA-5663213	33	492	33010	0		1.0	1.0
Reactome	hypermethylated	RHO GTPases Activate CIT R-HSA-5625900	19	492	33010	0		1.0	1.0
Reactome	hypermethylated	RHO GTPases Activate PAKs R-HSA-5627123	20	492	33010	0		1.0	1.0
Reactome	hypermethylated	RHO GTPases Activate PKNs R-HSA-5625740	56	492	33010	0		1.0	1.0
Reactome	hypermethylated	RHOBTB GTPase Cycle R-HSA-9706574	34	492	33010	0		1.0	1.0
Reactome	hypermethylated	RHOBTB1 GTPase Cycle R-HSA-9013422	22	492	33010	0		1.0	1.0
Reactome	hypermethylated	RHOBTB2 GTPase Cycle R-HSA-9013418	22	492	33010	0		1.0	1.0
Reactome	hypermethylated	RHOBTB3 ATPase Cycle R-HSA-9706019	8	492	33010	0		1.0	1.0
Reactome	hypermethylated	RHOH GTPase Cycle R-HSA-9013407	36	492	33010	0		1.0	1.0
Reactome	hypermethylated	RHOJ GTPase Cycle R-HSA-9013409	51	492	33010	0		1.0	1.0
Reactome	hypermethylated	RHOT1 GTPase Cycle R-HSA-9013425	5	492	33010	0		1.0	1.0
Reactome	hypermethylated	RHOT2 GTPase Cycle R-HSA-9013419	7	492	33010	0		1.0	1.0
Reactome	hypermethylated	RIP-mediated NFkB Activation Via ZBP1 R-HSA-1810476	16	492	33010	0		1.0	1.0
Reactome	hypermethylated	RIPK1-mediated Regulated Necrosis R-HSA-5213460	29	492	33010	0		1.0	1.0
Reactome	hypermethylated	RMTs Methylate Histone Arginines R-HSA-3214858	44	492	33010	0		1.0	1.0
Reactome	hypermethylated	RNA Pol II CTD Phosphorylation And Interaction With CE R-HSA-77075	26	492	33010	0		1.0	1.0
Reactome	hypermethylated	RNA Polymerase I Promoter Clearance R-HSA-73854	70	492	33010	0		1.0	1.0
Reactome	hypermethylated	RNA Polymerase I Promoter Escape R-HSA-73772	52	492	33010	0		1.0	1.0
Reactome	hypermethylated	RNA Polymerase I Promoter Opening R-HSA-73728	27	492	33010	0		1.0	1.0
Reactome	hypermethylated	RNA Polymerase I Transcription Initiation R-HSA-73762	43	492	33010	0		1.0	1.0
Reactome	hypermethylated	RNA Polymerase I Transcription R-HSA-73864	71	492	33010	0		1.0	1.0
Reactome	hypermethylated	RNA Polymerase I Transcription Termination R-HSA-73863	29	492	33010	0		1.0	1.0
Reactome	hypermethylated	RNA Polymerase II Transcription Termination R-HSA-73856	62	492	33010	0		1.0	1.0
Reactome	hypermethylated	RNA Polymerase III Abortive And Retractive Initiation R-HSA-749476	39	492	33010	0		1.0	1.0
Reactome	hypermethylated	RNA Polymerase III Chain Elongation R-HSA-73780	17	492	33010	0		1.0	1.0
Reactome	hypermethylated	RNA Polymerase III Transcription Initiation From Type 1 Promoter R-HSA-76061	27	492	33010	0		1.0	1.0
Reactome	hypermethylated	RNA Polymerase III Transcription Initiation From Type 2 Promoter R-HSA-76066	26	492	33010	0		1.0	1.0
Reactome	hypermethylated	RNA Polymerase III Transcription Initiation From Type 3 Promoter R-HSA-76071	27	492	33010	0		1.0	1.0
Reactome	hypermethylated	RNA Polymerase III Transcription Initiation R-HSA-76046	35	492	33010	0		1.0	1.0
Reactome	hypermethylated	RNA Polymerase III Transcription Termination R-HSA-73980	21	492	33010	0		1.0	1.0
Reactome	hypermethylated	RNA Polymerase II Transcribes snRNA Genes R-HSA-6807505	74	492	33010	0		1.0	1.0
Reactome	hypermethylated	ROBO Receptors Bind AKAP5 R-HSA-9010642	8	492	33010	0		1.0	1.0
Reactome	hypermethylated	RORA Activates Gene Expression R-HSA-1368082	17	492	33010	0		1.0	1.0
Reactome	hypermethylated	RSK Activation R-HSA-444257	5	492	33010	0		1.0	1.0
Reactome	hypermethylated	RUNX1 And FOXP3 Control Development Of Regulatory T Lymphocytes (Tregs) R-HSA-8877330	9	492	33010	0		1.0	1.0
Reactome	hypermethylated	RUNX1 Interacts With Co-Factors Whose Precise Effect On RUNX1 Targets Is Not Known R-HSA-8939243	35	492	33010	0		1.0	1.0
Reactome	hypermethylated	RUNX1 Regulates Estrogen Receptor Mediated Transcription R-HSA-8931987	6	492	33010	0		1.0	1.0
Reactome	hypermethylated	RUNX1 Regulates Expression Of Components Of Tight Junctions R-HSA-8935964	5	492	33010	0		1.0	1.0
Reactome	hypermethylated	RUNX1 Regulates Genes Involved In Megakaryocyte Differentiation And Platelet Function R-HSA-8936459	60	492	33010	0		1.0	1.0
Reactome	hypermethylated	RUNX1 Regulates Transcription Of Genes Involved In WNT Signaling R-HSA-8939256	5	492	33010	0		1.0	1.0
Reactome	hypermethylated	RUNX1 Regulates Transcription Of Genes Involved In Differentiation Of Keratinocytes R-HSA-8939242	8	492	33010	0		1.0	1.0
Reactome	hypermethylated	RUNX1 Regulates Transcription Of Genes Involved In Differentiation Of Myeloid Cells R-HSA-8939246	7	492	33010	0		1.0	1.0
Reactome	hypermethylated	RUNX1 Regulates Transcription Of Genes Involved In Interleukin Signaling R-HSA-8939247	5	492	33010	0		1.0	1.0
Reactome	hypermethylated	RUNX2 Regulates Chondrocyte Maturation R-HSA-8941284	5	492	33010	0		1.0	1.0
Reactome	hypermethylated	RUNX2 Regulates Genes Involved In Cell Migration R-HSA-8941332	8	492	33010	0		1.0	1.0
Reactome	hypermethylated	RUNX3 Regulates Immune Response And Cell Migration R-HSA-8949275	6	492	33010	0		1.0	1.0
Reactome	hypermethylated	RUNX3 Regulates BCL2L11 (BIM) Transcription R-HSA-8952158	5	492	33010	0		1.0	1.0
Reactome	hypermethylated	RUNX3 Regulates CDKN1A Transcription R-HSA-8941855	7	492	33010	0		1.0	1.0
Reactome	hypermethylated	RUNX3 Regulates WNT Signaling R-HSA-8951430	8	492	33010	0		1.0	1.0
Reactome	hypermethylated	RUNX3 Regulates YAP1-mediated Transcription R-HSA-8951671	8	492	33010	0		1.0	1.0
Reactome	hypermethylated	Rab Regulation Of Trafficking R-HSA-9007101	111	492	33010	0		1.0	1.0
Reactome	hypermethylated	Rap1 Signaling R-HSA-392517	16	492	33010	0		1.0	1.0
Reactome	hypermethylated	Ras Activation Upon Ca2+ Influx Thru NMDA Receptor R-HSA-442982	19	492	33010	0		1.0	1.0
Reactome	hypermethylated	Reactions Specific To Complex N-glycan Synthesis Pathway R-HSA-975578	10	492	33010	0		1.0	1.0
Reactome	hypermethylated	Receptor Mediated Mitophagy R-HSA-8934903	9	492	33010	0		1.0	1.0
Reactome	hypermethylated	Recognition Of DNA Damage By PCNA-containing Replication Complex R-HSA-110314	29	492	33010	0		1.0	1.0
Reactome	hypermethylated	Recruitment And ATM-mediated Phosphorylation Of Repair And Signal Proteins At DNA Double Strand Breaks R-HSA-5693565	56	492	33010	0		1.0	1.0
Reactome	hypermethylated	Recruitment Of NuMA To Mitotic Centrosomes R-HSA-380320	77	492	33010	0		1.0	1.0
Reactome	hypermethylated	Recycling Of Bile Acids And Salts R-HSA-159418	18	492	33010	0		1.0	1.0
Reactome	hypermethylated	Recycling Of eIF2:GDP R-HSA-72731	7	492	33010	0		1.0	1.0
Reactome	hypermethylated	Recycling Pathway Of L1 R-HSA-437239	22	492	33010	0		1.0	1.0
Reactome	hypermethylated	Reduction Of Cytosolic Ca++ Levels R-HSA-418359	10	492	33010	0		1.0	1.0
Reactome	hypermethylated	Regulated Necrosis R-HSA-5218859	55	492	33010	0		1.0	1.0
Reactome	hypermethylated	Regulated Proteolysis Of p75NTR R-HSA-193692	11	492	33010	0		1.0	1.0
Reactome	hypermethylated	Regulation Of APC/C Activators Between G1/S And Early Anaphase R-HSA-176408	79	492	33010	0		1.0	1.0
Reactome	hypermethylated	Regulation Of Apoptosis R-HSA-169911	50	492	33010	0		1.0	1.0
Reactome	hypermethylated	Regulation Of BACH1 Activity R-HSA-9708530	11	492	33010	0		1.0	1.0
Reactome	hypermethylated	Regulation Of Complement Cascade R-HSA-977606	41	492	33010	0		1.0	1.0
Reactome	hypermethylated	Regulation Of FOXO Transcriptional Activity By Acetylation R-HSA-9617629	9	492	33010	0		1.0	1.0
Reactome	hypermethylated	Regulation Of FZD By Ubiquitination R-HSA-4641263	20	492	33010	0		1.0	1.0
Reactome	hypermethylated	Regulation Of HMOX1 Expression And Activity R-HSA-9707587	5	492	33010	0		1.0	1.0
Reactome	hypermethylated	Regulation Of IFNA/IFNB Signaling R-HSA-912694	14	492	33010	0		1.0	1.0
Reactome	hypermethylated	Regulation Of IFNG Signaling R-HSA-877312	14	492	33010	0		1.0	1.0
Reactome	hypermethylated	Regulation Of KIT Signaling R-HSA-1433559	16	492	33010	0		1.0	1.0
Reactome	hypermethylated	Regulation Of MECP2 Expression And Activity R-HSA-9022692	29	492	33010	0		1.0	1.0
Reactome	hypermethylated	Regulation Of NF-kappa B Signaling R-HSA-9758274	17	492	33010	0		1.0	1.0
Reactome	hypermethylated	Regulation Of PLK1 Activity At G2/M Transition R-HSA-2565942	84	492	33010	0		1.0	1.0
Reactome	hypermethylated	Regulation Of PTEN Localization R-HSA-8948747	8	492	33010	0		1.0	1.0
Reactome	hypermethylated	Regulation Of PTEN mRNA Translation R-HSA-8943723	11	492	33010	0		1.0	1.0
Reactome	hypermethylated	Regulation Of PTEN Stability And Activity R-HSA-8948751	65	492	33010	0		1.0	1.0
Reactome	hypermethylated	Regulation Of RAS By GAPs R-HSA-5658442	63	492	33010	0		1.0	1.0
Reactome	hypermethylated	Regulation Of RUNX1 Expression And Activity R-HSA-8934593	17	492	33010	0		1.0	1.0
Reactome	hypermethylated	Regulation Of RUNX2 Expression And Activity R-HSA-8939902	71	492	33010	0		1.0	1.0
Reactome	hypermethylated	Regulation Of TLR By Endogenous Ligand R-HSA-5686938	18	492	33010	0		1.0	1.0
Reactome	hypermethylated	Regulation Of TNFR1 Signaling R-HSA-5357905	33	492	33010	0		1.0	1.0
Reactome	hypermethylated	Regulation Of TP53 Activity Thru Acetylation R-HSA-6804758	28	492	33010	0		1.0	1.0
Reactome	hypermethylated	Regulation Of TP53 Activity Thru Methylation R-HSA-6804760	19	492	33010	0		1.0	1.0
Reactome	hypermethylated	Regulation Of TP53 Activity Thru Phosphorylation R-HSA-6804756	87	492	33010	0		1.0	1.0
Reactome	hypermethylated	Regulation Of Actin Dynamics For Phagocytic Cup Formation R-HSA-2029482	55	492	33010	0		1.0	1.0
Reactome	hypermethylated	Regulation Of Activated PAK-2p34 By Proteasome Mediated Degradation R-HSA-211733	48	492	33010	0		1.0	1.0
Reactome	hypermethylated	Regulation Of Cholesterol Biosynthesis By SREBP (SREBF) R-HSA-1655829	53	492	33010	0		1.0	1.0
Reactome	hypermethylated	Regulation Of Commissural Axon Pathfinding By SLIT And ROBO R-HSA-428542	9	492	33010	0		1.0	1.0
Reactome	hypermethylated	Regulation Of Cytoskeletal Remodeling And Cell Spreading By IPP Complex Components R-HSA-446388	7	492	33010	0		1.0	1.0
Reactome	hypermethylated	Regulation Of Gene Expression By Hypoxia-inducible Factor R-HSA-1234158	11	492	33010	0		1.0	1.0
Reactome	hypermethylated	Regulation Of Gene Expression In Early Pancreatic Precursor Cells R-HSA-210747	8	492	33010	0		1.0	1.0
Reactome	hypermethylated	Regulation Of Glycolysis By Fructose 2,6-Bisphosphate Metabolism R-HSA-9634600	11	492	33010	0		1.0	1.0
Reactome	hypermethylated	Regulation Of Innate Immune Responses To Cytosolic DNA R-HSA-3134975	15	492	33010	0		1.0	1.0
Reactome	hypermethylated	Regulation Of Localization Of FOXO Transcription Factors R-HSA-9614399	11	492	33010	0		1.0	1.0
Reactome	hypermethylated	Regulation Of mRNA Stability By Proteins That Bind AU-rich Elements R-HSA-450531	87	492	33010	0		1.0	1.0
Reactome	hypermethylated	Regulation Of Necroptotic Cell Death R-HSA-5675482	27	492	33010	0		1.0	1.0
Reactome	hypermethylated	Regulation Of Ornithine Decarboxylase (ODC) R-HSA-350562	49	492	33010	0		1.0	1.0
Reactome	hypermethylated	Regulation Of Pyruvate Dehydrogenase (PDH) Complex R-HSA-204174	14	492	33010	0		1.0	1.0
Reactome	hypermethylated	Regulation Of Signaling By NODAL R-HSA-1433617	9	492	33010	0		1.0	1.0
Reactome	hypermethylated	Relaxin Receptors R-HSA-444821	7	492	33010	0		1.0	1.0
Reactome	hypermethylated	Release Of Hh-Np From Secreting Cell R-HSA-5362798	8	492	33010	0		1.0	1.0
Reactome	hypermethylated	Release Of Apoptotic Factors From Mitochondria R-HSA-111457	7	492	33010	0		1.0	1.0
Reactome	hypermethylated	Removal Of Aminoterminal Propeptides From Gamma-Carboxylated Proteins R-HSA-159782	8	492	33010	0		1.0	1.0
Reactome	hypermethylated	Removal Of Flap Intermediate R-HSA-69166	13	492	33010	0		1.0	1.0
Reactome	hypermethylated	Removal Of Flap Intermediate From C-strand R-HSA-174437	17	492	33010	0		1.0	1.0
Reactome	hypermethylated	Repression Of WNT Target Genes R-HSA-4641265	14	492	33010	0		1.0	1.0
Reactome	hypermethylated	Reproduction R-HSA-1474165	105	492	33010	0		1.0	1.0
Reactome	hypermethylated	Resolution Of AP Sites Via Multiple-Nucleotide Patch Replacement Pathway R-HSA-110373	25	492	33010	0		1.0	1.0
Reactome	hypermethylated	Resolution Of Abasic Sites (AP Sites) R-HSA-73933	38	492	33010	0		1.0	1.0
Reactome	hypermethylated	Resolution Of D-Loop Structures R-HSA-5693537	33	492	33010	0		1.0	1.0
Reactome	hypermethylated	Resolution Of D-loop Structures Thru Holliday Junction Intermediates R-HSA-5693568	32	492	33010	0		1.0	1.0
Reactome	hypermethylated	Resolution Of D-loop Structures Thru Synthesis-Dependent Strand Annealing (SDSA) R-HSA-5693554	27	492	33010	0		1.0	1.0
Reactome	hypermethylated	Resolution Of Sister Chromatid Cohesion R-HSA-2500257	101	492	33010	0		1.0	1.0
Reactome	hypermethylated	Respiratory Electron Transport R-HSA-611105	87	492	33010	0		1.0	1.0
Reactome	hypermethylated	Respiratory Electron Transport, ATP Synthesis By Chemiosmotic Coupling, Heat Production By Uncoupling Proteins R-HSA-163200	108	492	33010	0		1.0	1.0
Reactome	hypermethylated	Response Of EIF2AK1 (HRI) To Heme Deficiency R-HSA-9648895	14	492	33010	0		1.0	1.0
Reactome	hypermethylated	Response Of EIF2AK4 (GCN2) To Amino Acid Deficiency R-HSA-9633012	92	492	33010	0		1.0	1.0
Reactome	hypermethylated	Response Of Mtb To Phagocytosis R-HSA-9637690	21	492	33010	0		1.0	1.0
Reactome	hypermethylated	Response To Metal Ions R-HSA-5660526	14	492	33010	0		1.0	1.0
Reactome	hypermethylated	Retinoid Metabolism And Transport R-HSA-975634	41	492	33010	0		1.0	1.0
Reactome	hypermethylated	Retrograde Transport At Trans-Golgi-Network R-HSA-6811440	46	492	33010	0		1.0	1.0
Reactome	hypermethylated	Rev-mediated Nuclear Export Of HIV RNA R-HSA-165054	35	492	33010	0		1.0	1.0
Reactome	hypermethylated	Reversal Of Alkylation Damage By DNA Dioxygenases R-HSA-73943	7	492	33010	0		1.0	1.0
Reactome	hypermethylated	Reversible Hydration Of Carbon Dioxide R-HSA-1475029	11	492	33010	0		1.0	1.0
Reactome	hypermethylated	Role Of ABL In ROBO-SLIT Signaling R-HSA-428890	8	492	33010	0		1.0	1.0
Reactome	hypermethylated	Role Of LAT2/NTAL/LAB On Calcium Mobilization R-HSA-2730905	13	492	33010	0		1.0	1.0
Reactome	hypermethylated	Role Of Phospholipids In Phagocytosis R-HSA-2029485	22	492	33010	0		1.0	1.0
Reactome	hypermethylated	Role Of Second Messengers In Netrin-1 Signaling R-HSA-418890	9	492	33010	0		1.0	1.0
Reactome	hypermethylated	SARS-CoV-2 Activates/Modulates Innate And Adaptive Immune Responses R-HSA-9705671	104	492	33010	0		1.0	1.0
Reactome	hypermethylated	SARS-CoV-2 Modulates Autophagy R-HSA-9754560	11	492	33010	0		1.0	1.0
Reactome	hypermethylated	SARS-CoV-2 Modulates Host Translation Machinery R-HSA-9754678	42	492	33010	0		1.0	1.0
Reactome	hypermethylated	SARS-CoV-2 Targets PDZ Proteins In Cell-Cell Junction R-HSA-9705677	4	492	33010	0		1.0	1.0
Reactome	hypermethylated	SARS-CoV-2 Targets Host Intracellular Signaling And Regulatory Pathways R-HSA-9755779	13	492	33010	0		1.0	1.0
Reactome	hypermethylated	SARS-CoV-2-host Interactions R-HSA-9705683	173	492	33010	0		1.0	1.0
Reactome	hypermethylated	SCF(Skp2)-mediated Degradation Of P27/P21 R-HSA-187577	58	492	33010	0		1.0	1.0
Reactome	hypermethylated	SCF-beta-TrCP Mediated Degradation Of Emi1 R-HSA-174113	53	492	33010	0		1.0	1.0
Reactome	hypermethylated	SEMA3A-Plexin Repulsion Signaling By Inhibiting Integrin Adhesion R-HSA-399955	13	492	33010	0		1.0	1.0
Reactome	hypermethylated	SHC-mediated cascade:FGFR4 R-HSA-5654719	17	492	33010	0		1.0	1.0
Reactome	hypermethylated	SHC-related Events Triggered By IGF1R R-HSA-2428933	8	492	33010	0		1.0	1.0
Reactome	hypermethylated	SHC1 Events In EGFR Signaling R-HSA-180336	12	492	33010	0		1.0	1.0
Reactome	hypermethylated	SHC1 Events In ERBB2 Signaling R-HSA-1250196	21	492	33010	0		1.0	1.0
Reactome	hypermethylated	SHC1 Events In ERBB4 Signaling R-HSA-1250347	13	492	33010	0		1.0	1.0
Reactome	hypermethylated	SIRT1 Negatively Regulates rRNA Expression R-HSA-427359	31	492	33010	0		1.0	1.0
Reactome	hypermethylated	SLBP Dependent Processing Of Replication-Dependent Histone Pre-mRNAs R-HSA-77588	11	492	33010	0		1.0	1.0
Reactome	hypermethylated	SLBP Independent Processing Of Histone Pre-mRNAs R-HSA-111367	10	492	33010	0		1.0	1.0
Reactome	hypermethylated	SMAC (DIABLO) Binds To IAPs R-HSA-111463	6	492	33010	0		1.0	1.0
Reactome	hypermethylated	SMAC, XIAP-regulated Apoptotic Response R-HSA-111469	7	492	33010	0		1.0	1.0
Reactome	hypermethylated	SMAD2/3 Phosphorylation Motif Mutants In Cancer R-HSA-3304356	6	492	33010	0		1.0	1.0
Reactome	hypermethylated	SMAD2/SMAD3:SMAD4 Heterotrimer Regulates Transcription R-HSA-2173796	36	492	33010	0		1.0	1.0
Reactome	hypermethylated	SOS-mediated Signaling R-HSA-112412	6	492	33010	0		1.0	1.0
Reactome	hypermethylated	STAT3 Nuclear Events Downstream Of ALK Signaling R-HSA-9701898	9	492	33010	0		1.0	1.0
Reactome	hypermethylated	STAT5 Activation R-HSA-9645135	7	492	33010	0		1.0	1.0
Reactome	hypermethylated	STAT5 Activation Downstream Of FLT3 ITD Mutants R-HSA-9702518	10	492	33010	0		1.0	1.0
Reactome	hypermethylated	STING Mediated Induction Of Host Immune Responses R-HSA-1834941	16	492	33010	0		1.0	1.0
Reactome	hypermethylated	SUMO Is Proteolytically Processed R-HSA-3065679	5	492	33010	0		1.0	1.0
Reactome	hypermethylated	SUMO Is Transferred From E1 To E2 (UBE2I, UBC9) R-HSA-3065678	6	492	33010	0		1.0	1.0
Reactome	hypermethylated	SUMOylation Of DNA Methylation Proteins R-HSA-4655427	16	492	33010	0		1.0	1.0
Reactome	hypermethylated	SUMOylation Of DNA Replication Proteins R-HSA-4615885	45	492	33010	0		1.0	1.0
Reactome	hypermethylated	SUMOylation Of RNA Binding Proteins R-HSA-4570464	47	492	33010	0		1.0	1.0
Reactome	hypermethylated	SUMOylation Of SUMOylation Proteins R-HSA-4085377	35	492	33010	0		1.0	1.0
Reactome	hypermethylated	SUMOylation Of Immune Response Proteins R-HSA-4755510	10	492	33010	0		1.0	1.0
Reactome	hypermethylated	SUMOylation Of Transcription Cofactors R-HSA-3899300	43	492	33010	0		1.0	1.0
Reactome	hypermethylated	SUMOylation Of Ubiquitinylation Proteins R-HSA-3232142	39	492	33010	0		1.0	1.0
Reactome	hypermethylated	Scavenging By Class A Receptors R-HSA-3000480	19	492	33010	0		1.0	1.0
Reactome	hypermethylated	Scavenging By Class B Receptors R-HSA-3000471	6	492	33010	0		1.0	1.0
Reactome	hypermethylated	Scavenging By Class F Receptors R-HSA-3000484	6	492	33010	0		1.0	1.0
Reactome	hypermethylated	Scavenging Of Heme From Plasma R-HSA-2168880	11	492	33010	0		1.0	1.0
Reactome	hypermethylated	Selenoamino Acid Metabolism R-HSA-2408522	108	492	33010	0		1.0	1.0
Reactome	hypermethylated	Selenocysteine Synthesis R-HSA-2408557	85	492	33010	0		1.0	1.0
Reactome	hypermethylated	Sema3A PAK Dependent Axon Repulsion R-HSA-399954	15	492	33010	0		1.0	1.0
Reactome	hypermethylated	Sema4D In Semaphorin Signaling R-HSA-400685	24	492	33010	0		1.0	1.0
Reactome	hypermethylated	Sema4D Induced Cell Migration And Growth-Cone Collapse R-HSA-416572	20	492	33010	0		1.0	1.0
Reactome	hypermethylated	Sema4D Mediated Inhibition Of Cell Attachment And Migration R-HSA-416550	8	492	33010	0		1.0	1.0
Reactome	hypermethylated	Sensing Of DNA Double Strand Breaks R-HSA-5693548	6	492	33010	0		1.0	1.0
Reactome	hypermethylated	Sensory Perception Of Salty Taste R-HSA-9730628	6	492	33010	0		1.0	1.0
Reactome	hypermethylated	Separation Of Sister Chromatids R-HSA-2467813	164	492	33010	0		1.0	1.0
Reactome	hypermethylated	Serine Biosynthesis R-HSA-977347	9	492	33010	0		1.0	1.0
Reactome	hypermethylated	Serotonin And Melatonin Biosynthesis R-HSA-209931	4	492	33010	0		1.0	1.0
Reactome	hypermethylated	Signal Amplification R-HSA-392518	33	492	33010	0		1.0	1.0
Reactome	hypermethylated	Signal Attenuation R-HSA-74749	10	492	33010	0		1.0	1.0
Reactome	hypermethylated	Signal Regulatory Protein Family Interactions R-HSA-391160	13	492	33010	0		1.0	1.0
Reactome	hypermethylated	Signal Transduction By L1 R-HSA-445144	19	492	33010	0		1.0	1.0
Reactome	hypermethylated	Signaling By ALK R-HSA-201556	25	492	33010	0		1.0	1.0
Reactome	hypermethylated	Signaling By Activin R-HSA-1502540	15	492	33010	0		1.0	1.0
Reactome	hypermethylated	Signaling By BRAF And RAF1 Fusions R-HSA-6802952	60	492	33010	0		1.0	1.0
Reactome	hypermethylated	Signaling By EGFR In Cancer R-HSA-1643713	23	492	33010	0		1.0	1.0
Reactome	hypermethylated	Signaling By ERBB2 ECD Mutants R-HSA-9665348	15	492	33010	0		1.0	1.0
Reactome	hypermethylated	Signaling By ERBB2 KD Mutants R-HSA-9664565	24	492	33010	0		1.0	1.0
Reactome	hypermethylated	Signaling By ERBB2 R-HSA-1227986	49	492	33010	0		1.0	1.0
Reactome	hypermethylated	Signaling By ERBB2 TMD/JMD Mutants R-HSA-9665686	21	492	33010	0		1.0	1.0
Reactome	hypermethylated	Signaling By ERBB2 In Cancer R-HSA-1227990	25	492	33010	0		1.0	1.0
Reactome	hypermethylated	Signaling By Erythropoietin R-HSA-9006335	24	492	33010	0		1.0	1.0
Reactome	hypermethylated	Signaling By FGFR2 IIIa TM R-HSA-8851708	18	492	33010	0		1.0	1.0
Reactome	hypermethylated	Signaling By FGFR4 In Disease R-HSA-5655291	10	492	33010	0		1.0	1.0
Reactome	hypermethylated	Signaling By FLT3 ITD And TKD Mutants R-HSA-9703648	15	492	33010	0		1.0	1.0
Reactome	hypermethylated	Signaling By FLT3 Fusion Proteins R-HSA-9703465	18	492	33010	0		1.0	1.0
Reactome	hypermethylated	Signaling By Hippo R-HSA-2028269	19	492	33010	0		1.0	1.0
Reactome	hypermethylated	Signaling By KIT In Disease R-HSA-9669938	19	492	33010	0		1.0	1.0
Reactome	hypermethylated	Signaling By LRP5 Mutants R-HSA-5339717	6	492	33010	0		1.0	1.0
Reactome	hypermethylated	Signaling By Leptin R-HSA-2586552	11	492	33010	0		1.0	1.0
Reactome	hypermethylated	Signaling By MAPK Mutants R-HSA-9652817	6	492	33010	0		1.0	1.0
Reactome	hypermethylated	Signaling By MET R-HSA-6806834	62	492	33010	0		1.0	1.0
Reactome	hypermethylated	Signaling By MST1 R-HSA-8852405	5	492	33010	0		1.0	1.0
Reactome	hypermethylated	Signaling By NODAL R-HSA-1181150	20	492	33010	0		1.0	1.0
Reactome	hypermethylated	Signaling By NTRK2 (TRKB) R-HSA-9006115	23	492	33010	0		1.0	1.0
Reactome	hypermethylated	Signaling By NTRK3 (TRKC) R-HSA-9034015	16	492	33010	0		1.0	1.0
Reactome	hypermethylated	Signaling By Non-Receptor Tyrosine Kinases R-HSA-9006927	52	492	33010	0		1.0	1.0
Reactome	hypermethylated	Signaling By PDGF R-HSA-186797	50	492	33010	0		1.0	1.0
Reactome	hypermethylated	Signaling By PDGFR In Disease R-HSA-9671555	19	492	33010	0		1.0	1.0
Reactome	hypermethylated	Signaling By PDGFRA Extracellular Domain Mutants R-HSA-9673770	11	492	33010	0		1.0	1.0
Reactome	hypermethylated	Signaling By RAF1 Mutants R-HSA-9656223	36	492	33010	0		1.0	1.0
Reactome	hypermethylated	Signaling By RNF43 Mutants R-HSA-5340588	7	492	33010	0		1.0	1.0
Reactome	hypermethylated	Signaling By TGF-beta Receptor Complex In Cancer R-HSA-3304351	8	492	33010	0		1.0	1.0
Reactome	hypermethylated	Signaling By WNT R-HSA-195721	283	492	33010	0		1.0	1.0
Reactome	hypermethylated	Signaling By WNT In Cancer R-HSA-4791275	31	492	33010	0		1.0	1.0
Reactome	hypermethylated	Signaling By High-Kinase Activity BRAF Mutants R-HSA-6802948	31	492	33010	0		1.0	1.0
Reactome	hypermethylated	Signaling By Membrane-Tethered Fusions Of PDGFRA Or PDGFRB R-HSA-9673768	5	492	33010	0		1.0	1.0
Reactome	hypermethylated	Signaling By B Cell Receptor (BCR) R-HSA-983705	104	492	33010	0		1.0	1.0
Reactome	hypermethylated	Small Interfering RNA (siRNA) Biogenesis R-HSA-426486	9	492	33010	0		1.0	1.0
Reactome	hypermethylated	Smooth Muscle Contraction R-HSA-445355	42	492	33010	0		1.0	1.0
Reactome	hypermethylated	Sodium-coupled Phosphate Cotransporters R-HSA-427652	5	492	33010	0		1.0	1.0
Reactome	hypermethylated	Sodium/Calcium Exchangers R-HSA-425561	10	492	33010	0		1.0	1.0
Reactome	hypermethylated	Sodium/Proton Exchangers R-HSA-425986	7	492	33010	0		1.0	1.0
Reactome	hypermethylated	Sperm Motility And Taxes R-HSA-1300642	9	492	33010	0		1.0	1.0
Reactome	hypermethylated	Striated Muscle Contraction R-HSA-390522	32	492	33010	0		1.0	1.0
Reactome	hypermethylated	Sulfide Oxidation To Sulfate R-HSA-1614517	5	492	33010	0		1.0	1.0
Reactome	hypermethylated	Sulfur Amino Acid Metabolism R-HSA-1614635	25	492	33010	0		1.0	1.0
Reactome	hypermethylated	Suppression Of Apoptosis R-HSA-9635465	6	492	33010	0		1.0	1.0
Reactome	hypermethylated	Suppression Of Phagosomal Maturation R-HSA-9637687	13	492	33010	0		1.0	1.0
Reactome	hypermethylated	Surfactant Metabolism R-HSA-5683826	26	492	33010	0		1.0	1.0
Reactome	hypermethylated	Switching Of Origins To A Post-Replicative State R-HSA-69052	89	492	33010	0		1.0	1.0
Reactome	hypermethylated	Synaptic Adhesion-Like Molecules R-HSA-8849932	20	492	33010	0		1.0	1.0
Reactome	hypermethylated	Syndecan Interactions R-HSA-3000170	18	492	33010	0		1.0	1.0
Reactome	hypermethylated	Synthesis Of (16-20)-Hydroxyeicosatetraenoic Acids (HETE) R-HSA-2142816	9	492	33010	0		1.0	1.0
Reactome	hypermethylated	Synthesis Of 12-Eicosatetraenoic Acid Derivatives R-HSA-2142712	7	492	33010	0		1.0	1.0
Reactome	hypermethylated	Synthesis Of 15-Eicosatetraenoic Acid Derivatives R-HSA-2142770	6	492	33010	0		1.0	1.0
Reactome	hypermethylated	Synthesis Of DNA R-HSA-69239	117	492	33010	0		1.0	1.0
Reactome	hypermethylated	Synthesis Of Dolichyl-phosphate R-HSA-446199	6	492	33010	0		1.0	1.0
Reactome	hypermethylated	Synthesis Of GDP-mannose R-HSA-446205	5	492	33010	0		1.0	1.0
Reactome	hypermethylated	Synthesis Of IP2, IP, And Ins In Cytosol R-HSA-1855183	13	492	33010	0		1.0	1.0
Reactome	hypermethylated	Synthesis Of IP3 And IP4 In Cytosol R-HSA-1855204	25	492	33010	0		1.0	1.0
Reactome	hypermethylated	Synthesis Of Ketone Bodies R-HSA-77111	8	492	33010	0		1.0	1.0
Reactome	hypermethylated	Synthesis Of PA R-HSA-1483166	38	492	33010	0		1.0	1.0
Reactome	hypermethylated	Synthesis Of PC R-HSA-1483191	26	492	33010	0		1.0	1.0
Reactome	hypermethylated	Synthesis Of PE R-HSA-1483213	13	492	33010	0		1.0	1.0
Reactome	hypermethylated	Synthesis Of PG R-HSA-1483148	8	492	33010	0		1.0	1.0
Reactome	hypermethylated	Synthesis Of PI R-HSA-1483226	5	492	33010	0		1.0	1.0
Reactome	hypermethylated	Synthesis Of PIPs At ER Membrane R-HSA-1483248	5	492	33010	0		1.0	1.0
Reactome	hypermethylated	Synthesis Of PIPs At Golgi Membrane R-HSA-1660514	16	492	33010	0		1.0	1.0
Reactome	hypermethylated	Synthesis Of PIPs At Early Endosome Membrane R-HSA-1660516	15	492	33010	0		1.0	1.0
Reactome	hypermethylated	Synthesis Of PIPs At Late Endosome Membrane R-HSA-1660517	10	492	33010	0		1.0	1.0
Reactome	hypermethylated	Synthesis Of PIPs At Plasma Membrane R-HSA-1660499	47	492	33010	0		1.0	1.0
Reactome	hypermethylated	Synthesis Of Prostaglandins (PG) And Thromboxanes (TX) R-HSA-2162123	15	492	33010	0		1.0	1.0
Reactome	hypermethylated	Synthesis Of UDP-N-acetyl-glucosamine R-HSA-446210	7	492	33010	0		1.0	1.0
Reactome	hypermethylated	Synthesis Of Active Ubiquitin: Roles Of E1 And E2 Enzymes R-HSA-8866652	27	492	33010	0		1.0	1.0
Reactome	hypermethylated	Synthesis Of Bile Acids And Bile Salts R-HSA-192105	34	492	33010	0		1.0	1.0
Reactome	hypermethylated	Synthesis Of Bile Acids And Bile Salts Via 24-Hydroxycholesterol R-HSA-193775	14	492	33010	0		1.0	1.0
Reactome	hypermethylated	Synthesis Of Bile Acids And Bile Salts Via 27-Hydroxycholesterol R-HSA-193807	15	492	33010	0		1.0	1.0
Reactome	hypermethylated	Synthesis Of Bile Acids And Bile Salts Via 7Alpha-Hydroxycholesterol R-HSA-193368	24	492	33010	0		1.0	1.0
Reactome	hypermethylated	Synthesis Of diphthamide-EEF2 R-HSA-5358493	8	492	33010	0		1.0	1.0
Reactome	hypermethylated	Synthesis Of Epoxy (EET) And Dihydroxyeicosatrienoic Acids (DHET) R-HSA-2142670	8	492	33010	0		1.0	1.0
Reactome	hypermethylated	Synthesis Of Glycosylphosphatidylinositol (GPI) R-HSA-162710	17	492	33010	0		1.0	1.0
Reactome	hypermethylated	Synthesis Of Pyrophosphates In Cytosol R-HSA-1855167	8	492	33010	0		1.0	1.0
Reactome	hypermethylated	Synthesis Of Very Long-Chain Fatty acyl-CoAs R-HSA-75876	23	492	33010	0		1.0	1.0
Reactome	hypermethylated	Synthesis Of Wybutosine At G37 Of tRNA(Phe) R-HSA-6782861	6	492	33010	0		1.0	1.0
Reactome	hypermethylated	Synthesis, Secretion, And Deacylation Of Ghrelin R-HSA-422085	18	492	33010	0		1.0	1.0
Reactome	hypermethylated	TAK1-dependent IKK And NF-kappa-B Activation R-HSA-445989	42	492	33010	0		1.0	1.0
Reactome	hypermethylated	TBC/RABGAPs R-HSA-8854214	40	492	33010	0		1.0	1.0
Reactome	hypermethylated	TCF Dependent Signaling In Response To WNT R-HSA-201681	188	492	33010	0		1.0	1.0
Reactome	hypermethylated	TFAP2 (AP-2) Family Regulates Transcription Of Cell Cycle Factors R-HSA-8866911	5	492	33010	0		1.0	1.0
Reactome	hypermethylated	TFAP2A Acts As A Transcriptional Repressor During Retinoic Acid Induced Cell Differentiation R-HSA-8869496	5	492	33010	0		1.0	1.0
Reactome	hypermethylated	TGF-beta Receptor Signaling Activates SMADs R-HSA-2173789	44	492	33010	0		1.0	1.0
Reactome	hypermethylated	TGF-beta Receptor Signaling In EMT (Epithelial To Mesenchymal Transition) R-HSA-2173791	16	492	33010	0		1.0	1.0
Reactome	hypermethylated	TICAM1, RIP1-mediated IKK Complex Recruitment R-HSA-168927	18	492	33010	0		1.0	1.0
Reactome	hypermethylated	TICAM1,TRAF6-dependent Induction Of TAK1 Complex R-HSA-9014325	10	492	33010	0		1.0	1.0
Reactome	hypermethylated	TICAM1-dependent Activation Of IRF3/IRF7 R-HSA-9013973	12	492	33010	0		1.0	1.0
Reactome	hypermethylated	TLR3-mediated TICAM1-dependent Programmed Cell Death R-HSA-9013957	6	492	33010	0		1.0	1.0
Reactome	hypermethylated	TNF Receptor Superfamily (TNFSF) Members Mediating Non-Canonical NF-kB Pathway R-HSA-5676594	16	492	33010	0		1.0	1.0
Reactome	hypermethylated	TNF Signaling R-HSA-75893	41	492	33010	0		1.0	1.0
Reactome	hypermethylated	TNFR1-induced NFkappaB Signaling Pathway R-HSA-5357956	23	492	33010	0		1.0	1.0
Reactome	hypermethylated	TNFR1-induced Proapoptotic Signaling R-HSA-5357786	13	492	33010	0		1.0	1.0
Reactome	hypermethylated	TNFR1-mediated Ceramide Production R-HSA-5626978	6	492	33010	0		1.0	1.0
Reactome	hypermethylated	TNFR2 Non-Canonical NF-kB Pathway R-HSA-5668541	95	492	33010	0		1.0	1.0
Reactome	hypermethylated	TNFs Bind Their Physiological Receptors R-HSA-5669034	26	492	33010	0		1.0	1.0
Reactome	hypermethylated	TP53 Regulates Metabolic Genes R-HSA-5628897	78	492	33010	0		1.0	1.0
Reactome	hypermethylated	TP53 Regulates Transcription Of Caspase Activators And Caspases R-HSA-6803207	12	492	33010	0		1.0	1.0
Reactome	hypermethylated	TP53 Regulates Transcription Of Cell Cycle Genes R-HSA-6791312	49	492	33010	0		1.0	1.0
Reactome	hypermethylated	TP53 Regulates Transcription Of Cell Death Genes R-HSA-5633008	44	492	33010	0		1.0	1.0
Reactome	hypermethylated	TP53 Regulates Transcription Of DNA Repair Genes R-HSA-6796648	61	492	33010	0		1.0	1.0
Reactome	hypermethylated	TP53 Regulates Transcription Of Death Receptors And Ligands R-HSA-6803211	12	492	33010	0		1.0	1.0
Reactome	hypermethylated	TP53 Regulates Transcription Of Genes Involved In Cytochrome C Release R-HSA-6803204	20	492	33010	0		1.0	1.0
Reactome	hypermethylated	TP53 Regulates Transcription Of Genes Involved In G1 Cell Cycle Arrest R-HSA-6804116	14	492	33010	0		1.0	1.0
Reactome	hypermethylated	TP53 Regulates Transcription Of Genes Involved In G2 Cell Cycle Arrest R-HSA-6804114	18	492	33010	0		1.0	1.0
Reactome	hypermethylated	TP53 Regulates Transcription Of Additional Cell Cycle Genes With Uncertain Roles In P53 Pathway R-HSA-6804115	21	492	33010	0		1.0	1.0
Reactome	hypermethylated	TP53 Regulates Transcription Of Additional Cell Death Genes With Uncertain Roles In P53-Dependent Apoptosis R-HSA-6803205	14	492	33010	0		1.0	1.0
Reactome	hypermethylated	TRAF3-dependent IRF Activation Pathway R-HSA-918233	13	492	33010	0		1.0	1.0
Reactome	hypermethylated	TRAF6 Mediated IRF7 Activation R-HSA-933541	16	492	33010	0		1.0	1.0
Reactome	hypermethylated	TRAF6 Mediated IRF7 Activation In TLR7/8 Or 9 Signaling R-HSA-975110	7	492	33010	0		1.0	1.0
Reactome	hypermethylated	TRAF6 Mediated NF-kB Activation R-HSA-933542	23	492	33010	0		1.0	1.0
Reactome	hypermethylated	TRAF6 Mediated Induction Of NFkB And MAP Kinases Upon TLR7/8 Or 9 Activation R-HSA-975138	96	492	33010	0		1.0	1.0
Reactome	hypermethylated	TRAF6-mediated Induction Of TAK1 Complex Within TLR4 Complex R-HSA-937072	15	492	33010	0		1.0	1.0
Reactome	hypermethylated	TRAIL Signaling R-HSA-75158	8	492	33010	0		1.0	1.0
Reactome	hypermethylated	TRIF-mediated Programmed Cell Death R-HSA-2562578	9	492	33010	0		1.0	1.0
Reactome	hypermethylated	TRP Channels R-HSA-3295583	24	492	33010	0		1.0	1.0
Reactome	hypermethylated	TYSND1 Cleaves Peroxisomal Proteins R-HSA-9033500	7	492	33010	0		1.0	1.0
Reactome	hypermethylated	Tandem Pore Domain Potassium Channels R-HSA-1296346	12	492	33010	0		1.0	1.0
Reactome	hypermethylated	Telomere C-strand (Lagging Strand) Synthesis R-HSA-174417	32	492	33010	0		1.0	1.0
Reactome	hypermethylated	Telomere C-strand Synthesis Initiation R-HSA-174430	11	492	33010	0		1.0	1.0
Reactome	hypermethylated	Telomere Extension By Telomerase R-HSA-171319	22	492	33010	0		1.0	1.0
Reactome	hypermethylated	Telomere Maintenance R-HSA-157579	85	492	33010	0		1.0	1.0
Reactome	hypermethylated	Terminal Pathway Of Complement R-HSA-166665	7	492	33010	0		1.0	1.0
Reactome	hypermethylated	Termination Of O-glycan Biosynthesis R-HSA-977068	24	492	33010	0		1.0	1.0
Reactome	hypermethylated	Termination Of Translesion DNA Synthesis R-HSA-5656169	32	492	33010	0		1.0	1.0
Reactome	hypermethylated	Tetrahydrobiopterin (BH4) Synthesis, Recycling, Salvage And Regulation R-HSA-1474151	10	492	33010	0		1.0	1.0
Reactome	hypermethylated	NLRP3 Inflammasome R-HSA-844456	16	492	33010	0		1.0	1.0
Reactome	hypermethylated	Activation Of Arylsulfatases R-HSA-1663150	8	492	33010	0		1.0	1.0
Reactome	hypermethylated	Canonical Retinoid Cycle In Rods (Twilight Vision) R-HSA-2453902	23	492	33010	0		1.0	1.0
Reactome	hypermethylated	Fatty Acid Cycling Model R-HSA-167826	4	492	33010	0		1.0	1.0
Reactome	hypermethylated	Phototransduction Cascade R-HSA-2514856	30	492	33010	0		1.0	1.0
Reactome	hypermethylated	Retinoid Cycle In Cones (Daylight Vision) R-HSA-2187335	4	492	33010	0		1.0	1.0
Reactome	hypermethylated	Role Of GTSE1 In G2/M Progression After G2 Checkpoint R-HSA-8852276	58	492	33010	0		1.0	1.0
Reactome	hypermethylated	Thrombin Signaling Thru Proteinase Activated Receptors (PARs) R-HSA-456926	32	492	33010	0		1.0	1.0
Reactome	hypermethylated	Thromboxane Signaling Thru TP Receptor R-HSA-428930	24	492	33010	0		1.0	1.0
Reactome	hypermethylated	Thyroxine Biosynthesis R-HSA-209968	10	492	33010	0		1.0	1.0
Reactome	hypermethylated	Tie2 Signaling R-HSA-210993	17	492	33010	0		1.0	1.0
Reactome	hypermethylated	Tight Junction Interactions R-HSA-420029	28	492	33010	0		1.0	1.0
Reactome	hypermethylated	Toll Like Receptor 3 (TLR3) Cascade R-HSA-168164	99	492	33010	0		1.0	1.0
Reactome	hypermethylated	Toll Like Receptor 4 (TLR4) Cascade R-HSA-166016	135	492	33010	0		1.0	1.0
Reactome	hypermethylated	Toll Like Receptor 7/8 (TLR7/8) Cascade R-HSA-168181	97	492	33010	0		1.0	1.0
Reactome	hypermethylated	Toll Like Receptor 9 (TLR9) Cascade R-HSA-168138	101	492	33010	0		1.0	1.0
Reactome	hypermethylated	Toll-like Receptor Cascades R-HSA-168898	155	492	33010	0		1.0	1.0
Reactome	hypermethylated	Toxicity Of Botulinum Toxin Type D (botD) R-HSA-5250955	5	492	33010	0		1.0	1.0
Reactome	hypermethylated	Toxicity Of Botulinum Toxin Type F (botF) R-HSA-5250981	5	492	33010	0		1.0	1.0
Reactome	hypermethylated	Trafficking And Processing Of Endosomal TLR R-HSA-1679131	11	492	33010	0		1.0	1.0
Reactome	hypermethylated	Trafficking Of GluR2-containing AMPA Receptors R-HSA-416993	15	492	33010	0		1.0	1.0
Reactome	hypermethylated	Transcription Of E2F Targets Under Negative Control By DREAM Complex R-HSA-1362277	19	492	33010	0		1.0	1.0
Reactome	hypermethylated	Transcription Of E2F Targets Under Negative Control By P107 (RBL1) And P130 (RBL2) In Complex With HDAC1 R-HSA-1362300	16	492	33010	0		1.0	1.0
Reactome	hypermethylated	Transcription Of HIV Genome R-HSA-167172	65	492	33010	0		1.0	1.0
Reactome	hypermethylated	Transcription-Coupled Nucleotide Excision Repair (TC-NER) R-HSA-6781827	75	492	33010	0		1.0	1.0
Reactome	hypermethylated	Transcriptional Regulation By E2F6 R-HSA-8953750	32	492	33010	0		1.0	1.0
Reactome	hypermethylated	Transcriptional Activation Of Mitochondrial Biogenesis R-HSA-2151201	49	492	33010	0		1.0	1.0
Reactome	hypermethylated	Transcriptional Regulation By Small RNAs R-HSA-5578749	71	492	33010	0		1.0	1.0
Reactome	hypermethylated	Transcriptional Regulation Of White Adipocyte Differentiation R-HSA-381340	81	492	33010	0		1.0	1.0
Reactome	hypermethylated	Translation Of Replicase And Assembly Of Replication Transcription Complex R-HSA-9679504	12	492	33010	0		1.0	1.0
Reactome	hypermethylated	Translation Of Structural Proteins R-HSA-9683701	30	492	33010	0		1.0	1.0
Reactome	hypermethylated	Translesion Synthesis By POLH R-HSA-110320	19	492	33010	0		1.0	1.0
Reactome	hypermethylated	Translesion Synthesis By POLI R-HSA-5656121	17	492	33010	0		1.0	1.0
Reactome	hypermethylated	Translesion Synthesis By POLK R-HSA-5655862	17	492	33010	0		1.0	1.0
Reactome	hypermethylated	Translesion Synthesis By REV1 R-HSA-110312	16	492	33010	0		1.0	1.0
Reactome	hypermethylated	Translesion Synthesis By Y Family DNA Polymerases Bypasses Lesions On DNA Template R-HSA-110313	39	492	33010	0		1.0	1.0
Reactome	hypermethylated	Translocation Of SLC2A4 (GLUT4) To Plasma Membrane R-HSA-1445148	51	492	33010	0		1.0	1.0
Reactome	hypermethylated	Transport And Synthesis Of PAPS R-HSA-174362	6	492	33010	0		1.0	1.0
Reactome	hypermethylated	Transport Of Mature Transcript To Cytoplasm R-HSA-72202	78	492	33010	0		1.0	1.0
Reactome	hypermethylated	Transport Of Mature mRNA Derived From An Intronless Transcript R-HSA-159231	42	492	33010	0		1.0	1.0
Reactome	hypermethylated	Transport Of Mature mRNA Derived From An Intron-Containing Transcript R-HSA-159236	69	492	33010	0		1.0	1.0
Reactome	hypermethylated	Transport Of Mature mRNAs Derived From Intronless Transcripts R-HSA-159234	43	492	33010	0		1.0	1.0
Reactome	hypermethylated	Transport Of RCbl Within Body R-HSA-9758890	8	492	33010	0		1.0	1.0
Reactome	hypermethylated	Transport Of Ribonucleoproteins Into Host Nucleus R-HSA-168271	35	492	33010	0		1.0	1.0
Reactome	hypermethylated	Transport Of Fatty Acids R-HSA-804914	8	492	33010	0		1.0	1.0
Reactome	hypermethylated	Transport Of Gamma-Carboxylated Protein Precursors From Endoplasmic Reticulum To Golgi Apparatus R-HSA-159763	7	492	33010	0		1.0	1.0
Reactome	hypermethylated	Transport Of Nucleosides And Free Purine And Pyrimidine Bases Across Plasma Membrane R-HSA-83936	10	492	33010	0		1.0	1.0
Reactome	hypermethylated	Transport Of Nucleotide Sugars R-HSA-727802	8	492	33010	0		1.0	1.0
Reactome	hypermethylated	Transport Of Organic Anions R-HSA-879518	10	492	33010	0		1.0	1.0
Reactome	hypermethylated	Transport Of SLBP Dependant Mature mRNA R-HSA-159230	36	492	33010	0		1.0	1.0
Reactome	hypermethylated	Transport Of SLBP Independent Mature mRNA R-HSA-159227	35	492	33010	0		1.0	1.0
Reactome	hypermethylated	Transport Of Vitamins, Nucleosides, And Related Molecules R-HSA-425397	38	492	33010	0		1.0	1.0
Reactome	hypermethylated	Triglyceride Biosynthesis R-HSA-75109	11	492	33010	0		1.0	1.0
Reactome	hypermethylated	Triglyceride Catabolism R-HSA-163560	21	492	33010	0		1.0	1.0
Reactome	hypermethylated	Triglyceride Metabolism R-HSA-8979227	32	492	33010	0		1.0	1.0
Reactome	hypermethylated	Tristetraprolin (TTP, ZFP36) Binds And Destabilizes mRNA R-HSA-450513	17	492	33010	0		1.0	1.0
Reactome	hypermethylated	Tryptophan Catabolism R-HSA-71240	14	492	33010	0		1.0	1.0
Reactome	hypermethylated	Tyrosine Catabolism R-HSA-8963684	5	492	33010	0		1.0	1.0
Reactome	hypermethylated	UCH Proteinases R-HSA-5689603	90	492	33010	0		1.0	1.0
Reactome	hypermethylated	Ubiquinol Biosynthesis R-HSA-2142789	8	492	33010	0		1.0	1.0
Reactome	hypermethylated	Ubiquitin Mediated Degradation Of Phosphorylated Cdc25A R-HSA-69601	50	492	33010	0		1.0	1.0
Reactome	hypermethylated	Ubiquitin-dependent Degradation Of Cyclin D R-HSA-75815	50	492	33010	0		1.0	1.0
Reactome	hypermethylated	Unblocking Of NMDA Receptors, Glutamate Binding And Activation R-HSA-438066	20	492	33010	0		1.0	1.0
Reactome	hypermethylated	Unfolded Protein Response (UPR) R-HSA-381119	85	492	33010	0		1.0	1.0
Reactome	hypermethylated	Unwinding Of DNA R-HSA-176974	11	492	33010	0		1.0	1.0
Reactome	hypermethylated	Uptake And Function Of Diphtheria Toxin R-HSA-5336415	6	492	33010	0		1.0	1.0
Reactome	hypermethylated	Uptake Of Dietary Cobalamins Into Enterocytes R-HSA-9758881	10	492	33010	0		1.0	1.0
Reactome	hypermethylated	Urea Cycle R-HSA-70635	8	492	33010	0		1.0	1.0
Reactome	hypermethylated	VEGF Binds To VEGFR Leading To Receptor Dimerization R-HSA-195399	7	492	33010	0		1.0	1.0
Reactome	hypermethylated	VEGFR2 Mediated Cell Proliferation R-HSA-5218921	18	492	33010	0		1.0	1.0
Reactome	hypermethylated	VLDL Clearance R-HSA-8964046	5	492	33010	0		1.0	1.0
Reactome	hypermethylated	VLDLR Internalisation And Degradation R-HSA-8866427	16	492	33010	0		1.0	1.0
Reactome	hypermethylated	Vasopressin-like Receptors R-HSA-388479	5	492	33010	0		1.0	1.0
Reactome	hypermethylated	Vif-mediated Degradation Of APOBEC3G R-HSA-180585	52	492	33010	0		1.0	1.0
Reactome	hypermethylated	Viral Messenger RNA Synthesis R-HSA-168325	47	492	33010	0		1.0	1.0
Reactome	hypermethylated	Viral mRNA Translation R-HSA-192823	84	492	33010	0		1.0	1.0
Reactome	hypermethylated	Virus Assembly And Release R-HSA-168268	5	492	33010	0		1.0	1.0
Reactome	hypermethylated	Visual Phototransduction R-HSA-2187338	90	492	33010	0		1.0	1.0
Reactome	hypermethylated	Vitamin B1 (Thiamin) Metabolism R-HSA-196819	5	492	33010	0		1.0	1.0
Reactome	hypermethylated	Vitamin B2 (Riboflavin) Metabolism R-HSA-196843	7	492	33010	0		1.0	1.0
Reactome	hypermethylated	Vitamin B5 (Pantothenate) Metabolism R-HSA-199220	16	492	33010	0		1.0	1.0
Reactome	hypermethylated	Vitamin C (Ascorbate) Metabolism R-HSA-196836	7	492	33010	0		1.0	1.0
Reactome	hypermethylated	Vitamin D (Calciferol) Metabolism R-HSA-196791	12	492	33010	0		1.0	1.0
Reactome	hypermethylated	Vpr-mediated Nuclear Import Of PICs R-HSA-180910	35	492	33010	0		1.0	1.0
Reactome	hypermethylated	Vpu Mediated Degradation Of CD4 R-HSA-180534	50	492	33010	0		1.0	1.0
Reactome	hypermethylated	VxPx Cargo-Targeting To Cilium R-HSA-5620916	20	492	33010	0		1.0	1.0
Reactome	hypermethylated	WNT Ligand Biogenesis And Trafficking R-HSA-3238698	25	492	33010	0		1.0	1.0
Reactome	hypermethylated	WNT Mediated Activation Of DVL R-HSA-201688	6	492	33010	0		1.0	1.0
Reactome	hypermethylated	WNT5A-dependent Internalization Of FZD2, FZD5 And ROR2 R-HSA-5140745	11	492	33010	0		1.0	1.0
Reactome	hypermethylated	WNT5A-dependent Internalization Of FZD4 R-HSA-5099900	15	492	33010	0		1.0	1.0
Reactome	hypermethylated	Wax And Plasmalogen Biosynthesis R-HSA-8848584	5	492	33010	0		1.0	1.0
Reactome	hypermethylated	XBP1(S) Activates Chaperone Genes R-HSA-381038	45	492	33010	0		1.0	1.0
Reactome	hypermethylated	Xenobiotics R-HSA-211981	20	492	33010	0		1.0	1.0
Reactome	hypermethylated	YAP1- And WWTR1 (TAZ)-stimulated Gene Expression R-HSA-2032785	15	492	33010	0		1.0	1.0
Reactome	hypermethylated	ZBP1(DAI) Mediated Induction Of Type I IFNs R-HSA-1606322	20	492	33010	0		1.0	1.0
Reactome	hypermethylated	Zinc Efflux And Compartmentalization By SLC30 Family R-HSA-435368	7	492	33010	0		1.0	1.0
Reactome	hypermethylated	Zinc Influx Into Cells By SLC39 Gene Family R-HSA-442380	10	492	33010	0		1.0	1.0
Reactome	hypermethylated	Zinc Transporters R-HSA-435354	17	492	33010	0		1.0	1.0
Reactome	hypermethylated	Activated TAK1 Mediates P38 MAPK Activation R-HSA-450302	16	492	33010	0		1.0	1.0
Reactome	hypermethylated	Alpha-Linolenic (Omega3) And Linoleic (Omega6) Acid Metabolism R-HSA-2046104	12	492	33010	0		1.0	1.0
Reactome	hypermethylated	cGMP Effects R-HSA-418457	15	492	33010	0		1.0	1.0
Reactome	hypermethylated	eNOS Activation R-HSA-203615	11	492	33010	0		1.0	1.0
Reactome	hypermethylated	mRNA 3-End Processing R-HSA-72187	53	492	33010	0		1.0	1.0
Reactome	hypermethylated	mRNA Capping R-HSA-72086	28	492	33010	0		1.0	1.0
Reactome	hypermethylated	mRNA Editing R-HSA-75072	8	492	33010	0		1.0	1.0
Reactome	hypermethylated	mRNA Splicing - Major Pathway R-HSA-72163	174	492	33010	0		1.0	1.0
Reactome	hypermethylated	mRNA Splicing - Minor Pathway R-HSA-72165	48	492	33010	0		1.0	1.0
Reactome	hypermethylated	mRNA Splicing R-HSA-72172	181	492	33010	0		1.0	1.0
Reactome	hypermethylated	mRNA Decay By 3 To 5 Exoribonuclease R-HSA-429958	13	492	33010	0		1.0	1.0
Reactome	hypermethylated	mRNA Decay By 5 To 3 Exoribonuclease R-HSA-430039	15	492	33010	0		1.0	1.0
Reactome	hypermethylated	mTORC1-mediated Signaling R-HSA-166208	23	492	33010	0		1.0	1.0
Reactome	hypermethylated	Mitochondrial Fatty Acid Beta-Oxidation Of Saturated Fatty Acids R-HSA-77286	11	492	33010	0		1.0	1.0
Reactome	hypermethylated	Mitochondrial Fatty Acid Beta-Oxidation Of Unsaturated Fatty Acids R-HSA-77288	6	492	33010	0		1.0	1.0
Reactome	hypermethylated	p130Cas Linkage To MAPK Signaling For Integrins R-HSA-372708	15	492	33010	0		1.0	1.0
Reactome	hypermethylated	p38MAPK Events R-HSA-171007	12	492	33010	0		1.0	1.0
Reactome	hypermethylated	p75NTR Negatively Regulates Cell Cycle Via SC1 R-HSA-193670	6	492	33010	0		1.0	1.0
Reactome	hypermethylated	p75NTR Recruits Signaling Complexes R-HSA-209543	12	492	33010	0		1.0	1.0
Reactome	hypermethylated	p75NTR Regulates Axonogenesis R-HSA-193697	8	492	33010	0		1.0	1.0
Reactome	hypermethylated	p75NTR Signals Via NF-kB R-HSA-193639	15	492	33010	0		1.0	1.0
Reactome	hypermethylated	rRNA Modification In Mitochondrion R-HSA-6793080	6	492	33010	0		1.0	1.0
Reactome	hypermethylated	rRNA Modification In Nucleus And Cytosol R-HSA-6790901	57	492	33010	0		1.0	1.0
Reactome	hypermethylated	rRNA Processing R-HSA-72312	189	492	33010	0		1.0	1.0
Reactome	hypermethylated	rRNA Processing In Mitochondrion R-HSA-8868766	9	492	33010	0		1.0	1.0
Reactome	hypermethylated	rRNA Processing In Nucleus And Cytosol R-HSA-8868773	180	492	33010	0		1.0	1.0
Reactome	hypermethylated	tRNA Aminoacylation R-HSA-379724	42	492	33010	0		1.0	1.0
Reactome	hypermethylated	tRNA Modification In Mitochondrion R-HSA-6787450	8	492	33010	0		1.0	1.0
Reactome	hypermethylated	tRNA Modification In Nucleus And Cytosol R-HSA-6782315	40	492	33010	0		1.0	1.0
Reactome	hypermethylated	tRNA Processing R-HSA-72306	100	492	33010	0		1.0	1.0
Reactome	hypermethylated	tRNA Processing In Mitochondrion R-HSA-6785470	4	492	33010	0		1.0	1.0
Reactome	hypermethylated	tRNA Processing In Nucleus R-HSA-6784531	55	492	33010	0		1.0	1.0
Reactome	hypermethylated	trans-Golgi Network Vesicle Budding R-HSA-199992	66	492	33010	0		1.0	1.0
Reactome	hypermethylated	vRNP Assembly R-HSA-192905	5	492	33010	0		1.0	1.0
Reactome	hypomethylated	SUMOylation Of DNA Damage Response And Repair Proteins R-HSA-3108214	73	204	33010	5	CDKN2A,MDC1,NSMCE2,PARP1,PMEPA1	9.165142780271565e-05	0.16662229574533705
Reactome	hypomethylated	Folding Of Actin By CCT/TriC R-HSA-390450	9	204	33010	2	CCT5,CCT6A	0.0013296607757325991	0.8979560945047983
Reactome	hypomethylated	Protein-protein Interactions At Synapses R-HSA-6794362	79	204	33010	4	DLGAP2,GRIA1,NRXN3,SYT1	0.0014817757335062677	0.8979560945047983
Reactome	hypomethylated	Post-translational Modification: Synthesis Of GPI-anchored Proteins R-HSA-163125	89	204	33010	4	MDGA2,NTM,OPCML,PIGB	0.0022953962387749845	1.0
Reactome	hypomethylated	SUMO E3 Ligases SUMOylate Target Proteins R-HSA-3108232	161	204	33010	5	CDKN2A,MDC1,NSMCE2,PARP1,PMEPA1	0.003337551770882267	1.0
Reactome	hypomethylated	SUMOylation R-HSA-2990846	167	204	33010	5	CDKN2A,MDC1,NSMCE2,PARP1,PMEPA1	0.003899578599200012	1.0
Reactome	hypomethylated	Neurexins And Neuroligins R-HSA-6794361	53	204	33010	3	DLGAP2,NRXN3,SYT1	0.004340870257188672	1.0
Reactome	hypomethylated	Hemostasis R-HSA-109582	530	204	33010	9	APBB1IP,CD44,CD58,CXADR,HBE1,HBG2,PDE10A,S100A10,TNFRSF10A	0.005964695432983778	1.0
Reactome	hypomethylated	Cell Surface Interactions At Vascular Wall R-HSA-202733	120	204	33010	4	CD44,CD58,CXADR,TNFRSF10A	0.006661710567952403	1.0
Reactome	hypomethylated	Formation Of Tubulin Folding Intermediates By CCT/TriC R-HSA-389960	26	204	33010	2	CCT5,CCT6A	0.011203725357012148	1.0
Reactome	hypomethylated	Prefoldin Mediated Transfer Of Substrate To CCT/TriC R-HSA-389957	26	204	33010	2	CCT5,CCT6A	0.011203725357012148	1.0
Reactome	hypomethylated	Inactivation, Recovery And Regulation Of Phototransduction Cascade R-HSA-2514859	29	204	33010	2	GRK7,PDE6B	0.013827535232549888	1.0
Reactome	hypomethylated	Phototransduction Cascade R-HSA-2514856	30	204	33010	2	GRK7,PDE6B	0.014755581500659105	1.0
Reactome	hypomethylated	Cooperation Of Prefoldin And TriC/CCT In Actin And Tubulin Folding R-HSA-389958	31	204	33010	2	CCT5,CCT6A	0.015709749143831067	1.0
Reactome	hypomethylated	Visual Phototransduction R-HSA-2187338	90	204	33010	3	GRK7,PDE6B,RIMBP2	0.018439814714236693	1.0
Reactome	hypomethylated	DNA Damage Recognition In GG-NER R-HSA-5696394	34	204	33010	2	COPS5,PARP1	0.018725447242586013	1.0
Reactome	hypomethylated	Association Of TriC/CCT With Target Proteins During Biosynthesis R-HSA-390471	35	204	33010	2	CCT5,CCT6A	0.019780583955084634	1.0
Reactome	hypomethylated	Cooperation Of PDCL (PhLP1) And TRiC/CCT In G-protein Beta Folding R-HSA-6814122	37	204	33010	2	CCT5,CCT6A	0.02196365802807464	1.0
Reactome	hypomethylated	Transcriptional Regulation By VENTX R-HSA-8853884	39	204	33010	2	ANAPC1,CDKN2A	0.024241559057313258	1.0
Reactome	hypomethylated	MECP2 Regulates Transcription Factors R-HSA-9022707	4	204	33010	1	RBFOX1	0.02449267682717216	1.0
Reactome	hypomethylated	Metabolism Of Proteins R-HSA-392499	1778	204	33010	18	CCT5,CCT6A,CDKN2A,COPS5,GRIA1,MDC1,MDGA2,NSMCE2,NTM,OPCML,PAPPA2,PARP1,PIGB,PMEPA1,RAB27A,RPL23,RPS2,ZBTB16	0.027681974377319295	1.0
Reactome	hypomethylated	RNA Polymerase I Transcription Initiation R-HSA-73762	43	204	33010	2	GATAD2B,TAF1D	0.029071315773759022	1.0
Reactome	hypomethylated	Loss Of MECP2 Binding Ability To NCoR/SMRT Complex R-HSA-9022537	5	204	33010	1	TBL1XR1	0.03052198949539178	1.0
Reactome	hypomethylated	Post-translational Protein Modification R-HSA-597592	1297	204	33010	14	CDKN2A,COPS5,GRIA1,MDC1,MDGA2,NSMCE2,NTM,OPCML,PARP1,PIGB,PMEPA1,RAB27A,RPS2,ZBTB16	0.03126407313286231	1.0
Reactome	hypomethylated	Antigen Processing: Ubiquitination And Proteasome Degradation R-HSA-983168	294	204	33010	5	ANAPC1,LNX1,RNF114,ZBTB16,ZNRF2	0.03642718512998353	1.0
Reactome	hypomethylated	Insulin-like Growth Factor-2 mRNA Binding Proteins (IGF2BPs/IMPs/VICKZs) Bind RNA R-HSA-428359	6	204	33010	1	CD44	0.036514218374135606	1.0
Reactome	hypomethylated	HDACs Deacetylate Histones R-HSA-3214815	52	204	33010	2	GATAD2B,TBL1XR1	0.04118141170510552	1.0
Reactome	hypomethylated	Chromatin Modifying Enzymes R-HSA-3247509	217	204	33010	4	GATAD2B,PRDM16,RPS2,TBL1XR1	0.04618731291277723	1.0
Reactome	hypomethylated	Influenza Viral RNA Transcription And Replication R-HSA-168273	131	204	33010	3	PARP1,RPL23,RPS2	0.04792489730368505	1.0
Reactome	hypomethylated	Cohesin Loading Onto Chromatin R-HSA-2470946	8	204	33010	1	PMEPA1	0.0483883312617869	1.0
Reactome	hypomethylated	POLB-Dependent Long Patch Base Excision Repair R-HSA-110362	8	204	33010	1	PARP1	0.0483883312617869	1.0
Reactome	hypomethylated	TRAIL Signaling R-HSA-75158	8	204	33010	1	TNFRSF10A	0.0483883312617869	1.0
Reactome	hypomethylated	Ubiquinol Biosynthesis R-HSA-2142789	8	204	33010	1	COQ3	0.0483883312617869	1.0
Reactome	hypomethylated	Transcriptional Regulation By MECP2 R-HSA-8986944	57	204	33010	2	RBFOX1,TBL1XR1	0.048589795226539355	1.0
Reactome	hypomethylated	Mitotic Anaphase R-HSA-68882	224	204	33010	4	ANAPC1,CENPN,PMEPA1,TMPO	0.050808476143960675	1.0
Reactome	hypomethylated	Mitotic Metaphase And Anaphase R-HSA-2555396	225	204	33010	4	ANAPC1,CENPN,PMEPA1,TMPO	0.051488636598802144	1.0
Reactome	hypomethylated	Establishment Of Sister Chromatid Cohesion R-HSA-2468052	9	204	33010	1	PMEPA1	0.054270665072543654	1.0
Reactome	hypomethylated	Serine Biosynthesis R-HSA-977347	9	204	33010	1	PSPH	0.054270665072543654	1.0
Reactome	hypomethylated	Sperm Motility And Taxes R-HSA-1300642	9	204	33010	1	CATSPERG	0.054270665072543654	1.0
Reactome	hypomethylated	Neutrophil Degranulation R-HSA-6798695	444	204	33010	6	CD44,CD58,COTL1,PTPRN2,RAB27A,RNASET2	0.05847226476141141	1.0
Reactome	hypomethylated	Condensation Of Prometaphase Chromosomes R-HSA-2514853	10	204	33010	1	SMC4	0.06011681471422728	1.0
Reactome	hypomethylated	Disorders Of Developmental Biology R-HSA-9675151	10	204	33010	1	TBL1XR1	0.06011681471422728	1.0
Reactome	hypomethylated	Negative Regulation Of Activity Of TFAP2 (AP-2) Family Transcription Factors R-HSA-8866904	10	204	33010	1	WWOX	0.06011681471422728	1.0
Reactome	hypomethylated	Neurotoxicity Of Clostridium Toxins R-HSA-168799	10	204	33010	1	SYT1	0.06011681471422728	1.0
Reactome	hypomethylated	RUNX3 Regulates p14-ARF R-HSA-8951936	10	204	33010	1	CDKN2A	0.06011681471422728	1.0
Reactome	hypomethylated	Circadian Clock R-HSA-400253	65	204	33010	2	CREM,TBL1XR1	0.061346566254659	1.0
Reactome	hypomethylated	Positive Epigenetic Regulation Of rRNA Expression R-HSA-5250913	67	204	33010	2	GATAD2B,TAF1D	0.0646961654572486	1.0
Reactome	hypomethylated	Activation Of TFAP2 (AP-2) Family Of Transcription Factors R-HSA-8866907	11	204	33010	1	WWOX	0.0659270016778121	1.0
Reactome	hypomethylated	Activation Of Phototransduction Cascade R-HSA-2485179	11	204	33010	1	PDE6B	0.0659270016778121	1.0
Reactome	hypomethylated	CASP8 Activity Is Inhibited R-HSA-5218900	11	204	33010	1	TNFRSF10A	0.0659270016778121	1.0
Reactome	hypomethylated	Dimerization Of Procaspase-8 R-HSA-69416	11	204	33010	1	TNFRSF10A	0.0659270016778121	1.0
Reactome	hypomethylated	Mitotic Telophase/Cytokinesis R-HSA-68884	11	204	33010	1	PMEPA1	0.0659270016778121	1.0
Reactome	hypomethylated	G Alpha (S) Signaling Events R-HSA-418555	150	204	33010	3	GRK5,PDE10A,SCT	0.06639069149706062	1.0
Reactome	hypomethylated	Influenza Infection R-HSA-168255	150	204	33010	3	PARP1,RPL23,RPS2	0.06639069149706062	1.0
Reactome	hypomethylated	Signaling By Nuclear Receptors R-HSA-9006931	248	204	33010	4	ALDH1A3,PMEPA1,TBL1XR1,ZNF217	0.06849593634475698	1.0
Reactome	hypomethylated	RNA Polymerase I Promoter Clearance R-HSA-73854	70	204	33010	2	GATAD2B,TAF1D	0.06983259175645097	1.0
Reactome	hypomethylated	RNA Polymerase I Transcription R-HSA-73864	71	204	33010	2	GATAD2B,TAF1D	0.07157362415991016	1.0
Reactome	hypomethylated	Dissolution Of Fibrin Clot R-HSA-75205	12	204	33010	1	S100A10	0.07170144610515007	1.0
Reactome	hypomethylated	HDR Thru MMEJ (alt-NHEJ) R-HSA-5685939	12	204	33010	1	PARP1	0.07170144610515007	1.0
Reactome	hypomethylated	Hyaluronan Uptake And Degradation R-HSA-2160916	12	204	33010	1	CD44	0.07170144610515007	1.0
Reactome	hypomethylated	Maturation Of Nucleoprotein R-HSA-9683610	12	204	33010	1	PARP4	0.07170144610515007	1.0
Reactome	hypomethylated	TP53 Regulates Transcription Of Death Receptors And Ligands R-HSA-6803211	12	204	33010	1	TNFRSF10A	0.07170144610515007	1.0
Reactome	hypomethylated	Class I MHC Mediated Antigen Processing And Presentation R-HSA-983169	359	204	33010	5	ANAPC1,LNX1,RNF114,ZBTB16,ZNRF2	0.07284621811279486	1.0
Reactome	hypomethylated	M Phase R-HSA-68886	363	204	33010	5	ANAPC1,CENPN,PMEPA1,SMC4,TMPO	0.07556514552648813	1.0
Reactome	hypomethylated	Senescence-Associated Secretory Phenotype (SASP) R-HSA-2559582	74	204	33010	2	ANAPC1,CDKN2A	0.07688002598239417	1.0
Reactome	hypomethylated	Separation Of Sister Chromatids R-HSA-2467813	164	204	33010	3	ANAPC1,CENPN,PMEPA1	0.08177145755566471	1.0
Reactome	hypomethylated	Cell Cycle Checkpoints R-HSA-69620	264	204	33010	4	ANAPC1,CDKN2A,CENPN,MDC1	0.08183319036298216	1.0
Reactome	hypomethylated	Depolymerisation Of Nuclear Lamina R-HSA-4419969	14	204	33010	1	TMPO	0.08314398122189517	1.0
Reactome	hypomethylated	Global Genome Nucleotide Excision Repair (GG-NER) R-HSA-5696399	78	204	33010	2	COPS5,PARP1	0.08414087338131031	1.0
Reactome	hypomethylated	RAC2 GTPase Cycle R-HSA-9013404	80	204	33010	2	TAOK3,TMPO	0.08784675367928199	1.0
Reactome	hypomethylated	GRB2:SOS Provides Linkage To MAPK Signaling For Integrins R-HSA-354194	15	204	33010	1	APBB1IP	0.08881250552274174	1.0
Reactome	hypomethylated	Trafficking Of GluR2-containing AMPA Receptors R-HSA-416993	15	204	33010	1	GRIA1	0.08881250552274174	1.0
Reactome	hypomethylated	cGMP Effects R-HSA-418457	15	204	33010	1	PDE10A	0.08881250552274174	1.0
Reactome	hypomethylated	p130Cas Linkage To MAPK Signaling For Integrins R-HSA-372708	15	204	33010	1	APBB1IP	0.08881250552274174	1.0
Reactome	hypomethylated	Peptide Chain Elongation R-HSA-156902	81	204	33010	2	RPL23,RPS2	0.0897177796733754	1.0
Reactome	hypomethylated	Gene Expression (Transcription) R-HSA-74160	1390	204	33010	13	ANAPC1,CDKN2A,GATAD2B,HENMT1,MDC1,PARP1,RBFOX1,SRSF7,TAF1D,TBL1XR1,TNFRSF10A,WWOX,ZNF184	0.0912070688804317	1.0
Reactome	hypomethylated	Cell Cycle, Mitotic R-HSA-69278	503	204	33010	6	ANAPC1,CDKN2A,CENPN,PMEPA1,SMC4,TMPO	0.09304331191712976	1.0
Reactome	hypomethylated	Caspase Activation Via Death Receptors In Presence Of Ligand R-HSA-140534	16	204	33010	1	TNFRSF10A	0.09444615452632897	1.0
Reactome	hypomethylated	Hyaluronan Metabolism R-HSA-2142845	16	204	33010	1	CD44	0.09444615452632897	1.0
Reactome	hypomethylated	Eukaryotic Translation Termination R-HSA-72764	84	204	33010	2	RPL23,RPS2	0.09540059961065771	1.0
Reactome	hypomethylated	RAC3 GTPase Cycle R-HSA-9013423	84	204	33010	2	TAOK3,TMPO	0.09540059961065771	1.0
Reactome	hypomethylated	Viral mRNA Translation R-HSA-192823	84	204	33010	2	RPL23,RPS2	0.09540059961065771	1.0
Reactome	hypomethylated	Immune System R-HSA-168256	1810	204	33010	16	AIM2,ANAPC1,CD1D,CD44,CD58,COTL1,CXADR,IL17RA,IL22RA2,LNX1,PTPRN2,RAB27A,RNASET2,RNF114,ZBTB16,ZNRF2	0.09604947091207272	1.0
Reactome	hypomethylated	Cell Cycle R-HSA-1640170	630	204	33010	7	ANAPC1,CDKN2A,CENPN,MDC1,PMEPA1,SMC4,TMPO	0.09721061353129379	1.0
Reactome	hypomethylated	Chaperonin-mediated Protein Folding R-HSA-390466	85	204	33010	2	CCT5,CCT6A	0.09731741041772272	1.0
Reactome	hypomethylated	Eukaryotic Translation Elongation R-HSA-156842	85	204	33010	2	RPL23,RPS2	0.09731741041772272	1.0
Reactome	hypomethylated	Selenocysteine Synthesis R-HSA-2408557	85	204	33010	2	RPL23,RPS2	0.09731741041772272	1.0
Reactome	hypomethylated	Mitotic Prometaphase R-HSA-68877	178	204	33010	3	CENPN,PMEPA1,SMC4	0.09853268067885246	1.0
Reactome	hypomethylated	Nonsense Mediated Decay (NMD) Independent Of Exon Junction Complex (EJC) R-HSA-975956	86	204	33010	2	RPL23,RPS2	0.0992451404691977	1.0
Reactome	hypomethylated	Acetylcholine Neurotransmitter Release Cycle R-HSA-264642	17	204	33010	1	SYT1	0.10004514175057065	1.0
Reactome	hypomethylated	Norepinephrine Neurotransmitter Release Cycle R-HSA-181430	17	204	33010	1	SYT1	0.10004514175057065	1.0
Reactome	hypomethylated	Protein Methylation R-HSA-8876725	17	204	33010	1	RPS2	0.10004514175057065	1.0
Reactome	hypomethylated	RORA Activates Gene Expression R-HSA-1368082	17	204	33010	1	TBL1XR1	0.10004514175057065	1.0
Reactome	hypomethylated	Serotonin Neurotransmitter Release Cycle R-HSA-181429	17	204	33010	1	SYT1	0.10004514175057065	1.0
Reactome	hypomethylated	Synthesis Of Glycosylphosphatidylinositol (GPI) R-HSA-162710	17	204	33010	1	PIGB	0.10004514175057065	1.0
Reactome	hypomethylated	Metabolism Of Vitamins And Cofactors R-HSA-196854	183	204	33010	3	COQ3,PARP4,RIMBP2	0.10483008797184712	1.0
Reactome	hypomethylated	Signaling By TGF-beta Receptor Complex R-HSA-170834	89	204	33010	2	PARP1,PMEPA1	0.10509179168398693	1.0
Reactome	hypomethylated	Assembly Of Active LPL And LIPC Lipase Complexes R-HSA-8963889	18	204	33010	1	LMF1	0.1056096794125863	1.0
Reactome	hypomethylated	Initiation Of Nuclear Envelope (NE) Reformation R-HSA-2995383	18	204	33010	1	TMPO	0.1056096794125863	1.0
Reactome	hypomethylated	Infectious Disease R-HSA-5663205	898	204	33010	9	GATAD2B,IL17RA,PARP1,PARP4,RPL23,RPS2,SCT,SYT1,TBL1XR1	0.10629639437330024	1.0
Reactome	hypomethylated	Formation Of A Pool Of Free 40S Subunits R-HSA-72689	91	204	33010	2	RPL23,RPS2	0.10904042562360837	1.0
Reactome	hypomethylated	L1CAM Interactions R-HSA-373760	91	204	33010	2	EZR,SCN1A	0.10904042562360837	1.0
Reactome	hypomethylated	Protein Folding R-HSA-391251	91	204	33010	2	CCT5,CCT6A	0.10904042562360837	1.0
Reactome	hypomethylated	Response Of EIF2AK4 (GCN2) To Amino Acid Deficiency R-HSA-9633012	92	204	33010	2	RPL23,RPS2	0.11102940805216148	1.0
Reactome	hypomethylated	Apoptotic Factor-Mediated Response R-HSA-111471	19	204	33010	1	CDKN2A	0.11113997843658711	1.0
Reactome	hypomethylated	GABA Synthesis, Release, Reuptake And Degradation R-HSA-888590	19	204	33010	1	SYT1	0.11113997843658711	1.0
Reactome	hypomethylated	Metabolism Of Cofactors R-HSA-8978934	19	204	33010	1	COQ3	0.11113997843658711	1.0
Reactome	hypomethylated	Nicotinamide Salvaging R-HSA-197264	19	204	33010	1	PARP4	0.11113997843658711	1.0
Reactome	hypomethylated	SUMOylation Of Transcription Factors R-HSA-3232118	19	204	33010	1	CDKN2A	0.11113997843658711	1.0
Reactome	hypomethylated	Aberrant Regulation Of Mitotic Exit In Cancer Due To RB1 Defects R-HSA-9687136	20	204	33010	1	ANAPC1	0.11663624846171325	1.0
Reactome	hypomethylated	Conversion From APC/C:Cdc20 To APC/C:Cdh1 In Late Anaphase R-HSA-176407	20	204	33010	1	ANAPC1	0.11663624846171325	1.0
Reactome	hypomethylated	Phosphorylation Of APC/C R-HSA-176412	20	204	33010	1	ANAPC1	0.11663624846171325	1.0
Reactome	hypomethylated	Synaptic Adhesion-Like Molecules R-HSA-8849932	20	204	33010	1	GRIA1	0.11663624846171325	1.0
Reactome	hypomethylated	Unblocking Of NMDA Receptors, Glutamate Binding And Activation R-HSA-438066	20	204	33010	1	GRIA1	0.11663624846171325	1.0
Reactome	hypomethylated	Cargo Recognition For Clathrin-Mediated Endocytosis R-HSA-8856825	96	204	33010	2	COPS5,SYT1	0.1190786020158847	1.0
Reactome	hypomethylated	Dopamine Neurotransmitter Release Cycle R-HSA-212676	21	204	33010	1	SYT1	0.12209869784982504	1.0
Reactome	hypomethylated	Inactivation Of APC/C Via Direct Inhibition Of APC/C Complex R-HSA-141430	21	204	33010	1	ANAPC1	0.12209869784982504	1.0
Reactome	hypomethylated	Inflammasomes R-HSA-622312	21	204	33010	1	AIM2	0.12209869784982504	1.0
Reactome	hypomethylated	Nitric Oxide Stimulates Guanylate Cyclase R-HSA-392154	21	204	33010	1	PDE10A	0.12209869784982504	1.0
Reactome	hypomethylated	L13a-mediated Translational Silencing Of Ceruloplasmin Expression R-HSA-156827	100	204	33010	2	RPL23,RPS2	0.1272680116173293	1.0
Reactome	hypomethylated	RA Biosynthesis Pathway R-HSA-5365859	22	204	33010	1	ALDH1A3	0.12752753369324663	1.0
Reactome	hypomethylated	RHOBTB2 GTPase Cycle R-HSA-9013418	22	204	33010	1	CCT6A	0.12752753369324663	1.0
Reactome	hypomethylated	Recycling Pathway Of L1 R-HSA-437239	22	204	33010	1	EZR	0.12752753369324663	1.0
Reactome	hypomethylated	GTP Hydrolysis And Joining Of 60S Ribosomal Subunit R-HSA-72706	101	204	33010	2	RPL23,RPS2	0.12933590169158535	1.0
Reactome	hypomethylated	Resolution Of Sister Chromatid Cohesion R-HSA-2500257	101	204	33010	2	CENPN,PMEPA1	0.12933590169158535	1.0
Reactome	hypomethylated	SRP-dependent Cotranslational Protein Targeting To Membrane R-HSA-1799339	102	204	33010	2	RPL23,RPS2	0.13141165074094194	1.0
Reactome	hypomethylated	BBSome-mediated Cargo-Targeting To Cilium R-HSA-5620922	23	204	33010	1	CCT5	0.13292296182246266	1.0
Reactome	hypomethylated	Glutamate Neurotransmitter Release Cycle R-HSA-210500	23	204	33010	1	SYT1	0.13292296182246266	1.0
Reactome	hypomethylated	Long-term Potentiation R-HSA-9620244	23	204	33010	1	GRIA1	0.13292296182246266	1.0
Reactome	hypomethylated	Nucleotide Excision Repair R-HSA-5696398	104	204	33010	2	COPS5,PARP1	0.13558602848014026	1.0
Reactome	hypomethylated	Mitotic Prophase R-HSA-68875	105	204	33010	2	SMC4,TMPO	0.13768431311296472	1.0
Reactome	hypomethylated	Nonsense Mediated Decay (NMD) Enhanced By Exon Junction Complex (EJC) R-HSA-975957	105	204	33010	2	RPL23,RPS2	0.13768431311296472	1.0
Reactome	hypomethylated	Reproduction R-HSA-1474165	105	204	33010	2	CATSPERG,PMEPA1	0.13768431311296472	1.0
Reactome	hypomethylated	APC/C:Cdc20 Mediated Degradation Of Cyclin B R-HSA-174048	24	204	33010	1	ANAPC1	0.1382851868137688	1.0
Reactome	hypomethylated	BMAL1:CLOCK,NPAS2 Activates Circadian Gene Expression R-HSA-1368108	24	204	33010	1	TBL1XR1	0.1382851868137688	1.0
Reactome	hypomethylated	Defective Intrinsic Pathway For Apoptosis R-HSA-9734009	24	204	33010	1	CDKN2A	0.1382851868137688	1.0
Reactome	hypomethylated	Fertilization R-HSA-1187000	24	204	33010	1	CATSPERG	0.1382851868137688	1.0
Reactome	hypomethylated	Notch-HLH Transcription Pathway R-HSA-350054	24	204	33010	1	TBL1XR1	0.1382851868137688	1.0
Reactome	hypomethylated	Adaptive Immune System R-HSA-1280218	692	204	33010	7	ANAPC1,CD1D,CXADR,LNX1,RNF114,ZBTB16,ZNRF2	0.13862217794447956	1.0
Reactome	hypomethylated	Epigenetic Regulation Of Gene Expression R-HSA-212165	107	204	33010	2	GATAD2B,TAF1D	0.14190222735277896	1.0
Reactome	hypomethylated	Caspase Activation Via Extrinsic Apoptotic Signaling Pathway R-HSA-5357769	25	204	33010	1	TNFRSF10A	0.14361441199687647	1.0
Reactome	hypomethylated	Resolution Of AP Sites Via Multiple-Nucleotide Patch Replacement Pathway R-HSA-110373	25	204	33010	1	PARP1	0.14361441199687647	1.0
Reactome	hypomethylated	Cap-dependent Translation Initiation R-HSA-72737	108	204	33010	2	RPL23,RPS2	0.14402152370928517	1.0
Reactome	hypomethylated	Mitotic Spindle Checkpoint R-HSA-69618	108	204	33010	2	ANAPC1,CENPN	0.14402152370928517	1.0
Reactome	hypomethylated	Selenoamino Acid Metabolism R-HSA-2408522	108	204	33010	2	RPL23,RPS2	0.14402152370928517	1.0
Reactome	hypomethylated	Immunoregulatory Interactions Between A Lymphoid And A non-Lymphoid Cell R-HSA-198933	110	204	33010	2	CD1D,CXADR	0.1482799750099306	1.0
Reactome	hypomethylated	APC-Cdc20 Mediated Degradation Of Nek2A R-HSA-179409	26	204	33010	1	ANAPC1	0.1489108394624711	1.0
Reactome	hypomethylated	Downregulation Of TGF-beta Receptor Signaling R-HSA-2173788	26	204	33010	1	PMEPA1	0.1489108394624711	1.0
Reactome	hypomethylated	Insulin Processing R-HSA-264876	26	204	33010	1	RAB27A	0.1489108394624711	1.0
Reactome	hypomethylated	Interleukin-20 Family Signaling R-HSA-8854691	26	204	33010	1	IL22RA2	0.1489108394624711	1.0
Reactome	hypomethylated	Estrogen-dependent Gene Expression R-HSA-9018519	111	204	33010	2	PMEPA1,ZNF217	0.1504188072319606	1.0
Reactome	hypomethylated	Rab Regulation Of Trafficking R-HSA-9007101	111	204	33010	2	RAB27A,TBC1D7	0.1504188072319606	1.0
Reactome	hypomethylated	Integrin Signaling R-HSA-354192	27	204	33010	1	APBB1IP	0.15417467006972485	1.0
Reactome	hypomethylated	Interconversion Of Nucleotide Di- And Triphosphates R-HSA-499943	27	204	33010	1	CTPS1	0.15417467006972485	1.0
Reactome	hypomethylated	Regulation Of Necroptotic Cell Death R-HSA-5675482	27	204	33010	1	TNFRSF10A	0.15417467006972485	1.0
Reactome	hypomethylated	SARS-CoV Infections R-HSA-9679506	336	204	33010	4	GATAD2B,IL17RA,PARP4,RPS2	0.15549967991812869	1.0
Reactome	hypomethylated	Homology Directed Repair R-HSA-5693538	114	204	33010	2	MDC1,PARP1	0.15687182990733134	1.0
Reactome	hypomethylated	RNA Polymerase II Transcription R-HSA-73857	1257	204	33010	11	ANAPC1,CDKN2A,GATAD2B,MDC1,PARP1,RBFOX1,SRSF7,TBL1XR1,TNFRSF10A,WWOX,ZNF184	0.1570587791417687	1.0
Reactome	hypomethylated	Interaction Between L1 And Ankyrins R-HSA-445095	28	204	33010	1	SCN1A	0.1594061034537644	1.0
Reactome	hypomethylated	Regulation Of TP53 Activity Thru Acetylation R-HSA-6804758	28	204	33010	1	GATAD2B	0.1594061034537644	1.0
Reactome	hypomethylated	Tight Junction Interactions R-HSA-420029	28	204	33010	1	CLDN4	0.1594061034537644	1.0
Reactome	hypomethylated	Signaling By TGFB Family Members R-HSA-9006936	116	204	33010	2	PARP1,PMEPA1	0.16120273360408308	1.0
Reactome	hypomethylated	Downregulation Of SMAD2/3:SMAD4 Transcriptional Activity R-HSA-2173795	29	204	33010	1	PARP1	0.1646053380330934	1.0
Reactome	hypomethylated	Glutamate Binding, Activation Of AMPA Receptors And Synaptic Plasticity R-HSA-399721	29	204	33010	1	GRIA1	0.1646053380330934	1.0
Reactome	hypomethylated	PIWI-interacting RNA (piRNA) Biogenesis R-HSA-5601884	29	204	33010	1	HENMT1	0.1646053380330934	1.0
Reactome	hypomethylated	RIPK1-mediated Regulated Necrosis R-HSA-5213460	29	204	33010	1	TNFRSF10A	0.1646053380330934	1.0
Reactome	hypomethylated	RNA Polymerase I Transcription Termination R-HSA-73863	29	204	33010	1	TAF1D	0.1646053380330934	1.0
Reactome	hypomethylated	Regulation Of MECP2 Expression And Activity R-HSA-9022692	29	204	33010	1	TBL1XR1	0.1646053380330934	1.0
Reactome	hypomethylated	Uptake And Actions Of Bacterial Toxins R-HSA-5339562	29	204	33010	1	SYT1	0.1646053380330934	1.0
Reactome	hypomethylated	Transcriptional Regulation By TP53 R-HSA-3700989	346	204	33010	4	CDKN2A,GATAD2B,MDC1,TNFRSF10A	0.16724985747626067	1.0
Reactome	hypomethylated	Cargo Concentration In ER R-HSA-5694530	30	204	33010	1	GRIA1	0.16977257101697052	1.0
Reactome	hypomethylated	Translation Of Structural Proteins R-HSA-9683701	30	204	33010	1	PARP4	0.16977257101697052	1.0
Reactome	hypomethylated	Factors Involved In Megakaryocyte Development And Platelet Production R-HSA-983231	120	204	33010	2	HBE1,HBG2	0.16992844340963234	1.0
Reactome	hypomethylated	Generic Transcription Pathway R-HSA-212436	1141	204	33010	10	ANAPC1,CDKN2A,GATAD2B,MDC1,PARP1,RBFOX1,TBL1XR1,TNFRSF10A,WWOX,ZNF184	0.17055409764876217	1.0
Reactome	hypomethylated	Nicotinate Metabolism R-HSA-196807	31	204	33010	1	PARP4	0.17490799841274185	1.0
Reactome	hypomethylated	Phase 0 - Rapid Depolarisation R-HSA-5576892	31	204	33010	1	SCN1A	0.17490799841274185	1.0
Reactome	hypomethylated	Plasma Lipoprotein Remodeling R-HSA-8963899	31	204	33010	1	LMF1	0.17490799841274185	1.0
Reactome	hypomethylated	SIRT1 Negatively Regulates rRNA Expression R-HSA-427359	31	204	33010	1	TAF1D	0.17490799841274185	1.0
Reactome	hypomethylated	Signaling By High-Kinase Activity BRAF Mutants R-HSA-6802948	31	204	33010	1	APBB1IP	0.17490799841274185	1.0
Reactome	hypomethylated	Nuclear Signaling By ERBB4 R-HSA-1251985	32	204	33010	1	WWOX	0.18001181503313055	1.0
Reactome	hypomethylated	Glucagon-type Ligand Receptors R-HSA-420092	33	204	33010	1	SCT	0.18508421450348173	1.0
Reactome	hypomethylated	Oncogene Induced Senescence R-HSA-2559585	33	204	33010	1	CDKN2A	0.18508421450348173	1.0
Reactome	hypomethylated	RHOBTB GTPase Cycle R-HSA-9706574	34	204	33010	1	CCT6A	0.1901253892689633	1.0
Reactome	hypomethylated	Transcriptional Regulation By AP-2 (TFAP2) Family Of Transcription Factors R-HSA-8864260	34	204	33010	1	WWOX	0.1901253892689633	1.0
Reactome	hypomethylated	Neuronal System R-HSA-112316	365	204	33010	4	DLGAP2,GRIA1,NRXN3,SYT1	0.19039830641905092	1.0
Reactome	hypomethylated	MAP2K And MAPK Activation R-HSA-5674135	35	204	33010	1	APBB1IP	0.19513553060172456	1.0
Reactome	hypomethylated	NR1H3 And NR1H2 Regulate Gene Expression Linked To Cholesterol Transport And Efflux R-HSA-9029569	35	204	33010	1	TBL1XR1	0.19513553060172456	1.0
Reactome	hypomethylated	Clathrin-mediated Endocytosis R-HSA-8856828	133	204	33010	2	COPS5,SYT1	0.19877599376790836	1.0
Reactome	hypomethylated	Signal Transduction R-HSA-162582	2341	204	33010	18	ALDH1A3,APBB1IP,BCL9,CCT6A,CENPN,GATAD2B,GRK5,PARP1,PDE10A,PDE6B,PMEPA1,SCT,TAOK3,TBL1XR1,TMPO,TNFRSF10A,WWOX,ZNF217	0.19968648963015878	1.0
Reactome	hypomethylated	Aberrant Regulation Of Mitotic Cell Cycle Due To RB1 Defects R-HSA-9687139	36	204	33010	1	ANAPC1	0.2001148286080095	1.0
Reactome	hypomethylated	Platelet Aggregation (Plug Formation) R-HSA-76009	36	204	33010	1	APBB1IP	0.2001148286080095	1.0
Reactome	hypomethylated	Regulation Of TP53 Degradation R-HSA-6804757	36	204	33010	1	CDKN2A	0.2001148286080095	1.0
Reactome	hypomethylated	Signaling By RAF1 Mutants R-HSA-9656223	36	204	33010	1	APBB1IP	0.2001148286080095	1.0
Reactome	hypomethylated	Condensation Of Prophase Chromosomes R-HSA-2299718	37	204	33010	1	SMC4	0.20506347223522994	1.0
Reactome	hypomethylated	Diseases Of Mitotic Cell Cycle R-HSA-9675126	37	204	33010	1	ANAPC1	0.20506347223522994	1.0
Reactome	hypomethylated	Regulation Of TP53 Expression And Degradation R-HSA-6806003	37	204	33010	1	CDKN2A	0.20506347223522994	1.0
Reactome	hypomethylated	SARS-CoV-2 Infection R-HSA-9694516	255	204	33010	3	IL17RA,PARP4,RPS2	0.20965815411128366	1.0
Reactome	hypomethylated	Paradoxical Activation Of RAF Signaling By Kinase Inactive BRAF R-HSA-6802955	38	204	33010	1	APBB1IP	0.20998164927899335	1.0
Reactome	hypomethylated	Resolution Of Abasic Sites (AP Sites) R-HSA-73933	38	204	33010	1	PARP1	0.20998164927899335	1.0
Reactome	hypomethylated	Deactivation Of Beta-Catenin Transactivating Complex R-HSA-3769402	39	204	33010	1	BCL9	0.2148695463900902	1.0
Reactome	hypomethylated	Dual Incision In GG-NER R-HSA-5696400	39	204	33010	1	PARP1	0.2148695463900902	1.0
Reactome	hypomethylated	ERCC6 (CSB) And EHMT2 (G9a) Positively Regulate rRNA Expression R-HSA-427389	39	204	33010	1	GATAD2B	0.2148695463900902	1.0
Reactome	hypomethylated	Formation Of Incision Complex In GG-NER R-HSA-5696395	39	204	33010	1	PARP1	0.2148695463900902	1.0
Reactome	hypomethylated	RHOF GTPase Cycle R-HSA-9035034	39	204	33010	1	TMPO	0.2148695463900902	1.0
Reactome	hypomethylated	Signaling By Retinoic Acid R-HSA-5362517	39	204	33010	1	ALDH1A3	0.2148695463900902	1.0
Reactome	hypomethylated	TBC/RABGAPs R-HSA-8854214	40	204	33010	1	TBC1D7	0.21972734908143793	1.0
Reactome	hypomethylated	Cellular Response To Starvation R-HSA-9711097	144	204	33010	2	RPL23,RPS2	0.22360840658567652	1.0
Reactome	hypomethylated	DNA Double-Strand Break Repair R-HSA-5693532	144	204	33010	2	MDC1,PARP1	0.22360840658567652	1.0
Reactome	hypomethylated	Activation Of Gene Expression By SREBF (SREBP) R-HSA-2426168	41	204	33010	1	TBL1XR1	0.22455524173498295	1.0
Reactome	hypomethylated	Retinoid Metabolism And Transport R-HSA-975634	41	204	33010	1	RIMBP2	0.22455524173498295	1.0
Reactome	hypomethylated	SARS-CoV-2 Modulates Host Translation Machinery R-HSA-9754678	42	204	33010	1	RPS2	0.22935340760856335	1.0
Reactome	hypomethylated	Heme Signaling R-HSA-9707616	43	204	33010	1	TBL1XR1	0.2341220288427253	1.0
Reactome	hypomethylated	NOTCH1 Intracellular Domain Regulates Transcription R-HSA-2122947	43	204	33010	1	TBL1XR1	0.2341220288427253	1.0
Reactome	hypomethylated	PKMTs Methylate Histone Lysines R-HSA-3214841	43	204	33010	1	PRDM16	0.2341220288427253	1.0
Reactome	hypomethylated	Formation Of Ternary Complex, And Subsequently, 43S Complex R-HSA-72695	44	204	33010	1	RPS2	0.238861286467504	1.0
Reactome	hypomethylated	RMTs Methylate Histone Arginines R-HSA-3214858	44	204	33010	1	RPS2	0.238861286467504	1.0
Reactome	hypomethylated	TGF-beta Receptor Signaling Activates SMADs R-HSA-2173789	44	204	33010	1	PMEPA1	0.238861286467504	1.0
Reactome	hypomethylated	TP53 Regulates Transcription Of Cell Death Genes R-HSA-5633008	44	204	33010	1	TNFRSF10A	0.238861286467504	1.0
Reactome	hypomethylated	Metabolism Of Fat-Soluble Vitamins R-HSA-6806667	45	204	33010	1	RIMBP2	0.24357136040915978	1.0
Reactome	hypomethylated	NR1H2 And NR1H3-mediated Signaling R-HSA-9024446	45	204	33010	1	TBL1XR1	0.24357136040915978	1.0
Reactome	hypomethylated	Protein Localization R-HSA-9609507	153	204	33010	2	CMC2,PEX7	0.24409751176005065	1.0
Reactome	hypomethylated	Regulation Of TP53 Activity R-HSA-5633007	153	204	33010	2	CDKN2A,GATAD2B	0.24409751176005065	1.0
Reactome	hypomethylated	Cyclin D Associated Events In G1 R-HSA-69231	46	204	33010	1	CDKN2A	0.24825242949687518	1.0
Reactome	hypomethylated	Cellular Senescence R-HSA-2559583	156	204	33010	2	ANAPC1,CDKN2A	0.2509469020530063	1.0
Reactome	hypomethylated	Deposition Of New CENPA-containing Nucleosomes At Centromere R-HSA-606279	47	204	33010	1	CENPN	0.25290467146940987	1.0
Reactome	hypomethylated	Neurotransmitter Release Cycle R-HSA-112310	47	204	33010	1	SYT1	0.25290467146940987	1.0
Reactome	hypomethylated	Nonhomologous End-Joining (NHEJ) R-HSA-5693571	47	204	33010	1	MDC1	0.25290467146940987	1.0
Reactome	hypomethylated	S Phase R-HSA-69242	157	204	33010	2	ANAPC1,PMEPA1	0.2532313633494573	1.0
Reactome	hypomethylated	Regulation Of Expression Of SLITs And ROBOs R-HSA-9010553	158	204	33010	2	RPL23,RPS2	0.2555163323467646	1.0
Reactome	hypomethylated	Netrin-1 Signaling R-HSA-373752	48	204	33010	1	EZR	0.2575282629817191	1.0
Reactome	hypomethylated	RHOD GTPase Cycle R-HSA-9013405	48	204	33010	1	TMPO	0.2575282629817191	1.0
Reactome	hypomethylated	mRNA Splicing - Minor Pathway R-HSA-72165	48	204	33010	1	SRSF7	0.2575282629817191	1.0
Reactome	hypomethylated	Cargo Trafficking To Periciliary Membrane R-HSA-5620920	49	204	33010	1	CCT5	0.26212337961152704	1.0
Reactome	hypomethylated	Transcriptional Activation Of Mitochondrial Biogenesis R-HSA-2151201	49	204	33010	1	TBL1XR1	0.26212337961152704	1.0
Reactome	hypomethylated	Transcriptional Activity Of SMAD2/SMAD3:SMAD4 Heterotrimer R-HSA-2173793	49	204	33010	1	PARP1	0.26212337961152704	1.0
Reactome	hypomethylated	Formation Of TC-NER Pre-Incision Complex R-HSA-6781823	50	204	33010	1	COPS5	0.2666901958658653	1.0
Reactome	hypomethylated	Nucleotide-binding Domain, Leucine Rich Repeat Containing NLR Signaling Pathways R-HSA-168643	50	204	33010	1	AIM2	0.2666901958658653	1.0
Reactome	hypomethylated	SARS-CoV-1 Infection R-HSA-9678108	50	204	33010	1	PARP4	0.2666901958658653	1.0
Reactome	hypomethylated	Sensory Processing Of Sound By Outer Hair Cells Of Cochlea R-HSA-9662361	50	204	33010	1	EZR	0.2666901958658653	1.0
Reactome	hypomethylated	RHOJ GTPase Cycle R-HSA-9013409	51	204	33010	1	TMPO	0.27122888518756927	1.0
Reactome	hypomethylated	Ribosomal Scanning And Start Codon Recognition R-HSA-72702	51	204	33010	1	RPS2	0.27122888518756927	1.0
Reactome	hypomethylated	Translation Initiation Complex Formation R-HSA-72649	51	204	33010	1	RPS2	0.27122888518756927	1.0
Reactome	hypomethylated	mRNA Activation Upon Binding Of Cap-Binding Complex And eIFs, Subsequent Binding To 43S R-HSA-72662	52	204	33010	1	RPS2	0.27573961996173496	1.0
Reactome	hypomethylated	Nuclear Envelope Breakdown R-HSA-2980766	52	204	33010	1	TMPO	0.27573961996173496	1.0
Reactome	hypomethylated	RNA Polymerase I Promoter Escape R-HSA-73772	52	204	33010	1	TAF1D	0.27573961996173496	1.0
Reactome	hypomethylated	RAC1 GTPase Cycle R-HSA-9013149	167	204	33010	2	TAOK3,TMPO	0.27608891327065715	1.0
Reactome	hypomethylated	Membrane Trafficking R-HSA-199991	571	204	33010	5	COPS5,GRIA1,RAB27A,SYT1,TBC1D7	0.2789157457036908	1.0
Reactome	hypomethylated	B-WICH Complex Positively Regulates rRNA Expression R-HSA-5250924	53	204	33010	1	TAF1D	0.28022257152213925	1.0
Reactome	hypomethylated	Constitutive Signaling By NOTCH1 HD+PEST Domain Mutants R-HSA-2894862	53	204	33010	1	TBL1XR1	0.28022257152213925	1.0
Reactome	hypomethylated	Regulation Of RUNX3 Expression And Activity R-HSA-8941858	53	204	33010	1	CDKN2A	0.28022257152213925	1.0
Reactome	hypomethylated	Regulation Of Cholesterol Biosynthesis By SREBP (SREBF) R-HSA-1655829	53	204	33010	1	TBL1XR1	0.28022257152213925	1.0
Reactome	hypomethylated	mRNA 3-End Processing R-HSA-72187	53	204	33010	1	SRSF7	0.28022257152213925	1.0
Reactome	hypomethylated	DNA Repair R-HSA-73894	299	204	33010	3	COPS5,MDC1,PARP1	0.2818861969603365	1.0
Reactome	hypomethylated	ECM Proteoglycans R-HSA-3000178	54	204	33010	1	TNR	0.2846779101576187	1.0
Reactome	hypomethylated	Intrinsic Pathway For Apoptosis R-HSA-109606	54	204	33010	1	CDKN2A	0.2846779101576187	1.0
Reactome	hypomethylated	Meiotic Synapsis R-HSA-1221632	54	204	33010	1	PMEPA1	0.2846779101576187	1.0
Reactome	hypomethylated	Apoptosis R-HSA-109581	171	204	33010	2	CDKN2A,TNFRSF10A	0.285226295493155	1.0
Reactome	hypomethylated	Major Pathway Of rRNA Processing In Nucleolus And Cytosol R-HSA-6791226	171	204	33010	2	RPL23,RPS2	0.285226295493155	1.0
Reactome	hypomethylated	Cytoprotection By HMOX1 R-HSA-9707564	55	204	33010	1	TBL1XR1	0.2891058051184101	1.0
Reactome	hypomethylated	Formation Of beta-catenin:TCF Transactivating Complex R-HSA-201722	55	204	33010	1	BCL9	0.2891058051184101	1.0
Reactome	hypomethylated	RAB Geranylgeranylation R-HSA-8873719	55	204	33010	1	RAB27A	0.2891058051184101	1.0
Reactome	hypomethylated	Regulated Necrosis R-HSA-5218859	55	204	33010	1	TNFRSF10A	0.2891058051184101	1.0
Reactome	hypomethylated	Stabilization Of P53 R-HSA-69541	55	204	33010	1	CDKN2A	0.2891058051184101	1.0
Reactome	hypomethylated	SARS-CoV-2-host Interactions R-HSA-9705683	173	204	33010	2	IL17RA,RPS2	0.2897911275967025	1.0
Reactome	hypomethylated	Cellular Response To Chemical Stress R-HSA-9711123	174	204	33010	2	CDKN2A,TBL1XR1	0.2920723040928175	1.0
Reactome	hypomethylated	Late SARS-CoV-2 Infection Events R-HSA-9772573	56	204	33010	1	PARP4	0.29350642462245613	1.0
Reactome	hypomethylated	Recruitment And ATM-mediated Phosphorylation Of Repair And Signal Proteins At DNA Double Strand Breaks R-HSA-5693565	56	204	33010	1	MDC1	0.29350642462245613	1.0
Reactome	hypomethylated	Signaling By ERBB4 R-HSA-1236394	56	204	33010	1	WWOX	0.29350642462245613	1.0
Reactome	hypomethylated	DNA Double Strand Break Response R-HSA-5693606	57	204	33010	1	MDC1	0.29787993586166905	1.0
Reactome	hypomethylated	rRNA Modification In Nucleus And Cytosol R-HSA-6790901	57	204	33010	1	RPS2	0.29787993586166905	1.0
Reactome	hypomethylated	Cell-cell Junction Organization R-HSA-421270	58	204	33010	1	CLDN4	0.302226505008157	1.0
Reactome	hypomethylated	Mitochondrial Protein Import R-HSA-1268020	58	204	33010	1	CMC2	0.302226505008157	1.0
Reactome	hypomethylated	Post NMDA Receptor Activation Events R-HSA-438064	58	204	33010	1	GRIA1	0.302226505008157	1.0
Reactome	hypomethylated	ESR-mediated Signaling R-HSA-8939211	179	204	33010	2	PMEPA1,ZNF217	0.30346276766159347	1.0
Reactome	hypomethylated	rRNA Processing In Nucleus And Cytosol R-HSA-8868773	180	204	33010	2	RPL23,RPS2	0.3057372625290014	1.0
Reactome	hypomethylated	Regulation Of PTEN Gene Transcription R-HSA-8943724	59	204	33010	1	GATAD2B	0.30654629722041543	1.0
Reactome	hypomethylated	Disease R-HSA-1643685	1631	204	33010	12	ANAPC1,APBB1IP,CDKN2A,GATAD2B,IL17RA,PARP1,PARP4,RPL23,RPS2,SCT,SYT1,TBL1XR1	0.30921538496023465	1.0
Reactome	hypomethylated	Signaling By BRAF And RAF1 Fusions R-HSA-6802952	60	204	33010	1	APBB1IP	0.31083947664947803	1.0
Reactome	hypomethylated	Ca2+ Pathway R-HSA-4086398	61	204	33010	1	PDE6B	0.3151062064450322	1.0
Reactome	hypomethylated	TP53 Regulates Transcription Of DNA Repair Genes R-HSA-6796648	61	204	33010	1	MDC1	0.3151062064450322	1.0
Reactome	hypomethylated	Autodegradation Of Cdh1 By Cdh1:APC/C R-HSA-174084	62	204	33010	1	ANAPC1	0.3193466487614973	1.0
Reactome	hypomethylated	Cytosolic Sensors Of Pathogen-Associated DNA R-HSA-1834949	62	204	33010	1	AIM2	0.3193466487614973	1.0
Reactome	hypomethylated	Peroxisomal Protein Import R-HSA-9033241	62	204	33010	1	PEX7	0.3193466487614973	1.0
Reactome	hypomethylated	RNA Polymerase II Transcription Termination R-HSA-73856	62	204	33010	1	SRSF7	0.3193466487614973	1.0
Reactome	hypomethylated	Sensory Processing Of Sound By Inner Hair Cells Of Cochlea R-HSA-9662360	62	204	33010	1	EZR	0.3193466487614973	1.0
Reactome	hypomethylated	Vesicle-mediated Transport R-HSA-5653656	608	204	33010	5	COPS5,GRIA1,RAB27A,SYT1,TBC1D7	0.3232837607714069	1.0
Reactome	hypomethylated	COPII-mediated Vesicle Transport R-HSA-204005	63	204	33010	1	GRIA1	0.3235609647640666	1.0
Reactome	hypomethylated	rRNA Processing R-HSA-72312	189	204	33010	2	RPL23,RPS2	0.326138055434691	1.0
Reactome	hypomethylated	Diseases Of Programmed Cell Death R-HSA-9645723	64	204	33010	1	CDKN2A	0.32774931463471113	1.0
Reactome	hypomethylated	p53-Dependent G1 DNA Damage Response R-HSA-69563	64	204	33010	1	CDKN2A	0.32774931463471113	1.0
Reactome	hypomethylated	Interleukin-17 Signaling R-HSA-448424	65	204	33010	1	IL17RA	0.3319118575781498	1.0
Reactome	hypomethylated	APC/C:Cdc20 Mediated Degradation Of Securin R-HSA-174154	66	204	33010	1	ANAPC1	0.3360487518277796	1.0
Reactome	hypomethylated	G1/S DNA Damage Checkpoints R-HSA-69615	66	204	33010	1	CDKN2A	0.3360487518277796	1.0
Reactome	hypomethylated	Integrin Cell Surface Interactions R-HSA-216083	66	204	33010	1	CD44	0.3360487518277796	1.0
Reactome	hypomethylated	Base Excision Repair R-HSA-73884	68	204	33010	1	PARP1	0.3442462223579495	1.0
Reactome	hypomethylated	NoRC Negatively Regulates rRNA Expression R-HSA-427413	68	204	33010	1	TAF1D	0.3442462223579495	1.0
Reactome	hypomethylated	Activation Of NMDA Receptors And Postsynaptic Events R-HSA-442755	69	204	33010	1	GRIA1	0.34830711030157696	1.0
Reactome	hypomethylated	Plasma Lipoprotein Assembly, Remodeling, And Clearance R-HSA-174824	69	204	33010	1	LMF1	0.34830711030157696	1.0
Reactome	hypomethylated	Signaling By NOTCH1 R-HSA-1980143	69	204	33010	1	TBL1XR1	0.34830711030157696	1.0
Reactome	hypomethylated	Transport Of Mature mRNA Derived From An Intron-Containing Transcript R-HSA-159236	69	204	33010	1	SRSF7	0.34830711030157696	1.0
Reactome	hypomethylated	Programmed Cell Death R-HSA-5357801	200	204	33010	2	CDKN2A,TNFRSF10A	0.3508527612460414	1.0
Reactome	hypomethylated	Signaling By ROBO Receptors R-HSA-376176	200	204	33010	2	RPL23,RPS2	0.3508527612460414	1.0
Reactome	hypomethylated	Sensory Perception R-HSA-9709957	485	204	33010	4	EZR,GRK7,PDE6B,RIMBP2	0.3521357349973562	1.0
Reactome	hypomethylated	Negative Epigenetic Regulation Of rRNA Expression R-HSA-5250941	70	204	33010	1	TAF1D	0.35234297288918714	1.0
Reactome	hypomethylated	Sensory Processing Of Sound R-HSA-9659379	70	204	33010	1	EZR	0.35234297288918714	1.0
Reactome	hypomethylated	CDK-mediated Phosphorylation And Removal Of Cdc6 R-HSA-69017	71	204	33010	1	ANAPC1	0.3563539635853199	1.0
Reactome	hypomethylated	Cdc20:Phospho-APC/C Mediated Degradation Of Cyclin A R-HSA-174184	71	204	33010	1	ANAPC1	0.3563539635853199	1.0
Reactome	hypomethylated	RHOC GTPase Cycle R-HSA-9013106	71	204	33010	1	TMPO	0.3563539635853199	1.0
Reactome	hypomethylated	RHOG GTPase Cycle R-HSA-9013408	71	204	33010	1	TMPO	0.3563539635853199	1.0
Reactome	hypomethylated	APC/C:Cdh1 Mediated Degradation Of Cdc20 And APC/C:Cdh1 Targets In Late Mitosis/Early G1 R-HSA-174178	72	204	33010	1	ANAPC1	0.36034023491804373	1.0
Reactome	hypomethylated	APC:Cdc20 Mediated Degradation Of Cell Cycle Proteins Before Cycle Checkpoint Satisfied R-HSA-179419	72	204	33010	1	ANAPC1	0.36034023491804373	1.0
Reactome	hypomethylated	G2/M DNA Damage Checkpoint R-HSA-69473	73	204	33010	1	MDC1	0.36430193848464576	1.0
Reactome	hypomethylated	Nuclear Envelope (NE) Reassembly R-HSA-2995410	73	204	33010	1	TMPO	0.36430193848464576	1.0
Reactome	hypomethylated	Metabolism Of Amino Acids And Derivatives R-HSA-71291	348	204	33010	3	PSPH,RPL23,RPS2	0.364348097895433	1.0
Reactome	hypomethylated	Axon Guidance R-HSA-422475	496	204	33010	4	EZR,RPL23,RPS2,SCN1A	0.36752539438848186	1.0
Reactome	hypomethylated	APC/C:Cdc20 Mediated Degradation Of Mitotic Proteins R-HSA-176409	74	204	33010	1	ANAPC1	0.36823922495727923	1.0
Reactome	hypomethylated	Oncogenic MAPK Signaling R-HSA-6802957	74	204	33010	1	APBB1IP	0.36823922495727923	1.0
Reactome	hypomethylated	Activation Of APC/C And APC/C:Cdc20 Mediated Degradation Of Mitotic Proteins R-HSA-176814	75	204	33010	1	ANAPC1	0.3721522440885859	1.0
Reactome	hypomethylated	Nuclear Events Mediated By NFE2L2 R-HSA-9759194	75	204	33010	1	CDKN2A	0.3721522440885859	1.0
Reactome	hypomethylated	Transcription-Coupled Nucleotide Excision Repair (TC-NER) R-HSA-6781827	75	204	33010	1	COPS5	0.3721522440885859	1.0
Reactome	hypomethylated	Processing Of DNA Double-Strand Break Ends R-HSA-5693607	76	204	33010	1	MDC1	0.37604114471727634	1.0
Reactome	hypomethylated	Innate Immune System R-HSA-168249	955	204	33010	7	AIM2,CD44,CD58,COTL1,PTPRN2,RAB27A,RNASET2	0.3776265799237148	1.0
Reactome	hypomethylated	Transport Of Mature Transcript To Cytoplasm R-HSA-72202	78	204	33010	1	SRSF7	0.3837471812852714	1.0
Reactome	hypomethylated	Regulation Of APC/C Activators Between G1/S And Early Anaphase R-HSA-176408	79	204	33010	1	ANAPC1	0.38756461038213164	1.0
Reactome	hypomethylated	Cell Junction Organization R-HSA-446728	81	204	33010	1	CLDN4	0.39512901639778447	1.0
Reactome	hypomethylated	Meiosis R-HSA-1500620	81	204	33010	1	PMEPA1	0.39512901639778447	1.0
Reactome	hypomethylated	Transcriptional Regulation Of White Adipocyte Differentiation R-HSA-381340	81	204	33010	1	TBL1XR1	0.39512901639778447	1.0
Reactome	hypomethylated	Platelet Homeostasis R-HSA-418346	82	204	33010	1	PDE10A	0.39887628113873763	1.0
Reactome	hypomethylated	RAB GEFs Exchange GTP For GDP On RABs R-HSA-8876198	82	204	33010	1	RAB27A	0.39887628113873763	1.0
Reactome	hypomethylated	Nervous System Development R-HSA-9675108	520	204	33010	4	EZR,RPL23,RPS2,SCN1A	0.4010115257251889	1.0
Reactome	hypomethylated	Interferon Gamma Signaling R-HSA-877300	83	204	33010	1	CD44	0.4026004441200206	1.0
Reactome	hypomethylated	Peptide Hormone Metabolism R-HSA-2980736	83	204	33010	1	RAB27A	0.4026004441200206	1.0
Reactome	hypomethylated	Mitochondrial Biogenesis R-HSA-1592230	84	204	33010	1	TBL1XR1	0.40630164706591665	1.0
Reactome	hypomethylated	Neddylation R-HSA-8951664	227	204	33010	2	COPS5,ZBTB16	0.4100539506633675	1.0
Reactome	hypomethylated	APC/C-mediated Degradation Of Cell Cycle Proteins R-HSA-174143	86	204	33010	1	ANAPC1	0.4136357354280828	1.0
Reactome	hypomethylated	Oxidative Stress Induced Senescence R-HSA-2559580	86	204	33010	1	CDKN2A	0.4136357354280828	1.0
Reactome	hypomethylated	Cellular Responses To Stress R-HSA-2262752	689	204	33010	5	ANAPC1,CDKN2A,RPL23,RPS2,TBL1XR1	0.4220961208823355	1.0
Reactome	hypomethylated	Transmission Across Chemical Synapses R-HSA-112315	233	204	33010	2	GRIA1,SYT1	0.4228622567085744	1.0
Reactome	hypomethylated	HCMV Early Events R-HSA-9609690	89	204	33010	1	TBL1XR1	0.4244681613460051	1.0
Reactome	hypomethylated	Switching Of Origins To A Post-Replicative State R-HSA-69052	89	204	33010	1	ANAPC1	0.4244681613460051	1.0
Reactome	hypomethylated	Potential Therapeutics For SARS R-HSA-9679191	90	204	33010	1	GATAD2B	0.42803453220610727	1.0
Reactome	hypomethylated	Unattached Kinetochores Signal Amplification Via A MAD2 Inhibitory Signal R-HSA-141444	91	204	33010	1	CENPN	0.4315789111681351	1.0
Reactome	hypomethylated	Metabolism Of Nucleotides R-HSA-15869	91	204	33010	1	CTPS1	0.4315789111681351	1.0
Reactome	hypomethylated	Class B/2 (Secretin Family Receptors) R-HSA-373080	92	204	33010	1	SCT	0.43510143318039846	1.0
Reactome	hypomethylated	Transcriptional Regulation By RUNX3 R-HSA-8878159	92	204	33010	1	CDKN2A	0.43510143318039846	1.0
Reactome	hypomethylated	Cellular Responses To Stimuli R-HSA-8953897	703	204	33010	5	ANAPC1,CDKN2A,RPL23,RPS2,TBL1XR1	0.4390554607049553	1.0
Reactome	hypomethylated	Stimuli-sensing Channels R-HSA-2672351	94	204	33010	1	ASIC2	0.44208144203385086	1.0
Reactome	hypomethylated	EML4 And NUDC In Mitotic Spindle Formation R-HSA-9648025	95	204	33010	1	CENPN	0.4455391946716287	1.0
Reactome	hypomethylated	KEAP1-NFE2L2 Pathway R-HSA-9755511	97	204	33010	1	CDKN2A	0.45239085478523644	1.0
Reactome	hypomethylated	RHO GTPase Cycle R-HSA-9012999	412	204	33010	3	CCT6A,TAOK3,TMPO	0.46926018250946244	1.0
Reactome	hypomethylated	Gene Silencing By RNA R-HSA-211000	103	204	33010	1	HENMT1	0.4724443969509072	1.0
Reactome	hypomethylated	Assembly Of Pre-Replicative Complex R-HSA-68867	104	204	33010	1	ANAPC1	0.47571486654771045	1.0
Reactome	hypomethylated	Degradation Of Extracellular Matrix R-HSA-1474228	104	204	33010	1	CD44	0.47571486654771045	1.0
Reactome	hypomethylated	SARS-CoV-2 Activates/Modulates Innate And Adaptive Immune Responses R-HSA-9705671	104	204	33010	1	IL17RA	0.47571486654771045	1.0
Reactome	hypomethylated	Organelle Biogenesis And Maintenance R-HSA-1852241	262	204	33010	2	CCT5,TBL1XR1	0.48263288186095515	1.0
Reactome	hypomethylated	Chromosome Maintenance R-HSA-73886	109	204	33010	1	CENPN	0.49176704314347364	1.0
Reactome	hypomethylated	HDR Thru Homologous Recombination (HRR) Or Single Strand Annealing (SSA) R-HSA-5693567	109	204	33010	1	MDC1	0.49176704314347364	1.0
Reactome	hypomethylated	Translation R-HSA-72766	271	204	33010	2	RPL23,RPS2	0.5004009260633282	1.0
Reactome	hypomethylated	PPARA Activates Gene Expression R-HSA-1989781	112	204	33010	1	TBL1XR1	0.5011626032588453	1.0
Reactome	hypomethylated	Glycosaminoglycan Metabolism R-HSA-1630316	113	204	33010	1	CD44	0.5042558864047869	1.0
Reactome	hypomethylated	Cell-Cell Communication R-HSA-1500931	114	204	33010	1	CLDN4	0.5073300815950309	1.0
Reactome	hypomethylated	HCMV Infection R-HSA-9609646	114	204	33010	1	TBL1XR1	0.5073300815950309	1.0
Reactome	hypomethylated	Regulation Of Lipid Metabolism By PPARalpha R-HSA-400206	114	204	33010	1	TBL1XR1	0.5073300815950309	1.0
Reactome	hypomethylated	RHO GTPases Activate Formins R-HSA-5663220	115	204	33010	1	CENPN	0.510385306040393	1.0
Reactome	hypomethylated	Regulation Of IGF Transport And Uptake By IGFBPs R-HSA-381426	116	204	33010	1	PAPPA2	0.5134216762354907	1.0
Reactome	hypomethylated	Signaling By Rho GTPases R-HSA-194315	605	204	33010	4	CCT6A,CENPN,TAOK3,TMPO	0.5158122044212706	1.0
Reactome	hypomethylated	Synthesis Of DNA R-HSA-69239	117	204	33010	1	ANAPC1	0.5164393079630989	1.0
Reactome	hypomethylated	Extracellular Matrix Organization R-HSA-1474244	280	204	33010	2	CD44,TNR	0.5177750044503328	1.0
Reactome	hypomethylated	DNA Replication Pre-Initiation R-HSA-69002	119	204	33010	1	ANAPC1	0.522418815613662	1.0
Reactome	hypomethylated	Signaling By WNT R-HSA-195721	283	204	33010	2	BCL9,PDE6B	0.5234770692393963	1.0
Reactome	hypomethylated	Cardiac Conduction R-HSA-5576891	121	204	33010	1	SCN1A	0.5283247411811947	1.0
Reactome	hypomethylated	Metabolism Of Water-Soluble Vitamins And Cofactors R-HSA-196849	121	204	33010	1	PARP4	0.5283247411811947	1.0
Reactome	hypomethylated	Signaling By Rho GTPases, Miro GTPases And RHOBTB3 R-HSA-9716542	619	204	33010	4	CCT6A,CENPN,TAOK3,TMPO	0.5337993510227875	1.0
Reactome	hypomethylated	ADORA2B Mediated Anti-Inflammatory Cytokine Production R-HSA-9660821	127	204	33010	1	SCT	0.5456099813555478	1.0
Reactome	hypomethylated	Death Receptor Signaling R-HSA-73887	128	204	33010	1	TNFRSF10A	0.5484289322968697	1.0
Reactome	hypomethylated	Metabolism Of RNA R-HSA-8953854	631	204	33010	4	CD44,RPL23,RPS2,SRSF7	0.5489526676423396	1.0
Reactome	hypomethylated	ER To Golgi Anterograde Transport R-HSA-199977	130	204	33010	1	GRIA1	0.5540147319472714	1.0
Reactome	hypomethylated	PTEN Regulation R-HSA-6807070	135	204	33010	1	GATAD2B	0.567680245143602	1.0
Reactome	hypomethylated	CDC42 GTPase Cycle R-HSA-9013148	138	204	33010	1	TMPO	0.5756787008801414	1.0
Reactome	hypomethylated	RHOA GTPase Cycle R-HSA-8980692	138	204	33010	1	TMPO	0.5756787008801414	1.0
Reactome	hypomethylated	Beta-catenin Independent WNT Signaling R-HSA-3858494	141	204	33010	1	PDE6B	0.5835298872143938	1.0
Reactome	hypomethylated	G2/M Checkpoints R-HSA-69481	143	204	33010	1	MDC1	0.5886835297031122	1.0
Reactome	hypomethylated	Mitotic G1 Phase And G1/S Transition R-HSA-453279	143	204	33010	1	CDKN2A	0.5886835297031122	1.0
Reactome	hypomethylated	Developmental Biology R-HSA-1266738	1008	204	33010	6	EZR,KRTAP12-3,RPL23,RPS2,SCN1A,TBL1XR1	0.5939504400602301	1.0
Reactome	hypomethylated	DNA Replication R-HSA-69306	147	204	33010	1	ANAPC1	0.5988011962549431	1.0
Reactome	hypomethylated	Metabolism Of Steroids R-HSA-8957322	149	204	33010	1	TBL1XR1	0.603766766338281	1.0
Reactome	hypomethylated	Anti-inflammatory Response Favoring Leishmania Infection R-HSA-9662851	156	204	33010	1	SCT	0.6206695199524257	1.0
Reactome	hypomethylated	Transport To Golgi And Subsequent Modification R-HSA-948021	161	204	33010	1	GRIA1	0.6323017366763077	1.0
Reactome	hypomethylated	Ion Channel Transport R-HSA-983712	164	204	33010	1	ASIC2	0.6391099651965133	1.0
Reactome	hypomethylated	Neurotransmitter Receptors And Postsynaptic Signal Transmission R-HSA-112314	171	204	33010	1	GRIA1	0.6545119280171012	1.0
Reactome	hypomethylated	mRNA Splicing - Major Pathway R-HSA-72163	174	204	33010	1	SRSF7	0.6609108529328331	1.0
Reactome	hypomethylated	Cilium Assembly R-HSA-5617833	178	204	33010	1	CCT5	0.6692596550368142	1.0
Reactome	hypomethylated	Interferon Signaling R-HSA-913531	181	204	33010	1	CD44	0.6753867292734768	1.0
Reactome	hypomethylated	mRNA Splicing R-HSA-72172	181	204	33010	1	SRSF7	0.6753867292734768	1.0
Reactome	hypomethylated	Keratinization R-HSA-6805567	185	204	33010	1	KRTAP12-3	0.6833808054213206	1.0
Reactome	hypomethylated	TCF Dependent Signaling In Response To WNT R-HSA-201681	188	204	33010	1	BCL9	0.6892475237513347	1.0
Reactome	hypomethylated	Muscle Contraction R-HSA-397014	189	204	33010	1	SCN1A	0.6911789570934446	1.0
Reactome	hypomethylated	Signaling By NOTCH R-HSA-157118	192	204	33010	1	TBL1XR1	0.6969018745325278	1.0
Reactome	hypomethylated	GPCR Downstream Signaling R-HSA-388396	580	204	33010	3	GRK5,PDE10A,SCT	0.6978499900446118	1.0
Reactome	hypomethylated	G Alpha (Q) Signaling Events R-HSA-416476	197	204	33010	1	GRK5	0.706206486131939	1.0
Reactome	hypomethylated	Diseases Of Signal Transduction By Growth Factor Receptors And Second Messengers R-HSA-5663202	406	204	33010	2	APBB1IP,TBL1XR1	0.7174108987819043	1.0
Reactome	hypomethylated	Signaling By Interleukins R-HSA-449147	429	204	33010	2	IL17RA,IL22RA2	0.7453180303013806	1.0
Reactome	hypomethylated	Processing Of Capped Intron-Containing Pre-mRNA R-HSA-72203	231	204	33010	1	SRSF7	0.7623662303215146	1.0
Reactome	hypomethylated	Signaling By GPCR R-HSA-372790	648	204	33010	3	GRK5,PDE10A,SCT	0.7663740299549568	1.0
Reactome	hypomethylated	Leishmania Infection R-HSA-9658195	234	204	33010	1	SCT	0.7667755482329298	1.0
Reactome	hypomethylated	Cytokine Signaling In Immune System R-HSA-1280215	653	204	33010	3	CD44,IL17RA,IL22RA2	0.7708776285174828	1.0
Reactome	hypomethylated	Platelet Activation, Signaling And Aggregation R-HSA-76002	240	204	33010	1	APBB1IP	0.7753514152431124	1.0
Reactome	hypomethylated	RHO GTPase Effectors R-HSA-195258	253	204	33010	1	CENPN	0.792870997857331	1.0
Reactome	hypomethylated	RAF/MAP Kinase Cascade R-HSA-5673001	258	204	33010	1	APBB1IP	0.7992412099980815	1.0
Reactome	hypomethylated	PIP3 Activates AKT Signaling R-HSA-1257604	259	204	33010	1	GATAD2B	0.8004916616700521	1.0
Reactome	hypomethylated	MAPK1/MAPK3 Signaling R-HSA-5684996	264	204	33010	1	APBB1IP	0.8066286119314918	1.0
Reactome	hypomethylated	Metabolism Of Carbohydrates R-HSA-71387	267	204	33010	1	CD44	0.8102202304020397	1.0
Reactome	hypomethylated	Asparagine N-linked Glycosylation R-HSA-446203	276	204	33010	1	GRIA1	0.8206016165928474	1.0
Reactome	hypomethylated	Intracellular Signaling By Second Messengers R-HSA-9006925	296	204	33010	1	GATAD2B	0.8416921631366925	1.0
Reactome	hypomethylated	MAPK Family Signaling Cascades R-HSA-5683057	305	204	33010	1	APBB1IP	0.8503594497119553	1.0
Reactome	hypomethylated	Metabolism R-HSA-1430728	1943	204	33010	9	CD44,COQ3,CTPS1,PARP4,PSPH,RIMBP2,RPL23,RPS2,TBL1XR1	0.8541455825835652	1.0
Reactome	hypomethylated	Transport Of Small Molecules R-HSA-382551	675	204	33010	2	ASIC2,LMF1	0.9229187373238292	1.0
Reactome	hypomethylated	GPCR Ligand Binding R-HSA-500792	429	204	33010	1	SCT	0.9312218058042779	1.0
Reactome	hypomethylated	Signaling By Receptor Tyrosine Kinases R-HSA-9006934	480	204	33010	1	WWOX	0.9500856362538146	1.0
Reactome	hypomethylated	Metabolism Of Lipids R-HSA-556833	696	204	33010	1	TBL1XR1	0.9872318477346091	1.0
Reactome	hypomethylated	2-LTR Circle Formation R-HSA-164843	8	204	33010	0		1.0	1.0
Reactome	hypomethylated	GAG Synthesis Requires Tetrasaccharide Linker Sequence R-HSA-1971475	23	204	33010	0		1.0	1.0
Reactome	hypomethylated	ABC Transporter Disorders R-HSA-5619084	75	204	33010	0		1.0	1.0
Reactome	hypomethylated	ABC Transporters In Lipid Homeostasis R-HSA-1369062	16	204	33010	0		1.0	1.0
Reactome	hypomethylated	ABC-family Proteins Mediated Transport R-HSA-382556	97	204	33010	0		1.0	1.0
Reactome	hypomethylated	ADP Signaling Thru P2Y Purinoceptor 1 R-HSA-418592	25	204	33010	0		1.0	1.0
Reactome	hypomethylated	ADP Signaling Thru P2Y Purinoceptor 12 R-HSA-392170	22	204	33010	0		1.0	1.0
Reactome	hypomethylated	AKT Phosphorylates Targets In Cytosol R-HSA-198323	14	204	33010	0		1.0	1.0
Reactome	hypomethylated	AKT Phosphorylates Targets In Nucleus R-HSA-198693	9	204	33010	0		1.0	1.0
Reactome	hypomethylated	ALK Mutants Bind TKIs R-HSA-9700645	12	204	33010	0		1.0	1.0
Reactome	hypomethylated	AMPK Inhibits chREBP Transcriptional Activity R-HSA-163680	8	204	33010	0		1.0	1.0
Reactome	hypomethylated	APC Truncation Mutants Have Impaired AXIN Binding R-HSA-5467337	13	204	33010	0		1.0	1.0
Reactome	hypomethylated	APEX1-Independent Resolution Of AP Sites Via Single Nucleotide Replacement Pathway R-HSA-5649702	7	204	33010	0		1.0	1.0
Reactome	hypomethylated	APOBEC3G Mediated Resistance To HIV-1 R-HSA-180689	6	204	33010	0		1.0	1.0
Reactome	hypomethylated	ARMS-mediated Activation R-HSA-170984	7	204	33010	0		1.0	1.0
Reactome	hypomethylated	ATF4 Activates Genes In Response To Endoplasmic Reticulum Stress R-HSA-380994	26	204	33010	0		1.0	1.0
Reactome	hypomethylated	ATF6 (ATF6-alpha) Activates Chaperone Genes R-HSA-381183	9	204	33010	0		1.0	1.0
Reactome	hypomethylated	ATF6 (ATF6-alpha) Activates Chaperones R-HSA-381033	10	204	33010	0		1.0	1.0
Reactome	hypomethylated	AUF1 (hnRNP D0) Binds And Destabilizes mRNA R-HSA-450408	53	204	33010	0		1.0	1.0
Reactome	hypomethylated	AURKA Activation By TPX2 R-HSA-8854518	69	204	33010	0		1.0	1.0
Reactome	hypomethylated	Abacavir ADME R-HSA-2161522	10	204	33010	0		1.0	1.0
Reactome	hypomethylated	Abacavir Metabolism R-HSA-2161541	5	204	33010	0		1.0	1.0
Reactome	hypomethylated	Abacavir Transmembrane Transport R-HSA-2161517	5	204	33010	0		1.0	1.0
Reactome	hypomethylated	Aberrant Regulation Of Mitotic G1/S Transition In Cancer Due To RB1 Defects R-HSA-9659787	17	204	33010	0		1.0	1.0
Reactome	hypomethylated	Abortive Elongation Of HIV-1 Transcript In Absence Of Tat R-HSA-167242	23	204	33010	0		1.0	1.0
Reactome	hypomethylated	Acetylcholine Binding And Downstream Events R-HSA-181431	13	204	33010	0		1.0	1.0
Reactome	hypomethylated	Acetylcholine Inhibits Contraction Of Outer Hair Cells R-HSA-9667769	5	204	33010	0		1.0	1.0
Reactome	hypomethylated	Acetylcholine Regulates Insulin Secretion R-HSA-399997	10	204	33010	0		1.0	1.0
Reactome	hypomethylated	Acrosome Reaction And Sperm:Oocyte Membrane Binding R-HSA-1300645	5	204	33010	0		1.0	1.0
Reactome	hypomethylated	Activated NOTCH1 Transmits Signal To Nucleus R-HSA-2122948	31	204	33010	0		1.0	1.0
Reactome	hypomethylated	Activated NTRK2 Signals Thru CDK5 R-HSA-9032845	5	204	33010	0		1.0	1.0
Reactome	hypomethylated	Activated NTRK2 Signals Thru FRS2 And FRS3 R-HSA-9028731	9	204	33010	0		1.0	1.0
Reactome	hypomethylated	Activated NTRK2 Signals Thru FYN R-HSA-9032500	6	204	33010	0		1.0	1.0
Reactome	hypomethylated	Activated NTRK2 Signals Thru PI3K R-HSA-9028335	6	204	33010	0		1.0	1.0
Reactome	hypomethylated	Activated NTRK2 Signals Thru RAS R-HSA-9026519	7	204	33010	0		1.0	1.0
Reactome	hypomethylated	Activated NTRK3 Signals Thru PI3K R-HSA-9603381	6	204	33010	0		1.0	1.0
Reactome	hypomethylated	Activated NTRK3 Signals Thru RAS R-HSA-9034864	7	204	33010	0		1.0	1.0
Reactome	hypomethylated	Activated PKN1 Stimulates Transcription Of Androgen Receptor Regulated KLK2 And KLK3 R-HSA-5625886	30	204	33010	0		1.0	1.0
Reactome	hypomethylated	Activated Point Mutants Of FGFR2 R-HSA-2033519	15	204	33010	0		1.0	1.0
Reactome	hypomethylated	Activation Of AMPK Downstream Of NMDARs R-HSA-9619483	10	204	33010	0		1.0	1.0
Reactome	hypomethylated	Activation Of ATR In Response To Replication Stress R-HSA-176187	36	204	33010	0		1.0	1.0
Reactome	hypomethylated	Activation Of BAD And Translocation To Mitochondria R-HSA-111447	15	204	33010	0		1.0	1.0
Reactome	hypomethylated	Activation Of BH3-only Proteins R-HSA-114452	30	204	33010	0		1.0	1.0
Reactome	hypomethylated	Activation Of C3 And C5 R-HSA-174577	5	204	33010	0		1.0	1.0
Reactome	hypomethylated	Activation Of Ca-permeable Kainate Receptor R-HSA-451308	9	204	33010	0		1.0	1.0
Reactome	hypomethylated	Activation Of G Protein Gated Potassium Channels R-HSA-1296041	29	204	33010	0		1.0	1.0
Reactome	hypomethylated	Activation Of GABAB Receptors R-HSA-991365	42	204	33010	0		1.0	1.0
Reactome	hypomethylated	Activation Of HOX Genes During Differentiation R-HSA-5619507	84	204	33010	0		1.0	1.0
Reactome	hypomethylated	Activation Of IRF3/IRF7 Mediated By TBK1/IKK Epsilon R-HSA-936964	17	204	33010	0		1.0	1.0
Reactome	hypomethylated	Activation Of Matrix Metalloproteinases R-HSA-1592389	29	204	33010	0		1.0	1.0
Reactome	hypomethylated	Activation Of NF-kappaB In B Cells R-HSA-1169091	64	204	33010	0		1.0	1.0
Reactome	hypomethylated	Activation Of NIMA Kinases NEK9, NEK6, NEK7 R-HSA-2980767	7	204	33010	0		1.0	1.0
Reactome	hypomethylated	Activation Of NOXA And Translocation To Mitochondria R-HSA-111448	5	204	33010	0		1.0	1.0
Reactome	hypomethylated	Activation Of PPARGC1A (PGC-1alpha) By Phosphorylation R-HSA-2151209	10	204	33010	0		1.0	1.0
Reactome	hypomethylated	Activation Of PUMA And Translocation To Mitochondria R-HSA-139915	9	204	33010	0		1.0	1.0
Reactome	hypomethylated	Activation Of RAC1 R-HSA-428540	12	204	33010	0		1.0	1.0
Reactome	hypomethylated	Activation Of RAC1 Downstream Of NMDARs R-HSA-9619229	7	204	33010	0		1.0	1.0
Reactome	hypomethylated	Activation Of SMO R-HSA-5635838	18	204	33010	0		1.0	1.0
Reactome	hypomethylated	Activation Of TRKA Receptors R-HSA-187015	6	204	33010	0		1.0	1.0
Reactome	hypomethylated	Activation Of Caspases Thru Apoptosome-Mediated Cleavage R-HSA-111459	5	204	33010	0		1.0	1.0
Reactome	hypomethylated	Activation Of Kainate Receptors Upon Glutamate Binding R-HSA-451326	29	204	33010	0		1.0	1.0
Reactome	hypomethylated	Activation Of AP-1 Family Of Transcription Factors R-HSA-450341	10	204	33010	0		1.0	1.0
Reactome	hypomethylated	Activation Of Pre-Replicative Complex R-HSA-68962	30	204	33010	0		1.0	1.0
Reactome	hypomethylated	Acyl Chain Remodeling Of CL R-HSA-1482798	5	204	33010	0		1.0	1.0
Reactome	hypomethylated	Acyl Chain Remodeling Of DAG And TAG R-HSA-1482883	5	204	33010	0		1.0	1.0
Reactome	hypomethylated	Acyl Chain Remodelling Of PC R-HSA-1482788	27	204	33010	0		1.0	1.0
Reactome	hypomethylated	Acyl Chain Remodelling Of PE R-HSA-1482839	29	204	33010	0		1.0	1.0
Reactome	hypomethylated	Acyl Chain Remodelling Of PG R-HSA-1482925	18	204	33010	0		1.0	1.0
Reactome	hypomethylated	Acyl Chain Remodelling Of PI R-HSA-1482922	17	204	33010	0		1.0	1.0
Reactome	hypomethylated	Acyl Chain Remodelling Of PS R-HSA-1482801	22	204	33010	0		1.0	1.0
Reactome	hypomethylated	Adenylate Cyclase Activating Pathway R-HSA-170660	9	204	33010	0		1.0	1.0
Reactome	hypomethylated	Adenylate Cyclase Inhibitory Pathway R-HSA-170670	13	204	33010	0		1.0	1.0
Reactome	hypomethylated	Adherens Junctions Interactions R-HSA-418990	28	204	33010	0		1.0	1.0
Reactome	hypomethylated	Adrenaline,noradrenaline Inhibits Insulin Secretion R-HSA-400042	28	204	33010	0		1.0	1.0
Reactome	hypomethylated	Adrenoceptors R-HSA-390696	9	204	33010	0		1.0	1.0
Reactome	hypomethylated	Advanced Glycosylation Endproduct Receptor Signaling R-HSA-879415	13	204	33010	0		1.0	1.0
Reactome	hypomethylated	Aflatoxin Activation And Detoxification R-HSA-5423646	18	204	33010	0		1.0	1.0
Reactome	hypomethylated	Aggrephagy R-HSA-9646399	23	204	33010	0		1.0	1.0
Reactome	hypomethylated	Alpha-defensins R-HSA-1462054	6	204	33010	0		1.0	1.0
Reactome	hypomethylated	Alpha-oxidation Of Phytanate R-HSA-389599	6	204	33010	0		1.0	1.0
Reactome	hypomethylated	Alpha-protein Kinase 1 Signaling Pathway R-HSA-9645460	10	204	33010	0		1.0	1.0
Reactome	hypomethylated	Amine Ligand-Binding Receptors R-HSA-375280	38	204	33010	0		1.0	1.0
Reactome	hypomethylated	Amino Acid Conjugation R-HSA-156587	7	204	33010	0		1.0	1.0
Reactome	hypomethylated	Amino Acid Transport Across Plasma Membrane R-HSA-352230	30	204	33010	0		1.0	1.0
Reactome	hypomethylated	Amino Acids Regulate mTORC1 R-HSA-9639288	52	204	33010	0		1.0	1.0
Reactome	hypomethylated	Amyloid Fiber Formation R-HSA-977225	72	204	33010	0		1.0	1.0
Reactome	hypomethylated	Anchoring Fibril Formation R-HSA-2214320	7	204	33010	0		1.0	1.0
Reactome	hypomethylated	Anchoring Of Basal Body To Plasma Membrane R-HSA-5620912	94	204	33010	0		1.0	1.0
Reactome	hypomethylated	Androgen Biosynthesis R-HSA-193048	11	204	33010	0		1.0	1.0
Reactome	hypomethylated	Antigen Presentation: Folding, Assembly, Peptide Loading Of Class I MHC R-HSA-983170	28	204	33010	0		1.0	1.0
Reactome	hypomethylated	Antigen Activates B Cell Receptor Leading To Second Messenger Generation R-HSA-983695	28	204	33010	0		1.0	1.0
Reactome	hypomethylated	Antigen processing-Cross Presentation R-HSA-1236975	97	204	33010	0		1.0	1.0
Reactome	hypomethylated	Antimicrobial Peptides R-HSA-6803157	68	204	33010	0		1.0	1.0
Reactome	hypomethylated	Antiviral Mechanism By IFN-stimulated Genes R-HSA-1169410	81	204	33010	0		1.0	1.0
Reactome	hypomethylated	Apoptosis Induced DNA Fragmentation R-HSA-140342	13	204	33010	0		1.0	1.0
Reactome	hypomethylated	Apoptotic Cleavage Of Cell Adhesion Proteins R-HSA-351906	11	204	33010	0		1.0	1.0
Reactome	hypomethylated	Apoptotic Cleavage Of Cellular Proteins R-HSA-111465	35	204	33010	0		1.0	1.0
Reactome	hypomethylated	Apoptotic Execution Phase R-HSA-75153	49	204	33010	0		1.0	1.0
Reactome	hypomethylated	Aquaporin-mediated Transport R-HSA-445717	49	204	33010	0		1.0	1.0
Reactome	hypomethylated	Arachidonate Production From DAG R-HSA-426048	5	204	33010	0		1.0	1.0
Reactome	hypomethylated	Arachidonic Acid Metabolism R-HSA-2142753	56	204	33010	0		1.0	1.0
Reactome	hypomethylated	Aryl Hydrocarbon Receptor Signaling R-HSA-8937144	7	204	33010	0		1.0	1.0
Reactome	hypomethylated	Aspartate And Asparagine Metabolism R-HSA-8963693	11	204	33010	0		1.0	1.0
Reactome	hypomethylated	Aspirin ADME R-HSA-9749641	36	204	33010	0		1.0	1.0
Reactome	hypomethylated	Assembly Of HIV Virion R-HSA-175474	17	204	33010	0		1.0	1.0
Reactome	hypomethylated	Assembly And Cell Surface Presentation Of NMDA Receptors R-HSA-9609736	24	204	33010	0		1.0	1.0
Reactome	hypomethylated	Assembly Of Collagen Fibrils And Other Multimeric Structures R-HSA-2022090	56	204	33010	0		1.0	1.0
Reactome	hypomethylated	Assembly Of ORC Complex At Origin Of Replication R-HSA-68616	33	204	33010	0		1.0	1.0
Reactome	hypomethylated	Asymmetric Localization Of PCP Proteins R-HSA-4608870	61	204	33010	0		1.0	1.0
Reactome	hypomethylated	Atorvastatin ADME R-HSA-9754706	9	204	33010	0		1.0	1.0
Reactome	hypomethylated	Attachment And Entry R-HSA-9678110	4	204	33010	0		1.0	1.0
Reactome	hypomethylated	Attachment Of GPI Anchor To uPAR R-HSA-162791	7	204	33010	0		1.0	1.0
Reactome	hypomethylated	Attenuation Phase R-HSA-3371568	24	204	33010	0		1.0	1.0
Reactome	hypomethylated	Autodegradation Of E3 Ubiquitin Ligase COP1 R-HSA-349425	50	204	33010	0		1.0	1.0
Reactome	hypomethylated	Autophagy R-HSA-9612973	122	204	33010	0		1.0	1.0
Reactome	hypomethylated	Axonal Growth Inhibition (RHOA Activation) R-HSA-193634	7	204	33010	0		1.0	1.0
Reactome	hypomethylated	Azathioprine ADME R-HSA-9748787	17	204	33010	0		1.0	1.0
Reactome	hypomethylated	BH3-only Proteins Associate With And Inactivate Anti-Apoptotic BCL-2 Members R-HSA-111453	9	204	33010	0		1.0	1.0
Reactome	hypomethylated	Base-Excision Repair, AP Site Formation R-HSA-73929	40	204	33010	0		1.0	1.0
Reactome	hypomethylated	Basigin Interactions R-HSA-210991	24	204	33010	0		1.0	1.0
Reactome	hypomethylated	Beta Defensins R-HSA-1461957	21	204	33010	0		1.0	1.0
Reactome	hypomethylated	Beta Oxidation Of butanoyl-CoA To acetyl-CoA R-HSA-77352	5	204	33010	0		1.0	1.0
Reactome	hypomethylated	Beta Oxidation Of decanoyl-CoA To octanoyl-CoA-CoA R-HSA-77346	6	204	33010	0		1.0	1.0
Reactome	hypomethylated	Beta Oxidation Of hexanoyl-CoA To butanoyl-CoA R-HSA-77350	5	204	33010	0		1.0	1.0
Reactome	hypomethylated	Beta Oxidation Of lauroyl-CoA To decanoyl-CoA-CoA R-HSA-77310	5	204	33010	0		1.0	1.0
Reactome	hypomethylated	Beta Oxidation Of octanoyl-CoA To hexanoyl-CoA R-HSA-77348	5	204	33010	0		1.0	1.0
Reactome	hypomethylated	Beta-catenin Phosphorylation Cascade R-HSA-196299	16	204	33010	0		1.0	1.0
Reactome	hypomethylated	Beta-oxidation Of pristanoyl-CoA R-HSA-389887	9	204	33010	0		1.0	1.0
Reactome	hypomethylated	Beta-oxidation Of Very Long Chain Fatty Acids R-HSA-390247	10	204	33010	0		1.0	1.0
Reactome	hypomethylated	Bicarbonate Transporters R-HSA-425381	10	204	33010	0		1.0	1.0
Reactome	hypomethylated	Bile Acid And Bile Salt Metabolism R-HSA-194068	45	204	33010	0		1.0	1.0
Reactome	hypomethylated	Binding And Uptake Of Ligands By Scavenger Receptors R-HSA-2173782	40	204	33010	0		1.0	1.0
Reactome	hypomethylated	Binding And Entry Of HIV Virion R-HSA-173107	5	204	33010	0		1.0	1.0
Reactome	hypomethylated	Binding Of TCF/LEF:CTNNB1 To Target Gene Promoters R-HSA-4411364	8	204	33010	0		1.0	1.0
Reactome	hypomethylated	Biological Oxidations R-HSA-211859	194	204	33010	0		1.0	1.0
Reactome	hypomethylated	Biosynthesis Of DHA-derived SPMs R-HSA-9018677	16	204	33010	0		1.0	1.0
Reactome	hypomethylated	Biosynthesis Of E-series 18(S)-resolvins R-HSA-9018896	5	204	33010	0		1.0	1.0
Reactome	hypomethylated	Biosynthesis Of EPA-derived SPMs R-HSA-9018679	6	204	33010	0		1.0	1.0
Reactome	hypomethylated	Biosynthesis Of Maresin-Like SPMs R-HSA-9027307	5	204	33010	0		1.0	1.0
Reactome	hypomethylated	Biosynthesis Of Maresins R-HSA-9018682	7	204	33010	0		1.0	1.0
Reactome	hypomethylated	Biosynthesis Of Specialized Proresolving Mediators (SPMs) R-HSA-9018678	18	204	33010	0		1.0	1.0
Reactome	hypomethylated	Biosynthesis Of N-glycan Precursor (Dolichol LLO) And Transfer To Protein R-HSA-446193	75	204	33010	0		1.0	1.0
Reactome	hypomethylated	Biotin Transport And Metabolism R-HSA-196780	10	204	33010	0		1.0	1.0
Reactome	hypomethylated	Blood Group Systems Biosynthesis R-HSA-9033658	21	204	33010	0		1.0	1.0
Reactome	hypomethylated	Branched-chain Amino Acid Catabolism R-HSA-70895	20	204	33010	0		1.0	1.0
Reactome	hypomethylated	Budding And Maturation Of HIV Virion R-HSA-162588	28	204	33010	0		1.0	1.0
Reactome	hypomethylated	Butyrate Response Factor 1 Binds And Destabilizes mRNA R-HSA-450385	17	204	33010	0		1.0	1.0
Reactome	hypomethylated	Butyrophilin (BTN) Family Interactions R-HSA-8851680	12	204	33010	0		1.0	1.0
Reactome	hypomethylated	C-type Lectin Receptors (CLRs) R-HSA-5621481	135	204	33010	0		1.0	1.0
Reactome	hypomethylated	CD163 Mediating An Anti-Inflammatory Response R-HSA-9662834	9	204	33010	0		1.0	1.0
Reactome	hypomethylated	CD209 (DC-SIGN) Signaling R-HSA-5621575	20	204	33010	0		1.0	1.0
Reactome	hypomethylated	CD22 Mediated BCR Regulation R-HSA-5690714	5	204	33010	0		1.0	1.0
Reactome	hypomethylated	CD28 Co-Stimulation R-HSA-389356	34	204	33010	0		1.0	1.0
Reactome	hypomethylated	CD28 Dependent PI3K/Akt Signaling R-HSA-389357	23	204	33010	0		1.0	1.0
Reactome	hypomethylated	CD28 Dependent Vav1 Pathway R-HSA-389359	12	204	33010	0		1.0	1.0
Reactome	hypomethylated	CDC6 Association With ORC:origin Complex R-HSA-68689	8	204	33010	0		1.0	1.0
Reactome	hypomethylated	CHL1 Interactions R-HSA-447041	9	204	33010	0		1.0	1.0
Reactome	hypomethylated	CLEC7A (Dectin-1) Induces NFAT Activation R-HSA-5607763	11	204	33010	0		1.0	1.0
Reactome	hypomethylated	CLEC7A (Dectin-1) Signaling R-HSA-5607764	96	204	33010	0		1.0	1.0
Reactome	hypomethylated	CLEC7A/inflammasome Pathway R-HSA-5660668	6	204	33010	0		1.0	1.0
Reactome	hypomethylated	COPI-dependent Golgi-to-ER Retrograde Traffic R-HSA-6811434	76	204	33010	0		1.0	1.0
Reactome	hypomethylated	COPI-independent Golgi-to-ER Retrograde Traffic R-HSA-6811436	34	204	33010	0		1.0	1.0
Reactome	hypomethylated	COPI-mediated Anterograde Transport R-HSA-6807878	80	204	33010	0		1.0	1.0
Reactome	hypomethylated	CREB Phosphorylation R-HSA-199920	6	204	33010	0		1.0	1.0
Reactome	hypomethylated	CREB1 Phosphorylation Thru NMDA Receptor-Mediated Activation Of RAS Signaling R-HSA-442742	25	204	33010	0		1.0	1.0
Reactome	hypomethylated	CREB1 Phosphorylation Thru Activation Of Adenylate Cyclase R-HSA-442720	11	204	33010	0		1.0	1.0
Reactome	hypomethylated	CREB1 Phosphorylation Thru Activation Of CaMKII/CaMKK/CaMKIV Cascasde R-HSA-442729	8	204	33010	0		1.0	1.0
Reactome	hypomethylated	CREB3 Factors Activate Genes R-HSA-8874211	7	204	33010	0		1.0	1.0
Reactome	hypomethylated	CRMPs In Sema3A Signaling R-HSA-399956	15	204	33010	0		1.0	1.0
Reactome	hypomethylated	CS/DS Degradation R-HSA-2024101	12	204	33010	0		1.0	1.0
Reactome	hypomethylated	CTLA4 Inhibitory Signaling R-HSA-389513	21	204	33010	0		1.0	1.0
Reactome	hypomethylated	CTNNB1 S33 Mutants Not Phosphorylated R-HSA-5358747	14	204	33010	0		1.0	1.0
Reactome	hypomethylated	CYP2E1 Reactions R-HSA-211999	8	204	33010	0		1.0	1.0
Reactome	hypomethylated	Ca-dependent Events R-HSA-111996	34	204	33010	0		1.0	1.0
Reactome	hypomethylated	Ca2+ Activated K+ Channels R-HSA-1296052	8	204	33010	0		1.0	1.0
Reactome	hypomethylated	CaM Pathway R-HSA-111997	32	204	33010	0		1.0	1.0
Reactome	hypomethylated	CaMK IV-mediated Phosphorylation Of CREB R-HSA-111932	10	204	33010	0		1.0	1.0
Reactome	hypomethylated	Calcineurin Activates NFAT R-HSA-2025928	9	204	33010	0		1.0	1.0
Reactome	hypomethylated	Calcitonin-like Ligand Receptors R-HSA-419812	10	204	33010	0		1.0	1.0
Reactome	hypomethylated	Calnexin/calreticulin Cycle R-HSA-901042	26	204	33010	0		1.0	1.0
Reactome	hypomethylated	Carboxyterminal Post-Translational Modifications Of Tubulin R-HSA-8955332	39	204	33010	0		1.0	1.0
Reactome	hypomethylated	Carnitine Metabolism R-HSA-200425	10	204	33010	0		1.0	1.0
Reactome	hypomethylated	Caspase Activation Via Dependence Receptors In Absence Of Ligand R-HSA-418889	9	204	33010	0		1.0	1.0
Reactome	hypomethylated	Caspase-mediated Cleavage Of Cytoskeletal Proteins R-HSA-264870	12	204	33010	0		1.0	1.0
Reactome	hypomethylated	Cation-coupled Chloride Cotransporters R-HSA-426117	7	204	33010	0		1.0	1.0
Reactome	hypomethylated	Cell Death Signaling Via NRAGE, NRIF And NADE R-HSA-204998	67	204	33010	0		1.0	1.0
Reactome	hypomethylated	Cell Recruitment (Pro-Inflammatory Response) R-HSA-9664424	25	204	33010	0		1.0	1.0
Reactome	hypomethylated	Cell-extracellular Matrix Interactions R-HSA-446353	14	204	33010	0		1.0	1.0
Reactome	hypomethylated	Cellular Hexose Transport R-HSA-189200	21	204	33010	0		1.0	1.0
Reactome	hypomethylated	Cellular Response To Heat Stress R-HSA-3371556	96	204	33010	0		1.0	1.0
Reactome	hypomethylated	Cellular Response To Hypoxia R-HSA-1234174	72	204	33010	0		1.0	1.0
Reactome	hypomethylated	Centrosome Maturation R-HSA-380287	78	204	33010	0		1.0	1.0
Reactome	hypomethylated	ChREBP Activates Metabolic Gene Expression R-HSA-163765	7	204	33010	0		1.0	1.0
Reactome	hypomethylated	Chaperone Mediated Autophagy R-HSA-9613829	18	204	33010	0		1.0	1.0
Reactome	hypomethylated	Chemokine Receptors Bind Chemokines R-HSA-380108	52	204	33010	0		1.0	1.0
Reactome	hypomethylated	Chk1/Chk2(Cds1) Mediated Inactivation Of Cyclin B:Cdk1 Complex R-HSA-75035	13	204	33010	0		1.0	1.0
Reactome	hypomethylated	Cholesterol Biosynthesis R-HSA-191273	25	204	33010	0		1.0	1.0
Reactome	hypomethylated	Choline Catabolism R-HSA-6798163	6	204	33010	0		1.0	1.0
Reactome	hypomethylated	Chondroitin Sulfate Biosynthesis R-HSA-2022870	18	204	33010	0		1.0	1.0
Reactome	hypomethylated	Chondroitin Sulfate/Dermatan Sulfate Metabolism R-HSA-1793185	45	204	33010	0		1.0	1.0
Reactome	hypomethylated	Chylomicron Assembly R-HSA-8963888	9	204	33010	0		1.0	1.0
Reactome	hypomethylated	Chylomicron Clearance R-HSA-8964026	5	204	33010	0		1.0	1.0
Reactome	hypomethylated	Chylomicron Remodeling R-HSA-8963901	9	204	33010	0		1.0	1.0
Reactome	hypomethylated	Citric Acid Cycle (TCA Cycle) R-HSA-71403	20	204	33010	0		1.0	1.0
Reactome	hypomethylated	Class A/1 (Rhodopsin-like Receptors) R-HSA-373076	304	204	33010	0		1.0	1.0
Reactome	hypomethylated	Class C/3 (Metabotropic Glutamate/Pheromone Receptors) R-HSA-420499	34	204	33010	0		1.0	1.0
Reactome	hypomethylated	Class I Peroxisomal Membrane Protein Import R-HSA-9603798	19	204	33010	0		1.0	1.0
Reactome	hypomethylated	Classical Antibody-Mediated Complement Activation R-HSA-173623	5	204	33010	0		1.0	1.0
Reactome	hypomethylated	Cleavage Of Damaged Purine R-HSA-110331	33	204	33010	0		1.0	1.0
Reactome	hypomethylated	Cleavage Of Damaged Pyrimidine R-HSA-110329	38	204	33010	0		1.0	1.0
Reactome	hypomethylated	Cobalamin (Cbl) Metabolism R-HSA-9759218	6	204	33010	0		1.0	1.0
Reactome	hypomethylated	Cobalamin (Cbl, Vitamin B12) Transport And Metabolism R-HSA-196741	21	204	33010	0		1.0	1.0
Reactome	hypomethylated	Coenzyme A Biosynthesis R-HSA-196783	8	204	33010	0		1.0	1.0
Reactome	hypomethylated	Collagen Biosynthesis And Modifying Enzymes R-HSA-1650814	65	204	33010	0		1.0	1.0
Reactome	hypomethylated	Collagen Chain Trimerization R-HSA-8948216	42	204	33010	0		1.0	1.0
Reactome	hypomethylated	Collagen Degradation R-HSA-1442490	39	204	33010	0		1.0	1.0
Reactome	hypomethylated	Collagen Formation R-HSA-1474290	88	204	33010	0		1.0	1.0
Reactome	hypomethylated	Common Pathway Of Fibrin Clot Formation R-HSA-140875	20	204	33010	0		1.0	1.0
Reactome	hypomethylated	Competing Endogenous RNAs (ceRNAs) Regulate PTEN Translation R-HSA-8948700	10	204	33010	0		1.0	1.0
Reactome	hypomethylated	Complement Cascade R-HSA-166658	51	204	33010	0		1.0	1.0
Reactome	hypomethylated	Complex I Biogenesis R-HSA-6799198	49	204	33010	0		1.0	1.0
Reactome	hypomethylated	Conjugation Of Benzoate With Glycine R-HSA-177135	5	204	33010	0		1.0	1.0
Reactome	hypomethylated	Conjugation Of Salicylate With Glycine R-HSA-177128	6	204	33010	0		1.0	1.0
Reactome	hypomethylated	Constitutive Signaling By AKT1 E17K In Cancer R-HSA-5674400	25	204	33010	0		1.0	1.0
Reactome	hypomethylated	Constitutive Signaling By Aberrant PI3K In Cancer R-HSA-2219530	75	204	33010	0		1.0	1.0
Reactome	hypomethylated	Constitutive Signaling By EGFRvIII R-HSA-5637810	14	204	33010	0		1.0	1.0
Reactome	hypomethylated	Constitutive Signaling By Ligand-Responsive EGFR Cancer Variants R-HSA-1236382	18	204	33010	0		1.0	1.0
Reactome	hypomethylated	Constitutive Signaling By NOTCH1 HD Domain Mutants R-HSA-2691232	15	204	33010	0		1.0	1.0
Reactome	hypomethylated	Constitutive Signaling By NOTCH1 t(7;9)(NOTCH1:M1580 K2555) Translocation Mutant R-HSA-2660826	7	204	33010	0		1.0	1.0
Reactome	hypomethylated	Constitutive Signaling By Overexpressed ERBB2 R-HSA-9634285	10	204	33010	0		1.0	1.0
Reactome	hypomethylated	Costimulation By CD28 Family R-HSA-388841	62	204	33010	0		1.0	1.0
Reactome	hypomethylated	Creatine Metabolism R-HSA-71288	8	204	33010	0		1.0	1.0
Reactome	hypomethylated	Creation Of C4 And C2 Activators R-HSA-166786	13	204	33010	0		1.0	1.0
Reactome	hypomethylated	Cristae Formation R-HSA-8949613	27	204	33010	0		1.0	1.0
Reactome	hypomethylated	Cross-presentation Of Particulate Exogenous Antigens (Phagosomes) R-HSA-1236973	6	204	33010	0		1.0	1.0
Reactome	hypomethylated	Cross-presentation Of Soluble Exogenous Antigens (Endosomes) R-HSA-1236978	45	204	33010	0		1.0	1.0
Reactome	hypomethylated	Crosslinking Of Collagen Fibrils R-HSA-2243919	10	204	33010	0		1.0	1.0
Reactome	hypomethylated	Cyclin A/B1/B2 Associated Events During G2/M Transition R-HSA-69273	24	204	33010	0		1.0	1.0
Reactome	hypomethylated	Cyclin A:Cdk2-associated Events At S Phase Entry R-HSA-69656	83	204	33010	0		1.0	1.0
Reactome	hypomethylated	Cyclin E Associated Events During G1/S Transition R-HSA-69202	81	204	33010	0		1.0	1.0
Reactome	hypomethylated	Cytochrome P450 - Arranged By Substrate Type R-HSA-211897	59	204	33010	0		1.0	1.0
Reactome	hypomethylated	Cytochrome C-Mediated Apoptotic Response R-HSA-111461	12	204	33010	0		1.0	1.0
Reactome	hypomethylated	Cytosolic Iron-Sulfur Cluster Assembly R-HSA-2564830	11	204	33010	0		1.0	1.0
Reactome	hypomethylated	Cytosolic Sulfonation Of Small Molecules R-HSA-156584	20	204	33010	0		1.0	1.0
Reactome	hypomethylated	Cytosolic tRNA Aminoacylation R-HSA-379716	24	204	33010	0		1.0	1.0
Reactome	hypomethylated	DAG And IP3 Signaling R-HSA-1489509	38	204	33010	0		1.0	1.0
Reactome	hypomethylated	DAP12 Interactions R-HSA-2172127	37	204	33010	0		1.0	1.0
Reactome	hypomethylated	DAP12 Signaling R-HSA-2424491	26	204	33010	0		1.0	1.0
Reactome	hypomethylated	DARPP-32 Events R-HSA-180024	24	204	33010	0		1.0	1.0
Reactome	hypomethylated	DCC Mediated Attractive Signaling R-HSA-418885	14	204	33010	0		1.0	1.0
Reactome	hypomethylated	DDX58/IFIH1-mediated Induction Of Interferon-Alpha/Beta R-HSA-168928	67	204	33010	0		1.0	1.0
Reactome	hypomethylated	DEx/H-box Helicases Activate Type I IFN And Inflammatory Cytokines Production R-HSA-3134963	7	204	33010	0		1.0	1.0
Reactome	hypomethylated	DNA Damage Bypass R-HSA-73893	47	204	33010	0		1.0	1.0
Reactome	hypomethylated	DNA Damage Reversal R-HSA-73942	8	204	33010	0		1.0	1.0
Reactome	hypomethylated	DNA Damage/Telomere Stress Induced Senescence R-HSA-2559586	57	204	33010	0		1.0	1.0
Reactome	hypomethylated	DNA Methylation R-HSA-5334118	29	204	33010	0		1.0	1.0
Reactome	hypomethylated	DNA Replication Initiation R-HSA-68952	7	204	33010	0		1.0	1.0
Reactome	hypomethylated	DNA Strand Elongation R-HSA-69190	30	204	33010	0		1.0	1.0
Reactome	hypomethylated	DSCAM Interactions R-HSA-376172	11	204	33010	0		1.0	1.0
Reactome	hypomethylated	Deadenylation Of mRNA R-HSA-429947	25	204	33010	0		1.0	1.0
Reactome	hypomethylated	Deadenylation-dependent mRNA Decay R-HSA-429914	53	204	33010	0		1.0	1.0
Reactome	hypomethylated	Dectin-1 Mediated Noncanonical NF-kB Signaling R-HSA-5607761	60	204	33010	0		1.0	1.0
Reactome	hypomethylated	Dectin-2 Family R-HSA-5621480	26	204	33010	0		1.0	1.0
Reactome	hypomethylated	Defective B3GALT6 Causes EDSP2 And SEMDJL1 R-HSA-4420332	17	204	33010	0		1.0	1.0
Reactome	hypomethylated	Defective B3GALTL Causes PpS R-HSA-5083635	36	204	33010	0		1.0	1.0
Reactome	hypomethylated	Defective B3GAT3 Causes JDSSDHD R-HSA-3560801	17	204	33010	0		1.0	1.0
Reactome	hypomethylated	Defective B4GALT1 Causes B4GALT1-CDG (CDG-2d) R-HSA-3656244	7	204	33010	0		1.0	1.0
Reactome	hypomethylated	Defective B4GALT7 Causes EDS, Progeroid Type R-HSA-3560783	17	204	33010	0		1.0	1.0
Reactome	hypomethylated	Defective C1GALT1C1 Causes TNPS R-HSA-5083632	17	204	33010	0		1.0	1.0
Reactome	hypomethylated	Defective CFTR Causes Cystic Fibrosis R-HSA-5678895	59	204	33010	0		1.0	1.0
Reactome	hypomethylated	Defective CHST14 Causes EDS, Musculocontractural Type R-HSA-3595174	7	204	33010	0		1.0	1.0
Reactome	hypomethylated	Defective CHST3 Causes SEDCJD R-HSA-3595172	7	204	33010	0		1.0	1.0
Reactome	hypomethylated	Defective CHST6 Causes MCDC1 R-HSA-3656225	7	204	33010	0		1.0	1.0
Reactome	hypomethylated	Defective CHSY1 Causes TPBS R-HSA-3595177	7	204	33010	0		1.0	1.0
Reactome	hypomethylated	Defective CSF2RA Causes SMDP4 R-HSA-5688890	6	204	33010	0		1.0	1.0
Reactome	hypomethylated	Defective EXT1 Causes Exostoses 1, TRPS2 And CHDS R-HSA-3656253	11	204	33010	0		1.0	1.0
Reactome	hypomethylated	Defective F9 Activation R-HSA-9673221	4	204	33010	0		1.0	1.0
Reactome	hypomethylated	Defective GALNT12 Causes CRCS1 R-HSA-5083636	17	204	33010	0		1.0	1.0
Reactome	hypomethylated	Defective GALNT3 Causes HFTC R-HSA-5083625	17	204	33010	0		1.0	1.0
Reactome	hypomethylated	Defective HDR Thru Homologous Recombination (HRR) Due To BRCA1 Loss-Of-Function R-HSA-9701192	25	204	33010	0		1.0	1.0
Reactome	hypomethylated	Defective HLCS Causes Multiple Carboxylase Deficiency R-HSA-3371599	7	204	33010	0		1.0	1.0
Reactome	hypomethylated	Defective LFNG Causes SCDO3 R-HSA-5083630	5	204	33010	0		1.0	1.0
Reactome	hypomethylated	Defective RIPK1-mediated Regulated Necrosis R-HSA-9693928	5	204	33010	0		1.0	1.0
Reactome	hypomethylated	Defective ST3GAL3 Causes MCT12 And EIEE15 R-HSA-3656243	7	204	33010	0		1.0	1.0
Reactome	hypomethylated	Defective TPR May Confer Susceptibility Towards Thyroid Papillary Carcinoma (TPC) R-HSA-5619107	32	204	33010	0		1.0	1.0
Reactome	hypomethylated	Defective Factor IX Causes Hemophilia B R-HSA-9668250	6	204	33010	0		1.0	1.0
Reactome	hypomethylated	Defective Factor VIII Causes Hemophilia A R-HSA-9662001	5	204	33010	0		1.0	1.0
Reactome	hypomethylated	Defective Homologous Recombination Repair (HRR) Due To BRCA2 Loss Of Function R-HSA-9701190	41	204	33010	0		1.0	1.0
Reactome	hypomethylated	Defective Pyroptosis R-HSA-9710421	35	204	33010	0		1.0	1.0
Reactome	hypomethylated	Defects In Biotin (Btn) Metabolism R-HSA-3323169	8	204	33010	0		1.0	1.0
Reactome	hypomethylated	Defects In Cobalamin (B12) Metabolism R-HSA-3296469	13	204	33010	0		1.0	1.0
Reactome	hypomethylated	Defects In Vitamin And Cofactor Metabolism R-HSA-3296482	21	204	33010	0		1.0	1.0
Reactome	hypomethylated	Defects Of Contact Activation System (CAS) And Kallikrein/Kinin System (KKS) R-HSA-9651496	13	204	33010	0		1.0	1.0
Reactome	hypomethylated	Defensins R-HSA-1461973	27	204	33010	0		1.0	1.0
Reactome	hypomethylated	Degradation Of AXIN R-HSA-4641257	53	204	33010	0		1.0	1.0
Reactome	hypomethylated	Degradation Of DVL R-HSA-4641258	54	204	33010	0		1.0	1.0
Reactome	hypomethylated	Degradation Of GLI1 By Proteasome R-HSA-5610780	58	204	33010	0		1.0	1.0
Reactome	hypomethylated	Degradation Of GLI2 By Proteasome R-HSA-5610783	58	204	33010	0		1.0	1.0
Reactome	hypomethylated	Degradation Of Beta-Catenin By Destruction Complex R-HSA-195253	82	204	33010	0		1.0	1.0
Reactome	hypomethylated	Degradation Of Cysteine And Homocysteine R-HSA-1614558	13	204	33010	0		1.0	1.0
Reactome	hypomethylated	Deregulated CDK5 Triggers Neurodegenerative Pathways In Alzheimers Disease Models R-HSA-8862803	21	204	33010	0		1.0	1.0
Reactome	hypomethylated	Dermatan Sulfate Biosynthesis R-HSA-2022923	10	204	33010	0		1.0	1.0
Reactome	hypomethylated	Detoxification Of Reactive Oxygen Species R-HSA-3299685	31	204	33010	0		1.0	1.0
Reactome	hypomethylated	Deubiquitination R-HSA-5688426	243	204	33010	0		1.0	1.0
Reactome	hypomethylated	Digestion R-HSA-8935690	17	204	33010	0		1.0	1.0
Reactome	hypomethylated	Digestion And Absorption R-HSA-8963743	22	204	33010	0		1.0	1.0
Reactome	hypomethylated	Digestion Of Dietary Carbohydrate R-HSA-189085	7	204	33010	0		1.0	1.0
Reactome	hypomethylated	Digestion Of Dietary Lipid R-HSA-192456	6	204	33010	0		1.0	1.0
Reactome	hypomethylated	Disassembly Of Destruction Complex And Recruitment Of AXIN To Membrane R-HSA-4641262	28	204	33010	0		1.0	1.0
Reactome	hypomethylated	Diseases Associated With N-glycosylation Of Proteins R-HSA-3781860	19	204	33010	0		1.0	1.0
Reactome	hypomethylated	Diseases Associated With O-glycosylation Of Proteins R-HSA-3906995	66	204	33010	0		1.0	1.0
Reactome	hypomethylated	Diseases Associated With Glycosaminoglycan Metabolism R-HSA-3560782	36	204	33010	0		1.0	1.0
Reactome	hypomethylated	Diseases Associated With Glycosylation Precursor Biosynthesis R-HSA-5609975	15	204	33010	0		1.0	1.0
Reactome	hypomethylated	Diseases Associated With Surfactant Metabolism R-HSA-5687613	8	204	33010	0		1.0	1.0
Reactome	hypomethylated	Diseases Associated With TLR Signaling Cascade R-HSA-5602358	29	204	33010	0		1.0	1.0
Reactome	hypomethylated	Diseases Associated With Visual Transduction R-HSA-2474795	11	204	33010	0		1.0	1.0
Reactome	hypomethylated	Diseases Of Base Excision Repair R-HSA-9605308	5	204	33010	0		1.0	1.0
Reactome	hypomethylated	Diseases Of DNA Repair R-HSA-9675135	51	204	33010	0		1.0	1.0
Reactome	hypomethylated	Diseases Of Mismatch Repair (MMR) R-HSA-5423599	5	204	33010	0		1.0	1.0
Reactome	hypomethylated	Diseases Of Carbohydrate Metabolism R-HSA-5663084	30	204	33010	0		1.0	1.0
Reactome	hypomethylated	Diseases Of Glycosylation R-HSA-3781865	135	204	33010	0		1.0	1.0
Reactome	hypomethylated	Diseases Of Metabolism R-HSA-5668914	232	204	33010	0		1.0	1.0
Reactome	hypomethylated	Disinhibition Of SNARE Formation R-HSA-114516	5	204	33010	0		1.0	1.0
Reactome	hypomethylated	Disorders Of Transmembrane Transporters R-HSA-5619115	169	204	33010	0		1.0	1.0
Reactome	hypomethylated	Displacement Of DNA Glycosylase By APEX1 R-HSA-110357	9	204	33010	0		1.0	1.0
Reactome	hypomethylated	Dopamine Receptors R-HSA-390651	5	204	33010	0		1.0	1.0
Reactome	hypomethylated	Downregulation Of ERBB2 Signaling R-HSA-8863795	29	204	33010	0		1.0	1.0
Reactome	hypomethylated	Downregulation Of ERBB2:ERBB3 Signaling R-HSA-1358803	13	204	33010	0		1.0	1.0
Reactome	hypomethylated	Downregulation Of ERBB4 Signaling R-HSA-1253288	9	204	33010	0		1.0	1.0
Reactome	hypomethylated	Downstream TCR Signaling R-HSA-202424	88	204	33010	0		1.0	1.0
Reactome	hypomethylated	Downstream Signal Transduction R-HSA-186763	28	204	33010	0		1.0	1.0
Reactome	hypomethylated	Downstream Signaling Events Of B Cell Receptor (BCR) R-HSA-1168372	77	204	33010	0		1.0	1.0
Reactome	hypomethylated	Downstream Signaling Of Activated FGFR1 R-HSA-5654687	29	204	33010	0		1.0	1.0
Reactome	hypomethylated	Downstream Signaling Of Activated FGFR2 R-HSA-5654696	27	204	33010	0		1.0	1.0
Reactome	hypomethylated	Downstream Signaling Of Activated FGFR3 R-HSA-5654708	22	204	33010	0		1.0	1.0
Reactome	hypomethylated	Downstream Signaling Of Activated FGFR4 R-HSA-5654716	24	204	33010	0		1.0	1.0
Reactome	hypomethylated	Drug ADME R-HSA-9748784	80	204	33010	0		1.0	1.0
Reactome	hypomethylated	Drug-mediated Inhibition Of CDK4/CDK6 Activity R-HSA-9754119	5	204	33010	0		1.0	1.0
Reactome	hypomethylated	Dual Incision In TC-NER R-HSA-6782135	63	204	33010	0		1.0	1.0
Reactome	hypomethylated	E2F Mediated Regulation Of DNA Replication R-HSA-113510	20	204	33010	0		1.0	1.0
Reactome	hypomethylated	E2F-enabled Inhibition Of Pre-Replication Complex Formation R-HSA-113507	9	204	33010	0		1.0	1.0
Reactome	hypomethylated	E3 Ubiquitin Ligases Ubiquitinate Target Proteins R-HSA-8866654	54	204	33010	0		1.0	1.0
Reactome	hypomethylated	EGFR Transactivation By Gastrin R-HSA-2179392	8	204	33010	0		1.0	1.0
Reactome	hypomethylated	EGFR Downregulation R-HSA-182971	29	204	33010	0		1.0	1.0
Reactome	hypomethylated	EGFR Interacts With Phospholipase C-gamma R-HSA-212718	8	204	33010	0		1.0	1.0
Reactome	hypomethylated	EGR2 And SOX10-mediated Initiation Of Schwann Cell Myelination R-HSA-9619665	27	204	33010	0		1.0	1.0
Reactome	hypomethylated	EPH-Ephrin Signaling R-HSA-2682334	89	204	33010	0		1.0	1.0
Reactome	hypomethylated	EPH-ephrin Mediated Repulsion Of Cells R-HSA-3928665	48	204	33010	0		1.0	1.0
Reactome	hypomethylated	EPHA-mediated Growth Cone Collapse R-HSA-3928663	15	204	33010	0		1.0	1.0
Reactome	hypomethylated	EPHB-mediated Forward Signaling R-HSA-3928662	33	204	33010	0		1.0	1.0
Reactome	hypomethylated	ER Quality Control Compartment (ERQC) R-HSA-901032	21	204	33010	0		1.0	1.0
Reactome	hypomethylated	ER-Phagosome Pathway R-HSA-1236974	86	204	33010	0		1.0	1.0
Reactome	hypomethylated	ERBB2 Activates PTK6 Signaling R-HSA-8847993	13	204	33010	0		1.0	1.0
Reactome	hypomethylated	ERBB2 Regulates Cell Motility R-HSA-6785631	15	204	33010	0		1.0	1.0
Reactome	hypomethylated	ERK/MAPK Targets R-HSA-198753	21	204	33010	0		1.0	1.0
Reactome	hypomethylated	ERKs Are Inactivated R-HSA-202670	13	204	33010	0		1.0	1.0
Reactome	hypomethylated	Early Phase Of HIV Life Cycle R-HSA-162594	15	204	33010	0		1.0	1.0
Reactome	hypomethylated	Early SARS-CoV-2 Infection Events R-HSA-9772572	34	204	33010	0		1.0	1.0
Reactome	hypomethylated	Effects Of PIP2 Hydrolysis R-HSA-114508	26	204	33010	0		1.0	1.0
Reactome	hypomethylated	Eicosanoid Ligand-Binding Receptors R-HSA-391903	14	204	33010	0		1.0	1.0
Reactome	hypomethylated	Eicosanoids R-HSA-211979	11	204	33010	0		1.0	1.0
Reactome	hypomethylated	Elastic Fibre Formation R-HSA-1566948	39	204	33010	0		1.0	1.0
Reactome	hypomethylated	Elevation Of Cytosolic Ca2+ Levels R-HSA-139853	15	204	33010	0		1.0	1.0
Reactome	hypomethylated	Endogenous Sterols R-HSA-211976	26	204	33010	0		1.0	1.0
Reactome	hypomethylated	Endosomal Sorting Complex Required For Transport (ESCRT) R-HSA-917729	30	204	33010	0		1.0	1.0
Reactome	hypomethylated	Endosomal/Vacuolar Pathway R-HSA-1236977	11	204	33010	0		1.0	1.0
Reactome	hypomethylated	Energy Dependent Regulation Of mTOR By LKB1-AMPK R-HSA-380972	28	204	33010	0		1.0	1.0
Reactome	hypomethylated	Entry Of Influenza Virion Into Host Cell Via Endocytosis R-HSA-168275	5	204	33010	0		1.0	1.0
Reactome	hypomethylated	Ephrin Signaling R-HSA-3928664	17	204	33010	0		1.0	1.0
Reactome	hypomethylated	Erythrocytes Take Up Carbon Dioxide And Release Oxygen R-HSA-1237044	11	204	33010	0		1.0	1.0
Reactome	hypomethylated	Erythrocytes Take Up Oxygen And Release Carbon Dioxide R-HSA-1247673	7	204	33010	0		1.0	1.0
Reactome	hypomethylated	Erythropoietin Activates Phosphoinositide-3-kinase (PI3K) R-HSA-9027276	12	204	33010	0		1.0	1.0
Reactome	hypomethylated	Erythropoietin Activates Phospholipase C Gamma (PLCG) R-HSA-9027277	7	204	33010	0		1.0	1.0
Reactome	hypomethylated	Erythropoietin Activates RAS R-HSA-9027284	13	204	33010	0		1.0	1.0
Reactome	hypomethylated	Erythropoietin Activates STAT5 R-HSA-9027283	7	204	33010	0		1.0	1.0
Reactome	hypomethylated	Estrogen Biosynthesis R-HSA-193144	6	204	33010	0		1.0	1.0
Reactome	hypomethylated	Estrogen-dependent Nuclear Events Downstream Of ESR-membrane Signaling R-HSA-9634638	23	204	33010	0		1.0	1.0
Reactome	hypomethylated	Estrogen-stimulated Signaling Thru PRKCZ R-HSA-9634635	5	204	33010	0		1.0	1.0
Reactome	hypomethylated	Ethanol Oxidation R-HSA-71384	11	204	33010	0		1.0	1.0
Reactome	hypomethylated	Export Of Viral Ribonucleoproteins From Nucleus R-HSA-168274	36	204	33010	0		1.0	1.0
Reactome	hypomethylated	Expression And Translocation Of Olfactory Receptors R-HSA-9752946	280	204	33010	0		1.0	1.0
Reactome	hypomethylated	Extension Of Telomeres R-HSA-180786	48	204	33010	0		1.0	1.0
Reactome	hypomethylated	Extra-nuclear Estrogen Signaling R-HSA-9009391	72	204	33010	0		1.0	1.0
Reactome	hypomethylated	Extrinsic Pathway Of Fibrin Clot Formation R-HSA-140834	4	204	33010	0		1.0	1.0
Reactome	hypomethylated	FBXL7 Down-Regulates AURKA During Mitotic Entry And In Early Mitosis R-HSA-8854050	53	204	33010	0		1.0	1.0
Reactome	hypomethylated	FBXW7 Mutants And NOTCH1 In Cancer R-HSA-2644605	5	204	33010	0		1.0	1.0
Reactome	hypomethylated	FCERI Mediated Ca+2 Mobilization R-HSA-2871809	27	204	33010	0		1.0	1.0
Reactome	hypomethylated	FCERI Mediated MAPK Activation R-HSA-2871796	28	204	33010	0		1.0	1.0
Reactome	hypomethylated	FCERI Mediated NF-kB Activation R-HSA-2871837	74	204	33010	0		1.0	1.0
Reactome	hypomethylated	FCGR Activation R-HSA-2029481	9	204	33010	0		1.0	1.0
Reactome	hypomethylated	FCGR3A-mediated IL10 Synthesis R-HSA-9664323	33	204	33010	0		1.0	1.0
Reactome	hypomethylated	FCGR3A-mediated Phagocytosis R-HSA-9664422	54	204	33010	0		1.0	1.0
Reactome	hypomethylated	FGFR1 Ligand Binding And Activation R-HSA-190242	14	204	33010	0		1.0	1.0
Reactome	hypomethylated	FGFR1 Mutant Receptor Activation R-HSA-1839124	29	204	33010	0		1.0	1.0
Reactome	hypomethylated	FGFR1b Ligand Binding And Activation R-HSA-190370	5	204	33010	0		1.0	1.0
Reactome	hypomethylated	FGFR1c Ligand Binding And Activation R-HSA-190373	10	204	33010	0		1.0	1.0
Reactome	hypomethylated	FGFR2 Alternative Splicing R-HSA-6803529	26	204	33010	0		1.0	1.0
Reactome	hypomethylated	FGFR2 Ligand Binding And Activation R-HSA-190241	18	204	33010	0		1.0	1.0
Reactome	hypomethylated	FGFR2 Mutant Receptor Activation R-HSA-1839126	31	204	33010	0		1.0	1.0
Reactome	hypomethylated	FGFR2b Ligand Binding And Activation R-HSA-190377	9	204	33010	0		1.0	1.0
Reactome	hypomethylated	FGFR2c Ligand Binding And Activation R-HSA-190375	11	204	33010	0		1.0	1.0
Reactome	hypomethylated	FGFR3 Ligand Binding And Activation R-HSA-190239	11	204	33010	0		1.0	1.0
Reactome	hypomethylated	FGFR3 Mutant Receptor Activation R-HSA-2033514	10	204	33010	0		1.0	1.0
Reactome	hypomethylated	FGFR3b Ligand Binding And Activation R-HSA-190371	7	204	33010	0		1.0	1.0
Reactome	hypomethylated	FGFR4 Ligand Binding And Activation R-HSA-190322	12	204	33010	0		1.0	1.0
Reactome	hypomethylated	FGFRL1 Modulation Of FGFR1 Signaling R-HSA-5658623	12	204	33010	0		1.0	1.0
Reactome	hypomethylated	FLT3 Signaling R-HSA-9607240	37	204	33010	0		1.0	1.0
Reactome	hypomethylated	FLT3 Signaling By CBL Mutants R-HSA-9706377	7	204	33010	0		1.0	1.0
Reactome	hypomethylated	FLT3 Signaling In Disease R-HSA-9682385	27	204	33010	0		1.0	1.0
Reactome	hypomethylated	FLT3 Signaling Thru SRC Family Kinases R-HSA-9706374	6	204	33010	0		1.0	1.0
Reactome	hypomethylated	FOXO-mediated Transcription R-HSA-9614085	62	204	33010	0		1.0	1.0
Reactome	hypomethylated	FOXO-mediated Transcription Of Cell Cycle Genes R-HSA-9617828	16	204	33010	0		1.0	1.0
Reactome	hypomethylated	FOXO-mediated Transcription Of Cell Death Genes R-HSA-9614657	15	204	33010	0		1.0	1.0
Reactome	hypomethylated	FOXO-mediated Transcription Of Oxidative Stress, Metabolic And Neuronal Genes R-HSA-9615017	26	204	33010	0		1.0	1.0
Reactome	hypomethylated	FRS-mediated FGFR1 Signaling R-HSA-5654693	21	204	33010	0		1.0	1.0
Reactome	hypomethylated	FRS-mediated FGFR2 Signaling R-HSA-5654700	22	204	33010	0		1.0	1.0
Reactome	hypomethylated	FRS-mediated FGFR3 Signaling R-HSA-5654706	17	204	33010	0		1.0	1.0
Reactome	hypomethylated	FRS-mediated FGFR4 Signaling R-HSA-5654712	19	204	33010	0		1.0	1.0
Reactome	hypomethylated	Fanconi Anemia Pathway R-HSA-6783310	36	204	33010	0		1.0	1.0
Reactome	hypomethylated	FasL/ CD95L Signaling R-HSA-75157	5	204	33010	0		1.0	1.0
Reactome	hypomethylated	Fatty Acids Bound To GPR40 (FFAR1) Regulate Insulin Secretion R-HSA-434316	8	204	33010	0		1.0	1.0
Reactome	hypomethylated	Fatty Acid Metabolism R-HSA-8978868	165	204	33010	0		1.0	1.0
Reactome	hypomethylated	Fatty Acids R-HSA-211935	12	204	33010	0		1.0	1.0
Reactome	hypomethylated	Fatty acyl-CoA Biosynthesis R-HSA-75105	36	204	33010	0		1.0	1.0
Reactome	hypomethylated	Fc Epsilon Receptor (FCERI) Signaling R-HSA-2454202	125	204	33010	0		1.0	1.0
Reactome	hypomethylated	Fcgamma Receptor (FCGR) Dependent Phagocytosis R-HSA-2029480	80	204	33010	0		1.0	1.0
Reactome	hypomethylated	Fibronectin Matrix Formation R-HSA-1566977	6	204	33010	0		1.0	1.0
Reactome	hypomethylated	Ficolins Bind To Repetitive Carbohydrate Structures On Target Cell Surface R-HSA-2855086	5	204	33010	0		1.0	1.0
Reactome	hypomethylated	Formation Of ATP By Chemiosmotic Coupling R-HSA-163210	16	204	33010	0		1.0	1.0
Reactome	hypomethylated	Formation Of Fibrin Clot (Clotting Cascade) R-HSA-140877	34	204	33010	0		1.0	1.0
Reactome	hypomethylated	Formation Of HIV Elongation Complex In Absence Of HIV Tat R-HSA-167152	44	204	33010	0		1.0	1.0
Reactome	hypomethylated	Formation Of HIV-1 Elongation Complex Containing HIV-1 Tat R-HSA-167200	42	204	33010	0		1.0	1.0
Reactome	hypomethylated	Formation Of RNA Pol II Elongation Complex R-HSA-112382	56	204	33010	0		1.0	1.0
Reactome	hypomethylated	Formation Of Senescence-Associated Heterochromatin Foci (SAHF) R-HSA-2559584	17	204	33010	0		1.0	1.0
Reactome	hypomethylated	Formation Of Annular Gap Junctions R-HSA-196025	9	204	33010	0		1.0	1.0
Reactome	hypomethylated	Formation Of Apoptosome R-HSA-111458	10	204	33010	0		1.0	1.0
Reactome	hypomethylated	Formation Of Early Elongation Complex R-HSA-113418	32	204	33010	0		1.0	1.0
Reactome	hypomethylated	Formation Of Editosome R-HSA-75094	6	204	33010	0		1.0	1.0
Reactome	hypomethylated	Formation Of Cornified Envelope R-HSA-6809371	70	204	33010	0		1.0	1.0
Reactome	hypomethylated	Formation Of Xylulose-5-Phosphate R-HSA-5661270	5	204	33010	0		1.0	1.0
Reactome	hypomethylated	Formyl Peptide Receptors Bind Formyl Peptides And Many Other Ligands R-HSA-444473	8	204	33010	0		1.0	1.0
Reactome	hypomethylated	Free Fatty Acid Receptors R-HSA-444209	5	204	33010	0		1.0	1.0
Reactome	hypomethylated	Free Fatty Acids Regulate Insulin Secretion R-HSA-400451	10	204	33010	0		1.0	1.0
Reactome	hypomethylated	Frs2-mediated Activation R-HSA-170968	12	204	33010	0		1.0	1.0
Reactome	hypomethylated	Fructose Catabolism R-HSA-70350	5	204	33010	0		1.0	1.0
Reactome	hypomethylated	Fructose Metabolism R-HSA-5652084	7	204	33010	0		1.0	1.0
Reactome	hypomethylated	G Alpha (12/13) Signaling Events R-HSA-416482	72	204	33010	0		1.0	1.0
Reactome	hypomethylated	G Alpha (I) Signaling Events R-HSA-418594	295	204	33010	0		1.0	1.0
Reactome	hypomethylated	G Alpha (Z) Signaling Events R-HSA-418597	47	204	33010	0		1.0	1.0
Reactome	hypomethylated	G Beta:Gamma Signaling Thru BTK R-HSA-8964315	17	204	33010	0		1.0	1.0
Reactome	hypomethylated	G Beta:Gamma Signaling Thru CDC42 R-HSA-8964616	19	204	33010	0		1.0	1.0
Reactome	hypomethylated	G Beta:Gamma Signaling Thru PI3Kgamma R-HSA-392451	25	204	33010	0		1.0	1.0
Reactome	hypomethylated	G Beta:Gamma Signaling Thru PLC Beta R-HSA-418217	20	204	33010	0		1.0	1.0
Reactome	hypomethylated	G-protein Activation R-HSA-202040	24	204	33010	0		1.0	1.0
Reactome	hypomethylated	G-protein Beta:Gamma Signaling R-HSA-397795	30	204	33010	0		1.0	1.0
Reactome	hypomethylated	G-protein Mediated Events R-HSA-112040	51	204	33010	0		1.0	1.0
Reactome	hypomethylated	G0 And Early G1 R-HSA-1538133	27	204	33010	0		1.0	1.0
Reactome	hypomethylated	G1/S Transition R-HSA-69206	125	204	33010	0		1.0	1.0
Reactome	hypomethylated	G1/S-Specific Transcription R-HSA-69205	28	204	33010	0		1.0	1.0
Reactome	hypomethylated	G2 Phase R-HSA-68911	5	204	33010	0		1.0	1.0
Reactome	hypomethylated	G2/M DNA Replication Checkpoint R-HSA-69478	5	204	33010	0		1.0	1.0
Reactome	hypomethylated	G2/M Transition R-HSA-69275	177	204	33010	0		1.0	1.0
Reactome	hypomethylated	GAB1 Signalosome R-HSA-180292	16	204	33010	0		1.0	1.0
Reactome	hypomethylated	GABA Receptor Activation R-HSA-977443	56	204	33010	0		1.0	1.0
Reactome	hypomethylated	GDP-fucose Biosynthesis R-HSA-6787639	6	204	33010	0		1.0	1.0
Reactome	hypomethylated	GLI Proteins Bind Promoters Of Hh Responsive Genes To Promote Transcription R-HSA-5635851	7	204	33010	0		1.0	1.0
Reactome	hypomethylated	GLI3 Is Processed To GLI3R By Proteasome R-HSA-5610785	58	204	33010	0		1.0	1.0
Reactome	hypomethylated	GP1b-IX-V Activation Signaling R-HSA-430116	8	204	33010	0		1.0	1.0
Reactome	hypomethylated	GPER1 Signaling R-HSA-9634597	43	204	33010	0		1.0	1.0
Reactome	hypomethylated	GPVI-mediated Activation Cascade R-HSA-114604	32	204	33010	0		1.0	1.0
Reactome	hypomethylated	GRB2 Events In EGFR Signaling R-HSA-179812	11	204	33010	0		1.0	1.0
Reactome	hypomethylated	GRB2 Events In ERBB2 Signaling R-HSA-1963640	15	204	33010	0		1.0	1.0
Reactome	hypomethylated	GRB7 Events In ERBB2 Signaling R-HSA-1306955	5	204	33010	0		1.0	1.0
Reactome	hypomethylated	GSK3B And BTRC:CUL1-mediated-degradation Of NFE2L2 R-HSA-9762114	50	204	33010	0		1.0	1.0
Reactome	hypomethylated	Gain-of-function MRAS Complexes Activate RAF Signaling R-HSA-9726842	7	204	33010	0		1.0	1.0
Reactome	hypomethylated	Gamma Carboxylation, Hypusine Formation And Arylsulfatase Activation R-HSA-163841	33	204	33010	0		1.0	1.0
Reactome	hypomethylated	Gamma-carboxylation Of Protein Precursors R-HSA-159740	8	204	33010	0		1.0	1.0
Reactome	hypomethylated	Gamma-carboxylation, Transport, And Amino-Terminal Cleavage Of Proteins R-HSA-159854	9	204	33010	0		1.0	1.0
Reactome	hypomethylated	Gap Junction Assembly R-HSA-190861	15	204	33010	0		1.0	1.0
Reactome	hypomethylated	Gap Junction Degradation R-HSA-190873	10	204	33010	0		1.0	1.0
Reactome	hypomethylated	Gap Junction Trafficking R-HSA-190828	24	204	33010	0		1.0	1.0
Reactome	hypomethylated	Gap Junction Trafficking And Regulation R-HSA-157858	26	204	33010	0		1.0	1.0
Reactome	hypomethylated	Gap-filling DNA Repair Synthesis And Ligation In GG-NER R-HSA-5696397	25	204	33010	0		1.0	1.0
Reactome	hypomethylated	Gap-filling DNA Repair Synthesis And Ligation In TC-NER R-HSA-6782210	62	204	33010	0		1.0	1.0
Reactome	hypomethylated	Gastrin-CREB Signaling Pathway Via PKC And MAPK R-HSA-881907	16	204	33010	0		1.0	1.0
Reactome	hypomethylated	Gastrulation R-HSA-9758941	17	204	33010	0		1.0	1.0
Reactome	hypomethylated	Gene And Protein Expression By JAK-STAT Signaling After Interleukin-12 Stimulation R-HSA-8950505	32	204	33010	0		1.0	1.0
Reactome	hypomethylated	Generation Of Second Messenger Molecules R-HSA-202433	27	204	33010	0		1.0	1.0
Reactome	hypomethylated	Glucagon Signaling In Metabolic Regulation R-HSA-163359	32	204	33010	0		1.0	1.0
Reactome	hypomethylated	Glucagon-like Peptide-1 (GLP1) Regulates Insulin Secretion R-HSA-381676	42	204	33010	0		1.0	1.0
Reactome	hypomethylated	Glucocorticoid Biosynthesis R-HSA-194002	9	204	33010	0		1.0	1.0
Reactome	hypomethylated	Gluconeogenesis R-HSA-70263	28	204	33010	0		1.0	1.0
Reactome	hypomethylated	Glucose Metabolism R-HSA-70326	84	204	33010	0		1.0	1.0
Reactome	hypomethylated	Glucuronidation R-HSA-156588	20	204	33010	0		1.0	1.0
Reactome	hypomethylated	Glutamate And Glutamine Metabolism R-HSA-8964539	12	204	33010	0		1.0	1.0
Reactome	hypomethylated	Glutathione Conjugation R-HSA-156590	29	204	33010	0		1.0	1.0
Reactome	hypomethylated	Glutathione Synthesis And Recycling R-HSA-174403	12	204	33010	0		1.0	1.0
Reactome	hypomethylated	Glycerophospholipid Biosynthesis R-HSA-1483206	122	204	33010	0		1.0	1.0
Reactome	hypomethylated	Glycerophospholipid Catabolism R-HSA-6814848	7	204	33010	0		1.0	1.0
Reactome	hypomethylated	Glycogen Breakdown (Glycogenolysis) R-HSA-70221	11	204	33010	0		1.0	1.0
Reactome	hypomethylated	Glycogen Metabolism R-HSA-8982491	21	204	33010	0		1.0	1.0
Reactome	hypomethylated	Glycogen Storage Diseases R-HSA-3229121	13	204	33010	0		1.0	1.0
Reactome	hypomethylated	Glycogen Synthesis R-HSA-3322077	12	204	33010	0		1.0	1.0
Reactome	hypomethylated	Glycolysis R-HSA-70171	65	204	33010	0		1.0	1.0
Reactome	hypomethylated	Glycoprotein Hormones R-HSA-209822	9	204	33010	0		1.0	1.0
Reactome	hypomethylated	Glycosphingolipid Metabolism R-HSA-1660662	39	204	33010	0		1.0	1.0
Reactome	hypomethylated	Glyoxylate Metabolism And Glycine Degradation R-HSA-389661	30	204	33010	0		1.0	1.0
Reactome	hypomethylated	Golgi Associated Vesicle Biogenesis R-HSA-432722	50	204	33010	0		1.0	1.0
Reactome	hypomethylated	Golgi Cisternae Pericentriolar Stack Reorganization R-HSA-162658	14	204	33010	0		1.0	1.0
Reactome	hypomethylated	Golgi-to-ER Retrograde Transport R-HSA-8856688	110	204	33010	0		1.0	1.0
Reactome	hypomethylated	Growth Hormone Receptor Signaling R-HSA-982772	22	204	33010	0		1.0	1.0
Reactome	hypomethylated	HATs Acetylate Histones R-HSA-3214847	94	204	33010	0		1.0	1.0
Reactome	hypomethylated	HCMV Late Events R-HSA-9610379	86	204	33010	0		1.0	1.0
Reactome	hypomethylated	HDL Assembly R-HSA-8963896	7	204	33010	0		1.0	1.0
Reactome	hypomethylated	HDL Clearance R-HSA-8964011	5	204	33010	0		1.0	1.0
Reactome	hypomethylated	HDL Remodeling R-HSA-8964058	10	204	33010	0		1.0	1.0
Reactome	hypomethylated	HDMs Demethylate Histones R-HSA-3214842	19	204	33010	0		1.0	1.0
Reactome	hypomethylated	HDR Thru Homologous Recombination (HRR) R-HSA-5685942	66	204	33010	0		1.0	1.0
Reactome	hypomethylated	HDR Thru Single Strand Annealing (SSA) R-HSA-5685938	37	204	33010	0		1.0	1.0
Reactome	hypomethylated	HIV Infection R-HSA-162906	220	204	33010	0		1.0	1.0
Reactome	hypomethylated	HIV Life Cycle R-HSA-162587	144	204	33010	0		1.0	1.0
Reactome	hypomethylated	HIV Transcription Initiation R-HSA-167161	42	204	33010	0		1.0	1.0
Reactome	hypomethylated	HIV Elongation Arrest And Recovery R-HSA-167287	33	204	33010	0		1.0	1.0
Reactome	hypomethylated	HS-GAG Biosynthesis R-HSA-2022928	27	204	33010	0		1.0	1.0
Reactome	hypomethylated	HS-GAG Degradation R-HSA-2024096	18	204	33010	0		1.0	1.0
Reactome	hypomethylated	HSF1 Activation R-HSA-3371511	26	204	33010	0		1.0	1.0
Reactome	hypomethylated	HSF1-dependent Transactivation R-HSA-3371571	34	204	33010	0		1.0	1.0
Reactome	hypomethylated	HSP90 Chaperone Cycle For Steroid Hormone Receptors (SHR) In Presence Of Ligand R-HSA-3371497	37	204	33010	0		1.0	1.0
Reactome	hypomethylated	Hedgehog Off State R-HSA-5610787	96	204	33010	0		1.0	1.0
Reactome	hypomethylated	Hedgehog On State R-HSA-5632684	84	204	33010	0		1.0	1.0
Reactome	hypomethylated	Hedgehog Ligand Biogenesis R-HSA-5358346	63	204	33010	0		1.0	1.0
Reactome	hypomethylated	Heme Biosynthesis R-HSA-189451	13	204	33010	0		1.0	1.0
Reactome	hypomethylated	Heme Degradation R-HSA-189483	15	204	33010	0		1.0	1.0
Reactome	hypomethylated	Heparan Sulfate/Heparin (HS-GAG) Metabolism R-HSA-1638091	48	204	33010	0		1.0	1.0
Reactome	hypomethylated	Hh Mutants Abrogate Ligand Secretion R-HSA-5387390	57	204	33010	0		1.0	1.0
Reactome	hypomethylated	Hh Mutants Are Degraded By ERAD R-HSA-5362768	54	204	33010	0		1.0	1.0
Reactome	hypomethylated	Highly Calcium Permeable Nicotinic Acetylcholine Receptors R-HSA-629597	9	204	33010	0		1.0	1.0
Reactome	hypomethylated	Highly Calcium Permeable Postsynaptic Nicotinic Acetylcholine Receptors R-HSA-629594	10	204	33010	0		1.0	1.0
Reactome	hypomethylated	Highly Sodium Permeable Postsynaptic Acetylcholine Nicotinic Receptors R-HSA-629587	7	204	33010	0		1.0	1.0
Reactome	hypomethylated	Histidine Catabolism R-HSA-70921	8	204	33010	0		1.0	1.0
Reactome	hypomethylated	Homologous DNA Pairing And Strand Exchange R-HSA-5693579	43	204	33010	0		1.0	1.0
Reactome	hypomethylated	Hormone Ligand-Binding Receptors R-HSA-375281	11	204	33010	0		1.0	1.0
Reactome	hypomethylated	Host Interactions Of HIV Factors R-HSA-162909	126	204	33010	0		1.0	1.0
Reactome	hypomethylated	HuR (ELAVL1) Binds And Stabilizes mRNA R-HSA-450520	10	204	33010	0		1.0	1.0
Reactome	hypomethylated	Hydrolysis Of LPC R-HSA-1483115	9	204	33010	0		1.0	1.0
Reactome	hypomethylated	IGF1R Signaling Cascade R-HSA-2428924	49	204	33010	0		1.0	1.0
Reactome	hypomethylated	IKK Complex Recruitment Mediated By RIP1 R-HSA-937041	22	204	33010	0		1.0	1.0
Reactome	hypomethylated	IL-6-type Cytokine Receptor Ligand Interactions R-HSA-6788467	17	204	33010	0		1.0	1.0
Reactome	hypomethylated	IRAK1 Recruits IKK Complex R-HSA-937039	8	204	33010	0		1.0	1.0
Reactome	hypomethylated	IRAK2 Mediated Activation Of TAK1 Complex R-HSA-937042	9	204	33010	0		1.0	1.0
Reactome	hypomethylated	IRAK2 Mediated Activation Of TAK1 Complex Upon TLR7/8 Or 9 Stimulation R-HSA-975163	14	204	33010	0		1.0	1.0
Reactome	hypomethylated	IRAK4 Deficiency (TLR2/4) R-HSA-5603041	17	204	33010	0		1.0	1.0
Reactome	hypomethylated	IRE1alpha Activates Chaperones R-HSA-381070	47	204	33010	0		1.0	1.0
Reactome	hypomethylated	IRF3 Mediated Activation Of Type 1 IFN R-HSA-1606341	5	204	33010	0		1.0	1.0
Reactome	hypomethylated	IRF3-mediated Induction Of Type I IFN R-HSA-3270619	13	204	33010	0		1.0	1.0
Reactome	hypomethylated	IRS Activation R-HSA-74713	5	204	33010	0		1.0	1.0
Reactome	hypomethylated	IRS-mediated Signaling R-HSA-112399	45	204	33010	0		1.0	1.0
Reactome	hypomethylated	IRS-related Events Triggered By IGF1R R-HSA-2428928	48	204	33010	0		1.0	1.0
Reactome	hypomethylated	ISG15 Antiviral Mechanism R-HSA-1169408	74	204	33010	0		1.0	1.0
Reactome	hypomethylated	IkBA Variant Leads To EDA-ID R-HSA-5603029	6	204	33010	0		1.0	1.0
Reactome	hypomethylated	Impaired BRCA2 Binding To PALB2 R-HSA-9709603	24	204	33010	0		1.0	1.0
Reactome	hypomethylated	Impaired BRCA2 Binding To RAD51 R-HSA-9709570	35	204	33010	0		1.0	1.0
Reactome	hypomethylated	Inactivation Of CDC42 And RAC1 R-HSA-428543	7	204	33010	0		1.0	1.0
Reactome	hypomethylated	Inactivation Of CSF3 (G-CSF) Signaling R-HSA-9705462	25	204	33010	0		1.0	1.0
Reactome	hypomethylated	Incretin Synthesis, Secretion, And Inactivation R-HSA-400508	23	204	33010	0		1.0	1.0
Reactome	hypomethylated	Infection With Mycobacterium Tuberculosis R-HSA-9635486	24	204	33010	0		1.0	1.0
Reactome	hypomethylated	Inhibition Of DNA Recombination At Telomere R-HSA-9670095	43	204	33010	0		1.0	1.0
Reactome	hypomethylated	Inhibition Of Signaling By Overexpressed EGFR R-HSA-5638303	7	204	33010	0		1.0	1.0
Reactome	hypomethylated	Inhibition Of Replication Initiation Of Damaged DNA By RB1/E2F1 R-HSA-113501	11	204	33010	0		1.0	1.0
Reactome	hypomethylated	Initial Triggering Of Complement R-HSA-166663	19	204	33010	0		1.0	1.0
Reactome	hypomethylated	InlA-mediated Entry Of Listeria Monocytogenes Into Host Cells R-HSA-8876493	8	204	33010	0		1.0	1.0
Reactome	hypomethylated	InlB-mediated Entry Of Listeria Monocytogenes Into Host Cell R-HSA-8875360	14	204	33010	0		1.0	1.0
Reactome	hypomethylated	Inositol Phosphate Metabolism R-HSA-1483249	45	204	33010	0		1.0	1.0
Reactome	hypomethylated	Insertion Of Tail-Anchored Proteins Into Endoplasmic Reticulum Membrane R-HSA-9609523	20	204	33010	0		1.0	1.0
Reactome	hypomethylated	Insulin Receptor Recycling R-HSA-77387	25	204	33010	0		1.0	1.0
Reactome	hypomethylated	Insulin Receptor Signaling Cascade R-HSA-74751	51	204	33010	0		1.0	1.0
Reactome	hypomethylated	Integration Of Energy Metabolism R-HSA-163685	103	204	33010	0		1.0	1.0
Reactome	hypomethylated	Integration Of Provirus R-HSA-162592	10	204	33010	0		1.0	1.0
Reactome	hypomethylated	Interaction With Cumulus Cells And Zona Pellucida R-HSA-2534343	10	204	33010	0		1.0	1.0
Reactome	hypomethylated	Interactions Of Rev With Host Cellular Proteins R-HSA-177243	37	204	33010	0		1.0	1.0
Reactome	hypomethylated	Interactions Of Vpr With Host Cellular Proteins R-HSA-176033	36	204	33010	0		1.0	1.0
Reactome	hypomethylated	Interferon Alpha/Beta Signaling R-HSA-909733	61	204	33010	0		1.0	1.0
Reactome	hypomethylated	Interleukin Receptor SHC Signaling R-HSA-912526	24	204	33010	0		1.0	1.0
Reactome	hypomethylated	Interleukin-1 Family Signaling R-HSA-446652	146	204	33010	0		1.0	1.0
Reactome	hypomethylated	Interleukin-1 Processing R-HSA-448706	9	204	33010	0		1.0	1.0
Reactome	hypomethylated	Interleukin-1 Signaling R-HSA-9020702	110	204	33010	0		1.0	1.0
Reactome	hypomethylated	Interleukin-10 Signaling R-HSA-6783783	42	204	33010	0		1.0	1.0
Reactome	hypomethylated	Interleukin-12 Family Signaling R-HSA-447115	50	204	33010	0		1.0	1.0
Reactome	hypomethylated	Interleukin-12 Signaling R-HSA-9020591	40	204	33010	0		1.0	1.0
Reactome	hypomethylated	Interleukin-15 Signaling R-HSA-8983432	13	204	33010	0		1.0	1.0
Reactome	hypomethylated	Interleukin-18 Signaling R-HSA-9012546	8	204	33010	0		1.0	1.0
Reactome	hypomethylated	Interleukin-2 Family Signaling R-HSA-451927	40	204	33010	0		1.0	1.0
Reactome	hypomethylated	Interleukin-2 Signaling R-HSA-9020558	11	204	33010	0		1.0	1.0
Reactome	hypomethylated	Interleukin-21 Signaling R-HSA-9020958	9	204	33010	0		1.0	1.0
Reactome	hypomethylated	Interleukin-23 Signaling R-HSA-9020933	9	204	33010	0		1.0	1.0
Reactome	hypomethylated	Interleukin-27 Signaling R-HSA-9020956	11	204	33010	0		1.0	1.0
Reactome	hypomethylated	Interleukin-3, Interleukin-5 And GM-CSF Signaling R-HSA-512988	41	204	33010	0		1.0	1.0
Reactome	hypomethylated	Interleukin-35 Signaling R-HSA-8984722	12	204	33010	0		1.0	1.0
Reactome	hypomethylated	Interleukin-36 Pathway R-HSA-9014826	7	204	33010	0		1.0	1.0
Reactome	hypomethylated	Interleukin-37 Signaling R-HSA-9008059	20	204	33010	0		1.0	1.0
Reactome	hypomethylated	Interleukin-4 And Interleukin-13 Signaling R-HSA-6785807	100	204	33010	0		1.0	1.0
Reactome	hypomethylated	Interleukin-6 Family Signaling R-HSA-6783589	24	204	33010	0		1.0	1.0
Reactome	hypomethylated	Interleukin-6 Signaling R-HSA-1059683	11	204	33010	0		1.0	1.0
Reactome	hypomethylated	Interleukin-7 Signaling R-HSA-1266695	22	204	33010	0		1.0	1.0
Reactome	hypomethylated	Interleukin-9 Signaling R-HSA-8985947	7	204	33010	0		1.0	1.0
Reactome	hypomethylated	Intestinal Absorption R-HSA-8963676	5	204	33010	0		1.0	1.0
Reactome	hypomethylated	Intra-Golgi And Retrograde Golgi-to-ER Traffic R-HSA-6811442	176	204	33010	0		1.0	1.0
Reactome	hypomethylated	Intra-Golgi Traffic R-HSA-6811438	41	204	33010	0		1.0	1.0
Reactome	hypomethylated	Intraflagellar Transport R-HSA-5620924	38	204	33010	0		1.0	1.0
Reactome	hypomethylated	Intrinsic Pathway Of Fibrin Clot Formation R-HSA-140837	19	204	33010	0		1.0	1.0
Reactome	hypomethylated	Inwardly Rectifying K+ Channels R-HSA-1296065	35	204	33010	0		1.0	1.0
Reactome	hypomethylated	Ion Homeostasis R-HSA-5578775	48	204	33010	0		1.0	1.0
Reactome	hypomethylated	Ion Transport By P-type ATPases R-HSA-936837	49	204	33010	0		1.0	1.0
Reactome	hypomethylated	Iron Uptake And Transport R-HSA-917937	57	204	33010	0		1.0	1.0
Reactome	hypomethylated	JNK (c-Jun Kinases) Phosphorylation And Activation Mediated By Activated Human TAK1 R-HSA-450321	15	204	33010	0		1.0	1.0
Reactome	hypomethylated	Josephin Domain DUBs R-HSA-5689877	11	204	33010	0		1.0	1.0
Reactome	hypomethylated	KSRP (KHSRP) Binds And Destabilizes mRNA R-HSA-450604	17	204	33010	0		1.0	1.0
Reactome	hypomethylated	Keratan Sulfate Biosynthesis R-HSA-2022854	27	204	33010	0		1.0	1.0
Reactome	hypomethylated	Keratan Sulfate Degradation R-HSA-2022857	11	204	33010	0		1.0	1.0
Reactome	hypomethylated	Keratan Sulfate/Keratin Metabolism R-HSA-1638074	32	204	33010	0		1.0	1.0
Reactome	hypomethylated	Ketone Body Metabolism R-HSA-74182	9	204	33010	0		1.0	1.0
Reactome	hypomethylated	Killing Mechanisms R-HSA-9664420	10	204	33010	0		1.0	1.0
Reactome	hypomethylated	Kinesins R-HSA-983189	40	204	33010	0		1.0	1.0
Reactome	hypomethylated	LDL Clearance R-HSA-8964038	18	204	33010	0		1.0	1.0
Reactome	hypomethylated	LDL Remodeling R-HSA-8964041	5	204	33010	0		1.0	1.0
Reactome	hypomethylated	LGI-ADAM Interactions R-HSA-5682910	14	204	33010	0		1.0	1.0
Reactome	hypomethylated	LRR FLII-interacting Protein 1 (LRRFIP1) Activates Type I IFN Production R-HSA-3134973	5	204	33010	0		1.0	1.0
Reactome	hypomethylated	LTC4-CYSLTR Mediated IL4 Production R-HSA-9664535	6	204	33010	0		1.0	1.0
Reactome	hypomethylated	Lagging Strand Synthesis R-HSA-69186	19	204	33010	0		1.0	1.0
Reactome	hypomethylated	Laminin Interactions R-HSA-3000157	22	204	33010	0		1.0	1.0
Reactome	hypomethylated	Late Phase Of HIV Life Cycle R-HSA-162599	131	204	33010	0		1.0	1.0
Reactome	hypomethylated	Late Endosomal Microautophagy R-HSA-9615710	30	204	33010	0		1.0	1.0
Reactome	hypomethylated	Leading Strand Synthesis R-HSA-69109	13	204	33010	0		1.0	1.0
Reactome	hypomethylated	Lectin Pathway Of Complement Activation R-HSA-166662	8	204	33010	0		1.0	1.0
Reactome	hypomethylated	Leukotriene Receptors R-HSA-391906	4	204	33010	0		1.0	1.0
Reactome	hypomethylated	Lewis Blood Group Biosynthesis R-HSA-9037629	18	204	33010	0		1.0	1.0
Reactome	hypomethylated	Ligand-receptor Interactions R-HSA-5632681	8	204	33010	0		1.0	1.0
Reactome	hypomethylated	Linoleic Acid (LA) Metabolism R-HSA-2046105	7	204	33010	0		1.0	1.0
Reactome	hypomethylated	Lipid Particle Organization R-HSA-8964572	6	204	33010	0		1.0	1.0
Reactome	hypomethylated	Lipophagy R-HSA-9613354	9	204	33010	0		1.0	1.0
Reactome	hypomethylated	Listeria Monocytogenes Entry Into Host Cells R-HSA-8876384	18	204	33010	0		1.0	1.0
Reactome	hypomethylated	Loss Of Function Of SMAD2/3 In Cancer R-HSA-3304349	7	204	33010	0		1.0	1.0
Reactome	hypomethylated	Loss Of Function Of TGFBR1 In Cancer R-HSA-3656534	7	204	33010	0		1.0	1.0
Reactome	hypomethylated	Loss Of Nlp From Mitotic Centrosomes R-HSA-380259	66	204	33010	0		1.0	1.0
Reactome	hypomethylated	Lysine Catabolism R-HSA-71064	12	204	33010	0		1.0	1.0
Reactome	hypomethylated	Lysosome Vesicle Biogenesis R-HSA-432720	32	204	33010	0		1.0	1.0
Reactome	hypomethylated	Lysosphingolipid And LPA Receptors R-HSA-419408	14	204	33010	0		1.0	1.0
Reactome	hypomethylated	MAP Kinase Activation R-HSA-450294	58	204	33010	0		1.0	1.0
Reactome	hypomethylated	MAP3K8 (TPL2)-dependent MAPK1/3 Activation R-HSA-5684264	15	204	33010	0		1.0	1.0
Reactome	hypomethylated	MAPK Targets/ Nuclear Events Mediated By MAP Kinases R-HSA-450282	29	204	33010	0		1.0	1.0
Reactome	hypomethylated	MAPK1 (ERK2) Activation R-HSA-112411	9	204	33010	0		1.0	1.0
Reactome	hypomethylated	MAPK3 (ERK1) Activation R-HSA-110056	10	204	33010	0		1.0	1.0
Reactome	hypomethylated	MAPK6/MAPK4 Signaling R-HSA-5687128	89	204	33010	0		1.0	1.0
Reactome	hypomethylated	MASTL Facilitates Mitotic Progression R-HSA-2465910	10	204	33010	0		1.0	1.0
Reactome	hypomethylated	MECP2 Regulates Neuronal Receptors And Channels R-HSA-9022699	17	204	33010	0		1.0	1.0
Reactome	hypomethylated	MECP2 Regulates Transcription Of Neuronal Ligands R-HSA-9022702	6	204	33010	0		1.0	1.0
Reactome	hypomethylated	MET Receptor Activation R-HSA-6806942	6	204	33010	0		1.0	1.0
Reactome	hypomethylated	MET Activates PI3K/AKT Signaling R-HSA-8851907	6	204	33010	0		1.0	1.0
Reactome	hypomethylated	MET Activates PTK2 Signaling R-HSA-8874081	17	204	33010	0		1.0	1.0
Reactome	hypomethylated	MET Activates PTPN11 R-HSA-8865999	5	204	33010	0		1.0	1.0
Reactome	hypomethylated	MET Activates RAP1 And RAC1 R-HSA-8875555	11	204	33010	0		1.0	1.0
Reactome	hypomethylated	MET Activates RAS Signaling R-HSA-8851805	9	204	33010	0		1.0	1.0
Reactome	hypomethylated	MET Interacts With TNS Proteins R-HSA-8875513	5	204	33010	0		1.0	1.0
Reactome	hypomethylated	MET Promotes Cell Motility R-HSA-8875878	28	204	33010	0		1.0	1.0
Reactome	hypomethylated	MET Receptor Recycling R-HSA-8875656	9	204	33010	0		1.0	1.0
Reactome	hypomethylated	MHC Class II Antigen Presentation R-HSA-2132295	98	204	33010	0		1.0	1.0
Reactome	hypomethylated	MTOR Signaling R-HSA-165159	40	204	33010	0		1.0	1.0
Reactome	hypomethylated	Macroautophagy R-HSA-1632852	109	204	33010	0		1.0	1.0
Reactome	hypomethylated	Maturation Of Protein 3A R-HSA-9683673	9	204	33010	0		1.0	1.0
Reactome	hypomethylated	Maturation Of Spike Protein R-HSA-9683686	5	204	33010	0		1.0	1.0
Reactome	hypomethylated	Meiotic Recombination R-HSA-912446	51	204	33010	0		1.0	1.0
Reactome	hypomethylated	Melanin Biosynthesis R-HSA-5662702	5	204	33010	0		1.0	1.0
Reactome	hypomethylated	Membrane Binding And Targetting Of GAG Proteins R-HSA-174490	15	204	33010	0		1.0	1.0
Reactome	hypomethylated	Metabolic Disorders Of Biological Oxidation Enzymes R-HSA-5579029	32	204	33010	0		1.0	1.0
Reactome	hypomethylated	Metabolism Of Angiotensinogen To Angiotensins R-HSA-2022377	16	204	33010	0		1.0	1.0
Reactome	hypomethylated	Metabolism Of Amine-Derived Hormones R-HSA-209776	17	204	33010	0		1.0	1.0
Reactome	hypomethylated	Metabolism Of Folate And Pterines R-HSA-196757	17	204	33010	0		1.0	1.0
Reactome	hypomethylated	Metabolism Of Ingested SeMet, Sec, MeSec Into H2Se R-HSA-2408508	7	204	33010	0		1.0	1.0
Reactome	hypomethylated	Metabolism Of Nitric Oxide: NOS3 Activation And Regulation R-HSA-202131	15	204	33010	0		1.0	1.0
Reactome	hypomethylated	Metabolism Of Non-Coding RNA R-HSA-194441	50	204	33010	0		1.0	1.0
Reactome	hypomethylated	Metabolism Of Polyamines R-HSA-351202	57	204	33010	0		1.0	1.0
Reactome	hypomethylated	Metabolism Of Porphyrins R-HSA-189445	26	204	33010	0		1.0	1.0
Reactome	hypomethylated	Metabolism Of Steroid Hormones R-HSA-196071	34	204	33010	0		1.0	1.0
Reactome	hypomethylated	Metal Ion SLC Transporters R-HSA-425410	25	204	33010	0		1.0	1.0
Reactome	hypomethylated	Metal Sequestration By Antimicrobial Proteins R-HSA-6799990	4	204	33010	0		1.0	1.0
Reactome	hypomethylated	Metalloprotease DUBs R-HSA-5689901	29	204	33010	0		1.0	1.0
Reactome	hypomethylated	Metallothioneins Bind Metals R-HSA-5661231	11	204	33010	0		1.0	1.0
Reactome	hypomethylated	Methionine Salvage Pathway R-HSA-1237112	6	204	33010	0		1.0	1.0
Reactome	hypomethylated	Methylation R-HSA-156581	14	204	33010	0		1.0	1.0
Reactome	hypomethylated	MicroRNA (miRNA) Biogenesis R-HSA-203927	24	204	33010	0		1.0	1.0
Reactome	hypomethylated	Microbial Modulation Of RIPK1-mediated Regulated Necrosis R-HSA-9686347	6	204	33010	0		1.0	1.0
Reactome	hypomethylated	Mineralocorticoid Biosynthesis R-HSA-193993	5	204	33010	0		1.0	1.0
Reactome	hypomethylated	Miro GTPase Cycle R-HSA-9715370	8	204	33010	0		1.0	1.0
Reactome	hypomethylated	Miscellaneous Substrates R-HSA-211958	10	204	33010	0		1.0	1.0
Reactome	hypomethylated	Miscellaneous Transport And Binding Events R-HSA-5223345	21	204	33010	0		1.0	1.0
Reactome	hypomethylated	Mismatch Repair R-HSA-5358508	15	204	33010	0		1.0	1.0
Reactome	hypomethylated	Mismatch Repair (MMR) Directed By MSH2:MSH3 (MutSbeta) R-HSA-5358606	14	204	33010	0		1.0	1.0
Reactome	hypomethylated	Mismatch Repair (MMR) Directed By MSH2:MSH6 (MutSalpha) R-HSA-5358565	14	204	33010	0		1.0	1.0
Reactome	hypomethylated	Mitochondrial Fatty Acid Beta-Oxidation R-HSA-77289	34	204	33010	0		1.0	1.0
Reactome	hypomethylated	Mitochondrial Uncoupling R-HSA-166187	5	204	33010	0		1.0	1.0
Reactome	hypomethylated	Mitochondrial Calcium Ion Transport R-HSA-8949215	21	204	33010	0		1.0	1.0
Reactome	hypomethylated	Mitochondrial Iron-Sulfur Cluster Biogenesis R-HSA-1362409	13	204	33010	0		1.0	1.0
Reactome	hypomethylated	Mitochondrial tRNA Aminoacylation R-HSA-379726	21	204	33010	0		1.0	1.0
Reactome	hypomethylated	Mitochondrial Translation R-HSA-5368287	88	204	33010	0		1.0	1.0
Reactome	hypomethylated	Mitochondrial Translation Elongation R-HSA-5389840	82	204	33010	0		1.0	1.0
Reactome	hypomethylated	Mitochondrial Translation Initiation R-HSA-5368286	82	204	33010	0		1.0	1.0
Reactome	hypomethylated	Mitochondrial Translation Termination R-HSA-5419276	82	204	33010	0		1.0	1.0
Reactome	hypomethylated	Mitophagy R-HSA-5205647	27	204	33010	0		1.0	1.0
Reactome	hypomethylated	Mitotic G2-G2/M Phases R-HSA-453274	179	204	33010	0		1.0	1.0
Reactome	hypomethylated	Modulation By Mtb Of Host Immune System R-HSA-9637628	6	204	33010	0		1.0	1.0
Reactome	hypomethylated	Molecules Associated With Elastic Fibres R-HSA-2129379	28	204	33010	0		1.0	1.0
Reactome	hypomethylated	Molybdenum Cofactor Biosynthesis R-HSA-947581	6	204	33010	0		1.0	1.0
Reactome	hypomethylated	Mucopolysaccharidoses R-HSA-2206281	10	204	33010	0		1.0	1.0
Reactome	hypomethylated	Multifunctional Anion Exchangers R-HSA-427601	9	204	33010	0		1.0	1.0
Reactome	hypomethylated	Muscarinic Acetylcholine Receptors R-HSA-390648	5	204	33010	0		1.0	1.0
Reactome	hypomethylated	MyD88 Cascade Initiated On Plasma Membrane R-HSA-975871	92	204	33010	0		1.0	1.0
Reactome	hypomethylated	MyD88 Deficiency (TLR2/4) R-HSA-5602498	16	204	33010	0		1.0	1.0
Reactome	hypomethylated	MyD88 Dependent Cascade Initiated On Endosome R-HSA-975155	97	204	33010	0		1.0	1.0
Reactome	hypomethylated	MyD88-independent TLR4 Cascade R-HSA-166166	103	204	33010	0		1.0	1.0
Reactome	hypomethylated	MyD88:MAL(TIRAP) Cascade Initiated On Plasma Membrane R-HSA-166058	107	204	33010	0		1.0	1.0
Reactome	hypomethylated	Myoclonic Epilepsy Of Lafora R-HSA-3785653	8	204	33010	0		1.0	1.0
Reactome	hypomethylated	Myogenesis R-HSA-525793	29	204	33010	0		1.0	1.0
Reactome	hypomethylated	N-Glycan Antennae Elongation R-HSA-975577	15	204	33010	0		1.0	1.0
Reactome	hypomethylated	N-glycan Antennae Elongation In medial/trans-Golgi R-HSA-975576	26	204	33010	0		1.0	1.0
Reactome	hypomethylated	N-glycan Trimming And Elongation In cis-Golgi R-HSA-964739	5	204	33010	0		1.0	1.0
Reactome	hypomethylated	N-glycan Trimming In ER And Calnexin/Calreticulin Cycle R-HSA-532668	35	204	33010	0		1.0	1.0
Reactome	hypomethylated	NADE Modulates Death Signaling R-HSA-205025	5	204	33010	0		1.0	1.0
Reactome	hypomethylated	NCAM Signaling For Neurite Out-Growth R-HSA-375165	56	204	33010	0		1.0	1.0
Reactome	hypomethylated	NCAM1 Interactions R-HSA-419037	36	204	33010	0		1.0	1.0
Reactome	hypomethylated	NEP/NS2 Interacts With Cellular Export Machinery R-HSA-168333	35	204	33010	0		1.0	1.0
Reactome	hypomethylated	NF-kB Activation Thru FADD/RIP-1 Pathway Mediated By Caspase-8 And -10 R-HSA-933543	11	204	33010	0		1.0	1.0
Reactome	hypomethylated	NF-kB Is Activated And Signals Survival R-HSA-209560	12	204	33010	0		1.0	1.0
Reactome	hypomethylated	NGF-independant TRKA Activation R-HSA-187024	5	204	33010	0		1.0	1.0
Reactome	hypomethylated	NGF-stimulated Transcription R-HSA-9031628	39	204	33010	0		1.0	1.0
Reactome	hypomethylated	NIK To Noncanonical NF-kB Signaling R-HSA-5676590	57	204	33010	0		1.0	1.0
Reactome	hypomethylated	NOD1/2 Signaling Pathway R-HSA-168638	30	204	33010	0		1.0	1.0
Reactome	hypomethylated	NOSTRIN Mediated eNOS Trafficking R-HSA-203641	5	204	33010	0		1.0	1.0
Reactome	hypomethylated	NOTCH2 Activation And Transmission Of Signal To Nucleus R-HSA-2979096	21	204	33010	0		1.0	1.0
Reactome	hypomethylated	NOTCH2 Intracellular Domain Regulates Transcription R-HSA-2197563	10	204	33010	0		1.0	1.0
Reactome	hypomethylated	NOTCH3 Activation And Transmission Of Signal To Nucleus R-HSA-9013507	25	204	33010	0		1.0	1.0
Reactome	hypomethylated	NOTCH3 Intracellular Domain Regulates Transcription R-HSA-9013508	23	204	33010	0		1.0	1.0
Reactome	hypomethylated	NOTCH4 Activation And Transmission Of Signal To Nucleus R-HSA-9013700	11	204	33010	0		1.0	1.0
Reactome	hypomethylated	NOTCH4 Intracellular Domain Regulates Transcription R-HSA-9013695	18	204	33010	0		1.0	1.0
Reactome	hypomethylated	NR1H2 And NR1H3 Regulate Gene Expression Linked To Gluconeogenesis R-HSA-9632974	5	204	33010	0		1.0	1.0
Reactome	hypomethylated	NR1H2 And NR1H3 Regulate Gene Expression Linked To Lipogenesis R-HSA-9029558	9	204	33010	0		1.0	1.0
Reactome	hypomethylated	NR1H2 And NR1H3 Regulate Gene Expression Linked To Triglyceride Lipolysis In Adipose R-HSA-9031528	5	204	33010	0		1.0	1.0
Reactome	hypomethylated	NR1H2 And NR1H3 Regulate Gene Expression To Control Bile Acid Homeostasis R-HSA-9623433	9	204	33010	0		1.0	1.0
Reactome	hypomethylated	NR1H2 And NR1H3 Regulate Gene Expression To Limit Cholesterol Uptake R-HSA-9031525	5	204	33010	0		1.0	1.0
Reactome	hypomethylated	NRAGE Signals Death Thru JNK R-HSA-193648	51	204	33010	0		1.0	1.0
Reactome	hypomethylated	NRIF Signals Cell Death From Nucleus R-HSA-205043	16	204	33010	0		1.0	1.0
Reactome	hypomethylated	NS1 Mediated Effects On Host Pathways R-HSA-168276	42	204	33010	0		1.0	1.0
Reactome	hypomethylated	Na+/Cl- Dependent Neurotransmitter Transporters R-HSA-442660	18	204	33010	0		1.0	1.0
Reactome	hypomethylated	Nectin/Necl Trans Heterodimerization R-HSA-420597	7	204	33010	0		1.0	1.0
Reactome	hypomethylated	Nef Mediated CD4 Down-regulation R-HSA-167590	8	204	33010	0		1.0	1.0
Reactome	hypomethylated	Nef Mediated CD8 Down-regulation R-HSA-182218	7	204	33010	0		1.0	1.0
Reactome	hypomethylated	Nef And Signal Transduction R-HSA-164944	8	204	33010	0		1.0	1.0
Reactome	hypomethylated	Nef Mediated Downregulation Of MHC Class I Complex Cell Surface Expression R-HSA-164940	9	204	33010	0		1.0	1.0
Reactome	hypomethylated	Nef-mediated Downmodulation Of Cell Surface Receptors By Recruitment To Clathrin Adapters R-HSA-164938	19	204	33010	0		1.0	1.0
Reactome	hypomethylated	Negative Feedback Regulation Of MAPK Pathway R-HSA-5674499	6	204	33010	0		1.0	1.0
Reactome	hypomethylated	Negative Regulation Of FGFR1 Signaling R-HSA-5654726	31	204	33010	0		1.0	1.0
Reactome	hypomethylated	Negative Regulation Of FGFR2 Signaling R-HSA-5654727	32	204	33010	0		1.0	1.0
Reactome	hypomethylated	Negative Regulation Of FGFR3 Signaling R-HSA-5654732	27	204	33010	0		1.0	1.0
Reactome	hypomethylated	Negative Regulation Of FGFR4 Signaling R-HSA-5654733	29	204	33010	0		1.0	1.0
Reactome	hypomethylated	Negative Regulation Of FLT3 R-HSA-9706369	15	204	33010	0		1.0	1.0
Reactome	hypomethylated	Negative Regulation Of MAPK Pathway R-HSA-5675221	39	204	33010	0		1.0	1.0
Reactome	hypomethylated	Negative Regulation Of MET Activity R-HSA-6807004	20	204	33010	0		1.0	1.0
Reactome	hypomethylated	Negative Regulation Of NMDA Receptor-Mediated Neuronal Transmission R-HSA-9617324	21	204	33010	0		1.0	1.0
Reactome	hypomethylated	Negative Regulation Of NOTCH4 Signaling R-HSA-9604323	52	204	33010	0		1.0	1.0
Reactome	hypomethylated	Negative Regulation Of TCF-dependent Signaling By WNT Ligand Antagonists R-HSA-3772470	15	204	33010	0		1.0	1.0
Reactome	hypomethylated	Negative Regulation Of PI3K/AKT Network R-HSA-199418	109	204	33010	0		1.0	1.0
Reactome	hypomethylated	Negative Regulators Of DDX58/IFIH1 Signaling R-HSA-936440	33	204	33010	0		1.0	1.0
Reactome	hypomethylated	Nephrin Family Interactions R-HSA-373753	21	204	33010	0		1.0	1.0
Reactome	hypomethylated	Netrin Mediated Repulsion Signals R-HSA-418886	8	204	33010	0		1.0	1.0
Reactome	hypomethylated	Neurofascin Interactions R-HSA-447043	6	204	33010	0		1.0	1.0
Reactome	hypomethylated	Neurotransmitter Clearance R-HSA-112311	9	204	33010	0		1.0	1.0
Reactome	hypomethylated	Non-integrin membrane-ECM Interactions R-HSA-3000171	38	204	33010	0		1.0	1.0
Reactome	hypomethylated	Noncanonical Activation Of NOTCH3 R-HSA-9017802	8	204	33010	0		1.0	1.0
Reactome	hypomethylated	NrCAM Interactions R-HSA-447038	7	204	33010	0		1.0	1.0
Reactome	hypomethylated	Nuclear Events (Kinase And Transcription Factor Activation) R-HSA-198725	60	204	33010	0		1.0	1.0
Reactome	hypomethylated	Nuclear Pore Complex (NPC) Disassembly R-HSA-3301854	36	204	33010	0		1.0	1.0
Reactome	hypomethylated	Nuclear Receptor Transcription Pathway R-HSA-383280	51	204	33010	0		1.0	1.0
Reactome	hypomethylated	Nuclear Events Stimulated By ALK Signaling In Cancer R-HSA-9725371	18	204	33010	0		1.0	1.0
Reactome	hypomethylated	Nuclear Import Of Rev Protein R-HSA-180746	34	204	33010	0		1.0	1.0
Reactome	hypomethylated	Nucleotide Biosynthesis R-HSA-8956320	12	204	33010	0		1.0	1.0
Reactome	hypomethylated	Nucleotide Catabolism R-HSA-8956319	35	204	33010	0		1.0	1.0
Reactome	hypomethylated	Nucleotide Salvage R-HSA-8956321	21	204	33010	0		1.0	1.0
Reactome	hypomethylated	Nucleotide-like (Purinergic) Receptors R-HSA-418038	13	204	33010	0		1.0	1.0
Reactome	hypomethylated	O-glycosylation Of TSR Domain-Containing Proteins R-HSA-5173214	37	204	33010	0		1.0	1.0
Reactome	hypomethylated	O-linked Glycosylation R-HSA-5173105	104	204	33010	0		1.0	1.0
Reactome	hypomethylated	O-linked Glycosylation Of Mucins R-HSA-913709	57	204	33010	0		1.0	1.0
Reactome	hypomethylated	OAS Antiviral Response R-HSA-8983711	7	204	33010	0		1.0	1.0
Reactome	hypomethylated	Olfactory Signaling Pathway R-HSA-381753	287	204	33010	0		1.0	1.0
Reactome	hypomethylated	Opioid Signaling R-HSA-111885	87	204	33010	0		1.0	1.0
Reactome	hypomethylated	Opsins R-HSA-419771	7	204	33010	0		1.0	1.0
Reactome	hypomethylated	Orc1 Removal From Chromatin R-HSA-68949	68	204	33010	0		1.0	1.0
Reactome	hypomethylated	Orexin And Neuropeptides FF And QRFP Bind To Their Respective Receptors R-HSA-389397	8	204	33010	0		1.0	1.0
Reactome	hypomethylated	Organic Anion Transport R-HSA-561048	5	204	33010	0		1.0	1.0
Reactome	hypomethylated	Organic Anion Transporters R-HSA-428643	10	204	33010	0		1.0	1.0
Reactome	hypomethylated	Organic Cation Transport R-HSA-549127	10	204	33010	0		1.0	1.0
Reactome	hypomethylated	Organic Cation/Anion/Zwitterion Transport R-HSA-549132	15	204	33010	0		1.0	1.0
Reactome	hypomethylated	Other Interleukin Signaling R-HSA-449836	24	204	33010	0		1.0	1.0
Reactome	hypomethylated	Other Semaphorin Interactions R-HSA-416700	18	204	33010	0		1.0	1.0
Reactome	hypomethylated	Ovarian Tumor Domain Proteases R-HSA-5689896	35	204	33010	0		1.0	1.0
Reactome	hypomethylated	Oxygen-dependent Proline Hydroxylation Of Hypoxia-inducible Factor Alpha R-HSA-1234176	63	204	33010	0		1.0	1.0
Reactome	hypomethylated	P2Y Receptors R-HSA-417957	9	204	33010	0		1.0	1.0
Reactome	hypomethylated	PCNA-Dependent Long Patch Base Excision Repair R-HSA-5651801	21	204	33010	0		1.0	1.0
Reactome	hypomethylated	PCP/CE Pathway R-HSA-4086400	87	204	33010	0		1.0	1.0
Reactome	hypomethylated	PD-1 Signaling R-HSA-389948	17	204	33010	0		1.0	1.0
Reactome	hypomethylated	PECAM1 Interactions R-HSA-210990	12	204	33010	0		1.0	1.0
Reactome	hypomethylated	PERK Regulates Gene Expression R-HSA-381042	30	204	33010	0		1.0	1.0
Reactome	hypomethylated	PI Metabolism R-HSA-1483255	78	204	33010	0		1.0	1.0
Reactome	hypomethylated	PI-3K cascade:FGFR1 R-HSA-5654689	20	204	33010	0		1.0	1.0
Reactome	hypomethylated	PI-3K cascade:FGFR2 R-HSA-5654695	21	204	33010	0		1.0	1.0
Reactome	hypomethylated	PI-3K cascade:FGFR3 R-HSA-5654710	16	204	33010	0		1.0	1.0
Reactome	hypomethylated	PI-3K cascade:FGFR4 R-HSA-5654720	18	204	33010	0		1.0	1.0
Reactome	hypomethylated	PI3K Cascade R-HSA-109704	42	204	33010	0		1.0	1.0
Reactome	hypomethylated	PI3K Events In ERBB2 Signaling R-HSA-1963642	16	204	33010	0		1.0	1.0
Reactome	hypomethylated	PI3K Events In ERBB4 Signaling R-HSA-1250342	10	204	33010	0		1.0	1.0
Reactome	hypomethylated	PI3K/AKT Signaling In Cancer R-HSA-2219528	101	204	33010	0		1.0	1.0
Reactome	hypomethylated	PI3K/AKT Activation R-HSA-198203	9	204	33010	0		1.0	1.0
Reactome	hypomethylated	PI5P Regulates TP53 Acetylation R-HSA-6811555	9	204	33010	0		1.0	1.0
Reactome	hypomethylated	PI5P, PP2A And IER3 Regulate PI3K/AKT Signaling R-HSA-6811558	102	204	33010	0		1.0	1.0
Reactome	hypomethylated	PINK1-PRKN Mediated Mitophagy R-HSA-5205685	22	204	33010	0		1.0	1.0
Reactome	hypomethylated	PKA Activation R-HSA-163615	17	204	33010	0		1.0	1.0
Reactome	hypomethylated	PKA Activation In Glucagon Signaling R-HSA-164378	16	204	33010	0		1.0	1.0
Reactome	hypomethylated	PKA-mediated Phosphorylation Of CREB R-HSA-111931	18	204	33010	0		1.0	1.0
Reactome	hypomethylated	PKA-mediated Phosphorylation Of Key Metabolic Factors R-HSA-163358	4	204	33010	0		1.0	1.0
Reactome	hypomethylated	PLC Beta Mediated Events R-HSA-112043	46	204	33010	0		1.0	1.0
Reactome	hypomethylated	POU5F1 (OCT4), SOX2, NANOG Activate Genes Related To Proliferation R-HSA-2892247	10	204	33010	0		1.0	1.0
Reactome	hypomethylated	POU5F1 (OCT4), SOX2, NANOG Repress Genes Related To Differentiation R-HSA-2892245	9	204	33010	0		1.0	1.0
Reactome	hypomethylated	PP2A-mediated Dephosphorylation Of Key Metabolic Factors R-HSA-163767	6	204	33010	0		1.0	1.0
Reactome	hypomethylated	PRC2 Methylates Histones And DNA R-HSA-212300	36	204	33010	0		1.0	1.0
Reactome	hypomethylated	PTK6 Expression R-HSA-8849473	5	204	33010	0		1.0	1.0
Reactome	hypomethylated	PTK6 Regulates Cell Cycle R-HSA-8849470	6	204	33010	0		1.0	1.0
Reactome	hypomethylated	PTK6 Regulates RHO GTPases, RAS GTPase And MAP Kinases R-HSA-8849471	13	204	33010	0		1.0	1.0
Reactome	hypomethylated	PTK6 Regulates RTKs And Their Effectors AKT1 And DOK1 R-HSA-8849469	9	204	33010	0		1.0	1.0
Reactome	hypomethylated	PTK6 Promotes HIF1A Stabilization R-HSA-8857538	6	204	33010	0		1.0	1.0
Reactome	hypomethylated	Packaging Of Telomere Ends R-HSA-171306	29	204	33010	0		1.0	1.0
Reactome	hypomethylated	Paracetamol ADME R-HSA-9753281	24	204	33010	0		1.0	1.0
Reactome	hypomethylated	Passive Transport By Aquaporins R-HSA-432047	12	204	33010	0		1.0	1.0
Reactome	hypomethylated	Pausing And Recovery Of Tat-mediated HIV Elongation R-HSA-167238	31	204	33010	0		1.0	1.0
Reactome	hypomethylated	Pentose Phosphate Pathway R-HSA-71336	12	204	33010	0		1.0	1.0
Reactome	hypomethylated	Peptide Hormone Biosynthesis R-HSA-209952	11	204	33010	0		1.0	1.0
Reactome	hypomethylated	Peptide Ligand-Binding Receptors R-HSA-375276	183	204	33010	0		1.0	1.0
Reactome	hypomethylated	Peroxisomal Lipid Metabolism R-HSA-390918	28	204	33010	0		1.0	1.0
Reactome	hypomethylated	Pexophagy R-HSA-9664873	11	204	33010	0		1.0	1.0
Reactome	hypomethylated	Phase 1 - Inactivation Of Fast Na+ Channels R-HSA-5576894	6	204	33010	0		1.0	1.0
Reactome	hypomethylated	Phase 2 - Plateau Phase R-HSA-5576893	14	204	33010	0		1.0	1.0
Reactome	hypomethylated	Phase 3 - Rapid Repolarisation R-HSA-5576890	8	204	33010	0		1.0	1.0
Reactome	hypomethylated	Phase 4 - Resting Membrane Potential R-HSA-5576886	19	204	33010	0		1.0	1.0
Reactome	hypomethylated	Phase I - Functionalization Of Compounds R-HSA-211945	96	204	33010	0		1.0	1.0
Reactome	hypomethylated	Phase II - Conjugation Of Compounds R-HSA-156580	91	204	33010	0		1.0	1.0
Reactome	hypomethylated	Phenylalanine And Tyrosine Metabolism R-HSA-8963691	11	204	33010	0		1.0	1.0
Reactome	hypomethylated	Phenylalanine Metabolism R-HSA-8964208	6	204	33010	0		1.0	1.0
Reactome	hypomethylated	Phosphate Bond Hydrolysis By NTPDase Proteins R-HSA-8850843	8	204	33010	0		1.0	1.0
Reactome	hypomethylated	Phosphate Bond Hydrolysis By NUDT Proteins R-HSA-2393930	7	204	33010	0		1.0	1.0
Reactome	hypomethylated	Phospholipase C-mediated Cascade: FGFR1 R-HSA-5654219	15	204	33010	0		1.0	1.0
Reactome	hypomethylated	Phospholipase C-mediated Cascade; FGFR2 R-HSA-5654221	16	204	33010	0		1.0	1.0
Reactome	hypomethylated	Phospholipase C-mediated Cascade; FGFR3 R-HSA-5654227	11	204	33010	0		1.0	1.0
Reactome	hypomethylated	Phospholipase C-mediated Cascade; FGFR4 R-HSA-5654228	13	204	33010	0		1.0	1.0
Reactome	hypomethylated	Phospholipid Metabolism R-HSA-1483257	199	204	33010	0		1.0	1.0
Reactome	hypomethylated	Phosphorylation Of CD3 And TCR Zeta Chains R-HSA-202427	16	204	33010	0		1.0	1.0
Reactome	hypomethylated	Phosphorylation Of Emi1 R-HSA-176417	6	204	33010	0		1.0	1.0
Reactome	hypomethylated	Physiological Factors R-HSA-5578768	14	204	33010	0		1.0	1.0
Reactome	hypomethylated	Plasma Lipoprotein Assembly R-HSA-8963898	16	204	33010	0		1.0	1.0
Reactome	hypomethylated	Plasma Lipoprotein Clearance R-HSA-8964043	35	204	33010	0		1.0	1.0
Reactome	hypomethylated	Platelet Adhesion To Exposed Collagen R-HSA-75892	12	204	33010	0		1.0	1.0
Reactome	hypomethylated	Platelet Calcium Homeostasis R-HSA-418360	25	204	33010	0		1.0	1.0
Reactome	hypomethylated	Platelet Degranulation R-HSA-114608	112	204	33010	0		1.0	1.0
Reactome	hypomethylated	Platelet Sensitization By LDL R-HSA-432142	17	204	33010	0		1.0	1.0
Reactome	hypomethylated	Polo-like Kinase Mediated Events R-HSA-156711	16	204	33010	0		1.0	1.0
Reactome	hypomethylated	Polymerase Switching On C-strand Of Telomere R-HSA-174411	24	204	33010	0		1.0	1.0
Reactome	hypomethylated	Post-chaperonin Tubulin Folding Pathway R-HSA-389977	23	204	33010	0		1.0	1.0
Reactome	hypomethylated	Post-transcriptional Silencing By Small RNAs R-HSA-426496	7	204	33010	0		1.0	1.0
Reactome	hypomethylated	Post-translational Protein Phosphorylation R-HSA-8957275	100	204	33010	0		1.0	1.0
Reactome	hypomethylated	Postmitotic Nuclear Pore Complex (NPC) Reformation R-HSA-9615933	27	204	33010	0		1.0	1.0
Reactome	hypomethylated	Potassium Channels R-HSA-1296071	101	204	33010	0		1.0	1.0
Reactome	hypomethylated	Pre-NOTCH Expression And Processing R-HSA-1912422	72	204	33010	0		1.0	1.0
Reactome	hypomethylated	Pre-NOTCH Processing In Golgi R-HSA-1912420	18	204	33010	0		1.0	1.0
Reactome	hypomethylated	Pre-NOTCH Processing In Endoplasmic Reticulum R-HSA-1912399	6	204	33010	0		1.0	1.0
Reactome	hypomethylated	Pre-NOTCH Transcription And Translation R-HSA-1912408	56	204	33010	0		1.0	1.0
Reactome	hypomethylated	Pregnenolone Biosynthesis R-HSA-196108	12	204	33010	0		1.0	1.0
Reactome	hypomethylated	Presynaptic Depolarization And Calcium Channel Opening R-HSA-112308	12	204	33010	0		1.0	1.0
Reactome	hypomethylated	Presynaptic Function Of Kainate Receptors R-HSA-500657	21	204	33010	0		1.0	1.0
Reactome	hypomethylated	Presynaptic Nicotinic Acetylcholine Receptors R-HSA-622323	12	204	33010	0		1.0	1.0
Reactome	hypomethylated	Presynaptic Phase Of Homologous DNA Pairing And Strand Exchange R-HSA-5693616	40	204	33010	0		1.0	1.0
Reactome	hypomethylated	Prevention Of Phagosomal-Lysosomal Fusion R-HSA-9636383	9	204	33010	0		1.0	1.0
Reactome	hypomethylated	Processing And Activation Of SUMO R-HSA-3215018	9	204	33010	0		1.0	1.0
Reactome	hypomethylated	Processing Of Capped Intronless Pre-mRNA R-HSA-75067	28	204	33010	0		1.0	1.0
Reactome	hypomethylated	Processing Of Intronless Pre-mRNAs R-HSA-77595	19	204	33010	0		1.0	1.0
Reactome	hypomethylated	Processing Of SMDT1 R-HSA-8949664	15	204	33010	0		1.0	1.0
Reactome	hypomethylated	Processive Synthesis On C-strand Of Telomere R-HSA-174414	19	204	33010	0		1.0	1.0
Reactome	hypomethylated	Processive Synthesis On Lagging Strand R-HSA-69183	14	204	33010	0		1.0	1.0
Reactome	hypomethylated	Prolactin Receptor Signaling R-HSA-1170546	13	204	33010	0		1.0	1.0
Reactome	hypomethylated	Prolonged ERK Activation Events R-HSA-169893	14	204	33010	0		1.0	1.0
Reactome	hypomethylated	Prostacyclin Signaling Thru Prostacyclin Receptor R-HSA-392851	19	204	33010	0		1.0	1.0
Reactome	hypomethylated	Prostanoid Ligand Receptors R-HSA-391908	9	204	33010	0		1.0	1.0
Reactome	hypomethylated	Protein Repair R-HSA-5676934	6	204	33010	0		1.0	1.0
Reactome	hypomethylated	Protein Ubiquitination R-HSA-8852135	72	204	33010	0		1.0	1.0
Reactome	hypomethylated	Proton-coupled Monocarboxylate Transport R-HSA-433692	6	204	33010	0		1.0	1.0
Reactome	hypomethylated	Purine Catabolism R-HSA-74259	17	204	33010	0		1.0	1.0
Reactome	hypomethylated	Purine Ribonucleoside Monophosphate Biosynthesis R-HSA-73817	10	204	33010	0		1.0	1.0
Reactome	hypomethylated	Purine Salvage R-HSA-74217	12	204	33010	0		1.0	1.0
Reactome	hypomethylated	Pyrimidine Catabolism R-HSA-73621	12	204	33010	0		1.0	1.0
Reactome	hypomethylated	Pyrimidine Salvage R-HSA-73614	10	204	33010	0		1.0	1.0
Reactome	hypomethylated	Pyroptosis R-HSA-5620971	26	204	33010	0		1.0	1.0
Reactome	hypomethylated	Pyruvate Metabolism R-HSA-70268	29	204	33010	0		1.0	1.0
Reactome	hypomethylated	Pyruvate Metabolism And Citric Acid (TCA) Cycle R-HSA-71406	51	204	33010	0		1.0	1.0
Reactome	hypomethylated	RAF Activation R-HSA-5673000	30	204	33010	0		1.0	1.0
Reactome	hypomethylated	RAF-independent MAPK1/3 Activation R-HSA-112409	22	204	33010	0		1.0	1.0
Reactome	hypomethylated	RAS Processing R-HSA-9648002	18	204	33010	0		1.0	1.0
Reactome	hypomethylated	RAS Signaling Downstream Of NF1 Loss-Of-Function Variants R-HSA-6802953	6	204	33010	0		1.0	1.0
Reactome	hypomethylated	RET Signaling R-HSA-8853659	40	204	33010	0		1.0	1.0
Reactome	hypomethylated	RHO GTPases Activate NADPH Oxidases R-HSA-5668599	21	204	33010	0		1.0	1.0
Reactome	hypomethylated	RHO GTPases Activate ROCKs R-HSA-5627117	19	204	33010	0		1.0	1.0
Reactome	hypomethylated	RHO GTPases Activate Rhotekin And Rhophilins R-HSA-5666185	9	204	33010	0		1.0	1.0
Reactome	hypomethylated	RHO GTPases Activate WASPs And WAVEs R-HSA-5663213	33	204	33010	0		1.0	1.0
Reactome	hypomethylated	RHO GTPases Activate CIT R-HSA-5625900	19	204	33010	0		1.0	1.0
Reactome	hypomethylated	RHO GTPases Activate IQGAPs R-HSA-5626467	11	204	33010	0		1.0	1.0
Reactome	hypomethylated	RHO GTPases Activate KTN1 R-HSA-5625970	10	204	33010	0		1.0	1.0
Reactome	hypomethylated	RHO GTPases Activate PAKs R-HSA-5627123	20	204	33010	0		1.0	1.0
Reactome	hypomethylated	RHO GTPases Activate PKNs R-HSA-5625740	56	204	33010	0		1.0	1.0
Reactome	hypomethylated	RHOB GTPase Cycle R-HSA-9013026	66	204	33010	0		1.0	1.0
Reactome	hypomethylated	RHOBTB1 GTPase Cycle R-HSA-9013422	22	204	33010	0		1.0	1.0
Reactome	hypomethylated	RHOBTB3 ATPase Cycle R-HSA-9706019	8	204	33010	0		1.0	1.0
Reactome	hypomethylated	RHOH GTPase Cycle R-HSA-9013407	36	204	33010	0		1.0	1.0
Reactome	hypomethylated	RHOQ GTPase Cycle R-HSA-9013406	57	204	33010	0		1.0	1.0
Reactome	hypomethylated	RHOT1 GTPase Cycle R-HSA-9013425	5	204	33010	0		1.0	1.0
Reactome	hypomethylated	RHOT2 GTPase Cycle R-HSA-9013419	7	204	33010	0		1.0	1.0
Reactome	hypomethylated	RHOU GTPase Cycle R-HSA-9013420	37	204	33010	0		1.0	1.0
Reactome	hypomethylated	RHOV GTPase Cycle R-HSA-9013424	36	204	33010	0		1.0	1.0
Reactome	hypomethylated	RIP-mediated NFkB Activation Via ZBP1 R-HSA-1810476	16	204	33010	0		1.0	1.0
Reactome	hypomethylated	RNA Pol II CTD Phosphorylation And Interaction With CE R-HSA-77075	26	204	33010	0		1.0	1.0
Reactome	hypomethylated	RNA Polymerase I Promoter Opening R-HSA-73728	27	204	33010	0		1.0	1.0
Reactome	hypomethylated	RNA Polymerase II Pre-transcription Events R-HSA-674695	75	204	33010	0		1.0	1.0
Reactome	hypomethylated	RNA Polymerase III Abortive And Retractive Initiation R-HSA-749476	39	204	33010	0		1.0	1.0
Reactome	hypomethylated	RNA Polymerase III Chain Elongation R-HSA-73780	17	204	33010	0		1.0	1.0
Reactome	hypomethylated	RNA Polymerase III Transcription Initiation From Type 1 Promoter R-HSA-76061	27	204	33010	0		1.0	1.0
Reactome	hypomethylated	RNA Polymerase III Transcription Initiation From Type 2 Promoter R-HSA-76066	26	204	33010	0		1.0	1.0
Reactome	hypomethylated	RNA Polymerase III Transcription Initiation From Type 3 Promoter R-HSA-76071	27	204	33010	0		1.0	1.0
Reactome	hypomethylated	RNA Polymerase III Transcription Initiation R-HSA-76046	35	204	33010	0		1.0	1.0
Reactome	hypomethylated	RNA Polymerase III Transcription Termination R-HSA-73980	21	204	33010	0		1.0	1.0
Reactome	hypomethylated	RNA Polymerase II Transcribes snRNA Genes R-HSA-6807505	74	204	33010	0		1.0	1.0
Reactome	hypomethylated	RND1 GTPase Cycle R-HSA-9696273	41	204	33010	0		1.0	1.0
Reactome	hypomethylated	RND2 GTPase Cycle R-HSA-9696270	41	204	33010	0		1.0	1.0
Reactome	hypomethylated	RND3 GTPase Cycle R-HSA-9696264	41	204	33010	0		1.0	1.0
Reactome	hypomethylated	ROBO Receptors Bind AKAP5 R-HSA-9010642	8	204	33010	0		1.0	1.0
Reactome	hypomethylated	ROS And RNS Production In Phagocytes R-HSA-1222556	34	204	33010	0		1.0	1.0
Reactome	hypomethylated	RSK Activation R-HSA-444257	5	204	33010	0		1.0	1.0
Reactome	hypomethylated	RUNX1 And FOXP3 Control Development Of Regulatory T Lymphocytes (Tregs) R-HSA-8877330	9	204	33010	0		1.0	1.0
Reactome	hypomethylated	RUNX1 Interacts With Co-Factors Whose Precise Effect On RUNX1 Targets Is Not Known R-HSA-8939243	35	204	33010	0		1.0	1.0
Reactome	hypomethylated	RUNX1 Regulates Estrogen Receptor Mediated Transcription R-HSA-8931987	6	204	33010	0		1.0	1.0
Reactome	hypomethylated	RUNX1 Regulates Expression Of Components Of Tight Junctions R-HSA-8935964	5	204	33010	0		1.0	1.0
Reactome	hypomethylated	RUNX1 Regulates Genes Involved In Megakaryocyte Differentiation And Platelet Function R-HSA-8936459	60	204	33010	0		1.0	1.0
Reactome	hypomethylated	RUNX1 Regulates Transcription Of Genes Involved In BCR Signaling R-HSA-8939245	6	204	33010	0		1.0	1.0
Reactome	hypomethylated	RUNX1 Regulates Transcription Of Genes Involved In WNT Signaling R-HSA-8939256	5	204	33010	0		1.0	1.0
Reactome	hypomethylated	RUNX1 Regulates Transcription Of Genes Involved In Differentiation Of HSCs R-HSA-8939236	91	204	33010	0		1.0	1.0
Reactome	hypomethylated	RUNX1 Regulates Transcription Of Genes Involved In Differentiation Of Keratinocytes R-HSA-8939242	8	204	33010	0		1.0	1.0
Reactome	hypomethylated	RUNX1 Regulates Transcription Of Genes Involved In Differentiation Of Myeloid Cells R-HSA-8939246	7	204	33010	0		1.0	1.0
Reactome	hypomethylated	RUNX1 Regulates Transcription Of Genes Involved In Interleukin Signaling R-HSA-8939247	5	204	33010	0		1.0	1.0
Reactome	hypomethylated	RUNX2 Regulates Bone Development R-HSA-8941326	28	204	33010	0		1.0	1.0
Reactome	hypomethylated	RUNX2 Regulates Chondrocyte Maturation R-HSA-8941284	5	204	33010	0		1.0	1.0
Reactome	hypomethylated	RUNX2 Regulates Genes Involved In Cell Migration R-HSA-8941332	8	204	33010	0		1.0	1.0
Reactome	hypomethylated	RUNX2 Regulates Osteoblast Differentiation R-HSA-8940973	21	204	33010	0		1.0	1.0
Reactome	hypomethylated	RUNX3 Regulates Immune Response And Cell Migration R-HSA-8949275	6	204	33010	0		1.0	1.0
Reactome	hypomethylated	RUNX3 Regulates BCL2L11 (BIM) Transcription R-HSA-8952158	5	204	33010	0		1.0	1.0
Reactome	hypomethylated	RUNX3 Regulates CDKN1A Transcription R-HSA-8941855	7	204	33010	0		1.0	1.0
Reactome	hypomethylated	RUNX3 Regulates NOTCH Signaling R-HSA-8941856	12	204	33010	0		1.0	1.0
Reactome	hypomethylated	RUNX3 Regulates WNT Signaling R-HSA-8951430	8	204	33010	0		1.0	1.0
Reactome	hypomethylated	RUNX3 Regulates YAP1-mediated Transcription R-HSA-8951671	8	204	33010	0		1.0	1.0
Reactome	hypomethylated	Rap1 Signaling R-HSA-392517	16	204	33010	0		1.0	1.0
Reactome	hypomethylated	Ras Activation Upon Ca2+ Influx Thru NMDA Receptor R-HSA-442982	19	204	33010	0		1.0	1.0
Reactome	hypomethylated	Reactions Specific To Complex N-glycan Synthesis Pathway R-HSA-975578	10	204	33010	0		1.0	1.0
Reactome	hypomethylated	Receptor Mediated Mitophagy R-HSA-8934903	9	204	33010	0		1.0	1.0
Reactome	hypomethylated	Receptor-type Tyrosine-Protein Phosphatases R-HSA-388844	16	204	33010	0		1.0	1.0
Reactome	hypomethylated	Recognition Of DNA Damage By PCNA-containing Replication Complex R-HSA-110314	29	204	33010	0		1.0	1.0
Reactome	hypomethylated	Recruitment Of NuMA To Mitotic Centrosomes R-HSA-380320	77	204	33010	0		1.0	1.0
Reactome	hypomethylated	Recycling Of Bile Acids And Salts R-HSA-159418	18	204	33010	0		1.0	1.0
Reactome	hypomethylated	Recycling Of eIF2:GDP R-HSA-72731	7	204	33010	0		1.0	1.0
Reactome	hypomethylated	Reduction Of Cytosolic Ca++ Levels R-HSA-418359	10	204	33010	0		1.0	1.0
Reactome	hypomethylated	Reelin Signaling Pathway R-HSA-8866376	4	204	33010	0		1.0	1.0
Reactome	hypomethylated	Regulated Proteolysis Of p75NTR R-HSA-193692	11	204	33010	0		1.0	1.0
Reactome	hypomethylated	Regulation Of Apoptosis R-HSA-169911	50	204	33010	0		1.0	1.0
Reactome	hypomethylated	Regulation Of BACH1 Activity R-HSA-9708530	11	204	33010	0		1.0	1.0
Reactome	hypomethylated	Regulation Of Complement Cascade R-HSA-977606	41	204	33010	0		1.0	1.0
Reactome	hypomethylated	Regulation Of FOXO Transcriptional Activity By Acetylation R-HSA-9617629	9	204	33010	0		1.0	1.0
Reactome	hypomethylated	Regulation Of FZD By Ubiquitination R-HSA-4641263	20	204	33010	0		1.0	1.0
Reactome	hypomethylated	Regulation Of HMOX1 Expression And Activity R-HSA-9707587	5	204	33010	0		1.0	1.0
Reactome	hypomethylated	Regulation Of HSF1-mediated Heat Shock Response R-HSA-3371453	79	204	33010	0		1.0	1.0
Reactome	hypomethylated	Regulation Of IFNA/IFNB Signaling R-HSA-912694	14	204	33010	0		1.0	1.0
Reactome	hypomethylated	Regulation Of IFNG Signaling R-HSA-877312	14	204	33010	0		1.0	1.0
Reactome	hypomethylated	Regulation Of KIT Signaling R-HSA-1433559	16	204	33010	0		1.0	1.0
Reactome	hypomethylated	Regulation Of NF-kappa B Signaling R-HSA-9758274	17	204	33010	0		1.0	1.0
Reactome	hypomethylated	Regulation Of PLK1 Activity At G2/M Transition R-HSA-2565942	84	204	33010	0		1.0	1.0
Reactome	hypomethylated	Regulation Of PTEN Localization R-HSA-8948747	8	204	33010	0		1.0	1.0
Reactome	hypomethylated	Regulation Of PTEN mRNA Translation R-HSA-8943723	11	204	33010	0		1.0	1.0
Reactome	hypomethylated	Regulation Of PTEN Stability And Activity R-HSA-8948751	65	204	33010	0		1.0	1.0
Reactome	hypomethylated	Regulation Of RAS By GAPs R-HSA-5658442	63	204	33010	0		1.0	1.0
Reactome	hypomethylated	Regulation Of RUNX1 Expression And Activity R-HSA-8934593	17	204	33010	0		1.0	1.0
Reactome	hypomethylated	Regulation Of RUNX2 Expression And Activity R-HSA-8939902	71	204	33010	0		1.0	1.0
Reactome	hypomethylated	Regulation Of TLR By Endogenous Ligand R-HSA-5686938	18	204	33010	0		1.0	1.0
Reactome	hypomethylated	Regulation Of TNFR1 Signaling R-HSA-5357905	33	204	33010	0		1.0	1.0
Reactome	hypomethylated	Regulation Of TP53 Activity Thru Association With Co-factors R-HSA-6804759	14	204	33010	0		1.0	1.0
Reactome	hypomethylated	Regulation Of TP53 Activity Thru Methylation R-HSA-6804760	19	204	33010	0		1.0	1.0
Reactome	hypomethylated	Regulation Of TP53 Activity Thru Phosphorylation R-HSA-6804756	87	204	33010	0		1.0	1.0
Reactome	hypomethylated	Regulation Of Actin Dynamics For Phagocytic Cup Formation R-HSA-2029482	55	204	33010	0		1.0	1.0
Reactome	hypomethylated	Regulation Of Activated PAK-2p34 By Proteasome Mediated Degradation R-HSA-211733	48	204	33010	0		1.0	1.0
Reactome	hypomethylated	Regulation Of Beta-Cell Development R-HSA-186712	39	204	33010	0		1.0	1.0
Reactome	hypomethylated	Regulation Of Commissural Axon Pathfinding By SLIT And ROBO R-HSA-428542	9	204	33010	0		1.0	1.0
Reactome	hypomethylated	Regulation Of Cytoskeletal Remodeling And Cell Spreading By IPP Complex Components R-HSA-446388	7	204	33010	0		1.0	1.0
Reactome	hypomethylated	Regulation Of Gene Expression By Hypoxia-inducible Factor R-HSA-1234158	11	204	33010	0		1.0	1.0
Reactome	hypomethylated	Regulation Of Gene Expression In Beta Cells R-HSA-210745	20	204	33010	0		1.0	1.0
Reactome	hypomethylated	Regulation Of Gene Expression In Early Pancreatic Precursor Cells R-HSA-210747	8	204	33010	0		1.0	1.0
Reactome	hypomethylated	Regulation Of Gene Expression In Endocrine-Committed (NEUROG3+) Progenitor Cells R-HSA-210746	5	204	33010	0		1.0	1.0
Reactome	hypomethylated	Regulation Of Gene Expression In Late Stage (Branching Morphogenesis) Pancreatic Bud Precursor Cells R-HSA-210744	14	204	33010	0		1.0	1.0
Reactome	hypomethylated	Regulation Of Glycolysis By Fructose 2,6-Bisphosphate Metabolism R-HSA-9634600	11	204	33010	0		1.0	1.0
Reactome	hypomethylated	Regulation Of Innate Immune Responses To Cytosolic DNA R-HSA-3134975	15	204	33010	0		1.0	1.0
Reactome	hypomethylated	Regulation Of Insulin Secretion R-HSA-422356	76	204	33010	0		1.0	1.0
Reactome	hypomethylated	Regulation Of Localization Of FOXO Transcription Factors R-HSA-9614399	11	204	33010	0		1.0	1.0
Reactome	hypomethylated	Regulation Of mRNA Stability By Proteins That Bind AU-rich Elements R-HSA-450531	87	204	33010	0		1.0	1.0
Reactome	hypomethylated	Regulation Of Ornithine Decarboxylase (ODC) R-HSA-350562	49	204	33010	0		1.0	1.0
Reactome	hypomethylated	Regulation Of Pyruvate Dehydrogenase (PDH) Complex R-HSA-204174	14	204	33010	0		1.0	1.0
Reactome	hypomethylated	Regulation Of Signaling By CBL R-HSA-912631	18	204	33010	0		1.0	1.0
Reactome	hypomethylated	Regulation Of Signaling By NODAL R-HSA-1433617	9	204	33010	0		1.0	1.0
Reactome	hypomethylated	Relaxin Receptors R-HSA-444821	7	204	33010	0		1.0	1.0
Reactome	hypomethylated	Release Of Hh-Np From Secreting Cell R-HSA-5362798	8	204	33010	0		1.0	1.0
Reactome	hypomethylated	Release Of Apoptotic Factors From Mitochondria R-HSA-111457	7	204	33010	0		1.0	1.0
Reactome	hypomethylated	Removal Of Aminoterminal Propeptides From Gamma-Carboxylated Proteins R-HSA-159782	8	204	33010	0		1.0	1.0
Reactome	hypomethylated	Removal Of Flap Intermediate R-HSA-69166	13	204	33010	0		1.0	1.0
Reactome	hypomethylated	Removal Of Flap Intermediate From C-strand R-HSA-174437	17	204	33010	0		1.0	1.0
Reactome	hypomethylated	Repression Of WNT Target Genes R-HSA-4641265	14	204	33010	0		1.0	1.0
Reactome	hypomethylated	Resolution Of D-Loop Structures R-HSA-5693537	33	204	33010	0		1.0	1.0
Reactome	hypomethylated	Resolution Of D-loop Structures Thru Holliday Junction Intermediates R-HSA-5693568	32	204	33010	0		1.0	1.0
Reactome	hypomethylated	Resolution Of D-loop Structures Thru Synthesis-Dependent Strand Annealing (SDSA) R-HSA-5693554	27	204	33010	0		1.0	1.0
Reactome	hypomethylated	Respiratory Electron Transport R-HSA-611105	87	204	33010	0		1.0	1.0
Reactome	hypomethylated	Respiratory Electron Transport, ATP Synthesis By Chemiosmotic Coupling, Heat Production By Uncoupling Proteins R-HSA-163200	108	204	33010	0		1.0	1.0
Reactome	hypomethylated	Response Of EIF2AK1 (HRI) To Heme Deficiency R-HSA-9648895	14	204	33010	0		1.0	1.0
Reactome	hypomethylated	Response Of Mtb To Phagocytosis R-HSA-9637690	21	204	33010	0		1.0	1.0
Reactome	hypomethylated	Response To Elevated Platelet Cytosolic Ca2+ R-HSA-76005	117	204	33010	0		1.0	1.0
Reactome	hypomethylated	Response To Metal Ions R-HSA-5660526	14	204	33010	0		1.0	1.0
Reactome	hypomethylated	Retrograde Neurotrophin Signaling R-HSA-177504	14	204	33010	0		1.0	1.0
Reactome	hypomethylated	Retrograde Transport At Trans-Golgi-Network R-HSA-6811440	46	204	33010	0		1.0	1.0
Reactome	hypomethylated	Rev-mediated Nuclear Export Of HIV RNA R-HSA-165054	35	204	33010	0		1.0	1.0
Reactome	hypomethylated	Reversal Of Alkylation Damage By DNA Dioxygenases R-HSA-73943	7	204	33010	0		1.0	1.0
Reactome	hypomethylated	Reversible Hydration Of Carbon Dioxide R-HSA-1475029	11	204	33010	0		1.0	1.0
Reactome	hypomethylated	Role Of ABL In ROBO-SLIT Signaling R-HSA-428890	8	204	33010	0		1.0	1.0
Reactome	hypomethylated	Role Of LAT2/NTAL/LAB On Calcium Mobilization R-HSA-2730905	13	204	33010	0		1.0	1.0
Reactome	hypomethylated	Role Of Phospholipids In Phagocytosis R-HSA-2029485	22	204	33010	0		1.0	1.0
Reactome	hypomethylated	Role Of Second Messengers In Netrin-1 Signaling R-HSA-418890	9	204	33010	0		1.0	1.0
Reactome	hypomethylated	SARS-CoV-1 Genome Replication And Transcription R-HSA-9679514	5	204	33010	0		1.0	1.0
Reactome	hypomethylated	SARS-CoV-2 Genome Replication And Transcription R-HSA-9694682	5	204	33010	0		1.0	1.0
Reactome	hypomethylated	SARS-CoV-2 Modulates Autophagy R-HSA-9754560	11	204	33010	0		1.0	1.0
Reactome	hypomethylated	SARS-CoV-2 Targets PDZ Proteins In Cell-Cell Junction R-HSA-9705677	4	204	33010	0		1.0	1.0
Reactome	hypomethylated	SARS-CoV-2 Targets Host Intracellular Signaling And Regulatory Pathways R-HSA-9755779	13	204	33010	0		1.0	1.0
Reactome	hypomethylated	SCF(Skp2)-mediated Degradation Of P27/P21 R-HSA-187577	58	204	33010	0		1.0	1.0
Reactome	hypomethylated	SCF-beta-TrCP Mediated Degradation Of Emi1 R-HSA-174113	53	204	33010	0		1.0	1.0
Reactome	hypomethylated	SEMA3A-Plexin Repulsion Signaling By Inhibiting Integrin Adhesion R-HSA-399955	13	204	33010	0		1.0	1.0
Reactome	hypomethylated	SHC-mediated cascade:FGFR1 R-HSA-5654688	19	204	33010	0		1.0	1.0
Reactome	hypomethylated	SHC-mediated cascade:FGFR2 R-HSA-5654699	20	204	33010	0		1.0	1.0
Reactome	hypomethylated	SHC-mediated cascade:FGFR3 R-HSA-5654704	15	204	33010	0		1.0	1.0
Reactome	hypomethylated	SHC-mediated cascade:FGFR4 R-HSA-5654719	17	204	33010	0		1.0	1.0
Reactome	hypomethylated	SHC-related Events Triggered By IGF1R R-HSA-2428933	8	204	33010	0		1.0	1.0
Reactome	hypomethylated	SHC1 Events In EGFR Signaling R-HSA-180336	12	204	33010	0		1.0	1.0
Reactome	hypomethylated	SHC1 Events In ERBB2 Signaling R-HSA-1250196	21	204	33010	0		1.0	1.0
Reactome	hypomethylated	SHC1 Events In ERBB4 Signaling R-HSA-1250347	13	204	33010	0		1.0	1.0
Reactome	hypomethylated	SLBP Dependent Processing Of Replication-Dependent Histone Pre-mRNAs R-HSA-77588	11	204	33010	0		1.0	1.0
Reactome	hypomethylated	SLBP Independent Processing Of Histone Pre-mRNAs R-HSA-111367	10	204	33010	0		1.0	1.0
Reactome	hypomethylated	SLC Transporter Disorders R-HSA-5619102	94	204	33010	0		1.0	1.0
Reactome	hypomethylated	SLC-mediated Transmembrane Transport R-HSA-425407	237	204	33010	0		1.0	1.0
Reactome	hypomethylated	SMAC (DIABLO) Binds To IAPs R-HSA-111463	6	204	33010	0		1.0	1.0
Reactome	hypomethylated	SMAC, XIAP-regulated Apoptotic Response R-HSA-111469	7	204	33010	0		1.0	1.0
Reactome	hypomethylated	SMAD2/3 Phosphorylation Motif Mutants In Cancer R-HSA-3304356	6	204	33010	0		1.0	1.0
Reactome	hypomethylated	SMAD2/SMAD3:SMAD4 Heterotrimer Regulates Transcription R-HSA-2173796	36	204	33010	0		1.0	1.0
Reactome	hypomethylated	SOS-mediated Signaling R-HSA-112412	6	204	33010	0		1.0	1.0
Reactome	hypomethylated	STAT3 Nuclear Events Downstream Of ALK Signaling R-HSA-9701898	9	204	33010	0		1.0	1.0
Reactome	hypomethylated	STAT5 Activation R-HSA-9645135	7	204	33010	0		1.0	1.0
Reactome	hypomethylated	STAT5 Activation Downstream Of FLT3 ITD Mutants R-HSA-9702518	10	204	33010	0		1.0	1.0
Reactome	hypomethylated	STING Mediated Induction Of Host Immune Responses R-HSA-1834941	16	204	33010	0		1.0	1.0
Reactome	hypomethylated	SUMO Is Proteolytically Processed R-HSA-3065679	5	204	33010	0		1.0	1.0
Reactome	hypomethylated	SUMO Is Transferred From E1 To E2 (UBE2I, UBC9) R-HSA-3065678	6	204	33010	0		1.0	1.0
Reactome	hypomethylated	SUMOylation Of DNA Methylation Proteins R-HSA-4655427	16	204	33010	0		1.0	1.0
Reactome	hypomethylated	SUMOylation Of DNA Replication Proteins R-HSA-4615885	45	204	33010	0		1.0	1.0
Reactome	hypomethylated	SUMOylation Of RNA Binding Proteins R-HSA-4570464	47	204	33010	0		1.0	1.0
Reactome	hypomethylated	SUMOylation Of SUMOylation Proteins R-HSA-4085377	35	204	33010	0		1.0	1.0
Reactome	hypomethylated	SUMOylation Of Chromatin Organization Proteins R-HSA-4551638	55	204	33010	0		1.0	1.0
Reactome	hypomethylated	SUMOylation Of Immune Response Proteins R-HSA-4755510	10	204	33010	0		1.0	1.0
Reactome	hypomethylated	SUMOylation Of Intracellular Receptors R-HSA-4090294	28	204	33010	0		1.0	1.0
Reactome	hypomethylated	SUMOylation Of Transcription Cofactors R-HSA-3899300	43	204	33010	0		1.0	1.0
Reactome	hypomethylated	SUMOylation Of Ubiquitinylation Proteins R-HSA-3232142	39	204	33010	0		1.0	1.0
Reactome	hypomethylated	Scavenging By Class A Receptors R-HSA-3000480	19	204	33010	0		1.0	1.0
Reactome	hypomethylated	Scavenging By Class B Receptors R-HSA-3000471	6	204	33010	0		1.0	1.0
Reactome	hypomethylated	Scavenging By Class F Receptors R-HSA-3000484	6	204	33010	0		1.0	1.0
Reactome	hypomethylated	Scavenging Of Heme From Plasma R-HSA-2168880	11	204	33010	0		1.0	1.0
Reactome	hypomethylated	Sealing Of Nuclear Envelope (NE) By ESCRT-III R-HSA-9668328	30	204	33010	0		1.0	1.0
Reactome	hypomethylated	Selective Autophagy R-HSA-9663891	59	204	33010	0		1.0	1.0
Reactome	hypomethylated	Sema3A PAK Dependent Axon Repulsion R-HSA-399954	15	204	33010	0		1.0	1.0
Reactome	hypomethylated	Sema4D In Semaphorin Signaling R-HSA-400685	24	204	33010	0		1.0	1.0
Reactome	hypomethylated	Sema4D Induced Cell Migration And Growth-Cone Collapse R-HSA-416572	20	204	33010	0		1.0	1.0
Reactome	hypomethylated	Sema4D Mediated Inhibition Of Cell Attachment And Migration R-HSA-416550	8	204	33010	0		1.0	1.0
Reactome	hypomethylated	Semaphorin Interactions R-HSA-373755	62	204	33010	0		1.0	1.0
Reactome	hypomethylated	Sensing Of DNA Double Strand Breaks R-HSA-5693548	6	204	33010	0		1.0	1.0
Reactome	hypomethylated	Sensory Perception Of Salty Taste R-HSA-9730628	6	204	33010	0		1.0	1.0
Reactome	hypomethylated	Sensory Perception Of Sweet, Bitter, And Umami (Glutamate) Taste R-HSA-9717207	37	204	33010	0		1.0	1.0
Reactome	hypomethylated	Sensory Perception Of Taste R-HSA-9717189	43	204	33010	0		1.0	1.0
Reactome	hypomethylated	Serotonin And Melatonin Biosynthesis R-HSA-209931	4	204	33010	0		1.0	1.0
Reactome	hypomethylated	Serotonin Receptors R-HSA-390666	10	204	33010	0		1.0	1.0
Reactome	hypomethylated	Sialic Acid Metabolism R-HSA-4085001	33	204	33010	0		1.0	1.0
Reactome	hypomethylated	Signal Amplification R-HSA-392518	33	204	33010	0		1.0	1.0
Reactome	hypomethylated	Signal Attenuation R-HSA-74749	10	204	33010	0		1.0	1.0
Reactome	hypomethylated	Signal Regulatory Protein Family Interactions R-HSA-391160	13	204	33010	0		1.0	1.0
Reactome	hypomethylated	Signal Transduction By L1 R-HSA-445144	19	204	33010	0		1.0	1.0
Reactome	hypomethylated	Signaling By ALK R-HSA-201556	25	204	33010	0		1.0	1.0
Reactome	hypomethylated	Signaling By ALK Fusions And Activated Point Mutants R-HSA-9725370	53	204	33010	0		1.0	1.0
Reactome	hypomethylated	Signaling By Activin R-HSA-1502540	15	204	33010	0		1.0	1.0
Reactome	hypomethylated	Signaling By BMP R-HSA-201451	26	204	33010	0		1.0	1.0
Reactome	hypomethylated	Signaling By CSF3 (G-CSF) R-HSA-9674555	30	204	33010	0		1.0	1.0
Reactome	hypomethylated	Signaling By EGFR R-HSA-177929	47	204	33010	0		1.0	1.0
Reactome	hypomethylated	Signaling By EGFR In Cancer R-HSA-1643713	23	204	33010	0		1.0	1.0
Reactome	hypomethylated	Signaling By ERBB2 ECD Mutants R-HSA-9665348	15	204	33010	0		1.0	1.0
Reactome	hypomethylated	Signaling By ERBB2 KD Mutants R-HSA-9664565	24	204	33010	0		1.0	1.0
Reactome	hypomethylated	Signaling By ERBB2 R-HSA-1227986	49	204	33010	0		1.0	1.0
Reactome	hypomethylated	Signaling By ERBB2 TMD/JMD Mutants R-HSA-9665686	21	204	33010	0		1.0	1.0
Reactome	hypomethylated	Signaling By ERBB2 In Cancer R-HSA-1227990	25	204	33010	0		1.0	1.0
Reactome	hypomethylated	Signaling By Erythropoietin R-HSA-9006335	24	204	33010	0		1.0	1.0
Reactome	hypomethylated	Signaling By FGFR R-HSA-190236	83	204	33010	0		1.0	1.0
Reactome	hypomethylated	Signaling By FGFR In Disease R-HSA-1226099	59	204	33010	0		1.0	1.0
Reactome	hypomethylated	Signaling By FGFR1 R-HSA-5654736	47	204	33010	0		1.0	1.0
Reactome	hypomethylated	Signaling By FGFR1 In Disease R-HSA-5655302	35	204	33010	0		1.0	1.0
Reactome	hypomethylated	Signaling By FGFR2 IIIa TM R-HSA-8851708	18	204	33010	0		1.0	1.0
Reactome	hypomethylated	Signaling By FGFR2 R-HSA-5654738	70	204	33010	0		1.0	1.0
Reactome	hypomethylated	Signaling By FGFR2 In Disease R-HSA-5655253	40	204	33010	0		1.0	1.0
Reactome	hypomethylated	Signaling By FGFR3 R-HSA-5654741	37	204	33010	0		1.0	1.0
Reactome	hypomethylated	Signaling By FGFR3 In Disease R-HSA-5655332	19	204	33010	0		1.0	1.0
Reactome	hypomethylated	Signaling By FGFR4 R-HSA-5654743	38	204	33010	0		1.0	1.0
Reactome	hypomethylated	Signaling By FGFR4 In Disease R-HSA-5655291	10	204	33010	0		1.0	1.0
Reactome	hypomethylated	Signaling By FLT3 ITD And TKD Mutants R-HSA-9703648	15	204	33010	0		1.0	1.0
Reactome	hypomethylated	Signaling By FLT3 Fusion Proteins R-HSA-9703465	18	204	33010	0		1.0	1.0
Reactome	hypomethylated	Signaling By Hedgehog R-HSA-5358351	133	204	33010	0		1.0	1.0
Reactome	hypomethylated	Signaling By Hippo R-HSA-2028269	19	204	33010	0		1.0	1.0
Reactome	hypomethylated	Signaling By Insulin Receptor R-HSA-74752	74	204	33010	0		1.0	1.0
Reactome	hypomethylated	Signaling By KIT In Disease R-HSA-9669938	19	204	33010	0		1.0	1.0
Reactome	hypomethylated	Signaling By LRP5 Mutants R-HSA-5339717	6	204	33010	0		1.0	1.0
Reactome	hypomethylated	Signaling By Leptin R-HSA-2586552	11	204	33010	0		1.0	1.0
Reactome	hypomethylated	Signaling By MAPK Mutants R-HSA-9652817	6	204	33010	0		1.0	1.0
Reactome	hypomethylated	Signaling By MET R-HSA-6806834	62	204	33010	0		1.0	1.0
Reactome	hypomethylated	Signaling By MST1 R-HSA-8852405	5	204	33010	0		1.0	1.0
Reactome	hypomethylated	Signaling By NODAL R-HSA-1181150	20	204	33010	0		1.0	1.0
Reactome	hypomethylated	Signaling By NOTCH2 R-HSA-1980145	30	204	33010	0		1.0	1.0
Reactome	hypomethylated	Signaling By NOTCH3 R-HSA-9012852	47	204	33010	0		1.0	1.0
Reactome	hypomethylated	Signaling By NOTCH4 R-HSA-9013694	78	204	33010	0		1.0	1.0
Reactome	hypomethylated	Signaling By NTRK1 (TRKA) R-HSA-187037	113	204	33010	0		1.0	1.0
Reactome	hypomethylated	Signaling By NTRK2 (TRKB) R-HSA-9006115	23	204	33010	0		1.0	1.0
Reactome	hypomethylated	Signaling By NTRK3 (TRKC) R-HSA-9034015	16	204	33010	0		1.0	1.0
Reactome	hypomethylated	Signaling By NTRKs R-HSA-166520	131	204	33010	0		1.0	1.0
Reactome	hypomethylated	Signaling By Non-Receptor Tyrosine Kinases R-HSA-9006927	52	204	33010	0		1.0	1.0
Reactome	hypomethylated	Signaling By PDGF R-HSA-186797	50	204	33010	0		1.0	1.0
Reactome	hypomethylated	Signaling By PDGFR In Disease R-HSA-9671555	19	204	33010	0		1.0	1.0
Reactome	hypomethylated	Signaling By PDGFRA Extracellular Domain Mutants R-HSA-9673770	11	204	33010	0		1.0	1.0
Reactome	hypomethylated	Signaling By RNF43 Mutants R-HSA-5340588	7	204	33010	0		1.0	1.0
Reactome	hypomethylated	Signaling By SCF-KIT R-HSA-1433557	41	204	33010	0		1.0	1.0
Reactome	hypomethylated	Signaling By TGF-beta Receptor Complex In Cancer R-HSA-3304351	8	204	33010	0		1.0	1.0
Reactome	hypomethylated	Signaling By Type 1 Insulin-like Growth Factor 1 Receptor (IGF1R) R-HSA-2404192	50	204	33010	0		1.0	1.0
Reactome	hypomethylated	Signaling By VEGF R-HSA-194138	99	204	33010	0		1.0	1.0
Reactome	hypomethylated	Signaling By WNT In Cancer R-HSA-4791275	31	204	33010	0		1.0	1.0
Reactome	hypomethylated	Signaling By Activated Point Mutants Of FGFR1 R-HSA-1839122	10	204	33010	0		1.0	1.0
Reactome	hypomethylated	Signaling By Cytosolic FGFR1 Fusion Mutants R-HSA-1839117	17	204	33010	0		1.0	1.0
Reactome	hypomethylated	Signaling By Membrane-Tethered Fusions Of PDGFRA Or PDGFRB R-HSA-9673768	5	204	33010	0		1.0	1.0
Reactome	hypomethylated	Signaling By B Cell Receptor (BCR) R-HSA-983705	104	204	33010	0		1.0	1.0
Reactome	hypomethylated	Signaling To ERKs R-HSA-187687	33	204	33010	0		1.0	1.0
Reactome	hypomethylated	Signaling To RAS R-HSA-167044	19	204	33010	0		1.0	1.0
Reactome	hypomethylated	Signaling To P38 Via RIT And RIN R-HSA-187706	5	204	33010	0		1.0	1.0
Reactome	hypomethylated	Small Interfering RNA (siRNA) Biogenesis R-HSA-426486	9	204	33010	0		1.0	1.0
Reactome	hypomethylated	Smooth Muscle Contraction R-HSA-445355	42	204	33010	0		1.0	1.0
Reactome	hypomethylated	Sodium-coupled Phosphate Cotransporters R-HSA-427652	5	204	33010	0		1.0	1.0
Reactome	hypomethylated	Sodium-coupled Sulphate, Di- And Tri-Carboxylate Transporters R-HSA-433137	5	204	33010	0		1.0	1.0
Reactome	hypomethylated	Sodium/Calcium Exchangers R-HSA-425561	10	204	33010	0		1.0	1.0
Reactome	hypomethylated	Sodium/Proton Exchangers R-HSA-425986	7	204	33010	0		1.0	1.0
Reactome	hypomethylated	Sphingolipid De Novo Biosynthesis R-HSA-1660661	44	204	33010	0		1.0	1.0
Reactome	hypomethylated	Sphingolipid Metabolism R-HSA-428157	83	204	33010	0		1.0	1.0
Reactome	hypomethylated	Spry Regulation Of FGF Signaling R-HSA-1295596	16	204	33010	0		1.0	1.0
Reactome	hypomethylated	Striated Muscle Contraction R-HSA-390522	32	204	33010	0		1.0	1.0
Reactome	hypomethylated	Sulfide Oxidation To Sulfate R-HSA-1614517	5	204	33010	0		1.0	1.0
Reactome	hypomethylated	Sulfur Amino Acid Metabolism R-HSA-1614635	25	204	33010	0		1.0	1.0
Reactome	hypomethylated	Suppression Of Apoptosis R-HSA-9635465	6	204	33010	0		1.0	1.0
Reactome	hypomethylated	Suppression Of Phagosomal Maturation R-HSA-9637687	13	204	33010	0		1.0	1.0
Reactome	hypomethylated	Surfactant Metabolism R-HSA-5683826	26	204	33010	0		1.0	1.0
Reactome	hypomethylated	Syndecan Interactions R-HSA-3000170	18	204	33010	0		1.0	1.0
Reactome	hypomethylated	Synthesis Of (16-20)-Hydroxyeicosatetraenoic Acids (HETE) R-HSA-2142816	9	204	33010	0		1.0	1.0
Reactome	hypomethylated	Synthesis Of 12-Eicosatetraenoic Acid Derivatives R-HSA-2142712	7	204	33010	0		1.0	1.0
Reactome	hypomethylated	Synthesis Of 15-Eicosatetraenoic Acid Derivatives R-HSA-2142770	6	204	33010	0		1.0	1.0
Reactome	hypomethylated	Synthesis Of 5-Eicosatetraenoic Acids R-HSA-2142688	9	204	33010	0		1.0	1.0
Reactome	hypomethylated	Synthesis Of Dolichyl-phosphate R-HSA-446199	6	204	33010	0		1.0	1.0
Reactome	hypomethylated	Synthesis Of GDP-mannose R-HSA-446205	5	204	33010	0		1.0	1.0
Reactome	hypomethylated	Synthesis Of IP2, IP, And Ins In Cytosol R-HSA-1855183	13	204	33010	0		1.0	1.0
Reactome	hypomethylated	Synthesis Of IP3 And IP4 In Cytosol R-HSA-1855204	25	204	33010	0		1.0	1.0
Reactome	hypomethylated	Synthesis Of Ketone Bodies R-HSA-77111	8	204	33010	0		1.0	1.0
Reactome	hypomethylated	Synthesis Of Leukotrienes (LT) And Eoxins (EX) R-HSA-2142691	20	204	33010	0		1.0	1.0
Reactome	hypomethylated	Synthesis Of Lipoxins (LX) R-HSA-2142700	6	204	33010	0		1.0	1.0
Reactome	hypomethylated	Synthesis Of PA R-HSA-1483166	38	204	33010	0		1.0	1.0
Reactome	hypomethylated	Synthesis Of PC R-HSA-1483191	26	204	33010	0		1.0	1.0
Reactome	hypomethylated	Synthesis Of PE R-HSA-1483213	13	204	33010	0		1.0	1.0
Reactome	hypomethylated	Synthesis Of PG R-HSA-1483148	8	204	33010	0		1.0	1.0
Reactome	hypomethylated	Synthesis Of PI R-HSA-1483226	5	204	33010	0		1.0	1.0
Reactome	hypomethylated	Synthesis Of PIPs At ER Membrane R-HSA-1483248	5	204	33010	0		1.0	1.0
Reactome	hypomethylated	Synthesis Of PIPs At Golgi Membrane R-HSA-1660514	16	204	33010	0		1.0	1.0
Reactome	hypomethylated	Synthesis Of PIPs At Early Endosome Membrane R-HSA-1660516	15	204	33010	0		1.0	1.0
Reactome	hypomethylated	Synthesis Of PIPs At Late Endosome Membrane R-HSA-1660517	10	204	33010	0		1.0	1.0
Reactome	hypomethylated	Synthesis Of PIPs At Plasma Membrane R-HSA-1660499	47	204	33010	0		1.0	1.0
Reactome	hypomethylated	Synthesis Of Prostaglandins (PG) And Thromboxanes (TX) R-HSA-2162123	15	204	33010	0		1.0	1.0
Reactome	hypomethylated	Synthesis Of UDP-N-acetyl-glucosamine R-HSA-446210	7	204	33010	0		1.0	1.0
Reactome	hypomethylated	Synthesis Of Active Ubiquitin: Roles Of E1 And E2 Enzymes R-HSA-8866652	27	204	33010	0		1.0	1.0
Reactome	hypomethylated	Synthesis Of Bile Acids And Bile Salts R-HSA-192105	34	204	33010	0		1.0	1.0
Reactome	hypomethylated	Synthesis Of Bile Acids And Bile Salts Via 24-Hydroxycholesterol R-HSA-193775	14	204	33010	0		1.0	1.0
Reactome	hypomethylated	Synthesis Of Bile Acids And Bile Salts Via 27-Hydroxycholesterol R-HSA-193807	15	204	33010	0		1.0	1.0
Reactome	hypomethylated	Synthesis Of Bile Acids And Bile Salts Via 7Alpha-Hydroxycholesterol R-HSA-193368	24	204	33010	0		1.0	1.0
Reactome	hypomethylated	Synthesis Of diphthamide-EEF2 R-HSA-5358493	8	204	33010	0		1.0	1.0
Reactome	hypomethylated	Synthesis Of Epoxy (EET) And Dihydroxyeicosatrienoic Acids (DHET) R-HSA-2142670	8	204	33010	0		1.0	1.0
Reactome	hypomethylated	Synthesis Of Pyrophosphates In Cytosol R-HSA-1855167	8	204	33010	0		1.0	1.0
Reactome	hypomethylated	Synthesis Of Substrates In N-glycan Biosythesis R-HSA-446219	62	204	33010	0		1.0	1.0
Reactome	hypomethylated	Synthesis Of Very Long-Chain Fatty acyl-CoAs R-HSA-75876	23	204	33010	0		1.0	1.0
Reactome	hypomethylated	Synthesis Of Wybutosine At G37 Of tRNA(Phe) R-HSA-6782861	6	204	33010	0		1.0	1.0
Reactome	hypomethylated	Synthesis, Secretion, And Deacylation Of Ghrelin R-HSA-422085	18	204	33010	0		1.0	1.0
Reactome	hypomethylated	Synthesis, Secretion, And Inactivation Of Glucagon-like Peptide-1 (GLP-1) R-HSA-381771	20	204	33010	0		1.0	1.0
Reactome	hypomethylated	Synthesis, Secretion, And Inactivation Of Glucose-dependent Insulinotropic Polypeptide (GIP) R-HSA-400511	12	204	33010	0		1.0	1.0
Reactome	hypomethylated	TAK1-dependent IKK And NF-kappa-B Activation R-HSA-445989	42	204	33010	0		1.0	1.0
Reactome	hypomethylated	TCR Signaling R-HSA-202403	109	204	33010	0		1.0	1.0
Reactome	hypomethylated	TFAP2 (AP-2) Family Regulates Transcription Of Cell Cycle Factors R-HSA-8866911	5	204	33010	0		1.0	1.0
Reactome	hypomethylated	TFAP2 (AP-2) Family Regulates Transcription Of Growth Factors And Their Receptors R-HSA-8866910	12	204	33010	0		1.0	1.0
Reactome	hypomethylated	TFAP2A Acts As A Transcriptional Repressor During Retinoic Acid Induced Cell Differentiation R-HSA-8869496	5	204	33010	0		1.0	1.0
Reactome	hypomethylated	TGF-beta Receptor Signaling In EMT (Epithelial To Mesenchymal Transition) R-HSA-2173791	16	204	33010	0		1.0	1.0
Reactome	hypomethylated	TICAM1, RIP1-mediated IKK Complex Recruitment R-HSA-168927	18	204	33010	0		1.0	1.0
Reactome	hypomethylated	TICAM1,TRAF6-dependent Induction Of TAK1 Complex R-HSA-9014325	10	204	33010	0		1.0	1.0
Reactome	hypomethylated	TICAM1-dependent Activation Of IRF3/IRF7 R-HSA-9013973	12	204	33010	0		1.0	1.0
Reactome	hypomethylated	TLR3-mediated TICAM1-dependent Programmed Cell Death R-HSA-9013957	6	204	33010	0		1.0	1.0
Reactome	hypomethylated	TNF Receptor Superfamily (TNFSF) Members Mediating Non-Canonical NF-kB Pathway R-HSA-5676594	16	204	33010	0		1.0	1.0
Reactome	hypomethylated	TNF Signaling R-HSA-75893	41	204	33010	0		1.0	1.0
Reactome	hypomethylated	TNFR1-induced NFkappaB Signaling Pathway R-HSA-5357956	23	204	33010	0		1.0	1.0
Reactome	hypomethylated	TNFR1-induced Proapoptotic Signaling R-HSA-5357786	13	204	33010	0		1.0	1.0
Reactome	hypomethylated	TNFR1-mediated Ceramide Production R-HSA-5626978	6	204	33010	0		1.0	1.0
Reactome	hypomethylated	TNFR2 Non-Canonical NF-kB Pathway R-HSA-5668541	95	204	33010	0		1.0	1.0
Reactome	hypomethylated	TNFs Bind Their Physiological Receptors R-HSA-5669034	26	204	33010	0		1.0	1.0
Reactome	hypomethylated	TP53 Regulates Metabolic Genes R-HSA-5628897	78	204	33010	0		1.0	1.0
Reactome	hypomethylated	TP53 Regulates Transcription Of Caspase Activators And Caspases R-HSA-6803207	12	204	33010	0		1.0	1.0
Reactome	hypomethylated	TP53 Regulates Transcription Of Cell Cycle Genes R-HSA-6791312	49	204	33010	0		1.0	1.0
Reactome	hypomethylated	TP53 Regulates Transcription Of Genes Involved In Cytochrome C Release R-HSA-6803204	20	204	33010	0		1.0	1.0
Reactome	hypomethylated	TP53 Regulates Transcription Of Genes Involved In G1 Cell Cycle Arrest R-HSA-6804116	14	204	33010	0		1.0	1.0
Reactome	hypomethylated	TP53 Regulates Transcription Of Genes Involved In G2 Cell Cycle Arrest R-HSA-6804114	18	204	33010	0		1.0	1.0
Reactome	hypomethylated	TP53 Regulates Transcription Of Additional Cell Cycle Genes With Uncertain Roles In P53 Pathway R-HSA-6804115	21	204	33010	0		1.0	1.0
Reactome	hypomethylated	TP53 Regulates Transcription Of Additional Cell Death Genes With Uncertain Roles In P53-Dependent Apoptosis R-HSA-6803205	14	204	33010	0		1.0	1.0
Reactome	hypomethylated	TRAF3-dependent IRF Activation Pathway R-HSA-918233	13	204	33010	0		1.0	1.0
Reactome	hypomethylated	TRAF6 Mediated IRF7 Activation R-HSA-933541	16	204	33010	0		1.0	1.0
Reactome	hypomethylated	TRAF6 Mediated IRF7 Activation In TLR7/8 Or 9 Signaling R-HSA-975110	7	204	33010	0		1.0	1.0
Reactome	hypomethylated	TRAF6 Mediated NF-kB Activation R-HSA-933542	23	204	33010	0		1.0	1.0
Reactome	hypomethylated	TRAF6 Mediated Induction Of NFkB And MAP Kinases Upon TLR7/8 Or 9 Activation R-HSA-975138	96	204	33010	0		1.0	1.0
Reactome	hypomethylated	TRAF6-mediated Induction Of TAK1 Complex Within TLR4 Complex R-HSA-937072	15	204	33010	0		1.0	1.0
Reactome	hypomethylated	TRIF-mediated Programmed Cell Death R-HSA-2562578	9	204	33010	0		1.0	1.0
Reactome	hypomethylated	TRP Channels R-HSA-3295583	24	204	33010	0		1.0	1.0
Reactome	hypomethylated	TYSND1 Cleaves Peroxisomal Proteins R-HSA-9033500	7	204	33010	0		1.0	1.0
Reactome	hypomethylated	Tachykinin Receptors Bind Tachykinins R-HSA-380095	5	204	33010	0		1.0	1.0
Reactome	hypomethylated	Tandem Pore Domain Potassium Channels R-HSA-1296346	12	204	33010	0		1.0	1.0
Reactome	hypomethylated	Telomere C-strand (Lagging Strand) Synthesis R-HSA-174417	32	204	33010	0		1.0	1.0
Reactome	hypomethylated	Telomere C-strand Synthesis Initiation R-HSA-174430	11	204	33010	0		1.0	1.0
Reactome	hypomethylated	Telomere Extension By Telomerase R-HSA-171319	22	204	33010	0		1.0	1.0
Reactome	hypomethylated	Telomere Maintenance R-HSA-157579	85	204	33010	0		1.0	1.0
Reactome	hypomethylated	Terminal Pathway Of Complement R-HSA-166665	7	204	33010	0		1.0	1.0
Reactome	hypomethylated	Termination Of O-glycan Biosynthesis R-HSA-977068	24	204	33010	0		1.0	1.0
Reactome	hypomethylated	Termination Of Translesion DNA Synthesis R-HSA-5656169	32	204	33010	0		1.0	1.0
Reactome	hypomethylated	Tetrahydrobiopterin (BH4) Synthesis, Recycling, Salvage And Regulation R-HSA-1474151	10	204	33010	0		1.0	1.0
Reactome	hypomethylated	NLRP3 Inflammasome R-HSA-844456	16	204	33010	0		1.0	1.0
Reactome	hypomethylated	Activation Of Arylsulfatases R-HSA-1663150	8	204	33010	0		1.0	1.0
Reactome	hypomethylated	Canonical Retinoid Cycle In Rods (Twilight Vision) R-HSA-2453902	23	204	33010	0		1.0	1.0
Reactome	hypomethylated	Citric Acid (TCA) Cycle And Respiratory Electron Transport R-HSA-1428517	156	204	33010	0		1.0	1.0
Reactome	hypomethylated	Fatty Acid Cycling Model R-HSA-167826	4	204	33010	0		1.0	1.0
Reactome	hypomethylated	Retinoid Cycle In Cones (Daylight Vision) R-HSA-2187335	4	204	33010	0		1.0	1.0
Reactome	hypomethylated	Role Of GTSE1 In G2/M Progression After G2 Checkpoint R-HSA-8852276	58	204	33010	0		1.0	1.0
Reactome	hypomethylated	Role Of Nef In HIV-1 Replication And Disease Pathogenesis R-HSA-164952	26	204	33010	0		1.0	1.0
Reactome	hypomethylated	Thrombin Signaling Thru Proteinase Activated Receptors (PARs) R-HSA-456926	32	204	33010	0		1.0	1.0
Reactome	hypomethylated	Thromboxane Signaling Thru TP Receptor R-HSA-428930	24	204	33010	0		1.0	1.0
Reactome	hypomethylated	Thyroxine Biosynthesis R-HSA-209968	10	204	33010	0		1.0	1.0
Reactome	hypomethylated	Tie2 Signaling R-HSA-210993	17	204	33010	0		1.0	1.0
Reactome	hypomethylated	Toll Like Receptor 3 (TLR3) Cascade R-HSA-168164	99	204	33010	0		1.0	1.0
Reactome	hypomethylated	Toll Like Receptor 4 (TLR4) Cascade R-HSA-166016	135	204	33010	0		1.0	1.0
Reactome	hypomethylated	Toll Like Receptor 7/8 (TLR7/8) Cascade R-HSA-168181	97	204	33010	0		1.0	1.0
Reactome	hypomethylated	Toll Like Receptor 9 (TLR9) Cascade R-HSA-168138	101	204	33010	0		1.0	1.0
Reactome	hypomethylated	Toll-like Receptor Cascades R-HSA-168898	155	204	33010	0		1.0	1.0
Reactome	hypomethylated	Toxicity Of Botulinum Toxin Type D (botD) R-HSA-5250955	5	204	33010	0		1.0	1.0
Reactome	hypomethylated	Toxicity Of Botulinum Toxin Type F (botF) R-HSA-5250981	5	204	33010	0		1.0	1.0
Reactome	hypomethylated	Trafficking And Processing Of Endosomal TLR R-HSA-1679131	11	204	33010	0		1.0	1.0
Reactome	hypomethylated	Transcription Of E2F Targets Under Negative Control By DREAM Complex R-HSA-1362277	19	204	33010	0		1.0	1.0
Reactome	hypomethylated	Transcription Of E2F Targets Under Negative Control By P107 (RBL1) And P130 (RBL2) In Complex With HDAC1 R-HSA-1362300	16	204	33010	0		1.0	1.0
Reactome	hypomethylated	Transcription Of HIV Genome R-HSA-167172	65	204	33010	0		1.0	1.0
Reactome	hypomethylated	Transcriptional Regulation By E2F6 R-HSA-8953750	32	204	33010	0		1.0	1.0
Reactome	hypomethylated	Transcriptional Regulation By RUNX1 R-HSA-8878171	196	204	33010	0		1.0	1.0
Reactome	hypomethylated	Transcriptional Regulation By RUNX2 R-HSA-8878166	115	204	33010	0		1.0	1.0
Reactome	hypomethylated	Transcriptional Regulation By Small RNAs R-HSA-5578749	71	204	33010	0		1.0	1.0
Reactome	hypomethylated	Transcriptional Regulation Of Granulopoiesis R-HSA-9616222	54	204	33010	0		1.0	1.0
Reactome	hypomethylated	Transcriptional Regulation Of Pluripotent Stem Cells R-HSA-452723	28	204	33010	0		1.0	1.0
Reactome	hypomethylated	Transcriptional Regulation Of Testis Differentiation R-HSA-9690406	12	204	33010	0		1.0	1.0
Reactome	hypomethylated	Transferrin Endocytosis And Recycling R-HSA-917977	30	204	33010	0		1.0	1.0
Reactome	hypomethylated	Translation Of Replicase And Assembly Of Replication Transcription Complex R-HSA-9679504	12	204	33010	0		1.0	1.0
Reactome	hypomethylated	Translesion Synthesis By POLH R-HSA-110320	19	204	33010	0		1.0	1.0
Reactome	hypomethylated	Translesion Synthesis By POLI R-HSA-5656121	17	204	33010	0		1.0	1.0
Reactome	hypomethylated	Translesion Synthesis By POLK R-HSA-5655862	17	204	33010	0		1.0	1.0
Reactome	hypomethylated	Translesion Synthesis By REV1 R-HSA-110312	16	204	33010	0		1.0	1.0
Reactome	hypomethylated	Translesion Synthesis By Y Family DNA Polymerases Bypasses Lesions On DNA Template R-HSA-110313	39	204	33010	0		1.0	1.0
Reactome	hypomethylated	Translocation Of SLC2A4 (GLUT4) To Plasma Membrane R-HSA-1445148	51	204	33010	0		1.0	1.0
Reactome	hypomethylated	Translocation Of ZAP-70 To Immunological Synapse R-HSA-202430	13	204	33010	0		1.0	1.0
Reactome	hypomethylated	Transport And Synthesis Of PAPS R-HSA-174362	6	204	33010	0		1.0	1.0
Reactome	hypomethylated	Transport Of Mature mRNA Derived From An Intronless Transcript R-HSA-159231	42	204	33010	0		1.0	1.0
Reactome	hypomethylated	Transport Of Mature mRNAs Derived From Intronless Transcripts R-HSA-159234	43	204	33010	0		1.0	1.0
Reactome	hypomethylated	Transport Of RCbl Within Body R-HSA-9758890	8	204	33010	0		1.0	1.0
Reactome	hypomethylated	Transport Of Ribonucleoproteins Into Host Nucleus R-HSA-168271	35	204	33010	0		1.0	1.0
Reactome	hypomethylated	Transport Of Bile Salts And Organic Acids, Metal Ions And Amine Compounds R-HSA-425366	84	204	33010	0		1.0	1.0
Reactome	hypomethylated	Transport Of Fatty Acids R-HSA-804914	8	204	33010	0		1.0	1.0
Reactome	hypomethylated	Transport Of Gamma-Carboxylated Protein Precursors From Endoplasmic Reticulum To Golgi Apparatus R-HSA-159763	7	204	33010	0		1.0	1.0
Reactome	hypomethylated	Transport Of Inorganic Cations/Anions And Amino Acids/Oligopeptides R-HSA-425393	100	204	33010	0		1.0	1.0
Reactome	hypomethylated	Transport Of Nucleosides And Free Purine And Pyrimidine Bases Across Plasma Membrane R-HSA-83936	10	204	33010	0		1.0	1.0
Reactome	hypomethylated	Transport Of Nucleotide Sugars R-HSA-727802	8	204	33010	0		1.0	1.0
Reactome	hypomethylated	Transport Of Organic Anions R-HSA-879518	10	204	33010	0		1.0	1.0
Reactome	hypomethylated	Transport Of SLBP Dependant Mature mRNA R-HSA-159230	36	204	33010	0		1.0	1.0
Reactome	hypomethylated	Transport Of SLBP Independent Mature mRNA R-HSA-159227	35	204	33010	0		1.0	1.0
Reactome	hypomethylated	Transport Of Vitamins, Nucleosides, And Related Molecules R-HSA-425397	38	204	33010	0		1.0	1.0
Reactome	hypomethylated	Triglyceride Biosynthesis R-HSA-75109	11	204	33010	0		1.0	1.0
Reactome	hypomethylated	Triglyceride Catabolism R-HSA-163560	21	204	33010	0		1.0	1.0
Reactome	hypomethylated	Triglyceride Metabolism R-HSA-8979227	32	204	33010	0		1.0	1.0
Reactome	hypomethylated	Tristetraprolin (TTP, ZFP36) Binds And Destabilizes mRNA R-HSA-450513	17	204	33010	0		1.0	1.0
Reactome	hypomethylated	Tryptophan Catabolism R-HSA-71240	14	204	33010	0		1.0	1.0
Reactome	hypomethylated	Type I Hemidesmosome Assembly R-HSA-446107	9	204	33010	0		1.0	1.0
Reactome	hypomethylated	Tyrosine Catabolism R-HSA-8963684	5	204	33010	0		1.0	1.0
Reactome	hypomethylated	UCH Proteinases R-HSA-5689603	90	204	33010	0		1.0	1.0
Reactome	hypomethylated	Ub-specific Processing Proteases R-HSA-5689880	171	204	33010	0		1.0	1.0
Reactome	hypomethylated	Ubiquitin Mediated Degradation Of Phosphorylated Cdc25A R-HSA-69601	50	204	33010	0		1.0	1.0
Reactome	hypomethylated	Ubiquitin-dependent Degradation Of Cyclin D R-HSA-75815	50	204	33010	0		1.0	1.0
Reactome	hypomethylated	Unfolded Protein Response (UPR) R-HSA-381119	85	204	33010	0		1.0	1.0
Reactome	hypomethylated	Unwinding Of DNA R-HSA-176974	11	204	33010	0		1.0	1.0
Reactome	hypomethylated	Uptake And Function Of Anthrax Toxins R-HSA-5210891	11	204	33010	0		1.0	1.0
Reactome	hypomethylated	Uptake And Function Of Diphtheria Toxin R-HSA-5336415	6	204	33010	0		1.0	1.0
Reactome	hypomethylated	Uptake Of Dietary Cobalamins Into Enterocytes R-HSA-9758881	10	204	33010	0		1.0	1.0
Reactome	hypomethylated	Urea Cycle R-HSA-70635	8	204	33010	0		1.0	1.0
Reactome	hypomethylated	VEGF Binds To VEGFR Leading To Receptor Dimerization R-HSA-195399	7	204	33010	0		1.0	1.0
Reactome	hypomethylated	VEGFA-VEGFR2 Pathway R-HSA-4420097	91	204	33010	0		1.0	1.0
Reactome	hypomethylated	VEGFR2 Mediated Cell Proliferation R-HSA-5218921	18	204	33010	0		1.0	1.0
Reactome	hypomethylated	VEGFR2 Mediated Vascular Permeability R-HSA-5218920	27	204	33010	0		1.0	1.0
Reactome	hypomethylated	VLDL Clearance R-HSA-8964046	5	204	33010	0		1.0	1.0
Reactome	hypomethylated	VLDLR Internalisation And Degradation R-HSA-8866427	16	204	33010	0		1.0	1.0
Reactome	hypomethylated	Vasopressin Regulates Renal Water Homeostasis Via Aquaporins R-HSA-432040	41	204	33010	0		1.0	1.0
Reactome	hypomethylated	Vasopressin-like Receptors R-HSA-388479	5	204	33010	0		1.0	1.0
Reactome	hypomethylated	Vif-mediated Degradation Of APOBEC3G R-HSA-180585	52	204	33010	0		1.0	1.0
Reactome	hypomethylated	Viral Messenger RNA Synthesis R-HSA-168325	47	204	33010	0		1.0	1.0
Reactome	hypomethylated	Virus Assembly And Release R-HSA-168268	5	204	33010	0		1.0	1.0
Reactome	hypomethylated	Vitamin B1 (Thiamin) Metabolism R-HSA-196819	5	204	33010	0		1.0	1.0
Reactome	hypomethylated	Vitamin B2 (Riboflavin) Metabolism R-HSA-196843	7	204	33010	0		1.0	1.0
Reactome	hypomethylated	Vitamin B5 (Pantothenate) Metabolism R-HSA-199220	16	204	33010	0		1.0	1.0
Reactome	hypomethylated	Vitamin C (Ascorbate) Metabolism R-HSA-196836	7	204	33010	0		1.0	1.0
Reactome	hypomethylated	Vitamin D (Calciferol) Metabolism R-HSA-196791	12	204	33010	0		1.0	1.0
Reactome	hypomethylated	Vitamins R-HSA-211916	6	204	33010	0		1.0	1.0
Reactome	hypomethylated	Voltage Gated Potassium Channels R-HSA-1296072	42	204	33010	0		1.0	1.0
Reactome	hypomethylated	Vpr-mediated Nuclear Import Of PICs R-HSA-180910	35	204	33010	0		1.0	1.0
Reactome	hypomethylated	Vpu Mediated Degradation Of CD4 R-HSA-180534	50	204	33010	0		1.0	1.0
Reactome	hypomethylated	VxPx Cargo-Targeting To Cilium R-HSA-5620916	20	204	33010	0		1.0	1.0
Reactome	hypomethylated	WNT Ligand Biogenesis And Trafficking R-HSA-3238698	25	204	33010	0		1.0	1.0
Reactome	hypomethylated	WNT Mediated Activation Of DVL R-HSA-201688	6	204	33010	0		1.0	1.0
Reactome	hypomethylated	WNT5A-dependent Internalization Of FZD2, FZD5 And ROR2 R-HSA-5140745	11	204	33010	0		1.0	1.0
Reactome	hypomethylated	WNT5A-dependent Internalization Of FZD4 R-HSA-5099900	15	204	33010	0		1.0	1.0
Reactome	hypomethylated	Wax And Plasmalogen Biosynthesis R-HSA-8848584	5	204	33010	0		1.0	1.0
Reactome	hypomethylated	XBP1(S) Activates Chaperone Genes R-HSA-381038	45	204	33010	0		1.0	1.0
Reactome	hypomethylated	Xenobiotics R-HSA-211981	20	204	33010	0		1.0	1.0
Reactome	hypomethylated	YAP1- And WWTR1 (TAZ)-stimulated Gene Expression R-HSA-2032785	15	204	33010	0		1.0	1.0
Reactome	hypomethylated	ZBP1(DAI) Mediated Induction Of Type I IFNs R-HSA-1606322	20	204	33010	0		1.0	1.0
Reactome	hypomethylated	Zinc Efflux And Compartmentalization By SLC30 Family R-HSA-435368	7	204	33010	0		1.0	1.0
Reactome	hypomethylated	Zinc Influx Into Cells By SLC39 Gene Family R-HSA-442380	10	204	33010	0		1.0	1.0
Reactome	hypomethylated	Zinc Transporters R-HSA-435354	17	204	33010	0		1.0	1.0
Reactome	hypomethylated	Activated TAK1 Mediates P38 MAPK Activation R-HSA-450302	16	204	33010	0		1.0	1.0
Reactome	hypomethylated	Alpha-Linolenic (Omega3) And Linoleic (Omega6) Acid Metabolism R-HSA-2046104	12	204	33010	0		1.0	1.0
Reactome	hypomethylated	eNOS Activation R-HSA-203615	11	204	33010	0		1.0	1.0
Reactome	hypomethylated	mRNA Capping R-HSA-72086	28	204	33010	0		1.0	1.0
Reactome	hypomethylated	mRNA Editing R-HSA-75072	8	204	33010	0		1.0	1.0
Reactome	hypomethylated	mRNA Decay By 3 To 5 Exoribonuclease R-HSA-429958	13	204	33010	0		1.0	1.0
Reactome	hypomethylated	mRNA Decay By 5 To 3 Exoribonuclease R-HSA-430039	15	204	33010	0		1.0	1.0
Reactome	hypomethylated	mTORC1-mediated Signaling R-HSA-166208	23	204	33010	0		1.0	1.0
Reactome	hypomethylated	Mitochondrial Fatty Acid Beta-Oxidation Of Saturated Fatty Acids R-HSA-77286	11	204	33010	0		1.0	1.0
Reactome	hypomethylated	Mitochondrial Fatty Acid Beta-Oxidation Of Unsaturated Fatty Acids R-HSA-77288	6	204	33010	0		1.0	1.0
Reactome	hypomethylated	p38MAPK Events R-HSA-171007	12	204	33010	0		1.0	1.0
Reactome	hypomethylated	P75 NTR Receptor-Mediated Signaling R-HSA-193704	87	204	33010	0		1.0	1.0
Reactome	hypomethylated	p75NTR Negatively Regulates Cell Cycle Via SC1 R-HSA-193670	6	204	33010	0		1.0	1.0
Reactome	hypomethylated	p75NTR Recruits Signaling Complexes R-HSA-209543	12	204	33010	0		1.0	1.0
Reactome	hypomethylated	p75NTR Regulates Axonogenesis R-HSA-193697	8	204	33010	0		1.0	1.0
Reactome	hypomethylated	p75NTR Signals Via NF-kB R-HSA-193639	15	204	33010	0		1.0	1.0
Reactome	hypomethylated	rRNA Modification In Mitochondrion R-HSA-6793080	6	204	33010	0		1.0	1.0
Reactome	hypomethylated	rRNA Processing In Mitochondrion R-HSA-8868766	9	204	33010	0		1.0	1.0
Reactome	hypomethylated	tRNA Aminoacylation R-HSA-379724	42	204	33010	0		1.0	1.0
Reactome	hypomethylated	tRNA Modification In Mitochondrion R-HSA-6787450	8	204	33010	0		1.0	1.0
Reactome	hypomethylated	tRNA Modification In Nucleus And Cytosol R-HSA-6782315	40	204	33010	0		1.0	1.0
Reactome	hypomethylated	tRNA Processing R-HSA-72306	100	204	33010	0		1.0	1.0
Reactome	hypomethylated	tRNA Processing In Mitochondrion R-HSA-6785470	4	204	33010	0		1.0	1.0
Reactome	hypomethylated	tRNA Processing In Nucleus R-HSA-6784531	55	204	33010	0		1.0	1.0
Reactome	hypomethylated	trans-Golgi Network Vesicle Budding R-HSA-199992	66	204	33010	0		1.0	1.0
Reactome	hypomethylated	vRNP Assembly R-HSA-192905	5	204	33010	0		1.0	1.0
