library	direction	term	n_genes	query_size	background_size	overlap_n	overlap_genes	p	adj_p
GO_CC	combined	Neuron Projection (GO:0043005)	524	688	33010	25	CXADR,ELFN1,EPHA10,GABRA1,GHSR,GRIA1,HTR1A,HTR1B,INSRR,KCNC2,KLHL1,NEFM,NPBWR1,NRSN1,NTRK1,PENK,RAB27A,RPH3A,SKOR1,SLC12A5,SLC4A10,SLC6A3,SSTR4,SYT1,TENM3	0.00012779481088188513	0.06057474035801355
GO_CC	combined	AMPA Glutamate Receptor Complex (GO:0032281)	18	688	33010	4	CACNG7,CACNG8,GRIA1,SHISA6	0.00045351354418985795	0.10748270997299633
GO_CC	combined	Postsynaptic Specialization Membrane (GO:0099634)	36	688	33010	5	CACNG7,CACNG8,GRIA1,GRM1,LRRTM2	0.0008558653543010361	0.1352267259795637
GO_CC	combined	Actin-Based Cell Projection (GO:0098858)	80	688	33010	7	ATP6V1B1,CD44,CXADR,DNALI1,EZR,MYO3A,WWOX	0.0014124727420041	0.1671548548970707
GO_CC	combined	Dendrite Membrane (GO:0032590)	26	688	33010	4	GABRA1,GRIA1,KCNC2,SHISA6	0.0019415270658857864	0.1671548548970707
GO_CC	combined	Polymeric Cytoskeletal Fiber (GO:0099513)	249	688	33010	13	CCT5,CCT6A,COTL1,DCDC2C,DST,EZR,FSD1,HCK,KIF28P,MACF1,NEFM,RADIL,TUBB2B	0.002353841867523884	0.1671548548970707
GO_CC	combined	GABA-ergic Synapse (GO:0098982)	14	688	33010	3	CBLN4,LRRTM2,SLITRK1	0.0027639164916760483	0.1671548548970707
GO_CC	combined	Voltage-Gated Calcium Channel Complex (GO:0005891)	48	688	33010	5	CACNA2D2,CACNG7,CACNG8,CATSPERG,SCN1A	0.0031673600864015067	0.1671548548970707
GO_CC	combined	Synaptic Membrane (GO:0097060)	30	688	33010	4	GRIA1,LRRTM2,SHISA6,TMEM240	0.003332552239475551	0.1671548548970707
GO_CC	combined	Nuclear Stress Granule (GO:0097165)	5	688	33010	2	HSF1,RBFOX1	0.0041602658152276005	0.1671548548970707
GO_CC	combined	Ionotropic Glutamate Receptor Complex (GO:0008328)	32	688	33010	4	CACNG7,CACNG8,GRIA1,SHISA6	0.004231768478406853	0.1671548548970707
GO_CC	combined	Postsynaptic Density Membrane (GO:0098839)	32	688	33010	4	CACNG7,CACNG8,GRIA1,GRM1	0.004231768478406853	0.1671548548970707
GO_CC	combined	Microvillus (GO:0005902)	57	688	33010	5	ATP6V1B1,CD44,EZR,SLC38A4,WWOX	0.00664832381559426	0.24240811450705227
GO_CC	combined	Dendrite (GO:0030425)	253	688	33010	12	ELFN1,EPHA10,GABRA1,GRIA1,HTR1A,HTR1B,KCNC2,KLHL1,PENK,RAB27A,SKOR1,SLC4A10	0.007208094081768772	0.2440454710541713
GO_CC	combined	Dendritic Spine Membrane (GO:0032591)	7	688	33010	2	GRIA1,SHISA6	0.008497595448778828	0.268524016181411
GO_CC	combined	Microtubule (GO:0005874)	175	688	33010	9	CCT5,CCT6A,DCDC2C,FSD1,KIF28P,MACF1,PARP4,RADIL,TUBB2B	0.011471849453255007	0.3297411932496488
GO_CC	combined	Nucleus (GO:0005634)	4109	688	33010	106	ALX1,ASIC2,BTBD3,CDK15,CDKN2A,CDX2,CELF4,CFTR,CIDEA,CIRBP,COPS5,CREM,CRYGD,CUX1,DST,DZIP1,EVX1,EVX2,FERD3L,FEZF2,FMN2,FOXA1,FOXA2,FOXC1,FOXE3,GATA3,GATAD2B,GFI1,GON4L,GRHL2,HENMT1,HOXB7,HOXC4,HOXD10,HSF1,JARID2,LHX1,LHX8,LHX9,LINC-PINT,MAML3,MDC1,MEIG1,MYT1L,NEUROD1,NFE2L3,NKAPL,NKX2-1,NKX2-6,NSMCE2,ONECUT2,OTX1,OTX2,PARP1,PARP4,PAX6,PDE4C,PDX1,PHACTR1,POU4F2,PRDM13,PRDM16,PRMT2,RARG,RB1,RBFOX1,RBFOX3,RERE,RPS2,SIX3,SIX6,SKI,SKOR1,SMC4,SOX1,SPAG6,SPHK2,SPRY2,SRSF7,ST18,SUB1,TAL1,TBL1XR1,TBX20,TBXT,TCERG1L,TCF20,TFAP2B,TFAP2D,THRA,TLX1,TMPO,TRH,TRIM15,TUBB2B,VSTM2A,WT1,WWOX,ZBTB16,ZCCHC8,ZCWPW1,ZIC1,ZIC4,ZNF217,ZNF536,ZNF709	0.011826160939333395	0.3297411932496488
GO_CC	combined	Glutamatergic Synapse (GO:0098978)	67	688	33010	5	DLGAP1,DLGAP2,NPTX2,SHISA6,SLITRK1	0.01295385916927233	0.3411182914575047
GO_CC	combined	Catenin Complex (GO:0016342)	28	688	33010	3	CDH9,CTNNA1,PCDHGB4	0.020052798077341588	0.4510160571444493
GO_CC	combined	Microtubule Cytoskeleton (GO:0015630)	326	688	33010	13	CCT5,CCT6A,CSPP1,DCDC2C,DST,FSD1,KIF28P,MACF1,NAV1,RADIL,SPAG6,SPRY2,TUBB2B	0.0201887350630601	0.4510160571444493
GO_CC	combined	Exocytic Vesicle Membrane (GO:0099501)	50	688	33010	4	PTPRN2,RPH3A,SYNGR2,SYT1	0.020220823814165744	0.4510160571444493
GO_CC	combined	Synaptic Vesicle Membrane (GO:0030672)	51	688	33010	4	PTPRN2,RPH3A,SYNGR2,SYT1	0.021590323774968553	0.4510160571444493
GO_CC	combined	Intracellular Membrane-Bounded Organelle (GO:0043231)	4741	688	33010	118	ALX1,ASIC2,ATP11A,BCL9,BTBD3,CDK15,CDKN2A,CDX2,CELF4,CFTR,CIDEA,CIRBP,COPS5,CREM,CRYGD,CTNNA1,CUX1,CYP27C1,DST,DZIP1,EVX1,EVX2,FERD3L,FEZF2,FMN2,FOXA1,FOXA2,FOXC1,FOXE3,GATA3,GATAD2B,GFI1,GON4L,GRHL2,HCK,HENMT1,HLA-DPA1,HOXA2,HOXB7,HOXC4,HOXD10,HSF1,JARID2,L1TD1,LHX1,LHX8,LHX9,LINC-PINT,MAML3,MDC1,MEIG1,MYT1L,NEUROD1,NFE2L3,NKAPL,NKX2-1,NKX2-6,NSMCE2,ONECUT2,OSBPL5,OTX1,OTX2,PARP1,PARP4,PAX6,PDE4C,PDX1,PHACTR1,PMEPA1,POU4F2,PRDM13,PRDM16,PRMT2,RARG,RB1,RBFOX1,RBFOX3,RERE,RFX1,RPS2,SIX3,SIX6,SKI,SKOR1,SMC4,SOX1,SPAG6,SPHK2,SPRY2,SRSF7,ST18,SUB1,TAL1,TBL1XR1,TBX20,TBXT,TCERG1L,TCF20,TFAP2B,TFAP2D,THRA,TLX1,TMPO,TRH,TRIM15,TUBB2B,VSTM2A,WT1,WWOX,ZBTB16,ZCCHC8,ZCWPW1,ZIC1,ZIC4,ZNF217,ZNF536,ZNF709,ZNRF2	0.021884745388865683	0.4510160571444493
GO_CC	combined	Filopodium (GO:0030175)	55	688	33010	4	CXADR,DNALI1,EZR,MYO3A	0.027626650679716733	0.5456263509244055
GO_CC	combined	Platelet Dense Granule Lumen (GO:0031089)	13	688	33010	2	RARRES2,SELENOP	0.02906003418511519	0.5509782481497839
GO_CC	combined	Calcium Channel Complex (GO:0034704)	57	688	33010	4	CACNA2D2,CACNG7,CACNG8,SCN1A	0.030985108565328035	0.5648823638448265
GO_CC	combined	Cortical Cytoskeleton (GO:0030863)	61	688	33010	4	AKAP13,COTL1,EZR,RIMS3	0.038392744320418906	0.6740059558473541
GO_CC	combined	Asymmetric, Glutamatergic, Excitatory Synapse (GO:0098985)	2	688	33010	1	SHISA6	0.041250560317842314	0.6983130568091876
GO_CC	combined	Dense Core Granule (GO:0031045)	16	688	33010	2	NPY,SYT1	0.04291326617797359	0.7014099368399822
GO_CC	combined	Cytoplasmic Vesicle Membrane (GO:0030659)	367	688	33010	13	ANTXR2,CACNG8,CD44,CD58,CFTR,FMN2,GRIA1,HLA-DPA1,NTRK1,PMEPA1,PTPRN2,SYCN,ZNRF2	0.045596035601315234	0.7204173625007807
GO_CC	combined	Connexin Complex (GO:0005922)	17	688	33010	2	GJA3,GJB2	0.047977843029760665	0.7335966966485985
GO_CC	combined	Basolateral Plasma Membrane (GO:0016323)	163	688	33010	7	AJAP1,ATP6V1B1,CD44,CXADR,EZR,KCNC2,SLC4A10	0.05524776512062	0.8183575208491837
GO_CC	combined	Excitatory Synapse (GO:0060076)	19	688	33010	2	ELFN1,SHISA6	0.05871024459371923	0.8184898805124387
GO_CC	combined	Platelet Dense Granule (GO:0042827)	19	688	33010	2	RARRES2,SELENOP	0.05871024459371923	0.8184898805124387
GO_CC	combined	Gap Junction (GO:0005921)	20	688	33010	2	GJA3,GJB2	0.06435701876229387	0.8715779112379227
GO_CC	combined	Clathrin-Coated Endocytic Vesicle (GO:0045334)	76	688	33010	4	CFTR,HLA-DPA1,SFTA3,SYT1	0.0743658963534253	0.9791509686534332
GO_CC	combined	Adherens Junction (GO:0005912)	142	688	33010	6	AJAP1,CDH9,CTNNA1,CXADR,EZR,PCDHGB4	0.077356006625517	0.9843518733521343
GO_CC	combined	Intracellular Cyclic Nucleotide Activated Cation Channel Complex (GO:0017071)	4	688	33010	1	CNGA3	0.08080188303309475	0.9843518733521343
GO_CC	combined	Postsynaptic Density (GO:0014069)	144	688	33010	6	CACNG7,CACNG8,GRIA1,GRM1,SHISA6,SRGAP3	0.08147667502391456	0.9843518733521343
GO_CC	combined	Potassium Channel Complex (GO:0034705)	79	688	33010	4	ABCC9,DPP6,KCNC2,KCNQ4	0.08306766863731091	0.9843518733521343
GO_CC	combined	ER To Golgi Transport Vesicle Membrane (GO:0012507)	52	688	33010	3	GRIA1,HLA-DPA1,SAR1A	0.0942599382338796	1.0
GO_CC	combined	Hrd1p Ubiquitin Ligase ERAD-L Complex (GO:0000839)	5	688	33010	1	SEL1L	0.09996228733756156	1.0
GO_CC	combined	Apicolateral Plasma Membrane (GO:0016327)	5	688	33010	1	CXADR	0.09996228733756156	1.0
GO_CC	combined	Neuronal Dense Core Vesicle (GO:0098992)	5	688	33010	1	NPY	0.09996228733756156	1.0
GO_CC	combined	Condensed Nuclear Chromosome (GO:0000794)	26	688	33010	2	IHO1,SMC4	0.10155618294432663	1.0
GO_CC	combined	Sperm Flagellum (GO:0036126)	55	688	33010	3	CCDC181,DCDC2C,DNALI1	0.1070368151732066	1.0
GO_CC	combined	Acrosomal Vesicle (GO:0001669)	56	688	33010	3	CXADR,PPFIA3,SPAG6	0.11143829920066245	1.0
GO_CC	combined	Transport Vesicle Membrane (GO:0030658)	56	688	33010	3	GRIA1,HLA-DPA1,SYT1	0.11143829920066245	1.0
GO_CC	combined	G Protein-Coupled Receptor Dimeric Complex (GO:0038037)	6	688	33010	1	GRM1	0.11872386728944027	1.0
GO_CC	combined	Chloride Channel Complex (GO:0034707)	6	688	33010	1	OSTM1	0.11872386728944027	1.0
GO_CC	combined	Flotillin Complex (GO:0016600)	6	688	33010	1	SLC6A3	0.11872386728944027	1.0
GO_CC	combined	Hemidesmosome (GO:0030056)	6	688	33010	1	DST	0.11872386728944027	1.0
GO_CC	combined	Condensed Chromosome (GO:0000793)	58	688	33010	3	IHO1,NSMCE2,SMC4	0.12044378488824674	1.0
GO_CC	combined	Membrane Raft (GO:0045121)	162	688	33010	6	CXADR,EZR,GHSR,S100A10,SLC6A3,TNFRSF10A	0.12384407029539882	1.0
GO_CC	combined	Clathrin-Coated Endocytic Vesicle Membrane (GO:0030669)	60	688	33010	3	CFTR,HLA-DPA1,SYT1	0.12970661078162057	1.0
GO_CC	combined	Cell-Cell Junction (GO:0005911)	281	688	33010	9	AJAP1,CDH9,CLDN4,CTNNA1,CXADR,EZR,GJB2,GRHL2,PCDHGB4	0.1351855647914472	1.0
GO_CC	combined	Hrd1p Ubiquitin Ligase Complex (GO:0000836)	7	688	33010	1	SEL1L	0.13709491259621714	1.0
GO_CC	combined	Clathrin-Sculpted Gamma-Aminobutyric Acid Transport Vesicle (GO:0061200)	7	688	33010	1	SYT1	0.13709491259621714	1.0
GO_CC	combined	Clathrin-Sculpted Gamma-Aminobutyric Acid Transport Vesicle Membrane (GO:0061202)	7	688	33010	1	SYT1	0.13709491259621714	1.0
GO_CC	combined	Cytoskeleton Of Presynaptic Active Zone (GO:0048788)	7	688	33010	1	RIMS3	0.13709491259621714	1.0
GO_CC	combined	9+2 Motile Cilium (GO:0097729)	64	688	33010	3	CCDC181,DCDC2C,DNALI1	0.14894295925652076	1.0
GO_CC	combined	Actin Filament (GO:0005884)	64	688	33010	3	COTL1,EZR,HCK	0.14894295925652076	1.0
GO_CC	combined	Smc5-Smc6 Complex (GO:0030915)	8	688	33010	1	NSMCE2	0.1550835409067891	1.0
GO_CC	combined	Perineuronal Net (GO:0072534)	8	688	33010	1	TNR	0.1550835409067891	1.0
GO_CC	combined	Intermediate Filament (GO:0005882)	68	688	33010	3	DST,MACF1,NEFM	0.1690246039279573	1.0
GO_CC	combined	Perisynaptic Extracellular Matrix (GO:0098966)	9	688	33010	1	TNR	0.1726977013775523	1.0
GO_CC	combined	Cytoplasmic Stress Granule (GO:0010494)	71	688	33010	3	CIRBP,RBFOX1,ZFAND1	0.18456734238914663	1.0
GO_CC	combined	Voltage-Gated Potassium Channel Complex (GO:0008076)	71	688	33010	3	DPP6,KCNC2,KCNQ4	0.18456734238914663	1.0
GO_CC	combined	Proton-Transporting V-type ATPase, V1 Domain (GO:0033180)	10	688	33010	1	ATP6V1B1	0.18994517816468734	1.0
GO_CC	combined	Vacuolar Proton-Transporting V-type ATPase, V1 Domain (GO:0000221)	10	688	33010	1	ATP6V1B1	0.18994517816468734	1.0
GO_CC	combined	Endocytic Vesicle Membrane (GO:0030666)	148	688	33010	5	CACNG8,CFTR,GRIA1,HLA-DPA1,SYT1	0.1971096528189924	1.0
GO_CC	combined	Actin Cytoskeleton (GO:0015629)	313	688	33010	9	AKAP13,CAPZB,COTL1,EZR,FMN2,HCK,MACF1,ONECUT2,SPRY2	0.20851002604746682	1.0
GO_CC	combined	Cortical Actin Cytoskeleton (GO:0030864)	42	688	33010	2	AKAP13,COTL1	0.21798813979722	1.0
GO_CC	combined	MHC Class II Protein Complex (GO:0042613)	12	688	33010	1	HLA-DPA1	0.2233704127609549	1.0
GO_CC	combined	SUMO Ligase Complex (GO:0106068)	12	688	33010	1	NSMCE2	0.2233704127609549	1.0
GO_CC	combined	Intermediate Filament Cytoskeleton (GO:0045111)	79	688	33010	3	DST,MACF1,NEFM	0.22762580370029548	1.0
GO_CC	combined	Axon (GO:0030424)	197	688	33010	6	INSRR,KCNC2,NEFM,NTRK1,SLC6A3,SYT1	0.22966832066436144	1.0
GO_CC	combined	CatSper Complex (GO:0036128)	13	688	33010	1	CATSPERG	0.23956294430894157	1.0
GO_CC	combined	Chitosome (GO:0045009)	13	688	33010	1	RAB27A	0.23956294430894157	1.0
GO_CC	combined	Exocytic Vesicle (GO:0070382)	13	688	33010	1	RAB27A	0.23956294430894157	1.0
GO_CC	combined	Lamellar Body (GO:0042599)	13	688	33010	1	SFTA3	0.23956294430894157	1.0
GO_CC	combined	Melanosome Membrane (GO:0033162)	13	688	33010	1	RAB27A	0.23956294430894157	1.0
GO_CC	combined	Microvillus Membrane (GO:0031528)	13	688	33010	1	SLC38A4	0.23956294430894157	1.0
GO_CC	combined	Pigment Granule Membrane (GO:0090741)	13	688	33010	1	RAB27A	0.23956294430894157	1.0
GO_CC	combined	Secretory Vesicle (GO:0099503)	13	688	33010	1	RAB27A	0.23956294430894157	1.0
GO_CC	combined	Cell-Cell Contact Zone (GO:0044291)	45	688	33010	2	AJAP1,CXADR	0.24113314674787972	1.0
GO_CC	combined	Clathrin-Coated Vesicle Membrane (GO:0030665)	82	688	33010	3	CFTR,HLA-DPA1,SYT1	0.2442403258243942	1.0
GO_CC	combined	Heterochromatin (GO:0000792)	46	688	33010	2	CDKN2A,FOXC1	0.24887584022252182	1.0
GO_CC	combined	Multivesicular Body (GO:0005771)	46	688	33010	2	CST7,RAB27A	0.24887584022252182	1.0
GO_CC	combined	Spindle (GO:0005819)	203	688	33010	6	CSPP1,PARP4,TAF1D,TBL1XR1,TUBB2B,WRAP73	0.2501799746463197	1.0
GO_CC	combined	Germ Plasm (GO:0060293)	14	688	33010	1	HENMT1	0.25541834614290976	1.0
GO_CC	combined	Asymmetric Synapse (GO:0032279)	125	688	33010	4	CACNG8,GRIA1,SHISA6,SRGAP3	0.26405295148118935	1.0
GO_CC	combined	COPII Vesicle Coat (GO:0030127)	15	688	33010	1	SAR1A	0.2709436273240733	1.0
GO_CC	combined	Cation-Transporting ATPase Complex (GO:0090533)	15	688	33010	1	ABCC9	0.2709436273240733	1.0
GO_CC	combined	Mitochondrial Respiratory Chain Complex IV (GO:0005751)	15	688	33010	1	COX4I2	0.2709436273240733	1.0
GO_CC	combined	Lytic Vacuole (GO:0000323)	209	688	33010	6	CD1D,CST7,HCK,MFSD1,RAB27A,RNASET2	0.27118151577119626	1.0
GO_CC	combined	Lysosome (GO:0005764)	472	688	33010	12	ATP11A,CD1D,CFTR,CST7,GPR137B,HCK,HLA-DPA1,MFSD1,OSTM1,RAB27A,RNASET2,SPHK2	0.2825565068960407	1.0
GO_CC	combined	Coated Vesicle Membrane (GO:0030662)	51	688	33010	2	GRIA1,HLA-DPA1	0.287628473502149	1.0
GO_CC	combined	Protein Kinase Complex (GO:1902911)	17	688	33010	1	INSRR	0.30103113942365006	1.0
GO_CC	combined	Respiratory Chain Complex IV (GO:0045277)	17	688	33010	1	COX4I2	0.30103113942365006	1.0
GO_CC	combined	Ficolin-1-Rich Granule (GO:0101002)	177	688	33010	5	ALOX5,CD58,COTL1,MMP9,PTPRN2	0.3098531120721138	1.0
GO_CC	combined	Collagen-Containing Extracellular Matrix (GO:0062023)	351	688	33010	9	CBLN4,CLEC14A,COL11A1,DST,MMP9,MXRA7,RARRES2,S100A10,TNR	0.3113820836891478	1.0
GO_CC	combined	MHC Protein Complex (GO:0042611)	18	688	33010	1	HLA-DPA1	0.3156066729027675	1.0
GO_CC	combined	Mitotic Spindle (GO:0072686)	137	688	33010	4	TAF1D,TBL1XR1,TUBB2B,WRAP73	0.3199766196611839	1.0
GO_CC	combined	Endocytic Vesicle (GO:0030139)	181	688	33010	5	CACNG8,GRIA1,HLA-DPA1,SFTA3,SRGAP3	0.3261928496414068	1.0
GO_CC	combined	Multivesicular Body Membrane (GO:0032585)	19	688	33010	1	RAB27A	0.3298786966977147	1.0
GO_CC	combined	Ficolin-1-Rich Granule Membrane (GO:0101003)	57	688	33010	2	CD58,PTPRN2	0.3337946933781026	1.0
GO_CC	combined	Proton-Transporting V-type ATPase Complex (GO:0033176)	20	688	33010	1	ATP6V1B1	0.3438535218522104	1.0
GO_CC	combined	P Granule (GO:0043186)	21	688	33010	1	HENMT1	0.3575373283682966	1.0
GO_CC	combined	Caveola (GO:0005901)	61	688	33010	2	HCK,SLC6A3	0.3640984936109223	1.0
GO_CC	combined	Recycling Endosome (GO:0055037)	147	688	33010	4	ATP11A,ATP13A3,CFTR,GRIA1	0.3672230021532228	1.0
GO_CC	combined	Early Endosome Membrane (GO:0031901)	104	688	33010	3	ATP13A3,GRIA1,PMEPA1	0.36911292664377443	1.0
GO_CC	combined	Pigment Granule (GO:0048770)	22	688	33010	1	RAB27A	0.3709361679233793	1.0
GO_CC	combined	U12-type Spliceosomal Complex (GO:0005689)	24	688	33010	1	RBMXL2	0.3969025271466111	1.0
GO_CC	combined	Lumenal Side Of Endoplasmic Reticulum Membrane (GO:0098553)	24	688	33010	1	HLA-DPA1	0.3969025271466111	1.0
GO_CC	combined	Vacuolar Proton-Transporting V-type ATPase Complex (GO:0016471)	24	688	33010	1	ATP6V1B1	0.3969025271466111	1.0
GO_CC	combined	Tertiary Granule (GO:0070820)	154	688	33010	4	ATP11A,CD58,MMP9,PTPRN2	0.40022285936780444	1.0
GO_CC	combined	Recycling Endosome Membrane (GO:0055038)	66	688	33010	2	ATP13A3,GRIA1	0.4012049859361015	1.0
GO_CC	combined	Vesicle Membrane (GO:0012506)	66	688	33010	2	FMN2,ZNRF2	0.4012049859361015	1.0
GO_CC	combined	Motile Cilium (GO:0031514)	68	688	33010	2	CATSPERG,DNALI1	0.4157627076058266	1.0
GO_CC	combined	COPII-coated ER To Golgi Transport Vesicle (GO:0030134)	72	688	33010	2	GRIA1,HLA-DPA1	0.444327678342341	1.0
GO_CC	combined	Lipid Droplet (GO:0005811)	72	688	33010	2	CIDEA,PNPLA1	0.444327678342341	1.0
GO_CC	combined	Melanosome (GO:0042470)	28	688	33010	1	RAB27A	0.4456682831881903	1.0
GO_CC	combined	Cytoplasmic Side Of Plasma Membrane (GO:0009898)	118	688	33010	3	AJAP1,EZR,HCK	0.44717860195541853	1.0
GO_CC	combined	Ficolin-1-Rich Granule Lumen (GO:1904813)	119	688	33010	3	ALOX5,COTL1,MMP9	0.45261908892891706	1.0
GO_CC	combined	SWI/SNF Complex (GO:0016514)	29	688	33010	1	RB1	0.4572315668328001	1.0
GO_CC	combined	Bicellular Tight Junction (GO:0005923)	74	688	33010	2	CLDN4,CXADR	0.4583162232097236	1.0
GO_CC	combined	Intercalated Disc (GO:0014704)	30	688	33010	1	CXADR	0.4685539852561052	1.0
GO_CC	combined	Secretory Granule Membrane (GO:0030667)	266	688	33010	6	ATP11A,CD44,CD58,DEGS1,PTPRN2,SYCN	0.47995242941577226	1.0
GO_CC	combined	Late Endosome Membrane (GO:0031902)	78	688	33010	2	ATP13A3,RAB27A	0.48566663607515237	1.0
GO_CC	combined	Lytic Vacuole Membrane (GO:0098852)	269	688	33010	6	ATP11A,CFTR,GPR137B,HLA-DPA1,OSTM1,SPHK2	0.49074281629038735	1.0
GO_CC	combined	Aggresome (GO:0016235)	33	688	33010	1	PRDM16	0.501125632171006	1.0
GO_CC	combined	Plasma Membrane Raft (GO:0044853)	81	688	33010	2	EZR,HCK	0.5056066664916845	1.0
GO_CC	combined	Monoatomic Ion Channel Complex (GO:0034702)	34	688	33010	1	OSTM1	0.5115336609506507	1.0
GO_CC	combined	Supramolecular Fiber (GO:0099512)	35	688	33010	1	CTPS1	0.5217248557973867	1.0
GO_CC	combined	Cytoskeleton (GO:0005856)	569	688	33010	12	AKAP13,CAPZB,DST,EZR,FMN2,MACF1,NAV1,NEFM,ONECUT2,SPAG6,SPRY2,TUBB2B	0.5241081604502361	1.0
GO_CC	combined	Tight Junction (GO:0070160)	84	688	33010	2	CLDN4,CXADR	0.5250372619068745	1.0
GO_CC	combined	Focal Adhesion (GO:0005925)	377	688	33010	8	CD44,CTNNA1,DST,EZR,HCK,LPP,MDC1,RPS2	0.5289497972993209	1.0
GO_CC	combined	Cytosolic Small Ribosomal Subunit (GO:0022627)	36	688	33010	1	RPS2	0.5317037276461021	1.0
GO_CC	combined	Specific Granule Membrane (GO:0035579)	86	688	33010	2	ATP11A,DEGS1	0.5377016809925128	1.0
GO_CC	combined	Small Ribosomal Subunit (GO:0015935)	37	688	33010	1	RPS2	0.5414746937217825	1.0
GO_CC	combined	Vesicle Coat (GO:0030120)	37	688	33010	1	SAR1A	0.5414746937217825	1.0
GO_CC	combined	Cell-Substrate Junction (GO:0030055)	383	688	33010	8	CD44,CTNNA1,DST,EZR,HCK,LPP,MDC1,RPS2	0.5468441748803745	1.0
GO_CC	combined	Euchromatin (GO:0000791)	38	688	33010	1	TCF23	0.5510420794834482	1.0
GO_CC	combined	Neuromuscular Junction (GO:0031594)	38	688	33010	1	SYNGR2	0.5510420794834482	1.0
GO_CC	combined	Late Endosome (GO:0005770)	188	688	33010	4	ATP13A3,CST7,NTRK1,RAB27A	0.5528583165304877	1.0
GO_CC	combined	Nuclear Chromosome (GO:0000228)	92	688	33010	2	IHO1,SMC4	0.5742776600456532	1.0
GO_CC	combined	Secretory Granule Lumen (GO:0034774)	294	688	33010	6	ALOX5,COTL1,RAB27A,RARRES2,RNASET2,SELENOP	0.5772453157361401	1.0
GO_CC	combined	trans-Golgi Network Membrane (GO:0032588)	94	688	33010	2	CALN1,HLA-DPA1	0.5859917859862234	1.0
GO_CC	combined	Golgi-associated Vesicle (GO:0005798)	42	688	33010	1	CFTR	0.5873592222697096	1.0
GO_CC	combined	Basement Membrane (GO:0005604)	43	688	33010	1	DST	0.5959705076093853	1.0
GO_CC	combined	Apical Junction Complex (GO:0043296)	96	688	33010	2	CLDN4,CXADR	0.597465578525788	1.0
GO_CC	combined	cis-Golgi Network (GO:0005801)	44	688	33010	1	BCL9	0.6044023421944175	1.0
GO_CC	combined	Specific Granule (GO:0042581)	152	688	33010	3	ATP11A,DEGS1,RAB27A	0.6165435839311926	1.0
GO_CC	combined	Endoplasmic reticulum-Golgi Intermediate Compartment Membrane (GO:0033116)	47	688	33010	1	GRIA1	0.628658097530024	1.0
GO_CC	combined	Microbody Lumen (GO:0031907)	49	688	33010	1	PEX7	0.6439977701893062	1.0
GO_CC	combined	Peroxisomal Matrix (GO:0005782)	49	688	33010	1	PEX7	0.6439977701893062	1.0
GO_CC	combined	Cation Channel Complex (GO:0034703)	51	688	33010	1	CNGA3	0.6587046629581559	1.0
GO_CC	combined	Tertiary Granule Lumen (GO:1904724)	51	688	33010	1	MMP9	0.6587046629581559	1.0
GO_CC	combined	Endoplasmic Reticulum Lumen (GO:0005788)	268	688	33010	5	COL11A1,ERAP1,PENK,RNASET2,SPARCL1	0.6592009954978598	1.0
GO_CC	combined	Microbody Membrane (GO:0031903)	53	688	33010	1	PEX7	0.672804842339487	1.0
GO_CC	combined	Peroxisomal Membrane (GO:0005778)	53	688	33010	1	PEX7	0.672804842339487	1.0
GO_CC	combined	Cytoplasmic Vesicle Lumen (GO:0060205)	111	688	33010	2	ALOX5,COTL1	0.6759078743626346	1.0
GO_CC	combined	Endosome Membrane (GO:0010008)	330	688	33010	6	ANTXR2,ATP13A3,CFTR,GRIA1,NTRK1,PMEPA1	0.6872870219384214	1.0
GO_CC	combined	Lysosomal Membrane (GO:0005765)	334	688	33010	6	ATP11A,CFTR,GPR137B,HLA-DPA1,OSTM1,SPHK2	0.6982726168909227	1.0
GO_CC	combined	Specific Granule Lumen (GO:0035580)	58	688	33010	1	RAB27A	0.705562424385852	1.0
GO_CC	combined	Vacuolar Membrane (GO:0005774)	58	688	33010	1	ATP6V1B1	0.705562424385852	1.0
GO_CC	combined	SCF Ubiquitin Ligase Complex (GO:0019005)	59	688	33010	1	DAW1	0.711709943565948	1.0
GO_CC	combined	Early Endosome (GO:0005769)	287	688	33010	5	ATP13A3,CFTR,GRIA1,NTRK1,PMEPA1	0.7164586304277207	1.0
GO_CC	combined	Organelle Envelope Lumen (GO:0031970)	64	688	33010	1	ALOX5	0.7405775256383214	1.0
GO_CC	combined	Spindle Microtubule (GO:0005876)	64	688	33010	1	PARP4	0.7405775256383214	1.0
GO_CC	combined	Cilium (GO:0005929)	241	688	33010	4	CATSPERG,DNALI1,PDE4C,TULP1	0.7421697346408329	1.0
GO_CC	combined	Tertiary Granule Membrane (GO:0070821)	67	688	33010	1	ATP11A	0.7564932612591095	1.0
GO_CC	combined	Mitochondrial Envelope (GO:0005740)	135	688	33010	2	CIDEA,KIF28P	0.7750805882433556	1.0
GO_CC	combined	Extrinsic Component Of Cytoplasmic Side Of Plasma Membrane (GO:0031234)	75	688	33010	1	HCK	0.7943284082349804	1.0
GO_CC	combined	Clathrin-Coated Vesicle (GO:0030136)	76	688	33010	1	SFTA3	0.7986248119129621	1.0
GO_CC	combined	Azurophil Granule Lumen (GO:0035578)	82	688	33010	1	RNASET2	0.8225851578453454	1.0
GO_CC	combined	Bounding Membrane Of Organelle (GO:0098588)	776	688	33010	13	ANTXR2,CACNG8,CD44,CD58,CFTR,CSGALNACT1,GRIA1,HLA-DPA1,NTRK1,PMEPA1,PTPRN2,ST8SIA3,SYCN	0.8240080862583105	1.0
GO_CC	combined	trans-Golgi Network (GO:0005802)	226	688	33010	3	CALN1,HLA-DPA1,RBFOX1	0.8524930022618988	1.0
GO_CC	combined	Phagocytic Vesicle (GO:0045335)	92	688	33010	1	SRGAP3	0.8563604348606307	1.0
GO_CC	combined	cullin-RING Ubiquitin Ligase Complex (GO:0031461)	164	688	33010	2	ANAPC1,DAW1	0.858705277196157	1.0
GO_CC	combined	Cell Projection Membrane (GO:0031253)	100	688	33010	1	SLC38A4	0.8786943269739242	1.0
GO_CC	combined	Nucleolus (GO:0005730)	716	688	33010	11	ADARB2,ASIC2,CPT2,FMN2,LIN28B,NKX2-1,PARP1,RPS2,SUB1,TAF1D,ZCCHC8	0.8829774088559205	1.0
GO_CC	combined	Nuclear Lumen (GO:0031981)	724	688	33010	11	ADARB2,ASIC2,CPT2,FMN2,LIN28B,NKX2-1,PARP1,RPS2,SUB1,TAF1D,ZCCHC8	0.8909752421303889	1.0
GO_CC	combined	Intracellular Non-Membrane-Bounded Organelle (GO:0043232)	1113	688	33010	18	ADARB2,ASIC2,CAPZB,CIDEA,CPT2,CSPP1,FMN2,LIN28B,MACF1,MDC1,NKX2-1,PARP1,PNPLA1,RPS2,SPRY2,SUB1,TAF1D,ZCCHC8	0.8916093975171212	1.0
GO_CC	combined	Peroxisome (GO:0005777)	128	688	33010	1	PEX7	0.9328781911293508	1.0
GO_CC	combined	Nuclear Membrane (GO:0031965)	214	688	33010	2	ALOX5,GRK5	0.9393095334656449	1.0
GO_CC	combined	Mitochondrial Outer Membrane (GO:0005741)	142	688	33010	1	PIGBOS1	0.9500803001273561	1.0
GO_CC	combined	Endoplasmic Reticulum Membrane (GO:0005789)	752	688	33010	10	CFTR,CYP26A1,DEGS1,FMN2,GRIA1,HLA-DPA1,LMF1,PIGB,SEL1L,SFTA3	0.9527589148784165	1.0
GO_CC	combined	Azurophil Granule (GO:0042582)	145	688	33010	1	RNASET2	0.953150020793916	1.0
GO_CC	combined	Vacuolar Lumen (GO:0005775)	147	688	33010	1	RNASET2	0.955091045181612	1.0
GO_CC	combined	Chromosome (GO:0005694)	153	688	33010	1	MDC1	0.960445417851019	1.0
GO_CC	combined	Organelle Outer Membrane (GO:0031968)	158	688	33010	1	PIGBOS1	0.9644170263832772	1.0
GO_CC	combined	Golgi Membrane (GO:0000139)	408	688	33010	4	CSGALNACT1,HLA-DPA1,PMEPA1,ST8SIA3	0.9718402929498892	1.0
GO_CC	combined	Intracellular Organelle Lumen (GO:0070013)	808	688	33010	10	ALOX5,COL11A1,COQ3,COTL1,ERAP1,MMP9,PENK,PPTC7,RNASET2,SPARCL1	0.9741752819055821	1.0
GO_CC	combined	Vesicle (GO:0031982)	225	688	33010	1	EZR	0.9913946566822598	1.0
GO_CC	combined	Mitochondrial Matrix (GO:0005759)	340	688	33010	2	COQ3,PPTC7	0.9937845749827547	1.0
GO_CC	combined	Mitochondrial Membrane (GO:0031966)	507	688	33010	4	COQ3,CPT2,KIF28P,PIGBOS1	0.9938729445094676	1.0
GO_CC	combined	Mitochondrial Inner Membrane (GO:0005743)	349	688	33010	2	COQ3,CPT2	0.9947474029999301	1.0
GO_CC	combined	Organelle Inner Membrane (GO:0019866)	373	688	33010	2	COQ3,CPT2	0.9966560018844703	1.0
GO_CC	combined	9+0 Non-Motile Cilium (GO:0097731)	6	688	33010	0		1.0	1.0
GO_CC	combined	90S Preribosome (GO:0030686)	12	688	33010	0		1.0	1.0
GO_CC	combined	AP-1 Adaptor Complex (GO:0030121)	10	688	33010	0		1.0	1.0
GO_CC	combined	AP-2 Adaptor Complex (GO:0030122)	8	688	33010	0		1.0	1.0
GO_CC	combined	AP-3 Adaptor Complex (GO:0030123)	6	688	33010	0		1.0	1.0
GO_CC	combined	ATAC Complex (GO:0140672)	13	688	33010	0		1.0	1.0
GO_CC	combined	ATP-binding Cassette (ABC) Transporter Complex (GO:0043190)	5	688	33010	0		1.0	1.0
GO_CC	combined	ATPase Dependent Transmembrane Transport Complex (GO:0098533)	6	688	33010	0		1.0	1.0
GO_CC	combined	B-WICH Complex (GO:0110016)	6	688	33010	0		1.0	1.0
GO_CC	combined	BLOC-1 Complex (GO:0031083)	8	688	33010	0		1.0	1.0
GO_CC	combined	CD40 Receptor Complex (GO:0035631)	10	688	33010	0		1.0	1.0
GO_CC	combined	CMG Complex (GO:0071162)	10	688	33010	0		1.0	1.0
GO_CC	combined	COPI Vesicle Coat (GO:0030126)	12	688	33010	0		1.0	1.0
GO_CC	combined	COPI-coated Vesicle (GO:0030137)	6	688	33010	0		1.0	1.0
GO_CC	combined	COPI-coated Vesicle Membrane (GO:0030663)	16	688	33010	0		1.0	1.0
GO_CC	combined	Cdc73/Paf1 Complex (GO:0016593)	4	688	33010	0		1.0	1.0
GO_CC	combined	Cul2-RING Ubiquitin Ligase Complex (GO:0031462)	21	688	33010	0		1.0	1.0
GO_CC	combined	Cul3-RING Ubiquitin Ligase Complex (GO:0031463)	34	688	33010	0		1.0	1.0
GO_CC	combined	Cul4-RING E3 Ubiquitin Ligase Complex (GO:0080008)	30	688	33010	0		1.0	1.0
GO_CC	combined	Cul4A-RING E3 Ubiquitin Ligase Complex (GO:0031464)	11	688	33010	0		1.0	1.0
GO_CC	combined	Cul5-RING Ubiquitin Ligase Complex (GO:0031466)	8	688	33010	0		1.0	1.0
GO_CC	combined	ESC/E(Z) Complex (GO:0035098)	6	688	33010	0		1.0	1.0
GO_CC	combined	GABA-A Receptor Complex (GO:1902711)	15	688	33010	0		1.0	1.0
GO_CC	combined	GBAF Complex (GO:0140288)	13	688	33010	0		1.0	1.0
GO_CC	combined	Golgi Cis Cisterna (GO:0000137)	10	688	33010	0		1.0	1.0
GO_CC	combined	Golgi Cisterna (GO:0031985)	31	688	33010	0		1.0	1.0
GO_CC	combined	Golgi Cisterna Membrane (GO:0032580)	9	688	33010	0		1.0	1.0
GO_CC	combined	Golgi Lumen (GO:0005796)	87	688	33010	0		1.0	1.0
GO_CC	combined	Golgi Medial Cisterna (GO:0005797)	9	688	33010	0		1.0	1.0
GO_CC	combined	Golgi Stack (GO:0005795)	29	688	33010	0		1.0	1.0
GO_CC	combined	Golgi Trans Cisterna (GO:0000138)	7	688	33010	0		1.0	1.0
GO_CC	combined	Golgi-associated Vesicle Membrane (GO:0030660)	21	688	33010	0		1.0	1.0
GO_CC	combined	H3 Histone Acetyltransferase Complex (GO:0070775)	6	688	33010	0		1.0	1.0
GO_CC	combined	H4 Histone Acetyltransferase Complex (GO:1902562)	12	688	33010	0		1.0	1.0
GO_CC	combined	H4/H2A Histone Acetyltransferase Complex (GO:0043189)	24	688	33010	0		1.0	1.0
GO_CC	combined	HFE-transferrin Receptor Complex (GO:1990712)	7	688	33010	0		1.0	1.0
GO_CC	combined	INO80-type Complex (GO:0097346)	25	688	33010	0		1.0	1.0
GO_CC	combined	ISWI-type Complex (GO:0031010)	10	688	33010	0		1.0	1.0
GO_CC	combined	Ino80 Complex (GO:0031011)	14	688	33010	0		1.0	1.0
GO_CC	combined	MHC Class I Protein Complex (GO:0042612)	5	688	33010	0		1.0	1.0
GO_CC	combined	MIB Complex (GO:0140275)	11	688	33010	0		1.0	1.0
GO_CC	combined	MICOS Complex (GO:0061617)	6	688	33010	0		1.0	1.0
GO_CC	combined	MLL1 Complex (GO:0071339)	26	688	33010	0		1.0	1.0
GO_CC	combined	MLL1/2 Complex (GO:0044665)	27	688	33010	0		1.0	1.0
GO_CC	combined	MLL3/4 Complex (GO:0044666)	9	688	33010	0		1.0	1.0
GO_CC	combined	MOZ/MORF Histone Acetyltransferase Complex (GO:0070776)	6	688	33010	0		1.0	1.0
GO_CC	combined	NADPH Oxidase Complex (GO:0043020)	12	688	33010	0		1.0	1.0
GO_CC	combined	NMDA Selective Glutamate Receptor Complex (GO:0017146)	7	688	33010	0		1.0	1.0
GO_CC	combined	NSL Complex (GO:0044545)	9	688	33010	0		1.0	1.0
GO_CC	combined	NURF Complex (GO:0016589)	3	688	33010	0		1.0	1.0
GO_CC	combined	NuA4 Histone Acetyltransferase Complex (GO:0035267)	24	688	33010	0		1.0	1.0
GO_CC	combined	P-body (GO:0000932)	81	688	33010	0		1.0	1.0
GO_CC	combined	PAR Polarity Complex (GO:0120157)	5	688	33010	0		1.0	1.0
GO_CC	combined	PRC1 Complex (GO:0035102)	15	688	33010	0		1.0	1.0
GO_CC	combined	PTW/PP1 Phosphatase Complex (GO:0072357)	6	688	33010	0		1.0	1.0
GO_CC	combined	RISC Complex (GO:0016442)	13	688	33010	0		1.0	1.0
GO_CC	combined	RISC-loading Complex (GO:0070578)	7	688	33010	0		1.0	1.0
GO_CC	combined	RNA N6-methyladenosine Methyltransferase Complex (GO:0036396)	8	688	33010	0		1.0	1.0
GO_CC	combined	RNA Polymerase I Complex (GO:0005736)	12	688	33010	0		1.0	1.0
GO_CC	combined	RNA Polymerase II, Core Complex (GO:0005665)	12	688	33010	0		1.0	1.0
GO_CC	combined	RNA Polymerase III Complex (GO:0005666)	17	688	33010	0		1.0	1.0
GO_CC	combined	RSC-type Complex (GO:0016586)	14	688	33010	0		1.0	1.0
GO_CC	combined	SAGA Complex (GO:0000124)	21	688	33010	0		1.0	1.0
GO_CC	combined	SAGA-type Complex (GO:0070461)	35	688	33010	0		1.0	1.0
GO_CC	combined	SAM Complex (GO:0001401)	11	688	33010	0		1.0	1.0
GO_CC	combined	Set1C/COMPASS Complex (GO:0048188)	11	688	33010	0		1.0	1.0
GO_CC	combined	Sin3 Complex (GO:0016580)	19	688	33010	0		1.0	1.0
GO_CC	combined	Sin3-type Complex (GO:0070822)	19	688	33010	0		1.0	1.0
GO_CC	combined	Swr1 Complex (GO:0000812)	12	688	33010	0		1.0	1.0
GO_CC	combined	T Cell Receptor Complex (GO:0042101)	12	688	33010	0		1.0	1.0
GO_CC	combined	THO Complex Part Of Transcription Export Complex (GO:0000445)	4	688	33010	0		1.0	1.0
GO_CC	combined	TIM22 Mitochondrial Import Inner Membrane Insertion Complex (GO:0042721)	6	688	33010	0		1.0	1.0
GO_CC	combined	TIM23 Mitochondrial Import Inner Membrane Translocase Complex (GO:0005744)	12	688	33010	0		1.0	1.0
GO_CC	combined	TORC2 Complex (GO:0031932)	7	688	33010	0		1.0	1.0
GO_CC	combined	TRAPPII Protein Complex (GO:1990071)	9	688	33010	0		1.0	1.0
GO_CC	combined	TRAPPIII Protein Complex (GO:1990072)	10	688	33010	0		1.0	1.0
GO_CC	combined	U1 snRNP (GO:0005685)	17	688	33010	0		1.0	1.0
GO_CC	combined	U2 snRNP (GO:0005686)	22	688	33010	0		1.0	1.0
GO_CC	combined	U2-type Catalytic Step 1 Spliceosome (GO:0071006)	11	688	33010	0		1.0	1.0
GO_CC	combined	U2-type Catalytic Step 2 Spliceosome (GO:0071007)	29	688	33010	0		1.0	1.0
GO_CC	combined	U2-type Precatalytic Spliceosome (GO:0071005)	47	688	33010	0		1.0	1.0
GO_CC	combined	U2-type Prespliceosome (GO:0071004)	14	688	33010	0		1.0	1.0
GO_CC	combined	U2-type Spliceosomal Complex (GO:0005684)	85	688	33010	0		1.0	1.0
GO_CC	combined	U4 snRNP (GO:0005687)	9	688	33010	0		1.0	1.0
GO_CC	combined	U4/U6 X U5 tri-snRNP Complex (GO:0046540)	35	688	33010	0		1.0	1.0
GO_CC	combined	U5 snRNP (GO:0005682)	18	688	33010	0		1.0	1.0
GO_CC	combined	U6 snRNP (GO:0005688)	7	688	33010	0		1.0	1.0
GO_CC	combined	U7 snRNP (GO:0005683)	6	688	33010	0		1.0	1.0
GO_CC	combined	X Chromosome (GO:0000805)	6	688	33010	0		1.0	1.0
GO_CC	combined	Acetylcholine-Gated Channel Complex (GO:0005892)	13	688	33010	0		1.0	1.0
GO_CC	combined	Acrosomal Membrane (GO:0002080)	14	688	33010	0		1.0	1.0
GO_CC	combined	Activin Receptor Complex (GO:0048179)	5	688	33010	0		1.0	1.0
GO_CC	combined	Alpha-Beta T Cell Receptor Complex (GO:0042105)	6	688	33010	0		1.0	1.0
GO_CC	combined	Alveolar Lamellar Body (GO:0097208)	5	688	33010	0		1.0	1.0
GO_CC	combined	Amphisome (GO:0044753)	11	688	33010	0		1.0	1.0
GO_CC	combined	Amphisome Membrane (GO:1904930)	9	688	33010	0		1.0	1.0
GO_CC	combined	Anaphase-Promoting Complex (GO:0005680)	20	688	33010	0		1.0	1.0
GO_CC	combined	Apical Dendrite (GO:0097440)	9	688	33010	0		1.0	1.0
GO_CC	combined	Astral Microtubule (GO:0000235)	6	688	33010	0		1.0	1.0
GO_CC	combined	Astrocyte Projection (GO:0097449)	7	688	33010	0		1.0	1.0
GO_CC	combined	Autolysosome (GO:0044754)	8	688	33010	0		1.0	1.0
GO_CC	combined	Autophagosome (GO:0005776)	80	688	33010	0		1.0	1.0
GO_CC	combined	Autophagosome Membrane (GO:0000421)	35	688	33010	0		1.0	1.0
GO_CC	combined	Axonal Growth Cone (GO:0044295)	14	688	33010	0		1.0	1.0
GO_CC	combined	Azurophil Granule Membrane (GO:0035577)	55	688	33010	0		1.0	1.0
GO_CC	combined	bBAF Complex (GO:0140092)	9	688	33010	0		1.0	1.0
GO_CC	combined	beta-catenin-TCF Complex (GO:1990907)	12	688	33010	0		1.0	1.0
GO_CC	combined	Box C/D RNP Complex (GO:0031428)	5	688	33010	0		1.0	1.0
GO_CC	combined	Brahma Complex (GO:0035060)	13	688	33010	0		1.0	1.0
GO_CC	combined	Brush Border Membrane (GO:0031526)	39	688	33010	0		1.0	1.0
GO_CC	combined	Chromatoid Body (GO:0033391)	8	688	33010	0		1.0	1.0
GO_CC	combined	Chromocenter (GO:0010369)	5	688	33010	0		1.0	1.0
GO_CC	combined	Chylomicron (GO:0042627)	8	688	33010	0		1.0	1.0
GO_CC	combined	Ciliary Membrane (GO:0060170)	35	688	33010	0		1.0	1.0
GO_CC	combined	cis-Golgi Network Membrane (GO:0033106)	7	688	33010	0		1.0	1.0
GO_CC	combined	Clathrin Adaptor Complex (GO:0030131)	18	688	33010	0		1.0	1.0
GO_CC	combined	Clathrin Coat (GO:0030118)	16	688	33010	0		1.0	1.0
GO_CC	combined	Clathrin Coat Of Coated Pit (GO:0030132)	12	688	33010	0		1.0	1.0
GO_CC	combined	Clathrin Coat Of Endocytic Vesicle (GO:0030128)	8	688	33010	0		1.0	1.0
GO_CC	combined	Clathrin Coat Of trans-Golgi Network Vesicle (GO:0030130)	12	688	33010	0		1.0	1.0
GO_CC	combined	Clathrin Vesicle Coat (GO:0030125)	12	688	33010	0		1.0	1.0
GO_CC	combined	Coated Vesicle (GO:0030135)	77	688	33010	0		1.0	1.0
GO_CC	combined	Condensed Chromosome, Centromeric Region (GO:0000779)	9	688	33010	0		1.0	1.0
GO_CC	combined	Core Mediator Complex (GO:0070847)	22	688	33010	0		1.0	1.0
GO_CC	combined	Cornified Envelope (GO:0001533)	40	688	33010	0		1.0	1.0
GO_CC	combined	Cortical Endoplasmic Reticulum (GO:0032541)	4	688	33010	0		1.0	1.0
GO_CC	combined	Cortical Granule (GO:0060473)	5	688	33010	0		1.0	1.0
GO_CC	combined	Cyclin-Dependent Protein Kinase Holoenzyme Complex (GO:0000307)	37	688	33010	0		1.0	1.0
GO_CC	combined	cyclin/CDK Positive Transcription Elongation Factor Complex (GO:0008024)	5	688	33010	0		1.0	1.0
GO_CC	combined	Cytolytic Granule (GO:0044194)	7	688	33010	0		1.0	1.0
GO_CC	combined	Cytoplasmic Dynein Complex (GO:0005868)	16	688	33010	0		1.0	1.0
GO_CC	combined	Cytoplasmic Side Of Endoplasmic Reticulum Membrane (GO:0098554)	13	688	33010	0		1.0	1.0
GO_CC	combined	Cytoplasmic Side Of Endosome Membrane (GO:0010009)	5	688	33010	0		1.0	1.0
GO_CC	combined	Cytoplasmic Side Of Lysosomal Membrane (GO:0098574)	12	688	33010	0		1.0	1.0
GO_CC	combined	Cytosolic Large Ribosomal Subunit (GO:0022625)	49	688	33010	0		1.0	1.0
GO_CC	combined	Death-Inducing Signaling Complex (GO:0031264)	7	688	33010	0		1.0	1.0
GO_CC	combined	Dendrite Cytoplasm (GO:0032839)	8	688	33010	0		1.0	1.0
GO_CC	combined	Desmosome (GO:0030057)	16	688	33010	0		1.0	1.0
GO_CC	combined	Dihydrolipoyl Dehydrogenase Complex (GO:0045240)	7	688	33010	0		1.0	1.0
GO_CC	combined	Dystroglycan Complex (GO:0016011)	6	688	33010	0		1.0	1.0
GO_CC	combined	Early Phagosome (GO:0032009)	10	688	33010	0		1.0	1.0
GO_CC	combined	Endocytic Vesicle Lumen (GO:0071682)	21	688	33010	0		1.0	1.0
GO_CC	combined	Endolysosome (GO:0036019)	25	688	33010	0		1.0	1.0
GO_CC	combined	Endolysosome Membrane (GO:0036020)	16	688	33010	0		1.0	1.0
GO_CC	combined	Endopeptidase Complex (GO:1905369)	14	688	33010	0		1.0	1.0
GO_CC	combined	Endoplasmic Reticulum Tubular Network (GO:0071782)	25	688	33010	0		1.0	1.0
GO_CC	combined	Endoribonuclease Complex (GO:1902555)	17	688	33010	0		1.0	1.0
GO_CC	combined	Endosome Lumen (GO:0031904)	23	688	33010	0		1.0	1.0
GO_CC	combined	External Side Of Apical Plasma Membrane (GO:0098591)	5	688	33010	0		1.0	1.0
GO_CC	combined	Extracellular Membrane-Bounded Organelle (GO:0065010)	56	688	33010	0		1.0	1.0
GO_CC	combined	Extracellular Vesicle (GO:1903561)	58	688	33010	0		1.0	1.0
GO_CC	combined	Extrinsic Component Of Endoplasmic Reticulum Membrane (GO:0042406)	5	688	33010	0		1.0	1.0
GO_CC	combined	Extrinsic Component Of Endosome Membrane (GO:0031313)	6	688	33010	0		1.0	1.0
GO_CC	combined	Filopodium Membrane (GO:0031527)	10	688	33010	0		1.0	1.0
GO_CC	combined	Gamma-Delta T Cell Receptor Complex (GO:0042106)	2	688	33010	0		1.0	1.0
GO_CC	combined	Glial Cell Projection (GO:0097386)	12	688	33010	0		1.0	1.0
GO_CC	combined	Heterotrimeric G-protein Complex (GO:0005834)	24	688	33010	0		1.0	1.0
GO_CC	combined	High-Density Lipoprotein Particle (GO:0034364)	18	688	33010	0		1.0	1.0
GO_CC	combined	Histone Acetyltransferase Complex (GO:0000123)	24	688	33010	0		1.0	1.0
GO_CC	combined	Inhibitory Synapse (GO:0060077)	5	688	33010	0		1.0	1.0
GO_CC	combined	Insulin-Responsive Compartment (GO:0032593)	5	688	33010	0		1.0	1.0
GO_CC	combined	Intracellular Vesicle (GO:0097708)	11	688	33010	0		1.0	1.0
GO_CC	combined	Junctional Sarcoplasmic Reticulum Membrane (GO:0014701)	8	688	33010	0		1.0	1.0
GO_CC	combined	Keratin Filament (GO:0045095)	38	688	33010	0		1.0	1.0
GO_CC	combined	Kinetochore Microtubule (GO:0005828)	18	688	33010	0		1.0	1.0
GO_CC	combined	Large Ribosomal Subunit (GO:0015934)	49	688	33010	0		1.0	1.0
GO_CC	combined	Late Endosome Lumen (GO:0031906)	6	688	33010	0		1.0	1.0
GO_CC	combined	Low-Density Lipoprotein Particle (GO:0034362)	6	688	33010	0		1.0	1.0
GO_CC	combined	Lysosomal Lumen (GO:0043202)	78	688	33010	0		1.0	1.0
GO_CC	combined	mRNA Cleavage And Polyadenylation Specificity Factor Complex (GO:0005847)	12	688	33010	0		1.0	1.0
GO_CC	combined	Macropinosome (GO:0044354)	6	688	33010	0		1.0	1.0
GO_CC	combined	Membrane Attack Complex (GO:0005579)	6	688	33010	0		1.0	1.0
GO_CC	combined	Microfibril (GO:0001527)	11	688	33010	0		1.0	1.0
GO_CC	combined	Mitochondrial Alpha-Ketoglutarate Dehydrogenase Complex (GO:0005947)	5	688	33010	0		1.0	1.0
GO_CC	combined	Mitochondrial Intermembrane Space (GO:0005758)	58	688	33010	0		1.0	1.0
GO_CC	combined	Mitochondrial Outer Membrane Translocase Complex (GO:0005742)	20	688	33010	0		1.0	1.0
GO_CC	combined	Mitochondrial Proton-Transporting ATP Synthase Complex (GO:0005753)	16	688	33010	0		1.0	1.0
GO_CC	combined	Mitochondrial Proton-Transporting ATP Synthase Complex, Coupling Factor F(o) (GO:0000276)	7	688	33010	0		1.0	1.0
GO_CC	combined	Mitochondrial Respiratory Chain Complex I (GO:0005747)	39	688	33010	0		1.0	1.0
GO_CC	combined	Mitochondrial Respiratory Chain Complex III (GO:0005750)	11	688	33010	0		1.0	1.0
GO_CC	combined	Mitochondrial Ribosome (GO:0005761)	22	688	33010	0		1.0	1.0
GO_CC	combined	Mitotic Spindle Microtubule (GO:1990498)	12	688	33010	0		1.0	1.0
GO_CC	combined	Multimeric Ribonuclease P Complex (GO:0030681)	9	688	33010	0		1.0	1.0
GO_CC	combined	Multivesicular Body Lumen (GO:0097486)	4	688	33010	0		1.0	1.0
GO_CC	combined	Multivesicular Body, Internal Vesicle (GO:0097487)	5	688	33010	0		1.0	1.0
GO_CC	combined	Muscle Myosin Complex (GO:0005859)	13	688	33010	0		1.0	1.0
GO_CC	combined	Myofibril (GO:0030016)	28	688	33010	0		1.0	1.0
GO_CC	combined	Myosin Filament (GO:0032982)	15	688	33010	0		1.0	1.0
GO_CC	combined	nBAF Complex (GO:0071565)	14	688	33010	0		1.0	1.0
GO_CC	combined	Neuron Projection Cytoplasm (GO:0120111)	9	688	33010	0		1.0	1.0
GO_CC	combined	Neuron To Neuron Synapse (GO:0098984)	9	688	33010	0		1.0	1.0
GO_CC	combined	Neurotransmitter Receptor Complex (GO:0098878)	6	688	33010	0		1.0	1.0
GO_CC	combined	Non-Motile Cilium (GO:0097730)	27	688	33010	0		1.0	1.0
GO_CC	combined	npBAF Complex (GO:0071564)	12	688	33010	0		1.0	1.0
GO_CC	combined	Nuclear Envelope Lumen (GO:0005641)	5	688	33010	0		1.0	1.0
GO_CC	combined	Nuclear Inclusion Body (GO:0042405)	10	688	33010	0		1.0	1.0
GO_CC	combined	Nuclear Inner Membrane (GO:0005637)	27	688	33010	0		1.0	1.0
GO_CC	combined	Nuclear Outer Membrane (GO:0005640)	16	688	33010	0		1.0	1.0
GO_CC	combined	Nucleolar Exosome (RNase Complex) (GO:0101019)	9	688	33010	0		1.0	1.0
GO_CC	combined	Outer Dynein Arm (GO:0036157)	7	688	33010	0		1.0	1.0
GO_CC	combined	Pericentric Heterochromatin (GO:0005721)	21	688	33010	0		1.0	1.0
GO_CC	combined	Phagocytic Vesicle Membrane (GO:0030670)	43	688	33010	0		1.0	1.0
GO_CC	combined	Phosphatidylinositol 3-Kinase Complex, Class I (GO:0097651)	8	688	33010	0		1.0	1.0
GO_CC	combined	Phosphatidylinositol 3-Kinase Complex, Class IA (GO:0005943)	8	688	33010	0		1.0	1.0
GO_CC	combined	Phosphatidylinositol 3-Kinase Complex, Class III (GO:0035032)	6	688	33010	0		1.0	1.0
GO_CC	combined	Pi-Body (GO:0071546)	9	688	33010	0		1.0	1.0
GO_CC	combined	Pinosome (GO:0044352)	6	688	33010	0		1.0	1.0
GO_CC	combined	Platelet Alpha Granule (GO:0031091)	78	688	33010	0		1.0	1.0
GO_CC	combined	Platelet Alpha Granule Lumen (GO:0031093)	57	688	33010	0		1.0	1.0
GO_CC	combined	Platelet Alpha Granule Membrane (GO:0031092)	15	688	33010	0		1.0	1.0
GO_CC	combined	Platelet Dense Granule Membrane (GO:0031088)	4	688	33010	0		1.0	1.0
GO_CC	combined	Platelet Dense Tubular Network (GO:0031094)	10	688	33010	0		1.0	1.0
GO_CC	combined	Platelet Dense Tubular Network Membrane (GO:0031095)	8	688	33010	0		1.0	1.0
GO_CC	combined	Podosome (GO:0002102)	12	688	33010	0		1.0	1.0
GO_CC	combined	Polysomal Ribosome (GO:0042788)	26	688	33010	0		1.0	1.0
GO_CC	combined	post-mRNA Release Spliceosomal Complex (GO:0071014)	8	688	33010	0		1.0	1.0
GO_CC	combined	Postsynaptic Recycling Endosome (GO:0098837)	4	688	33010	0		1.0	1.0
GO_CC	combined	Precatalytic Spliceosome (GO:0071011)	49	688	33010	0		1.0	1.0
GO_CC	combined	Preribosome, Large Subunit Precursor (GO:0030687)	17	688	33010	0		1.0	1.0
GO_CC	combined	Preribosome, Small Subunit Precursor (GO:0030688)	10	688	33010	0		1.0	1.0
GO_CC	combined	Prespliceosome (GO:0071010)	14	688	33010	0		1.0	1.0
GO_CC	combined	Primary Lysosome (GO:0005766)	10	688	33010	0		1.0	1.0
GO_CC	combined	Protein Phosphatase 4 Complex (GO:0030289)	4	688	33010	0		1.0	1.0
GO_CC	combined	Protein Phosphatase Type 2A Complex (GO:0000159)	15	688	33010	0		1.0	1.0
GO_CC	combined	Protein Serine/Threonine Phosphatase Complex (GO:0008287)	27	688	33010	0		1.0	1.0
GO_CC	combined	Proton-Transporting ATP Synthase Complex (GO:0045259)	16	688	33010	0		1.0	1.0
GO_CC	combined	Proton-Transporting V-type ATPase, V0 Domain (GO:0033179)	6	688	33010	0		1.0	1.0
GO_CC	combined	Pseudopodium (GO:0031143)	6	688	33010	0		1.0	1.0
GO_CC	combined	Respiratory Chain Complex I (GO:0045271)	39	688	33010	0		1.0	1.0
GO_CC	combined	Respiratory Chain Complex III (GO:0045275)	11	688	33010	0		1.0	1.0
GO_CC	combined	Ribonuclease MRP Complex (GO:0000172)	7	688	33010	0		1.0	1.0
GO_CC	combined	Ribosome (GO:0005840)	58	688	33010	0		1.0	1.0
GO_CC	combined	Rough Endoplasmic Reticulum (GO:0005791)	29	688	33010	0		1.0	1.0
GO_CC	combined	Rough Endoplasmic Reticulum Membrane (GO:0030867)	4	688	33010	0		1.0	1.0
GO_CC	combined	Sarcoglycan Complex (GO:0016012)	5	688	33010	0		1.0	1.0
GO_CC	combined	Sarcolemma (GO:0042383)	51	688	33010	0		1.0	1.0
GO_CC	combined	Sarcoplasmic Reticulum (GO:0016529)	43	688	33010	0		1.0	1.0
GO_CC	combined	Sarcoplasmic Reticulum Membrane (GO:0033017)	26	688	33010	0		1.0	1.0
GO_CC	combined	Secondary Lysosome (GO:0005767)	13	688	33010	0		1.0	1.0
GO_CC	combined	Septin Cytoskeleton (GO:0032156)	11	688	33010	0		1.0	1.0
GO_CC	combined	Septin Ring (GO:0005940)	11	688	33010	0		1.0	1.0
GO_CC	combined	Serine C-palmitoyltransferase Complex (GO:0017059)	7	688	33010	0		1.0	1.0
GO_CC	combined	Serine Protease Inhibitor Complex (GO:0097180)	5	688	33010	0		1.0	1.0
GO_CC	combined	Serine-Type Endopeptidase Complex (GO:1905370)	10	688	33010	0		1.0	1.0
GO_CC	combined	Serine-Type Peptidase Complex (GO:1905286)	12	688	33010	0		1.0	1.0
GO_CC	combined	Serine/Threonine Protein Kinase Complex (GO:1902554)	56	688	33010	0		1.0	1.0
GO_CC	combined	Sex Chromosome (GO:0000803)	5	688	33010	0		1.0	1.0
GO_CC	combined	Shelterin Complex (GO:0070187)	5	688	33010	0		1.0	1.0
GO_CC	combined	Signal Recognition Particle, Endoplasmic Reticulum Targeting (GO:0005786)	5	688	33010	0		1.0	1.0
GO_CC	combined	Small-Subunit Processome (GO:0032040)	68	688	33010	0		1.0	1.0
GO_CC	combined	Smooth Endoplasmic Reticulum (GO:0005790)	18	688	33010	0		1.0	1.0
GO_CC	combined	Sodium Channel Complex (GO:0034706)	18	688	33010	0		1.0	1.0
GO_CC	combined	Sodium:Potassium-Exchanging ATPase Complex (GO:0005890)	9	688	33010	0		1.0	1.0
GO_CC	combined	Spectrin-Associated Cytoskeleton (GO:0014731)	7	688	33010	0		1.0	1.0
GO_CC	combined	Spherical High-Density Lipoprotein Particle (GO:0034366)	7	688	33010	0		1.0	1.0
GO_CC	combined	Spliceosomal snRNP Complex (GO:0097525)	54	688	33010	0		1.0	1.0
GO_CC	combined	Spliceosomal tri-snRNP Complex (GO:0097526)	35	688	33010	0		1.0	1.0
GO_CC	combined	Symmetric Synapse (GO:0032280)	2	688	33010	0		1.0	1.0
GO_CC	combined	tRNA Methyltransferase Complex (GO:0043527)	6	688	33010	0		1.0	1.0
GO_CC	combined	trans-Golgi Network Transport Vesicle (GO:0030140)	15	688	33010	0		1.0	1.0
GO_CC	combined	Transcription Factor TFIID Complex (GO:0005669)	30	688	33010	0		1.0	1.0
GO_CC	combined	Transcription Factor TFIIH Core Complex (GO:0000439)	8	688	33010	0		1.0	1.0
GO_CC	combined	Transcription Factor TFIIH Holo Complex (GO:0005675)	9	688	33010	0		1.0	1.0
GO_CC	combined	Transcription Factor TFIIIC Complex (GO:0000127)	5	688	33010	0		1.0	1.0
GO_CC	combined	Transcription Factor TFTC Complex (GO:0033276)	16	688	33010	0		1.0	1.0
GO_CC	combined	Transferase Complex, Transferring Phosphorus-Containing Groups (GO:0061695)	7	688	33010	0		1.0	1.0
GO_CC	combined	Triglyceride-Rich Plasma Lipoprotein Particle (GO:0034385)	14	688	33010	0		1.0	1.0
GO_CC	combined	Uniplex Complex (GO:1990246)	5	688	33010	0		1.0	1.0
GO_CC	combined	Vacuolar Proton-Transporting V-type ATPase, V0 Domain (GO:0000220)	6	688	33010	0		1.0	1.0
GO_CC	combined	Very-Low-Density Lipoprotein Particle (GO:0034361)	14	688	33010	0		1.0	1.0
GO_CC	combined	Voltage-Gated Sodium Channel Complex (GO:0001518)	7	688	33010	0		1.0	1.0
GO_CC	combined	Zonula Adherens (GO:0005915)	5	688	33010	0		1.0	1.0
GO_CC	combined	Zymogen Granule (GO:0042588)	6	688	33010	0		1.0	1.0
GO_CC	combined	Zymogen Granule Membrane (GO:0042589)	6	688	33010	0		1.0	1.0
GO_CC	hypermethylated	Neuron Projection (GO:0043005)	524	492	33010	20	EPHA10,GABRA1,GHSR,HTR1A,HTR1B,INSRR,KCNC2,KLHL1,NEFM,NPBWR1,NRSN1,NTRK1,PENK,RPH3A,SKOR1,SLC12A5,SLC4A10,SLC6A3,SSTR4,TENM3	0.00013968199766468655	0.06620926689306142
GO_CC	hypermethylated	GABA-ergic Synapse (GO:0098982)	14	492	33010	3	CBLN4,LRRTM2,SLITRK1	0.0010598996241166676	0.25119621091565025
GO_CC	hypermethylated	Postsynaptic Specialization Membrane (GO:0099634)	36	492	33010	4	CACNG7,CACNG8,GRM1,LRRTM2	0.0019683197754813303	0.2550026591098303
GO_CC	hypermethylated	Nuclear Stress Granule (GO:0097165)	5	492	33010	2	HSF1,RBFOX1	0.0021519211739226183	0.2550026591098303
GO_CC	hypermethylated	Catenin Complex (GO:0016342)	28	492	33010	3	CDH9,CTNNA1,PCDHGB4	0.008174442084092846	0.7749371095720018
GO_CC	hypermethylated	Postsynaptic Density Membrane (GO:0098839)	32	492	33010	3	CACNG7,CACNG8,GRM1	0.011846046341395002	0.9190360020733925
GO_CC	hypermethylated	Dendrite (GO:0030425)	253	492	33010	9	EPHA10,GABRA1,HTR1A,HTR1B,KCNC2,KLHL1,PENK,SKOR1,SLC4A10	0.014194565549442772	0.9190360020733925
GO_CC	hypermethylated	Platelet Dense Granule Lumen (GO:0031089)	13	492	33010	2	RARRES2,SELENOP	0.015511156153137426	0.9190360020733925
GO_CC	hypermethylated	Nucleus (GO:0005634)	4109	492	33010	77	ALX1,BTBD3,CDK15,CDKN2A,CDX2,CELF4,CFTR,CIDEA,CIRBP,CRYGD,CUX1,DST,DZIP1,EVX1,EVX2,FERD3L,FEZF2,FMN2,FOXA1,FOXA2,FOXE3,GATA3,GFI1,HOXB7,HOXC4,HOXD10,HSF1,JARID2,LHX1,LHX8,LHX9,MAML3,MEIG1,NEUROD1,NKAPL,NKX2-1,NKX2-6,ONECUT2,OTX1,OTX2,PAX6,PDE4C,PDX1,POU4F2,PRDM13,PRMT2,RARG,RB1,RBFOX1,RERE,SIX3,SIX6,SKI,SKOR1,SOX1,SPAG6,SPHK2,SPRY2,ST18,TAL1,TBX20,TBXT,TCERG1L,TCF20,TFAP2B,TFAP2D,THRA,TLX1,TRH,TUBB2B,VSTM2A,WT1,ZCWPW1,ZIC1,ZIC4,ZNF536,ZNF709	0.02024845778735224	1.0
GO_CC	hypermethylated	Connexin Complex (GO:0005922)	17	492	33010	2	GJA3,GJB2	0.026006397367554095	1.0
GO_CC	hypermethylated	AMPA Glutamate Receptor Complex (GO:0032281)	18	492	33010	2	CACNG7,CACNG8	0.028973056731927706	1.0
GO_CC	hypermethylated	Potassium Channel Complex (GO:0034705)	79	492	33010	4	ABCC9,DPP6,KCNC2,KCNQ4	0.0305219141861521	1.0
GO_CC	hypermethylated	Platelet Dense Granule (GO:0042827)	19	492	33010	2	RARRES2,SELENOP	0.03206757256445692	1.0
GO_CC	hypermethylated	Polymeric Cytoskeletal Fiber (GO:0099513)	249	492	33010	8	DCDC2C,DST,FSD1,HCK,KIF28P,MACF1,NEFM,TUBB2B	0.034036355183444264	1.0
GO_CC	hypermethylated	Voltage-Gated Calcium Channel Complex (GO:0005891)	48	492	33010	3	CACNA2D2,CACNG7,CACNG8	0.03471859431202641	1.0
GO_CC	hypermethylated	Gap Junction (GO:0005921)	20	492	33010	2	GJA3,GJB2	0.03528549112539041	1.0
GO_CC	hypermethylated	Intracellular Membrane-Bounded Organelle (GO:0043231)	4741	492	33010	85	ALX1,ATP11A,BTBD3,CDK15,CDKN2A,CDX2,CELF4,CFTR,CIDEA,CIRBP,CRYGD,CTNNA1,CUX1,DST,DZIP1,EVX1,EVX2,FERD3L,FEZF2,FMN2,FOXA1,FOXA2,FOXE3,GATA3,GFI1,HCK,HLA-DPA1,HOXA2,HOXB7,HOXC4,HOXD10,HSF1,JARID2,L1TD1,LHX1,LHX8,LHX9,MAML3,MEIG1,NEUROD1,NKAPL,NKX2-1,NKX2-6,ONECUT2,OSBPL5,OTX1,OTX2,PAX6,PDE4C,PDX1,POU4F2,PRDM13,PRMT2,RARG,RB1,RBFOX1,RERE,RFX1,SIX3,SIX6,SKI,SKOR1,SOX1,SPAG6,SPHK2,SPRY2,ST18,TAL1,TBX20,TBXT,TCERG1L,TCF20,TFAP2B,TFAP2D,THRA,TLX1,TRH,TUBB2B,VSTM2A,WT1,ZCWPW1,ZIC1,ZIC4,ZNF536,ZNF709	0.039004434229485956	1.0
GO_CC	hypermethylated	Sperm Flagellum (GO:0036126)	55	492	33010	3	CCDC181,DCDC2C,DNALI1	0.04884196852991703	1.0
GO_CC	hypermethylated	Calcium Channel Complex (GO:0034704)	57	492	33010	3	CACNA2D2,CACNG7,CACNG8	0.053318552584052006	1.0
GO_CC	hypermethylated	Dendrite Membrane (GO:0032590)	26	492	33010	2	GABRA1,KCNC2	0.0569478788677827	1.0
GO_CC	hypermethylated	Intracellular Cyclic Nucleotide Activated Cation Channel Complex (GO:0017071)	4	492	33010	1	CNGA3	0.05830120404490451	1.0
GO_CC	hypermethylated	9+2 Motile Cilium (GO:0097729)	64	492	33010	3	CCDC181,DCDC2C,DNALI1	0.07045543431365464	1.0
GO_CC	hypermethylated	Hrd1p Ubiquitin Ligase ERAD-L Complex (GO:0000839)	5	492	33010	1	SEL1L	0.07233852476264997	1.0
GO_CC	hypermethylated	Neuronal Dense Core Vesicle (GO:0098992)	5	492	33010	1	NPY	0.07233852476264997	1.0
GO_CC	hypermethylated	Synaptic Membrane (GO:0097060)	30	492	33010	2	LRRTM2,TMEM240	0.07334364886784035	1.0
GO_CC	hypermethylated	Glutamatergic Synapse (GO:0098978)	67	492	33010	3	DLGAP1,NPTX2,SLITRK1	0.07846724396945058	1.0
GO_CC	hypermethylated	Intermediate Filament (GO:0005882)	68	492	33010	3	DST,MACF1,NEFM	0.08122259858255555	1.0
GO_CC	hypermethylated	Ionotropic Glutamate Receptor Complex (GO:0008328)	32	492	33010	2	CACNG7,CACNG8	0.08204046261074424	1.0
GO_CC	hypermethylated	G Protein-Coupled Receptor Dimeric Complex (GO:0038037)	6	492	33010	1	GRM1	0.08616701880345516	1.0
GO_CC	hypermethylated	Chloride Channel Complex (GO:0034707)	6	492	33010	1	OSTM1	0.08616701880345516	1.0
GO_CC	hypermethylated	Flotillin Complex (GO:0016600)	6	492	33010	1	SLC6A3	0.08616701880345516	1.0
GO_CC	hypermethylated	Hemidesmosome (GO:0030056)	6	492	33010	1	DST	0.08616701880345516	1.0
GO_CC	hypermethylated	Voltage-Gated Potassium Channel Complex (GO:0008076)	71	492	33010	3	DPP6,KCNC2,KCNQ4	0.08973427651091918	1.0
GO_CC	hypermethylated	Hrd1p Ubiquitin Ligase Complex (GO:0000836)	7	492	33010	1	SEL1L	0.09978978655126454	1.0
GO_CC	hypermethylated	Cytoskeleton Of Presynaptic Active Zone (GO:0048788)	7	492	33010	1	RIMS3	0.09978978655126454	1.0
GO_CC	hypermethylated	Clathrin-Coated Endocytic Vesicle (GO:0045334)	76	492	33010	3	CFTR,HLA-DPA1,SFTA3	0.10470057069315505	1.0
GO_CC	hypermethylated	Intermediate Filament Cytoskeleton (GO:0045111)	79	492	33010	3	DST,MACF1,NEFM	0.11411931111787928	1.0
GO_CC	hypermethylated	Microtubule Cytoskeleton (GO:0015630)	326	492	33010	8	DCDC2C,DST,FSD1,KIF28P,MACF1,SPAG6,SPRY2,TUBB2B	0.11641729239556786	1.0
GO_CC	hypermethylated	Actin-Based Cell Projection (GO:0098858)	80	492	33010	3	ATP6V1B1,DNALI1,MYO3A	0.11732798799865236	1.0
GO_CC	hypermethylated	Microtubule (GO:0005874)	175	492	33010	5	DCDC2C,FSD1,KIF28P,MACF1,TUBB2B	0.12173147254826956	1.0
GO_CC	hypermethylated	Proton-Transporting V-type ATPase, V1 Domain (GO:0033180)	10	492	33010	1	ATP6V1B1	0.13945405087368032	1.0
GO_CC	hypermethylated	Vacuolar Proton-Transporting V-type ATPase, V1 Domain (GO:0000221)	10	492	33010	1	ATP6V1B1	0.13945405087368032	1.0
GO_CC	hypermethylated	MHC Class II Protein Complex (GO:0042613)	12	492	33010	1	HLA-DPA1	0.1649230664423739	1.0
GO_CC	hypermethylated	Postsynaptic Density (GO:0014069)	144	492	33010	4	CACNG7,CACNG8,GRM1,SRGAP3	0.16857473418761515	1.0
GO_CC	hypermethylated	Exocytic Vesicle Membrane (GO:0099501)	50	492	33010	2	PTPRN2,RPH3A	0.17090866378445282	1.0
GO_CC	hypermethylated	Axon (GO:0030424)	197	492	33010	5	INSRR,KCNC2,NEFM,NTRK1,SLC6A3	0.17227966399837719	1.0
GO_CC	hypermethylated	Synaptic Vesicle Membrane (GO:0030672)	51	492	33010	2	PTPRN2,RPH3A	0.1762325836565376	1.0
GO_CC	hypermethylated	Lamellar Body (GO:0042599)	13	492	33010	1	SFTA3	0.17737405896647696	1.0
GO_CC	hypermethylated	Microvillus Membrane (GO:0031528)	13	492	33010	1	SLC38A4	0.17737405896647696	1.0
GO_CC	hypermethylated	Cytoplasmic Vesicle Membrane (GO:0030659)	367	492	33010	8	ANTXR2,CACNG8,CFTR,FMN2,HLA-DPA1,NTRK1,PTPRN2,SYCN	0.1843478628561557	1.0
GO_CC	hypermethylated	Actin Cytoskeleton (GO:0015629)	313	492	33010	7	AKAP13,CAPZB,FMN2,HCK,MACF1,ONECUT2,SPRY2	0.18843999821896312	1.0
GO_CC	hypermethylated	Filopodium (GO:0030175)	55	492	33010	2	DNALI1,MYO3A	0.1977665243959954	1.0
GO_CC	hypermethylated	Cation-Transporting ATPase Complex (GO:0090533)	15	492	33010	1	ABCC9	0.20172297780557147	1.0
GO_CC	hypermethylated	Mitochondrial Respiratory Chain Complex IV (GO:0005751)	15	492	33010	1	COX4I2	0.20172297780557147	1.0
GO_CC	hypermethylated	Acrosomal Vesicle (GO:0001669)	56	492	33010	2	PPFIA3,SPAG6	0.2032002367042408	1.0
GO_CC	hypermethylated	Microvillus (GO:0005902)	57	492	33010	2	ATP6V1B1,SLC38A4	0.20865047976315676	1.0
GO_CC	hypermethylated	Dense Core Granule (GO:0031045)	16	492	33010	1	NPY	0.2136263660437792	1.0
GO_CC	hypermethylated	Clathrin-Coated Endocytic Vesicle Membrane (GO:0030669)	60	492	33010	2	CFTR,HLA-DPA1	0.2250836711989816	1.0
GO_CC	hypermethylated	Protein Kinase Complex (GO:1902911)	17	492	33010	1	INSRR	0.2253526140860432	1.0
GO_CC	hypermethylated	Respiratory Chain Complex IV (GO:0045277)	17	492	33010	1	COX4I2	0.2253526140860432	1.0
GO_CC	hypermethylated	Caveola (GO:0005901)	61	492	33010	2	HCK,SLC6A3	0.2305835443597336	1.0
GO_CC	hypermethylated	Cortical Cytoskeleton (GO:0030863)	61	492	33010	2	AKAP13,RIMS3	0.2305835443597336	1.0
GO_CC	hypermethylated	MHC Protein Complex (GO:0042611)	18	492	33010	1	HLA-DPA1	0.23690435275393223	1.0
GO_CC	hypermethylated	Proton-Transporting V-type ATPase Complex (GO:0033176)	20	492	33010	1	ATP6V1B1	0.25949463086242125	1.0
GO_CC	hypermethylated	Collagen-Containing Extracellular Matrix (GO:0062023)	351	492	33010	7	CBLN4,CLEC14A,COL11A1,DST,MMP9,MXRA7,RARRES2	0.2708619064896864	1.0
GO_CC	hypermethylated	Endocytic Vesicle (GO:0030139)	181	492	33010	4	CACNG8,HLA-DPA1,SFTA3,SRGAP3	0.2847059464575831	1.0
GO_CC	hypermethylated	Cytoplasmic Stress Granule (GO:0010494)	71	492	33010	2	CIRBP,RBFOX1	0.28582084059808127	1.0
GO_CC	hypermethylated	Lipid Droplet (GO:0005811)	72	492	33010	2	CIDEA,PNPLA1	0.29133997156143326	1.0
GO_CC	hypermethylated	Lumenal Side Of Endoplasmic Reticulum Membrane (GO:0098553)	24	492	33010	1	HLA-DPA1	0.30269257269764716	1.0
GO_CC	hypermethylated	Vacuolar Proton-Transporting V-type ATPase Complex (GO:0016471)	24	492	33010	1	ATP6V1B1	0.30269257269764716	1.0
GO_CC	hypermethylated	Condensed Nuclear Chromosome (GO:0000794)	26	492	33010	1	IHO1	0.3233390179540875	1.0
GO_CC	hypermethylated	Cytoskeleton (GO:0005856)	569	492	33010	10	AKAP13,CAPZB,DST,FMN2,MACF1,NEFM,ONECUT2,SPAG6,SPRY2,TUBB2B	0.34339889268372387	1.0
GO_CC	hypermethylated	Clathrin-Coated Vesicle Membrane (GO:0030665)	82	492	33010	2	CFTR,HLA-DPA1	0.3460629208562188	1.0
GO_CC	hypermethylated	SWI/SNF Complex (GO:0016514)	29	492	33010	1	RB1	0.35317037150649205	1.0
GO_CC	hypermethylated	Adherens Junction (GO:0005912)	142	492	33010	3	CDH9,CTNNA1,PCDHGB4	0.3550996299607921	1.0
GO_CC	hypermethylated	Specific Granule Membrane (GO:0035579)	86	492	33010	2	ATP11A,DEGS1	0.3675878516731532	1.0
GO_CC	hypermethylated	Lytic Vacuole Membrane (GO:0098852)	269	492	33010	5	ATP11A,CFTR,HLA-DPA1,OSTM1,SPHK2	0.37299044387662783	1.0
GO_CC	hypermethylated	Endocytic Vesicle Membrane (GO:0030666)	148	492	33010	3	CACNG8,CFTR,HLA-DPA1	0.3793885430445413	1.0
GO_CC	hypermethylated	Monoatomic Ion Channel Complex (GO:0034702)	34	492	33010	1	OSTM1	0.40000099038436393	1.0
GO_CC	hypermethylated	Tertiary Granule (GO:0070820)	154	492	33010	3	ATP11A,MMP9,PTPRN2	0.40347680841077177	1.0
GO_CC	hypermethylated	trans-Golgi Network Membrane (GO:0032588)	94	492	33010	2	CALN1,HLA-DPA1	0.4097521565040624	1.0
GO_CC	hypermethylated	Euchromatin (GO:0000791)	38	492	33010	1	TCF23	0.4350169144275325	1.0
GO_CC	hypermethylated	Basolateral Plasma Membrane (GO:0016323)	163	492	33010	3	ATP6V1B1,KCNC2,SLC4A10	0.4390709051678962	1.0
GO_CC	hypermethylated	Golgi-associated Vesicle (GO:0005798)	42	492	33010	1	CFTR	0.46799322067603055	1.0
GO_CC	hypermethylated	Cortical Actin Cytoskeleton (GO:0030864)	42	492	33010	1	AKAP13	0.46799322067603055	1.0
GO_CC	hypermethylated	Basement Membrane (GO:0005604)	43	492	33010	1	DST	0.4759326569605302	1.0
GO_CC	hypermethylated	Ficolin-1-Rich Granule (GO:0101002)	177	492	33010	3	ALOX5,MMP9,PTPRN2	0.4927071444335331	1.0
GO_CC	hypermethylated	Heterochromatin (GO:0000792)	46	492	33010	1	CDKN2A	0.49904848555161285	1.0
GO_CC	hypermethylated	Ficolin-1-Rich Granule Lumen (GO:1904813)	119	492	33010	2	ALOX5,MMP9	0.5314400541380971	1.0
GO_CC	hypermethylated	Cation Channel Complex (GO:0034703)	51	492	33010	1	CNGA3	0.5353356415246777	1.0
GO_CC	hypermethylated	Coated Vesicle Membrane (GO:0030662)	51	492	33010	1	HLA-DPA1	0.5353356415246777	1.0
GO_CC	hypermethylated	Tertiary Granule Lumen (GO:1904724)	51	492	33010	1	MMP9	0.5353356415246777	1.0
GO_CC	hypermethylated	ER To Golgi Transport Vesicle Membrane (GO:0012507)	52	492	33010	1	HLA-DPA1	0.5422719825656631	1.0
GO_CC	hypermethylated	Lysosomal Membrane (GO:0005765)	334	492	33010	5	ATP11A,CFTR,HLA-DPA1,OSTM1,SPHK2	0.5578258466392243	1.0
GO_CC	hypermethylated	Asymmetric Synapse (GO:0032279)	125	492	33010	2	CACNG8,SRGAP3	0.5580079664878232	1.0
GO_CC	hypermethylated	Secretory Granule Membrane (GO:0030667)	266	492	33010	4	ATP11A,DEGS1,PTPRN2,SYCN	0.5617782297129698	1.0
GO_CC	hypermethylated	Endoplasmic Reticulum Lumen (GO:0005788)	268	492	33010	4	COL11A1,ERAP1,PENK,SPARCL1	0.5676890457355733	1.0
GO_CC	hypermethylated	Transport Vesicle Membrane (GO:0030658)	56	492	33010	1	HLA-DPA1	0.5689992382592642	1.0
GO_CC	hypermethylated	Ficolin-1-Rich Granule Membrane (GO:0101003)	57	492	33010	1	PTPRN2	0.5754340375181234	1.0
GO_CC	hypermethylated	Condensed Chromosome (GO:0000793)	58	492	33010	1	IHO1	0.5817729582094442	1.0
GO_CC	hypermethylated	Vacuolar Membrane (GO:0005774)	58	492	33010	1	ATP6V1B1	0.5817729582094442	1.0
GO_CC	hypermethylated	SCF Ubiquitin Ligase Complex (GO:0019005)	59	492	33010	1	DAW1	0.5880174260584655	1.0
GO_CC	hypermethylated	Mitochondrial Envelope (GO:0005740)	135	492	33010	2	CIDEA,KIF28P	0.5998623337445237	1.0
GO_CC	hypermethylated	Cell-Cell Junction (GO:0005911)	281	492	33010	4	CDH9,CTNNA1,GJB2,PCDHGB4	0.6050025752157735	1.0
GO_CC	hypermethylated	Mitotic Spindle (GO:0072686)	137	492	33010	2	TUBB2B,WRAP73	0.6078666494913598	1.0
GO_CC	hypermethylated	Actin Filament (GO:0005884)	64	492	33010	1	HCK	0.617871409406305	1.0
GO_CC	hypermethylated	Organelle Envelope Lumen (GO:0031970)	64	492	33010	1	ALOX5	0.617871409406305	1.0
GO_CC	hypermethylated	Vesicle Membrane (GO:0012506)	66	492	33010	1	FMN2	0.6291994171438605	1.0
GO_CC	hypermethylated	Tertiary Granule Membrane (GO:0070821)	67	492	33010	1	ATP11A	0.6347371140466416	1.0
GO_CC	hypermethylated	Motile Cilium (GO:0031514)	68	492	33010	1	DNALI1	0.6401922741683381	1.0
GO_CC	hypermethylated	Recycling Endosome (GO:0055037)	147	492	33010	2	ATP11A,CFTR	0.6460609127335493	1.0
GO_CC	hypermethylated	trans-Golgi Network (GO:0005802)	226	492	33010	3	CALN1,HLA-DPA1,RBFOX1	0.6570537171133138	1.0
GO_CC	hypermethylated	COPII-coated ER To Golgi Transport Vesicle (GO:0030134)	72	492	33010	1	HLA-DPA1	0.6612118291649429	1.0
GO_CC	hypermethylated	Specific Granule (GO:0042581)	152	492	33010	2	ATP11A,DEGS1	0.6640270709444122	1.0
GO_CC	hypermethylated	Extrinsic Component Of Cytoplasmic Side Of Plasma Membrane (GO:0031234)	75	492	33010	1	HCK	0.6761682296258694	1.0
GO_CC	hypermethylated	Clathrin-Coated Vesicle (GO:0030136)	76	492	33010	1	SFTA3	0.6810057954684097	1.0
GO_CC	hypermethylated	Membrane Raft (GO:0045121)	162	492	33010	2	GHSR,SLC6A3	0.6977496922238599	1.0
GO_CC	hypermethylated	Cilium (GO:0005929)	241	492	33010	3	DNALI1,PDE4C,TULP1	0.6989900997603145	1.0
GO_CC	hypermethylated	Plasma Membrane Raft (GO:0044853)	81	492	33010	1	HCK	0.7041330281374875	1.0
GO_CC	hypermethylated	Lysosome (GO:0005764)	472	492	33010	6	ATP11A,CFTR,HCK,HLA-DPA1,OSTM1,SPHK2	0.7075162146825102	1.0
GO_CC	hypermethylated	Nuclear Chromosome (GO:0000228)	92	492	33010	1	IHO1	0.7492915292559731	1.0
GO_CC	hypermethylated	Phagocytic Vesicle (GO:0045335)	92	492	33010	1	SRGAP3	0.7492915292559731	1.0
GO_CC	hypermethylated	Cell Projection Membrane (GO:0031253)	100	492	33010	1	SLC38A4	0.777749420704122	1.0
GO_CC	hypermethylated	Spindle (GO:0005819)	203	492	33010	2	TUBB2B,WRAP73	0.8077861075152566	1.0
GO_CC	hypermethylated	Cytoplasmic Vesicle Lumen (GO:0060205)	111	492	33010	1	ALOX5	0.8116899165446967	1.0
GO_CC	hypermethylated	Focal Adhesion (GO:0005925)	377	492	33010	4	CTNNA1,DST,HCK,LPP	0.8151381760676184	1.0
GO_CC	hypermethylated	Secretory Granule Lumen (GO:0034774)	294	492	33010	3	ALOX5,RARRES2,SELENOP	0.8161143390681498	1.0
GO_CC	hypermethylated	Bounding Membrane Of Organelle (GO:0098588)	776	492	33010	9	ANTXR2,CACNG8,CFTR,CSGALNACT1,HLA-DPA1,NTRK1,PTPRN2,ST8SIA3,SYCN	0.8196214670298871	1.0
GO_CC	hypermethylated	Cell-Substrate Junction (GO:0030055)	383	492	33010	4	CTNNA1,DST,HCK,LPP	0.8245265719040447	1.0
GO_CC	hypermethylated	Cytoplasmic Side Of Plasma Membrane (GO:0009898)	118	492	33010	1	HCK	0.8305419169273687	1.0
GO_CC	hypermethylated	Endosome Membrane (GO:0010008)	330	492	33010	3	ANTXR2,CFTR,NTRK1	0.8715297436212953	1.0
GO_CC	hypermethylated	cullin-RING Ubiquitin Ligase Complex (GO:0031461)	164	492	33010	1	DAW1	0.9153217068522497	1.0
GO_CC	hypermethylated	Early Endosome (GO:0005769)	287	492	33010	2	CFTR,NTRK1	0.9290573689004089	1.0
GO_CC	hypermethylated	Endoplasmic Reticulum Membrane (GO:0005789)	752	492	33010	7	CFTR,CYP26A1,DEGS1,FMN2,HLA-DPA1,SEL1L,SFTA3	0.9331962619696144	1.0
GO_CC	hypermethylated	Late Endosome (GO:0005770)	188	492	33010	1	NTRK1	0.9410602353835995	1.0
GO_CC	hypermethylated	Golgi Membrane (GO:0000139)	408	492	33010	3	CSGALNACT1,HLA-DPA1,ST8SIA3	0.9438904963744533	1.0
GO_CC	hypermethylated	Lytic Vacuole (GO:0000323)	209	492	33010	1	HCK	0.9570839219913737	1.0
GO_CC	hypermethylated	Nuclear Membrane (GO:0031965)	214	492	33010	1	ALOX5	0.9602075966365546	1.0
GO_CC	hypermethylated	Intracellular Organelle Lumen (GO:0070013)	808	492	33010	6	ALOX5,COL11A1,ERAP1,MMP9,PENK,SPARCL1	0.9818868990841763	1.0
GO_CC	hypermethylated	Intracellular Non-Membrane-Bounded Organelle (GO:0043232)	1113	492	33010	9	CAPZB,CIDEA,CPT2,FMN2,LIN28B,MACF1,NKX2-1,PNPLA1,SPRY2	0.9859192531655729	1.0
GO_CC	hypermethylated	Nucleolus (GO:0005730)	716	492	33010	4	CPT2,FMN2,LIN28B,NKX2-1	0.9943498473040409	1.0
GO_CC	hypermethylated	Nuclear Lumen (GO:0031981)	724	492	33010	4	CPT2,FMN2,LIN28B,NKX2-1	0.9948463776129081	1.0
GO_CC	hypermethylated	Mitochondrial Inner Membrane (GO:0005743)	349	492	33010	1	CPT2	0.9948506416616544	1.0
GO_CC	hypermethylated	Mitochondrial Membrane (GO:0031966)	507	492	33010	2	CPT2,KIF28P	0.9959093024565292	1.0
GO_CC	hypermethylated	Organelle Inner Membrane (GO:0019866)	373	492	33010	1	CPT2	0.9964232305132739	1.0
GO_CC	hypermethylated	9+0 Non-Motile Cilium (GO:0097731)	6	492	33010	0		1.0	1.0
GO_CC	hypermethylated	90S Preribosome (GO:0030686)	12	492	33010	0		1.0	1.0
GO_CC	hypermethylated	AP-1 Adaptor Complex (GO:0030121)	10	492	33010	0		1.0	1.0
GO_CC	hypermethylated	AP-2 Adaptor Complex (GO:0030122)	8	492	33010	0		1.0	1.0
GO_CC	hypermethylated	AP-3 Adaptor Complex (GO:0030123)	6	492	33010	0		1.0	1.0
GO_CC	hypermethylated	ATAC Complex (GO:0140672)	13	492	33010	0		1.0	1.0
GO_CC	hypermethylated	ATP-binding Cassette (ABC) Transporter Complex (GO:0043190)	5	492	33010	0		1.0	1.0
GO_CC	hypermethylated	ATPase Dependent Transmembrane Transport Complex (GO:0098533)	6	492	33010	0		1.0	1.0
GO_CC	hypermethylated	B-WICH Complex (GO:0110016)	6	492	33010	0		1.0	1.0
GO_CC	hypermethylated	BLOC-1 Complex (GO:0031083)	8	492	33010	0		1.0	1.0
GO_CC	hypermethylated	CD40 Receptor Complex (GO:0035631)	10	492	33010	0		1.0	1.0
GO_CC	hypermethylated	CMG Complex (GO:0071162)	10	492	33010	0		1.0	1.0
GO_CC	hypermethylated	COPI Vesicle Coat (GO:0030126)	12	492	33010	0		1.0	1.0
GO_CC	hypermethylated	COPI-coated Vesicle (GO:0030137)	6	492	33010	0		1.0	1.0
GO_CC	hypermethylated	COPI-coated Vesicle Membrane (GO:0030663)	16	492	33010	0		1.0	1.0
GO_CC	hypermethylated	COPII Vesicle Coat (GO:0030127)	15	492	33010	0		1.0	1.0
GO_CC	hypermethylated	CatSper Complex (GO:0036128)	13	492	33010	0		1.0	1.0
GO_CC	hypermethylated	Cdc73/Paf1 Complex (GO:0016593)	4	492	33010	0		1.0	1.0
GO_CC	hypermethylated	Cul2-RING Ubiquitin Ligase Complex (GO:0031462)	21	492	33010	0		1.0	1.0
GO_CC	hypermethylated	Cul3-RING Ubiquitin Ligase Complex (GO:0031463)	34	492	33010	0		1.0	1.0
GO_CC	hypermethylated	Cul4-RING E3 Ubiquitin Ligase Complex (GO:0080008)	30	492	33010	0		1.0	1.0
GO_CC	hypermethylated	Cul4A-RING E3 Ubiquitin Ligase Complex (GO:0031464)	11	492	33010	0		1.0	1.0
GO_CC	hypermethylated	Cul5-RING Ubiquitin Ligase Complex (GO:0031466)	8	492	33010	0		1.0	1.0
GO_CC	hypermethylated	ESC/E(Z) Complex (GO:0035098)	6	492	33010	0		1.0	1.0
GO_CC	hypermethylated	GABA-A Receptor Complex (GO:1902711)	15	492	33010	0		1.0	1.0
GO_CC	hypermethylated	GBAF Complex (GO:0140288)	13	492	33010	0		1.0	1.0
GO_CC	hypermethylated	Golgi Cis Cisterna (GO:0000137)	10	492	33010	0		1.0	1.0
GO_CC	hypermethylated	Golgi Cisterna (GO:0031985)	31	492	33010	0		1.0	1.0
GO_CC	hypermethylated	Golgi Cisterna Membrane (GO:0032580)	9	492	33010	0		1.0	1.0
GO_CC	hypermethylated	Golgi Lumen (GO:0005796)	87	492	33010	0		1.0	1.0
GO_CC	hypermethylated	Golgi Medial Cisterna (GO:0005797)	9	492	33010	0		1.0	1.0
GO_CC	hypermethylated	Golgi Stack (GO:0005795)	29	492	33010	0		1.0	1.0
GO_CC	hypermethylated	Golgi Trans Cisterna (GO:0000138)	7	492	33010	0		1.0	1.0
GO_CC	hypermethylated	Golgi-associated Vesicle Membrane (GO:0030660)	21	492	33010	0		1.0	1.0
GO_CC	hypermethylated	H3 Histone Acetyltransferase Complex (GO:0070775)	6	492	33010	0		1.0	1.0
GO_CC	hypermethylated	H4 Histone Acetyltransferase Complex (GO:1902562)	12	492	33010	0		1.0	1.0
GO_CC	hypermethylated	H4/H2A Histone Acetyltransferase Complex (GO:0043189)	24	492	33010	0		1.0	1.0
GO_CC	hypermethylated	HFE-transferrin Receptor Complex (GO:1990712)	7	492	33010	0		1.0	1.0
GO_CC	hypermethylated	INO80-type Complex (GO:0097346)	25	492	33010	0		1.0	1.0
GO_CC	hypermethylated	ISWI-type Complex (GO:0031010)	10	492	33010	0		1.0	1.0
GO_CC	hypermethylated	Ino80 Complex (GO:0031011)	14	492	33010	0		1.0	1.0
GO_CC	hypermethylated	MHC Class I Protein Complex (GO:0042612)	5	492	33010	0		1.0	1.0
GO_CC	hypermethylated	MIB Complex (GO:0140275)	11	492	33010	0		1.0	1.0
GO_CC	hypermethylated	MICOS Complex (GO:0061617)	6	492	33010	0		1.0	1.0
GO_CC	hypermethylated	MLL1 Complex (GO:0071339)	26	492	33010	0		1.0	1.0
GO_CC	hypermethylated	MLL1/2 Complex (GO:0044665)	27	492	33010	0		1.0	1.0
GO_CC	hypermethylated	MLL3/4 Complex (GO:0044666)	9	492	33010	0		1.0	1.0
GO_CC	hypermethylated	MOZ/MORF Histone Acetyltransferase Complex (GO:0070776)	6	492	33010	0		1.0	1.0
GO_CC	hypermethylated	NADPH Oxidase Complex (GO:0043020)	12	492	33010	0		1.0	1.0
GO_CC	hypermethylated	NMDA Selective Glutamate Receptor Complex (GO:0017146)	7	492	33010	0		1.0	1.0
GO_CC	hypermethylated	NSL Complex (GO:0044545)	9	492	33010	0		1.0	1.0
GO_CC	hypermethylated	NURF Complex (GO:0016589)	3	492	33010	0		1.0	1.0
GO_CC	hypermethylated	NuA4 Histone Acetyltransferase Complex (GO:0035267)	24	492	33010	0		1.0	1.0
GO_CC	hypermethylated	P Granule (GO:0043186)	21	492	33010	0		1.0	1.0
GO_CC	hypermethylated	P-body (GO:0000932)	81	492	33010	0		1.0	1.0
GO_CC	hypermethylated	PAR Polarity Complex (GO:0120157)	5	492	33010	0		1.0	1.0
GO_CC	hypermethylated	PRC1 Complex (GO:0035102)	15	492	33010	0		1.0	1.0
GO_CC	hypermethylated	PTW/PP1 Phosphatase Complex (GO:0072357)	6	492	33010	0		1.0	1.0
GO_CC	hypermethylated	RISC Complex (GO:0016442)	13	492	33010	0		1.0	1.0
GO_CC	hypermethylated	RISC-loading Complex (GO:0070578)	7	492	33010	0		1.0	1.0
GO_CC	hypermethylated	RNA N6-methyladenosine Methyltransferase Complex (GO:0036396)	8	492	33010	0		1.0	1.0
GO_CC	hypermethylated	RNA Polymerase I Complex (GO:0005736)	12	492	33010	0		1.0	1.0
GO_CC	hypermethylated	RNA Polymerase II, Core Complex (GO:0005665)	12	492	33010	0		1.0	1.0
GO_CC	hypermethylated	RNA Polymerase III Complex (GO:0005666)	17	492	33010	0		1.0	1.0
GO_CC	hypermethylated	RSC-type Complex (GO:0016586)	14	492	33010	0		1.0	1.0
GO_CC	hypermethylated	SAGA Complex (GO:0000124)	21	492	33010	0		1.0	1.0
GO_CC	hypermethylated	SAGA-type Complex (GO:0070461)	35	492	33010	0		1.0	1.0
GO_CC	hypermethylated	SAM Complex (GO:0001401)	11	492	33010	0		1.0	1.0
GO_CC	hypermethylated	SUMO Ligase Complex (GO:0106068)	12	492	33010	0		1.0	1.0
GO_CC	hypermethylated	Set1C/COMPASS Complex (GO:0048188)	11	492	33010	0		1.0	1.0
GO_CC	hypermethylated	Sin3 Complex (GO:0016580)	19	492	33010	0		1.0	1.0
GO_CC	hypermethylated	Sin3-type Complex (GO:0070822)	19	492	33010	0		1.0	1.0
GO_CC	hypermethylated	Smc5-Smc6 Complex (GO:0030915)	8	492	33010	0		1.0	1.0
GO_CC	hypermethylated	Swr1 Complex (GO:0000812)	12	492	33010	0		1.0	1.0
GO_CC	hypermethylated	T Cell Receptor Complex (GO:0042101)	12	492	33010	0		1.0	1.0
GO_CC	hypermethylated	THO Complex Part Of Transcription Export Complex (GO:0000445)	4	492	33010	0		1.0	1.0
GO_CC	hypermethylated	TIM22 Mitochondrial Import Inner Membrane Insertion Complex (GO:0042721)	6	492	33010	0		1.0	1.0
GO_CC	hypermethylated	TIM23 Mitochondrial Import Inner Membrane Translocase Complex (GO:0005744)	12	492	33010	0		1.0	1.0
GO_CC	hypermethylated	TORC2 Complex (GO:0031932)	7	492	33010	0		1.0	1.0
GO_CC	hypermethylated	TRAPPII Protein Complex (GO:1990071)	9	492	33010	0		1.0	1.0
GO_CC	hypermethylated	TRAPPIII Protein Complex (GO:1990072)	10	492	33010	0		1.0	1.0
GO_CC	hypermethylated	U1 snRNP (GO:0005685)	17	492	33010	0		1.0	1.0
GO_CC	hypermethylated	U12-type Spliceosomal Complex (GO:0005689)	24	492	33010	0		1.0	1.0
GO_CC	hypermethylated	U2 snRNP (GO:0005686)	22	492	33010	0		1.0	1.0
GO_CC	hypermethylated	U2-type Catalytic Step 1 Spliceosome (GO:0071006)	11	492	33010	0		1.0	1.0
GO_CC	hypermethylated	U2-type Catalytic Step 2 Spliceosome (GO:0071007)	29	492	33010	0		1.0	1.0
GO_CC	hypermethylated	U2-type Precatalytic Spliceosome (GO:0071005)	47	492	33010	0		1.0	1.0
GO_CC	hypermethylated	U2-type Prespliceosome (GO:0071004)	14	492	33010	0		1.0	1.0
GO_CC	hypermethylated	U2-type Spliceosomal Complex (GO:0005684)	85	492	33010	0		1.0	1.0
GO_CC	hypermethylated	U4 snRNP (GO:0005687)	9	492	33010	0		1.0	1.0
GO_CC	hypermethylated	U4/U6 X U5 tri-snRNP Complex (GO:0046540)	35	492	33010	0		1.0	1.0
GO_CC	hypermethylated	U5 snRNP (GO:0005682)	18	492	33010	0		1.0	1.0
GO_CC	hypermethylated	U6 snRNP (GO:0005688)	7	492	33010	0		1.0	1.0
GO_CC	hypermethylated	U7 snRNP (GO:0005683)	6	492	33010	0		1.0	1.0
GO_CC	hypermethylated	X Chromosome (GO:0000805)	6	492	33010	0		1.0	1.0
GO_CC	hypermethylated	Acetylcholine-Gated Channel Complex (GO:0005892)	13	492	33010	0		1.0	1.0
GO_CC	hypermethylated	Acrosomal Membrane (GO:0002080)	14	492	33010	0		1.0	1.0
GO_CC	hypermethylated	Activin Receptor Complex (GO:0048179)	5	492	33010	0		1.0	1.0
GO_CC	hypermethylated	Aggresome (GO:0016235)	33	492	33010	0		1.0	1.0
GO_CC	hypermethylated	Alpha-Beta T Cell Receptor Complex (GO:0042105)	6	492	33010	0		1.0	1.0
GO_CC	hypermethylated	Alveolar Lamellar Body (GO:0097208)	5	492	33010	0		1.0	1.0
GO_CC	hypermethylated	Amphisome (GO:0044753)	11	492	33010	0		1.0	1.0
GO_CC	hypermethylated	Amphisome Membrane (GO:1904930)	9	492	33010	0		1.0	1.0
GO_CC	hypermethylated	Anaphase-Promoting Complex (GO:0005680)	20	492	33010	0		1.0	1.0
GO_CC	hypermethylated	Apical Dendrite (GO:0097440)	9	492	33010	0		1.0	1.0
GO_CC	hypermethylated	Apical Junction Complex (GO:0043296)	96	492	33010	0		1.0	1.0
GO_CC	hypermethylated	Apicolateral Plasma Membrane (GO:0016327)	5	492	33010	0		1.0	1.0
GO_CC	hypermethylated	Astral Microtubule (GO:0000235)	6	492	33010	0		1.0	1.0
GO_CC	hypermethylated	Astrocyte Projection (GO:0097449)	7	492	33010	0		1.0	1.0
GO_CC	hypermethylated	Asymmetric, Glutamatergic, Excitatory Synapse (GO:0098985)	2	492	33010	0		1.0	1.0
GO_CC	hypermethylated	Autolysosome (GO:0044754)	8	492	33010	0		1.0	1.0
GO_CC	hypermethylated	Autophagosome (GO:0005776)	80	492	33010	0		1.0	1.0
GO_CC	hypermethylated	Autophagosome Membrane (GO:0000421)	35	492	33010	0		1.0	1.0
GO_CC	hypermethylated	Axonal Growth Cone (GO:0044295)	14	492	33010	0		1.0	1.0
GO_CC	hypermethylated	Azurophil Granule (GO:0042582)	145	492	33010	0		1.0	1.0
GO_CC	hypermethylated	Azurophil Granule Lumen (GO:0035578)	82	492	33010	0		1.0	1.0
GO_CC	hypermethylated	Azurophil Granule Membrane (GO:0035577)	55	492	33010	0		1.0	1.0
GO_CC	hypermethylated	bBAF Complex (GO:0140092)	9	492	33010	0		1.0	1.0
GO_CC	hypermethylated	beta-catenin-TCF Complex (GO:1990907)	12	492	33010	0		1.0	1.0
GO_CC	hypermethylated	Bicellular Tight Junction (GO:0005923)	74	492	33010	0		1.0	1.0
GO_CC	hypermethylated	Box C/D RNP Complex (GO:0031428)	5	492	33010	0		1.0	1.0
GO_CC	hypermethylated	Brahma Complex (GO:0035060)	13	492	33010	0		1.0	1.0
GO_CC	hypermethylated	Brush Border Membrane (GO:0031526)	39	492	33010	0		1.0	1.0
GO_CC	hypermethylated	Cell-Cell Contact Zone (GO:0044291)	45	492	33010	0		1.0	1.0
GO_CC	hypermethylated	Chitosome (GO:0045009)	13	492	33010	0		1.0	1.0
GO_CC	hypermethylated	Chromatoid Body (GO:0033391)	8	492	33010	0		1.0	1.0
GO_CC	hypermethylated	Chromocenter (GO:0010369)	5	492	33010	0		1.0	1.0
GO_CC	hypermethylated	Chromosome (GO:0005694)	153	492	33010	0		1.0	1.0
GO_CC	hypermethylated	Chylomicron (GO:0042627)	8	492	33010	0		1.0	1.0
GO_CC	hypermethylated	Ciliary Membrane (GO:0060170)	35	492	33010	0		1.0	1.0
GO_CC	hypermethylated	cis-Golgi Network (GO:0005801)	44	492	33010	0		1.0	1.0
GO_CC	hypermethylated	cis-Golgi Network Membrane (GO:0033106)	7	492	33010	0		1.0	1.0
GO_CC	hypermethylated	Clathrin Adaptor Complex (GO:0030131)	18	492	33010	0		1.0	1.0
GO_CC	hypermethylated	Clathrin Coat (GO:0030118)	16	492	33010	0		1.0	1.0
GO_CC	hypermethylated	Clathrin Coat Of Coated Pit (GO:0030132)	12	492	33010	0		1.0	1.0
GO_CC	hypermethylated	Clathrin Coat Of Endocytic Vesicle (GO:0030128)	8	492	33010	0		1.0	1.0
GO_CC	hypermethylated	Clathrin Coat Of trans-Golgi Network Vesicle (GO:0030130)	12	492	33010	0		1.0	1.0
GO_CC	hypermethylated	Clathrin Vesicle Coat (GO:0030125)	12	492	33010	0		1.0	1.0
GO_CC	hypermethylated	Clathrin-Sculpted Gamma-Aminobutyric Acid Transport Vesicle (GO:0061200)	7	492	33010	0		1.0	1.0
GO_CC	hypermethylated	Clathrin-Sculpted Gamma-Aminobutyric Acid Transport Vesicle Membrane (GO:0061202)	7	492	33010	0		1.0	1.0
GO_CC	hypermethylated	Coated Vesicle (GO:0030135)	77	492	33010	0		1.0	1.0
GO_CC	hypermethylated	Condensed Chromosome, Centromeric Region (GO:0000779)	9	492	33010	0		1.0	1.0
GO_CC	hypermethylated	Core Mediator Complex (GO:0070847)	22	492	33010	0		1.0	1.0
GO_CC	hypermethylated	Cornified Envelope (GO:0001533)	40	492	33010	0		1.0	1.0
GO_CC	hypermethylated	Cortical Endoplasmic Reticulum (GO:0032541)	4	492	33010	0		1.0	1.0
GO_CC	hypermethylated	Cortical Granule (GO:0060473)	5	492	33010	0		1.0	1.0
GO_CC	hypermethylated	Cyclin-Dependent Protein Kinase Holoenzyme Complex (GO:0000307)	37	492	33010	0		1.0	1.0
GO_CC	hypermethylated	cyclin/CDK Positive Transcription Elongation Factor Complex (GO:0008024)	5	492	33010	0		1.0	1.0
GO_CC	hypermethylated	Cytolytic Granule (GO:0044194)	7	492	33010	0		1.0	1.0
GO_CC	hypermethylated	Cytoplasmic Dynein Complex (GO:0005868)	16	492	33010	0		1.0	1.0
GO_CC	hypermethylated	Cytoplasmic Side Of Endoplasmic Reticulum Membrane (GO:0098554)	13	492	33010	0		1.0	1.0
GO_CC	hypermethylated	Cytoplasmic Side Of Endosome Membrane (GO:0010009)	5	492	33010	0		1.0	1.0
GO_CC	hypermethylated	Cytoplasmic Side Of Lysosomal Membrane (GO:0098574)	12	492	33010	0		1.0	1.0
GO_CC	hypermethylated	Cytosolic Large Ribosomal Subunit (GO:0022625)	49	492	33010	0		1.0	1.0
GO_CC	hypermethylated	Cytosolic Small Ribosomal Subunit (GO:0022627)	36	492	33010	0		1.0	1.0
GO_CC	hypermethylated	Death-Inducing Signaling Complex (GO:0031264)	7	492	33010	0		1.0	1.0
GO_CC	hypermethylated	Dendrite Cytoplasm (GO:0032839)	8	492	33010	0		1.0	1.0
GO_CC	hypermethylated	Dendritic Spine Membrane (GO:0032591)	7	492	33010	0		1.0	1.0
GO_CC	hypermethylated	Desmosome (GO:0030057)	16	492	33010	0		1.0	1.0
GO_CC	hypermethylated	Dihydrolipoyl Dehydrogenase Complex (GO:0045240)	7	492	33010	0		1.0	1.0
GO_CC	hypermethylated	Dystroglycan Complex (GO:0016011)	6	492	33010	0		1.0	1.0
GO_CC	hypermethylated	Early Endosome Membrane (GO:0031901)	104	492	33010	0		1.0	1.0
GO_CC	hypermethylated	Early Phagosome (GO:0032009)	10	492	33010	0		1.0	1.0
GO_CC	hypermethylated	Endocytic Vesicle Lumen (GO:0071682)	21	492	33010	0		1.0	1.0
GO_CC	hypermethylated	Endolysosome (GO:0036019)	25	492	33010	0		1.0	1.0
GO_CC	hypermethylated	Endolysosome Membrane (GO:0036020)	16	492	33010	0		1.0	1.0
GO_CC	hypermethylated	Endopeptidase Complex (GO:1905369)	14	492	33010	0		1.0	1.0
GO_CC	hypermethylated	Endoplasmic Reticulum Tubular Network (GO:0071782)	25	492	33010	0		1.0	1.0
GO_CC	hypermethylated	Endoplasmic reticulum-Golgi Intermediate Compartment Membrane (GO:0033116)	47	492	33010	0		1.0	1.0
GO_CC	hypermethylated	Endoribonuclease Complex (GO:1902555)	17	492	33010	0		1.0	1.0
GO_CC	hypermethylated	Endosome Lumen (GO:0031904)	23	492	33010	0		1.0	1.0
GO_CC	hypermethylated	Excitatory Synapse (GO:0060076)	19	492	33010	0		1.0	1.0
GO_CC	hypermethylated	Exocytic Vesicle (GO:0070382)	13	492	33010	0		1.0	1.0
GO_CC	hypermethylated	External Side Of Apical Plasma Membrane (GO:0098591)	5	492	33010	0		1.0	1.0
GO_CC	hypermethylated	Extracellular Membrane-Bounded Organelle (GO:0065010)	56	492	33010	0		1.0	1.0
GO_CC	hypermethylated	Extracellular Vesicle (GO:1903561)	58	492	33010	0		1.0	1.0
GO_CC	hypermethylated	Extrinsic Component Of Endoplasmic Reticulum Membrane (GO:0042406)	5	492	33010	0		1.0	1.0
GO_CC	hypermethylated	Extrinsic Component Of Endosome Membrane (GO:0031313)	6	492	33010	0		1.0	1.0
GO_CC	hypermethylated	Filopodium Membrane (GO:0031527)	10	492	33010	0		1.0	1.0
GO_CC	hypermethylated	Gamma-Delta T Cell Receptor Complex (GO:0042106)	2	492	33010	0		1.0	1.0
GO_CC	hypermethylated	Germ Plasm (GO:0060293)	14	492	33010	0		1.0	1.0
GO_CC	hypermethylated	Glial Cell Projection (GO:0097386)	12	492	33010	0		1.0	1.0
GO_CC	hypermethylated	Heterotrimeric G-protein Complex (GO:0005834)	24	492	33010	0		1.0	1.0
GO_CC	hypermethylated	High-Density Lipoprotein Particle (GO:0034364)	18	492	33010	0		1.0	1.0
GO_CC	hypermethylated	Histone Acetyltransferase Complex (GO:0000123)	24	492	33010	0		1.0	1.0
GO_CC	hypermethylated	Inhibitory Synapse (GO:0060077)	5	492	33010	0		1.0	1.0
GO_CC	hypermethylated	Insulin-Responsive Compartment (GO:0032593)	5	492	33010	0		1.0	1.0
GO_CC	hypermethylated	Intercalated Disc (GO:0014704)	30	492	33010	0		1.0	1.0
GO_CC	hypermethylated	Intracellular Vesicle (GO:0097708)	11	492	33010	0		1.0	1.0
GO_CC	hypermethylated	Junctional Sarcoplasmic Reticulum Membrane (GO:0014701)	8	492	33010	0		1.0	1.0
GO_CC	hypermethylated	Keratin Filament (GO:0045095)	38	492	33010	0		1.0	1.0
GO_CC	hypermethylated	Kinetochore Microtubule (GO:0005828)	18	492	33010	0		1.0	1.0
GO_CC	hypermethylated	Large Ribosomal Subunit (GO:0015934)	49	492	33010	0		1.0	1.0
GO_CC	hypermethylated	Late Endosome Lumen (GO:0031906)	6	492	33010	0		1.0	1.0
GO_CC	hypermethylated	Late Endosome Membrane (GO:0031902)	78	492	33010	0		1.0	1.0
GO_CC	hypermethylated	Low-Density Lipoprotein Particle (GO:0034362)	6	492	33010	0		1.0	1.0
GO_CC	hypermethylated	Lysosomal Lumen (GO:0043202)	78	492	33010	0		1.0	1.0
GO_CC	hypermethylated	mRNA Cleavage And Polyadenylation Specificity Factor Complex (GO:0005847)	12	492	33010	0		1.0	1.0
GO_CC	hypermethylated	Macropinosome (GO:0044354)	6	492	33010	0		1.0	1.0
GO_CC	hypermethylated	Melanosome (GO:0042470)	28	492	33010	0		1.0	1.0
GO_CC	hypermethylated	Melanosome Membrane (GO:0033162)	13	492	33010	0		1.0	1.0
GO_CC	hypermethylated	Membrane Attack Complex (GO:0005579)	6	492	33010	0		1.0	1.0
GO_CC	hypermethylated	Microbody Lumen (GO:0031907)	49	492	33010	0		1.0	1.0
GO_CC	hypermethylated	Microbody Membrane (GO:0031903)	53	492	33010	0		1.0	1.0
GO_CC	hypermethylated	Microfibril (GO:0001527)	11	492	33010	0		1.0	1.0
GO_CC	hypermethylated	Mitochondrial Alpha-Ketoglutarate Dehydrogenase Complex (GO:0005947)	5	492	33010	0		1.0	1.0
GO_CC	hypermethylated	Mitochondrial Intermembrane Space (GO:0005758)	58	492	33010	0		1.0	1.0
GO_CC	hypermethylated	Mitochondrial Matrix (GO:0005759)	340	492	33010	0		1.0	1.0
GO_CC	hypermethylated	Mitochondrial Outer Membrane (GO:0005741)	142	492	33010	0		1.0	1.0
GO_CC	hypermethylated	Mitochondrial Outer Membrane Translocase Complex (GO:0005742)	20	492	33010	0		1.0	1.0
GO_CC	hypermethylated	Mitochondrial Proton-Transporting ATP Synthase Complex (GO:0005753)	16	492	33010	0		1.0	1.0
GO_CC	hypermethylated	Mitochondrial Proton-Transporting ATP Synthase Complex, Coupling Factor F(o) (GO:0000276)	7	492	33010	0		1.0	1.0
GO_CC	hypermethylated	Mitochondrial Respiratory Chain Complex I (GO:0005747)	39	492	33010	0		1.0	1.0
GO_CC	hypermethylated	Mitochondrial Respiratory Chain Complex III (GO:0005750)	11	492	33010	0		1.0	1.0
GO_CC	hypermethylated	Mitochondrial Ribosome (GO:0005761)	22	492	33010	0		1.0	1.0
GO_CC	hypermethylated	Mitotic Spindle Microtubule (GO:1990498)	12	492	33010	0		1.0	1.0
GO_CC	hypermethylated	Multimeric Ribonuclease P Complex (GO:0030681)	9	492	33010	0		1.0	1.0
GO_CC	hypermethylated	Multivesicular Body (GO:0005771)	46	492	33010	0		1.0	1.0
GO_CC	hypermethylated	Multivesicular Body Lumen (GO:0097486)	4	492	33010	0		1.0	1.0
GO_CC	hypermethylated	Multivesicular Body Membrane (GO:0032585)	19	492	33010	0		1.0	1.0
GO_CC	hypermethylated	Multivesicular Body, Internal Vesicle (GO:0097487)	5	492	33010	0		1.0	1.0
GO_CC	hypermethylated	Muscle Myosin Complex (GO:0005859)	13	492	33010	0		1.0	1.0
GO_CC	hypermethylated	Myofibril (GO:0030016)	28	492	33010	0		1.0	1.0
GO_CC	hypermethylated	Myosin Filament (GO:0032982)	15	492	33010	0		1.0	1.0
GO_CC	hypermethylated	nBAF Complex (GO:0071565)	14	492	33010	0		1.0	1.0
GO_CC	hypermethylated	Neuromuscular Junction (GO:0031594)	38	492	33010	0		1.0	1.0
GO_CC	hypermethylated	Neuron Projection Cytoplasm (GO:0120111)	9	492	33010	0		1.0	1.0
GO_CC	hypermethylated	Neuron To Neuron Synapse (GO:0098984)	9	492	33010	0		1.0	1.0
GO_CC	hypermethylated	Neurotransmitter Receptor Complex (GO:0098878)	6	492	33010	0		1.0	1.0
GO_CC	hypermethylated	Non-Motile Cilium (GO:0097730)	27	492	33010	0		1.0	1.0
GO_CC	hypermethylated	npBAF Complex (GO:0071564)	12	492	33010	0		1.0	1.0
GO_CC	hypermethylated	Nuclear Envelope Lumen (GO:0005641)	5	492	33010	0		1.0	1.0
GO_CC	hypermethylated	Nuclear Inclusion Body (GO:0042405)	10	492	33010	0		1.0	1.0
GO_CC	hypermethylated	Nuclear Inner Membrane (GO:0005637)	27	492	33010	0		1.0	1.0
GO_CC	hypermethylated	Nuclear Outer Membrane (GO:0005640)	16	492	33010	0		1.0	1.0
GO_CC	hypermethylated	Nucleolar Exosome (RNase Complex) (GO:0101019)	9	492	33010	0		1.0	1.0
GO_CC	hypermethylated	Organelle Outer Membrane (GO:0031968)	158	492	33010	0		1.0	1.0
GO_CC	hypermethylated	Outer Dynein Arm (GO:0036157)	7	492	33010	0		1.0	1.0
GO_CC	hypermethylated	Pericentric Heterochromatin (GO:0005721)	21	492	33010	0		1.0	1.0
GO_CC	hypermethylated	Perineuronal Net (GO:0072534)	8	492	33010	0		1.0	1.0
GO_CC	hypermethylated	Perisynaptic Extracellular Matrix (GO:0098966)	9	492	33010	0		1.0	1.0
GO_CC	hypermethylated	Peroxisomal Matrix (GO:0005782)	49	492	33010	0		1.0	1.0
GO_CC	hypermethylated	Peroxisomal Membrane (GO:0005778)	53	492	33010	0		1.0	1.0
GO_CC	hypermethylated	Peroxisome (GO:0005777)	128	492	33010	0		1.0	1.0
GO_CC	hypermethylated	Phagocytic Vesicle Membrane (GO:0030670)	43	492	33010	0		1.0	1.0
GO_CC	hypermethylated	Phosphatidylinositol 3-Kinase Complex, Class I (GO:0097651)	8	492	33010	0		1.0	1.0
GO_CC	hypermethylated	Phosphatidylinositol 3-Kinase Complex, Class IA (GO:0005943)	8	492	33010	0		1.0	1.0
GO_CC	hypermethylated	Phosphatidylinositol 3-Kinase Complex, Class III (GO:0035032)	6	492	33010	0		1.0	1.0
GO_CC	hypermethylated	Pi-Body (GO:0071546)	9	492	33010	0		1.0	1.0
GO_CC	hypermethylated	Pigment Granule (GO:0048770)	22	492	33010	0		1.0	1.0
GO_CC	hypermethylated	Pigment Granule Membrane (GO:0090741)	13	492	33010	0		1.0	1.0
GO_CC	hypermethylated	Pinosome (GO:0044352)	6	492	33010	0		1.0	1.0
GO_CC	hypermethylated	Platelet Alpha Granule (GO:0031091)	78	492	33010	0		1.0	1.0
GO_CC	hypermethylated	Platelet Alpha Granule Lumen (GO:0031093)	57	492	33010	0		1.0	1.0
GO_CC	hypermethylated	Platelet Alpha Granule Membrane (GO:0031092)	15	492	33010	0		1.0	1.0
GO_CC	hypermethylated	Platelet Dense Granule Membrane (GO:0031088)	4	492	33010	0		1.0	1.0
GO_CC	hypermethylated	Platelet Dense Tubular Network (GO:0031094)	10	492	33010	0		1.0	1.0
GO_CC	hypermethylated	Platelet Dense Tubular Network Membrane (GO:0031095)	8	492	33010	0		1.0	1.0
GO_CC	hypermethylated	Podosome (GO:0002102)	12	492	33010	0		1.0	1.0
GO_CC	hypermethylated	Polysomal Ribosome (GO:0042788)	26	492	33010	0		1.0	1.0
GO_CC	hypermethylated	post-mRNA Release Spliceosomal Complex (GO:0071014)	8	492	33010	0		1.0	1.0
GO_CC	hypermethylated	Postsynaptic Recycling Endosome (GO:0098837)	4	492	33010	0		1.0	1.0
GO_CC	hypermethylated	Precatalytic Spliceosome (GO:0071011)	49	492	33010	0		1.0	1.0
GO_CC	hypermethylated	Preribosome, Large Subunit Precursor (GO:0030687)	17	492	33010	0		1.0	1.0
GO_CC	hypermethylated	Preribosome, Small Subunit Precursor (GO:0030688)	10	492	33010	0		1.0	1.0
GO_CC	hypermethylated	Prespliceosome (GO:0071010)	14	492	33010	0		1.0	1.0
GO_CC	hypermethylated	Primary Lysosome (GO:0005766)	10	492	33010	0		1.0	1.0
GO_CC	hypermethylated	Protein Phosphatase 4 Complex (GO:0030289)	4	492	33010	0		1.0	1.0
GO_CC	hypermethylated	Protein Phosphatase Type 2A Complex (GO:0000159)	15	492	33010	0		1.0	1.0
GO_CC	hypermethylated	Protein Serine/Threonine Phosphatase Complex (GO:0008287)	27	492	33010	0		1.0	1.0
GO_CC	hypermethylated	Proton-Transporting ATP Synthase Complex (GO:0045259)	16	492	33010	0		1.0	1.0
GO_CC	hypermethylated	Proton-Transporting V-type ATPase, V0 Domain (GO:0033179)	6	492	33010	0		1.0	1.0
GO_CC	hypermethylated	Pseudopodium (GO:0031143)	6	492	33010	0		1.0	1.0
GO_CC	hypermethylated	Recycling Endosome Membrane (GO:0055038)	66	492	33010	0		1.0	1.0
GO_CC	hypermethylated	Respiratory Chain Complex I (GO:0045271)	39	492	33010	0		1.0	1.0
GO_CC	hypermethylated	Respiratory Chain Complex III (GO:0045275)	11	492	33010	0		1.0	1.0
GO_CC	hypermethylated	Ribonuclease MRP Complex (GO:0000172)	7	492	33010	0		1.0	1.0
GO_CC	hypermethylated	Ribosome (GO:0005840)	58	492	33010	0		1.0	1.0
GO_CC	hypermethylated	Rough Endoplasmic Reticulum (GO:0005791)	29	492	33010	0		1.0	1.0
GO_CC	hypermethylated	Rough Endoplasmic Reticulum Membrane (GO:0030867)	4	492	33010	0		1.0	1.0
GO_CC	hypermethylated	Sarcoglycan Complex (GO:0016012)	5	492	33010	0		1.0	1.0
GO_CC	hypermethylated	Sarcolemma (GO:0042383)	51	492	33010	0		1.0	1.0
GO_CC	hypermethylated	Sarcoplasmic Reticulum (GO:0016529)	43	492	33010	0		1.0	1.0
GO_CC	hypermethylated	Sarcoplasmic Reticulum Membrane (GO:0033017)	26	492	33010	0		1.0	1.0
GO_CC	hypermethylated	Secondary Lysosome (GO:0005767)	13	492	33010	0		1.0	1.0
GO_CC	hypermethylated	Secretory Vesicle (GO:0099503)	13	492	33010	0		1.0	1.0
GO_CC	hypermethylated	Septin Cytoskeleton (GO:0032156)	11	492	33010	0		1.0	1.0
GO_CC	hypermethylated	Septin Ring (GO:0005940)	11	492	33010	0		1.0	1.0
GO_CC	hypermethylated	Serine C-palmitoyltransferase Complex (GO:0017059)	7	492	33010	0		1.0	1.0
GO_CC	hypermethylated	Serine Protease Inhibitor Complex (GO:0097180)	5	492	33010	0		1.0	1.0
GO_CC	hypermethylated	Serine-Type Endopeptidase Complex (GO:1905370)	10	492	33010	0		1.0	1.0
GO_CC	hypermethylated	Serine-Type Peptidase Complex (GO:1905286)	12	492	33010	0		1.0	1.0
GO_CC	hypermethylated	Serine/Threonine Protein Kinase Complex (GO:1902554)	56	492	33010	0		1.0	1.0
GO_CC	hypermethylated	Sex Chromosome (GO:0000803)	5	492	33010	0		1.0	1.0
GO_CC	hypermethylated	Shelterin Complex (GO:0070187)	5	492	33010	0		1.0	1.0
GO_CC	hypermethylated	Signal Recognition Particle, Endoplasmic Reticulum Targeting (GO:0005786)	5	492	33010	0		1.0	1.0
GO_CC	hypermethylated	Small Ribosomal Subunit (GO:0015935)	37	492	33010	0		1.0	1.0
GO_CC	hypermethylated	Small-Subunit Processome (GO:0032040)	68	492	33010	0		1.0	1.0
GO_CC	hypermethylated	Smooth Endoplasmic Reticulum (GO:0005790)	18	492	33010	0		1.0	1.0
GO_CC	hypermethylated	Sodium Channel Complex (GO:0034706)	18	492	33010	0		1.0	1.0
GO_CC	hypermethylated	Sodium:Potassium-Exchanging ATPase Complex (GO:0005890)	9	492	33010	0		1.0	1.0
GO_CC	hypermethylated	Specific Granule Lumen (GO:0035580)	58	492	33010	0		1.0	1.0
GO_CC	hypermethylated	Spectrin-Associated Cytoskeleton (GO:0014731)	7	492	33010	0		1.0	1.0
GO_CC	hypermethylated	Spherical High-Density Lipoprotein Particle (GO:0034366)	7	492	33010	0		1.0	1.0
GO_CC	hypermethylated	Spindle Microtubule (GO:0005876)	64	492	33010	0		1.0	1.0
GO_CC	hypermethylated	Spliceosomal snRNP Complex (GO:0097525)	54	492	33010	0		1.0	1.0
GO_CC	hypermethylated	Spliceosomal tri-snRNP Complex (GO:0097526)	35	492	33010	0		1.0	1.0
GO_CC	hypermethylated	Supramolecular Fiber (GO:0099512)	35	492	33010	0		1.0	1.0
GO_CC	hypermethylated	Symmetric Synapse (GO:0032280)	2	492	33010	0		1.0	1.0
GO_CC	hypermethylated	tRNA Methyltransferase Complex (GO:0043527)	6	492	33010	0		1.0	1.0
GO_CC	hypermethylated	Tight Junction (GO:0070160)	84	492	33010	0		1.0	1.0
GO_CC	hypermethylated	trans-Golgi Network Transport Vesicle (GO:0030140)	15	492	33010	0		1.0	1.0
GO_CC	hypermethylated	Transcription Factor TFIID Complex (GO:0005669)	30	492	33010	0		1.0	1.0
GO_CC	hypermethylated	Transcription Factor TFIIH Core Complex (GO:0000439)	8	492	33010	0		1.0	1.0
GO_CC	hypermethylated	Transcription Factor TFIIH Holo Complex (GO:0005675)	9	492	33010	0		1.0	1.0
GO_CC	hypermethylated	Transcription Factor TFIIIC Complex (GO:0000127)	5	492	33010	0		1.0	1.0
GO_CC	hypermethylated	Transcription Factor TFTC Complex (GO:0033276)	16	492	33010	0		1.0	1.0
GO_CC	hypermethylated	Transferase Complex, Transferring Phosphorus-Containing Groups (GO:0061695)	7	492	33010	0		1.0	1.0
GO_CC	hypermethylated	Triglyceride-Rich Plasma Lipoprotein Particle (GO:0034385)	14	492	33010	0		1.0	1.0
GO_CC	hypermethylated	Uniplex Complex (GO:1990246)	5	492	33010	0		1.0	1.0
GO_CC	hypermethylated	Vacuolar Lumen (GO:0005775)	147	492	33010	0		1.0	1.0
GO_CC	hypermethylated	Vacuolar Proton-Transporting V-type ATPase, V0 Domain (GO:0000220)	6	492	33010	0		1.0	1.0
GO_CC	hypermethylated	Very-Low-Density Lipoprotein Particle (GO:0034361)	14	492	33010	0		1.0	1.0
GO_CC	hypermethylated	Vesicle (GO:0031982)	225	492	33010	0		1.0	1.0
GO_CC	hypermethylated	Vesicle Coat (GO:0030120)	37	492	33010	0		1.0	1.0
GO_CC	hypermethylated	Voltage-Gated Sodium Channel Complex (GO:0001518)	7	492	33010	0		1.0	1.0
GO_CC	hypermethylated	Zonula Adherens (GO:0005915)	5	492	33010	0		1.0	1.0
GO_CC	hypermethylated	Zymogen Granule (GO:0042588)	6	492	33010	0		1.0	1.0
GO_CC	hypermethylated	Zymogen Granule Membrane (GO:0042589)	6	492	33010	0		1.0	1.0
GO_CC	hypomethylated	Dendritic Spine Membrane (GO:0032591)	7	204	33010	2	GRIA1,SHISA6	0.0007819860171468122	0.36789715430720854
GO_CC	hypomethylated	Actin-Based Cell Projection (GO:0098858)	80	204	33010	4	CD44,CXADR,EZR,WWOX	0.0015523086679629053	0.36789715430720854
GO_CC	hypomethylated	Exocytic Vesicle Membrane (GO:0099501)	50	204	33010	3	PTPRN2,SYNGR2,SYT1	0.0036814231987766714	0.4106395383988021
GO_CC	hypomethylated	Synaptic Vesicle Membrane (GO:0030672)	51	204	33010	3	PTPRN2,SYNGR2,SYT1	0.0038938906717722395	0.4106395383988021
GO_CC	hypomethylated	Microvillus (GO:0005902)	57	204	33010	3	CD44,EZR,WWOX	0.005325004552359065	0.4106395383988021
GO_CC	hypomethylated	AMPA Glutamate Receptor Complex (GO:0032281)	18	204	33010	2	GRIA1,SHISA6	0.005448001496303953	0.4106395383988021
GO_CC	hypomethylated	Excitatory Synapse (GO:0060076)	19	204	33010	2	ELFN1,SHISA6	0.006064296980573026	0.4106395383988021
GO_CC	hypomethylated	Lytic Vacuole (GO:0000323)	209	204	33010	5	CD1D,CST7,MFSD1,RAB27A,RNASET2	0.00985948637880542	0.5840573622302287
GO_CC	hypomethylated	Dendrite Membrane (GO:0032590)	26	204	33010	2	GRIA1,SHISA6	0.011203725357012148	0.5840573622302287
GO_CC	hypomethylated	Asymmetric, Glutamatergic, Excitatory Synapse (GO:0098985)	2	204	33010	1	SHISA6	0.01232188527911875	0.5840573622302287
GO_CC	hypomethylated	Synaptic Membrane (GO:0097060)	30	204	33010	2	GRIA1,SHISA6	0.014755581500659105	0.6199965852440626
GO_CC	hypomethylated	Ionotropic Glutamate Receptor Complex (GO:0008328)	32	204	33010	2	GRIA1,SHISA6	0.01668968318069056	0.6199965852440626
GO_CC	hypomethylated	Membrane Raft (GO:0045121)	162	204	33010	4	CXADR,EZR,S100A10,TNFRSF10A	0.018380984629767387	0.6199965852440626
GO_CC	hypomethylated	Basolateral Plasma Membrane (GO:0016323)	163	204	33010	4	AJAP1,CD44,CXADR,EZR	0.018754897568013264	0.6199965852440626
GO_CC	hypomethylated	Polymeric Cytoskeletal Fiber (GO:0099513)	249	204	33010	5	CCT5,CCT6A,COTL1,EZR,RADIL	0.01962014510266021	0.6199965852440626
GO_CC	hypomethylated	Microtubule (GO:0005874)	175	204	33010	4	CCT5,CCT6A,PARP4,RADIL	0.02361181611169123	0.6502342163740346
GO_CC	hypomethylated	Early Endosome Membrane (GO:0031901)	104	204	33010	3	ATP13A3,GRIA1,PMEPA1	0.02685691468435345	0.6502342163740346
GO_CC	hypomethylated	Cytoplasmic Vesicle Membrane (GO:0030659)	367	204	33010	6	CD44,CD58,GRIA1,PMEPA1,PTPRN2,ZNRF2	0.027071006587535758	0.6502342163740346
GO_CC	hypomethylated	Apicolateral Plasma Membrane (GO:0016327)	5	204	33010	1	CXADR	0.03052198949539178	0.6502342163740346
GO_CC	hypomethylated	Nuclear Stress Granule (GO:0097165)	5	204	33010	1	RBFOX1	0.03052198949539178	0.6502342163740346
GO_CC	hypomethylated	Cell-Cell Junction (GO:0005911)	281	204	33010	5	AJAP1,CLDN4,CXADR,EZR,GRHL2	0.03088985075385642	0.6502342163740346
GO_CC	hypomethylated	Cell-Cell Contact Zone (GO:0044291)	45	204	33010	2	AJAP1,CXADR	0.03161803303464362	0.6502342163740346
GO_CC	hypomethylated	Heterochromatin (GO:0000792)	46	204	33010	2	CDKN2A,FOXC1	0.03292325146197644	0.6502342163740346
GO_CC	hypomethylated	Multivesicular Body (GO:0005771)	46	204	33010	2	CST7,RAB27A	0.03292325146197644	0.6502342163740346
GO_CC	hypomethylated	Voltage-Gated Calcium Channel Complex (GO:0005891)	48	204	33010	2	CATSPERG,SCN1A	0.03559587039088887	0.674897702611253
GO_CC	hypomethylated	Spindle (GO:0005819)	203	204	33010	4	CSPP1,PARP4,TAF1D,TBL1XR1	0.03768253173682358	0.677398909922931
GO_CC	hypomethylated	ER To Golgi Transport Vesicle Membrane (GO:0012507)	52	204	33010	2	GRIA1,SAR1A	0.04118141170510552	0.677398909922931
GO_CC	hypomethylated	Clathrin-Sculpted Gamma-Aminobutyric Acid Transport Vesicle (GO:0061200)	7	204	33010	1	SYT1	0.04246959043363373	0.677398909922931
GO_CC	hypomethylated	Clathrin-Sculpted Gamma-Aminobutyric Acid Transport Vesicle Membrane (GO:0061202)	7	204	33010	1	SYT1	0.04246959043363373	0.677398909922931
GO_CC	hypomethylated	Filopodium (GO:0030175)	55	204	33010	2	CXADR,EZR	0.04557158227487597	0.677398909922931
GO_CC	hypomethylated	Transport Vesicle Membrane (GO:0030658)	56	204	33010	2	GRIA1,SYT1	0.0470717323958663	0.677398909922931
GO_CC	hypomethylated	Smc5-Smc6 Complex (GO:0030915)	8	204	33010	1	NSMCE2	0.0483883312617869	0.677398909922931
GO_CC	hypomethylated	Perineuronal Net (GO:0072534)	8	204	33010	1	TNR	0.0483883312617869	0.677398909922931
GO_CC	hypomethylated	Ficolin-1-Rich Granule Membrane (GO:0101003)	57	204	33010	2	CD58,PTPRN2	0.048589795226539355	0.677398909922931
GO_CC	hypomethylated	Condensed Chromosome (GO:0000793)	58	204	33010	2	NSMCE2,SMC4	0.05012549451185269	0.6788424113890907
GO_CC	hypomethylated	Microtubule Cytoskeleton (GO:0015630)	326	204	33010	5	CCT5,CCT6A,CSPP1,NAV1,RADIL	0.052522988098895135	0.6840030670077623
GO_CC	hypomethylated	Perisynaptic Extracellular Matrix (GO:0098966)	9	204	33010	1	TNR	0.054270665072543654	0.6840030670077623
GO_CC	hypomethylated	Cortical Cytoskeleton (GO:0030863)	61	204	33010	2	COTL1,EZR	0.0548356889162341	0.6840030670077623
GO_CC	hypomethylated	Adherens Junction (GO:0005912)	142	204	33010	3	AJAP1,CXADR,EZR	0.058265567502451904	0.7058987281124651
GO_CC	hypomethylated	Actin Filament (GO:0005884)	64	204	33010	2	COTL1,EZR	0.059694922913451666	0.7058987281124651
GO_CC	hypomethylated	Recycling Endosome Membrane (GO:0055038)	66	204	33010	2	ATP13A3,GRIA1	0.06301373135220545	0.7058987281124651
GO_CC	hypomethylated	Glutamatergic Synapse (GO:0098978)	67	204	33010	2	DLGAP2,SHISA6	0.0646961654572486	0.7058987281124651
GO_CC	hypomethylated	Cytoplasmic Stress Granule (GO:0010494)	71	204	33010	2	RBFOX1,ZFAND1	0.07157362415991016	0.7058987281124651
GO_CC	hypomethylated	SUMO Ligase Complex (GO:0106068)	12	204	33010	1	NSMCE2	0.07170144610515007	0.7058987281124651
GO_CC	hypomethylated	Lysosome (GO:0005764)	472	204	33010	6	CD1D,CST7,GPR137B,MFSD1,RAB27A,RNASET2	0.07373304178773289	0.7058987281124651
GO_CC	hypomethylated	Bicellular Tight Junction (GO:0005923)	74	204	33010	2	CLDN4,CXADR	0.07688002598239417	0.7058987281124651
GO_CC	hypomethylated	CatSper Complex (GO:0036128)	13	204	33010	1	CATSPERG	0.07744036679714807	0.7058987281124651
GO_CC	hypomethylated	Chitosome (GO:0045009)	13	204	33010	1	RAB27A	0.07744036679714807	0.7058987281124651
GO_CC	hypomethylated	Exocytic Vesicle (GO:0070382)	13	204	33010	1	RAB27A	0.07744036679714807	0.7058987281124651
GO_CC	hypomethylated	Melanosome Membrane (GO:0033162)	13	204	33010	1	RAB27A	0.07744036679714807	0.7058987281124651
GO_CC	hypomethylated	Pigment Granule Membrane (GO:0090741)	13	204	33010	1	RAB27A	0.07744036679714807	0.7058987281124651
GO_CC	hypomethylated	Secretory Vesicle (GO:0099503)	13	204	33010	1	RAB27A	0.07744036679714807	0.7058987281124651
GO_CC	hypomethylated	Germ Plasm (GO:0060293)	14	204	33010	1	HENMT1	0.08314398122189517	0.7385698885692794
GO_CC	hypomethylated	Late Endosome Membrane (GO:0031902)	78	204	33010	2	ATP13A3,RAB27A	0.08414087338131031	0.7385698885692794
GO_CC	hypomethylated	COPII Vesicle Coat (GO:0030127)	15	204	33010	1	SAR1A	0.08881250552274174	0.7654023203232652
GO_CC	hypomethylated	Dense Core Granule (GO:0031045)	16	204	33010	1	SYT1	0.09444615452632897	0.7933313020254694
GO_CC	hypomethylated	Tight Junction (GO:0070160)	84	204	33010	2	CLDN4,CXADR	0.09540059961065771	0.7933313020254694
GO_CC	hypomethylated	Ficolin-1-Rich Granule (GO:0101002)	177	204	33010	3	CD58,COTL1,PTPRN2	0.09729225865845857	0.7951125966225753
GO_CC	hypomethylated	Nucleus (GO:0005634)	4109	204	33010	32	ASIC2,CDKN2A,COPS5,CREM,FOXC1,GATAD2B,GON4L,GRHL2,HENMT1,LINC-PINT,MDC1,MYT1L,NFE2L3,NSMCE2,PARP1,PARP4,PHACTR1,PRDM16,RBFOX1,RBFOX3,RPS2,SMC4,SRSF7,SUB1,TBL1XR1,TCERG1L,TMPO,TRIM15,WWOX,ZBTB16,ZCCHC8,ZNF217	0.0995731356709712	0.799960445898989
GO_CC	hypomethylated	Intracellular Membrane-Bounded Organelle (GO:0043231)	4741	204	33010	36	ASIC2,BCL9,CDKN2A,COPS5,CREM,CYP27C1,FOXC1,GATAD2B,GON4L,GRHL2,HENMT1,LINC-PINT,MDC1,MYT1L,NFE2L3,NSMCE2,PARP1,PARP4,PHACTR1,PMEPA1,PRDM16,RBFOX1,RBFOX3,RPS2,SMC4,SRSF7,SUB1,TBL1XR1,TCERG1L,TMPO,TRIM15,WWOX,ZBTB16,ZCCHC8,ZNF217,ZNRF2	0.10914520236589506	0.8507689193356648
GO_CC	hypomethylated	Multivesicular Body Membrane (GO:0032585)	19	204	33010	1	RAB27A	0.11113997843658711	0.8507689193356648
GO_CC	hypomethylated	Late Endosome (GO:0005770)	188	204	33010	3	ATP13A3,CST7,RAB27A	0.11128201054601523	0.8507689193356648
GO_CC	hypomethylated	Apical Junction Complex (GO:0043296)	96	204	33010	2	CLDN4,CXADR	0.1190786020158847	0.8959247199290372
GO_CC	hypomethylated	P Granule (GO:0043186)	21	204	33010	1	HENMT1	0.12209869784982504	0.9042934809502666
GO_CC	hypomethylated	Pigment Granule (GO:0048770)	22	204	33010	1	RAB27A	0.12752753369324663	0.9299700149322908
GO_CC	hypomethylated	U12-type Spliceosomal Complex (GO:0005689)	24	204	33010	1	RBMXL2	0.1382851868137688	0.9931390689352486
GO_CC	hypomethylated	Condensed Nuclear Chromosome (GO:0000794)	26	204	33010	1	SMC4	0.1489108394624711	1.0
GO_CC	hypomethylated	Nucleolus (GO:0005730)	716	204	33010	7	ADARB2,ASIC2,PARP1,RPS2,SUB1,TAF1D,ZCCHC8	0.15665338621874042	1.0
GO_CC	hypomethylated	Melanosome (GO:0042470)	28	204	33010	1	RAB27A	0.1594061034537644	1.0
GO_CC	hypomethylated	Nuclear Lumen (GO:0031981)	724	204	33010	7	ADARB2,ASIC2,PARP1,RPS2,SUB1,TAF1D,ZCCHC8	0.16289442404600105	1.0
GO_CC	hypomethylated	Cytoplasmic Side Of Plasma Membrane (GO:0009898)	118	204	33010	2	AJAP1,EZR	0.16555533272408998	1.0
GO_CC	hypomethylated	Intercalated Disc (GO:0014704)	30	204	33010	1	CXADR	0.16977257101697052	1.0
GO_CC	hypomethylated	Postsynaptic Density Membrane (GO:0098839)	32	204	33010	1	GRIA1	0.18001181503313055	1.0
GO_CC	hypomethylated	Asymmetric Synapse (GO:0032279)	125	204	33010	2	GRIA1,SHISA6	0.1809434190729613	1.0
GO_CC	hypomethylated	Aggresome (GO:0016235)	33	204	33010	1	PRDM16	0.18508421450348173	1.0
GO_CC	hypomethylated	Supramolecular Fiber (GO:0099512)	35	204	33010	1	CTPS1	0.19513553060172456	1.0
GO_CC	hypomethylated	Cytosolic Small Ribosomal Subunit (GO:0022627)	36	204	33010	1	RPS2	0.2001148286080095	1.0
GO_CC	hypomethylated	Postsynaptic Specialization Membrane (GO:0099634)	36	204	33010	1	GRIA1	0.2001148286080095	1.0
GO_CC	hypomethylated	Small Ribosomal Subunit (GO:0015935)	37	204	33010	1	RPS2	0.20506347223522994	1.0
GO_CC	hypomethylated	Vesicle Coat (GO:0030120)	37	204	33010	1	SAR1A	0.20506347223522994	1.0
GO_CC	hypomethylated	Focal Adhesion (GO:0005925)	377	204	33010	4	CD44,EZR,MDC1,RPS2	0.20551623259861634	1.0
GO_CC	hypomethylated	Dendrite (GO:0030425)	253	204	33010	3	ELFN1,GRIA1,RAB27A	0.20647327066958931	1.0
GO_CC	hypomethylated	Mitotic Spindle (GO:0072686)	137	204	33010	2	TAF1D,TBL1XR1	0.20777088358047224	1.0
GO_CC	hypomethylated	Neuromuscular Junction (GO:0031594)	38	204	33010	1	SYNGR2	0.20998164927899335	1.0
GO_CC	hypomethylated	Cell-Substrate Junction (GO:0030055)	383	204	33010	4	CD44,EZR,MDC1,RPS2	0.21320443472243955	1.0
GO_CC	hypomethylated	Postsynaptic Density (GO:0014069)	144	204	33010	2	GRIA1,SHISA6	0.22360840658567652	1.0
GO_CC	hypomethylated	Neuron Projection (GO:0043005)	524	204	33010	5	CXADR,ELFN1,GRIA1,RAB27A,SYT1	0.22469832190619943	1.0
GO_CC	hypomethylated	Secretory Granule Membrane (GO:0030667)	266	204	33010	3	CD44,CD58,PTPRN2	0.22736146799649148	1.0
GO_CC	hypomethylated	Cortical Actin Cytoskeleton (GO:0030864)	42	204	33010	1	COTL1	0.22935340760856335	1.0
GO_CC	hypomethylated	Recycling Endosome (GO:0055037)	147	204	33010	2	ATP13A3,GRIA1	0.23042551570666633	1.0
GO_CC	hypomethylated	Endocytic Vesicle Membrane (GO:0030666)	148	204	33010	2	GRIA1,SYT1	0.2327010311237403	1.0
GO_CC	hypomethylated	cis-Golgi Network (GO:0005801)	44	204	33010	1	BCL9	0.238861286467504	1.0
GO_CC	hypomethylated	Tertiary Granule (GO:0070820)	154	204	33010	2	CD58,PTPRN2	0.24637988037501746	1.0
GO_CC	hypomethylated	Intracellular Non-Membrane-Bounded Organelle (GO:0043232)	1113	204	33010	9	ADARB2,ASIC2,CSPP1,MDC1,PARP1,RPS2,SUB1,TAF1D,ZCCHC8	0.252223329870983	1.0
GO_CC	hypomethylated	Endoplasmic reticulum-Golgi Intermediate Compartment Membrane (GO:0033116)	47	204	33010	1	GRIA1	0.25290467146940987	1.0
GO_CC	hypomethylated	Early Endosome (GO:0005769)	287	204	33010	3	ATP13A3,GRIA1,PMEPA1	0.2618693441290423	1.0
GO_CC	hypomethylated	Microbody Lumen (GO:0031907)	49	204	33010	1	PEX7	0.26212337961152704	1.0
GO_CC	hypomethylated	Peroxisomal Matrix (GO:0005782)	49	204	33010	1	PEX7	0.26212337961152704	1.0
GO_CC	hypomethylated	Coated Vesicle Membrane (GO:0030662)	51	204	33010	1	GRIA1	0.27122888518756927	1.0
GO_CC	hypomethylated	Secretory Granule Lumen (GO:0034774)	294	204	33010	3	COTL1,RAB27A,RNASET2	0.27352600612493433	1.0
GO_CC	hypomethylated	Microbody Membrane (GO:0031903)	53	204	33010	1	PEX7	0.28022257152213925	1.0
GO_CC	hypomethylated	Peroxisomal Membrane (GO:0005778)	53	204	33010	1	PEX7	0.28022257152213925	1.0
GO_CC	hypomethylated	Acrosomal Vesicle (GO:0001669)	56	204	33010	1	CXADR	0.29350642462245613	1.0
GO_CC	hypomethylated	Calcium Channel Complex (GO:0034704)	57	204	33010	1	SCN1A	0.29787993586166905	1.0
GO_CC	hypomethylated	Specific Granule Lumen (GO:0035580)	58	204	33010	1	RAB27A	0.302226505008157	1.0
GO_CC	hypomethylated	Clathrin-Coated Endocytic Vesicle Membrane (GO:0030669)	60	204	33010	1	SYT1	0.31083947664947803	1.0
GO_CC	hypomethylated	Spindle Microtubule (GO:0005876)	64	204	33010	1	PARP4	0.32774931463471113	1.0
GO_CC	hypomethylated	Endosome Membrane (GO:0010008)	330	204	33010	3	ATP13A3,GRIA1,PMEPA1	0.3340571711437023	1.0
GO_CC	hypomethylated	Vesicle Membrane (GO:0012506)	66	204	33010	1	ZNRF2	0.3360487518277796	1.0
GO_CC	hypomethylated	Motile Cilium (GO:0031514)	68	204	33010	1	CATSPERG	0.3442462223579495	1.0
GO_CC	hypomethylated	COPII-coated ER To Golgi Transport Vesicle (GO:0030134)	72	204	33010	1	GRIA1	0.36034023491804373	1.0
GO_CC	hypomethylated	Clathrin-Coated Endocytic Vesicle (GO:0045334)	76	204	33010	1	SYT1	0.37604114471727634	1.0
GO_CC	hypomethylated	Plasma Membrane Raft (GO:0044853)	81	204	33010	1	EZR	0.39512901639778447	1.0
GO_CC	hypomethylated	Azurophil Granule Lumen (GO:0035578)	82	204	33010	1	RNASET2	0.39887628113873763	1.0
GO_CC	hypomethylated	Clathrin-Coated Vesicle Membrane (GO:0030665)	82	204	33010	1	SYT1	0.39887628113873763	1.0
GO_CC	hypomethylated	Nuclear Chromosome (GO:0000228)	92	204	33010	1	SMC4	0.43510143318039846	1.0
GO_CC	hypomethylated	Cytoplasmic Vesicle Lumen (GO:0060205)	111	204	33010	1	COTL1	0.498050114225807	1.0
GO_CC	hypomethylated	Ficolin-1-Rich Granule Lumen (GO:1904813)	119	204	33010	1	COTL1	0.522418815613662	1.0
GO_CC	hypomethylated	Bounding Membrane Of Organelle (GO:0098588)	776	204	33010	5	CD44,CD58,GRIA1,PMEPA1,PTPRN2	0.5251134307134312	1.0
GO_CC	hypomethylated	Peroxisome (GO:0005777)	128	204	33010	1	PEX7	0.5484289322968697	1.0
GO_CC	hypomethylated	Actin Cytoskeleton (GO:0015629)	313	204	33010	2	COTL1,EZR	0.5779751377710737	1.0
GO_CC	hypomethylated	Mitochondrial Outer Membrane (GO:0005741)	142	204	33010	1	PIGBOS1	0.5861146906160271	1.0
GO_CC	hypomethylated	Azurophil Granule (GO:0042582)	145	204	33010	1	RNASET2	0.593773706799166	1.0
GO_CC	hypomethylated	Vacuolar Lumen (GO:0005775)	147	204	33010	1	RNASET2	0.5988011962549431	1.0
GO_CC	hypomethylated	Specific Granule (GO:0042581)	152	204	33010	1	RAB27A	0.6111006801962183	1.0
GO_CC	hypomethylated	Chromosome (GO:0005694)	153	204	33010	1	MDC1	0.6135151747254042	1.0
GO_CC	hypomethylated	Mitochondrial Matrix (GO:0005759)	340	204	33010	2	COQ3,PPTC7	0.6230268540818785	1.0
GO_CC	hypomethylated	Organelle Outer Membrane (GO:0031968)	158	204	33010	1	PIGBOS1	0.6253657116072419	1.0
GO_CC	hypomethylated	cullin-RING Ubiquitin Ligase Complex (GO:0031461)	164	204	33010	1	ANAPC1	0.6391099651965133	1.0
GO_CC	hypomethylated	Collagen-Containing Extracellular Matrix (GO:0062023)	351	204	33010	2	S100A10,TNR	0.6402920751293478	1.0
GO_CC	hypomethylated	Endocytic Vesicle (GO:0030139)	181	204	33010	1	GRIA1	0.6753867292734768	1.0
GO_CC	hypomethylated	Axon (GO:0030424)	197	204	33010	1	SYT1	0.706206486131939	1.0
GO_CC	hypomethylated	Nuclear Membrane (GO:0031965)	214	204	33010	1	GRK5	0.7357669381838208	1.0
GO_CC	hypomethylated	Intracellular Organelle Lumen (GO:0070013)	808	204	33010	4	COQ3,COTL1,PPTC7,RNASET2	0.7383845321367146	1.0
GO_CC	hypomethylated	Vesicle (GO:0031982)	225	204	33010	1	EZR	0.753297204581263	1.0
GO_CC	hypomethylated	trans-Golgi Network (GO:0005802)	226	204	33010	1	RBFOX1	0.7548322776410592	1.0
GO_CC	hypomethylated	Cilium (GO:0005929)	241	204	33010	1	CATSPERG	0.7767498989565818	1.0
GO_CC	hypomethylated	Endoplasmic Reticulum Lumen (GO:0005788)	268	204	33010	1	RNASET2	0.8114026227606502	1.0
GO_CC	hypomethylated	Lytic Vacuole Membrane (GO:0098852)	269	204	33010	1	GPR137B	0.8125776843010821	1.0
GO_CC	hypomethylated	Mitochondrial Membrane (GO:0031966)	507	204	33010	2	COQ3,PIGBOS1	0.8230313565141676	1.0
GO_CC	hypomethylated	Endoplasmic Reticulum Membrane (GO:0005789)	752	204	33010	3	GRIA1,LMF1,PIGB	0.8463116488940626	1.0
GO_CC	hypomethylated	Cytoskeleton (GO:0005856)	569	204	33010	2	EZR,NAV1	0.8689151086541664	1.0
GO_CC	hypomethylated	Lysosomal Membrane (GO:0005765)	334	204	33010	1	GPR137B	0.875201325384104	1.0
GO_CC	hypomethylated	Mitochondrial Inner Membrane (GO:0005743)	349	204	33010	1	COQ3	0.8863934249899043	1.0
GO_CC	hypomethylated	Organelle Inner Membrane (GO:0019866)	373	204	33010	1	COQ3	0.9022596391340947	1.0
GO_CC	hypomethylated	Golgi Membrane (GO:0000139)	408	204	33010	1	PMEPA1	0.921527900335599	1.0
GO_CC	hypomethylated	9+0 Non-Motile Cilium (GO:0097731)	6	204	33010	0		1.0	1.0
GO_CC	hypomethylated	9+2 Motile Cilium (GO:0097729)	64	204	33010	0		1.0	1.0
GO_CC	hypomethylated	90S Preribosome (GO:0030686)	12	204	33010	0		1.0	1.0
GO_CC	hypomethylated	AP-1 Adaptor Complex (GO:0030121)	10	204	33010	0		1.0	1.0
GO_CC	hypomethylated	AP-2 Adaptor Complex (GO:0030122)	8	204	33010	0		1.0	1.0
GO_CC	hypomethylated	AP-3 Adaptor Complex (GO:0030123)	6	204	33010	0		1.0	1.0
GO_CC	hypomethylated	ATAC Complex (GO:0140672)	13	204	33010	0		1.0	1.0
GO_CC	hypomethylated	ATP-binding Cassette (ABC) Transporter Complex (GO:0043190)	5	204	33010	0		1.0	1.0
GO_CC	hypomethylated	ATPase Dependent Transmembrane Transport Complex (GO:0098533)	6	204	33010	0		1.0	1.0
GO_CC	hypomethylated	B-WICH Complex (GO:0110016)	6	204	33010	0		1.0	1.0
GO_CC	hypomethylated	BLOC-1 Complex (GO:0031083)	8	204	33010	0		1.0	1.0
GO_CC	hypomethylated	CD40 Receptor Complex (GO:0035631)	10	204	33010	0		1.0	1.0
GO_CC	hypomethylated	CMG Complex (GO:0071162)	10	204	33010	0		1.0	1.0
GO_CC	hypomethylated	COPI Vesicle Coat (GO:0030126)	12	204	33010	0		1.0	1.0
GO_CC	hypomethylated	COPI-coated Vesicle (GO:0030137)	6	204	33010	0		1.0	1.0
GO_CC	hypomethylated	COPI-coated Vesicle Membrane (GO:0030663)	16	204	33010	0		1.0	1.0
GO_CC	hypomethylated	Cdc73/Paf1 Complex (GO:0016593)	4	204	33010	0		1.0	1.0
GO_CC	hypomethylated	Cul2-RING Ubiquitin Ligase Complex (GO:0031462)	21	204	33010	0		1.0	1.0
GO_CC	hypomethylated	Cul3-RING Ubiquitin Ligase Complex (GO:0031463)	34	204	33010	0		1.0	1.0
GO_CC	hypomethylated	Cul4-RING E3 Ubiquitin Ligase Complex (GO:0080008)	30	204	33010	0		1.0	1.0
GO_CC	hypomethylated	Cul4A-RING E3 Ubiquitin Ligase Complex (GO:0031464)	11	204	33010	0		1.0	1.0
GO_CC	hypomethylated	Cul5-RING Ubiquitin Ligase Complex (GO:0031466)	8	204	33010	0		1.0	1.0
GO_CC	hypomethylated	ESC/E(Z) Complex (GO:0035098)	6	204	33010	0		1.0	1.0
GO_CC	hypomethylated	G Protein-Coupled Receptor Dimeric Complex (GO:0038037)	6	204	33010	0		1.0	1.0
GO_CC	hypomethylated	GABA-A Receptor Complex (GO:1902711)	15	204	33010	0		1.0	1.0
GO_CC	hypomethylated	GABA-ergic Synapse (GO:0098982)	14	204	33010	0		1.0	1.0
GO_CC	hypomethylated	GBAF Complex (GO:0140288)	13	204	33010	0		1.0	1.0
GO_CC	hypomethylated	Golgi Cis Cisterna (GO:0000137)	10	204	33010	0		1.0	1.0
GO_CC	hypomethylated	Golgi Cisterna (GO:0031985)	31	204	33010	0		1.0	1.0
GO_CC	hypomethylated	Golgi Cisterna Membrane (GO:0032580)	9	204	33010	0		1.0	1.0
GO_CC	hypomethylated	Golgi Lumen (GO:0005796)	87	204	33010	0		1.0	1.0
GO_CC	hypomethylated	Golgi Medial Cisterna (GO:0005797)	9	204	33010	0		1.0	1.0
GO_CC	hypomethylated	Golgi Stack (GO:0005795)	29	204	33010	0		1.0	1.0
GO_CC	hypomethylated	Golgi Trans Cisterna (GO:0000138)	7	204	33010	0		1.0	1.0
GO_CC	hypomethylated	Golgi-associated Vesicle (GO:0005798)	42	204	33010	0		1.0	1.0
GO_CC	hypomethylated	Golgi-associated Vesicle Membrane (GO:0030660)	21	204	33010	0		1.0	1.0
GO_CC	hypomethylated	H3 Histone Acetyltransferase Complex (GO:0070775)	6	204	33010	0		1.0	1.0
GO_CC	hypomethylated	H4 Histone Acetyltransferase Complex (GO:1902562)	12	204	33010	0		1.0	1.0
GO_CC	hypomethylated	H4/H2A Histone Acetyltransferase Complex (GO:0043189)	24	204	33010	0		1.0	1.0
GO_CC	hypomethylated	HFE-transferrin Receptor Complex (GO:1990712)	7	204	33010	0		1.0	1.0
GO_CC	hypomethylated	Hrd1p Ubiquitin Ligase ERAD-L Complex (GO:0000839)	5	204	33010	0		1.0	1.0
GO_CC	hypomethylated	Hrd1p Ubiquitin Ligase Complex (GO:0000836)	7	204	33010	0		1.0	1.0
GO_CC	hypomethylated	INO80-type Complex (GO:0097346)	25	204	33010	0		1.0	1.0
GO_CC	hypomethylated	ISWI-type Complex (GO:0031010)	10	204	33010	0		1.0	1.0
GO_CC	hypomethylated	Ino80 Complex (GO:0031011)	14	204	33010	0		1.0	1.0
GO_CC	hypomethylated	MHC Class I Protein Complex (GO:0042612)	5	204	33010	0		1.0	1.0
GO_CC	hypomethylated	MHC Class II Protein Complex (GO:0042613)	12	204	33010	0		1.0	1.0
GO_CC	hypomethylated	MHC Protein Complex (GO:0042611)	18	204	33010	0		1.0	1.0
GO_CC	hypomethylated	MIB Complex (GO:0140275)	11	204	33010	0		1.0	1.0
GO_CC	hypomethylated	MICOS Complex (GO:0061617)	6	204	33010	0		1.0	1.0
GO_CC	hypomethylated	MLL1 Complex (GO:0071339)	26	204	33010	0		1.0	1.0
GO_CC	hypomethylated	MLL1/2 Complex (GO:0044665)	27	204	33010	0		1.0	1.0
GO_CC	hypomethylated	MLL3/4 Complex (GO:0044666)	9	204	33010	0		1.0	1.0
GO_CC	hypomethylated	MOZ/MORF Histone Acetyltransferase Complex (GO:0070776)	6	204	33010	0		1.0	1.0
GO_CC	hypomethylated	NADPH Oxidase Complex (GO:0043020)	12	204	33010	0		1.0	1.0
GO_CC	hypomethylated	NMDA Selective Glutamate Receptor Complex (GO:0017146)	7	204	33010	0		1.0	1.0
GO_CC	hypomethylated	NSL Complex (GO:0044545)	9	204	33010	0		1.0	1.0
GO_CC	hypomethylated	NURF Complex (GO:0016589)	3	204	33010	0		1.0	1.0
GO_CC	hypomethylated	NuA4 Histone Acetyltransferase Complex (GO:0035267)	24	204	33010	0		1.0	1.0
GO_CC	hypomethylated	P-body (GO:0000932)	81	204	33010	0		1.0	1.0
GO_CC	hypomethylated	PAR Polarity Complex (GO:0120157)	5	204	33010	0		1.0	1.0
GO_CC	hypomethylated	PRC1 Complex (GO:0035102)	15	204	33010	0		1.0	1.0
GO_CC	hypomethylated	PTW/PP1 Phosphatase Complex (GO:0072357)	6	204	33010	0		1.0	1.0
GO_CC	hypomethylated	RISC Complex (GO:0016442)	13	204	33010	0		1.0	1.0
GO_CC	hypomethylated	RISC-loading Complex (GO:0070578)	7	204	33010	0		1.0	1.0
GO_CC	hypomethylated	RNA N6-methyladenosine Methyltransferase Complex (GO:0036396)	8	204	33010	0		1.0	1.0
GO_CC	hypomethylated	RNA Polymerase I Complex (GO:0005736)	12	204	33010	0		1.0	1.0
GO_CC	hypomethylated	RNA Polymerase II, Core Complex (GO:0005665)	12	204	33010	0		1.0	1.0
GO_CC	hypomethylated	RNA Polymerase III Complex (GO:0005666)	17	204	33010	0		1.0	1.0
GO_CC	hypomethylated	RSC-type Complex (GO:0016586)	14	204	33010	0		1.0	1.0
GO_CC	hypomethylated	SAGA Complex (GO:0000124)	21	204	33010	0		1.0	1.0
GO_CC	hypomethylated	SAGA-type Complex (GO:0070461)	35	204	33010	0		1.0	1.0
GO_CC	hypomethylated	SAM Complex (GO:0001401)	11	204	33010	0		1.0	1.0
GO_CC	hypomethylated	SCF Ubiquitin Ligase Complex (GO:0019005)	59	204	33010	0		1.0	1.0
GO_CC	hypomethylated	SWI/SNF Complex (GO:0016514)	29	204	33010	0		1.0	1.0
GO_CC	hypomethylated	Set1C/COMPASS Complex (GO:0048188)	11	204	33010	0		1.0	1.0
GO_CC	hypomethylated	Sin3 Complex (GO:0016580)	19	204	33010	0		1.0	1.0
GO_CC	hypomethylated	Sin3-type Complex (GO:0070822)	19	204	33010	0		1.0	1.0
GO_CC	hypomethylated	Swr1 Complex (GO:0000812)	12	204	33010	0		1.0	1.0
GO_CC	hypomethylated	T Cell Receptor Complex (GO:0042101)	12	204	33010	0		1.0	1.0
GO_CC	hypomethylated	THO Complex Part Of Transcription Export Complex (GO:0000445)	4	204	33010	0		1.0	1.0
GO_CC	hypomethylated	TIM22 Mitochondrial Import Inner Membrane Insertion Complex (GO:0042721)	6	204	33010	0		1.0	1.0
GO_CC	hypomethylated	TIM23 Mitochondrial Import Inner Membrane Translocase Complex (GO:0005744)	12	204	33010	0		1.0	1.0
GO_CC	hypomethylated	TORC2 Complex (GO:0031932)	7	204	33010	0		1.0	1.0
GO_CC	hypomethylated	TRAPPII Protein Complex (GO:1990071)	9	204	33010	0		1.0	1.0
GO_CC	hypomethylated	TRAPPIII Protein Complex (GO:1990072)	10	204	33010	0		1.0	1.0
GO_CC	hypomethylated	U1 snRNP (GO:0005685)	17	204	33010	0		1.0	1.0
GO_CC	hypomethylated	U2 snRNP (GO:0005686)	22	204	33010	0		1.0	1.0
GO_CC	hypomethylated	U2-type Catalytic Step 1 Spliceosome (GO:0071006)	11	204	33010	0		1.0	1.0
GO_CC	hypomethylated	U2-type Catalytic Step 2 Spliceosome (GO:0071007)	29	204	33010	0		1.0	1.0
GO_CC	hypomethylated	U2-type Precatalytic Spliceosome (GO:0071005)	47	204	33010	0		1.0	1.0
GO_CC	hypomethylated	U2-type Prespliceosome (GO:0071004)	14	204	33010	0		1.0	1.0
GO_CC	hypomethylated	U2-type Spliceosomal Complex (GO:0005684)	85	204	33010	0		1.0	1.0
GO_CC	hypomethylated	U4 snRNP (GO:0005687)	9	204	33010	0		1.0	1.0
GO_CC	hypomethylated	U4/U6 X U5 tri-snRNP Complex (GO:0046540)	35	204	33010	0		1.0	1.0
GO_CC	hypomethylated	U5 snRNP (GO:0005682)	18	204	33010	0		1.0	1.0
GO_CC	hypomethylated	U6 snRNP (GO:0005688)	7	204	33010	0		1.0	1.0
GO_CC	hypomethylated	U7 snRNP (GO:0005683)	6	204	33010	0		1.0	1.0
GO_CC	hypomethylated	X Chromosome (GO:0000805)	6	204	33010	0		1.0	1.0
GO_CC	hypomethylated	Acetylcholine-Gated Channel Complex (GO:0005892)	13	204	33010	0		1.0	1.0
GO_CC	hypomethylated	Acrosomal Membrane (GO:0002080)	14	204	33010	0		1.0	1.0
GO_CC	hypomethylated	Activin Receptor Complex (GO:0048179)	5	204	33010	0		1.0	1.0
GO_CC	hypomethylated	Alpha-Beta T Cell Receptor Complex (GO:0042105)	6	204	33010	0		1.0	1.0
GO_CC	hypomethylated	Alveolar Lamellar Body (GO:0097208)	5	204	33010	0		1.0	1.0
GO_CC	hypomethylated	Amphisome (GO:0044753)	11	204	33010	0		1.0	1.0
GO_CC	hypomethylated	Amphisome Membrane (GO:1904930)	9	204	33010	0		1.0	1.0
GO_CC	hypomethylated	Anaphase-Promoting Complex (GO:0005680)	20	204	33010	0		1.0	1.0
GO_CC	hypomethylated	Apical Dendrite (GO:0097440)	9	204	33010	0		1.0	1.0
GO_CC	hypomethylated	Astral Microtubule (GO:0000235)	6	204	33010	0		1.0	1.0
GO_CC	hypomethylated	Astrocyte Projection (GO:0097449)	7	204	33010	0		1.0	1.0
GO_CC	hypomethylated	Autolysosome (GO:0044754)	8	204	33010	0		1.0	1.0
GO_CC	hypomethylated	Autophagosome (GO:0005776)	80	204	33010	0		1.0	1.0
GO_CC	hypomethylated	Autophagosome Membrane (GO:0000421)	35	204	33010	0		1.0	1.0
GO_CC	hypomethylated	Axonal Growth Cone (GO:0044295)	14	204	33010	0		1.0	1.0
GO_CC	hypomethylated	Azurophil Granule Membrane (GO:0035577)	55	204	33010	0		1.0	1.0
GO_CC	hypomethylated	bBAF Complex (GO:0140092)	9	204	33010	0		1.0	1.0
GO_CC	hypomethylated	Basement Membrane (GO:0005604)	43	204	33010	0		1.0	1.0
GO_CC	hypomethylated	beta-catenin-TCF Complex (GO:1990907)	12	204	33010	0		1.0	1.0
GO_CC	hypomethylated	Box C/D RNP Complex (GO:0031428)	5	204	33010	0		1.0	1.0
GO_CC	hypomethylated	Brahma Complex (GO:0035060)	13	204	33010	0		1.0	1.0
GO_CC	hypomethylated	Brush Border Membrane (GO:0031526)	39	204	33010	0		1.0	1.0
GO_CC	hypomethylated	Catenin Complex (GO:0016342)	28	204	33010	0		1.0	1.0
GO_CC	hypomethylated	Cation Channel Complex (GO:0034703)	51	204	33010	0		1.0	1.0
GO_CC	hypomethylated	Cation-Transporting ATPase Complex (GO:0090533)	15	204	33010	0		1.0	1.0
GO_CC	hypomethylated	Caveola (GO:0005901)	61	204	33010	0		1.0	1.0
GO_CC	hypomethylated	Cell Projection Membrane (GO:0031253)	100	204	33010	0		1.0	1.0
GO_CC	hypomethylated	Chloride Channel Complex (GO:0034707)	6	204	33010	0		1.0	1.0
GO_CC	hypomethylated	Chromatoid Body (GO:0033391)	8	204	33010	0		1.0	1.0
GO_CC	hypomethylated	Chromocenter (GO:0010369)	5	204	33010	0		1.0	1.0
GO_CC	hypomethylated	Chylomicron (GO:0042627)	8	204	33010	0		1.0	1.0
GO_CC	hypomethylated	Ciliary Membrane (GO:0060170)	35	204	33010	0		1.0	1.0
GO_CC	hypomethylated	cis-Golgi Network Membrane (GO:0033106)	7	204	33010	0		1.0	1.0
GO_CC	hypomethylated	Clathrin Adaptor Complex (GO:0030131)	18	204	33010	0		1.0	1.0
GO_CC	hypomethylated	Clathrin Coat (GO:0030118)	16	204	33010	0		1.0	1.0
GO_CC	hypomethylated	Clathrin Coat Of Coated Pit (GO:0030132)	12	204	33010	0		1.0	1.0
GO_CC	hypomethylated	Clathrin Coat Of Endocytic Vesicle (GO:0030128)	8	204	33010	0		1.0	1.0
GO_CC	hypomethylated	Clathrin Coat Of trans-Golgi Network Vesicle (GO:0030130)	12	204	33010	0		1.0	1.0
GO_CC	hypomethylated	Clathrin Vesicle Coat (GO:0030125)	12	204	33010	0		1.0	1.0
GO_CC	hypomethylated	Clathrin-Coated Vesicle (GO:0030136)	76	204	33010	0		1.0	1.0
GO_CC	hypomethylated	Coated Vesicle (GO:0030135)	77	204	33010	0		1.0	1.0
GO_CC	hypomethylated	Condensed Chromosome, Centromeric Region (GO:0000779)	9	204	33010	0		1.0	1.0
GO_CC	hypomethylated	Connexin Complex (GO:0005922)	17	204	33010	0		1.0	1.0
GO_CC	hypomethylated	Core Mediator Complex (GO:0070847)	22	204	33010	0		1.0	1.0
GO_CC	hypomethylated	Cornified Envelope (GO:0001533)	40	204	33010	0		1.0	1.0
GO_CC	hypomethylated	Cortical Endoplasmic Reticulum (GO:0032541)	4	204	33010	0		1.0	1.0
GO_CC	hypomethylated	Cortical Granule (GO:0060473)	5	204	33010	0		1.0	1.0
GO_CC	hypomethylated	Cyclin-Dependent Protein Kinase Holoenzyme Complex (GO:0000307)	37	204	33010	0		1.0	1.0
GO_CC	hypomethylated	cyclin/CDK Positive Transcription Elongation Factor Complex (GO:0008024)	5	204	33010	0		1.0	1.0
GO_CC	hypomethylated	Cytolytic Granule (GO:0044194)	7	204	33010	0		1.0	1.0
GO_CC	hypomethylated	Cytoplasmic Dynein Complex (GO:0005868)	16	204	33010	0		1.0	1.0
GO_CC	hypomethylated	Cytoplasmic Side Of Endoplasmic Reticulum Membrane (GO:0098554)	13	204	33010	0		1.0	1.0
GO_CC	hypomethylated	Cytoplasmic Side Of Endosome Membrane (GO:0010009)	5	204	33010	0		1.0	1.0
GO_CC	hypomethylated	Cytoplasmic Side Of Lysosomal Membrane (GO:0098574)	12	204	33010	0		1.0	1.0
GO_CC	hypomethylated	Cytoskeleton Of Presynaptic Active Zone (GO:0048788)	7	204	33010	0		1.0	1.0
GO_CC	hypomethylated	Cytosolic Large Ribosomal Subunit (GO:0022625)	49	204	33010	0		1.0	1.0
GO_CC	hypomethylated	Death-Inducing Signaling Complex (GO:0031264)	7	204	33010	0		1.0	1.0
GO_CC	hypomethylated	Dendrite Cytoplasm (GO:0032839)	8	204	33010	0		1.0	1.0
GO_CC	hypomethylated	Desmosome (GO:0030057)	16	204	33010	0		1.0	1.0
GO_CC	hypomethylated	Dihydrolipoyl Dehydrogenase Complex (GO:0045240)	7	204	33010	0		1.0	1.0
GO_CC	hypomethylated	Dystroglycan Complex (GO:0016011)	6	204	33010	0		1.0	1.0
GO_CC	hypomethylated	Early Phagosome (GO:0032009)	10	204	33010	0		1.0	1.0
GO_CC	hypomethylated	Endocytic Vesicle Lumen (GO:0071682)	21	204	33010	0		1.0	1.0
GO_CC	hypomethylated	Endolysosome (GO:0036019)	25	204	33010	0		1.0	1.0
GO_CC	hypomethylated	Endolysosome Membrane (GO:0036020)	16	204	33010	0		1.0	1.0
GO_CC	hypomethylated	Endopeptidase Complex (GO:1905369)	14	204	33010	0		1.0	1.0
GO_CC	hypomethylated	Endoplasmic Reticulum Tubular Network (GO:0071782)	25	204	33010	0		1.0	1.0
GO_CC	hypomethylated	Endoribonuclease Complex (GO:1902555)	17	204	33010	0		1.0	1.0
GO_CC	hypomethylated	Endosome Lumen (GO:0031904)	23	204	33010	0		1.0	1.0
GO_CC	hypomethylated	Euchromatin (GO:0000791)	38	204	33010	0		1.0	1.0
GO_CC	hypomethylated	External Side Of Apical Plasma Membrane (GO:0098591)	5	204	33010	0		1.0	1.0
GO_CC	hypomethylated	Extracellular Membrane-Bounded Organelle (GO:0065010)	56	204	33010	0		1.0	1.0
GO_CC	hypomethylated	Extracellular Vesicle (GO:1903561)	58	204	33010	0		1.0	1.0
GO_CC	hypomethylated	Extrinsic Component Of Cytoplasmic Side Of Plasma Membrane (GO:0031234)	75	204	33010	0		1.0	1.0
GO_CC	hypomethylated	Extrinsic Component Of Endoplasmic Reticulum Membrane (GO:0042406)	5	204	33010	0		1.0	1.0
GO_CC	hypomethylated	Extrinsic Component Of Endosome Membrane (GO:0031313)	6	204	33010	0		1.0	1.0
GO_CC	hypomethylated	Filopodium Membrane (GO:0031527)	10	204	33010	0		1.0	1.0
GO_CC	hypomethylated	Flotillin Complex (GO:0016600)	6	204	33010	0		1.0	1.0
GO_CC	hypomethylated	Gamma-Delta T Cell Receptor Complex (GO:0042106)	2	204	33010	0		1.0	1.0
GO_CC	hypomethylated	Gap Junction (GO:0005921)	20	204	33010	0		1.0	1.0
GO_CC	hypomethylated	Glial Cell Projection (GO:0097386)	12	204	33010	0		1.0	1.0
GO_CC	hypomethylated	Hemidesmosome (GO:0030056)	6	204	33010	0		1.0	1.0
GO_CC	hypomethylated	Heterotrimeric G-protein Complex (GO:0005834)	24	204	33010	0		1.0	1.0
GO_CC	hypomethylated	High-Density Lipoprotein Particle (GO:0034364)	18	204	33010	0		1.0	1.0
GO_CC	hypomethylated	Histone Acetyltransferase Complex (GO:0000123)	24	204	33010	0		1.0	1.0
GO_CC	hypomethylated	Inhibitory Synapse (GO:0060077)	5	204	33010	0		1.0	1.0
GO_CC	hypomethylated	Insulin-Responsive Compartment (GO:0032593)	5	204	33010	0		1.0	1.0
GO_CC	hypomethylated	Intermediate Filament (GO:0005882)	68	204	33010	0		1.0	1.0
GO_CC	hypomethylated	Intermediate Filament Cytoskeleton (GO:0045111)	79	204	33010	0		1.0	1.0
GO_CC	hypomethylated	Intracellular Cyclic Nucleotide Activated Cation Channel Complex (GO:0017071)	4	204	33010	0		1.0	1.0
GO_CC	hypomethylated	Intracellular Vesicle (GO:0097708)	11	204	33010	0		1.0	1.0
GO_CC	hypomethylated	Junctional Sarcoplasmic Reticulum Membrane (GO:0014701)	8	204	33010	0		1.0	1.0
GO_CC	hypomethylated	Keratin Filament (GO:0045095)	38	204	33010	0		1.0	1.0
GO_CC	hypomethylated	Kinetochore Microtubule (GO:0005828)	18	204	33010	0		1.0	1.0
GO_CC	hypomethylated	Lamellar Body (GO:0042599)	13	204	33010	0		1.0	1.0
GO_CC	hypomethylated	Large Ribosomal Subunit (GO:0015934)	49	204	33010	0		1.0	1.0
GO_CC	hypomethylated	Late Endosome Lumen (GO:0031906)	6	204	33010	0		1.0	1.0
GO_CC	hypomethylated	Lipid Droplet (GO:0005811)	72	204	33010	0		1.0	1.0
GO_CC	hypomethylated	Low-Density Lipoprotein Particle (GO:0034362)	6	204	33010	0		1.0	1.0
GO_CC	hypomethylated	Lumenal Side Of Endoplasmic Reticulum Membrane (GO:0098553)	24	204	33010	0		1.0	1.0
GO_CC	hypomethylated	Lysosomal Lumen (GO:0043202)	78	204	33010	0		1.0	1.0
GO_CC	hypomethylated	mRNA Cleavage And Polyadenylation Specificity Factor Complex (GO:0005847)	12	204	33010	0		1.0	1.0
GO_CC	hypomethylated	Macropinosome (GO:0044354)	6	204	33010	0		1.0	1.0
GO_CC	hypomethylated	Membrane Attack Complex (GO:0005579)	6	204	33010	0		1.0	1.0
GO_CC	hypomethylated	Microfibril (GO:0001527)	11	204	33010	0		1.0	1.0
GO_CC	hypomethylated	Microvillus Membrane (GO:0031528)	13	204	33010	0		1.0	1.0
GO_CC	hypomethylated	Mitochondrial Alpha-Ketoglutarate Dehydrogenase Complex (GO:0005947)	5	204	33010	0		1.0	1.0
GO_CC	hypomethylated	Mitochondrial Envelope (GO:0005740)	135	204	33010	0		1.0	1.0
GO_CC	hypomethylated	Mitochondrial Intermembrane Space (GO:0005758)	58	204	33010	0		1.0	1.0
GO_CC	hypomethylated	Mitochondrial Outer Membrane Translocase Complex (GO:0005742)	20	204	33010	0		1.0	1.0
GO_CC	hypomethylated	Mitochondrial Proton-Transporting ATP Synthase Complex (GO:0005753)	16	204	33010	0		1.0	1.0
GO_CC	hypomethylated	Mitochondrial Proton-Transporting ATP Synthase Complex, Coupling Factor F(o) (GO:0000276)	7	204	33010	0		1.0	1.0
GO_CC	hypomethylated	Mitochondrial Respiratory Chain Complex I (GO:0005747)	39	204	33010	0		1.0	1.0
GO_CC	hypomethylated	Mitochondrial Respiratory Chain Complex III (GO:0005750)	11	204	33010	0		1.0	1.0
GO_CC	hypomethylated	Mitochondrial Respiratory Chain Complex IV (GO:0005751)	15	204	33010	0		1.0	1.0
GO_CC	hypomethylated	Mitochondrial Ribosome (GO:0005761)	22	204	33010	0		1.0	1.0
GO_CC	hypomethylated	Mitotic Spindle Microtubule (GO:1990498)	12	204	33010	0		1.0	1.0
GO_CC	hypomethylated	Monoatomic Ion Channel Complex (GO:0034702)	34	204	33010	0		1.0	1.0
GO_CC	hypomethylated	Multimeric Ribonuclease P Complex (GO:0030681)	9	204	33010	0		1.0	1.0
GO_CC	hypomethylated	Multivesicular Body Lumen (GO:0097486)	4	204	33010	0		1.0	1.0
GO_CC	hypomethylated	Multivesicular Body, Internal Vesicle (GO:0097487)	5	204	33010	0		1.0	1.0
GO_CC	hypomethylated	Muscle Myosin Complex (GO:0005859)	13	204	33010	0		1.0	1.0
GO_CC	hypomethylated	Myofibril (GO:0030016)	28	204	33010	0		1.0	1.0
GO_CC	hypomethylated	Myosin Filament (GO:0032982)	15	204	33010	0		1.0	1.0
GO_CC	hypomethylated	nBAF Complex (GO:0071565)	14	204	33010	0		1.0	1.0
GO_CC	hypomethylated	Neuron Projection Cytoplasm (GO:0120111)	9	204	33010	0		1.0	1.0
GO_CC	hypomethylated	Neuron To Neuron Synapse (GO:0098984)	9	204	33010	0		1.0	1.0
GO_CC	hypomethylated	Neuronal Dense Core Vesicle (GO:0098992)	5	204	33010	0		1.0	1.0
GO_CC	hypomethylated	Neurotransmitter Receptor Complex (GO:0098878)	6	204	33010	0		1.0	1.0
GO_CC	hypomethylated	Non-Motile Cilium (GO:0097730)	27	204	33010	0		1.0	1.0
GO_CC	hypomethylated	npBAF Complex (GO:0071564)	12	204	33010	0		1.0	1.0
GO_CC	hypomethylated	Nuclear Envelope Lumen (GO:0005641)	5	204	33010	0		1.0	1.0
GO_CC	hypomethylated	Nuclear Inclusion Body (GO:0042405)	10	204	33010	0		1.0	1.0
GO_CC	hypomethylated	Nuclear Inner Membrane (GO:0005637)	27	204	33010	0		1.0	1.0
GO_CC	hypomethylated	Nuclear Outer Membrane (GO:0005640)	16	204	33010	0		1.0	1.0
GO_CC	hypomethylated	Nucleolar Exosome (RNase Complex) (GO:0101019)	9	204	33010	0		1.0	1.0
GO_CC	hypomethylated	Organelle Envelope Lumen (GO:0031970)	64	204	33010	0		1.0	1.0
GO_CC	hypomethylated	Outer Dynein Arm (GO:0036157)	7	204	33010	0		1.0	1.0
GO_CC	hypomethylated	Pericentric Heterochromatin (GO:0005721)	21	204	33010	0		1.0	1.0
GO_CC	hypomethylated	Phagocytic Vesicle (GO:0045335)	92	204	33010	0		1.0	1.0
GO_CC	hypomethylated	Phagocytic Vesicle Membrane (GO:0030670)	43	204	33010	0		1.0	1.0
GO_CC	hypomethylated	Phosphatidylinositol 3-Kinase Complex, Class I (GO:0097651)	8	204	33010	0		1.0	1.0
GO_CC	hypomethylated	Phosphatidylinositol 3-Kinase Complex, Class IA (GO:0005943)	8	204	33010	0		1.0	1.0
GO_CC	hypomethylated	Phosphatidylinositol 3-Kinase Complex, Class III (GO:0035032)	6	204	33010	0		1.0	1.0
GO_CC	hypomethylated	Pi-Body (GO:0071546)	9	204	33010	0		1.0	1.0
GO_CC	hypomethylated	Pinosome (GO:0044352)	6	204	33010	0		1.0	1.0
GO_CC	hypomethylated	Platelet Alpha Granule (GO:0031091)	78	204	33010	0		1.0	1.0
GO_CC	hypomethylated	Platelet Alpha Granule Lumen (GO:0031093)	57	204	33010	0		1.0	1.0
GO_CC	hypomethylated	Platelet Alpha Granule Membrane (GO:0031092)	15	204	33010	0		1.0	1.0
GO_CC	hypomethylated	Platelet Dense Granule (GO:0042827)	19	204	33010	0		1.0	1.0
GO_CC	hypomethylated	Platelet Dense Granule Lumen (GO:0031089)	13	204	33010	0		1.0	1.0
GO_CC	hypomethylated	Platelet Dense Granule Membrane (GO:0031088)	4	204	33010	0		1.0	1.0
GO_CC	hypomethylated	Platelet Dense Tubular Network (GO:0031094)	10	204	33010	0		1.0	1.0
GO_CC	hypomethylated	Platelet Dense Tubular Network Membrane (GO:0031095)	8	204	33010	0		1.0	1.0
GO_CC	hypomethylated	Podosome (GO:0002102)	12	204	33010	0		1.0	1.0
GO_CC	hypomethylated	Polysomal Ribosome (GO:0042788)	26	204	33010	0		1.0	1.0
GO_CC	hypomethylated	post-mRNA Release Spliceosomal Complex (GO:0071014)	8	204	33010	0		1.0	1.0
GO_CC	hypomethylated	Postsynaptic Recycling Endosome (GO:0098837)	4	204	33010	0		1.0	1.0
GO_CC	hypomethylated	Potassium Channel Complex (GO:0034705)	79	204	33010	0		1.0	1.0
GO_CC	hypomethylated	Precatalytic Spliceosome (GO:0071011)	49	204	33010	0		1.0	1.0
GO_CC	hypomethylated	Preribosome, Large Subunit Precursor (GO:0030687)	17	204	33010	0		1.0	1.0
GO_CC	hypomethylated	Preribosome, Small Subunit Precursor (GO:0030688)	10	204	33010	0		1.0	1.0
GO_CC	hypomethylated	Prespliceosome (GO:0071010)	14	204	33010	0		1.0	1.0
GO_CC	hypomethylated	Primary Lysosome (GO:0005766)	10	204	33010	0		1.0	1.0
GO_CC	hypomethylated	Protein Kinase Complex (GO:1902911)	17	204	33010	0		1.0	1.0
GO_CC	hypomethylated	Protein Phosphatase 4 Complex (GO:0030289)	4	204	33010	0		1.0	1.0
GO_CC	hypomethylated	Protein Phosphatase Type 2A Complex (GO:0000159)	15	204	33010	0		1.0	1.0
GO_CC	hypomethylated	Protein Serine/Threonine Phosphatase Complex (GO:0008287)	27	204	33010	0		1.0	1.0
GO_CC	hypomethylated	Proton-Transporting ATP Synthase Complex (GO:0045259)	16	204	33010	0		1.0	1.0
GO_CC	hypomethylated	Proton-Transporting V-type ATPase Complex (GO:0033176)	20	204	33010	0		1.0	1.0
GO_CC	hypomethylated	Proton-Transporting V-type ATPase, V0 Domain (GO:0033179)	6	204	33010	0		1.0	1.0
GO_CC	hypomethylated	Proton-Transporting V-type ATPase, V1 Domain (GO:0033180)	10	204	33010	0		1.0	1.0
GO_CC	hypomethylated	Pseudopodium (GO:0031143)	6	204	33010	0		1.0	1.0
GO_CC	hypomethylated	Respiratory Chain Complex I (GO:0045271)	39	204	33010	0		1.0	1.0
GO_CC	hypomethylated	Respiratory Chain Complex III (GO:0045275)	11	204	33010	0		1.0	1.0
GO_CC	hypomethylated	Respiratory Chain Complex IV (GO:0045277)	17	204	33010	0		1.0	1.0
GO_CC	hypomethylated	Ribonuclease MRP Complex (GO:0000172)	7	204	33010	0		1.0	1.0
GO_CC	hypomethylated	Ribosome (GO:0005840)	58	204	33010	0		1.0	1.0
GO_CC	hypomethylated	Rough Endoplasmic Reticulum (GO:0005791)	29	204	33010	0		1.0	1.0
GO_CC	hypomethylated	Rough Endoplasmic Reticulum Membrane (GO:0030867)	4	204	33010	0		1.0	1.0
GO_CC	hypomethylated	Sarcoglycan Complex (GO:0016012)	5	204	33010	0		1.0	1.0
GO_CC	hypomethylated	Sarcolemma (GO:0042383)	51	204	33010	0		1.0	1.0
GO_CC	hypomethylated	Sarcoplasmic Reticulum (GO:0016529)	43	204	33010	0		1.0	1.0
GO_CC	hypomethylated	Sarcoplasmic Reticulum Membrane (GO:0033017)	26	204	33010	0		1.0	1.0
GO_CC	hypomethylated	Secondary Lysosome (GO:0005767)	13	204	33010	0		1.0	1.0
GO_CC	hypomethylated	Septin Cytoskeleton (GO:0032156)	11	204	33010	0		1.0	1.0
GO_CC	hypomethylated	Septin Ring (GO:0005940)	11	204	33010	0		1.0	1.0
GO_CC	hypomethylated	Serine C-palmitoyltransferase Complex (GO:0017059)	7	204	33010	0		1.0	1.0
GO_CC	hypomethylated	Serine Protease Inhibitor Complex (GO:0097180)	5	204	33010	0		1.0	1.0
GO_CC	hypomethylated	Serine-Type Endopeptidase Complex (GO:1905370)	10	204	33010	0		1.0	1.0
GO_CC	hypomethylated	Serine-Type Peptidase Complex (GO:1905286)	12	204	33010	0		1.0	1.0
GO_CC	hypomethylated	Serine/Threonine Protein Kinase Complex (GO:1902554)	56	204	33010	0		1.0	1.0
GO_CC	hypomethylated	Sex Chromosome (GO:0000803)	5	204	33010	0		1.0	1.0
GO_CC	hypomethylated	Shelterin Complex (GO:0070187)	5	204	33010	0		1.0	1.0
GO_CC	hypomethylated	Signal Recognition Particle, Endoplasmic Reticulum Targeting (GO:0005786)	5	204	33010	0		1.0	1.0
GO_CC	hypomethylated	Small-Subunit Processome (GO:0032040)	68	204	33010	0		1.0	1.0
GO_CC	hypomethylated	Smooth Endoplasmic Reticulum (GO:0005790)	18	204	33010	0		1.0	1.0
GO_CC	hypomethylated	Sodium Channel Complex (GO:0034706)	18	204	33010	0		1.0	1.0
GO_CC	hypomethylated	Sodium:Potassium-Exchanging ATPase Complex (GO:0005890)	9	204	33010	0		1.0	1.0
GO_CC	hypomethylated	Specific Granule Membrane (GO:0035579)	86	204	33010	0		1.0	1.0
GO_CC	hypomethylated	Spectrin-Associated Cytoskeleton (GO:0014731)	7	204	33010	0		1.0	1.0
GO_CC	hypomethylated	Sperm Flagellum (GO:0036126)	55	204	33010	0		1.0	1.0
GO_CC	hypomethylated	Spherical High-Density Lipoprotein Particle (GO:0034366)	7	204	33010	0		1.0	1.0
GO_CC	hypomethylated	Spliceosomal snRNP Complex (GO:0097525)	54	204	33010	0		1.0	1.0
GO_CC	hypomethylated	Spliceosomal tri-snRNP Complex (GO:0097526)	35	204	33010	0		1.0	1.0
GO_CC	hypomethylated	Symmetric Synapse (GO:0032280)	2	204	33010	0		1.0	1.0
GO_CC	hypomethylated	tRNA Methyltransferase Complex (GO:0043527)	6	204	33010	0		1.0	1.0
GO_CC	hypomethylated	Tertiary Granule Lumen (GO:1904724)	51	204	33010	0		1.0	1.0
GO_CC	hypomethylated	Tertiary Granule Membrane (GO:0070821)	67	204	33010	0		1.0	1.0
GO_CC	hypomethylated	trans-Golgi Network Membrane (GO:0032588)	94	204	33010	0		1.0	1.0
GO_CC	hypomethylated	trans-Golgi Network Transport Vesicle (GO:0030140)	15	204	33010	0		1.0	1.0
GO_CC	hypomethylated	Transcription Factor TFIID Complex (GO:0005669)	30	204	33010	0		1.0	1.0
GO_CC	hypomethylated	Transcription Factor TFIIH Core Complex (GO:0000439)	8	204	33010	0		1.0	1.0
GO_CC	hypomethylated	Transcription Factor TFIIH Holo Complex (GO:0005675)	9	204	33010	0		1.0	1.0
GO_CC	hypomethylated	Transcription Factor TFIIIC Complex (GO:0000127)	5	204	33010	0		1.0	1.0
GO_CC	hypomethylated	Transcription Factor TFTC Complex (GO:0033276)	16	204	33010	0		1.0	1.0
GO_CC	hypomethylated	Transferase Complex, Transferring Phosphorus-Containing Groups (GO:0061695)	7	204	33010	0		1.0	1.0
GO_CC	hypomethylated	Triglyceride-Rich Plasma Lipoprotein Particle (GO:0034385)	14	204	33010	0		1.0	1.0
GO_CC	hypomethylated	Uniplex Complex (GO:1990246)	5	204	33010	0		1.0	1.0
GO_CC	hypomethylated	Vacuolar Membrane (GO:0005774)	58	204	33010	0		1.0	1.0
GO_CC	hypomethylated	Vacuolar Proton-Transporting V-type ATPase Complex (GO:0016471)	24	204	33010	0		1.0	1.0
GO_CC	hypomethylated	Vacuolar Proton-Transporting V-type ATPase, V0 Domain (GO:0000220)	6	204	33010	0		1.0	1.0
GO_CC	hypomethylated	Vacuolar Proton-Transporting V-type ATPase, V1 Domain (GO:0000221)	10	204	33010	0		1.0	1.0
GO_CC	hypomethylated	Very-Low-Density Lipoprotein Particle (GO:0034361)	14	204	33010	0		1.0	1.0
GO_CC	hypomethylated	Voltage-Gated Potassium Channel Complex (GO:0008076)	71	204	33010	0		1.0	1.0
GO_CC	hypomethylated	Voltage-Gated Sodium Channel Complex (GO:0001518)	7	204	33010	0		1.0	1.0
GO_CC	hypomethylated	Zonula Adherens (GO:0005915)	5	204	33010	0		1.0	1.0
GO_CC	hypomethylated	Zymogen Granule (GO:0042588)	6	204	33010	0		1.0	1.0
GO_CC	hypomethylated	Zymogen Granule Membrane (GO:0042589)	6	204	33010	0		1.0	1.0
