probe	CASE_01	CASE_02	CASE_03	CASE_04	CASE_05	CASE_06	CONT_01	CONT_02	CONT_03	CONT_04	CONT_05	CONT_06
cg33496448	0.30953016253117394	0.2973278391075288	0.3631794638852012	0.278171263067575	0.29385729571325037	0.33221116985318283	0.39680047926730083	0.34636800746113866	0.2483649711449581	0.3427408139738638	0.3233512683124455	0.33837103428754484
cg85117952	0.9168260526533657	0.955695880758921	0.9045702225594175	0.8717539816525843	0.949475126319546	0.8759609428418347	0.9307523070985306	0.9602892526248188	0.943777729937457	0.8467347363624883	0.9069627459494796	0.999
cg04198681	0.46755544897438817	0.44221799239710724	0.3826756313267096	0.427438559740462	0.45596654017716537	0.465770685372911	0.40678088566237075	0.4790503698434373	0.5265859058686102	0.49258266356557073	0.4263564920945297	0.3939101540080566
cg85040691	0.3473741640744784	0.36835854681106217	0.42538412453071667	0.403020769873475	0.3826513719398189	0.5047407222193755	0.3400699846676032	0.40667550471681574	0.32963786296457087	0.47153674927882305	0.3139964209684044	0.2912016378071209
cg78552311	0.5282030045914528	0.6757730864003142	0.5899611010767413	0.6591684571917609	0.6406346077969416	0.589381632065041	0.5694837862883747	0.7064988291340761	0.6400066526103615	0.5647651683386127	0.6877044170792371	0.6854812342588121
cg22331017	0.27406832080990456	0.16216157601127393	0.32203565176596555	0.22553521255555525	0.21219301311896993	0.2977552103302048	0.28400990705546336	0.29380225404651256	0.20682555653656803	0.26951821584866464	0.2643474738232076	0.31496403176704524
cg14418961	0.31297182686357505	0.24527541652870563	0.26672301121396413	0.28427332311960724	0.31807107254681943	0.3500089144441441	0.30721327686010635	0.2383410822939248	0.31595536210833425	0.29194325531383375	0.31611753267354054	0.21289777078249114
cg61690095	0.4999067638132275	0.5022234045782887	0.4622411551480339	0.4500061785926115	0.43496148253393807	0.5811012110021465	0.5339071523837312	0.4631977640469455	0.557342374115331	0.46942572050421805	0.5531730182798398	0.46688048595726817
cg11060215	0.2592519679877242	0.1954502766526166	0.2576068662257268	0.28604980955231973	0.23141323044931125	0.18755805833757977	0.18381461008973887	0.14221260985519688	0.21441852928387983	0.22080743958818588	0.27238160201138156	0.25059044603961383
cg47097144	0.5224718428451991	0.49369057476191136	0.5157335592985057	0.4679008836806515	0.5220880945644039	0.4739234224708091	0.4150175125571674	0.4629642364768185	0.472095715545519	0.4899142671331688	0.4676520282440956	0.4023981725146235
cg00473873	0.2875607187089564	0.25647000199137443	0.3007112535994802	0.2416295343398463	0.28729589229562796	0.23692446925208105	0.2994043007062224	0.3222804410365185	0.22727731958664069	0.23815033495892335	0.26306911495445534	0.2955202054252156
cg89357225	0.37338617096536464	0.35045171986194645	0.42626878813013735	0.4123738192018462	0.34122880272378725	0.34455989282016786	0.4314109449910801	0.31582697950781874	0.38917007856521013	0.478418687566571	0.389959209683375	0.4847652207572765
cg87336827	0.5069552462777976	0.6654491615222553	0.5812384531379385	0.5593364907982291	0.5536023312862146	0.5406853297282118	0.5325675539516607	0.6196163823855215	0.6164146426952086	0.5229343797406792	0.6049359046635896	0.632765134755847
cg85631443	0.7181839981303608	0.7532650536739401	0.8040050847770888	0.7393232711719208	0.743824221374988	0.7362583589034541	0.7804049074036692	0.8748977050080882	0.7561410251896507	0.738541247164688	0.7950741506203299	0.7691821879395256
cg26638740	0.5290843605342186	0.5433394405284321	0.596355628874222	0.6263008316151664	0.49106933148935916	0.46939468952628094	0.6194140495040582	0.5760940304664878	0.5453181011714472	0.6508852542727026	0.5293905951826163	0.5737096248790365
cg75020206	0.999	0.9316027681998328	0.999	0.999	0.9288209057942096	0.8912185711535866	0.6510471205951146	0.5837901456131819	0.6569284512855246	0.7561994010370099	0.6599517466156819	0.5951211171086548
cg39201084	0.48839604159679845	0.43877485612257017	0.480505906748469	0.5609117060367724	0.4758375571470188	0.44332440035760706	0.47260695661010194	0.4394181701597334	0.5194439170847378	0.4792394262140067	0.4966333567308307	0.4891508957147204
cg35468930	0.6566916158107282	0.6878235337148886	0.6635872018382623	0.7115750075373564	0.679232136959156	0.6647217178094252	0.5502376156516385	0.6444728819379668	0.5728218037796355	0.6471173154514324	0.6920270706663301	0.6452162877932879
cg05975836	0.4158453503194203	0.4505610725752487	0.5437241140879084	0.4596143289371099	0.33283785292066664	0.4847615587638524	0.4879516320689329	0.36409997767004587	0.42655284472852656	0.3698358891167303	0.43390027204912585	0.379358048712092
cg57236756	0.806966966692429	0.7744224002772706	0.7761260554785288	0.779615214785484	0.7680906085454952	0.7512281610519518	0.8057296422296685	0.7176529633890311	0.7404335807789267	0.8325824723185045	0.8456429365259841	0.7139982156228175
cg59619953	0.7620836871906057	0.7155403291133626	0.7398266574628453	0.6953577665614685	0.7727715127637836	0.7452393126139351	0.7559695402789122	0.7434121015268009	0.7770681585073533	0.7603248326577537	0.7619077250340922	0.8527304111627761
cg00288976	0.999	0.999	0.999	0.999	0.999	0.999	0.7477221405775829	0.7687571750867676	0.8260474300006272	0.7307347033222846	0.8185518936493186	0.7825492086998278
cg72315863	0.9393932057884973	0.8376961363124258	0.9223041179967463	0.9252291209503123	0.8706813377809163	0.9620021674560192	0.5094692657482582	0.6089997584391267	0.5899404115207737	0.5942675522720506	0.5761266475718952	0.5284461215546272
cg57945803	0.7302802261102253	0.739475026361059	0.7698053081897713	0.7888515400289406	0.8045693587246003	0.7537475005787778	0.7505926173164797	0.7023229478422379	0.8236661825827816	0.8261193377591248	0.7280407193018029	0.7418983962037934
cg34876604	0.6395562582147524	0.6774647700573438	0.6345415954724652	0.6883809025177339	0.6272427983774558	0.6902582359488979	0.6837388318517446	0.7894878425907406	0.6404522335864401	0.7253856636287835	0.6424718595059082	0.7701454022098582
cg84450331	0.5219561602937381	0.45409247279112797	0.39837135996972595	0.46081548099130776	0.5252323714450754	0.5909097883057871	0.5504225634095048	0.5552345882557205	0.4765251487084496	0.6078080434771559	0.48916246921356066	0.5830634272662072
cg46756070	0.8499652406618078	0.8358137692166155	0.843891383822851	0.7768329644966835	0.9038141748809666	0.8145140642988733	0.766366433598989	0.8784214482495861	0.7785481515997932	0.8871097087404551	0.8565500138384375	0.803822251752564
cg63979156	0.6247046120700257	0.6013709336360202	0.555403257589389	0.6682116620369215	0.5311833507753397	0.6134773946082999	0.3559722134289445	0.2578830586919602	0.288760211293403	0.3077348341711873	0.3506773170213751	0.3006191302051565
cg53697845	0.4274799570104486	0.40717647092445364	0.461202938624828	0.5102406821301403	0.4567615606827876	0.37039307914189434	0.448018837310909	0.540024145584159	0.4532025791454362	0.44662816404778694	0.44359623926950054	0.4977017591343011
cg32551448	0.3647388628380553	0.3400899414856879	0.25784866668861595	0.2342720696876536	0.2620393839367828	0.2737967095012473	0.30832166677583084	0.2384059699599717	0.24071187197083455	0.2783238644628352	0.2240773951013062	0.23881829101753338
cg10144486	0.9024040619466356	0.9765957209037892	0.9980098491161042	0.9607291795591224	0.9472586897982489	0.9292196570339295	0.889729848501604	0.999	0.8784021894085484	0.999	0.9142216549920807	0.8872101218822035
cg67838763	0.5986541663377365	0.6687206512738286	0.6930412078866754	0.6760886199223206	0.5675232427405497	0.704807314710664	0.6249062897979911	0.6678701369439038	0.6056419056027972	0.6524676167373441	0.6756813317323055	0.566317535570844
cg51194489	0.4567560975816221	0.4452733247094251	0.4618642317367919	0.3998054878716508	0.42384723354682485	0.4288505950480189	0.5026606704264807	0.40336593745013427	0.42114583880263784	0.49622211615930545	0.4488586420593517	0.4491992799279547
cg01764995	0.2546631718421071	0.35987515209470283	0.28467747691115153	0.2932765996193507	0.23936498634781095	0.35390102504256565	0.3161206033812056	0.2944021086191091	0.34332619353571514	0.3235187535779095	0.2866359843019542	0.2792245617957279
cg10116462	0.8940307099949809	0.9265169274546758	0.829429452560064	0.8303669908166704	0.8903048359353625	0.9356237695291446	0.8124686730673447	0.9865216804540715	0.8744069443068413	0.9264909292069943	0.9260825964173274	0.8290268260882467
cg18514862	0.8203217377344316	0.7904316413875421	0.690845946241415	0.7868599094538851	0.7524486636781588	0.8128731971527835	0.7118811296958931	0.7852924572647645	0.78995920491358	0.7911958894886274	0.6626130948722541	0.723890558150951
cg81303253	0.6075211622039753	0.678622733549154	0.5628266231695034	0.5717117492045993	0.5237098144850619	0.4984464807011486	0.5856607495381925	0.5578129618842971	0.5726975300265247	0.552556374191946	0.5667533696784176	0.6122439430974796
cg78991835	0.40953239269204766	0.3659690066542477	0.27445454956820864	0.35284467322187424	0.32799543962087613	0.45631251044167354	0.3057857152102057	0.3928909465920709	0.28295291749986096	0.313116054994216	0.37566990480426715	0.4169665612401375
cg84584743	0.25553637591465383	0.23828434341138618	0.22967724143311932	0.14152401295705064	0.19821051590332336	0.22833199356001477	0.15150819312633484	0.24060976583832155	0.21709718519818177	0.3122255132113809	0.21897593289791792	0.21971213194533054
cg69115087	0.5536636251568674	0.5449316623347308	0.5474625756174163	0.5370207653420006	0.5431544520487985	0.5447233652800865	0.5578527680755033	0.5141589072998723	0.474980177102532	0.5772319763772241	0.48881995666429995	0.6479079463773476
cg30550785	0.784481305382443	0.560225089947176	0.768783834276511	0.7840308964204781	0.73502411281072	0.7231403690962638	0.3369199553996245	0.38130822912524587	0.4361381344794792	0.3645804811752752	0.43686785524080385	0.3526932728621922
cg71770934	0.8682672598062285	0.8057109606730595	0.8593294945562725	0.8592903661489173	0.8664043451271747	0.8584979438812731	0.9081823593164794	0.8478022219863937	0.9494532137460059	0.8877653166747073	0.9623095497087775	0.877445559597329
cg62467546	0.6273035405152173	0.648906063848808	0.653546262767281	0.6252959929666938	0.6472392848440587	0.6333683569210994	0.5875198992414826	0.6317583242677413	0.6471235409771404	0.6360919140229822	0.5804863044666344	0.5857868213136201
cg83413447	0.7957923110325898	0.821920302108259	0.7538835918620668	0.820467648422203	0.7217356143937181	0.6782789676628228	0.34667334177490666	0.4688058620570041	0.46341705815048934	0.3554377681781167	0.4468038435178487	0.48440909399356374
cg51077546	0.4932676475985716	0.41876356201387643	0.42478132068526275	0.3846997076238773	0.30933281990064365	0.4747117039256751	0.4070763310106854	0.4048331793368974	0.37408080610692207	0.43880339295338455	0.48102805116981806	0.4468741709769794
cg40027945	0.5222089552509506	0.5620716912643612	0.4170259584039833	0.5062493526781654	0.5313396204226555	0.5105107868733076	0.5784841239590082	0.5468069417458843	0.3906935252960103	0.43448992472063785	0.6214371958997527	0.4272878834441261
cg72329993	0.16180971663399024	0.19191455764403093	0.13426476090901657	0.15577346380152884	0.1932298438373917	0.08332930092077231	0.08282463922051306	0.13834573887442922	0.09973487111322527	0.13822155668611022	0.10669375759771614	0.09206182460010706
cg43442526	0.3674050352835859	0.44760503134974716	0.5460480461207851	0.42789308274374765	0.3943920263943075	0.46725041372992293	0.4663407070949844	0.5115493918098647	0.45560277573090413	0.46314774707373624	0.4199396542463465	0.5628302210536172
cg41855690	0.7258807700645458	0.7371196959236042	0.6743596699036374	0.6230498900674575	0.6288576741949888	0.7803964937955907	0.6765953108021167	0.7155104173836976	0.5888632040115827	0.7229075761887959	0.6659677573569128	0.7071210776202195
cg12403429	0.7777601593951206	0.748028988161641	0.6790218563348632	0.6710521699191576	0.6707532450640015	0.6810840758520842	0.6111576092474901	0.7278942682956383	0.6654435198766904	0.6547280758319046	0.7639603377122351	0.6712636090868392
cg18800609	0.6634401355619433	0.6196445796871276	0.5476134119098377	0.5897823080739076	0.6387556940808858	0.5794867138944064	0.6494024298683184	0.63291606812395	0.6127563975294934	0.6153968221011389	0.6002317087047582	0.6446123197827502
cg67000880	0.25885773965998393	0.22541785244047682	0.34630345471652146	0.261060114396348	0.3018157923751135	0.3601139663696421	0.28164081944741254	0.3149127805387834	0.3077135758314742	0.25980198509526214	0.2882871023744346	0.2004478170411992
cg39001179	0.8025167416005778	0.9181437679170642	0.8065882730141649	0.853272950251045	0.9028923140269639	0.8077844839783673	0.8652866026472467	0.8406918027321448	0.9242821970128987	0.8259479907487952	0.9359302153505603	0.8088708032237755
cg77169785	0.5839175078945882	0.5616603625736042	0.610132995465838	0.5791450011315633	0.5626276148528108	0.5642765587059264	0.48380829752619475	0.6033095055417612	0.6115450230193384	0.5001744047022619	0.46052197435375963	0.5092038137302837
cg02660469	0.6107022533480474	0.6409992779881948	0.6654178118228113	0.6121605383502238	0.6755853170808191	0.6347625912539527	0.5704223881319105	0.6197164536234029	0.6413868209579191	0.7095732675419048	0.548937863499226	0.6239367366204589
cg65594633	0.42613747827763043	0.3955270954816897	0.3418983476450814	0.3548341925905538	0.40524866980058394	0.3800280816109686	0.24987355368778527	0.3822866715405634	0.39531658435832223	0.39839000704424715	0.4363575456769706	0.37580715709939494
cg34138642	0.3704698958277034	0.36973031940200246	0.448099493362376	0.4171100856028457	0.3707575093152735	0.4342119195938438	0.38529151211891177	0.4390123806298513	0.42757045962722334	0.3675992111170196	0.43644243067827265	0.42793713860654065
cg68528411	0.5715396107570507	0.5770279527183525	0.5242753945813026	0.5772756944458409	0.5776392580676345	0.5535962996683613	0.5100806316021068	0.5256621018265148	0.4701084550524837	0.5339254163001149	0.45240832610404136	0.5783917019936546
cg65174389	0.3267375194836294	0.29741691495444195	0.26756681516797276	0.32395845261646805	0.2843825028102418	0.22465042780142644	0.2929265314015947	0.28572439794692955	0.32662887280595765	0.23790058071988054	0.2851570863332901	0.3121094538743995
cg07313585	0.46398882541320574	0.6264972118624128	0.5882084445149821	0.5216946865547982	0.6087485314196942	0.561008651607424	0.6380832570756658	0.5174474550483541	0.6118228745262748	0.5293945079657617	0.5676975805256447	0.7037303811261435
cg66148903	0.35282022066780827	0.36719925170582085	0.3371059785709162	0.39062921848004234	0.3142234618248236	0.34405496409942365	0.3235664774257924	0.41145135503309166	0.32672222075413454	0.3506499137333949	0.34930566839521116	0.31855613921361936
cg75964678	0.8577446908778039	0.852925464397119	0.8737230584609069	0.9284555538134506	0.9383295569631416	0.8744121551653349	0.8772915212089887	0.868520114435042	0.8601498060595973	0.9534120019141247	0.8514049470055332	0.8965640491219188
cg35469877	0.7156276838874343	0.7781350419738043	0.8094253275112416	0.7827878384710415	0.7296083737701733	0.7860314281471273	0.8067741114735755	0.8106887768319239	0.9808950121283477	0.7726422793416989	0.7628693381034439	0.8161899660720019
cg22276160	0.02713524905095645	0.10177137815165406	0.03776453187419858	0.08041559675262691	0.07242612099201068	0.024493912803378363	0.13267754506174617	0.061616098241887476	0.10113909578689505	0.001	0.013028210424081962	0.02172337791247996
cg46327611	0.32510340045160474	0.3157030147888377	0.33931766831648175	0.37541947406690584	0.203093501211945	0.3018562356550824	0.2929172807040107	0.38753173671314123	0.3842793963716325	0.30531688465525464	0.3386552599172848	0.3265970826193295
cg02267703	0.2604441212718642	0.354758408246178	0.17537554604314934	0.295668524732206	0.15441232054706117	0.21259736344651542	0.23821619193172477	0.19434960385141387	0.3009167554742303	0.29862800056810324	0.19689751590912652	0.23383325479701117
cg33703331	0.6975188277163662	0.7614740796349264	0.6990844381064929	0.7194816545007272	0.8047805888241563	0.7248872902382869	0.7593410133095938	0.7282378291114001	0.8239424074413401	0.7330319804934556	0.8598429826912548	0.7345489858948513
cg04424927	0.16751804191006175	0.08565794456359463	0.08131873421915048	0.14304447864055414	0.08799515772694513	0.137021263471864	0.09634747964147032	0.02464186640629909	0.1259030771259389	0.17437530578720495	0.14716669613180972	0.1430862880177703
cg89709185	0.999	0.9611537024408972	0.8789514735637438	0.8950484189759258	0.9072883112179182	0.895904213151423	0.9426464573740527	0.8931029056169656	0.9398906608590109	0.891759887922476	0.8230098391312886	0.9692545871373188
cg52045860	0.8663609657494294	0.8738757995390288	0.8372292837114762	0.8245085758741686	0.7521193276504698	0.7931875309175729	0.7950418868145837	0.7814071234904807	0.7899399647177583	0.8734982785188872	0.857796034414399	0.7858578351318635
cg33695754	0.44251818146821886	0.41382483305172746	0.47444118396647916	0.4703982003389742	0.4860795061485472	0.38697228463199634	0.3598614573124695	0.44676247821899834	0.45202481706330816	0.40991252654339244	0.48864065174491955	0.306560458189784
cg60882070	0.9032229399753453	0.8923818608331058	0.8194205634587608	0.9427812182909041	0.9281414903028176	0.8821948376821047	0.9353525736776781	0.9808823710204034	0.825329955744984	0.8250268803333877	0.9183215746922461	0.9127103777005335
cg59731563	0.25595948899624654	0.3360366561502584	0.3211412233785893	0.26269701208741797	0.3084889382245375	0.30850993492898393	0.3116013414708312	0.20794192817825768	0.3366092695599522	0.2941193356467465	0.3703905663756167	0.2677136630681544
cg89005661	0.33642052422463375	0.35145580051149933	0.19908285937398873	0.2939652951659094	0.3250762076131452	0.3168162042756748	0.2946427168623992	0.24979537407571284	0.3384458732578558	0.4152840044541725	0.30792074475001313	0.3229102051793072
cg76503481	0.43851940935079103	0.4574537344259669	0.3670248663988145	0.42893804612887015	0.43040957762014426	0.41073591951484467	0.4108025267074765	0.439551159705664	0.33976834640111303	0.41273264728489056	0.45543817071897774	0.40163683896788077
cg19161634	0.5374924695914802	0.48582970538170084	0.47555949335471104	0.4292333099474143	0.5652339376181149	0.4602107883267771	0.5239470979762116	0.567531927740885	0.5994178035850412	0.5291537236704869	0.4529667641428498	0.5205980456718335
cg48716423	0.837442012775477	0.730595656255211	0.596346410222818	0.7501762058282673	0.7145231968417041	0.78027032046128	0.6886465367124696	0.7290639330495771	0.6504292562873188	0.6921891463591405	0.7493159411718594	0.7697453144132599
cg86888489	0.5625453226234887	0.5683538668726791	0.4332702823518708	0.520815315863562	0.44915019639869	0.5717613067861207	0.5626503054664709	0.5471458431718172	0.5799866256300638	0.5195675529544714	0.45546957602539007	0.5712785372943533
cg78666015	0.5230275487043284	0.5399904748954141	0.5094440955433298	0.5081747725709691	0.48425207229983624	0.5086858258112589	0.5206528584000777	0.5318460206796854	0.4750436836707271	0.5178612299626245	0.5679894952294153	0.4885087684321823
cg66758858	0.4239669069766837	0.1915535198584435	0.3497583030835123	0.36088720089694365	0.40371087598568517	0.39370952444802276	0.4182306664252738	0.3794502616607067	0.3621913336626447	0.3695802272978406	0.268274474398392	0.2923293060038445
cg13570820	0.7556593357944601	0.7784069638373237	0.8172307070423385	0.9108407316695905	0.8458010514723167	0.8403705309632359	0.8844684915445559	0.9100778066333153	0.7896446211098425	0.9339077317510552	0.7144631969784825	0.7040887625439523
cg24231913	0.4525123139724923	0.4708541714493642	0.4694612317826763	0.5098635879327018	0.4840797709064375	0.4986103342409633	0.5507499363080064	0.5451018702687515	0.6376384536556878	0.508895556657892	0.5368387335902957	0.40616061232084233
cg21328540	0.46905559512488343	0.47629965310622024	0.5955344363065596	0.46853609655708084	0.512685995998839	0.4934984388464009	0.47587185202289284	0.4303288930223768	0.5410926909903799	0.4788429673099449	0.47896328552826983	0.4526647833025811
cg59647015	0.34597083340668494	0.3876716192499913	0.3706549729217691	0.46327970595234935	0.3794324473680808	0.5097910705560609	0.3828472111872498	0.35975668603844085	0.47188538086256515	0.34564734100286904	0.3845553859729179	0.3877636648689103
cg77442725	0.32485775266837097	0.33623280444759224	0.24705554130761936	0.2637526832710784	0.31499486804163945	0.3399304662883564	0.25870308903878164	0.3054217087613502	0.33082512489226246	0.2245541517850138	0.3120822083993675	0.2607330984694034
cg25139143	0.11472944627282718	0.1614857707089409	0.21452143192587475	0.10304901379828205	0.04800294020618766	0.18275383707106374	0.2715105816075323	0.09462894188099644	0.16685401907604586	0.050170451991019493	0.12920073259844464	0.10501019844923425
cg80364994	0.5034299464781007	0.41008562173575	0.44714873309257136	0.3461980005179726	0.36752795351041817	0.39878173512114107	0.40356858419392255	0.40807631810701606	0.42481669343054246	0.44964701874164636	0.37105511945119063	0.3410035708077793
cg47972652	0.5469120606582785	0.47204680484192163	0.4523426584141988	0.5228607307620475	0.49849471104297016	0.5015608375148458	0.49694292560891357	0.4492454412273459	0.4593803096790998	0.3778770074208584	0.48171262759239325	0.3927439224237307
cg27912906	0.732300844623201	0.7817532897997257	0.7534314461056951	0.7057270032228012	0.6779137344743301	0.8049974710505766	0.7600506489433545	0.663355610856052	0.7256894482685039	0.7641680937814477	0.71160921486081	0.6118176165949155
cg72689120	0.2806119963758312	0.2692733923334943	0.30774494980932254	0.32170880971605087	0.31212506792562006	0.3221386613816811	0.22997444770961356	0.3394660335233999	0.308919794506833	0.3429257765402243	0.3251698020265146	0.3342074483611717
cg17866793	0.5570462476345979	0.5414231793785588	0.5583555725119278	0.532896341677316	0.6170098518495812	0.5798097568094963	0.48313881278609616	0.5113881632301861	0.5192692568604931	0.5115255661235653	0.6280477540414342	0.43121629380124493
cg87210927	0.6244404681506982	0.6621624577921342	0.5956277192729968	0.5756815714287467	0.5636605690825167	0.6464439429700666	0.5624047520352123	0.5337800544978202	0.5142556818970504	0.5262709733915849	0.5461983691823925	0.620620473040405
cg06309266	0.5848183122227325	0.6554431045367377	0.5867256273256036	0.597782624899151	0.6449737094822668	0.6708828228220907	0.5866668456300317	0.6069566192937469	0.6233327186718899	0.6396562669205517	0.6415860456315386	0.5962887503360728
cg15912653	0.8256830309622017	0.7060682545550205	0.8568042762587996	0.7681129652717251	0.7760166432836519	0.886212791126468	0.7430818489918339	0.8148550261137013	0.8401287122560379	0.8094462093162252	0.8369453735943235	0.8376560859262263
cg87042759	0.999	0.999	0.999	0.999	0.999	0.999	0.676624297128285	0.8149632404201976	0.6810152094475972	0.7606380217064622	0.6812514008941812	0.7186705886749254
cg38539566	0.8901304722975187	0.8599395252782952	0.8288376432163989	0.8839536916705394	0.8706679044751281	0.9049077495000792	0.9422831903480311	0.8970162665038998	0.8980918423948309	0.8423359284119925	0.8178497480614608	0.9192011789609463
cg71409683	0.3636609920209066	0.2794504257101571	0.2469593895565967	0.364363723581715	0.2090961913485741	0.25612063519697287	0.31966154229058097	0.36437264113836343	0.27882170357448144	0.2663430300407778	0.2560058406864838	0.34638461095696965
cg20377988	0.5564394804027649	0.5482820099989056	0.5434987655782627	0.4566659275119207	0.38787362275767573	0.6252447484161733	0.4958132301182759	0.5252983727241262	0.4439189906306497	0.4932232457364877	0.5503083962268819	0.45895426464524236
cg19001697	0.6669973450951383	0.7317531753161839	0.689807821917339	0.6827220505981402	0.7700313123665072	0.7245014145401208	0.7080414658991729	0.6050334797551123	0.6630252696752705	0.6945501268918153	0.694457556664405	0.6620241137652644
cg60677921	0.6100347163553624	0.5906085241581464	0.606132095486166	0.551871942138867	0.5937651671965546	0.6106444870345583	0.5190718440250959	0.6275617184033284	0.5669156728982592	0.5727383113316901	0.6351868620733986	0.5838218730013972
cg21289540	0.8542626109871371	0.9406393873671455	0.9287653194750344	0.962786660758948	0.9459804175015123	0.9648660404144598	0.5792463450821276	0.5079438091808252	0.5322393943979775	0.4604536490277367	0.5083811653184255	0.5092890337606298
cg63712549	0.2262511447716435	0.2190372588878284	0.20368983548982744	0.13485471865641682	0.19826631666021047	0.17509906132355504	0.2169633031385091	0.1339378866908169	0.18496521737516003	0.11544226968976623	0.22014562451415667	0.2315448020570521
cg34036154	0.616207262700074	0.66482172237848	0.5832343551780659	0.6963091604993727	0.6618660030252946	0.6607538080043606	0.6038110186888844	0.6101226589804246	0.717980768067753	0.6259343985333846	0.6249153354696514	0.6552398905097535
cg11255015	0.2573853285048664	0.22627016326626234	0.2430902080181563	0.28094062040309	0.23901054831946827	0.17475054900059378	0.21995967221244161	0.3058226120745869	0.15672208427878945	0.20014349153801325	0.168018222291005	0.21265787400786737
cg37093313	0.5071328629506199	0.50038134509165	0.5346446154418926	0.4793800576002275	0.5178434179615875	0.4902278054030068	0.4764865674782295	0.41307450748864394	0.38410559019397666	0.5378154816214724	0.4934846561675623	0.509474979605591
cg46904676	0.9627843737484574	0.8972664359093453	0.9575747883678455	0.9486933514917739	0.8504642265491251	0.8968493866607327	0.8867238745482763	0.8877804628936623	0.950528121727706	0.999	0.9169112232279254	0.8917386038395076
cg27599210	0.7981858497598567	0.7824850787948431	0.8862806854039273	0.6988301351548271	0.8594942936358538	0.8331510232842319	0.7543865472230928	0.8683834022036345	0.7832486618376445	0.8913005671109792	0.8810059128097656	0.8608737992901422
cg62981276	0.2846361253787907	0.3587088542432681	0.375664751212123	0.3369432901835029	0.30504848906332815	0.35272446518075207	0.32206875708148464	0.3955762044024932	0.352533414452632	0.3773711314977729	0.2741401905671236	0.2668983268733347
cg79970314	0.6695848400119836	0.5335808688027299	0.6201448355065569	0.4978980545231786	0.5862582384713639	0.55371029903366	0.5325554632500749	0.49995140513122943	0.7131667951027213	0.6753693788382649	0.6073907263678219	0.5936198210311853
cg54839865	0.5435048244103823	0.4891890687985406	0.6315981815208147	0.5592573474641486	0.6720397309643291	0.5392863587173023	0.5736347685585385	0.5512283301205694	0.6283904762859783	0.5464978048911905	0.6347830417821547	0.5776072311792654
cg21958528	0.2926318247713393	0.28884287037866485	0.20926092832885415	0.22287359275229132	0.2227554723357544	0.21943414346373222	0.24049787426295333	0.20251512170354508	0.2552455604809598	0.19762907530693305	0.2936323236088383	0.18624873092637134
cg25465733	0.3845714511671683	0.35107770374807046	0.44988106933113126	0.3236757168307542	0.4395488057955071	0.3396578069528345	0.37762412383113764	0.3579065173753718	0.4128408406172046	0.478891023728479	0.34337441626156623	0.32916425123422993
cg02930245	0.10007431098557291	0.06517858460980766	0.15311100940077535	0.11173245415909612	0.04444630749040161	0.113160073650719	0.05569927382384206	0.10886982292806285	0.0738005514587133	0.013209924237572723	0.03142673398119562	0.11177226440112846
cg64947486	0.999	0.977699958762116	0.999	0.999	0.999	0.999	0.6125074104070499	0.6101155985197524	0.6849038424845353	0.6139126533302679	0.6090682069372728	0.6190291347675604
cg10508065	0.9348263116436518	0.918984831988574	0.999	0.8906012654008583	0.9153676986273612	0.9262388294150047	0.999	0.9063670612085135	0.8878357442258723	0.904844992814691	0.9332390872347717	0.8226911993542441
cg53521357	0.5092276939513777	0.4403516761068302	0.48181309059080785	0.41253205484311845	0.45467557248877755	0.3830261837561078	0.34455016826975776	0.5173134090428582	0.40404762975345815	0.5123641360106221	0.44892474444029457	0.37247553586054793
cg36985718	0.12984210452833447	0.20731462795013011	0.16002323340226365	0.13005045900406842	0.15735128669589776	0.23046153203975325	0.26236551270547687	0.11594523457204002	0.18147317847174574	0.17452487246341028	0.22198176022977176	0.25442384747323493
cg75769181	0.24179427038064577	0.15799197441237084	0.2551087353776488	0.1877427489332297	0.14845052199687067	0.13777961574502	0.21439869918480287	0.1841281868749271	0.2806066708287809	0.23748037859369997	0.22893414962533165	0.15470430344792058
cg52510417	0.722201179304519	0.780896691783965	0.7506154576916705	0.8377391312487554	0.7457464212295972	0.744629666504521	0.7362302712433396	0.7625676829899433	0.815511353293282	0.714138049110465	0.6794204258075266	0.799654882116715
cg39725474	0.5868594930924287	0.5589581235680392	0.6142368556331095	0.5571183404014147	0.5122931759022753	0.5972326733289619	0.5665904730933065	0.5354602136419435	0.5638948228041593	0.532599937430538	0.5357128234379739	0.6618401679601471
cg89582427	0.2961881606698966	0.34749760163729737	0.30348251027306006	0.31524619350136424	0.24959445952577522	0.26860663155901243	0.28329411148381534	0.2686263879615481	0.356736509188694	0.3077330849244585	0.23284492918999872	0.2859159351081961
cg52428415	0.35277333986731196	0.23950626245231307	0.40342717414149615	0.30703271085931466	0.3618582253358762	0.29668725766871823	0.2746251044620192	0.27389772538553564	0.3287269541702438	0.34405101585804865	0.2666101022675316	0.3625949794890841
cg00683184	0.5680081768756182	0.43207390074441204	0.5127683922139564	0.5235770820090391	0.45017150540594386	0.45289917851497064	0.4142589846560039	0.4975867211950278	0.5417216822708829	0.4275674759322183	0.4800585713662037	0.44414440526598764
cg34743777	0.14538636941961086	0.2876782149833145	0.20328199653667742	0.258528517149825	0.1897519551094001	0.33869921953898036	0.23098481717879582	0.21129397348018453	0.22327378280542337	0.19501338164101414	0.25403890683574076	0.21810457299162372
cg75614790	0.7027765530428208	0.6931670435484695	0.7248652412491502	0.6877638074947893	0.6415444028619822	0.6890925601118012	0.6162626157828743	0.7447887683962582	0.7511276322705253	0.6611423231108898	0.8304348367338525	0.6658800754080875
cg45849866	0.5036322790041415	0.5059055838427602	0.5759200393243239	0.4500431865954042	0.5417174003894554	0.5308110505302324	0.5799383472540536	0.5954586274423614	0.535289202643631	0.5878343552196102	0.5668102031478343	0.5687736989935865
cg09740376	0.3399341562838253	0.3004021374353262	0.24536424231533305	0.2549703342110727	0.25895014904384395	0.32935034259637586	0.3359070546952452	0.28855935224535945	0.2684852438743884	0.3049366291588422	0.28251679931519147	0.21783983075408958
cg74111062	0.4895614794527323	0.4584397859472903	0.48900271474082985	0.568755957505685	0.513111736398926	0.532322073589368	0.3372033248636869	0.49617360832916535	0.5111532702752459	0.5228509233255659	0.5834919397260225	0.5041515046550366
cg67202010	0.5990193767248503	0.5800244743351511	0.5570279077735013	0.562857028100487	0.5620795704241569	0.6286263387066965	0.4970581847377818	0.593868497791577	0.5858974039729602	0.6009250486990525	0.5385176328026007	0.5786002150802187
cg08239866	0.010294844489748805	0.001	0.001	0.059994225174736494	0.11561846379018631	0.001	0.04230594263779463	0.03764004290108567	0.0019652317754393356	0.006598480323918337	0.047579627125311885	0.055801556121040236
cg21553879	0.8620228409561078	0.8060018605317758	0.8460595324249992	0.8036164281473521	0.8023972995574368	0.7773787403447041	0.837754995356878	0.7718842874812953	0.7600679330966772	0.8527294845835636	0.8785567733461153	0.7229546111186308
cg66211454	0.8405954766682473	0.7573630557760642	0.8407426006484748	0.6963640935490738	0.6893722079777255	0.9520192972299885	0.7939716822942039	0.848383261467363	0.8784255988177248	0.7598643807014901	0.8301892185754931	0.7007611059327308
cg04703385	0.5067821779975966	0.5536329822136971	0.6212706291745127	0.5464720995779812	0.5274187876093609	0.5259681317676518	0.5463009705221783	0.5425771409776059	0.5081387470339929	0.4603144661313137	0.5473631608399564	0.4827097845220216
cg35604337	0.3808243738731281	0.4221591626608753	0.43810493539546025	0.39294040379458545	0.373574608283254	0.3657276373422491	0.4142621409263829	0.42264551185811117	0.28680632034835624	0.3434877980507579	0.36048371336407437	0.367027268613068
cg15318447	0.24246964150636147	0.2707602681330193	0.36459191505675426	0.28365531502667135	0.31620763137093894	0.3226051658400449	0.3553601225728465	0.24943265715026575	0.1987501811196125	0.324281101603751	0.2498079851054768	0.3201698496111348
cg57487266	0.8328614706790277	0.8980370431392406	0.8747514408316553	0.7980379346059499	0.734350107685211	0.866787119259593	0.9056746532509877	0.8662917746513327	0.6754430528199968	0.8223588751695484	0.8097283213213107	0.8268761739404824
cg42113780	0.6838162466373535	0.6114011853744228	0.7077670929199279	0.6540932129286762	0.6913309719783454	0.5849289861062303	0.6409380551193301	0.7516647665536197	0.6112707205717216	0.6941373851366475	0.6104640075688106	0.7409966905821971
cg55164814	0.44722044517704085	0.37219450937975984	0.4561551677616678	0.4444744770639886	0.468557619753821	0.4899992286259003	0.1667827572373826	0.16054895287804924	0.19648202250117985	0.040865036789459935	0.16031601152800184	0.1571950554081573
cg82469046	0.16499199187303074	0.001	0.14365407099444785	0.12484650904432301	0.1019803220662829	0.10893559256602127	0.026444120577893623	0.04042792191436584	0.026902908996720404	0.09827571532664989	0.1019801382739355	0.13782075326968893
cg80042700	0.39875126969919283	0.5793648304773603	0.5185285658293955	0.49113739944746726	0.4203219133843701	0.5362312505222435	0.4944727971091583	0.5087859149852484	0.48768911265612624	0.5224351959921368	0.5312168633724987	0.4777605477855298
cg85698650	0.09372648083840021	0.18191642396387364	0.1798259090613297	0.06857250123248466	0.20447315681456762	0.1959907453149591	0.1239525939846999	0.1878227579253631	0.09373707187995256	0.13847916618260214	0.10378088271498176	0.22481369555057193
cg84525991	0.14515419265140778	0.18219989042988038	0.19181875321350667	0.20623227810125927	0.20647537889736228	0.19027484114497953	0.28288216951274936	0.2300533830760361	0.27300350827993586	0.22732283111904583	0.2644581805595896	0.24848015663163248
cg21320189	0.8844449125656659	0.8712897407438446	0.8834207569080916	0.8779779000208146	0.9696507599549228	0.8682261103561476	0.999	0.9013962666091943	0.9292578941621568	0.8885399418599108	0.864973040310584	0.9415520562674805
cg27037609	0.938904183441252	0.8833624320928761	0.9245737437921524	0.8954143779805105	0.9128155449593497	0.8218290371168144	0.9637248375198999	0.9674433517875805	0.9563788354526462	0.8818086627279272	0.8578737455513816	0.9318684355945293
cg76860483	0.9501509373624808	0.999	0.8923556409566473	0.9727913887486817	0.8889790075330317	0.999	0.8877492314276528	0.9351396879761282	0.999	0.999	0.883530697567445	0.9845762049906751
cg23472460	0.13115342888357498	0.13031387382667645	0.1605936442471808	0.10917992939092509	0.13587263130493668	0.06500920319848914	0.12756593623477416	0.15055800556303336	0.2208997882679135	0.06539891590172772	0.1023034381742553	0.20976161275646243
cg75346946	0.45292617570920646	0.5062577821652458	0.4156531290969633	0.44224236356110874	0.3673459410905552	0.39862571217368997	0.41691646023456996	0.386489414652783	0.47155305335815767	0.46707482623718916	0.47434842343326283	0.3766017426365257
cg05455259	0.001362544385705447	0.015018402362602814	0.03026975666880819	0.07783152633097681	0.04030807948114838	0.10642125187391907	0.03360610687475914	0.034405381575171964	0.001	0.004611075415899314	0.06153655015877326	0.001
cg25655808	0.07423163446009869	0.019895787047439634	0.1543449215072454	0.14331946133301152	0.07976924509761663	0.11857717791893689	0.19059086829954128	0.1920401292600601	0.07123649189968627	0.09075206159163735	0.07724625450166459	0.17757102095117216
cg39364896	0.46880031740049954	0.5732113689256817	0.5672357735383569	0.45332673506531085	0.5198081553324659	0.5617804168615551	0.5774266089811362	0.5106821338059568	0.47925118414299706	0.4871125826918924	0.5354241967204191	0.5668460516467925
cg45582811	0.40517146574571106	0.28112844005177334	0.269950436331714	0.26223569561061716	0.28360347948493103	0.2906932624662287	0.16580365054401763	0.33759864539155887	0.211394216611676	0.26301860092057966	0.2941534424824009	0.28744487364264776
cg86451970	0.16076880835798174	0.2665207376598437	0.27306085195865465	0.3223474228574592	0.27181481228964743	0.3133521611614283	0.3454525088372673	0.23806132086032142	0.37311276795862436	0.23636092771331157	0.19799783133797727	0.25570771454791974
cg15207998	0.7391854469298053	0.826365544891511	0.6675767476552119	0.7340874113039494	0.7180710875274916	0.750729446067607	0.7219371532315404	0.7336533529402998	0.7401663850705837	0.7618026019253228	0.6972070987612434	0.8843495670874473
cg73473530	0.5957958898798716	0.5097311458682393	0.4119076286686607	0.48189697132679465	0.4785357582618822	0.4997013468120014	0.49371250270609324	0.5153820266463973	0.5314875908699589	0.42987568442661805	0.4184545296878266	0.499165314997096
cg25163365	0.7320490334996864	0.7659804142774591	0.6108560819377746	0.7023087190873072	0.7000922991514488	0.7742273422466142	0.777489676419843	0.775148304213761	0.71994552423852	0.7702146221836934	0.6632880141560936	0.6466567655698562
cg03571761	0.07635678882800573	0.11758501511518842	0.19467564031778772	0.14159904729867415	0.08473508897124718	0.10634316683100967	0.10326831233034477	0.08357828750603477	0.2236057137902444	0.15993473250690057	0.001	0.093447190728416
cg37133765	0.4629222214376257	0.42521385968844966	0.3714940192273019	0.4745180008356655	0.4653438735336106	0.39968572658487356	0.3930725488630364	0.5286444824446394	0.43586497256003465	0.5325394693389826	0.42204037608366374	0.4870464415446176
cg45880808	0.6310311828263164	0.6132009818626554	0.6114450429952301	0.6186575425452362	0.5697094429343441	0.5733230853877994	0.5203464710183322	0.5182934799245982	0.6506326491517364	0.5390895640233657	0.5398515276874445	0.5567639085516457
cg53997693	0.8423488089817223	0.7519072478058013	0.8558023707430582	0.7400968607940845	0.6678253713663184	0.8091872328047092	0.7836224263514547	0.7783296196367807	0.7995675629543705	0.6664678290556675	0.7410902188414674	0.7618985741236958
cg63034598	0.32767207691643985	0.4340538854946264	0.3497506710529406	0.3579907122481698	0.3647339472618317	0.32036502870734107	0.4168126448905621	0.42304220737745835	0.3668363731981434	0.3418351313779576	0.3304396342919342	0.3870822898618901
cg85683044	0.776704935258057	0.7866763524318492	0.8201719579550881	0.7251617297866186	0.8012930360021466	0.7778252718740385	0.8125386587868039	0.7781112696089094	0.6420381429795894	0.7306872684274639	0.7979382089373293	0.7166270686491115
cg65698704	0.4957680340116738	0.4862797004176768	0.5755067975722202	0.4810052112511816	0.49298120411787394	0.5212833633404177	0.4734164610757207	0.4365294808556786	0.5324527672824811	0.49869282810938903	0.4652924947707227	0.4887078107595296
cg88908288	0.5504093642017801	0.525683975637968	0.5424560471335952	0.3905675608751284	0.519383659132194	0.5985598133888385	0.47058535863871986	0.437783254882428	0.45896764617459296	0.4696805846672366	0.5075468509821315	0.4923332173777622
cg23305968	0.999	0.999	0.999	0.999	0.999	0.999	0.7903444348037912	0.7589790540324357	0.6888083380929991	0.7065831366191059	0.7490440596462917	0.656820027975282
cg65847035	0.9918176883712403	0.9952021006483844	0.999	0.9416444540636737	0.9813085433834342	0.999	0.634929624371745	0.5996151722305785	0.6726554430594406	0.6668708595986337	0.7051209597195995	0.6617555291840584
cg17957420	0.45413911188548417	0.5713760689723816	0.49019496096292337	0.5942889204803125	0.45699252596480533	0.44762956274111115	0.5983500182128356	0.5601888654865909	0.5335680065010291	0.4496292971162955	0.5614651882877241	0.46815550642643494
cg68486326	0.8275301353914386	0.7963737301364161	0.8339435128031081	0.8836259012237266	0.8421252373106715	0.788910423825791	0.8182971139625866	0.7857316563037786	0.8676337406469292	0.8984259432634685	0.7793715691258496	0.8532228985757325
cg07872255	0.7111821713253044	0.6531613830723373	0.6003152747781313	0.7044114844921722	0.6686121068565203	0.6286868703632321	0.6330523043240778	0.6260766685797086	0.5899334684980947	0.5666826583774214	0.5661381716404779	0.5752046113668238
cg30504803	0.4081756764768633	0.3263792964635802	0.308901134881462	0.412918547059591	0.39647889390033686	0.3947786248300417	0.36097336296325166	0.49507600398478335	0.3844405019436089	0.38748859385236606	0.33403053222665446	0.36122256120132445
cg71371686	0.999	0.999	0.999	0.999	0.999	0.999	0.7482148706529019	0.8170872955214774	0.7509498020004586	0.788893409741906	0.7103239486466485	0.6434070030583605
cg50655982	0.4986953476741327	0.3994476919601357	0.49444903430311393	0.42507920992012	0.39288955085686184	0.37556579942579044	0.35426975056841614	0.42532670543681755	0.3820855469332627	0.3399930895296791	0.37889208902409954	0.355597690596736
cg85554064	0.6221594215093924	0.6347380371561254	0.6473532817507535	0.6632694061136714	0.6679217524717497	0.6459931947277058	0.6390579524001415	0.6088694685114827	0.7112624610692797	0.6747987915447317	0.6697613931088188	0.6112465755259073
cg68528979	0.4280838432695371	0.3622179888643371	0.3820177962562485	0.4121931197868305	0.3913240953021722	0.3628180754231289	0.3750244925508687	0.403340668501298	0.3719662548453925	0.46501786404510015	0.43905116604576455	0.45615499620946043
cg80903765	0.6360988770917022	0.6380685355820075	0.6317719820651805	0.6190639669634913	0.6603166409707605	0.680593710821311	0.6309636721290394	0.6715480635192731	0.7287692865609815	0.6510450879109572	0.6593368884890899	0.6577080881267325
cg00466094	0.48312916665863276	0.5171799485835302	0.4879063821874353	0.4506723331318468	0.4915543810092815	0.5087858325386038	0.4947104985707522	0.47980446475920674	0.4462458442397163	0.533398247456029	0.5724233611681829	0.5056448914407949
cg22938065	0.6190664071335401	0.5787425675903185	0.603068286070144	0.6366284454002054	0.5639652800113437	0.6466116211888062	0.6177061175846749	0.6863420994034017	0.5426440934404301	0.6296565261443218	0.6673103723983402	0.5268386142162912
cg61184726	0.522852934190749	0.4692078164640183	0.42706370067854843	0.5337974299859368	0.4117846798923315	0.4962128410704457	0.08286993947291739	0.014495283939969697	0.09714880303159228	0.10907391090915783	0.0724399382957391	0.03466279503529379
cg81049709	0.7055157015569591	0.8287551436950727	0.6922287369354383	0.7501636941611641	0.7749420592585997	0.8106707314986533	0.74119304303325	0.7725912536967513	0.8152205180419492	0.7887316983527918	0.7963631040314361	0.7429231164403833
cg16549961	0.41174424381775604	0.4565553955373229	0.3683692725976926	0.548983063960371	0.417247262837951	0.35325265353118124	0.4259321179139563	0.44907850178582653	0.4140883897190916	0.42748780293305616	0.2913362068163971	0.3701838249490878
cg11797071	0.7411896920210141	0.7404926620341317	0.784187535312724	0.9561463014520358	0.6990625116693138	0.7970536975575376	0.9066403357451207	0.7870787023286304	0.7906630040105165	0.8109231476794246	0.8913407646885606	0.8764981129480419
cg13318908	0.7742856496120154	0.7564763283436319	0.7651433489148395	0.6856652417473784	0.7510956852083109	0.7434499361583347	0.7483246173250676	0.8413692516708429	0.7342521040355601	0.7985605676557428	0.7709858366429365	0.7289146053943149
cg89925655	0.8745124597736562	0.9497540403044713	0.999	0.8951898243770755	0.7821486715317235	0.8677959023137468	0.8665883437472054	0.8375349170998131	0.9080467672069042	0.9110738361498572	0.917743088078229	0.9038097373221374
cg55792945	0.7549887872462526	0.7198872962030062	0.7871981454263659	0.6859599216563033	0.8213386453702326	0.7854147997259077	0.717959433975118	0.7394537674503493	0.7269911198574436	0.7593581080908407	0.6477132418939754	0.7478663538931276
cg68871819	0.6847672617974245	0.7942171515351542	0.8302673858503234	0.7306869704742757	0.7683230858269715	0.7756401237070039	0.7704020402153829	0.7466215705700258	0.7565638188349383	0.6792709285800232	0.8674096220481903	0.7299201353352637
cg03211198	0.7737936121579843	0.8230069502862648	0.816731681652661	0.7644979875111055	0.8193720519407806	0.7878921666715143	0.7805898885799393	0.6850894408789237	0.705442568530026	0.7932194374744737	0.7787319181202921	0.829056204317119
cg52258455	0.6624011189994229	0.6318654256513219	0.6068372296253323	0.6062888708366707	0.5736173777600567	0.6175430918666135	0.6017695644178638	0.5422654901028847	0.6897326190161848	0.6716931998961585	0.6031138470920344	0.5759914151565286
cg77179918	0.23605359044537505	0.23207517251655446	0.17928506368111324	0.2916016532712226	0.18559946813120387	0.30669039041020585	0.23080550741967096	0.1998618533013592	0.27689329008579466	0.2903687335060045	0.30235489357620543	0.2617807620927691
cg23964104	0.6231576850852764	0.5666453361244161	0.5927822869101437	0.6374554001498192	0.5768669598038226	0.5764862840723688	0.598951548261105	0.635822681788943	0.5497145655975757	0.609729523541602	0.5819458977303	0.6500644676585338
cg35080323	0.14284330029850492	0.10402587504887739	0.01001592785377689	0.12844694960792621	0.11261748214081492	0.10262240151023844	0.13479551884321106	0.16834729220542408	0.18918909615860263	0.09124387824150493	0.07288962532898355	0.1258277443655567
cg85330650	0.8440470610992173	0.8652785198379715	0.8475309532633861	0.8610247782924472	0.819837427917143	0.9064668247730588	0.8827214487254221	0.8958612005652173	0.887012190583414	0.8317881746185352	0.8953837817660638	0.8667261146831223
cg59413636	0.6218854032291499	0.7264681770923231	0.782141610305171	0.7049205893728949	0.7027563314819554	0.7236851277664933	0.6169436866678673	0.7161061949062152	0.7777625931427344	0.7224747874985885	0.6479944227772613	0.6822502432855104
cg12439887	0.25797013788078704	0.23018710052450275	0.22603661394214403	0.2141733121525286	0.2370515802950598	0.2780643243133048	0.15418459634676088	0.10156779647163121	0.15029339050213303	0.28030901102801803	0.24668304651387218	0.21038939326368694
cg89140614	0.8394822473774246	0.8163801438966688	0.8882852837884183	0.8585130398931471	0.8550971137549584	0.8499604537032153	0.6984031130169369	0.8459378700992413	0.9184795999291158	0.8338271714384778	0.8379753517273357	0.8631607359831078
cg36089553	0.7914354938971373	0.746039539544235	0.724114521052166	0.7417426628474321	0.6875845292746345	0.7794590814161314	0.7811467057561464	0.7203441457180729	0.7467742682726093	0.8081863300394798	0.7999097082579898	0.7289569055127477
cg43127457	0.001	0.10781049259059694	0.02006605472420009	0.11197735404279124	0.001	0.06305805882793009	0.1421108177060726	0.15120100707499157	0.001	0.07367571165399382	0.02594798943258049	0.003553284096480619
cg13961722	0.3692566719350534	0.37128458537697306	0.42903185166790814	0.3864849682104929	0.4474822228753088	0.40823105621510414	0.5157867102922785	0.5241258243655873	0.49288545617591684	0.5127436304044335	0.5156781070295948	0.45888210472425256
cg57419259	0.73040152057242	0.7996862780454801	0.8187251432664924	0.8759723377149496	0.801208186150789	0.838384768052469	0.8435251851951658	0.9547742678954285	0.8241456584879499	0.7883537798388218	0.8525520276370262	0.8289306943287945
cg34886593	0.8685469591690611	0.8730172314278862	0.9737111071590847	0.9980042642589048	0.9292222855021744	0.7864947244567851	0.6186158634567323	0.6022968668288665	0.5123734432668902	0.5724835758450826	0.663344871483436	0.5843487329172411
cg46396767	0.5234347714121501	0.4617354546156144	0.571173880144694	0.47965303250121405	0.5455870927581531	0.49219186297386563	0.11828646686030563	0.1666156931630328	0.11240804158414965	0.06876737075027986	0.08800991425616916	0.12208247904047817
cg70036025	0.18411058156197307	0.1426448741877853	0.11987386440527222	0.08518248720018969	0.23001661821509098	0.20363008484496495	0.1485739552928906	0.10763197227379352	0.05796811746193148	0.18954452122345916	0.2507686852574723	0.23229636439929785
cg53520594	0.5214468579089642	0.5108894044296466	0.5063100261859792	0.5891986596149634	0.5323432090657597	0.5281001330390209	0.44495359420899067	0.5311683400820497	0.5553581073726891	0.552539187568569	0.5591299732312599	0.4625276825441306
cg34399905	0.797293178976628	0.7477406017471472	0.7845853408809673	0.773716464792103	0.8394074864844779	0.7814528899180864	0.7504320259236317	0.7321909582785332	0.781745588227231	0.7440613111321586	0.8310736605805822	0.7415886625148155
cg39553470	0.76708382446838	0.763344809096838	0.7127500031068625	0.5805397334775968	0.8034082091645557	0.7824344792018743	0.34826715619660875	0.4284251678022619	0.36727816643584205	0.34260898789836347	0.3418348490400389	0.40999312109583896
cg48702561	0.13887091014249944	0.16854969858922633	0.09295084028414768	0.14246638296131495	0.1516898880914418	0.15324081115683447	0.19866759398171224	0.09749477272326768	0.22893564908690267	0.1326225768090369	0.18251516047411295	0.10195546924182261
cg83320645	0.6384541896807432	0.5372081593621676	0.6244876373421271	0.6478824440152307	0.6272285890563484	0.666907273652977	0.3503336202362037	0.26175614705670874	0.27259678879928134	0.19505202708777036	0.3029008742426805	0.2834455217418672
cg75784968	0.6839001612299652	0.6782780581423983	0.6962131215864775	0.6951847660528206	0.7133196330281582	0.7832332835737337	0.6522744394219675	0.6392994558807245	0.6450083991134207	0.631403556357776	0.6344029114213167	0.6748099657606086
cg43680530	0.727298818295435	0.7810581157026012	0.8571673940782522	0.8972981473198708	0.830508384635145	0.8726075406396203	0.8540618160140651	0.8168350998667732	0.7898314207071293	0.7942313610484705	0.7774734707582767	0.7385203123988389
cg65509171	0.2465825578384627	0.3516749298999219	0.20674280009615612	0.2958342578575471	0.23749354202695117	0.31206148893052	0.27840535704439007	0.2928935399147893	0.26481997043379124	0.30565660539191647	0.2262842015334638	0.2973870146582989
cg87255044	0.599796934406065	0.509825894508743	0.5274252453443585	0.5373355567299734	0.49153751938153395	0.5568082120104035	0.14199814842225345	0.15720232281495605	0.23881352193450417	0.2517343832575866	0.25663172617679075	0.24805454233958807
cg04609482	0.6860930698442996	0.6869559046344696	0.6201648269992815	0.6074945956324276	0.7018510371791997	0.7192219733677504	0.6186708318673437	0.7209319077560719	0.6780797322276845	0.6844670432019636	0.7138864744702742	0.7147548250918491
cg11988560	0.8484437595733482	0.8605633112621989	0.9025605092207223	0.7998287222047357	0.821520333524321	0.8701097597570931	0.816759884566554	0.8086621349239734	0.8042852151838646	0.8419874007504671	0.9034929635870167	0.7853014778677166
cg11578556	0.4014841113463919	0.4226085336565411	0.3821486379984995	0.4400292546265367	0.4657355994909413	0.4363769425255438	0.35880914867480196	0.5064509160454979	0.48146870125228663	0.4432677283840664	0.446597684835837	0.4692763243397788
cg83510918	0.4643119921364892	0.48641802027601333	0.47614160881045087	0.5213711729808488	0.4683230050343976	0.5417348471189799	0.47153623272010925	0.45976327241364123	0.4937443496495844	0.4632504699067014	0.4944834124147148	0.43593897012206456
cg11845337	0.2628445239059264	0.2848140176087359	0.18553264248252865	0.15517783535221388	0.27246824326167607	0.13074999105205504	0.19833036594392303	0.2617887932272725	0.20746956607450634	0.1935129016729116	0.21799315945363634	0.1993193197330195
cg33909691	0.09386278451855347	0.1193821207826903	0.07945870181623929	0.07634173121179419	0.16100862994357795	0.09578857064733505	0.09698253854771827	0.21944406361576146	0.21678130290567016	0.14985305190335493	0.08625503087184026	0.12622323731544727
cg74353803	0.32543131472668085	0.4190996843590492	0.3249551585855083	0.3991196719920969	0.3130590161817607	0.4092921491802532	0.3668727308625755	0.25686174865983624	0.3161601366494992	0.38878608844283935	0.43895316500721343	0.336792092316004
cg29510430	0.12622859389434077	0.33898954673712156	0.1948125636614517	0.18668085518787086	0.32933828726929076	0.24274905424743987	0.3046776784015981	0.23534400511999704	0.2941810339805555	0.2783136390675537	0.2906407000361117	0.1971491474665102
cg18703577	0.36415307925347995	0.3448952694907406	0.4808463710455961	0.2958537726596839	0.36940771825292346	0.3890745370643265	0.3449870362307035	0.38615776838279936	0.30349784069335306	0.36495687492469453	0.40427821317534984	0.38437938069623084
cg81896759	0.42693591510665424	0.6105844122616693	0.5394905598697459	0.5132509066589087	0.5867238393594707	0.49338960952451644	0.21835445628434283	0.23840564336875697	0.1619416500134706	0.2495164751873875	0.10449449220200839	0.17171679478011778
cg28620165	0.8201532685767304	0.946607258028285	0.9260633242470898	0.9231700677914104	0.931820131203049	0.9337365829472388	0.8265686071253182	0.890563218064498	0.9437214762938555	0.8814487630914045	0.9271281980372091	0.8679283235903575
cg32219350	0.5629214232168523	0.5718829171826926	0.6295718372492625	0.4988238880284039	0.5169665401130779	0.5658106054622893	0.5249823050869904	0.5461749881388607	0.5832264866234265	0.5299784305813352	0.4886336586360512	0.4833605118264362
cg40002801	0.2975768440174143	0.21984488272491118	0.2585881526425509	0.14802284750166378	0.2902825767310558	0.33298186865782875	0.280248630717195	0.2288945139667401	0.19883333117657398	0.21132786693989752	0.2365171137360168	0.29704110907238396
cg64140692	0.6297905956504746	0.7673962048656364	0.7547682934073832	0.7261595122040144	0.6950855641220842	0.7509950677943735	0.684809458507637	0.7579605024897429	0.7707884092842441	0.6967178439492776	0.7786424164406313	0.7197173147044121
cg87323095	0.4397470165712412	0.4187286355569557	0.3997203102877098	0.3308130455113634	0.40897084905378994	0.36412936960490094	0.31623093589652834	0.33935216585148764	0.4396118701164813	0.40264894101597437	0.34132547466732344	0.3726261785133232
cg39627916	0.2888632594346025	0.2399299757989289	0.32677028253789625	0.2976145773041874	0.2803964200919587	0.2792560817478492	0.2964413742787583	0.3120906501837597	0.261648740754926	0.24694241369263642	0.25566157306951165	0.23513191681545337
cg73909913	0.7799401329200747	0.9341590934222707	0.8457328981760519	0.8134921345069966	0.8082456387207283	0.8476635217368592	0.7841541058196252	0.671023656657362	0.9479425816311937	0.8465168438101998	0.8512493183244917	0.8258882460413027
cg61008351	0.5336484780773685	0.5261733235661447	0.5141870053359477	0.5093825103287833	0.5115853067134801	0.565709774240033	0.5346133841593094	0.40467020468701065	0.49907241989707085	0.5010819257551082	0.5558047156541078	0.4999858708733869
cg41960391	0.6306952686986804	0.7009686675592829	0.7008095746968503	0.7431357668657768	0.6605567780765124	0.6108186228168044	0.7490380008198271	0.8081146607189408	0.6687793193173509	0.6437163368266966	0.6855146741110886	0.7020202843084848
cg69219882	0.6588959355630243	0.7297343833894276	0.734660433475612	0.6924408499605046	0.7419665305098062	0.738182824625525	0.7174724374503736	0.7315732782692506	0.7431346407754891	0.6046040396937057	0.7354359299467299	0.6494392993292981
cg61575649	0.44892856732471087	0.5673489130037837	0.5806684495986707	0.5612259492059088	0.45942315938355344	0.4348905795523467	0.5194794269040428	0.47911232114441593	0.42714437673229555	0.5713698374307951	0.5355097810562235	0.5011483394543313
cg42615865	0.5161027389661069	0.6291213402843585	0.4694135061038501	0.6325859122194085	0.5976967115973971	0.6071836013016076	0.619597614738427	0.687312616347723	0.6540984960749204	0.5432732363811885	0.513955030936305	0.5393373100074701
cg40829758	0.9439769858831932	0.9300630067236052	0.8951736469525972	0.9190554653079251	0.9188977296801447	0.922633445953387	0.9174664104733812	0.9571102091024138	0.9530128480378899	0.9746724014478695	0.790635208477367	0.9017050792658996
cg27014728	0.7314938332785114	0.8599814576900687	0.7788753478955384	0.8633663998183878	0.8283490377995189	0.8233599252414951	0.7502430669364104	0.8592132930300386	0.7797048057228272	0.7996237261218033	0.699621544297315	0.8530985709989718
cg39108410	0.5949352812488687	0.7269584432711524	0.6390848019687613	0.620878105218413	0.6223594786642588	0.6961252360385717	0.659507084196682	0.634686224316276	0.6862306723367531	0.6150674227628811	0.6831423947193218	0.6973672670281833
cg55578326	0.83046962658998	0.8172736230868087	0.7808626835044976	0.9227773558686222	0.999	0.8977925740641516	0.9043190811577342	0.9133083049569758	0.9077616353400995	0.9066501062571445	0.88327052660156	0.9078193617397645
cg14225661	0.12639444410445677	0.09330078288540734	0.15479891569926663	0.12933570092967206	0.10235168344113507	0.08705069709498307	0.12536114828205655	0.14604934996821875	0.21831934889979404	0.10380661366133137	0.04810061697365961	0.12043531114031346
cg85032097	0.057141351416619995	0.02811795407742667	0.03346755945692527	0.024693157437133247	0.0779331993291294	0.09223815464866011	0.08220697962728753	0.001	0.04452987903481143	0.07547408728169053	0.041392481517721944	0.05667019688117517
cg84297872	0.7576135734023293	0.720333846648658	0.7047698951901391	0.7100188309822314	0.6751964252031384	0.7731675077993941	0.7057797886958113	0.7483098889969599	0.6501377284995	0.6688111966185672	0.6940337320225156	0.7292431335104679
cg80692597	0.2752506907273121	0.38396069180137515	0.28725168823194636	0.2839901108200452	0.3756036072790302	0.30659616230208514	0.3035443950528361	0.30503747264207287	0.2081926268108315	0.3434038946601646	0.29249643071849213	0.2859204040008675
cg59660568	0.3118847784990555	0.40999864935911473	0.294484259412824	0.3484261278793602	0.3506685892910037	0.37901867194652883	0.3283670931987128	0.4454382074057326	0.36324505518998146	0.43176446021202664	0.37478182306030283	0.35804403592170103
cg34149895	0.49485651603595926	0.4687688135479169	0.49938471274580787	0.5237667649115254	0.5641169483265246	0.4634643177402159	0.44737786460626405	0.5901548349696347	0.44140013258244454	0.49453821400610387	0.6328294561947307	0.47732899170167975
cg82391354	0.2500185301542074	0.23458722104221874	0.15781571187339674	0.3002442855601991	0.20013381693537108	0.3050238277844582	0.30300578599124695	0.21912791174456187	0.24142867264149345	0.3380501687675212	0.2082867565915956	0.24394088996508806
cg81358804	0.36573111614486126	0.4648602349257864	0.36694279080751957	0.3961357585043836	0.4240572722702391	0.38965497021888335	0.3793460392228727	0.38526215055111995	0.43564042970550965	0.384729374226464	0.41972327127389114	0.4069638324507535
cg84849964	0.40998290533023707	0.3707085379146022	0.3821611624978862	0.4018768977037381	0.37554147692177603	0.3621396214458378	0.40598651659487417	0.4096113373507984	0.37560802055659664	0.409431759902608	0.3568999204388025	0.4844224510268264
cg11082016	0.5820498300051767	0.48764710734934913	0.49289160755120254	0.41823983013367755	0.5327029940154183	0.4714460362338232	0.4153385386866911	0.528417280742177	0.44493547630258967	0.41049653382242784	0.459323818350649	0.5167340522251521
cg10334583	0.5694331797696102	0.6150669087819278	0.6032535984370708	0.6035529390463319	0.58199855661411	0.5590376274538478	0.2553614711904539	0.23145207759934838	0.31229793888928414	0.15349615961967275	0.2038190013465069	0.22873718460031767
cg38994013	0.1405845463446736	0.048695041880050624	0.1335344444646219	0.19530559421737845	0.09476750818862983	0.12809392333715303	0.09618530984736579	0.13649138753993972	0.13055793707145774	0.24441497574177976	0.1269546151801255	0.1748221156005894
cg40206034	0.49781747833865164	0.4706318177226751	0.5391861917516846	0.47017698494723104	0.44919714652853193	0.4928915563525852	0.5770663354941692	0.4653266958244138	0.44469808689758	0.5024725424550923	0.40236606641661077	0.4059159889737897
cg04958796	0.4027853937444664	0.45379134111202835	0.459095842829868	0.4586022140329921	0.3760932950892262	0.4748764341066365	0.3835898733637622	0.46076968818133635	0.4867469491760499	0.49368910258139626	0.4534852083144121	0.48317139876208076
cg82135400	0.24456739457903964	0.3168966084317919	0.2280386247017714	0.2608333098024606	0.2391466691118061	0.35682648796429384	0.23802943121617784	0.35028448253174377	0.22237598280548743	0.2033776604226336	0.2983058483487872	0.3236269287563494
cg48250677	0.6723962333639626	0.6797418490878813	0.6987177130651994	0.6788496959972633	0.7613270108971355	0.79998381050648	0.7732296480262322	0.7433590045783721	0.6822729877042601	0.7396455523150846	0.6820034208771346	0.8668318074317178
cg46270207	0.57851727226437	0.521853402253057	0.5280373357130387	0.5540404461221385	0.46760741342664564	0.5178180284585494	0.6144800321107717	0.5175239732162241	0.6899227278852474	0.5808902028370572	0.6571921064687035	0.5048169213626029
cg17278919	0.7673237630666456	0.7134415966435184	0.7350695382856761	0.6754710999693304	0.7755944880480536	0.7665508693450462	0.636058152517182	0.6557952016653738	0.7362136013411823	0.7469231914307853	0.68249323841026	0.7369841280930209
cg53392873	0.23523129123445655	0.2569186737735363	0.21487806532005105	0.18173594624344894	0.22166654325323468	0.3162899829681458	0.2546831495520722	0.28827468869172024	0.19179530831124297	0.25891888871905067	0.2615168207263077	0.23608308030822717
cg41017119	0.18032454033840015	0.18351269005316667	0.13788409705345553	0.22508412885878473	0.13289207978162856	0.28994595720275795	0.22131895705947974	0.16545297827061553	0.16794475743182807	0.13378294671678853	0.28975465905060704	0.19169456327134538
cg80748527	0.4306707232812461	0.37520664477801535	0.45193025754460986	0.32183337275766305	0.3767769587694289	0.3015882533915829	0.3055382506727222	0.3535284755340277	0.3403487818455347	0.3604766198607038	0.3313360930233021	0.4006857696104564
cg17212664	0.7251730270844337	0.7732764352840017	0.6865517051028294	0.7710389118770359	0.710080067869014	0.6159921857858944	0.7153029457979295	0.6713596125544918	0.6214812197178095	0.6264337871043459	0.7503868188216474	0.6335891675266926
cg65326045	0.9949663605753394	0.999	0.999	0.9946645337598159	0.999	0.999	0.6883483873412776	0.6391385534011417	0.6969866443221255	0.6991839504271085	0.7884604619840505	0.679031963676423
cg04563340	0.7603893277591237	0.7269130821113307	0.7509161014734321	0.7825923910376626	0.7510114364407668	0.74715832154441	0.7108105034776855	0.7453464879854929	0.7628809707688154	0.7810664037572286	0.7791222748412118	0.7748237003625417
cg35301608	0.5583838694059612	0.5225002459631911	0.5450017915904413	0.49559818266366623	0.5896549999845432	0.5080220464688204	0.5353225519172201	0.42466631033905367	0.5555174248670511	0.5157539568085601	0.45969882486123614	0.5994561574707354
cg71958146	0.7555771701386301	0.8074658833276155	0.7919921060530203	0.7287538587651088	0.7539512072892082	0.7401416918874605	0.6963103527234601	0.7035398861966083	0.7504379710244856	0.7074787787309291	0.7931983688624308	0.6645200665323054
cg84781688	0.47199597810565463	0.46947038035801664	0.5099148557495015	0.4322475528122697	0.47952250826974613	0.44797752969946325	0.413792111241864	0.4419748207989236	0.397142674893647	0.46342301859275004	0.4889999216298128	0.40734751512949846
cg71735625	0.5404738755247626	0.6438858451743219	0.631785288418181	0.5753947012575817	0.5351293636268771	0.46691475353499934	0.6837665935591173	0.6712979931476805	0.498993320394434	0.5753096314381755	0.5459582977747623	0.6277038145396115
cg10188395	0.5066033057014869	0.6116853592030878	0.37653690741279866	0.5224496416559621	0.48365481167566865	0.530891374699467	0.5066995909940709	0.557015353996753	0.5734324113964484	0.5773295920798601	0.595908486353897	0.5698905557853606
cg23927814	0.3251528371739397	0.3892277915277176	0.433354835471019	0.39242004882250564	0.3848738529414032	0.4225585594079836	0.3768076827188476	0.4078120259083674	0.3945975163823146	0.42775039094883294	0.37827777004121177	0.46628320532213824
cg77743354	0.2055337267915514	0.19566710058080042	0.26281133927685496	0.23291781963193744	0.2380887976932578	0.2397853147489737	0.24916814305591675	0.21983397862015647	0.27281536551799623	0.2284686696271007	0.262490875575775	0.1593398457808681
cg27527155	0.24888025131939628	0.28522314685600964	0.38047023127123986	0.35423381360998973	0.3052375197674351	0.3261847353537627	0.2750474651342789	0.3207692926406122	0.2977842147747697	0.20875917993651003	0.2520278035978872	0.26868037680630813
cg58006801	0.999	0.999	0.999	0.999	0.999	0.999	0.8063385952440566	0.7061486232876104	0.6709657843584983	0.723957907526725	0.7688241982566791	0.7507585006755348
cg56528786	0.6926297615458188	0.6974991623999865	0.6612818570907132	0.7886193404700317	0.8091533227712239	0.7353102373296778	0.7306806927171203	0.7369868725751484	0.7750659478804083	0.7868156225302942	0.6903636388708441	0.76502066542196
cg72946953	0.5366162261899845	0.5408472238916306	0.5910931636349085	0.5635235414979145	0.5436784611998754	0.5293007882455819	0.5759320890572197	0.5451041996143998	0.5098856504968142	0.5174901135251931	0.5396345513634567	0.5524118794792204
cg17798910	0.7903018595473376	0.8843986945963415	0.8125529766149522	0.83870148528853	0.8208002626007901	0.7633149643923861	0.8439544176628698	0.9713148014477822	0.856194263184696	0.8196883292406519	0.7939427502178461	0.8366345397917052
cg53336723	0.2698129346889854	0.3032943377743352	0.2368439949691675	0.43271098833223237	0.30451759467571393	0.30493917150650923	0.33152689645138955	0.3317574231715902	0.3900074550171271	0.27685299670269736	0.2882866063254171	0.371917065410639
cg76885997	0.6835742574492308	0.6408924660556647	0.6210245660937557	0.5421411807638046	0.7386353420054407	0.6989659590389362	0.6384216993700238	0.5528392925950036	0.7610005919323228	0.7173753408878721	0.6597061490724935	0.6274852426808153
cg02872964	0.4512483317742387	0.45389686337257645	0.5307222083656643	0.4418705074608572	0.37703967896616764	0.5084036512571195	0.46953329073288075	0.520305919106557	0.4746475948199983	0.454116504992615	0.4673799233050876	0.44797963592747647
cg34868838	0.6583397212891339	0.5705900909200691	0.6996938155419763	0.5475939125227398	0.649726727488897	0.7369138042563839	0.7196401730586879	0.7736787373626728	0.675800809709677	0.601952571840621	0.6473959080036128	0.6153186859746367
cg81351926	0.45540380874863046	0.5883237927168179	0.5509580197874481	0.4970039197107733	0.532389032050452	0.5069742602276157	0.47786672292844157	0.4674098428992002	0.5306211189224966	0.5444695660522596	0.5785782118027513	0.48673153238452826
cg08262877	0.7183835893471249	0.5991962107121727	0.6646886700659871	0.7033832168478246	0.7164821530564228	0.6312756997836014	0.6867308572656798	0.8969545131590095	0.7580634881972987	0.7707310400325841	0.7094086011915236	0.7199293928003689
cg27272682	0.999	0.999	0.999	0.999	0.999	0.999	0.7857176729521118	0.804312180490874	0.675046337275969	0.8294235300618321	0.7091862887324218	0.7924290174847143
cg80620558	0.5346401781368104	0.5893432738734933	0.5037418392497185	0.5769852887096488	0.6140545416428018	0.611032609532945	0.5872834575835136	0.6150109636910887	0.5424693542229647	0.6099376515886492	0.5456494890834255	0.5375279877600065
cg33783564	0.5035968827780821	0.4618296178135718	0.5285518361359878	0.6189637382879548	0.5654066589251657	0.4759573215620639	0.5490895256629009	0.5049778378899853	0.5476419178728866	0.5416686761135544	0.5346679193766061	0.5975118839290655
cg88778205	0.6642624163969916	0.668302309677367	0.5666467332843002	0.7007940562570703	0.5930780765411467	0.561137375730054	0.3320403355900831	0.27650149652936273	0.31327351110669854	0.281120711756625	0.3390387543758173	0.2999006134388293
cg09555143	0.5874409124945492	0.644028743192834	0.6481122116642495	0.5580192229518363	0.6023786767045859	0.5887706719832178	0.5124465507043829	0.5204930304160236	0.5437165818025931	0.5588999893329772	0.6331617088116708	0.5624512656989502
cg70513119	0.6126088484308019	0.581372422028248	0.6475108275626271	0.6465132132960822	0.6043105772377895	0.658399821332785	0.6347826100128607	0.572379279055949	0.6678526962863873	0.5984536602062477	0.67184787099422	0.6825426902469418
cg53836148	0.20323087833816506	0.17481589513802254	0.20966627127366794	0.2454795036999042	0.16402215576345253	0.11098647027633929	0.15319517964397164	0.056599298037260076	0.2222133008024522	0.1340457860474298	0.15172635006143997	0.13515338762584578
cg34143581	0.3968072864163373	0.33477541010986217	0.39570497986407466	0.3973095112961098	0.3973615889919741	0.3741565437267779	0.373648097947136	0.451292025524408	0.3949764148757678	0.4081313876323226	0.42222161039774636	0.38753157201992483
cg20790706	0.7264254852555905	0.7279654845915301	0.7001154536490743	0.7113947429557836	0.6775239264536249	0.6656172846615567	0.35831103183636975	0.2958683197328297	0.3420228782491179	0.34643392395383676	0.2779224687546161	0.3454240917401401
cg08703304	0.5535724346968485	0.5227712711650512	0.5280031726989957	0.54169326590085	0.5458649112994886	0.46197537264694477	0.4182362230944841	0.5396196503440541	0.5011026427762902	0.5221634642459246	0.58334011316111	0.4880297739084121
cg66879427	0.6289263189754936	0.6461265640187651	0.5418790221728651	0.5592749654302304	0.709936469271877	0.572547251123287	0.6464702061794776	0.6545380448745812	0.6435839692292725	0.6650394737639003	0.6567088771624222	0.6141991258388876
cg03508709	0.8002130345658749	0.8863127619766346	0.8686714547553823	0.7762094862047457	0.8646159078495124	0.8247058143506739	0.822747826645659	0.7868692121775728	0.879760127799508	0.8147466081635288	0.8429175003749716	0.8193581624052856
cg43581801	0.8978172599463652	0.9081706249987753	0.9312598153020903	0.8997236230657479	0.8926258026941107	0.8668457654287328	0.8113383545080056	0.8892836737878479	0.9627941068479782	0.8156710415278401	0.8642344375715388	0.8130356012378002
cg45300226	0.3694326818171406	0.4607143502280429	0.37478963416204275	0.4188793914067644	0.30021335591935416	0.3613924579530131	0.38627804052442244	0.390753768158069	0.37035424261147226	0.3533426384745879	0.39525228554698966	0.3720218529262245
cg54339824	0.38489928979525667	0.4004092410945042	0.36908678760810015	0.3216263195086294	0.4178074135165411	0.24417381066952568	0.44312182488357504	0.34542568625920056	0.32200540632625707	0.312257350205623	0.33353568247103477	0.37801011984746336
cg87460704	0.999	0.9646215462184264	0.999	0.999	0.999	0.999	0.6529454264095043	0.6793402647888361	0.6349668035725866	0.5788208285397887	0.7025217178421088	0.6851631620495006
cg43682342	0.274710489589949	0.24829494681890543	0.3147753415203738	0.2275647405291771	0.2241057883965322	0.1901229023983219	0.2622101305664558	0.24000577240236498	0.2869378129811006	0.23987089830919583	0.16638481727875865	0.24683681303715774
cg60984292	0.39282998396643287	0.4395636654295035	0.4377447258426912	0.40600704032241236	0.39062244126899215	0.40850028171149133	0.40149352956735573	0.364772480913486	0.4275887431013587	0.354642302582014	0.4636924575661051	0.5247022558536134
cg67564119	0.6606480593489641	0.6557589786109963	0.7312426719563635	0.7608043098724989	0.7571071753346635	0.6736574859830129	0.6853908757449364	0.6635103022986579	0.7444998859500911	0.6633938944072805	0.7548070142845168	0.7572628264135972
cg53134660	0.19258485308960122	0.2652764799627283	0.17424248957716978	0.20227787812442008	0.15858986316973334	0.21659457660089237	0.15055174005733588	0.15707149470134105	0.2244649424010829	0.14421884715079666	0.3010153298940104	0.18904358650214276
cg41925386	0.07323014124048388	0.08614426260722353	0.008682047410454141	0.08936246831758568	0.11836773842092072	0.010604667196155534	0.06063394800976464	0.09110526040464297	0.10317466444368228	0.12574336313892384	0.07976878330295135	0.07423802255883691
cg63967005	0.3190982123733983	0.2855312380616173	0.23844469883786293	0.1954159807774964	0.21446897517371788	0.2714809965515631	0.3291606131243825	0.34043369830491005	0.26194581438754677	0.25099429117045685	0.26137893720957206	0.26432181503590896
cg81575063	0.7462581671916031	0.7238019808704286	0.7733470615494976	0.714813319589913	0.7234965603681128	0.7595010245915099	0.45667304392214847	0.496422942035924	0.3662998655690973	0.4679123072398131	0.42750504905895126	0.43677826089354665
cg68192005	0.13060214668011547	0.14793453724983682	0.1328637123170007	0.15861942809847807	0.14330053200561513	0.18798000601791226	0.10691026671293088	0.1625749481351318	0.11369402548186786	0.13919669263844733	0.14518617765378364	0.12741024742715595
cg88086640	0.5969900343162092	0.5785489931616344	0.5685221237937267	0.4829113091707936	0.49329593664671983	0.5110670672214892	0.6106298217142614	0.6144219126413573	0.5709207755323258	0.5411578302139479	0.557081406176028	0.6330001755186533
cg87103881	0.11924921509633767	0.13005280625835544	0.18484039881123182	0.15807967256700406	0.1447512234121074	0.11520660032454932	0.13762897421007259	0.1547804525110411	0.1676435631914495	0.1739556485584588	0.08904993989022204	0.09084994458713287
cg50546772	0.4166064820148737	0.4318808763618356	0.45084236536804384	0.3934318721806692	0.45119732232576015	0.4164179671400675	0.04120967810081317	0.13684001207116286	0.05999126121646167	0.10700559162673183	0.02039059273250121	0.1053367481040513
cg39133092	0.7587883636040376	0.5705519982142229	0.6915382146097546	0.6346076770888556	0.613008362707465	0.7762893343209584	0.6954562326237707	0.6851879683954578	0.6563231291127065	0.6816299725053866	0.6466054608077803	0.6978610931085779
cg11829561	0.89066403229296	0.887701094188732	0.8536771337776804	0.8500277356723763	0.8615238370245861	0.7490295221614829	0.7720407019344049	0.8419095503265493	0.890938812918978	0.767170714066437	0.8037718227164717	0.7622714251077137
cg59598892	0.926921294619636	0.8430860060564656	0.9093930110915364	0.8635583003106768	0.8708040969125616	0.9124458982382474	0.8186481565948386	0.8861811281621422	0.8759784508256678	0.8753147429964058	0.8372125099530333	0.9261003974448345
cg68762361	0.25632597872089574	0.13711441825420556	0.24598003256156217	0.20197960053214242	0.27044911695459134	0.21470295764905745	0.3079365837786762	0.24796565794152153	0.25875394685925873	0.1865541539775391	0.18595566158070242	0.2700607048993851
cg28108994	0.3269014518764861	0.3305451266976235	0.4033650290672765	0.343366181709248	0.387061373755843	0.3931575592334444	0.2857144533354543	0.4784772818803761	0.36337819129948556	0.3650086576864577	0.36309069265451366	0.3453155344106785
cg54617415	0.999	0.984957334756406	0.9416456337380811	0.999	0.999	0.999	0.7011544932074254	0.6169103869365243	0.6337737610151233	0.680694745185333	0.7135886147633064	0.784455972382641
cg68686068	0.1773326222140894	0.20492224958753266	0.24172541709738105	0.3122575790283638	0.15165307095200425	0.18417154311112238	0.09989329148241899	0.1799054806789353	0.10106256215012492	0.2511288991227239	0.16702122360214378	0.2089332663216434
cg59412809	0.5613915343373808	0.5079859062229741	0.4905850398901015	0.44681697071603527	0.4720250266244924	0.5659065219258799	0.5498728481832412	0.525184538043332	0.5272746438207444	0.6235591265693051	0.587342094858129	0.5352575108550488
cg01061453	0.6682322009879235	0.7116146719158027	0.7406406320288527	0.6946585833428314	0.6632422240042612	0.7104233223903689	0.6852602902388559	0.7489478174390851	0.656463574646661	0.7305334136228153	0.7460897655853301	0.6718905080193811
cg64887342	0.1519204601245048	0.10783573819939862	0.1578677197510586	0.14204018783045402	0.11817646576565094	0.12744617097443817	0.13172363712714613	0.25150268171200185	0.2004411054491095	0.20279117545174757	0.19408786877887588	0.11764401777107131
cg13823024	0.420963784534642	0.5437986856435693	0.4902838395362246	0.47886986972328976	0.5091962584129769	0.42279347322990024	0.3229467186783532	0.41935340627449563	0.37573901922731123	0.4442526220135982	0.41098710276937916	0.4430512574318485
cg75695533	0.67662575402275	0.6914314402591636	0.6673847494490216	0.6439703367001679	0.7105839216911615	0.5847302307996327	0.6564580312147816	0.5230230265635306	0.644183578311472	0.801921785844685	0.6425638239277695	0.6643889832262898
cg82896469	0.7846743884838817	0.8145075266413251	0.670963824929387	0.5922601726984129	0.6510101280558693	0.6993951184303406	0.7125580899238825	0.7504552001182168	0.7514077939493794	0.7922996453230238	0.6205485410643681	0.6467269540582681
cg05332606	0.5576889117505305	0.4921950439042695	0.5980949466528049	0.6068531507536866	0.5791817192082882	0.5058653922840702	0.4962198196798556	0.5767174959535571	0.5383203559735606	0.6743974916653235	0.5071021011316936	0.4906663097360133
cg86777807	0.18163760802520065	0.3008362488312805	0.27840803576757417	0.21166867130796896	0.2767605746124189	0.25511835834235297	0.26200976245227275	0.18261738410276712	0.29418260586238987	0.2859974699315516	0.29063145686883973	0.23090346812418008
cg30692072	0.4745060206123075	0.4783830662772717	0.5336689660182687	0.5213245090817944	0.5070473357127249	0.5609574476506078	0.22302374352174947	0.16567072777340164	0.22014853702190001	0.1961100467667151	0.11974495705594126	0.1543000220143979
cg57170064	0.6203866422498122	0.7316106235067134	0.7083160980493558	0.6328748117516882	0.7230936718803299	0.7205364431680805	0.6649148823835846	0.7011939881929848	0.6189105067666439	0.7545579795111641	0.7709054558474168	0.6827506331475145
cg34331408	0.9367912924875554	0.999	0.999	0.9233639345740933	0.999	0.999	0.9901090564121923	0.8620815787152355	0.9597507065009084	0.9883560321814406	0.999	0.945158085018593
cg30629276	0.5665860035115163	0.4622195743049482	0.5844540013482475	0.5153741626412114	0.5140010795049104	0.5942120563213443	0.4828711983069848	0.5787968079583914	0.4939814467331344	0.5567653630407818	0.5222200520179381	0.569747770674176
cg59506997	0.6346810308335815	0.5610898252693222	0.6310811360319886	0.6585568014603407	0.6038281859295807	0.5037284875315332	0.6345994262820391	0.6426207512682579	0.6881648409480854	0.5678849788513521	0.6641378918120918	0.660365620099256
cg76266014	0.5463566280552024	0.5211650303951145	0.503619618000608	0.6193943650421273	0.586077358853549	0.5996155607258631	0.6089016131866039	0.5938099408144174	0.5746976981293682	0.6257499797689345	0.5062469526697033	0.5803360685238896
cg67519203	0.6377824027622283	0.5525236922272528	0.6092141868142363	0.596073687666897	0.580378850231688	0.6261512087729293	0.7481013192036624	0.5748157073509991	0.6543634783947001	0.6337788507921729	0.5733129172240777	0.5205975595685859
cg60880064	0.7492605192072962	0.7536909794169091	0.7972683059703486	0.8132211953428978	0.7977740309646383	0.7851588330055188	0.832833416362169	0.7553745231112267	0.8783749620699591	0.8299922064267833	0.7703989766235181	0.7801075800155272
cg82544417	0.4594595882917177	0.48553117719009936	0.625063024174562	0.5130949030636867	0.5286536955290512	0.47078362723039174	0.5528126533691958	0.50273638031544	0.51662234930284	0.5218367862075469	0.5331736823208938	0.5575490173001796
cg46170037	0.6760278499583683	0.6771221613493791	0.7704100698841753	0.7529919686511861	0.7164423559664636	0.7752149440463931	0.8168740754236201	0.7761266565435754	0.7544683822731357	0.6599532037338943	0.7390901385169304	0.7428967417993306
cg17316051	0.2931183595979191	0.3440470015683019	0.33639286236212046	0.3448802405154057	0.29868188757652064	0.39355630510549267	0.2879920786942455	0.2902037988327744	0.3613303104091057	0.36354112491216245	0.29434531881530274	0.3494723450863848
cg48044635	0.12052156823390925	0.08008207396556442	0.11446876885328852	0.08163679308263924	0.06610204280982601	0.10146436427138486	0.1036849363563315	0.1305478936602638	0.04046047437396592	0.11036498080197953	0.1524215078429706	0.05505224325009621
cg71136259	0.3801301598705757	0.3844582431729136	0.44651917059950036	0.41767078051223816	0.4902371592091148	0.4457037278104566	0.42127315097462686	0.4717381890743528	0.5156468085832173	0.3855809547292211	0.464308504976144	0.3766169436996882
cg16146444	0.5194633453105714	0.43272483652571964	0.4610988010191329	0.4520480593850541	0.4751109012336269	0.4906633859563998	0.4280145303475961	0.3497218467896374	0.5036733623749224	0.41142215403220117	0.4744660094426896	0.33766616651266257
cg82096905	0.4894418169270404	0.42672664614341943	0.43613569597461394	0.4351818189869465	0.38532870582364676	0.46995573204246793	0.47843353634980423	0.5155245073271874	0.47885385258533547	0.4106481121063694	0.4603871092002666	0.45326219239857674
cg61741432	0.35202892760868276	0.3526622841431852	0.2913356618139879	0.3667666164214606	0.3984207055236728	0.45087961977981034	0.37386560334975194	0.3744264988261765	0.3680907023245087	0.3512760756155539	0.3725106773024261	0.3368598581770937
cg55709068	0.15538639131558243	0.12593549089913728	0.21084500325214578	0.11939975259339411	0.16805303849017775	0.2191490345933293	0.2244754468122518	0.13442389807160404	0.14484539551724923	0.07538239013071055	0.1484752489237702	0.17810323976306452
cg22751692	0.46324188424871116	0.5374777199373806	0.5202777521254561	0.5805203154075658	0.5238353179981641	0.5033767317795483	0.42360462995035014	0.5042280978394905	0.480231869647966	0.5841229513464303	0.46786980829552444	0.47993845939943747
cg61078334	0.9154326539802905	0.9621421489248866	0.9077131470921699	0.8949229620425567	0.973440329060356	0.9239498523232937	0.9313827329801868	0.8271010633012663	0.9025783290267037	0.9697192216603728	0.8355326810799089	0.9091415975134368
cg04946535	0.6884958379372644	0.6927627044289993	0.6037381186575576	0.6944272696763254	0.6156777826880788	0.6663942967887567	0.6310283204141155	0.6705862570434087	0.5763923716099993	0.6273818740984881	0.7344255044150673	0.7212941868795394
cg88880035	0.3360733557463195	0.3283308803476649	0.3515222030127622	0.3469017685840634	0.3313999209165252	0.34924178796399574	0.32362477055969135	0.2132026212296525	0.3586655344806442	0.24759777270755962	0.29109175414387056	0.27928998976541497
cg31987031	0.8053066409813164	0.8580034774566382	0.8307970112238237	0.8173900576484739	0.7299263373443501	0.7346453592779517	0.6628920863587999	0.707571326921083	0.801571823436016	0.7762195444698252	0.6731446878504029	0.7556570442270474
cg68354345	0.5001134589511612	0.5310619140387743	0.41410671286694944	0.33356940727927115	0.40234764155059005	0.480528680127713	0.4884958112509599	0.5162559372540683	0.44495239546607457	0.5426325706411554	0.40218176570117575	0.38956320810402645
cg29073047	0.5327719743711564	0.49866505162338054	0.4678309928955586	0.6186750627265295	0.6118030989136441	0.48540385846489037	0.527407949287304	0.5861817623728977	0.49492865377145207	0.5595982626072367	0.43636848616506474	0.5196297816323675
cg52080249	0.4326414778890298	0.4134348175159391	0.4426182113952747	0.4068809038092094	0.4626436877743014	0.3808675773615105	0.36917675150796614	0.40365649291506556	0.42277134866179084	0.47659178963290216	0.5206548490272478	0.4395390762446823
cg40250536	0.8652914859719705	0.9309044227978036	0.7938471639706249	0.8083291113782849	0.7881056128509402	0.8880854185003049	0.4534834500273186	0.47323384586075823	0.5344006203897629	0.4738691382892669	0.5395481741140944	0.5499169233529614
cg30479276	0.48102541488462525	0.4268952817237146	0.3580176461275454	0.47130697781489755	0.48610854000498394	0.43916526328725963	0.42239840210877067	0.5172049873610355	0.4849869936247375	0.4779438720262116	0.5382189363905382	0.4715124902907464
cg03647595	0.999	0.999	0.999	0.999	0.999	0.999	0.836876987366284	0.768943593576932	0.8626550035661316	0.6941115790896444	0.843320713258236	0.7015985832604529
cg25229991	0.8564238691568106	0.8416152601783652	0.8070496413157122	0.8624596524420257	0.8923346124394385	0.7399033345172574	0.8327982003999315	0.8522148218055916	0.7971890463906649	0.9376907937732846	0.867783011251322	0.8484301012637401
cg45699143	0.7118794857243081	0.6695863279288735	0.6931678214998696	0.6416004087442525	0.708006050455557	0.7423382802571445	0.6867758029542851	0.7391892595860415	0.7247532862606124	0.732693575425378	0.7334490730107429	0.7446716633272964
cg62282384	0.2604946849024675	0.29504963221091496	0.2813453554422901	0.2816626878985867	0.2978316641863027	0.3060099191816885	0.329402255545622	0.25262197663836267	0.3432142425108642	0.20084881261722506	0.2692069026589194	0.35141037134661074
cg14940934	0.8222468598319294	0.6393860409149745	0.7368909157627217	0.7823420066464881	0.7240100787649528	0.7115689866695845	0.7170770774556984	0.7610672491983135	0.723414767803714	0.6250654026125401	0.7131482778803745	0.817207043319693
cg64202675	0.1988289356871654	0.22327246591839303	0.24169996219470258	0.17871272256434173	0.2677596006856061	0.27219668679915815	0.26040184991441384	0.14240446051946287	0.23996329178375053	0.2738894817927633	0.2190755818091193	0.27469504214638235
cg51034783	0.8808322205943377	0.8275152735717021	0.8996769718086087	0.9163588455069027	0.9280922340216684	0.937000538871433	0.9624681355102267	0.999	0.8766609258434582	0.9336624910214405	0.9289590875416134	0.8764823860061418
cg27576869	0.677363023432218	0.7805663698020656	0.6460358012470845	0.6499715422009884	0.6557115897220004	0.632873884718734	0.6814921298270311	0.5868083656112444	0.6378556283361588	0.6505219636450923	0.6303684297481	0.6394529582177166
cg89365228	0.49943588255564625	0.6744766009765535	0.6331440854272653	0.7048902236955481	0.5921692009184204	0.6945555194634231	0.6410718644992517	0.5683898621838616	0.6365777405379961	0.6294805452492562	0.6633656042084184	0.6008194905963367
cg16319991	0.7501499851810502	0.854156691963583	0.8430527990478598	0.7762700721390805	0.8160697245111348	0.7709249448590947	0.7327668838669807	0.759784316078844	0.8680459062026918	0.8926108688522102	0.8312696056564817	0.840037834715339
cg02403202	0.9363469475417862	0.999	0.999	0.999	0.9622070081373663	0.999	0.667341172439308	0.7052029597932403	0.6336711407200262	0.6833251659347658	0.6596111873139695	0.6088728450155321
cg23291545	0.3455427158525363	0.44676576972867416	0.43414064782955275	0.3612400614568654	0.3962308844178347	0.48389009318607806	0.3781897365309248	0.4374663156060632	0.42231038898450757	0.3061843219253399	0.31110251806633066	0.4378358340044772
cg42946254	0.999	0.999	0.999	0.999	0.999	0.999	0.8760763805907755	0.8925021479300626	0.8999360257693465	0.8635914164966966	0.9065187604184444	0.9005715667952385
cg74951263	0.4567887394001511	0.49470147350366167	0.39629823005072945	0.49187573849847244	0.42071251828482387	0.4481234767026111	0.44081688171917394	0.4739472875846308	0.49664167728893466	0.37790147289366416	0.4886232765896533	0.40028125923633934
cg74343059	0.4353990990040707	0.4292795055729457	0.37014657302449305	0.4123869188650994	0.41731613459660066	0.3440771889840761	0.3510606689276693	0.40955299063412454	0.3973365739427552	0.34271018643606116	0.37947920214969955	0.40990117470723797
cg28994500	0.38179609899220973	0.29899700215804276	0.35743618479695904	0.2568603375858991	0.2838693345768675	0.39447824940366283	0.3264263838253328	0.3426272778051508	0.36864328270056135	0.36043131894950714	0.2798745706035711	0.30603552660139405
cg44836704	0.999	0.999	0.9954760362489549	0.999	0.999	0.999	0.7693296482158614	0.6261281695249397	0.7707607564195798	0.7148067670909626	0.7454933638627413	0.7212995212730504
cg88778000	0.13914351989875534	0.08606788682562128	0.18649723038541538	0.14286040211601925	0.07257366183574537	0.06010442663059001	0.08471919344763068	0.001	0.05532508624664471	0.059093360665069775	0.16605267674968743	0.09614493278369816
cg64984011	0.676976039428512	0.6443296959252107	0.7211430249016516	0.6710058966853327	0.7284393527647406	0.7659859009016763	0.6413440566828825	0.5853623546403647	0.7073281089944119	0.701522730121146	0.6051987743582662	0.7123314726541963
cg58572452	0.3109644137603954	0.20123151118241125	0.2298830400757076	0.2673874612767038	0.2360708924571917	0.3019124238441143	0.28662739880165833	0.25759022513630014	0.17042995942727868	0.21698771523104804	0.2868815952142766	0.20006223091358205
cg22191769	0.29334748786571246	0.34209015812638843	0.3315414490150914	0.33222918684921415	0.32263251484956024	0.27814095501379166	0.36761732677244235	0.3106210276464391	0.22238512254593137	0.346652893484438	0.22776505939626168	0.343446704777923
cg08037351	0.4413451441286297	0.5276311774028112	0.46034422320907253	0.448998349681086	0.492625201128549	0.5312817080979128	0.4609648614761317	0.4694984394307127	0.4348924170219398	0.46231506898675223	0.4787191434051869	0.36971722420840347
cg10187239	0.3236218066601951	0.18187229619048323	0.2149827495843844	0.21938582201670476	0.1753377726461005	0.25944193421586065	0.2558022122596386	0.26373813826928255	0.17388627924952094	0.2692499781255988	0.3390980105297314	0.22878244903006026
cg74821630	0.8018210689456013	0.8527238163678006	0.7934795016834937	0.7302971740785976	0.7862675171583873	0.8948605597497384	0.7236516241809368	0.7549530685261128	0.7927730348403946	0.751513820765244	0.7698703897807045	0.7364336914527733
cg38241183	0.6439077744719475	0.7093760073753865	0.6159775181023758	0.6206108148877235	0.6006906236019234	0.7176309627550548	0.6253250265199547	0.5856105223951451	0.6878952399652223	0.6727580660812363	0.660165138633978	0.7085554684635266
cg79036453	0.3549241350454884	0.30129397184842677	0.25251040671426567	0.252497374900295	0.30816298756597965	0.2937319569491769	0.3740150755053083	0.24377837726882265	0.30652534848321955	0.312948972879026	0.3036894551968238	0.3436451048847577
cg71300764	0.5786505876827617	0.5145655447464415	0.5087593295919398	0.5338021126091539	0.5322121737785042	0.5247610754929328	0.576487232775871	0.44057109117026994	0.532378828305161	0.5365082939728002	0.53716007997721	0.5124624542413778
cg84577015	0.4617476050629932	0.5290608532210787	0.5297985309431746	0.45668183188562617	0.5702453416988287	0.49077033263884395	0.5394573589429946	0.5978390645997413	0.5225650493263057	0.5038766063741369	0.6523739637362835	0.48818889576196595
cg61232198	0.5219573473233442	0.578631702829268	0.47841626197464526	0.5314927597093648	0.5638227255358839	0.5358376526223032	0.5155986495265652	0.5786182252478368	0.5180160398905567	0.5360840502670512	0.5974068087825489	0.5290893740798022
cg72543119	0.001	0.039094806760913876	0.12417078628043346	0.05225923330710669	0.14051017112625555	0.06042410670405244	0.001	0.001	0.06678430854401937	0.001	0.04204769688224219	0.026281614274997596
cg01821867	0.4502978262891925	0.3917818310488669	0.3955215461425574	0.3938949640083916	0.455178221916481	0.48214917743810537	0.4621439601896249	0.4345379209671625	0.46654796797928794	0.5798350135070837	0.4275136049946418	0.5510834758765433
cg10717376	0.17911748362185304	0.23268832092341882	0.30629462277640146	0.2560775560065661	0.19309003643795897	0.21958023078810593	0.2375965285103225	0.24023200218268193	0.19385207262840948	0.18088855104353374	0.2162976822071937	0.08177343174506119
cg26114621	0.7122624484787173	0.5440303575529348	0.6949627680792295	0.7416931515889713	0.6236714813414806	0.5770562405504761	0.69863684549057	0.7321833905332855	0.6092457150633325	0.6516452468970935	0.7590523143071197	0.6483475039833584
cg44265642	0.5626860070249422	0.5466876119447496	0.4955519320094189	0.6036988539157061	0.5700483862534433	0.5009011235664744	0.6381060097265042	0.5099645853579227	0.515072681949168	0.5153518832006699	0.5501923537812753	0.4210272433760368
cg87291620	0.3461889018568298	0.44752826140612384	0.3990952049411002	0.3200184769167705	0.46431702006320297	0.45703323967964204	0.40777580545804787	0.40042224038464563	0.4318115296585483	0.3645937068283144	0.4462158690386804	0.4368130812861944
cg82345980	0.636252700700618	0.6552878423616926	0.7021503194606878	0.7015134263470207	0.6558420763295026	0.6951076350111739	0.6866725785606049	0.7021159496067998	0.6205275466722343	0.6595323569790807	0.621374064620231	0.5998996124591127
cg65410329	0.6732386184740378	0.775582733435272	0.7300853650082452	0.7457100068818481	0.7095770550132755	0.7288510324868019	0.6816896812193249	0.6476375143512612	0.8115992436348175	0.7104374351753835	0.6716292257557864	0.8107122159508344
cg74608210	0.15862393959002122	0.18409827227675488	0.10286503835634109	0.15508920315800653	0.17217095163489696	0.15292956590178505	0.21827968089356836	0.12286287115347876	0.14896346562932597	0.13741332235022516	0.22686041637959703	0.13158700665492945
cg08662076	0.7939435231195994	0.8058189637298219	0.7781433215445417	0.7381650761194953	0.781324149804243	0.7613932212799199	0.8117976812759187	0.7690842102111636	0.8402372784263921	0.6999236400392252	0.7654962727606738	0.8188356243482826
cg45165174	0.11045704510400371	0.10737176515792173	0.20276826087868022	0.09808329777188077	0.10160407006416979	0.10120550681648523	0.16676080607572755	0.06419397647442801	0.04163004155458295	0.053327949555407664	0.06012648252769161	0.10782509217286987
cg29649065	0.6995137216790582	0.7572293261761147	0.7273754547894924	0.8659452743228112	0.7639924805621635	0.7186347804643902	0.8316857446175527	0.9107121467493666	0.7654607380251904	0.7396376876169639	0.7633843472948857	0.8528878899869691
cg74566057	0.43756228586965296	0.4458819935472826	0.4880465039878583	0.482441763619418	0.3385670311535626	0.49984102522239027	0.4792251141726428	0.5041084686951924	0.48300673925091075	0.546575387273037	0.42289531726879626	0.45628373667675953
cg13091302	0.5918686272509007	0.565586179443438	0.5729761806153205	0.5470187076198645	0.5441818779161867	0.5378825973654422	0.6415961231129829	0.5811984977025016	0.5956986404110166	0.501930505276355	0.53832561168254	0.42626849202837436
cg33257999	0.8032599353982355	0.8537202522865108	0.788141638687535	0.7558486966445186	0.8399370767997101	0.7978167452217707	0.758305679675705	0.7423063907664381	0.7846445990665782	0.7364795350829801	0.7123054639770658	0.7545162953168667
cg63454908	0.6810991907831608	0.7073037727018265	0.60978322420253	0.6036558423769768	0.6359177229162759	0.505402968001865	0.6575488813539422	0.6729242843538322	0.7306446251662536	0.6349927630454707	0.687195850653438	0.5501601666959869
cg56875702	0.4502360495435952	0.5382971340253421	0.5045942906310721	0.5446854857651036	0.41413934120483226	0.5284628311502411	0.5703145185933685	0.5519620519014679	0.522656380093375	0.5880056644643196	0.5367415723150862	0.560267762140618
cg18197814	0.468508532516747	0.4075262289443776	0.5003699260994706	0.5360981271093895	0.4453962038836547	0.5090475364020782	0.40686613615449607	0.41990107837516666	0.4615030135759878	0.35981706580545675	0.4948375827601051	0.4687784736710999
cg37047941	0.49617195317586105	0.495032801131868	0.5646903011732528	0.4773365708344256	0.4452626326175615	0.424855884275193	0.47531860888576116	0.5104450917805249	0.5045690018674978	0.4534039214760376	0.5139891933505102	0.5299180381067502
cg41935998	0.53251312805534	0.5162202111113985	0.47908118615389533	0.5237975224389125	0.6185022729479496	0.5981183583001776	0.5469463316304314	0.4508203184958703	0.6108206698646887	0.5311417441940873	0.5432631921936375	0.5452671385602698
cg14536054	0.90385595109147	0.9558636989276166	0.9677336475055512	0.8656143217580958	0.8953164366954091	0.9089882805171917	0.5426778085756798	0.533973295626427	0.5813380120678842	0.5525784833239821	0.5449325076279246	0.5438871981543476
cg26457793	0.2548015598703859	0.240047738925382	0.16184903711764984	0.18425783970765322	0.16713031424458274	0.18834360030201164	0.25327014013836063	0.27011759150304226	0.24585885988414996	0.15182402068955392	0.2831312713843337	0.19431580808106633
cg69811096	0.2571876261537422	0.28609282370904	0.3254053215396074	0.30690023366293095	0.3261146587104108	0.2131917069363482	0.32058373455200967	0.34269309505124074	0.20815044897869334	0.19807144889402595	0.3303535315297191	0.3797615098860666
cg12034864	0.5791993011214732	0.5345560285668911	0.5854205357095423	0.5984470106673564	0.5362752998280537	0.6283225881283216	0.5356662315094791	0.6046562842269563	0.5928312435367966	0.5239967004104963	0.5910638713344237	0.5822834164689262
cg13595517	0.6280304884331187	0.7333799626604172	0.7526270842810083	0.6172432294790944	0.7154803413651504	0.7017271441236865	0.7060762621068791	0.7338631540661261	0.6674979841490454	0.725843902943945	0.656204120556721	0.6781993370044486
cg82851325	0.5094387367965283	0.5972563969790398	0.6040497906902945	0.529708068525891	0.5837985454481507	0.6111083105882803	0.6381814752223566	0.5535645331054182	0.6042885368071698	0.5798351743116067	0.5216311043178288	0.5112913886062304
cg48455454	0.5321672316698464	0.5047357978047442	0.5635526200168245	0.5648133098162726	0.45218076397327733	0.4943213273593025	0.4903301349142603	0.48423729681205835	0.5549679824954039	0.5437220055064319	0.46656370076826603	0.47590422114443537
cg69285198	0.36659714847449654	0.3773484264605179	0.3744491745882618	0.38620187191674216	0.4032278566413748	0.3341346379658064	0.3586905357649601	0.43657183885593676	0.33619837485397225	0.3660020681347758	0.33991846031623446	0.3708633267250802
cg14781567	0.22145293979563763	0.38954880907261913	0.35736896424721604	0.32938295831808845	0.2426851093412054	0.3467878375027688	0.25065618586430605	0.33026465499362667	0.31785813289212167	0.302731293665385	0.2778014719319716	0.29487754708202657
cg78609303	0.26496953491418074	0.302306562796984	0.33106889650204374	0.28375536091961046	0.37291632221217574	0.26474845776207423	0.3506329239778859	0.27031222478971006	0.35623128287251193	0.340159770728256	0.2474007286421833	0.28582004004595435
cg16414003	0.5326885693283437	0.619039453821074	0.645599598087334	0.5140481140093947	0.537441865036788	0.5776532765488998	0.6302938812290422	0.5622438269192567	0.5445024995206179	0.5278175032045432	0.6191097598840165	0.5303262047829705
cg41958194	0.8116890729338465	0.7989624954844856	0.7056077564138454	0.7578788177798276	0.6888064741054418	0.6570653302671259	0.6705823915617087	0.7816643701173753	0.7219995115273258	0.7477557164137825	0.7505742867897436	0.6816289504567945
cg46689734	0.539655148206026	0.4929386703741685	0.5535900212169593	0.46396612978629276	0.40567158373385187	0.4461392325819741	0.5280138315259587	0.5286958240680651	0.4387470251148322	0.4438408449875958	0.3877415688112592	0.48882896816257154
cg49814336	0.5291118916472239	0.536304432585855	0.518908651662262	0.43538977258790607	0.5675738881607517	0.4227716513496566	0.5366882694087363	0.49916388442560194	0.46016570477024954	0.4611987406756706	0.436556981124153	0.41679078804067204
cg09098874	0.38149541825108146	0.46742963588767644	0.48602607430543504	0.4719176926891169	0.5413851131326655	0.536180313017452	0.4468879335707175	0.4481014458860554	0.41146386610246655	0.49611869079940524	0.4054478808560291	0.43089106527795346
cg60458420	0.3572345847309747	0.32357568151119304	0.34026739936378636	0.4081409035461955	0.3062988301334433	0.2813686402075165	0.3474332394129448	0.38724615105327737	0.41631377100104544	0.35206172483218473	0.3771271292778795	0.3280551773406143
cg76020831	0.9206065838997591	0.8862677960307584	0.9256353736011436	0.8468797743694709	0.9765382640924167	0.8452438066957996	0.8493157535727501	0.9895183952558328	0.9065684037742106	0.8613412887205184	0.9538992328204647	0.9390629126438698
cg05109685	0.43623327964650677	0.37409366321662163	0.349387114691464	0.4701237767755573	0.4272593798000009	0.4510042262849473	0.38190204503595104	0.42852226912938896	0.3600382506689469	0.4513735363526365	0.36930183393440136	0.4408001272102081
cg09257947	0.5559190791169719	0.5636077529666044	0.4732326765594836	0.5710964849249747	0.5277039582783374	0.5489796557112205	0.5467690970586127	0.5045588033914296	0.5394257885968016	0.5643918812005627	0.5695088516147081	0.5397071615915813
cg82236012	0.12411248884706896	0.1394138993963033	0.1779115755639272	0.09420599047567513	0.13461725123481422	0.2434213323445552	0.17115025586910732	0.1577558479970626	0.07549208134125376	0.13733925214842316	0.12463100676317361	0.08218574924182337
cg30398471	0.5019296009760189	0.44537454998258463	0.34288413333925766	0.4156357988864914	0.40444490390393595	0.5049595812777647	0.42337334114647607	0.35403602614153223	0.25356183496528734	0.37805090211375336	0.47540322317912787	0.39614574695673804
cg19197983	0.40191154718213606	0.3723703204585651	0.40654143620608474	0.32725329617143345	0.397856202999811	0.3605359675741132	0.37343990262056187	0.34434736529307003	0.39335510414645014	0.37487944940670287	0.4004383806455678	0.3671750640416372
cg76121432	0.6459059936069426	0.4974953959937399	0.64345780203682	0.683186776856764	0.6605188406214153	0.6864797074124075	0.6642223293033046	0.6392366793888757	0.7139693837030943	0.7773432874569243	0.669314306484194	0.711135626862518
cg38699498	0.3835252810686783	0.4509860255877056	0.451578373074881	0.46671144489125815	0.3493792076903178	0.3481825335932517	0.37919042827924954	0.4866957171703789	0.3629800480725176	0.39329723673246175	0.4719016290296152	0.36355204501106203
cg76824837	0.5348108189546876	0.3449963986104164	0.44253964824475944	0.36885118607150086	0.5328163742034999	0.39294146944606445	0.5066040634671747	0.4417793618500487	0.40065087782963676	0.3569908034020173	0.4349259936491024	0.4127717532662525
cg48258683	0.480247050733182	0.519117163267273	0.5355098651278415	0.4423154527728785	0.5519618999233428	0.49508900311820436	0.5693169668489352	0.5668403882144524	0.5227399679216129	0.47076640538761233	0.4918085201594031	0.5140532691292552
cg11316707	0.737859245779613	0.6370921272469081	0.6707244507418799	0.7302327892250453	0.6301221910349766	0.6724672594542386	0.6471628758723358	0.8021976878995732	0.663316712534429	0.6332535766606749	0.6218918513274427	0.6957341689965005
cg75988648	0.2813794776939096	0.1940800230177252	0.17422057555597467	0.1927633051512795	0.1722265233673389	0.12311718303832211	0.2760917134950748	0.17880876631212023	0.1475231972506516	0.12459012645185105	0.20547509945438058	0.1874343781420954
cg73469867	0.37960417442833355	0.49795245765366225	0.42711593987097013	0.44863399648590196	0.3874466654466536	0.385158377658969	0.453419565478874	0.38744804739505123	0.40548836055069204	0.36947652055426683	0.4261142242641875	0.4596228577675087
cg47774573	0.9899320503263054	0.8929416317740415	0.999	0.9931604212606431	0.980507619617876	0.9378293468018086	0.9856698749263902	0.999	0.9678368416031435	0.999	0.9588394156131992	0.9078437777784287
cg84743154	0.8736978978706781	0.903528096482644	0.9544147633408346	0.9681265832026338	0.9124043537380803	0.9447859530079014	0.9883678477730156	0.8906818657565553	0.8678238960000447	0.9358674236754518	0.8901221109216798	0.9661700857292619
cg07337807	0.37042644871498226	0.3436919041933855	0.4150690568290761	0.2861568362960955	0.35873329200209425	0.3679578573474118	0.22679615197300296	0.35626412103786403	0.35974087480185046	0.42051941835377465	0.3382021606833661	0.2914504607710613
cg06979169	0.3833251599807713	0.275622639570525	0.3922685697667166	0.4224680990450631	0.34229613912915524	0.35435277281138916	0.2929406308184492	0.34009238629792354	0.3601705171409261	0.4064324753901381	0.31754911098076893	0.3712777334617228
cg07919777	0.999	0.9464091858967635	0.907755750161309	0.8717800001599674	0.8766429561944341	0.9008194606917516	0.9496297710184419	0.9442060290679437	0.8773870529333455	0.8890010663123278	0.8872156710721555	0.9370945516313249
cg75932311	0.39585208523919124	0.3709872178760022	0.289070157102431	0.403591879499773	0.4088254687394447	0.3831953368103375	0.3583072410870262	0.37411920498412354	0.37202679799158667	0.422356763390782	0.4272321552114742	0.4229818406738468
cg23076816	0.294452368933591	0.2723763962645558	0.33374621550697914	0.36247816712202274	0.29311853491532847	0.2644410062179845	0.2527103086003634	0.186501720174288	0.21601862855480236	0.2660801550798156	0.2859891088281119	0.33909246279766775
cg87413584	0.6530621943742122	0.5636181959361215	0.6455264605571707	0.5295672732477783	0.7047962317996233	0.5870972648714451	0.6742546672592526	0.5886007319162523	0.6736955361876065	0.5811708923288667	0.6705201015309181	0.6394932296895194
cg42606168	0.4464531793566992	0.6236004220674212	0.4466077418414529	0.48120978898269384	0.4252831905642277	0.380631690451563	0.4878034159305707	0.48154665281637127	0.37727756307034965	0.4031453936500273	0.40445963588624456	0.5220753606670917
cg30481303	0.811781985940061	0.8132757613225996	0.8771194111879725	0.8175438811232371	0.8697856898287755	0.8649851632650648	0.7718670210825882	0.8955105399891445	0.8303028291224249	0.8931032618575728	0.7642878563759172	0.824122830271329
cg67119247	0.4706214058344053	0.2716298723754324	0.4298965500263483	0.34556825121673435	0.36392909683883656	0.4075966012904003	0.3305893448939175	0.3327688010497264	0.38017939237404125	0.41095709861415636	0.36810606677255187	0.3957111596538793
cg37036326	0.7140165933488732	0.7114407585974731	0.7665155294951754	0.7583924182571647	0.7224969086625329	0.7752945599179831	0.8003419500361348	0.7174000252988398	0.7802487854613189	0.73358664940436	0.7973257838396155	0.8297014893040795
cg14646072	0.3896742998166004	0.3987132981975407	0.4736945466766961	0.3633092333637257	0.4806570492031181	0.43986601039233175	0.5052485135773709	0.4780296862519159	0.43159537356761246	0.40028148690217596	0.38377305680253126	0.37947364299518255
cg74757511	0.4604266827917547	0.4419375088231634	0.4803575118410982	0.4117854171635512	0.46692646461403886	0.47860777668250193	0.36471664157985606	0.43058748857294316	0.5259609530583764	0.46167657037036347	0.4928487972461327	0.393073519919837
cg88235006	0.428930525262437	0.4807538244005932	0.40177071785256113	0.5155220309934485	0.44295969582256484	0.5823066073093144	0.4981061457435526	0.49131106436203476	0.42979469560530514	0.4934822851021864	0.5320089983789148	0.4353951274525665
cg13176015	0.40739876022110966	0.4634207326960178	0.4959621166930622	0.5558704491433597	0.5008731112513385	0.5254878358845742	0.4984156731913933	0.5415074538922298	0.5137637299116413	0.5567235126534497	0.5701632780280325	0.5815221990296112
cg20760031	0.3841792867174202	0.36141401762906533	0.3176591781798722	0.3045547052831582	0.3818480319588563	0.27104480875148174	0.2504439680883473	0.37385347172534855	0.343133187452555	0.3363683719148687	0.32871208685266334	0.39201000767352195
cg79552791	0.23972246395583868	0.2576971538594468	0.3121841365347784	0.20820856681023706	0.22468470632540652	0.2317095699328703	0.2750712278840564	0.28344750939264357	0.25848285197613874	0.30061288815389603	0.27927987276740496	0.2634544300947158
cg72149480	0.341886079159055	0.3038392094034682	0.3325368475750437	0.4847001608574972	0.4362620439983302	0.405889644451601	0.2950416067633064	0.31515650634312237	0.3435792328056362	0.29557011858695176	0.2882289554853951	0.3821298473152207
cg16600069	0.6970999715483718	0.6778715950217292	0.7005411761673356	0.771303780287366	0.7506463719067739	0.7696424679595478	0.6938036014310123	0.7723459577186353	0.7845326000316619	0.702258196998149	0.7198154511284118	0.7398424396700174
cg51745677	0.4532515987710191	0.48602531730062265	0.46097492890049896	0.521335634534151	0.4922526414002401	0.542093959346617	0.5854940008145659	0.48379791963853386	0.4709992980999957	0.4142858166461851	0.5194803744915546	0.5538983837304238
cg09814280	0.6991352949665676	0.7982013522715925	0.7576744190819837	0.7031482332107555	0.8191436410788631	0.7959168538621819	0.4321966796566284	0.37979033596456035	0.38321561593825876	0.49355035047317286	0.47734477642147977	0.31482028110676696
cg44980418	0.6214706704645293	0.6405959481958463	0.623692176381002	0.5858744190457252	0.6980711886020811	0.6252529220798247	0.65585566371533	0.7217957449437791	0.6039503797791259	0.6847566166072159	0.5519703920090914	0.5884545866797618
cg76056138	0.9461518602215477	0.8123097917773996	0.8817796184213509	0.8394958975836276	0.8571901268877768	0.757922301232165	0.8598534194560506	0.8759922252007002	0.819955780215272	0.8636177013440789	0.7863397169041976	0.8155120239176035
cg82751537	0.6917064503092208	0.658812533976847	0.701519894862775	0.6086707178163211	0.6657992989632999	0.6238316355112008	0.6765503367257768	0.6038170254276893	0.6673112158056757	0.711989339660883	0.6071111188620941	0.6717520916125901
cg86108188	0.6371318882905932	0.6134871979638405	0.6147979278118998	0.6802170668217389	0.6890481519790911	0.516024611805945	0.6516110330213203	0.5787823747545725	0.5937471644807899	0.701523035986634	0.6482192654044593	0.6050989895151443
cg46339608	0.35033984141734303	0.5304853693745029	0.4444512232166955	0.43360119065691877	0.4984381952993582	0.40993417654024367	0.3731981897247334	0.4168570850381166	0.4485863408494957	0.4741044411694351	0.30047818783607444	0.41222888642246935
cg33916724	0.746398314043725	0.7196652634582913	0.7598302774819629	0.7682474575628713	0.7072054630703765	0.6851889567743262	0.7345149207838234	0.7126761952966557	0.7586729767082716	0.6695364106984792	0.695746046147594	0.7631593136758654
cg51695298	0.37199334271893025	0.4574525846097458	0.4435762196021891	0.38156887158359265	0.42442900768875913	0.43861542699392014	0.4772359226079852	0.3355315350046745	0.4594486375698745	0.4223490239392278	0.5384525409958467	0.3103909337675857
cg73481228	0.4724675048556384	0.473121261974083	0.5179847945005881	0.39028328570887977	0.4267358538079368	0.4285398149354724	0.4028536677333332	0.4795420461685635	0.5066328842764215	0.3176777612487071	0.47003455834356994	0.5822191977985168
cg78054308	0.2009279197640255	0.1676202321406154	0.09481179066845816	0.17463978248865641	0.1960565755222195	0.1218176099333025	0.19550451515362138	0.2566434087413877	0.1743699758411067	0.17310094411564578	0.148013014790221	0.25334454754764923
cg03954747	0.8875938785008941	0.8980896551954126	0.8836969456284492	0.9005656412996009	0.8185751959324408	0.9235824595015599	0.9491118909389984	0.9023440222794649	0.9724376529826422	0.8249667484221122	0.8855954497584495	0.9297128350424357
cg02972149	0.0850816499159342	0.10062337198474668	0.1119394354320487	0.07764543591100576	0.13466658818971358	0.12874655801308849	0.16891772334249777	0.07263126100483192	0.07130372337972388	0.09053543737679341	0.1352782312705038	0.05999012153666579
cg79435541	0.3123940523960675	0.3210253260776722	0.4048602157574239	0.3285521590503429	0.34843460445307334	0.2777157053036342	0.3166421129240581	0.35656116352671435	0.37906281388614055	0.3624736909486178	0.3723755853305031	0.3632417455973802
cg14925353	0.81725778750914	0.9246504660285697	0.8454091794030595	0.9101216026757931	0.9008957103459359	0.9030128077818275	0.8581798979696895	0.9304479248125939	0.9055710363842521	0.8483476727871931	0.885072429205901	0.9932090594814823
cg16249610	0.7155412511123791	0.740931379957246	0.7107022736892373	0.6989158808002737	0.7554530329209289	0.7236865913405451	0.7197182538273401	0.6364009204188424	0.6759695950701737	0.6738061859226363	0.6494237307187216	0.7752366075927823
cg66848679	0.18555637038854972	0.3141628936861689	0.30460108943326986	0.3291241973265485	0.2311838154818455	0.2435039441795024	0.2726212006065151	0.2414174006318548	0.16090426187742007	0.2700508996303397	0.29974746875973923	0.260220830745114
cg07521536	0.41562404293037747	0.4680141443695925	0.4591895068027983	0.46619380066551974	0.4749380016089178	0.5184220834346831	0.4465484024497606	0.44958383351717013	0.5593612720046943	0.46817438830106456	0.4772839114057312	0.4174004454149743
cg26837731	0.0637587208856446	0.09108168225631695	0.001	0.029939370489295576	0.09442082156652365	0.09038908938471446	0.11249284601540611	0.11873963167482068	0.045032005218315053	0.07105447769275412	0.12253681174997755	0.08834090216134287
cg67349665	0.2794979362448343	0.4352833185916703	0.30361356909861137	0.3154705966029643	0.29748565478398264	0.36896139878624723	0.34659798052919916	0.33231934605122926	0.2796479665294089	0.19594187372099764	0.3378458252973764	0.30244471447141
cg30744043	0.38114508571821176	0.31582650294061304	0.31482293603496275	0.4414463577556673	0.365804638000741	0.3796302647152557	0.37680782698140325	0.30459997016001356	0.4252795274265816	0.34731928463842204	0.34741167728712635	0.4107338038781807
cg51274355	0.5045699299244306	0.4680895887370672	0.49339886465880206	0.42801164975437256	0.4929210004732729	0.44876450818935193	0.6022516807965743	0.42596570692676533	0.4619785348627141	0.4949464391030649	0.5298802923773692	0.39497095354463724
cg18261958	0.26710749122459343	0.3021121494331543	0.2189258074429582	0.25831973471291675	0.25720857323587126	0.2818166665021443	0.32581745741779167	0.3502462307546968	0.35373546699431446	0.2688458700407749	0.23240200542998504	0.24768897864326092
cg80688176	0.4817280675447932	0.4823282743683794	0.5677059615890695	0.4555055084290306	0.5372416340603188	0.5120839494918887	0.5164849614449116	0.42542717947844577	0.5599735196600739	0.3990135272879484	0.4966057520892189	0.48679181412029465
cg16584277	0.5815408258020377	0.6161229293407471	0.5942552058296572	0.601575486424372	0.548109738118445	0.5949352559708484	0.6351946955827303	0.5920973151670786	0.6198807769446356	0.5679924704023943	0.5513518344919512	0.5601026656904825
cg32513512	0.2465858438118566	0.21526794745994493	0.1702203210023013	0.21759386609586231	0.2160980277124367	0.1846777144011569	0.35308952392667337	0.17491505473281335	0.22039953037478568	0.21822146148185054	0.19499432008537013	0.2561320520930697
cg17755359	0.46387426264183906	0.5967982948796708	0.5377419441036284	0.5174977019677094	0.4921659321598228	0.5207674596344899	0.6146381403944241	0.6247263680341908	0.5983349764093356	0.5086932878397509	0.5464968549047631	0.5039458887123967
cg69940256	0.8419865879162378	0.8907075941834143	0.7758272541439086	0.8136566087857107	0.821031851119291	0.8082056303161804	0.7934560595682977	0.8241710141965644	0.7620874253865482	0.8585549238936021	0.793170687095705	0.7666798357684957
cg74703695	0.999	0.999	0.999	0.999	0.999	0.999	0.7397307755873036	0.7003349136503406	0.7318125185236664	0.680266384349478	0.7340986518466641	0.7044449683566226
cg64916423	0.2895920576654204	0.3640629695104472	0.4326034869855325	0.4064147608204782	0.41812823041983194	0.36355063990076353	0.359761934196312	0.29414012569776904	0.3627113659995853	0.33587933452003443	0.42037703129314774	0.3929771958237888
cg09000211	0.7191168226731057	0.7190640831566395	0.7149065749085816	0.7655575355155196	0.7567762743026772	0.7294687093126091	0.6961145212658135	0.7099979940186403	0.6994929570660168	0.7146038905791486	0.8157447851790287	0.7064663600759471
cg47218665	0.37957361667731837	0.38170710935611146	0.4519877909312872	0.442666048811014	0.42579317643673786	0.39726102642740263	0.416594132512878	0.44571130886804255	0.41570623877910023	0.5114211511904104	0.474401866511932	0.37272780048919923
cg37779301	0.555237152957419	0.5280419750617756	0.48576216578372605	0.5109642627901628	0.6156900957221091	0.5283572842417742	0.5433135181970381	0.5647539332119363	0.45738706382820427	0.5111995374865639	0.5203235585851096	0.5666654289504283
cg73042536	0.8409766736406852	0.7323068435745623	0.8081489067510816	0.7693143448171152	0.8567017952962357	0.7965828822966542	0.7881922897841462	0.7211517489996551	0.8349926077144951	0.7585397242318673	0.8624701075350889	0.7987486576734832
cg22712381	0.15516624111330024	0.31162503106727296	0.3934503736260336	0.31844548463265915	0.3081544221152217	0.34911774115194216	0.2526811234984998	0.35608056829604284	0.3396848413764456	0.308383359654353	0.2955583729019465	0.2483545974194456
cg52114743	0.086369225564208	0.1780585858752619	0.02651137007239393	0.03360650285267123	0.06050473518285462	0.1502290942215977	0.13545426858011345	0.08099145126264658	0.02955600932710109	0.06757322071618874	0.18366917913552475	0.09798931604737333
cg22589805	0.6883609799650137	0.6786191470332976	0.6588647890154622	0.5888838770716556	0.5254201687164368	0.5650293896632589	0.5175006830931759	0.5396114139067819	0.6017578345937863	0.601242467771564	0.5298275684063559	0.5811101568970745
cg40559737	0.5808845305215018	0.6042481432452027	0.6029948955424898	0.4474806068745986	0.5390575034255357	0.5601127311828903	0.5827716759809402	0.5478676294613781	0.6185565706390527	0.4259655346626411	0.6152823765019715	0.5687384551375317
cg67745671	0.30708982864620293	0.1895140930962916	0.1475756289201865	0.2174045345599085	0.22099752717133622	0.2212513821598155	0.2402610518246865	0.20628372249668386	0.25969245330234764	0.2507954858632503	0.20751648857451394	0.24370577284904874
cg20758890	0.6083619713433798	0.682210767828631	0.5383572591617103	0.5698470978766109	0.5757930219447545	0.6008730496384859	0.621720647606865	0.5770104316332534	0.556001574201458	0.6034240689367787	0.6646261774983928	0.5671577626273171
cg07930821	0.4492907597084987	0.48823443003657113	0.47905074399672093	0.46310525685854015	0.5103408411501967	0.5115856374541028	0.4100209177907604	0.49201874802778023	0.47594085763533356	0.4576660392518367	0.5004941151148359	0.5002878672454211
cg63604379	0.6752813591312937	0.7318254068737414	0.7867669075460966	0.7613068304804225	0.6566477904186319	0.70370684716763	0.4686702817760442	0.3805337062924914	0.4280319414256337	0.450477282028691	0.4305294438239313	0.363781724842245
cg36224577	0.6801747987622067	0.7398468773056937	0.6299436720019581	0.6097325305755834	0.7176954772716162	0.5813087243772211	0.5650646112880502	0.6223482033855695	0.7398776851507036	0.6337749285170579	0.6333409182228763	0.6644255030009519
cg26586960	0.6622733539231453	0.5636828942996527	0.61275395600691	0.597571186419573	0.5635960114125489	0.49801340085385865	0.5771241906601468	0.5294231140109773	0.5643452983930518	0.6056412873907826	0.5224676352329021	0.6343838120056061
cg74749470	0.40906307816968673	0.49065240962198065	0.48780213358574803	0.4342747818729016	0.41695413060989817	0.4575015282262813	0.48214786556850264	0.47631658373528063	0.451527272274812	0.3810476916827594	0.3997714697776042	0.40794287624964043
cg48041815	0.1679365008027407	0.1983626133961754	0.19403452894205525	0.14647294373799363	0.21113325701122748	0.24049745051998916	0.15677770764324142	0.1579725355513576	0.14675672989900557	0.1011830978388509	0.17215187691210534	0.17435813054237467
cg84007208	0.5778973800155626	0.5601631818324222	0.5828902315276494	0.6360106685878527	0.49109414994569894	0.5233655197450238	0.5499581994130275	0.630342637653003	0.5546731752212338	0.5375005401573685	0.5689889435848872	0.5816656181427177
cg08747254	0.21543667783474463	0.26208966743889844	0.2936597116386067	0.2799773111225847	0.3492858339888565	0.3294806779884803	0.1988112857139902	0.33425510146809473	0.3223003675796944	0.2278981054343434	0.19298846220080385	0.357568367783451
cg20268468	0.17075838185224126	0.21233061297950923	0.2512388635158352	0.1992387512457141	0.2353992116185536	0.1717981950316238	0.17198561106861512	0.2237576456076381	0.19018688164607508	0.2138554742473182	0.13079987917030972	0.20230988578017525
cg28381557	0.2880709448947765	0.1869175951563839	0.17503303344067986	0.144296260577769	0.19537613278540558	0.2227536650172359	0.22260839110561711	0.22014430962872933	0.17705936074061698	0.25168312130631526	0.17324733375666512	0.30260660523406346
cg37701091	0.386410992021795	0.33233889497462826	0.3676442918321628	0.2551896180754527	0.2292653780032085	0.24038532270214075	0.31540718452317945	0.3477504976553836	0.3857145701083189	0.24645904083855844	0.2694120754577676	0.28041804190966146
cg14553136	0.43563779805150304	0.5052089244048473	0.4309031360685011	0.42646737351405983	0.42165817008752404	0.43199497200685494	0.432100148542985	0.4276599509791732	0.43715562909300826	0.3616595872680736	0.45512708231405297	0.4782965392062113
cg79229262	0.5701241730701151	0.41252480982536016	0.44540357549714654	0.46478014115074334	0.3942280979719616	0.47530440147689335	0.49435540486599056	0.4307065025281778	0.4734859131891737	0.4598968344273447	0.4401195172156039	0.46498566330132807
cg09765360	0.5959639441993306	0.5998952771912139	0.6612834135324805	0.5948274515076806	0.6906304613692897	0.5096595052696712	0.648747099643162	0.6435988661507125	0.681303208183416	0.5702411229165627	0.5486924914965919	0.576663714799249
cg08234539	0.7941563736135785	0.8216579240161478	0.8639474729969279	0.8430237869004056	0.8401701541578099	0.8471174355172124	0.8068006907145712	0.6974792635491195	0.8392369883721219	0.84403978775219	0.8528620823546957	0.8418158040227339
cg75027930	0.09950014290246967	0.1552674957667497	0.11911599562788258	0.2892871185015007	0.17961243213530392	0.2068201656836637	0.1798028560115419	0.19585022010204065	0.2053051856172944	0.2214221380391657	0.19762838875238342	0.23657833513373025
cg82135369	0.8371191771771231	0.7363169417231132	0.8070422206922627	0.7840768519043673	0.7493826468698253	0.6716563916621465	0.5403287380526829	0.45388175518107987	0.49035632087964415	0.41897210577819805	0.48696916855786704	0.4568135593210021
cg13517871	0.4943350798907237	0.5204107936052536	0.4522371856291088	0.507520148265442	0.5430550494767528	0.5463625902560005	0.1265299469626588	0.14501160217491274	0.11562231053183566	0.16770486893461836	0.13948695290233176	0.1720372036681745
cg34252508	0.5230016791639223	0.39854593219169976	0.37122294693490093	0.3881610522179266	0.4799104788183826	0.40637069259560826	0.4714662922171462	0.4745001315543618	0.4471012839171516	0.4590302721622652	0.44145829473996473	0.39214121060280727
cg51627498	0.23743040469461305	0.1411916512833515	0.26685777624598567	0.34671706874223734	0.1636420845405231	0.2326665053640773	0.22945633223043269	0.26057552029901654	0.2759370041837551	0.3070063951183276	0.1789201553058387	0.1836404161658392
cg12267775	0.6055402532918265	0.5721347346779195	0.5596448224691205	0.6766577527522917	0.5718988371131108	0.6154700756238806	0.6733341012071924	0.6054264422496838	0.6329229161128441	0.57098647079851	0.6125544637770363	0.5837441285081438
cg41085757	0.4958926611545129	0.6150691636200439	0.610597330671241	0.6148671401766652	0.5060596329487826	0.5680217972904161	0.5600676994596234	0.5689506249577111	0.5812604509926801	0.6232613410759734	0.5936706514716533	0.6106327604900811
cg39809876	0.9878159755749499	0.8554136070087327	0.9004333377537563	0.948707145501972	0.9476529399504878	0.8627909585350707	0.9432780203025598	0.972853240750476	0.9163278834110262	0.9018597862622012	0.9383872433341477	0.9605543076243954
cg42095430	0.5703282836833943	0.5452015964271337	0.6917087312354608	0.5549169883262429	0.5987773471780931	0.568852331982337	0.6098150608516825	0.5567987320320069	0.5071845562895023	0.5365279050041272	0.5443496893677422	0.4329621370678123
cg16533299	0.5461727882988514	0.6365160642916514	0.5559874306663717	0.5480301791481996	0.6638877323161707	0.5354496813329093	0.548246175066158	0.5361342362685726	0.5516602577325576	0.6192188314353937	0.5510079854671458	0.5853988133281018
cg56394825	0.5139782354743054	0.6930635637053516	0.5720893528241151	0.6359449235371472	0.6214144334882001	0.7333263921705073	0.6446396215663024	0.6662907371748941	0.642541074595373	0.644824863450313	0.5844806242100048	0.6781175798882216
cg79365269	0.34077538998823526	0.2163046814893852	0.24573921733603588	0.3016314809723189	0.27675918823573575	0.38530975660970923	0.2619715750018299	0.32861330682622675	0.3413593286348527	0.30236956866823295	0.28927535110068675	0.3569280187612301
cg31145340	0.37931557395708376	0.2652205267485291	0.2910732551987838	0.28914263538849483	0.2992382050032691	0.3081006994550985	0.3310746684907693	0.4383944062549499	0.34078980665736464	0.3484757445584087	0.3641101937194309	0.3501623381543264
cg13239332	0.6841985354762237	0.7362398147331584	0.7273089586025391	0.6775234160102481	0.7577196915401576	0.696267470231879	0.7000645624147356	0.7066466101221176	0.6990610095794424	0.7072210318814319	0.8676941168448841	0.7485331117026311
cg54454651	0.5848960348921313	0.523551017681722	0.5865110577254814	0.6068464441896224	0.5061006965358614	0.597562098131366	0.6226495132529919	0.4863970655914276	0.5425359299134103	0.5284505483156887	0.5849039360830763	0.5609135320406448
cg51846494	0.2714551330078583	0.24205739064054618	0.30666779219930024	0.26845214997780326	0.29019630223831994	0.2808418143480091	0.2524913193137784	0.2892122185421217	0.2534021400247927	0.34142630342061553	0.2907146447936982	0.2495584424934787
cg37422122	0.6712722433674089	0.6034216668276925	0.6378265220854122	0.5209944946964284	0.6376627348895927	0.5913494142655553	0.5600202287234674	0.6913754293595411	0.6336233685627466	0.6689167355887387	0.631701088770082	0.6502783096606622
cg82298368	0.7111634840135076	0.7368000043789545	0.7186800016961391	0.7117501927490834	0.6848750399391494	0.6592035892901544	0.6928299730318657	0.7006917408717672	0.7697170259610004	0.7199047240254015	0.7659243923697925	0.6553810555061914
cg71338967	0.8480560416867404	0.6383299910511518	0.7843925716874827	0.8255794406120133	0.7220508541276022	0.8570640613730605	0.4122090042608046	0.4956960137248907	0.4161692961358577	0.4609809241149424	0.4380669978565274	0.37596799443510587
cg35530920	0.7338240192545613	0.6386621355791724	0.7457187405308401	0.715567454521042	0.7987076379934211	0.7986472908581163	0.7067959582279628	0.8411645381835828	0.7249458684251366	0.8110098547226097	0.8014272169482811	0.7573004829425465
cg33365859	0.7992569550084758	0.7711007590038764	0.8504099907271961	0.8426325201829447	0.9205407118669213	0.7560060967915024	0.899861259995594	0.7984083011934864	0.8280557869350103	0.8203649765155886	0.8503471037317174	0.7675842980225469
cg16069904	0.7406921331147778	0.8175541725401452	0.8093788894749485	0.6939464858733625	0.7457509626592513	0.6801780635611347	0.7889383370782455	0.7424071933845559	0.7438894168636591	0.794151619041391	0.8877081193185444	0.7684526652208409
cg56973304	0.42834463720914373	0.5503376256386642	0.6005648202622136	0.5973389817759893	0.5831242641192519	0.5167959282499225	0.6016038695843527	0.4937473575240234	0.547379859353889	0.5397760715088261	0.6274384324452916	0.4860340968997657
cg36549325	0.6845520592723763	0.6423038795712698	0.7037827503802192	0.6714816369122159	0.8102500087222101	0.7370771505368326	0.6925256939033432	0.7561147128859649	0.6193802328519634	0.7578738831309405	0.6421116153479766	0.7361216410949288
cg82751010	0.22567918382150357	0.202791025830527	0.09305184218328821	0.1151995644488799	0.14876744396072286	0.20334758539744494	0.1608621464482528	0.21561093634981182	0.10021800684657708	0.16336246674499613	0.19330241026733547	0.17854915292498488
cg40031823	0.6379613305416845	0.6629039006396148	0.5903942050273165	0.6104260549143901	0.6155853135227324	0.6097048849930136	0.6791904560422624	0.6591097609596633	0.5693312390695735	0.7471515165700368	0.6315386869378967	0.599645920570549
cg43033030	0.4550805341619485	0.4865146658937897	0.5161610196671191	0.6135046090382621	0.44099136516231513	0.41922424764422705	0.4308611037583029	0.43544421718534915	0.5227998211540841	0.47888216863253835	0.3879466833956611	0.45273953881231566
cg59222081	0.617614714426879	0.5863775296897938	0.4817172624079153	0.571402861758141	0.5959005571390938	0.6121831437587733	0.6231774455814315	0.5638165878215595	0.5999708917696616	0.6266205264985453	0.5596934103803075	0.5776774000774065
cg30978756	0.049450239154251036	0.17503132122452894	0.13258754421780802	0.0897056335377414	0.14928469935557015	0.18096434777281856	0.15979619948123416	0.07956311793268332	0.1613509792287782	0.1742337779088849	0.13009897100610895	0.044896542536210005
cg42133870	0.7200729400391537	0.7975465440616698	0.7627270407019804	0.7581760003171352	0.7172355419799559	0.7356393123512536	0.7148141308117558	0.654150962296288	0.7955226685514447	0.7182626554408548	0.7002478337420457	0.7171200811398523
cg77652508	0.7106741499991189	0.6947996211314245	0.6621573792425068	0.696879425625107	0.6521228727049224	0.6617674228425627	0.34387014087113543	0.26795127809929253	0.28651112158641984	0.3819148995461119	0.34382063247328587	0.34190964655740275
cg28242922	0.3387670963325584	0.3332665970602123	0.2538561235424873	0.386380475202503	0.23151584944068454	0.33309142096521693	0.2561156756969518	0.22525911387958258	0.364079742633882	0.3003609769054809	0.21651505511356334	0.36340887240669156
cg42252379	0.6947785914165354	0.7338369337447349	0.8270695397890051	0.6725161471020518	0.672437126157063	0.7320843557467306	0.7495199394121802	0.7270934610495979	0.7561841676743548	0.7135775707176336	0.7739296934731075	0.7109342375903202
cg68433465	0.3126386226367705	0.250663443892459	0.34207641237407604	0.1900396359307268	0.22336721235353701	0.2139244376916563	0.21231545947085775	0.29182018768286055	0.23531241679203801	0.26772533436093215	0.3088269669810549	0.26040372513270926
cg85044722	0.4482580730046592	0.31170435798663815	0.347669693460248	0.34051034960701404	0.38793241542801704	0.3606339587228194	0.2971509704111654	0.38998414627965994	0.4320537767001564	0.31788438483574477	0.3754011478645392	0.4231445570675735
cg33455041	0.4099049208475746	0.44678105125383005	0.5031604848591246	0.45100083619560066	0.40979904111482784	0.36968299935174787	0.5048306060648623	0.4331308431740882	0.36431537337329073	0.4917133748984304	0.4175586780258669	0.5162443653101292
cg27147997	0.4949465800681439	0.44560129129830045	0.5285814490269085	0.47659922174104713	0.4201732665873531	0.5059296270012111	0.42845826983998925	0.4261620641508053	0.4057715662909983	0.48978692758946096	0.4610334254691996	0.4363040516481373
cg22300934	0.20764095288974665	0.2760449074383842	0.23475615700810504	0.33989060467981297	0.3193905500519223	0.30952450281553107	0.186765579835168	0.28788348653822343	0.2788234602487708	0.33524582747021836	0.26504039994628664	0.33749395566069496
cg07112131	0.41360247942360007	0.5608949764984615	0.651425927718244	0.43964780395429603	0.5411334228862117	0.4645713081345557	0.5644770910214487	0.5439807793338927	0.5353317540629225	0.4447872917716082	0.5721644902329126	0.5698417803124347
cg75772426	0.11736797276711376	0.11382819150149324	0.045557253020988675	0.047461201778403975	0.05359073510441343	0.09824780472862318	0.05378828835469678	0.07432144315065585	0.08084813300609751	0.10088643788441476	0.11504294266494816	0.113214393926542
cg27448736	0.25443676104315965	0.29846835609741895	0.2447653262531903	0.2469923564127535	0.22519562499972362	0.31425340563648196	0.08434783842200785	0.25784862465416697	0.15026368473940485	0.21444412074315683	0.3553459447422847	0.20674728382164512
cg88498664	0.06007420270606585	0.001	0.001	0.09239809188021578	0.08414287298372719	0.001	0.05219332362660532	0.03711085437203654	0.03887612907189126	0.05498929751418985	0.03450211170072583	0.00667643841748225
cg64751824	0.31516688159491124	0.37490027959856775	0.35377090911570286	0.36880186632839823	0.3643291927755555	0.3387003226579134	0.394776943315698	0.3200847072881937	0.34369313108535127	0.40859666761173336	0.420106027943454	0.37370797610001216
cg00336079	0.6950746810355682	0.682921141744284	0.649555489779588	0.6902343080632246	0.6726836928144061	0.7909763215078388	0.7319567741190636	0.7142914692507756	0.8390629675716154	0.7231801666030604	0.6836949755575539	0.8233034540040636
cg76242918	0.8264445114540984	0.7481269511950795	0.7910405189833851	0.7369766253420863	0.7999749275856464	0.7115692912115246	0.8752577377316058	0.7311061634043086	0.8573034184459986	0.7776793918659372	0.7802122487043619	0.7790093312569315
cg46454462	0.999	0.9087362391215102	0.999	0.9930969713009798	0.9499455217425555	0.9417041516293149	0.9474683415865275	0.999	0.9582892862804655	0.999	0.8991603664124337	0.999
cg23684257	0.7970883859306279	0.8711126245456462	0.8240266118178956	0.8555887225388237	0.8635243857415016	0.7397128900272059	0.8422255251397043	0.7300989446136685	0.757488676833151	0.8590024793614603	0.837102537383281	0.9004511849844924
cg51306210	0.3731620510965002	0.4997168143303427	0.4478915936333496	0.5898327857039506	0.41704659112047543	0.4535303267860703	0.411123058677691	0.4821726635616295	0.4760793939033212	0.5486573958792827	0.45559673850862753	0.3975044095474505
cg53125840	0.6894710480003422	0.5925017720291201	0.7083899545800182	0.6181294695320636	0.6703591165544723	0.5099249397602463	0.6386597260819513	0.5582265678536901	0.5715703398737816	0.5332401593661552	0.6598095986677333	0.5986781566378014
cg28234814	0.8317704409137253	0.7473542264523358	0.7621530189327176	0.8823308143349353	0.8248005940220509	0.7236882307957078	0.8817415740531973	0.8821333726577135	0.8151028420138283	0.8185243658839029	0.8793613927705284	0.8757139956568823
cg76956451	0.7195238694008624	0.688697801359072	0.7391358744913138	0.6272222861432811	0.6399926343028105	0.6603145686455004	0.7150729696528241	0.7328532901913845	0.7069676570008214	0.6651142380061091	0.6854808314240867	0.7338718588607612
cg76241311	0.21642615709680957	0.18692603149670178	0.197492269482003	0.18176479460497152	0.2600996697870821	0.21512674930969933	0.22019568063483363	0.1681430328162395	0.190948698140156	0.16410870930494714	0.22927795569669734	0.23528632339960048
cg82660023	0.7589179938178546	0.7282849831641546	0.658768786211446	0.6106274772542323	0.6886058175720211	0.6622411975156407	0.5504792086965201	0.6221917887188165	0.6584746381233374	0.64899262814187	0.6907492350372496	0.6438154841013181
cg55995656	0.999	0.999	0.999	0.999	0.999	0.999	0.8178577150975992	0.7760030847178921	0.818604675420976	0.7738775691850979	0.8314084646996829	0.8633495174788931
cg71021105	0.456382839578271	0.34174228173974597	0.4422563765509592	0.38880993050119883	0.527668581334795	0.48774496178551713	0.37220812767864475	0.43026804843557936	0.405867543563493	0.31949087242015656	0.40604880958525624	0.40200134103345975
cg43264067	0.4605949559456878	0.5430705064840444	0.5557921414426488	0.5277362019620089	0.5012211281243001	0.588401751198475	0.5963661682287096	0.5770702165673922	0.632473424078662	0.5086653035311923	0.5741024352485351	0.6749909534940278
cg21560596	0.6936032131979479	0.7256713380089204	0.6886015849309629	0.7209747534316736	0.6813282351117691	0.7596440873351751	0.6911282354095922	0.8567668700534057	0.7546586125149926	0.7100021094085154	0.7507100302708073	0.6688956366008381
cg76472373	0.2609587800769294	0.3045107799185634	0.2719946837801311	0.274339334599336	0.28249964758472307	0.24856677218709755	0.31797020626688566	0.22754635174336282	0.28353481689420645	0.3891303054855271	0.33734975006327694	0.21073386217352308
cg54290786	0.5412752444009656	0.5830045206645088	0.5699129328439615	0.5761933301412678	0.582072165282939	0.5361865949198666	0.49840525213160625	0.6092433155731631	0.5082720143561698	0.5071942162707168	0.5874232057800689	0.5515333436240879
cg40164507	0.16313087750275268	0.25194573478952154	0.14535539349167048	0.14269443332079745	0.17608305490413353	0.3022802447183438	0.24334909264373694	0.11831201531992067	0.1578483225522238	0.08777929718102509	0.11504720169770008	0.21663408924873234
cg72335420	0.6913536997875587	0.7142888083986989	0.6757013661944697	0.7298458716631643	0.7268863263597851	0.8406678287235084	0.6760615919862185	0.7456076416028183	0.7602011984246951	0.6304654937204439	0.754051217937719	0.7068608716368302
cg32702950	0.594028469351231	0.48278388759532165	0.4771454955386404	0.5807259783607742	0.5752222748774581	0.5490046905560404	0.5190970908940193	0.5552584845946139	0.552851842274678	0.49035361896992735	0.5721061880037355	0.506484663289247
cg11241560	0.34616251132240217	0.3140542101022039	0.3697520947739534	0.41597282597985763	0.4213488950157266	0.4366742544235977	0.5336542242215631	0.4299950301048776	0.47557732066759106	0.3879439135040516	0.37906101037955464	0.3520661816352456
cg51784297	0.5213607402330704	0.5586277110379976	0.5460399319174006	0.5525577265651349	0.6131130792096603	0.5932946576340131	0.5593641426558623	0.5682234459725796	0.5700371339084882	0.5518018880917201	0.5650006882387328	0.5419622162671675
cg22003473	0.7618612706580978	0.7951717035141611	0.763712102694858	0.7500832663810881	0.887164307175408	0.7312557908691143	0.7119016985896471	0.7423682419995632	0.6980473193875952	0.678134546011527	0.7217772300049767	0.7027696353786094
cg72182936	0.5152297455813988	0.5673474263843555	0.5871714150443612	0.5819590471172178	0.5896161481354204	0.6747394592479515	0.6129454440267302	0.5799423711165737	0.6813589159465316	0.5401960778289595	0.5890913076053937	0.5313046957929705
cg29686606	0.6014692701666452	0.634514977062796	0.545013181071269	0.6020999182085175	0.4523290213679025	0.5556015090873914	0.6266261214144454	0.5833487088829754	0.633561877349224	0.460050613525494	0.6629309873289739	0.5038404775575559
cg70783313	0.34995349515616847	0.3223702442078007	0.32391829587250404	0.2800906305195335	0.29920276745386	0.315343224218794	0.3660465710206381	0.38254599257603905	0.36267140568301465	0.32719398511903536	0.32988477811053446	0.29359841927233316
cg20446129	0.41052226079356524	0.5034562439882826	0.3614278112770098	0.4823339270685505	0.3762066324792585	0.5328157798967527	0.3331261003898647	0.3521806360083518	0.4944753930157213	0.3471843958719053	0.3796129326374271	0.5161597191830312
cg85548863	0.39042922663814816	0.31414168496831896	0.15541323157669282	0.3730028822140363	0.30189690363587096	0.1940504343655755	0.3104866094323634	0.2721871001918217	0.22477533676066552	0.1580831926735109	0.315165154480541	0.293735877440544
cg79564560	0.66669240625983	0.6123045341930472	0.6644807526998818	0.7202081146231748	0.6698413259447752	0.6814083451501863	0.5628008434993472	0.601023722622265	0.6475220930047921	0.7211106030112641	0.676325020330183	0.6734685628067151
cg76104793	0.41737183273608036	0.37402817808637817	0.32521489814875004	0.38031260401744416	0.34707050957804886	0.31992504372398156	0.5016835637918289	0.35628113840812586	0.3813888511979042	0.429065436412951	0.4621831429136348	0.512207444890735
cg71173179	0.3996578981566522	0.37357002298624914	0.4049047869516956	0.3707616888978286	0.3949540432588781	0.41673455703635187	0.4561399623893825	0.40920395214536665	0.5097300581195529	0.46576058271214316	0.38179167278723847	0.4188734772218868
cg02725981	0.7012948887067234	0.7007720040239269	0.7292725462739978	0.764754282171568	0.7749654791776461	0.7816314562913064	0.7672867081219319	0.8441054475711592	0.7301380749055013	0.8030896270669604	0.7420397762089106	0.7387626301763076
cg25276621	0.6690254646714325	0.7165036784210023	0.7364725512297448	0.7092230396337472	0.6937241398947919	0.6843820033965374	0.7386733710757701	0.8134566059912296	0.688010307687471	0.649333152908137	0.6996080539987297	0.7272747561362402
cg46718561	0.6307258402421957	0.6928521549901446	0.5907148005329963	0.6884701840642212	0.5243032794803593	0.6563996042914779	0.6757776162099136	0.7190688359917117	0.7250235585906293	0.7009952829319924	0.571835954823572	0.5892797779234762
cg81825611	0.7770447375531646	0.9001026363241461	0.8179435684328261	0.7919886293117292	0.84914509779321	0.7632077344791034	0.7463667075879942	0.7414478909753819	0.8350874813030308	0.7479268381229194	0.8597284322344035	0.8174143765022684
cg22371173	0.3605376449011405	0.3218783090243662	0.3019009977377366	0.30831028349457923	0.3261263975370641	0.31806188419508313	0.40709467653955556	0.3284947936324527	0.3063857450184585	0.4181617390559985	0.22346621137333716	0.3792053000415503
cg05223573	0.3960449627125276	0.506155981987329	0.4578356445840779	0.591036484270025	0.5175188736522475	0.45820095553687656	0.508418346501644	0.45960955551970817	0.6114937352217892	0.5272439318305746	0.47672418165590075	0.46515301908743595
cg68496252	0.29191764213976035	0.295757986287721	0.27406749627007676	0.3169358075762768	0.36549039982126763	0.33067168980183054	0.2669056487913815	0.37410773205323616	0.28636233994372584	0.25694406770269174	0.2775198757570765	0.325224150597193
cg44764625	0.4279687775716523	0.5712647000979817	0.546503049027874	0.5726363878097279	0.4726061875468902	0.4522076381961192	0.5933405820950651	0.5872608032534349	0.5449630726002239	0.5632989643823073	0.4893921878421311	0.6025158191959787
cg76961355	0.31469500010588486	0.26958572600948005	0.270896364808783	0.29299713279977446	0.24767837354008154	0.28088514359743133	0.3281670558471108	0.28033557802799064	0.23961081287187677	0.34674279551906717	0.2906635336054649	0.19826154029591997
cg16760744	0.5800586140532603	0.581129606023744	0.6509880700166636	0.544286234663139	0.6609087612566589	0.5457179185563357	0.6752182523349683	0.6556517498815893	0.6367783344668468	0.5961217340394933	0.6414593306572377	0.5771996951409583
cg63024166	0.29444324678482753	0.35718417715408385	0.4156730414363827	0.3349310271999983	0.37468090577935714	0.35537638775864655	0.35224657105119495	0.3151764025040792	0.3098527409678116	0.37404337634697704	0.36957047251106423	0.33322402448669136
cg88163638	0.518948780550637	0.604693288382007	0.5915185770128915	0.5478745226917724	0.5989069355089762	0.5547605738262966	0.535023816155259	0.4753758987735835	0.536081922837967	0.5639981359719061	0.6072503850866601	0.5604711995182241
cg05577052	0.2695606904191034	0.13361271882308445	0.24242069546954645	0.17919417314538552	0.21363536811120784	0.21068030341935237	0.27581494248058797	0.1252067046727272	0.23830876265287673	0.19369683555634282	0.12558863442072923	0.18518911455568404
cg08686723	0.27871099342384065	0.3389959855054356	0.2968870943452621	0.2097717761695279	0.26219199384592834	0.3584765027741412	0.3961069860844484	0.29678345121328725	0.2375955527849582	0.17075197340202422	0.31735570041809036	0.37777339645306635
cg59151741	0.3602354944406021	0.35847970015113007	0.3581040066274839	0.2734684473028896	0.4154528032095154	0.35551182080145116	0.3943528007005507	0.38120020885285993	0.3785238537765668	0.4114788057305332	0.2595123832612223	0.3227584059045297
cg80591874	0.5735923964962445	0.6583556572876651	0.6615181261369284	0.6967761655176051	0.7032788580412793	0.583089433794877	0.7594605771908178	0.743222380209497	0.662843731797903	0.6536625643693847	0.6530805472441392	0.6928894133694177
cg69017041	0.5451685609556715	0.4682471415855226	0.44544109101216484	0.46862149836183603	0.4686358014406946	0.5122257904439254	0.4532513136202887	0.47118939873382554	0.5352441192090934	0.5061004444609268	0.46980211273736383	0.46837156659009166
cg53849245	0.33511675899296417	0.4053120528362169	0.4185780281680692	0.3298122712692978	0.212800222474552	0.1734001165125061	0.3707327345392405	0.32171361512747476	0.29647553490559836	0.2592058662459089	0.29100845184078494	0.3058756554984464
cg15087661	0.8774371612454719	0.9291442432680206	0.7602114157768087	0.7988252960104052	0.810206138909581	0.8640133635927902	0.9011351472318508	0.8654748022082472	0.8198502467821484	0.8049154915836906	0.8773749097510588	0.7853514841837508
cg64537374	0.38675522957369135	0.4186992636947016	0.3410020139005546	0.3102425382880774	0.23389591930200107	0.30614166637348955	0.2562283679077799	0.3820208480812964	0.3477249321811933	0.3812936547031417	0.28721850905424595	0.3709740660951626
cg28296066	0.5739400248871598	0.52868692166833	0.6091148090557983	0.571359036626322	0.6465605671465984	0.515593839330132	0.5082061312038629	0.5825133871974746	0.6476104316032923	0.5648204779452801	0.6733081797949236	0.5644806948149752
cg79339703	0.734804680459831	0.7129507319615739	0.7540062057129621	0.6685494288147458	0.7548115415416429	0.7480704458403997	0.7125903833922747	0.6894048571905721	0.644181676117538	0.7236405265651231	0.7760450015308356	0.8060221059013991
cg11361075	0.999	0.999	0.999	0.999	0.999	0.999	0.8591771553226146	0.9082257068306849	0.8591264140557248	0.7876242351673742	0.9122070646815886	0.7956649881384817
cg29941167	0.20853241368041087	0.12924672160146566	0.18081183203225842	0.20978090818832923	0.17621742668739082	0.2872054523445477	0.2146120438483859	0.21078220654160063	0.2211451955084948	0.19821138279208725	0.2280783735332126	0.16542495313117733
cg67618783	0.8607576840045723	0.8394940403871547	0.853109024854253	0.8812679282908382	0.999	0.8523591217257998	0.8668862699016485	0.8951347592758768	0.8060523546631606	0.9125049423525669	0.9206586967558714	0.8975338339918998
cg73285462	0.5240886791234348	0.43415473539176175	0.47125530588665676	0.47721271031989965	0.5835261476740146	0.6188173721932485	0.5236931871147329	0.45901168316934493	0.4815585964021518	0.49938902861764434	0.5226386220472694	0.5286817695261804
cg40890557	0.6569156687535996	0.7772938688455937	0.6828731847722138	0.6782171914571636	0.6192035421868317	0.7514818435799966	0.6816103934292741	0.6842404444558594	0.7169293348846999	0.6733243547976322	0.78348009835498	0.6520881280835853
cg78859150	0.6274949302433539	0.6473135259369588	0.5742955803244091	0.6251756308405172	0.5878037140606502	0.5624896140679144	0.6010966918814613	0.5058496076111682	0.5540116194734113	0.5311857436475773	0.5418211685124472	0.5866492440722096
cg41049766	0.7983349906673666	0.7769793769219762	0.7268858173772542	0.8422966384022994	0.6940614354716104	0.7122044127757603	0.785547260184853	0.6509430054995473	0.7231791369970594	0.8223091877895695	0.7775810263342396	0.6906767317433999
cg89538509	0.24008160837135362	0.25324368572216044	0.27681442458528766	0.19734438051628514	0.15820633205592827	0.3060898732952262	0.269422102127003	0.23008102724411814	0.3275062335548721	0.20942678130226514	0.24288901165762658	0.24394139351055458
cg17150124	0.5636375892666866	0.45116454609506107	0.41938735328859467	0.5007749608611696	0.48051564123395396	0.46379167751063544	0.4718969336551098	0.44964384602314234	0.4261171724972135	0.46234152664802947	0.4612136635818432	0.343538890519837
cg19355135	0.8006069524942655	0.8601857126258392	0.9023554200332902	0.9823848238895789	0.997989763351069	0.8864904916032093	0.8955082566244376	0.9092219862144507	0.8380836114191689	0.9624921531118433	0.8964341440712026	0.8874119282388749
cg19547505	0.2958937693677043	0.3408064847425137	0.2797106868631181	0.31180508044804445	0.38628461906029476	0.2959259470806538	0.29027393245884203	0.3840508515651835	0.19653277477153958	0.296805180668099	0.2728644737473363	0.3742887908328433
cg01437442	0.5054592013838763	0.38661254194621875	0.44371819357787656	0.49261896986012177	0.4243352680727138	0.3608070370737034	0.4642760259443665	0.4204138656518975	0.36877903689123626	0.3426283657994809	0.4661655668001794	0.4642070127259804
cg51783844	0.06769794128862254	0.15261377419654007	0.0948349075466329	0.001	0.07284543393350609	0.07129861930748531	0.06886271152119847	0.1830606976205459	0.031120069253126936	0.043008457128772076	0.13100779990585515	0.13121833210938244
cg27537662	0.7692831169293692	0.8272315649052637	0.863977952168679	0.9213826617970552	0.8617134197260629	0.802834989779163	0.9358148340983671	0.821640788428301	0.936922073410901	0.8320525383267554	0.85716912602311	0.8306775629785808
cg15867375	0.8289111137207007	0.7177626930783889	0.7125251792501159	0.7594747760032116	0.8120662766036769	0.6840979392008951	0.7628770613963699	0.8005945953430821	0.8219382195731331	0.8489209276806107	0.7988219161289705	0.7840395980936358
cg78419932	0.3758329125433796	0.41582310200734746	0.31219314349896815	0.257527794559486	0.27936525966034476	0.33488850758977434	0.36714428514780856	0.28580873082734537	0.28911651213257167	0.3603311854166854	0.29928416883077613	0.33058638857091077
cg31005048	0.7383292171433578	0.793372862721748	0.7577553754416311	0.8373101371918209	0.7089846203585127	0.8875262928601615	0.7655160220367008	0.8070463978673309	0.8979849573015722	0.787518795205557	0.7103513727058322	0.7952270546576641
cg64294658	0.5996292714168237	0.5909611387587798	0.5718154981131367	0.6131787110479789	0.6554244449034112	0.6418784105229187	0.5487530221343582	0.5469556557561126	0.6017024339991799	0.6030115995843578	0.5345688492232149	0.5574071031620551
cg69555846	0.999	0.999	0.999	0.999	0.999	0.999	0.838232222421102	0.8166702716750621	0.8190427832247672	0.8910741908732531	0.8159786557634647	0.6644450889055905
cg51272126	0.8690610405920733	0.8261160894666779	0.9923660846725836	0.9959358961095929	0.999	0.9438555729617575	0.9422081958653896	0.9688372315556208	0.9789770657409416	0.8988595866784007	0.999	0.9821184791684733
cg51599634	0.35089426150283703	0.38827775235744133	0.3357266952801273	0.35799656997222706	0.37258224596261635	0.38486138646173695	0.3327437142446521	0.2640830902716986	0.3801979802307848	0.43113558804855295	0.3499078709361457	0.38183543155567606
cg87281781	0.3754470322433908	0.33460289417453837	0.4059639506037548	0.36382315059414966	0.47448983131771283	0.46791904462554906	0.3469953504193515	0.4078603615019405	0.3647281858497676	0.4433404227576557	0.4540826803920585	0.44147667407722924
cg49243330	0.8300702563312748	0.941585626426869	0.8064614583081497	0.8634218522843309	0.8574340706088345	0.9017839627517308	0.8921197188971286	0.8457487189460757	0.8012636964163307	0.908348844624709	0.9302711046010258	0.8407400492855664
cg10324122	0.18992299079298816	0.13309429151910565	0.09963715326886279	0.20747189720908363	0.23510052179948035	0.18544384746629788	0.22092715140589264	0.21662738471383666	0.16628972226816652	0.09025457918987304	0.3167837592018683	0.24302021878428393
cg87439984	0.5211035263941899	0.4805874637498109	0.5302775217596563	0.5922670305901434	0.6501548902766922	0.5529090631498277	0.6037352699738341	0.5939853966659867	0.5740407312440944	0.5820582427615736	0.5801058042092727	0.5960126414328939
cg67951891	0.6461191481154972	0.6608818579750266	0.6119124584325544	0.6204536663218607	0.6957412842808699	0.7002908091709917	0.7100285847478057	0.6264266150476187	0.6283946579521541	0.7138982433600501	0.6786896384184695	0.5370465229522386
cg02731508	0.24728618637252925	0.2720889242016359	0.17292291702053644	0.2517491168290677	0.22817292232684652	0.3786536809219404	0.23799119431244287	0.2316865290621306	0.21482892573940146	0.23549134316706008	0.24156478128600697	0.16498018347022853
cg44734948	0.6659940690570553	0.6363684674899034	0.5418558612187151	0.6725559360576283	0.6750943167889869	0.5984498084105645	0.534705259325744	0.5718395838173502	0.6795340262471641	0.7455014955646407	0.5881524902512134	0.6325642550586946
cg22761400	0.5171463983999371	0.4816364199183234	0.5684805940237525	0.5568010870613126	0.5095573982980327	0.43891971587799933	0.537890320519019	0.570477276934378	0.4902930532276352	0.5444723694373923	0.4924233511010879	0.5093721679529982
cg01283612	0.44376642798403254	0.5573144778368115	0.47229747083764406	0.6238900054191341	0.4425928998377975	0.5516778613100889	0.4239462450459053	0.4783395172317598	0.5572583267549508	0.4602744178963576	0.47406086097427036	0.5110987702042871
cg55128102	0.45843796100072404	0.4537075478989693	0.44253294954378414	0.6312543105517558	0.5527523798328771	0.5216507154630272	0.46578573733613987	0.549711848115018	0.5036158559716348	0.5552531017763753	0.5989506639015568	0.49516108408206033
cg86839916	0.51907020402246	0.5105530640776199	0.6490109777365892	0.47601956629088277	0.6028101816075453	0.5391899466052871	0.5875973916358195	0.46057092927138404	0.5395813810640585	0.5470649250808716	0.5485145899943654	0.6047685617909154
cg11622366	0.5829696405375451	0.46894094836306766	0.5162946973759982	0.4790525579895147	0.5502788263404614	0.5683678152133426	0.5391752623032133	0.5785262727746567	0.45354244751142825	0.5487654838604955	0.5010829241648855	0.41592684397375934
cg35551645	0.3355934018565006	0.27654531914216396	0.2788855310401789	0.22976830628971012	0.23330643229205822	0.2973218801499017	0.2661254873407128	0.2429898083491976	0.2954368244710028	0.28280110881556	0.29676064879244435	0.22883984355891746
cg35844605	0.5226391580243066	0.5997869191534742	0.5902168489039644	0.49857502182665747	0.6000788921054545	0.48970860871425775	0.17829951610827083	0.2664966840808204	0.1689912681419149	0.2712375385889287	0.17933622670495658	0.15916259179241066
cg81647887	0.8077723111935665	0.7312134580451087	0.7242455477239789	0.7882384012442547	0.7964810758942651	0.6638040547671661	0.7612000333152129	0.7398997875875858	0.6772965141576544	0.733543949470349	0.761684608097121	0.6962110999520583
cg15340184	0.15480957731770345	0.2435314735657547	0.29367259318146777	0.16517441890652312	0.19257787310302246	0.21148250142766128	0.13083003902338614	0.24328761071954888	0.21475630743045812	0.22054296057466896	0.21374918134131188	0.18648315984369687
cg59198071	0.7579528840139612	0.7442278961560796	0.6318932874136587	0.6566939736136721	0.5865833196576477	0.6504390067038575	0.7360970001512321	0.7021332553910384	0.7073867311983485	0.6453849686338832	0.7426207480105937	0.707050093257295
cg57741048	0.7233322498235185	0.6593361728853419	0.6787985815869458	0.7301840460746556	0.7951120024349195	0.7578527371868181	0.7302706092455779	0.7797184611246459	0.7861462489920378	0.7032691203045928	0.7909897107686976	0.6793722024124423
cg61531192	0.8663528491839053	0.7718500287354959	0.8223654658621611	0.868002925688737	0.8740417832143647	0.7652988454690497	0.9243455371515542	0.8303958861231459	0.844568922056372	0.8390613168949422	0.7487244005993334	0.8467573836907412
cg56561223	0.49744719073019816	0.4494270093125145	0.4294285530792888	0.44970221927184106	0.4932049271536867	0.449593207941283	0.4186670161031597	0.5337239934549836	0.41899941023921805	0.4341904638681387	0.48068364725022883	0.5308199949945398
cg65459044	0.5987987383088733	0.5854463953169977	0.6843193200726284	0.5960603171580495	0.5293354405559451	0.5403748890907311	0.6676582626446778	0.6494984383271618	0.5852005083381405	0.5910758336861164	0.6843897562766031	0.6667818740273427
cg61332881	0.2515402363659498	0.25284754377927904	0.1564403642982652	0.2810775050422274	0.1636821353752738	0.21794674270623696	0.20633539531837253	0.2724030701779878	0.11538337641019616	0.22574373684811738	0.1867996390696205	0.3331140773533055
cg87247108	0.22778891473007773	0.18705036459092256	0.24603490004201256	0.30533311260005797	0.3337805326474625	0.2599580065977186	0.3371049095002133	0.3692649971917032	0.22878921366283045	0.29508444359249986	0.2715687887878449	0.3373370777086862
cg03000524	0.46126657929697434	0.5033454307505932	0.47798107254005967	0.48824620235384963	0.5071037105913496	0.4955035233552578	0.4213982365832388	0.4315200929560587	0.5316354503369232	0.5046447791498454	0.47623351257264335	0.46493174964328754
cg48556785	0.6738973432356532	0.6591672629956676	0.6487319505497562	0.6670141299366108	0.646442261641033	0.6874016797946194	0.6611983526703523	0.6886836789592118	0.6969787382034006	0.6593741415804646	0.6775381404281738	0.7068038844362773
cg09919394	0.63228675520828	0.4207944600618898	0.4778732135816901	0.378056205315447	0.4169680484452973	0.41862145565615605	0.4100861123599317	0.43285833628110815	0.46715561330288446	0.4795499622072776	0.45955726306598715	0.4623323712044025
cg17321591	0.5608703088162681	0.4588085017349118	0.543737519810033	0.5370762372139557	0.547500030117705	0.48357517622269003	0.48970604560869135	0.4520866422714448	0.5432225764931247	0.5370508186392255	0.5174717087849076	0.6174125292528336
cg77955338	0.34795184354490405	0.3461567434600031	0.4543446473190041	0.31329216894809997	0.3189962945471757	0.4419159299204428	0.3411761991653923	0.37038711777289807	0.37518506909571436	0.3171601216340765	0.3714167945003142	0.3357937034515393
cg29020613	0.8529286341157137	0.879157911938513	0.8809748878530654	0.9549849939297317	0.8905273841605832	0.9227058266321111	0.9324988572820211	0.8955534760857794	0.9303627263225982	0.8248222139142716	0.9584348602603517	0.8040342122038376
cg06184346	0.999	0.999	0.999	0.999	0.9692317056549117	0.999	0.6851769716795374	0.7488188093241601	0.5771122064771047	0.6435257394310304	0.6823136574929481	0.6053247822497123
cg48964503	0.05060604034431394	0.13171467161747377	0.17716309127246216	0.0832338401210273	0.14879022717726031	0.1649189744136501	0.21730765050367767	0.11076485935056093	0.09328472497512705	0.09461831304604446	0.22953708538542944	0.14387863517139887
cg67767545	0.8341474027984389	0.9131314147957815	0.8594165524487748	0.9409681342707645	0.8559477612856456	0.9478301547510688	0.920385177059868	0.8792346721474773	0.9354855585701223	0.7838930750943092	0.8984058723193071	0.9024391087615032
cg33814161	0.4710847249399816	0.43378387008793134	0.43925090619186635	0.3965948368957374	0.5027411741364985	0.504386932264589	0.327073439804508	0.4674610117368326	0.5139757414359372	0.5374403076793447	0.40337984435907276	0.4448645114510827
cg46301966	0.37514194291254543	0.510035497626375	0.4131345769691175	0.49392014057500444	0.4736838383302916	0.47031980989007177	0.42076404816522256	0.3401660628777265	0.4500715189450234	0.3438745002913338	0.399170253249902	0.4854203138558865
cg22749072	0.7627748099919247	0.5726210636386958	0.6540934496198854	0.6964716192477637	0.6474859251499763	0.7247292277490436	0.5914986026066552	0.713908233950211	0.6728766341693535	0.7046581804628598	0.6816586410801497	0.6318610301365469
cg38398233	0.9067755428214228	0.80347639518563	0.7963085807001319	0.8099961975689748	0.9455990243409018	0.8101216450788389	0.8379728004138899	0.8032907912425892	0.83561355198697	0.881178716442626	0.8444454269742457	0.8198017445127427
cg22089932	0.8920853090178529	0.9474365439675735	0.8934946966132014	0.866468807483389	0.8670832676067799	0.8912076375118372	0.9567432401824582	0.9950757904160237	0.8963922603769415	0.9099059814141006	0.9545267059096256	0.9698751189634813
cg49092726	0.7111625969143139	0.6657776326076305	0.6623343032685767	0.7248984060867061	0.7637136379446441	0.7346737852927235	0.6775667571595888	0.8267450611251086	0.6959295893959879	0.8708600002450423	0.7595914297432701	0.7432759744339966
cg13790611	0.446103605630066	0.551349444333485	0.5316441101756685	0.511904680655752	0.5684489465183233	0.5178740101891703	0.4585891430463037	0.5141126152701487	0.4198083777727363	0.5144605986369186	0.6009546424967244	0.5186596673083244
cg28100720	0.011756505832487926	0.023471321540645212	0.0030857207623851968	0.047917927181325114	0.1480687091327378	0.08391246314915195	0.09429894265758494	0.003003573639310267	0.09195438574886242	0.04444669559039508	0.12548828428516207	0.15158672362530268
cg39493606	0.6036744857131552	0.5884479070906756	0.684749361065087	0.6099964076392083	0.47394236538984336	0.597875746201097	0.5722471420324066	0.593095528704771	0.5617677119350929	0.6716607858041723	0.6587118280428814	0.6360620208502985
cg40113499	0.7491842967587282	0.6744821033065789	0.8029661280295437	0.6498976263589651	0.7700599716046432	0.7202329080788258	0.4518727177257658	0.3792463877476799	0.3599399249817273	0.3286418672307086	0.3325986126339013	0.3315007882276021
cg44010946	0.5352596735865108	0.4978851675561908	0.5730144846736503	0.5181172163356267	0.5806926968520127	0.49731495941690174	0.5388224866824287	0.5568835193887831	0.6048416645289981	0.4462361945449434	0.4991453358071423	0.5291883752699488
cg54650630	0.38892846429871036	0.3866382628122697	0.36535058347879845	0.37647284172142537	0.44956917040866096	0.2956331689803725	0.4072429772545298	0.36270696506912575	0.4074060674292098	0.3259342587920742	0.4127830103056196	0.2955309956618612
cg32681226	0.2184341945636262	0.24360655580267587	0.21752962603567308	0.15534083597784734	0.13799969780679616	0.2892419467266114	0.33881035612019283	0.18779491886633104	0.21447187121695407	0.21524224707365866	0.2540694890362606	0.24787199403581545
cg01896773	0.718256180428557	0.6834261636320902	0.7613900677302039	0.7162359485679819	0.6687712212313204	0.7305077474817052	0.3303650876268292	0.3451964919469937	0.38142556081592377	0.35367573619257536	0.38453491449730276	0.3709528914185659
cg33945130	0.4064747826679405	0.5902698003999454	0.4895057521427794	0.41900612596106224	0.4776898453422262	0.43749338351983535	0.4853825358347693	0.4351319522636027	0.4086243596283672	0.4985662829568201	0.4957944279828997	0.3987948439292854
cg74149405	0.797151975467017	0.7994689012152751	0.8247671418424964	0.6747146101413533	0.7768149654863029	0.8225773296211599	0.752460481195272	0.8899024799584422	0.8512427354951858	0.7209346950043719	0.7686434585886927	0.873880470811739
cg63694845	0.7376008387873605	0.6174726701863753	0.6279225565314266	0.6342935888057282	0.732832268820994	0.684371394005369	0.6816782908910438	0.6296971786113073	0.6792505318355265	0.6825620345754295	0.7519014084311197	0.7619008724862095
cg74162438	0.49227261493723273	0.4745936563010566	0.4791207183139512	0.4154780162285501	0.39435677829999777	0.43055372328430647	0.13262885174641548	0.044765475595225916	0.0689173484013995	0.19013613721326256	0.13604825614394442	0.10181067922022453
cg05779064	0.29163633280854895	0.3582179188496294	0.27510952968096347	0.36019329459859173	0.3784735211697145	0.22416156293118308	0.38823268621066787	0.3147785027480549	0.3456669466027488	0.27989656072356517	0.24009665423818377	0.36144972065650277
cg85484258	0.6716735086360995	0.7518872681201193	0.6938027573006742	0.6653249433872087	0.7187480846264841	0.6292977156742477	0.6918051238101117	0.6271373526287651	0.7629128388564808	0.6829466311989708	0.6605831218094649	0.762796578995988
cg16143400	0.31074731240721076	0.3332854272591919	0.15543427897175963	0.31494129058794673	0.17135356380502653	0.21266408834866143	0.21137445556325993	0.22106632615157762	0.22127106059288335	0.27803357719085353	0.24579145175055442	0.23538843660544329
cg27951189	0.8510094148998296	0.7166581905762599	0.7286744511181267	0.832938873427709	0.7141195864737667	0.8428838400011757	0.7283387308358303	0.7566839916061822	0.7150927505649913	0.8235431561969864	0.7983651679710194	0.8136022559282594
cg64835320	0.28764271661453833	0.41800019154770424	0.38764639630179676	0.41732893709728947	0.3416035501001713	0.32090564434473046	0.2984223052940588	0.3399617587807852	0.4697527925519045	0.33006847476566026	0.3621681139047455	0.3833809605121323
cg64777267	0.5384924148387376	0.6191704622040746	0.5373942174191307	0.6258477026727993	0.5670209198154907	0.543606517518734	0.5711515542900837	0.5492982155934468	0.5632225804259811	0.5123113108304406	0.4947984335283806	0.4883821440972176
cg64887391	0.8090033440465372	0.7995673976599517	0.77491264203075	0.8153046969275117	0.8491512656268408	0.7428470493292134	0.8702216084225844	0.8631831450384553	0.8736460812673228	0.747307808939227	0.8418941284688526	0.7559957199777287
cg24437069	0.4506219006698054	0.40403125406836343	0.4286622170908283	0.3628550627967516	0.38265488002892234	0.36592415076990986	0.2765215227161141	0.41399922562212876	0.35863206066641284	0.4462249221521662	0.3821784567893551	0.36441711494423845
cg22749627	0.6553865367840828	0.5495914744592151	0.6936611646191031	0.730153632472094	0.7451458359740848	0.715534984442411	0.5941956154376161	0.6311493762555744	0.718687869564746	0.7442430120400995	0.7607055149211376	0.7512184083016283
cg25058089	0.6825546495440958	0.6239142312189512	0.7120204923652027	0.6987737454853657	0.5739581465049147	0.5478395314419803	0.7254510476555229	0.6305853388584641	0.6211713143100915	0.5417584402018705	0.6685661864913948	0.6573323015911344
cg30804733	0.999	0.999	0.9343466616466001	0.999	0.9047774608828687	0.9143232030830855	0.6298711114227874	0.7454329573452118	0.7387505324791395	0.5975981396941926	0.7581093663260147	0.7546724012277648
cg53165131	0.6674130227321364	0.4611330646433244	0.5762973753050864	0.5369050191218991	0.5336275611190735	0.5822310593534658	0.21995745109947545	0.16711616900804122	0.1870526794729718	0.1366186251191419	0.24310934599536238	0.17774531524162135
cg14800900	0.40201070592220667	0.35592647457067406	0.4054623203009494	0.3039695943462817	0.4056311525611085	0.3831644352970754	0.3229085043102945	0.38689520188183163	0.3498241624902723	0.30552093976743616	0.4277393355644055	0.32120619386329263
cg12132562	0.15854378189284354	0.18198013117828232	0.08816528408400118	0.19938497239881864	0.1495252119704044	0.13610012819647424	0.20960712428396583	0.16609910246409204	0.24454662835639024	0.18722295079404233	0.14302769282960429	0.26698948380154147
cg76936690	0.809515647060482	0.8573857001741442	0.7614245857142455	0.844434487867607	0.7781295080817039	0.8756786437016204	0.8706700788871814	0.8556924698990495	0.8456355924949542	0.8386327274366644	0.880945693154796	0.9598136072763248
cg16842855	0.5429824435073891	0.5738436097583384	0.5334592382952743	0.42662426949833293	0.513382459926827	0.5394308373302672	0.5037381145546282	0.4830815553747791	0.3920962505050105	0.5905297745002872	0.5033730352293382	0.5107600491452298
cg44718241	0.9585291959710993	0.8385679086676378	0.8710100863656263	0.9301077264548346	0.999	0.8207727391495151	0.9709488988220475	0.9194662141369205	0.9152852088374663	0.9658820266000139	0.8652790176771719	0.9172107218612171
cg11670283	0.5602532236215123	0.6190131988950358	0.582613944307188	0.6509755480053321	0.6117046082515012	0.6072047988125311	0.6224683449133421	0.5728439879092294	0.571699814317683	0.621953086546375	0.5980900952578873	0.6741279583846026
cg77990644	0.6108452556815545	0.6451989167353078	0.6294309776707213	0.5953274656242966	0.5659148728989576	0.6562416829486549	0.6334511492428446	0.6206420722663171	0.5421304924107527	0.660980761640947	0.5863011314607671	0.5489631330391065
cg47424300	0.5239044967407479	0.5276933484057165	0.5742558342779388	0.6304921477941382	0.5511038504844166	0.5586856899386634	0.6875211041321095	0.5458063276183809	0.5646975857376365	0.5470014019326013	0.6177827784443888	0.5834049045179349
cg74318803	0.3585059622946428	0.39672888099659803	0.41986885288930176	0.4343947245888694	0.4970142840750865	0.381756356281739	0.4566609534608276	0.48755210212556827	0.3752700562612933	0.32669257269077806	0.43393845449676693	0.32972241961378224
cg50279923	0.7070508700536209	0.8685393924573053	0.7284712453334563	0.6999937081303726	0.772283884830986	0.8206154366012668	0.744600508032273	0.7732637299810502	0.776137863979782	0.7748624867402116	0.7195784566213985	0.7976227328951574
cg20308464	0.5360061138527044	0.6706459935027099	0.6170005437329908	0.5884598286298365	0.6354293426491103	0.5901374815478008	0.5679010774562714	0.5933452367141994	0.5657254929487203	0.6513617802548318	0.6420647940918631	0.6168163168531373
cg12308687	0.43870383501354326	0.5024121524557114	0.5267134369168195	0.4978208953281974	0.5364375712092849	0.41436804685770307	0.4667143148082957	0.5158263793049855	0.38341444590439944	0.39215643494544483	0.47322352737557044	0.45616199808309715
cg76057222	0.5028615477971244	0.4236135490931098	0.5678818143812664	0.5980037680519711	0.6081764888200113	0.5187364084977953	0.5460918003605114	0.5499621986862996	0.5279608273838858	0.5986208740601658	0.5025904977669132	0.5230711401772127
cg73369593	0.3129480085602622	0.2821827576272643	0.1767970349806129	0.35672674577701385	0.24260180842524423	0.22119145064255707	0.2954955360228848	0.2932268204611598	0.33243447562752926	0.33120962461031767	0.3313944631141785	0.21567221473226927
cg48813185	0.5635421268041092	0.5451135322372648	0.5555863576221979	0.4296860834017351	0.5735940212434582	0.5521548745176652	0.49886966866537186	0.5231000859795184	0.45830754283688113	0.49926679134526153	0.4888386616662735	0.48608587493013816
cg66436530	0.5139738724012709	0.5127942543521449	0.5284711113488236	0.5234372167422885	0.5704098277823526	0.4408030367031156	0.56405376668851	0.4910483223977854	0.5590262943766087	0.5357058435442807	0.4697101645374641	0.5875466696519662
cg66274915	0.09483604778494543	0.14999932455208478	0.10552053198986439	0.1870628036821844	0.1777332607111761	0.20199966322567287	0.1584393551892791	0.10603364814645436	0.17615899495307089	0.13826894771656967	0.1921605499142817	0.13638876328402028
cg68087231	0.3635202086055596	0.47956197133186934	0.39209895970163205	0.38426666372606544	0.3758715167474428	0.24190138566284744	0.346744411673385	0.2895555531403617	0.3033302236112784	0.32841127246742774	0.37143489245415096	0.3861377428548183
cg60287747	0.7693502682380826	0.8624926427264185	0.7837435244004471	0.9549537884870107	0.8451524116123944	0.8741586765905919	0.8768829254875499	0.9312072405010537	0.8886914565067766	0.9131057545495084	0.8414019626699164	0.8315812467684245
cg19708383	0.6690832765181625	0.7198111820786397	0.8589516396733073	0.7206578157975595	0.7645760829447995	0.6937210974586528	0.8023359621952582	0.7361365181747893	0.7312911736096925	0.7264077232165743	0.8222180649773565	0.7644813638778443
cg09650995	0.7216296025224109	0.6994959627695854	0.653183349783917	0.6674490858562732	0.6611172815409512	0.6702549244762877	0.630956804651137	0.6665603887559202	0.6676488774903572	0.7390493078211128	0.7385643424887407	0.6653219999937969
cg11761545	0.6814749129573134	0.6349922619631725	0.726478347645345	0.5972577013227882	0.6886915027605542	0.7005306179930867	0.733091938734736	0.6277613587152157	0.6002587803905141	0.693864485743663	0.6260561371658522	0.638333278816242
cg53098849	0.7597037569974728	0.6975318833531774	0.708130288966838	0.7518764040767436	0.6803649466649055	0.7677745833494781	0.7337248857043318	0.748761110282458	0.7362063887424939	0.7579885942914838	0.8139563531250235	0.7501934939719291
cg51894910	0.5314676252624626	0.5401873363502094	0.47562641822498186	0.47768383928954616	0.5642088977731213	0.6084123200902756	0.5704201599722685	0.6460229005046696	0.6126275857875827	0.44341884942254417	0.542825574251337	0.4457888598251889
cg47136298	0.13651787053001535	0.24079184841969	0.20413855416652785	0.2590052760245128	0.14738864592696244	0.1963304149141991	0.23606883035755288	0.15472742794956812	0.16852609373278463	0.10644243028646896	0.2145538428586418	0.23785412097694428
cg57858509	0.09163434809386746	0.13132358199501296	0.13328115017259218	0.16415637976143457	0.11334837881848786	0.12349402505199596	0.1769584002364541	0.1475429982516866	0.17893226602554987	0.1534902446221416	0.0015665342752746864	0.15299411373734992
cg18054458	0.999	0.999	0.999	0.999	0.999	0.999	0.7650575614970394	0.7308967517747678	0.6189773676876299	0.6939065537978111	0.7577709788412339	0.7250111488606226
cg83047888	0.6013885686712265	0.6354813549012159	0.692246148832991	0.5334088316581003	0.6364054434156184	0.6715713818800142	0.6574814944225961	0.6265975341993667	0.5982744461176481	0.6059366525551915	0.612462626576764	0.6459018824006463
cg85583957	0.1650443970420218	0.22626256277099208	0.1551756078059294	0.16757217541261116	0.20918531923282832	0.18127498956905577	0.19701237585604647	0.2284146121790565	0.15239661966316276	0.16260842234532172	0.22580475087581808	0.1920175853085539
cg29445025	0.9092855797435611	0.9581653264608858	0.999	0.999	0.9723581667643039	0.999	0.9029634228568632	0.9164673943560598	0.999	0.9122792305612951	0.8974668428129854	0.999
cg31224071	0.44134394956959005	0.5594642889842286	0.5359952643465672	0.4305291627187149	0.4910440061461763	0.5169697558769131	0.5163029751897407	0.5446497095419685	0.4727529960785612	0.48634082586897165	0.5610381022282891	0.5049196270899157
cg53560134	0.2403319458026755	0.23909214916069393	0.1839996621058202	0.18687373143272096	0.09672270002283956	0.25608616939804074	0.18822913630586557	0.21153407981095446	0.23902209058951412	0.162425192507802	0.2742518931684047	0.15955985521210655
cg30605942	0.515194455946626	0.44507478997843464	0.44528429779037926	0.48793411430346945	0.5498773393013693	0.5171683687812861	0.48256600606601957	0.44354317916881514	0.3929233302162632	0.46019520893537585	0.590241935299519	0.5020362851504142
cg61032508	0.28459461675628184	0.3611440451720602	0.294834080635418	0.3875742364793417	0.31399120270510233	0.37771842713316073	0.4689316430501235	0.426762202207332	0.3509007417583292	0.3683527084754945	0.1990969040941203	0.39118170724150747
cg68636928	0.18183403231722964	0.3375017117077197	0.27291222611394833	0.2507407273467034	0.22607566663416898	0.2005057038163484	0.14906081571317814	0.28187692538512704	0.26650095641639127	0.17714086902237858	0.2690117286984148	0.2562477718505123
cg71442230	0.3067310424918569	0.4152049276127784	0.3742573672165502	0.3492218703797618	0.2958289318503565	0.31508015223835334	0.34366270899658696	0.3967069433095566	0.3354169400281327	0.3931997599134554	0.3558058832897308	0.3387332385918945
cg57710485	0.7157562937473563	0.6876605117349067	0.6464721561972623	0.6671983049816913	0.7404344781134247	0.6245966862019312	0.7547498585080692	0.6159920398769891	0.5551622159094931	0.5764245844168687	0.5411025051892778	0.7004455232076042
cg86521128	0.5114223312654985	0.6172126774522335	0.502946604590576	0.5710623367532971	0.527116709778727	0.5562320714286868	0.6240672302008905	0.5584348621665157	0.5811791119678033	0.6985956892119959	0.5372565907601708	0.5486193615180928
cg34342196	0.3789340470357879	0.3559446812466555	0.44857845353482473	0.38146917593483765	0.4148540126363268	0.3795175446369552	0.10532816765739675	0.01288031042240742	0.08001876424825571	0.001	0.03690886919496816	0.017603980760997017
cg36477913	0.7721076421257006	0.8096438942462707	0.8019740627989492	0.9164687170088492	0.940963122389786	0.9225098747409289	0.4724382895059411	0.5641078003896257	0.597793986047656	0.5605450154787871	0.6045724719010656	0.44157901907380154
cg56665684	0.12406780454369676	0.21714716662973874	0.19462243101855575	0.17902970136248328	0.27170632814505213	0.12517918628576608	0.14517044765019943	0.2587704003366507	0.20930477309742912	0.2346881405086477	0.1494128873305933	0.18072838161234517
cg54967325	0.16780228862007432	0.16123761281343024	0.10605807870689496	0.1984149372892848	0.208321227730433	0.3092791243919518	0.18363752338146988	0.051383402440907375	0.06494517359064492	0.14757727435820248	0.16079382309279106	0.1963753196334044
cg13901385	0.7374480402556738	0.7203038913740543	0.604458968122758	0.6091764197782282	0.7255745405050855	0.6871804718085829	0.6836086541779313	0.6956329729864345	0.6842393546996858	0.7312951565073684	0.6933790858411153	0.675996148145874
cg78865294	0.7806216539296102	0.8396850766702845	0.8443362045397476	0.8986622810743379	0.7810647431939768	0.9024966378434007	0.930299324873251	0.8344714350468914	0.8859283295641089	0.8342823017204007	0.8608397750906959	0.7975116772409588
cg40951516	0.22654831400593212	0.2839207860522655	0.2553853134899815	0.2576620110419114	0.33216106265327977	0.31827379316539867	0.28289431665680176	0.3187548244010675	0.22693189723305518	0.17691321374647612	0.24945370306260978	0.3108373087734789
cg40798754	0.6760473369111604	0.6125683300307507	0.707088754840922	0.6923858598176417	0.6976494434858448	0.5108977850709127	0.6518938443286444	0.6361337581283727	0.6663789522925442	0.6546056567863388	0.6844996770116482	0.6462190682898903
cg42881229	0.14690746673274213	0.192393114539094	0.2790323768369848	0.1712989792434104	0.21068540058425358	0.15429393306268635	0.1946733596170358	0.10364567086601738	0.1449360057857484	0.2257768120928804	0.21900442744088347	0.17566368635389032
cg59334440	0.7484850836294665	0.819551935033404	0.7657564096742069	0.8185510630242842	0.8181166714361121	0.8502370051089996	0.7682502900296841	0.7679497160047755	0.7825312345831691	0.7487068116987604	0.7117509131728756	0.8006591844312151
cg78006748	0.7470571002627535	0.7203030804435635	0.7714814867994624	0.7954544017598787	0.7271878858473483	0.6006781002061974	0.733140209663559	0.6702115751310586	0.7609982455559267	0.6357446232457584	0.7809804735490624	0.7568913279187517
cg08357045	0.605582964709469	0.6386714021963995	0.6471903277145136	0.56901964316996	0.5724014425505299	0.6350757270620856	0.5682242639251264	0.558175421805546	0.5626990543063943	0.5661816571763393	0.5624986044466588	0.596035059544668
cg16875220	0.7125336247780761	0.5703756321148179	0.6300927686688153	0.661299331731105	0.713098193371481	0.6118093852120342	0.6610778700997958	0.6610786201286749	0.8016151966140734	0.6743168218098756	0.647092817267141	0.6191203590510505
cg39128637	0.632988841523087	0.5560166733465597	0.5494005854519266	0.5853516660807765	0.6591278377308881	0.5706726806543572	0.5752035512392025	0.5707307696536839	0.6029208970724937	0.6095448971797887	0.6533558262243957	0.6789542836132858
cg61404733	0.6674834386407057	0.7708331051069862	0.7759660310208346	0.7073145695987262	0.6470067604504219	0.7084729154024858	0.36547075793420164	0.36288145895268287	0.3657229620893902	0.40369159983120767	0.35545031481905914	0.35144993393195273
cg78666358	0.4123086543019825	0.508565578138269	0.3995134214091037	0.3388938653433486	0.46638982485598607	0.3258471420745892	0.3537434395347425	0.34286615724244063	0.3835618264906001	0.44771979446461535	0.45115537222297114	0.383569027494473
cg04997798	0.19427865135956357	0.21201934076657897	0.19541768776420054	0.1894422946723503	0.212084727040955	0.20792546186186125	0.1290115456493155	0.31818476693751085	0.20260933482038634	0.22414934501581774	0.24086244270599488	0.20849574483010225
cg07307375	0.8649503489085989	0.9300648378417008	0.9179517872239547	0.9213280613430983	0.9798255485616626	0.9015737830119998	0.9623221419122243	0.999	0.9218842574274401	0.8322081636727228	0.9671557070130873	0.9925178656946655
cg01284399	0.47976250504011053	0.46742803534985866	0.5214007100265015	0.4903889564713745	0.54490942556796	0.49200467654613905	0.5462883179785519	0.56751993489073	0.458085355971549	0.6430912496133322	0.5060433678729418	0.463094756927551
cg52651839	0.6735968333336164	0.6451680997008296	0.5941338964170474	0.6157770393183898	0.6828471267380186	0.6607062735490481	0.582962585302999	0.5608511567069596	0.5506328636907853	0.6283549234271112	0.5815974405158402	0.6898985133109562
cg71354239	0.20100332277520833	0.32178827760069617	0.31732050944833967	0.20506005838642838	0.3344521072077608	0.45688097940675476	0.2757029952429612	0.1725078971975919	0.29719112589326796	0.32565201871535876	0.31901127080711117	0.2765064048392428
cg72759561	0.7643548024724145	0.6425001093760525	0.776285751505747	0.7840526324175692	0.7613218732528606	0.7323764343270656	0.668348719019097	0.6724396520391743	0.7122216808975089	0.697827774126493	0.7565909362000115	0.8123152742579682
cg23961287	0.35314741425159574	0.3689318203837492	0.3196165151543192	0.36145964474335807	0.27279454420445026	0.3672835580628942	0.44718502830209444	0.3291043519295848	0.20974430420928922	0.3321345030559963	0.3610190598518082	0.3730722657425545
cg79277095	0.3469021370814473	0.3805697138679609	0.284557298816098	0.44749568865351097	0.3976468734711358	0.3521219263363785	0.28213003082343435	0.47012530803915087	0.24899635444803664	0.3579559743801024	0.348838916296647	0.3511352377625687
cg87583024	0.574201364924623	0.5713808201156314	0.5490549430001969	0.5045439910043259	0.5524184844321756	0.5117936300794605	0.639212254146112	0.6161300111465652	0.5339415570038981	0.6284463689975024	0.5943516400903038	0.6095384832759677
cg19320793	0.4732409708679855	0.3951062002387896	0.37466400985590015	0.39220805476344167	0.3960120058855408	0.4630208273684675	0.4145830008755662	0.4246180343855511	0.4480561653364214	0.5276253505829932	0.45244307903097886	0.5125669655756939
cg57574090	0.5841172688339449	0.5526718885130073	0.4909543903898903	0.5378907543877135	0.5614566003840815	0.6000971393890113	0.5508955613271099	0.5873472702614309	0.555933181265062	0.5559886316960533	0.4595900196324365	0.5089712335261226
cg21097467	0.22725112715181994	0.17458857294336513	0.3079193549749586	0.16544789909345262	0.1820647935335738	0.2575466414000232	0.24063917967349568	0.3120535428170209	0.18761312178145492	0.34955557540564075	0.2658515274475125	0.2608201418496066
cg79982830	0.37815695422583934	0.4661864416673121	0.504449115478022	0.40127761012714497	0.43702584568277947	0.4348789261202983	0.37701539049603444	0.3925508461691723	0.4213250298925676	0.3706002878878479	0.41927417882791135	0.3672589752607543
cg45408954	0.21501385265690612	0.23624433293416713	0.2453941212193961	0.19310410421502788	0.3145401778576966	0.21671990294036675	0.28058169102870584	0.2916946253176796	0.21411979297800962	0.2548598515454061	0.2704984045278479	0.2735713900563542
cg50733689	0.999	0.9019602925491723	0.9043361064577553	0.9419643092300111	0.9359050972114314	0.999	0.999	0.9770128874237533	0.9347989244830452	0.935920552506314	0.9180580355656442	0.8930709828753131
cg15115029	0.552492265871698	0.5744133922363891	0.54316480540689	0.5180337974541609	0.5537182564279745	0.4232813635768989	0.4970197135929505	0.47366308077908337	0.5000771699733572	0.5721876949833283	0.47216056716140997	0.49889787988686196
cg40056523	0.3636456970985562	0.46983184348681256	0.2975483640167941	0.41271778471304865	0.4354131184121019	0.43993823452463776	0.3710297447191124	0.35206010207843236	0.4613826832718738	0.41304779785687573	0.4311822945378549	0.31046849589739356
cg27120565	0.24517186239702846	0.23148445427805375	0.22663796771150008	0.35430103528231416	0.29722220714277536	0.2896287994948608	0.3719767448793064	0.2577187276118944	0.2918699567500568	0.31294711543886455	0.2442514424699581	0.2923836812899549
cg27900736	0.04968019160214792	0.1973892283105646	0.16017854020183514	0.11671260311366904	0.020886011639080618	0.09901645113321954	0.1617353892345671	0.13819206507871928	0.13163251862523156	0.17415591800814934	0.08642018182333314	0.001
cg27235454	0.5012266324319783	0.4524189399565368	0.536897711542208	0.43711115208146806	0.5338445995936574	0.445304442531415	0.5140619437134449	0.43333440170944937	0.46825167234092674	0.3960744989915796	0.552035212676378	0.45227066896872137
cg56567970	0.7779778232673868	0.7849851346485625	0.6978269289390635	0.8160269967486433	0.7769307317422228	0.7108960816251957	0.7588496190954016	0.6869445395236768	0.7551197031552608	0.8791460673924203	0.7916079904355378	0.7821418873625348
cg89391912	0.7397705148366596	0.6859010509651114	0.5412158907890436	0.5589056149243296	0.6645109950894201	0.6134811169924024	0.6458270934091497	0.654887498220833	0.568660735127205	0.6422047489844727	0.7204789139850618	0.6101353515812549
cg34473450	0.5316599619198992	0.5117646772810029	0.6650456281046894	0.6278485056683191	0.6267526734046945	0.628710180759647	0.6338103817817606	0.48638646454698237	0.5976298269501561	0.6082055407611742	0.6425641024502812	0.6042830388661155
cg30008900	0.47139409718251557	0.4719132004823525	0.41666875844511286	0.3584960746591891	0.47730933506615725	0.3596225647197443	0.1360563443139191	0.16501486721317637	0.05201905073442807	0.001	0.15992412733057446	0.02587860240775136
cg14831259	0.7027333489463705	0.6796306605700804	0.6505304618159379	0.6402259131820776	0.697574367987545	0.6279758551993893	0.6390249652400749	0.6603716151828527	0.6595861132898658	0.6666375363953486	0.7388253121654328	0.6607331531155943
cg19476154	0.5975538657484942	0.6340166306070206	0.6525166419830069	0.6979643583523331	0.6696473440848494	0.6612110334320048	0.6402722761363663	0.6722524781239785	0.6704524480036562	0.5166525361012075	0.7646784557879864	0.5513010018101043
cg86406006	0.49777991721827625	0.4534566746823716	0.4759287468691007	0.4780254792380838	0.576377511819087	0.5572898165383089	0.4725380495381787	0.6023631555030671	0.5285575554222964	0.5110464158347703	0.5112070392634926	0.5228860711275217
cg69882420	0.21302899064313136	0.2564740900903455	0.1414806065013885	0.2063084147144082	0.25013058100777386	0.21019848568772853	0.3096702587456249	0.1657185237353219	0.2778560319032988	0.230470224816014	0.23880835617286186	0.2785322482842939
cg19377619	0.7696915446146091	0.7136774118934106	0.8065919753583323	0.739620151561721	0.8196806889699251	0.7325856968924553	0.8637589722162836	0.7154554656605702	0.775577401917589	0.8615563786899777	0.8374845877562628	0.8057569450830935
cg65799357	0.5384665948864154	0.4415169362221868	0.45489473129189645	0.4727153328284151	0.5024686255922751	0.45191298631014654	0.4898219906645508	0.6045682198156216	0.5435679769797879	0.4725213200125441	0.4676081034696224	0.4883762408879268
cg26743868	0.16803565633270742	0.22377547178600257	0.1934499698911328	0.315576103633778	0.2733211852318823	0.3683983684670866	0.2776012278702037	0.231609954093442	0.2518476088671912	0.3002437101333934	0.22647254825845192	0.3046909205186409
cg66715949	0.32648791991875886	0.2012056810389274	0.19342242742501825	0.20251177307545673	0.2378002811443684	0.2853578645808216	0.3373440924933301	0.2560371798060031	0.31084987456770485	0.3214642344550211	0.2783579355043353	0.2848602717531574
cg75872073	0.7290500097442687	0.8283687902995297	0.759365815638856	0.6868178197047695	0.7894689079323005	0.7447266316658683	0.7392353595044072	0.7613440679012641	0.774880398875063	0.8545024100813362	0.7720409843549103	0.7956177422016681
cg21933445	0.2861517519932157	0.14628248179844267	0.1698715012614019	0.23950615039086942	0.2748004807498955	0.26130916432919193	0.17052415760880563	0.2667415058208378	0.24947780048570464	0.19940384017821303	0.14650451172360618	0.23166862355130124
cg41168176	0.13538363889283736	0.0788972090200187	0.14489056165843842	0.03598015514253976	0.11398527383584771	0.22969812563595776	0.17312695866518246	0.1843992693607931	0.11328724090798882	0.15489655955704806	0.13301583123000993	0.1184396752229698
cg78619121	0.8346760177110857	0.7589048757232812	0.7586199765678825	0.7547774721286722	0.81541738631606	0.8315333986132056	0.8045381738763453	0.7803385918017774	0.7127891923403828	0.6964146484404686	0.7630546683010068	0.7387146222544247
cg49322487	0.35921128970554	0.3328922029332152	0.38368036856169074	0.3867190995984863	0.3553507486983604	0.25954303659555966	0.32684690276195005	0.31557602296419585	0.26047515454936154	0.2754006860718099	0.3352092792976949	0.2074242968497003
cg17175392	0.5131206868085	0.5001749507248017	0.4385350932235314	0.45871165682112147	0.4073863189065009	0.45450020086339527	0.5381002856392627	0.45869359226017214	0.5584274624462173	0.4459875690983748	0.4732097007147311	0.4914830076819746
cg57440852	0.5937203279839575	0.6336629119581417	0.5574214503966529	0.5671157397631047	0.6116723110931042	0.5707286628409317	0.6090735837442554	0.6082490558937463	0.612139754445703	0.590979086480331	0.5871983511231177	0.5874827737199128
cg12740073	0.17775463381605278	0.2061473385278914	0.12050841729877454	0.1842631593102857	0.2879655781509903	0.2023226525461173	0.13680257380226843	0.2882430364992421	0.2434631208958977	0.15856936936974342	0.27868214184846396	0.3162098211433933
cg57891707	0.6633944953217923	0.6123033328722044	0.5740509876443198	0.5842575324296423	0.6090472532267194	0.5687864294052326	0.6533525051568341	0.6384361747300707	0.6231622902845384	0.6098602706528458	0.6598254483529936	0.5372364951136744
cg53188728	0.9511008864459934	0.9190186881067505	0.9503041742918727	0.886086229376725	0.830855622864896	0.89582451795353	0.5688348980460022	0.6603229169258709	0.5443403037561754	0.6025988172439628	0.5621086195858362	0.6075900319339032
cg04563848	0.7142947235760436	0.6519572489115086	0.7600666820104158	0.6155624025796965	0.622516232632613	0.5547354255502185	0.7094210638293031	0.566981619924389	0.7544442839752231	0.5869795909540563	0.6188669374833292	0.5658576509616374
cg71741125	0.5571321925922195	0.6942602171601032	0.5943236937137886	0.7187789217418462	0.6292345175098764	0.6744953310030168	0.663102137624869	0.6865804612083055	0.6033907092710749	0.6509648857603558	0.7153749395465142	0.6594396822636784
cg89594262	0.455384925976123	0.44123477114155296	0.4126420827738897	0.5127001961541814	0.5622538587713735	0.46741867814853894	0.4612876583113418	0.5568265659733787	0.46391632778948333	0.42099861984357206	0.5104754940627847	0.4250980003851967
cg49709032	0.7927562665562266	0.6383296337949758	0.7553137099212683	0.711256260315713	0.7408867593266371	0.6685910415560851	0.7676856325937399	0.8071285988654399	0.738722737130476	0.8115680064191274	0.8086979421619254	0.7581428408590308
cg81788846	0.7609325040150172	0.9326602257342914	0.846469593650512	0.7872492662634661	0.8269032474429181	0.7381153627912216	0.842316686877864	0.8425037985510716	0.7689581466575407	0.916169523313026	0.8231439538374433	0.8242932122880355
cg57649893	0.6330743911875395	0.6937882938189905	0.6097536053449697	0.6784052328305834	0.6168727968236473	0.6202764998886755	0.5803820018750945	0.6010840726636336	0.5826297677781704	0.6562739620991453	0.6576100842041847	0.6882199512597733
cg82201531	0.7548012956723668	0.6635411437706044	0.6515138163239129	0.5585119553168582	0.6643449693575054	0.6810541411614154	0.660925785445327	0.6139623248630789	0.6152171602276202	0.6440875306419712	0.7550147487414464	0.6575878521557263
cg12380949	0.09337755855264389	0.041096009820118594	0.001	0.001	0.001	0.04691224206654013	0.012262721540565695	0.016069901585510915	0.006884225114014958	0.10895688799672744	0.026858882743945336	0.047089295598807354
cg67458232	0.6265143537019058	0.6462149152022367	0.6547043333396203	0.6539944858104153	0.6295480376679259	0.6670257991696377	0.7470995114774763	0.6881725593481708	0.648013591100988	0.6964218897018906	0.7605429045700808	0.7333121885497242
cg67535187	0.6662189650803199	0.5463530011800368	0.6384468213072519	0.5392583487664756	0.5950266903547987	0.4289296449781632	0.7209906689039856	0.5836657451860753	0.6370675876521446	0.561711124809813	0.6431190010771265	0.621329505814112
cg49286831	0.3846697348965532	0.31035808866420395	0.4055139446915158	0.2755091731531421	0.288798774881759	0.30024275632104963	0.2756932792271129	0.25254905000828093	0.2680481452738672	0.2575041780773972	0.31047149077278163	0.32086240341572725
cg59629116	0.36831127493289123	0.31987499899426575	0.3198993630310334	0.34581813810003087	0.3975745769720786	0.29194307927980023	0.28730891378680995	0.2932670529152552	0.35123417662537787	0.30043784112523975	0.26635216373156123	0.39026626578733997
cg56258093	0.5765405554690163	0.5278080016531523	0.5434146065145959	0.4749655941342759	0.5034192209940389	0.5403015862885477	0.521554556682003	0.5855362155333887	0.6325009407109722	0.6711992836585823	0.5955109381510555	0.5539556140172363
cg15583615	0.2544004792608854	0.1712153096935332	0.26382698547015027	0.19646769390200103	0.24219009292621604	0.18096161181277204	0.2158349845479046	0.28676754339200206	0.28872088316420114	0.21332555247048327	0.21396565237755905	0.2637732739141085
cg03425132	0.5641132786611602	0.5936663679023723	0.6616140611203851	0.5747865137716546	0.5771768220642977	0.5856242447222773	0.5793825058891271	0.5377537712570231	0.5523345248833754	0.7570511622420003	0.5790316817864392	0.5942811970513604
cg05567859	0.35949367652258973	0.41578619867337147	0.4084467014994936	0.38844484214048963	0.32085517794440094	0.3516471140886818	0.39426776419424087	0.36834158432994113	0.23929086075633907	0.3865295598780206	0.30595483510129085	0.3556820389474382
cg33865669	0.18194576488300895	0.12205181203935278	0.10670254629943146	0.07649285484302105	0.23023086938493922	0.28087270158770095	0.205862507908717	0.0612267423285518	0.1890629912880118	0.13540346399857045	0.21073297773870808	0.004187253255105106
cg88582062	0.6050156758763511	0.600614418015617	0.6145128752536346	0.6505314116217267	0.4979954720956711	0.6328000584723119	0.5390844582148835	0.570689806924859	0.6243522976244952	0.6670388718818023	0.6096254972306387	0.6328895671085875
cg48139944	0.7429082314045282	0.5482567260698585	0.6972004392848373	0.6339008372404829	0.724959346201354	0.6401176392165612	0.5794883714509984	0.8329052150503425	0.6225103967882422	0.6389260648836418	0.6580999092763767	0.5971975653175728
cg26972361	0.11756325479431826	0.12542824636638408	0.09761800620206013	0.1202424712075923	0.06822883563662045	0.13140309873407488	0.04831573493562853	0.13906027287210299	0.19984289854817386	0.15495011261968034	0.16047643369386755	0.1710798249588938
cg74278970	0.12893330711701634	0.244605851187798	0.181514784024162	0.2300447785902853	0.2568858789182486	0.24274747023995416	0.3105920108131289	0.23304758823167634	0.23047682906949452	0.19711508193902963	0.2678738636858399	0.33687529263782084
cg73399910	0.5338255210681	0.490766086492457	0.5746777788238316	0.5160205739202884	0.6649179565919432	0.5595101901486366	0.6230539108528488	0.5219742095478759	0.5574680536306084	0.48799006819884416	0.5619075253902549	0.4896686192434852
cg01819392	0.5113286801373704	0.41244432781918156	0.5144203967506595	0.4476584743870356	0.3962356207120588	0.4766115147437108	0.4268337901080527	0.4370607960133656	0.44701383508491804	0.4608269436397564	0.5297078226477627	0.5410184949879925
cg11104307	0.4882896590204197	0.4912020571071822	0.5159809003440641	0.5243768314869528	0.4050233307809556	0.46772151853265453	0.39369697158824646	0.37559021308219287	0.4865651400618853	0.4817799988201903	0.46207057456871914	0.4663307818934463
cg59547367	0.6243001396232584	0.5818933331472552	0.6240860339333549	0.6294649432563997	0.688504444802031	0.6718382047377579	0.6335426703548912	0.6202203310565456	0.6008626971321988	0.5880557419938758	0.499335705697451	0.6443313661261724
cg27688640	0.4143147517530428	0.48138455614470294	0.42221853532509274	0.4485679395087749	0.4672192251089366	0.49664560529899976	0.5162669434315987	0.44283937467123435	0.43179131350315236	0.35603495867054785	0.4987998966694225	0.4004307495273894
cg24083744	0.5659849484747936	0.47155600200032005	0.4681434742463582	0.5386628006561553	0.4675314628167037	0.5060516929748878	0.5479721158974327	0.5681002895116058	0.5465592081347928	0.5167615186481321	0.518864013734648	0.49434756783680883
