method	collection	direction	term	N	DE	P.DE	FDR
missMethyl_gsameth	reactome	hypermethylated	reactome:Hemostasis [R-HSA-109582]	608	169	0.0187044082735737	0.615398124062642
missMethyl_gsameth	reactome	hypermethylated	reactome:Platelet degranulation [R-HSA-114608]	128	34	0.0599497440662633	1
missMethyl_gsameth	reactome	hypermethylated	reactome:Innate Immune System [R-HSA-168249]	1039	167	0.999937495562958	1
missMethyl_gsameth	reactome	hypermethylated	reactome:Immune System [R-HSA-168256]	2006	346	0.999997177351928	1
missMethyl_gsameth	reactome	hypermethylated	reactome:Neutrophil degranulation [R-HSA-6798695]	474	71	0.999592982988512	1
missMethyl_gsameth	reactome	hypermethylated	reactome:Platelet activation, signaling and aggregation [R-HSA-76002]	262	77	0.0304147937339261	0.817348116491532
missMethyl_gsameth	reactome	hypermethylated	reactome:Response to elevated platelet cytosolic Ca2+ [R-HSA-76005]	133	36	0.0555330921621097	0.989421538686022
missMethyl_gsameth	reactome	hypermethylated	reactome:Metabolism [R-HSA-1430728]	2157	338	1.00000000000287	1
missMethyl_gsameth	reactome	hypermethylated	reactome:Phase II - Conjugation of compounds [R-HSA-156580]	108	16	0.614497382316671	1
missMethyl_gsameth	reactome	hypermethylated	reactome:Acetylation [R-HSA-156582]	2	0	1	1
missMethyl_gsameth	reactome	hypermethylated	reactome:Biological oxidations [R-HSA-211859]	220	41	0.316124668704828	1
missMethyl_gsameth	reactome	hypermethylated	reactome:Drug ADME [R-HSA-9748784]	109	16	0.743873450262445	1
missMethyl_gsameth	reactome	hypermethylated	reactome:Paracetamol ADME [R-HSA-9753281]	29	6	0.481965034866779	1
missMethyl_gsameth	reactome	hypermethylated	reactome:Metabolism of nucleotides [R-HSA-15869]	97	16	0.884413315260205	1
missMethyl_gsameth	reactome	hypermethylated	reactome:Disease [R-HSA-1643685]	1792	339	0.999998958801398	1
missMethyl_gsameth	reactome	hypermethylated	reactome:Diseases of metabolism [R-HSA-5668914]	244	58	0.582079030527561	1
missMethyl_gsameth	reactome	hypermethylated	reactome:Purine salvage [R-HSA-74217]	13	2	0.798468732565126	1
missMethyl_gsameth	reactome	hypermethylated	reactome:Nucleotide salvage [R-HSA-8956321]	23	5	0.517122694350656	1
missMethyl_gsameth	reactome	hypermethylated	reactome:Nucleotide salvage defects [R-HSA-9734207]	3	0	1	1
missMethyl_gsameth	reactome	hypermethylated	reactome:Defective ADA disrupts (deoxy)adenosine deamination [R-HSA-9734735]	1	0	1.00000000003188	1
missMethyl_gsameth	reactome	hypermethylated	reactome:Diseases of nucleotide metabolism [R-HSA-9735804]	4	0	1	1
missMethyl_gsameth	reactome	hypermethylated	reactome:Ribavirin ADME [R-HSA-9755088]	12	1	0.942384629683569	1
missMethyl_gsameth	reactome	hypermethylated	reactome:Developmental Biology [R-HSA-1266738]	1378	370	0.00263092660998722	0.200496598465214
missMethyl_gsameth	reactome	hypermethylated	reactome:Cell-Cell communication [R-HSA-1500931]	153	56	0.00743650812346044	0.388594002922001
missMethyl_gsameth	reactome	hypermethylated	reactome:Regulation of Insulin-like Growth Factor (IGF) transport and uptake by Insulin-like Growth Factor Binding Proteins (IGFBPs) [R-HSA-381426]	124	36	0.0280530271857374	0.795333164361597
missMethyl_gsameth	reactome	hypermethylated	reactome:Metabolism of proteins [R-HSA-392499]	2030	345	0.999999960562617	1
missMethyl_gsameth	reactome	hypermethylated	reactome:Adherens junctions interactions [R-HSA-418990]	57	19	0.253615443270401	1
missMethyl_gsameth	reactome	hypermethylated	reactome:Cell-cell junction organization [R-HSA-421270]	88	30	0.0628563799914625	1
missMethyl_gsameth	reactome	hypermethylated	reactome:Cell junction organization [R-HSA-446728]	115	40	0.0424325522741279	0.926907801725827
missMethyl_gsameth	reactome	hypermethylated	reactome:Myogenesis [R-HSA-525793]	30	15	0.0109597616426405	0.463615313930743
missMethyl_gsameth	reactome	hypermethylated	reactome:Post-translational protein modification [R-HSA-597592]	1430	268	0.999911996747075	1
missMethyl_gsameth	reactome	hypermethylated	reactome:Post-translational protein phosphorylation [R-HSA-8957275]	107	30	0.0850511824689169	1
missMethyl_gsameth	reactome	hypermethylated	reactome:Apoptosis [R-HSA-109581]	179	28	0.99644083506562	1
missMethyl_gsameth	reactome	hypermethylated	reactome:Intrinsic Pathway for Apoptosis [R-HSA-109606]	55	9	0.961324024417025	1
missMethyl_gsameth	reactome	hypermethylated	reactome:Activation of BAD and translocation to mitochondria [R-HSA-111447]	15	3	0.807783403824736	1
missMethyl_gsameth	reactome	hypermethylated	reactome:Activation of BH3-only proteins [R-HSA-114452]	30	4	0.980590123561621	1
missMethyl_gsameth	reactome	hypermethylated	reactome:Signaling by ERBB2 [R-HSA-1227986]	50	15	0.40421456230829	1
missMethyl_gsameth	reactome	hypermethylated	reactome:PIP3 activates AKT signaling [R-HSA-1257604]	271	54	0.989903239668646	1
missMethyl_gsameth	reactome	hypermethylated	reactome:Cytokine Signaling in Immune system [R-HSA-1280215]	763	151	0.942086219518547	1
missMethyl_gsameth	reactome	hypermethylated	reactome:Adaptive Immune System [R-HSA-1280218]	754	124	0.999980096775922	1
missMethyl_gsameth	reactome	hypermethylated	reactome:Downregulation of ERBB2:ERBB3 signaling [R-HSA-1358803]	13	4	0.51099390872839	1
missMethyl_gsameth	reactome	hypermethylated	reactome:Signal Transduction [R-HSA-162582]	2578	706	0.000200253850278133	0.0280882374205907
missMethyl_gsameth	reactome	hypermethylated	reactome:Cell Cycle [R-HSA-1640170]	674	92	0.999999912315321	1
missMethyl_gsameth	reactome	hypermethylated	reactome:Regulation of beta-cell development [R-HSA-186712]	41	25	1.02056536740118e-05	0.00302200744902683
missMethyl_gsameth	reactome	hypermethylated	reactome:Signaling by VEGF [R-HSA-194138]	108	32	0.433418064255462	1
missMethyl_gsameth	reactome	hypermethylated	reactome:AKT phosphorylates targets in the cytosol [R-HSA-198323]	14	4	0.610151393811879	1
missMethyl_gsameth	reactome	hypermethylated	reactome:AKT phosphorylates targets in the nucleus [R-HSA-198693]	9	2	0.795804752996375	1
missMethyl_gsameth	reactome	hypermethylated	reactome:Negative regulation of the PI3K/AKT network [R-HSA-199418]	118	33	0.433041888525324	1
missMethyl_gsameth	reactome	hypermethylated	reactome:Membrane Trafficking [R-HSA-199991]	630	114	0.999587915395713	1
missMethyl_gsameth	reactome	hypermethylated	reactome:Regulation of gene expression in beta cells [R-HSA-210745]	21	12	0.00260194234192414	0.200496598465214
missMethyl_gsameth	reactome	hypermethylated	reactome:AKT-mediated inactivation of FOXO1A [R-HSA-211163]	4	2	0.436574130618062	1
missMethyl_gsameth	reactome	hypermethylated	reactome:Generic Transcription Pathway [R-HSA-212436]	1225	235	0.999406974648276	1
missMethyl_gsameth	reactome	hypermethylated	reactome:PI3K/AKT Signaling in Cancer [R-HSA-2219528]	109	32	0.429741835419352	1
missMethyl_gsameth	reactome	hypermethylated	reactome:Cellular responses to stress [R-HSA-2262752]	783	114	0.999999389397066	1
missMethyl_gsameth	reactome	hypermethylated	reactome:Transcriptional Regulation by TP53 [R-HSA-3700989]	355	54	0.999943395426915	1
missMethyl_gsameth	reactome	hypermethylated	reactome:Signaling by GPCR [R-HSA-372790]	699	226	3.85459984000353e-11	3.42416952453647e-08
missMethyl_gsameth	reactome	hypermethylated	reactome:GPCR downstream signalling [R-HSA-388396]	626	199	1.70780601806252e-09	1.13782575953416e-06
missMethyl_gsameth	reactome	hypermethylated	reactome:Costimulation by the CD28 family [R-HSA-388841]	66	21	0.278465255663053	1
missMethyl_gsameth	reactome	hypermethylated	reactome:CD28 co-stimulation [R-HSA-389356]	33	14	0.0737286083741671	1
missMethyl_gsameth	reactome	hypermethylated	reactome:CD28 dependent PI3K/Akt signaling [R-HSA-389357]	22	8	0.32259104789472	1
missMethyl_gsameth	reactome	hypermethylated	reactome:CTLA4 inhibitory signaling [R-HSA-389513]	21	6	0.513625285995208	1
missMethyl_gsameth	reactome	hypermethylated	reactome:G beta:gamma signalling through PI3Kgamma [R-HSA-392451]	25	7	0.433238748115448	1
missMethyl_gsameth	reactome	hypermethylated	reactome:G-protein beta:gamma signalling [R-HSA-397795]	32	9	0.396294384464606	1
missMethyl_gsameth	reactome	hypermethylated	reactome:VEGFA-VEGFR2 Pathway [R-HSA-4420097]	99	29	0.49317039444461	1
missMethyl_gsameth	reactome	hypermethylated	reactome:Mitotic G1 phase and G1/S transition [R-HSA-453279]	147	23	0.985530386243836	1
missMethyl_gsameth	reactome	hypermethylated	reactome:VEGFR2 mediated vascular permeability [R-HSA-5218920]	29	8	0.696631417715702	1
missMethyl_gsameth	reactome	hypermethylated	reactome:Programmed Cell Death [R-HSA-5357801]	211	33	0.997116569571275	1
missMethyl_gsameth	reactome	hypermethylated	reactome:TP53 Regulates Metabolic Genes [R-HSA-5628897]	81	11	0.973016646725293	1
missMethyl_gsameth	reactome	hypermethylated	reactome:Regulation of TP53 Activity [R-HSA-5633007]	160	30	0.976734633338167	1
missMethyl_gsameth	reactome	hypermethylated	reactome:Vesicle-mediated transport [R-HSA-5653656]	669	124	0.998947732801388	1
missMethyl_gsameth	reactome	hypermethylated	reactome:Diseases of signal transduction by growth factor receptors and second messengers [R-HSA-5663202]	463	110	0.915527275556374	1
missMethyl_gsameth	reactome	hypermethylated	reactome:Infectious disease [R-HSA-5663205]	998	146	0.999999999534243	1
missMethyl_gsameth	reactome	hypermethylated	reactome:Constitutive Signaling by AKT1 E17K in Cancer [R-HSA-5674400]	25	5	0.899340542426648	1
missMethyl_gsameth	reactome	hypermethylated	reactome:Regulation of TP53 Degradation [R-HSA-6804757]	36	9	0.688139438414593	1
missMethyl_gsameth	reactome	hypermethylated	reactome:Regulation of TP53 Activity through Acetylation [R-HSA-6804758]	30	7	0.740513367175794	1
missMethyl_gsameth	reactome	hypermethylated	reactome:Regulation of TP53 Activity through Association with Co-factors [R-HSA-6804759]	14	7	0.152635852682003	1
missMethyl_gsameth	reactome	hypermethylated	reactome:Regulation of TP53 Expression and Degradation [R-HSA-6806003]	37	10	0.598286870884865	1
missMethyl_gsameth	reactome	hypermethylated	reactome:PTEN Regulation [R-HSA-6807070]	138	20	0.998387304344886	1
missMethyl_gsameth	reactome	hypermethylated	reactome:Cyclin E associated events during G1/S transition [R-HSA-69202]	82	7	0.999600423102631	1
missMethyl_gsameth	reactome	hypermethylated	reactome:G1/S Transition [R-HSA-69206]	129	14	0.999508719750625	1
missMethyl_gsameth	reactome	hypermethylated	reactome:S Phase [R-HSA-69242]	161	15	0.999977671318325	1
missMethyl_gsameth	reactome	hypermethylated	reactome:Cell Cycle, Mitotic [R-HSA-69278]	543	71	0.99999962719254	1
missMethyl_gsameth	reactome	hypermethylated	reactome:Cyclin A:Cdk2-associated events at S phase entry [R-HSA-69656]	84	7	0.999761927289219	1
missMethyl_gsameth	reactome	hypermethylated	reactome:RNA Polymerase II Transcription [R-HSA-73857]	1348	244	0.999989129025631	1
missMethyl_gsameth	reactome	hypermethylated	reactome:Gene expression (Transcription) [R-HSA-74160]	1538	263	0.999999971222477	1
missMethyl_gsameth	reactome	hypermethylated	reactome:Downregulation of ERBB2 signaling [R-HSA-8863795]	29	7	0.69104039190665	1
missMethyl_gsameth	reactome	hypermethylated	reactome:RAB GEFs exchange GTP for GDP on RABs [R-HSA-8876198]	89	21	0.470894030344321	1
missMethyl_gsameth	reactome	hypermethylated	reactome:Transcriptional regulation by RUNX2 [R-HSA-8878166]	118	30	0.545405873159037	1
missMethyl_gsameth	reactome	hypermethylated	reactome:ESR-mediated signaling [R-HSA-8939211]	212	36	0.985949976312174	1
missMethyl_gsameth	reactome	hypermethylated	reactome:RUNX2 regulates genes involved in cell migration [R-HSA-8941332]	8	4	0.179605717849497	1
missMethyl_gsameth	reactome	hypermethylated	reactome:Regulation of PTEN stability and activity [R-HSA-8948751]	68	6	0.998687358585728	1
missMethyl_gsameth	reactome	hypermethylated	reactome:Cellular responses to stimuli [R-HSA-8953897]	797	117	0.999998756114992	1
missMethyl_gsameth	reactome	hypermethylated	reactome:Intracellular signaling by second messengers [R-HSA-9006925]	313	71	0.953247816821025	1
missMethyl_gsameth	reactome	hypermethylated	reactome:Signaling by Nuclear Receptors [R-HSA-9006931]	288	60	0.827345131110761	1
missMethyl_gsameth	reactome	hypermethylated	reactome:Signaling by Receptor Tyrosine Kinases [R-HSA-9006934]	534	162	0.054412951665365	0.989421538686022
missMethyl_gsameth	reactome	hypermethylated	reactome:Rab regulation of trafficking [R-HSA-9007101]	122	26	0.657484580660752	1
missMethyl_gsameth	reactome	hypermethylated	reactome:Extra-nuclear estrogen signaling [R-HSA-9009391]	77	16	0.909668479467595	1
missMethyl_gsameth	reactome	hypermethylated	reactome:FLT3 Signaling [R-HSA-9607240]	38	13	0.206006457877559	1
missMethyl_gsameth	reactome	hypermethylated	reactome:FOXO-mediated transcription [R-HSA-9614085]	65	14	0.801710067089733	1
missMethyl_gsameth	reactome	hypermethylated	reactome:Regulation of localization of FOXO transcription factors [R-HSA-9614399]	11	3	0.689332005160455	1
missMethyl_gsameth	reactome	hypermethylated	reactome:Estrogen-dependent nuclear events downstream of ESR-membrane signaling [R-HSA-9634638]	24	4	0.91426476326427	1
missMethyl_gsameth	reactome	hypermethylated	reactome:SARS-CoV Infections [R-HSA-9679506]	403	63	0.999869777701717	1
missMethyl_gsameth	reactome	hypermethylated	reactome:SARS-CoV-2 Infection [R-HSA-9694516]	289	36	0.99999389494681	1
missMethyl_gsameth	reactome	hypermethylated	reactome:SARS-CoV-2-host interactions [R-HSA-9705683]	194	22	0.999550084437056	1
missMethyl_gsameth	reactome	hypermethylated	reactome:Cellular response to chemical stress [R-HSA-9711123]	206	29	0.997810830548808	1
missMethyl_gsameth	reactome	hypermethylated	reactome:MITF-M-regulated melanocyte development [R-HSA-9730414]	129	34	0.501906263586014	1
missMethyl_gsameth	reactome	hypermethylated	reactome:KEAP1-NFE2L2 pathway [R-HSA-9755511]	124	15	0.999120198342984	1
missMethyl_gsameth	reactome	hypermethylated	reactome:SARS-CoV-2 targets host intracellular signalling and regulatory pathways [R-HSA-9755779]	12	3	0.714936885135997	1
missMethyl_gsameth	reactome	hypermethylated	reactome:Viral Infection Pathways [R-HSA-9824446]	806	101	1.00000000005101	1
missMethyl_gsameth	reactome	hypermethylated	reactome:Transcriptional and post-translational regulation of MITF-M expression and activity [R-HSA-9856649]	50	17	0.0821422962428767	1
missMethyl_gsameth	reactome	hypermethylated	reactome:PPARA activates gene expression [R-HSA-1989781]	117	23	0.898963929428515	1
missMethyl_gsameth	reactome	hypermethylated	reactome:Transcriptional regulation of white adipocyte differentiation [R-HSA-381340]	84	13	0.977251233716656	1
missMethyl_gsameth	reactome	hypermethylated	reactome:Regulation of lipid metabolism by PPARalpha [R-HSA-400206]	119	23	0.919573363217424	1
missMethyl_gsameth	reactome	hypermethylated	reactome:Metabolism of lipids [R-HSA-556833]	753	124	0.9999855747447	1
missMethyl_gsameth	reactome	hypermethylated	reactome:Respiratory Syncytial Virus Infection Pathway [R-HSA-9820952]	111	12	0.997520909669468	1
missMethyl_gsameth	reactome	hypermethylated	reactome:RSV-host interactions [R-HSA-9833110]	89	10	0.984896101316379	1
missMethyl_gsameth	reactome	hypermethylated	reactome:Adipogenesis [R-HSA-9843745]	109	20	0.959467652520405	1
missMethyl_gsameth	reactome	hypermethylated	reactome:Nuclear Receptor transcription pathway [R-HSA-383280]	52	19	0.179644718742953	1
missMethyl_gsameth	reactome	hypermethylated	reactome:Metabolism of amino acids and derivatives [R-HSA-71291]	363	40	0.999974617357023	1
missMethyl_gsameth	reactome	hypermethylated	reactome:Aspartate and asparagine metabolism [R-HSA-8963693]	11	4	0.245962947621824	1
missMethyl_gsameth	reactome	hypermethylated	reactome:DAP12 interactions [R-HSA-2172127]	40	8	0.683123161295311	1
missMethyl_gsameth	reactome	hypermethylated	reactome:Synthesis of bile acids and bile salts [R-HSA-192105]	33	4	0.926766773127126	1
missMethyl_gsameth	reactome	hypermethylated	reactome:Synthesis of bile acids and bile salts via 7alpha-hydroxycholesterol [R-HSA-193368]	23	3	0.746039232222431	1
missMethyl_gsameth	reactome	hypermethylated	reactome:Bile acid and bile salt metabolism [R-HSA-194068]	44	4	0.97772981979076	1
missMethyl_gsameth	reactome	hypermethylated	reactome:alpha-linolenic (omega3) and linoleic (omega6) acid metabolism [R-HSA-2046104]	13	1	0.967300910061877	1
missMethyl_gsameth	reactome	hypermethylated	reactome:alpha-linolenic acid (ALA) metabolism [R-HSA-2046106]	13	1	0.967300910061877	1
missMethyl_gsameth	reactome	hypermethylated	reactome:Beta-oxidation of pristanoyl-CoA [R-HSA-389887]	9	1	0.911026340530778	1
missMethyl_gsameth	reactome	hypermethylated	reactome:Beta-oxidation of very long chain fatty acids [R-HSA-390247]	11	0	1	1
missMethyl_gsameth	reactome	hypermethylated	reactome:Peroxisomal lipid metabolism [R-HSA-390918]	29	3	0.941588639503142	1
missMethyl_gsameth	reactome	hypermethylated	reactome:Metabolism of steroids [R-HSA-8957322]	154	14	0.999989937899824	1
missMethyl_gsameth	reactome	hypermethylated	reactome:Fatty acid metabolism [R-HSA-8978868]	175	33	0.783782823052001	1
missMethyl_gsameth	reactome	hypermethylated	reactome:Peroxisomal protein import [R-HSA-9033241]	63	4	0.999172455014473	1
missMethyl_gsameth	reactome	hypermethylated	reactome:Protein localization [R-HSA-9609507]	162	10	0.999999373677439	1
missMethyl_gsameth	reactome	hypermethylated	reactome:Signaling by Rho GTPases [R-HSA-194315]	688	159	0.899174618374039	1
missMethyl_gsameth	reactome	hypermethylated	reactome:RHO GTPase Effectors [R-HSA-195258]	313	57	0.962302576886022	1
missMethyl_gsameth	reactome	hypermethylated	reactome:Fcgamma receptor (FCGR) dependent phagocytosis [R-HSA-2029480]	86	31	0.0705593224966068	1
missMethyl_gsameth	reactome	hypermethylated	reactome:Regulation of actin dynamics for phagocytic cup formation [R-HSA-2029482]	61	18	0.375927268026631	1
missMethyl_gsameth	reactome	hypermethylated	reactome:RHO GTPases Activate WASPs and WAVEs [R-HSA-5663213]	36	10	0.469417322839369	1
missMethyl_gsameth	reactome	hypermethylated	reactome:RHO GTPase cycle [R-HSA-9012999]	444	117	0.656518471326963	1
missMethyl_gsameth	reactome	hypermethylated	reactome:RAC1 GTPase cycle [R-HSA-9013149]	183	51	0.619008424979617	1
missMethyl_gsameth	reactome	hypermethylated	reactome:RAC2 GTPase cycle [R-HSA-9013404]	87	22	0.642885777954178	1
missMethyl_gsameth	reactome	hypermethylated	reactome:RAC3 GTPase cycle [R-HSA-9013423]	93	26	0.322507994725129	1
missMethyl_gsameth	reactome	hypermethylated	reactome:Leishmania infection [R-HSA-9658195]	164	42	0.522861488465329	1
missMethyl_gsameth	reactome	hypermethylated	reactome:Parasite infection [R-HSA-9664407]	59	21	0.125264806624928	1
missMethyl_gsameth	reactome	hypermethylated	reactome:Leishmania phagocytosis [R-HSA-9664417]	59	21	0.125264806624928	1
missMethyl_gsameth	reactome	hypermethylated	reactome:FCGR3A-mediated phagocytosis [R-HSA-9664422]	59	21	0.125264806624928	1
missMethyl_gsameth	reactome	hypermethylated	reactome:Signaling by Rho GTPases, Miro GTPases and RHOBTB3 [R-HSA-9716542]	704	161	0.921577305469834	1
missMethyl_gsameth	reactome	hypermethylated	reactome:Parasitic Infection Pathways [R-HSA-9824443]	164	42	0.522861488465329	1
missMethyl_gsameth	reactome	hypermethylated	reactome:Glycolysis [R-HSA-70171]	72	9	0.983585354577191	1
missMethyl_gsameth	reactome	hypermethylated	reactome:Glucose metabolism [R-HSA-70326]	83	10	0.990510486692704	1
missMethyl_gsameth	reactome	hypermethylated	reactome:Metabolism of carbohydrates [R-HSA-71387]	287	56	0.967041090701678	1
missMethyl_gsameth	reactome	hypermethylated	reactome:Muscle contraction [R-HSA-397014]	205	82	4.72782083677342e-05	0.0104997021083343
missMethyl_gsameth	reactome	hypermethylated	reactome:Phase 3 - rapid repolarisation [R-HSA-5576890]	9	3	0.368848549828067	1
missMethyl_gsameth	reactome	hypermethylated	reactome:Cardiac conduction [R-HSA-5576891]	132	55	0.000611602380773164	0.0740872883982037
missMethyl_gsameth	reactome	hypermethylated	reactome:Phase 2 - plateau phase [R-HSA-5576893]	15	8	0.0406910939093497	0.9057567679519
missMethyl_gsameth	reactome	hypermethylated	reactome:Toll Like Receptor 4 (TLR4) Cascade [R-HSA-166016]	147	28	0.926767552432396	1
missMethyl_gsameth	reactome	hypermethylated	reactome:MyD88-independent TLR4 cascade [R-HSA-166166]	111	21	0.928188829103323	1
missMethyl_gsameth	reactome	hypermethylated	reactome:Toll Like Receptor 3 (TLR3) Cascade [R-HSA-168164]	106	20	0.941015625885577	1
missMethyl_gsameth	reactome	hypermethylated	reactome:Toll-like Receptor Cascades [R-HSA-168898]	172	31	0.961318822231602	1
missMethyl_gsameth	reactome	hypermethylated	reactome:DDX58/IFIH1-mediated induction of interferon-alpha/beta [R-HSA-168928]	73	7	0.998213074567761	1
missMethyl_gsameth	reactome	hypermethylated	reactome:TICAM1-dependent activation of IRF3/IRF7 [R-HSA-9013973]	13	2	0.727690380358496	1
missMethyl_gsameth	reactome	hypermethylated	reactome:TRAF6 mediated IRF7 activation [R-HSA-933541]	21	2	0.897160535329921	1
missMethyl_gsameth	reactome	hypermethylated	reactome:Activation of IRF3, IRF7 mediated by TBK1, IKK (IKBKE) [R-HSA-936964]	19	4	0.456365781030516	1
missMethyl_gsameth	reactome	hypermethylated	reactome:TRIF (TICAM1)-mediated TLR4 signaling [R-HSA-937061]	111	21	0.928188829103323	1
missMethyl_gsameth	reactome	hypermethylated	reactome:Regulation of TBK1, IKK (IKBKE)-mediated activation of IRF3, IRF7 [R-HSA-9824878]	15	3	0.447096674746582	1
missMethyl_gsameth	reactome	hypermethylated	reactome:Regulation of TBK1, IKK-mediated activation of IRF3, IRF7 upon TLR3 ligation [R-HSA-9828211]	11	2	0.616781589240376	1
missMethyl_gsameth	reactome	hypermethylated	reactome:Signaling by NOTCH [R-HSA-157118]	224	50	0.67768152368424	1
missMethyl_gsameth	reactome	hypermethylated	reactome:Macroautophagy [R-HSA-1632852]	141	17	0.999724604894601	1
missMethyl_gsameth	reactome	hypermethylated	reactome:Organelle biogenesis and maintenance [R-HSA-1852241]	293	35	0.999997058932433	1
missMethyl_gsameth	reactome	hypermethylated	reactome:Signaling by NOTCH1 [R-HSA-1980143]	74	24	0.237619410587686	1
missMethyl_gsameth	reactome	hypermethylated	reactome:NOTCH1 Intracellular Domain Regulates Transcription [R-HSA-2122947]	48	14	0.470415861885691	1
missMethyl_gsameth	reactome	hypermethylated	reactome:Signaling by NOTCH1 PEST Domain Mutants in Cancer [R-HSA-2644602]	58	16	0.523288755199559	1
missMethyl_gsameth	reactome	hypermethylated	reactome:Signaling by NOTCH1 in Cancer [R-HSA-2644603]	58	16	0.523288755199559	1
missMethyl_gsameth	reactome	hypermethylated	reactome:Constitutive Signaling by NOTCH1 PEST Domain Mutants [R-HSA-2644606]	58	16	0.523288755199559	1
missMethyl_gsameth	reactome	hypermethylated	reactome:Signaling by NOTCH1 HD+PEST Domain Mutants in Cancer [R-HSA-2894858]	58	16	0.523288755199559	1
missMethyl_gsameth	reactome	hypermethylated	reactome:Constitutive Signaling by NOTCH1 HD+PEST Domain Mutants [R-HSA-2894862]	58	16	0.523288755199559	1
missMethyl_gsameth	reactome	hypermethylated	reactome:HSF1 activation [R-HSA-3371511]	12	2	0.818625247042612	1
missMethyl_gsameth	reactome	hypermethylated	reactome:Cellular response to heat stress [R-HSA-3371556]	89	15	0.934206547253914	1
missMethyl_gsameth	reactome	hypermethylated	reactome:Notch-HLH transcription pathway [R-HSA-350054]	28	11	0.202195196830853	1
missMethyl_gsameth	reactome	hypermethylated	reactome:Cilium Assembly [R-HSA-5617833]	198	23	0.999913938105554	1
missMethyl_gsameth	reactome	hypermethylated	reactome:RUNX2 regulates osteoblast differentiation [R-HSA-8940973]	24	9	0.255001668654521	1
missMethyl_gsameth	reactome	hypermethylated	reactome:RUNX2 regulates bone development [R-HSA-8941326]	31	14	0.0635003393017539	1
missMethyl_gsameth	reactome	hypermethylated	reactome:Autophagy [R-HSA-9612973]	156	18	0.999921847701294	1
missMethyl_gsameth	reactome	hypermethylated	reactome:Chaperone Mediated Autophagy [R-HSA-9613829]	22	3	0.879815690875316	1
missMethyl_gsameth	reactome	hypermethylated	reactome:Late endosomal microautophagy [R-HSA-9615710]	34	5	0.892433767233901	1
missMethyl_gsameth	reactome	hypermethylated	reactome:Aggrephagy [R-HSA-9646399]	42	7	0.881455211811918	1
missMethyl_gsameth	reactome	hypermethylated	reactome:Selective autophagy [R-HSA-9663891]	88	9	0.999474069699451	1
missMethyl_gsameth	reactome	hypermethylated	reactome:Sulfide oxidation to sulfate [R-HSA-1614517]	6	0	1	1
missMethyl_gsameth	reactome	hypermethylated	reactome:Degradation of cysteine and homocysteine [R-HSA-1614558]	15	1	0.959743750733533	1
missMethyl_gsameth	reactome	hypermethylated	reactome:Sulfur amino acid metabolism [R-HSA-1614635]	28	3	0.945751255125798	1
missMethyl_gsameth	reactome	hypermethylated	reactome:Immunoregulatory interactions between a Lymphoid and a non-Lymphoid cell [R-HSA-198933]	126	25	0.166443387227699	1
missMethyl_gsameth	reactome	hypermethylated	reactome:Aerobic respiration and respiratory electron transport [R-HSA-1428517]	244	19	0.999999224623727	1
missMethyl_gsameth	reactome	hypermethylated	reactome:Respiratory electron transport [R-HSA-611105]	145	8	0.999995544541556	1
missMethyl_gsameth	reactome	hypermethylated	reactome:Complex IV assembly [R-HSA-9864848]	44	3	0.983432744358271	1
missMethyl_gsameth	reactome	hypermethylated	reactome:Keratinization [R-HSA-6805567]	205	13	0.96962359963347	1
missMethyl_gsameth	reactome	hypermethylated	reactome:Beta defensins [R-HSA-1461957]	35	1	0.912074235186102	1
missMethyl_gsameth	reactome	hypermethylated	reactome:Defensins [R-HSA-1461973]	44	1	0.956878274324387	1
missMethyl_gsameth	reactome	hypermethylated	reactome:Antimicrobial peptides [R-HSA-6803157]	88	9	0.439409927956662	1
missMethyl_gsameth	reactome	hypermethylated	reactome:L1CAM interactions [R-HSA-373760]	118	33	0.532225173324097	1
missMethyl_gsameth	reactome	hypermethylated	reactome:Axon guidance [R-HSA-422475]	544	146	0.48136850334126	1
missMethyl_gsameth	reactome	hypermethylated	reactome:Nervous system development [R-HSA-9675108]	569	158	0.330948385046959	1
missMethyl_gsameth	reactome	hypermethylated	reactome:Telomere Maintenance [R-HSA-157579]	104	17	0.78196940479657	1
missMethyl_gsameth	reactome	hypermethylated	reactome:Polymerase switching on the C-strand of the telomere [R-HSA-174411]	26	3	0.928371752772716	1
missMethyl_gsameth	reactome	hypermethylated	reactome:Telomere C-strand (Lagging Strand) Synthesis [R-HSA-174417]	34	4	0.956873133196508	1
missMethyl_gsameth	reactome	hypermethylated	reactome:Telomere C-strand synthesis initiation [R-HSA-174430]	13	1	0.938239124917912	1
missMethyl_gsameth	reactome	hypermethylated	reactome:Extension of Telomeres [R-HSA-180786]	51	8	0.929816003489115	1
missMethyl_gsameth	reactome	hypermethylated	reactome:Chromosome Maintenance [R-HSA-73886]	130	18	0.954278647642317	1
missMethyl_gsameth	reactome	hypermethylated	reactome:Gamma carboxylation, hypusinylation, hydroxylation, and arylsulfatase activation [R-HSA-163841]	60	6	0.994262049040263	1
missMethyl_gsameth	reactome	hypermethylated	reactome:Protein hydroxylation [R-HSA-9629569]	20	0	1	1
missMethyl_gsameth	reactome	hypermethylated	reactome:Acyl chain remodelling of PC [R-HSA-1482788]	28	1	0.994960796688112	1
missMethyl_gsameth	reactome	hypermethylated	reactome:Acyl chain remodelling of PS [R-HSA-1482801]	23	2	0.910061681066707	1
missMethyl_gsameth	reactome	hypermethylated	reactome:Acyl chain remodelling of PE [R-HSA-1482839]	30	1	0.992397256439903	1
missMethyl_gsameth	reactome	hypermethylated	reactome:Acyl chain remodelling of PG [R-HSA-1482925]	19	1	0.958981092319832	1
missMethyl_gsameth	reactome	hypermethylated	reactome:Hydrolysis of LPC [R-HSA-1483115]	9	0	1	1
missMethyl_gsameth	reactome	hypermethylated	reactome:Synthesis of PA [R-HSA-1483166]	39	3	0.992791745373759	1
missMethyl_gsameth	reactome	hypermethylated	reactome:Glycerophospholipid biosynthesis [R-HSA-1483206]	127	19	0.988532388078235	1
missMethyl_gsameth	reactome	hypermethylated	reactome:Phospholipid metabolism [R-HSA-1483257]	210	33	0.999005305497858	1
missMethyl_gsameth	reactome	hypermethylated	reactome:XBP1(S) activates chaperone genes [R-HSA-381038]	50	7	0.922685630245205	1
missMethyl_gsameth	reactome	hypermethylated	reactome:IRE1alpha activates chaperones [R-HSA-381070]	52	8	0.876758407656553	1
missMethyl_gsameth	reactome	hypermethylated	reactome:Unfolded Protein Response (UPR) [R-HSA-381119]	95	13	0.963673904800147	1
missMethyl_gsameth	reactome	hypermethylated	reactome:Regulation of PTEN gene transcription [R-HSA-8943724]	60	10	0.968188449812307	1
missMethyl_gsameth	reactome	hypermethylated	reactome:HIV Life Cycle [R-HSA-162587]	147	7	0.99999999205948	1
missMethyl_gsameth	reactome	hypermethylated	reactome:Budding and maturation of HIV virion [R-HSA-162588]	28	2	0.992698655563494	1
missMethyl_gsameth	reactome	hypermethylated	reactome:Late Phase of HIV Life Cycle [R-HSA-162599]	134	7	0.999999913256552	1
missMethyl_gsameth	reactome	hypermethylated	reactome:HIV Infection [R-HSA-162906]	227	17	0.999999997393933	1
missMethyl_gsameth	reactome	hypermethylated	reactome:Uptake and function of anthrax toxins [R-HSA-5210891]	13	2	0.944565256678032	1
missMethyl_gsameth	reactome	hypermethylated	reactome:RIPK1-mediated regulated necrosis [R-HSA-5213460]	32	1	0.99966412088955	1
missMethyl_gsameth	reactome	hypermethylated	reactome:Regulated Necrosis [R-HSA-5218859]	59	8	0.954939010991726	1
missMethyl_gsameth	reactome	hypermethylated	reactome:Uptake and actions of bacterial toxins [R-HSA-5339562]	31	8	0.709690522991332	1
missMethyl_gsameth	reactome	hypermethylated	reactome:Regulation of necroptotic cell death [R-HSA-5675482]	32	1	0.99966412088955	1
missMethyl_gsameth	reactome	hypermethylated	reactome:Bacterial Infection Pathways [R-HSA-9824439]	73	12	0.984420757113836	1
missMethyl_gsameth	reactome	hypermethylated	reactome:Activation of BIM and translocation to mitochondria [R-HSA-111446]	3	0	1	1
missMethyl_gsameth	reactome	hypermethylated	reactome:BH3-only proteins associate with and inactivate anti-apoptotic BCL-2 members [R-HSA-111453]	9	0	1	1
missMethyl_gsameth	reactome	hypermethylated	reactome:NRAGE signals death through JNK [R-HSA-193648]	55	20	0.240670346298481	1
missMethyl_gsameth	reactome	hypermethylated	reactome:p75 NTR receptor-mediated signalling [R-HSA-193704]	93	24	0.582943896611381	1
missMethyl_gsameth	reactome	hypermethylated	reactome:Cell death signalling via NRAGE, NRIF and NADE [R-HSA-204998]	72	21	0.458982416487317	1
missMethyl_gsameth	reactome	hypermethylated	reactome:Signaling by BRAF and RAF1 fusions [R-HSA-6802952]	67	18	0.667179327094762	1
missMethyl_gsameth	reactome	hypermethylated	reactome:Oncogenic MAPK signaling [R-HSA-6802957]	84	24	0.515469150042609	1
missMethyl_gsameth	reactome	hypermethylated	reactome:Death Receptor Signaling [R-HSA-73887]	150	32	0.899979443342605	1
missMethyl_gsameth	reactome	hypermethylated	reactome:Deregulated CDK5 triggers multiple neurodegenerative pathways in Alzheimer's disease models [R-HSA-8862803]	22	4	0.844891115587102	1
missMethyl_gsameth	reactome	hypermethylated	reactome:Neurodegenerative Diseases [R-HSA-8863678]	22	4	0.844891115587102	1
missMethyl_gsameth	reactome	hypermethylated	reactome:Transcriptional regulation by RUNX3 [R-HSA-8878159]	95	21	0.846541366506397	1
missMethyl_gsameth	reactome	hypermethylated	reactome:RUNX3 regulates BCL2L11 (BIM) transcription [R-HSA-8952158]	5	3	0.265012466028648	1
missMethyl_gsameth	reactome	hypermethylated	reactome:FOXO-mediated transcription of cell death genes [R-HSA-9614657]	16	2	0.972986676805866	1
missMethyl_gsameth	reactome	hypermethylated	reactome:Diseases of programmed cell death [R-HSA-9645723]	94	18	0.471084219741704	1
missMethyl_gsameth	reactome	hypermethylated	reactome:Defective Intrinsic Pathway for Apoptosis [R-HSA-9734009]	25	5	0.77382541548378	1
missMethyl_gsameth	reactome	hypermethylated	reactome:Mitochondrial protein import [R-HSA-1268020]	63	1	0.99999264807406	1
missMethyl_gsameth	reactome	hypermethylated	reactome:Mitophagy [R-HSA-5205647]	40	1	0.999960913614269	1
missMethyl_gsameth	reactome	hypermethylated	reactome:PINK1-PRKN Mediated Mitophagy [R-HSA-5205685]	33	0	1	1
missMethyl_gsameth	reactome	hypermethylated	reactome:Signaling by SCF-KIT [R-HSA-1433557]	43	15	0.249873366076962	1
missMethyl_gsameth	reactome	hypermethylated	reactome:Regulation of KIT signaling [R-HSA-1433559]	16	5	0.61109075156113	1
missMethyl_gsameth	reactome	hypermethylated	reactome:Negative regulation of FLT3 [R-HSA-9706369]	15	4	0.482848956281447	1
missMethyl_gsameth	reactome	hypermethylated	reactome:Factors involved in megakaryocyte development and platelet production [R-HSA-983231]	156	41	0.407249946571307	1
missMethyl_gsameth	reactome	hypermethylated	reactome:Diseases of glycosylation [R-HSA-3781865]	140	39	0.347252966708999	1
missMethyl_gsameth	reactome	hypermethylated	reactome:Sialic acid metabolism [R-HSA-4085001]	33	9	0.50173854485477	1
missMethyl_gsameth	reactome	hypermethylated	reactome:Defective GNE causes sialuria, NK and IBM2 [R-HSA-4085011]	1	1	0.134675984953311	1
missMethyl_gsameth	reactome	hypermethylated	reactome:Biosynthesis of the N-glycan precursor (dolichol lipid-linked oligosaccharide, LLO) and transfer to a nascent protein [R-HSA-446193]	79	16	0.723257814271862	1
missMethyl_gsameth	reactome	hypermethylated	reactome:Asparagine N-linked glycosylation [R-HSA-446203]	305	50	0.99347297434931	1
missMethyl_gsameth	reactome	hypermethylated	reactome:Synthesis of substrates in N-glycan biosythesis [R-HSA-446219]	64	16	0.4374499287893	1
missMethyl_gsameth	reactome	hypermethylated	reactome:Diseases associated with glycosylation precursor biosynthesis [R-HSA-5609975]	15	3	0.50622526267408	1
missMethyl_gsameth	reactome	hypermethylated	reactome:Neuronal System [R-HSA-112316]	409	168	1.4758474894144e-08	7.86626711857877e-06
missMethyl_gsameth	reactome	hypermethylated	reactome:HCN channels [R-HSA-1296061]	4	2	0.441122409828262	1
missMethyl_gsameth	reactome	hypermethylated	reactome:Potassium Channels [R-HSA-1296071]	103	49	4.30336023396077e-05	0.0104258682031868
missMethyl_gsameth	reactome	hypermethylated	reactome:Class A/1 (Rhodopsin-like receptors) [R-HSA-373076]	330	102	2.80367823926888e-11	3.42416952453647e-08
missMethyl_gsameth	reactome	hypermethylated	reactome:Peptide ligand-binding receptors [R-HSA-375276]	198	56	6.26362631281208e-06	0.00208657051545552
missMethyl_gsameth	reactome	hypermethylated	reactome:G alpha (i) signalling events [R-HSA-418594]	316	87	0.0013242472732164	0.135735345504681
missMethyl_gsameth	reactome	hypermethylated	reactome:Relaxin receptors [R-HSA-444821]	8	1	0.582270214350356	1
missMethyl_gsameth	reactome	hypermethylated	reactome:GPCR ligand binding [R-HSA-500792]	462	145	2.20004846295446e-12	5.86312915377364e-09
missMethyl_gsameth	reactome	hypermethylated	reactome:Degradation of beta-catenin by the destruction complex [R-HSA-195253]	82	10	0.996488425949048	1
missMethyl_gsameth	reactome	hypermethylated	reactome:Signaling by WNT [R-HSA-195721]	319	72	0.853500816010537	1
missMethyl_gsameth	reactome	hypermethylated	reactome:Beta-catenin phosphorylation cascade [R-HSA-196299]	17	2	0.967432529156303	1
missMethyl_gsameth	reactome	hypermethylated	reactome:TCF dependent signaling in response to WNT [R-HSA-201681]	220	47	0.779800861004499	1
missMethyl_gsameth	reactome	hypermethylated	reactome:Disassembly of the destruction complex and recruitment of AXIN to the membrane [R-HSA-4641262]	31	6	0.915775418986444	1
missMethyl_gsameth	reactome	hypermethylated	reactome:Attachment of GPI anchor to uPAR [R-HSA-162791]	7	1	0.655390337603832	1
missMethyl_gsameth	reactome	hypermethylated	reactome:Post-translational modification: synthesis of GPI-anchored proteins [R-HSA-163125]	91	20	0.459752267751003	1
missMethyl_gsameth	reactome	hypermethylated	reactome:G alpha (12/13) signalling events [R-HSA-416482]	76	23	0.392431407759684	1
missMethyl_gsameth	reactome	hypermethylated	reactome:Deubiquitination [R-HSA-5688426]	269	36	0.999688394086523	1
missMethyl_gsameth	reactome	hypermethylated	reactome:Ub-specific processing proteases [R-HSA-5689880]	191	22	0.999703266181806	1
missMethyl_gsameth	reactome	hypermethylated	reactome:Maternal to zygotic transition (MZT) [R-HSA-9816359]	106	16	0.772204475229975	1
missMethyl_gsameth	reactome	hypermethylated	reactome:Zygotic genome activation (ZGA) [R-HSA-9819196]	14	2	0.745151411591577	1
missMethyl_gsameth	reactome	hypermethylated	reactome:Complement cascade [R-HSA-166658]	57	12	0.130618948525386	1
missMethyl_gsameth	reactome	hypermethylated	reactome:Initial triggering of complement [R-HSA-166663]	22	2	0.898783243909008	1
missMethyl_gsameth	reactome	hypermethylated	reactome:Activation of C3 and C5 [R-HSA-174577]	7	0	1	1
missMethyl_gsameth	reactome	hypermethylated	reactome:Regulation of Complement cascade [R-HSA-977606]	46	11	0.068983807056282	1
missMethyl_gsameth	reactome	hypermethylated	reactome:Neddylation [R-HSA-8951664]	243	33	0.999683554072082	1
missMethyl_gsameth	reactome	hypermethylated	reactome:Antigen processing: Ubiquitination & Proteasome degradation [R-HSA-983168]	306	39	0.999998875391003	1
missMethyl_gsameth	reactome	hypermethylated	reactome:Class I MHC mediated antigen processing & presentation [R-HSA-983169]	378	47	0.999999842934354	1
missMethyl_gsameth	reactome	hypermethylated	reactome:Caspase activation via Death Receptors in the presence of ligand [R-HSA-140534]	17	1	0.978126476841158	1
missMethyl_gsameth	reactome	hypermethylated	reactome:Toll Like Receptor 9 (TLR9) Cascade [R-HSA-168138]	111	18	0.98582210678216	1
missMethyl_gsameth	reactome	hypermethylated	reactome:Toll Like Receptor 7/8 (TLR7/8) Cascade [R-HSA-168181]	108	18	0.980782406560584	1
missMethyl_gsameth	reactome	hypermethylated	reactome:ER to Golgi Anterograde Transport [R-HSA-199977]	154	24	0.971513308874529	1
missMethyl_gsameth	reactome	hypermethylated	reactome:TRIF-mediated programmed cell death [R-HSA-2562578]	10	1	0.847584268503782	1
missMethyl_gsameth	reactome	hypermethylated	reactome:Caspase activation via extrinsic apoptotic signalling pathway [R-HSA-5357769]	27	5	0.842991188322133	1
missMethyl_gsameth	reactome	hypermethylated	reactome:COPI-mediated anterograde transport [R-HSA-6807878]	100	17	0.887161900216122	1
missMethyl_gsameth	reactome	hypermethylated	reactome:COPI-dependent Golgi-to-ER retrograde traffic [R-HSA-6811434]	98	16	0.941283880192105	1
missMethyl_gsameth	reactome	hypermethylated	reactome:Intra-Golgi and retrograde Golgi-to-ER traffic [R-HSA-6811442]	201	31	0.995418646116175	1
missMethyl_gsameth	reactome	hypermethylated	reactome:Golgi-to-ER retrograde transport [R-HSA-8856688]	132	22	0.963879637229515	1
missMethyl_gsameth	reactome	hypermethylated	reactome:IKK complex recruitment mediated by RIP1 [R-HSA-937041]	25	3	0.880434806631907	1
missMethyl_gsameth	reactome	hypermethylated	reactome:TRAF6-mediated induction of TAK1 complex within TLR4 complex [R-HSA-937072]	17	4	0.368724768789418	1
missMethyl_gsameth	reactome	hypermethylated	reactome:Transport to the Golgi and subsequent modification [R-HSA-948021]	185	33	0.929961114689575	1
missMethyl_gsameth	reactome	hypermethylated	reactome:TRAF6 mediated induction of NFkB and MAP kinases upon TLR7/8 or 9 activation [R-HSA-975138]	103	18	0.965694738976921	1
missMethyl_gsameth	reactome	hypermethylated	reactome:MyD88 dependent cascade initiated on endosome [R-HSA-975155]	104	18	0.970117982819414	1
missMethyl_gsameth	reactome	hypermethylated	reactome:IRAK2 mediated activation of TAK1 complex upon TLR7/8 or 9 stimulation [R-HSA-975163]	16	3	0.526218428132691	1
missMethyl_gsameth	reactome	hypermethylated	reactome:POLB-Dependent Long Patch Base Excision Repair [R-HSA-110362]	9	0	1	1
missMethyl_gsameth	reactome	hypermethylated	reactome:Resolution of AP sites via the multiple-nucleotide patch replacement pathway [R-HSA-110373]	26	3	0.937041299642688	1
missMethyl_gsameth	reactome	hypermethylated	reactome:HDR through MMEJ (alt-NHEJ) [R-HSA-5685939]	12	1	0.925247773741858	1
missMethyl_gsameth	reactome	hypermethylated	reactome:DNA Double-Strand Break Repair [R-HSA-5693532]	161	26	0.946971171210714	1
missMethyl_gsameth	reactome	hypermethylated	reactome:Homology Directed Repair [R-HSA-5693538]	131	21	0.908496548475579	1
missMethyl_gsameth	reactome	hypermethylated	reactome:DNA Damage Recognition in GG-NER [R-HSA-5696394]	38	1	0.999513582868857	1
missMethyl_gsameth	reactome	hypermethylated	reactome:Formation of Incision Complex in GG-NER [R-HSA-5696395]	42	4	0.979591690722912	1
missMethyl_gsameth	reactome	hypermethylated	reactome:Nucleotide Excision Repair [R-HSA-5696398]	107	9	0.99979595729985	1
missMethyl_gsameth	reactome	hypermethylated	reactome:Global Genome Nucleotide Excision Repair (GG-NER) [R-HSA-5696399]	83	8	0.99680478291423	1
missMethyl_gsameth	reactome	hypermethylated	reactome:Dual Incision in GG-NER [R-HSA-5696400]	40	5	0.953658177747555	1
missMethyl_gsameth	reactome	hypermethylated	reactome:Base Excision Repair [R-HSA-73884]	83	11	0.8457884884558	1
missMethyl_gsameth	reactome	hypermethylated	reactome:DNA Repair [R-HSA-73894]	322	36	0.999997215157242	1
missMethyl_gsameth	reactome	hypermethylated	reactome:Resolution of Abasic Sites (AP sites) [R-HSA-73933]	39	4	0.97340161021333	1
missMethyl_gsameth	reactome	hypermethylated	reactome:Pre-NOTCH Transcription and Translation [R-HSA-1912408]	82	20	0.170665380375667	1
missMethyl_gsameth	reactome	hypermethylated	reactome:Pre-NOTCH Expression and Processing [R-HSA-1912422]	98	23	0.276292983232245	1
missMethyl_gsameth	reactome	hypermethylated	reactome:Signaling by NOTCH2 [R-HSA-1980145]	33	9	0.463017768637086	1
missMethyl_gsameth	reactome	hypermethylated	reactome:Regulation of gene expression in late stage (branching morphogenesis) pancreatic bud precursor cells [R-HSA-210744]	16	10	0.00874947371434568	0.411880421313847
missMethyl_gsameth	reactome	hypermethylated	reactome:NOTCH2 intracellular domain regulates transcription [R-HSA-2197563]	12	4	0.346313250671679	1
missMethyl_gsameth	reactome	hypermethylated	reactome:RUNX3 regulates NOTCH signaling [R-HSA-8941856]	14	7	0.111399564283024	1
missMethyl_gsameth	reactome	hypermethylated	reactome:Signaling by NOTCH3 [R-HSA-9012852]	49	19	0.0616056594043789	1
missMethyl_gsameth	reactome	hypermethylated	reactome:NOTCH3 Intracellular Domain Regulates Transcription [R-HSA-9013508]	25	12	0.031504369087197	0.823128858993923
missMethyl_gsameth	reactome	hypermethylated	reactome:Signaling by NOTCH4 [R-HSA-9013694]	81	14	0.926750537509251	1
missMethyl_gsameth	reactome	hypermethylated	reactome:NOTCH4 Intracellular Domain Regulates Transcription [R-HSA-9013695]	20	10	0.0537917013141097	0.989421538686022
missMethyl_gsameth	reactome	hypermethylated	reactome:Gastrulation [R-HSA-9758941]	124	56	1.4679808448799e-05	0.00391216895160492
missMethyl_gsameth	reactome	hypermethylated	reactome:Formation of paraxial mesoderm [R-HSA-9793380]	68	15	0.664956599550305	1
missMethyl_gsameth	reactome	hypermethylated	reactome:RAF/MAP kinase cascade [R-HSA-5673001]	276	70	0.583617283179712	1
missMethyl_gsameth	reactome	hypermethylated	reactome:MAPK family signaling cascades [R-HSA-5683057]	321	77	0.82054655686666	1
missMethyl_gsameth	reactome	hypermethylated	reactome:MAPK1/MAPK3 signaling [R-HSA-5684996]	282	70	0.664501702772796	1
missMethyl_gsameth	reactome	hypermethylated	reactome:Signaling by MET [R-HSA-6806834]	79	21	0.556027920247391	1
missMethyl_gsameth	reactome	hypermethylated	reactome:Pyruvate metabolism [R-HSA-70268]	48	8	0.855364497086833	1
missMethyl_gsameth	reactome	hypermethylated	reactome:MET activates RAS signaling [R-HSA-8851805]	11	0	1	1
missMethyl_gsameth	reactome	hypermethylated	reactome:Regulation of pyruvate metabolism [R-HSA-9861718]	33	3	0.975432416233971	1
missMethyl_gsameth	reactome	hypermethylated	reactome:Regulation of HSF1-mediated heat shock response [R-HSA-3371453]	69	10	0.949334440551317	1
missMethyl_gsameth	reactome	hypermethylated	reactome:Apoptotic cleavage of cellular proteins [R-HSA-111465]	38	11	0.449833377076716	1
missMethyl_gsameth	reactome	hypermethylated	reactome:Apoptotic cleavage of cell adhesion  proteins [R-HSA-351906]	11	2	0.752749188048798	1
missMethyl_gsameth	reactome	hypermethylated	reactome:Apoptotic execution phase [R-HSA-75153]	52	12	0.673713388516756	1
missMethyl_gsameth	reactome	hypermethylated	reactome:Transcriptional regulation by RUNX1 [R-HSA-8878171]	223	42	0.929118118316895	1
missMethyl_gsameth	reactome	hypermethylated	reactome:RUNX1 regulates expression of components of tight junctions [R-HSA-8935964]	5	1	0.824742638573525	1
missMethyl_gsameth	reactome	hypermethylated	reactome:Condensation of Prophase Chromosomes [R-HSA-2299718]	63	13	0.128431606018471	1
missMethyl_gsameth	reactome	hypermethylated	reactome:Condensation of Prometaphase Chromosomes [R-HSA-2514853]	11	0	1	1
missMethyl_gsameth	reactome	hypermethylated	reactome:Mitotic Prophase [R-HSA-68875]	131	23	0.658259843603324	1
missMethyl_gsameth	reactome	hypermethylated	reactome:Mitotic Prometaphase [R-HSA-68877]	201	19	0.999998205767166	1
missMethyl_gsameth	reactome	hypermethylated	reactome:M Phase [R-HSA-68886]	400	45	0.99999948165181	1
missMethyl_gsameth	reactome	hypermethylated	reactome:Electric Transmission Across Gap Junctions [R-HSA-112303]	5	2	0.395629048566229	1
missMethyl_gsameth	reactome	hypermethylated	reactome:Transmission across Electrical Synapses [R-HSA-112307]	5	2	0.395629048566229	1
missMethyl_gsameth	reactome	hypermethylated	reactome:Gap junction trafficking and regulation [R-HSA-157858]	48	10	0.640946489158401	1
missMethyl_gsameth	reactome	hypermethylated	reactome:Gap junction trafficking [R-HSA-190828]	46	9	0.676042206356428	1
missMethyl_gsameth	reactome	hypermethylated	reactome:Gap junction assembly [R-HSA-190861]	35	8	0.417390405772409	1
missMethyl_gsameth	reactome	hypermethylated	reactome:Antiviral mechanism by IFN-stimulated genes [R-HSA-1169410]	146	23	0.977648557693211	1
missMethyl_gsameth	reactome	hypermethylated	reactome:Amplification of signal from the kinetochores [R-HSA-141424]	94	9	0.999348826350243	1
missMethyl_gsameth	reactome	hypermethylated	reactome:Amplification  of signal from unattached  kinetochores via a MAD2  inhibitory signal [R-HSA-141444]	94	9	0.999348826350243	1
missMethyl_gsameth	reactome	hypermethylated	reactome:Separation of Sister Chromatids [R-HSA-2467813]	186	13	0.999999874912223	1
missMethyl_gsameth	reactome	hypermethylated	reactome:Resolution of Sister Chromatid Cohesion [R-HSA-2500257]	124	12	0.999754720476369	1
missMethyl_gsameth	reactome	hypermethylated	reactome:Mitotic Metaphase and Anaphase [R-HSA-2555396]	230	19	0.999999939897463	1
missMethyl_gsameth	reactome	hypermethylated	reactome:RHO GTPases Activate Formins [R-HSA-5663220]	137	19	0.996200390280263	1
missMethyl_gsameth	reactome	hypermethylated	reactome:Deposition of new CENPA-containing nucleosomes at the centromere [R-HSA-606279]	63	8	0.795066654275157	1
missMethyl_gsameth	reactome	hypermethylated	reactome:Fanconi Anemia Pathway [R-HSA-6783310]	38	3	0.991653332290016	1
missMethyl_gsameth	reactome	hypermethylated	reactome:Mitotic Anaphase [R-HSA-68882]	229	19	0.999999922075086	1
missMethyl_gsameth	reactome	hypermethylated	reactome:Mitotic Spindle Checkpoint [R-HSA-69618]	110	10	0.999777765030999	1
missMethyl_gsameth	reactome	hypermethylated	reactome:Cell Cycle Checkpoints [R-HSA-69620]	281	30	0.999994882217015	1
missMethyl_gsameth	reactome	hypermethylated	reactome:Nucleosome assembly [R-HSA-774815]	63	8	0.795066654275157	1
missMethyl_gsameth	reactome	hypermethylated	reactome:Interferon Signaling [R-HSA-913531]	255	50	0.929787157590825	1
missMethyl_gsameth	reactome	hypermethylated	reactome:EML4 and NUDC in mitotic spindle formation [R-HSA-9648025]	114	13	0.998364388815368	1
missMethyl_gsameth	reactome	hypermethylated	reactome:PKR-mediated signaling [R-HSA-9833482]	72	11	0.974615555620945	1
missMethyl_gsameth	reactome	hypermethylated	reactome:Nuclear Envelope (NE) Reassembly [R-HSA-2995410]	72	8	0.993341930126705	1
missMethyl_gsameth	reactome	hypermethylated	reactome:Pyroptosis [R-HSA-5620971]	27	7	0.312599440434254	1
missMethyl_gsameth	reactome	hypermethylated	reactome:Endosomal Sorting Complex Required For Transport (ESCRT) [R-HSA-917729]	31	2	0.995189674923556	1
missMethyl_gsameth	reactome	hypermethylated	reactome:HCMV Infection [R-HSA-9609646]	149	24	0.808520746882267	1
missMethyl_gsameth	reactome	hypermethylated	reactome:HCMV Late Events [R-HSA-9610379]	106	15	0.753912455388383	1
missMethyl_gsameth	reactome	hypermethylated	reactome:Sealing of the nuclear envelope (NE) by ESCRT-III [R-HSA-9668328]	28	4	0.871384161350181	1
missMethyl_gsameth	reactome	hypermethylated	reactome:SARS-CoV-1 Infection [R-HSA-9678108]	141	16	0.998967715187685	1
missMethyl_gsameth	reactome	hypermethylated	reactome:Translation of Replicase and Assembly of the Replication Transcription Complex [R-HSA-9679504]	13	2	0.788182843552281	1
missMethyl_gsameth	reactome	hypermethylated	reactome:Translation of Replicase and Assembly of the Replication Transcription Complex [R-HSA-9694676]	14	2	0.810124896968278	1
missMethyl_gsameth	reactome	hypermethylated	reactome:Early SARS-CoV-2 Infection Events [R-HSA-9772572]	37	6	0.938774691061663	1
missMethyl_gsameth	reactome	hypermethylated	reactome:Purine catabolism [R-HSA-74259]	17	4	0.337315046825729	1
missMethyl_gsameth	reactome	hypermethylated	reactome:Nucleotide catabolism [R-HSA-8956319]	35	6	0.711343452618004	1
missMethyl_gsameth	reactome	hypermethylated	reactome:O-linked glycosylation [R-HSA-5173105]	107	40	0.0162104391760395	0.576010938721936
missMethyl_gsameth	reactome	hypermethylated	reactome:O-linked glycosylation of mucins [R-HSA-913709]	60	17	0.338426292034816	1
missMethyl_gsameth	reactome	hypermethylated	reactome:DAP12 signaling [R-HSA-2424491]	29	8	0.413881498257179	1
missMethyl_gsameth	reactome	hypermethylated	reactome:Visual phototransduction [R-HSA-2187338]	101	16	0.943157740389894	1
missMethyl_gsameth	reactome	hypermethylated	reactome:The phototransduction cascade [R-HSA-2514856]	35	4	0.97784324093155	1
missMethyl_gsameth	reactome	hypermethylated	reactome:Inactivation, recovery and regulation of the phototransduction cascade [R-HSA-2514859]	34	4	0.975922476099773	1
missMethyl_gsameth	reactome	hypermethylated	reactome:RAS processing [R-HSA-9648002]	26	1	0.996261379460939	1
missMethyl_gsameth	reactome	hypermethylated	reactome:Potential therapeutics for SARS [R-HSA-9679191]	98	25	0.440324052921499	1
missMethyl_gsameth	reactome	hypermethylated	reactome:Sensory Perception [R-HSA-9709957]	576	51	0.999343068523128	1
missMethyl_gsameth	reactome	hypermethylated	reactome:Host Interactions of HIV factors [R-HSA-162909]	128	11	0.999973618114897	1
missMethyl_gsameth	reactome	hypermethylated	reactome:Nef-mediates down modulation of cell surface receptors by recruiting them to clathrin adapters [R-HSA-164938]	21	3	0.953431277752795	1
missMethyl_gsameth	reactome	hypermethylated	reactome:Nef mediated downregulation of MHC class I complex cell surface expression [R-HSA-164940]	10	1	0.938263233851705	1
missMethyl_gsameth	reactome	hypermethylated	reactome:The role of Nef in HIV-1 replication and disease pathogenesis [R-HSA-164952]	28	9	0.444456080953202	1
missMethyl_gsameth	reactome	hypermethylated	reactome:trans-Golgi Network Vesicle Budding [R-HSA-199992]	71	12	0.925092570109958	1
missMethyl_gsameth	reactome	hypermethylated	reactome:MHC class II antigen presentation [R-HSA-2132295]	120	16	0.998546514343204	1
missMethyl_gsameth	reactome	hypermethylated	reactome:Lysosome Vesicle Biogenesis [R-HSA-432720]	34	6	0.803500240950216	1
missMethyl_gsameth	reactome	hypermethylated	reactome:Golgi Associated Vesicle Biogenesis [R-HSA-432722]	55	10	0.867353263328704	1
missMethyl_gsameth	reactome	hypermethylated	reactome:Oxidative Stress Induced Senescence [R-HSA-2559580]	112	21	0.684009774117429	1
missMethyl_gsameth	reactome	hypermethylated	reactome:Cellular Senescence [R-HSA-2559583]	183	33	0.880798059773298	1
missMethyl_gsameth	reactome	hypermethylated	reactome:SUMOylation [R-HSA-2990846]	185	38	0.933241168688813	1
missMethyl_gsameth	reactome	hypermethylated	reactome:SUMOylation of DNA damage response and repair proteins [R-HSA-3108214]	76	9	0.993958939192617	1
missMethyl_gsameth	reactome	hypermethylated	reactome:SUMO E3 ligases SUMOylate target proteins [R-HSA-3108232]	179	37	0.935045815616796	1
missMethyl_gsameth	reactome	hypermethylated	reactome:SUMOylation of transcription cofactors [R-HSA-3899300]	44	9	0.852573912204417	1
missMethyl_gsameth	reactome	hypermethylated	reactome:SUMOylation of chromatin organization proteins [R-HSA-4551638]	67	13	0.659779415489812	1
missMethyl_gsameth	reactome	hypermethylated	reactome:SUMOylation of RNA binding proteins [R-HSA-4570464]	46	5	0.981451534640063	1
missMethyl_gsameth	reactome	hypermethylated	reactome:SUMOylation of DNA methylation proteins [R-HSA-4655427]	16	4	0.745076307202414	1
missMethyl_gsameth	reactome	hypermethylated	reactome:RUNX1 interacts with co-factors whose precise effect on RUNX1 targets is not known [R-HSA-8939243]	37	8	0.833380130148531	1
missMethyl_gsameth	reactome	hypermethylated	reactome:Transcriptional Regulation by E2F6 [R-HSA-8953750]	34	6	0.888964004659465	1
missMethyl_gsameth	reactome	hypermethylated	reactome:Stimuli-sensing channels [R-HSA-2672351]	108	28	0.589905769589143	1
missMethyl_gsameth	reactome	hypermethylated	reactome:Transport of small molecules [R-HSA-382551]	733	149	0.97684403378835	1
missMethyl_gsameth	reactome	hypermethylated	reactome:Ion channel transport [R-HSA-983712]	185	47	0.579958244158458	1
missMethyl_gsameth	reactome	hypermethylated	reactome:Formation of TC-NER Pre-Incision Complex [R-HSA-6781823]	50	1	0.999982156061105	1
missMethyl_gsameth	reactome	hypermethylated	reactome:Transcription-Coupled Nucleotide Excision Repair (TC-NER) [R-HSA-6781827]	75	6	0.999339193139254	1
missMethyl_gsameth	reactome	hypermethylated	reactome:Dual incision in TC-NER [R-HSA-6782135]	62	6	0.994644612075272	1
missMethyl_gsameth	reactome	hypermethylated	reactome:Gap-filling DNA repair synthesis and ligation in TC-NER [R-HSA-6782210]	61	5	0.998117706109555	1
missMethyl_gsameth	reactome	hypermethylated	reactome:mRNA Splicing - Major Pathway [R-HSA-72163]	204	9	1.00000000001697	1
missMethyl_gsameth	reactome	hypermethylated	reactome:mRNA Splicing [R-HSA-72172]	212	9	1.00000000000674	1
missMethyl_gsameth	reactome	hypermethylated	reactome:Processing of Capped Intron-Containing Pre-mRNA [R-HSA-72203]	282	13	1.00000000000007	1
missMethyl_gsameth	reactome	hypermethylated	reactome:Metabolism of RNA [R-HSA-8953854]	718	46	1	1
missMethyl_gsameth	reactome	hypermethylated	reactome:SUMO is conjugated to E1 (UBA2:SAE1) [R-HSA-3065676]	5	1	0.523111389056053	1
missMethyl_gsameth	reactome	hypermethylated	reactome:SUMO is transferred from E1 to E2 (UBE2I, UBC9) [R-HSA-3065678]	7	2	0.406661660734405	1
missMethyl_gsameth	reactome	hypermethylated	reactome:Processing and activation of SUMO [R-HSA-3215018]	10	3	0.271881542694172	1
missMethyl_gsameth	reactome	hypermethylated	reactome:Cytosolic tRNA aminoacylation [R-HSA-379716]	23	2	0.968975874366606	1
missMethyl_gsameth	reactome	hypermethylated	reactome:tRNA Aminoacylation [R-HSA-379724]	41	3	0.996935925781949	1
missMethyl_gsameth	reactome	hypermethylated	reactome:Translation [R-HSA-72766]	291	16	0.999999999827257	1
missMethyl_gsameth	reactome	hypermethylated	reactome:Glycosaminoglycan metabolism [R-HSA-1630316]	125	37	0.324919199252257	1
missMethyl_gsameth	reactome	hypermethylated	reactome:Hyaluronan metabolism [R-HSA-2142845]	17	5	0.444473930562363	1
missMethyl_gsameth	reactome	hypermethylated	reactome:Hyaluronan biosynthesis and export [R-HSA-2142850]	5	2	0.5096106795168	1
missMethyl_gsameth	reactome	hypermethylated	reactome:ABC-family proteins mediated transport [R-HSA-382556]	102	6	0.999991118927985	1
missMethyl_gsameth	reactome	hypermethylated	reactome:Azathioprine ADME [R-HSA-9748787]	24	3	0.925564322875772	1
missMethyl_gsameth	reactome	hypermethylated	reactome:Mitochondrial ABC transporters [R-HSA-1369007]	4	0	1	1
missMethyl_gsameth	reactome	hypermethylated	reactome:ABC transporter disorders [R-HSA-5619084]	77	4	0.999915650432127	1
missMethyl_gsameth	reactome	hypermethylated	reactome:Disorders of transmembrane transporters [R-HSA-5619115]	175	25	0.990854163555175	1
missMethyl_gsameth	reactome	hypermethylated	reactome:Defective ABCB6 causes MCOPCB7 [R-HSA-5683371]	1	0	1.00000000001281	1
missMethyl_gsameth	reactome	hypermethylated	reactome:Regulation of CDH11 Expression and Function [R-HSA-9759475]	28	9	0.435428999729445	1
missMethyl_gsameth	reactome	hypermethylated	reactome:Regulation of Homotypic Cell-Cell Adhesion [R-HSA-9759476]	31	10	0.368629318997818	1
missMethyl_gsameth	reactome	hypermethylated	reactome:Regulation of CDH11 function [R-HSA-9762292]	11	3	0.654888727938373	1
missMethyl_gsameth	reactome	hypermethylated	reactome:Regulation of Expression and Function of Type II Classical Cadherins [R-HSA-9764260]	31	10	0.368629318997818	1
missMethyl_gsameth	reactome	hypermethylated	reactome:CDH11 homotypic and heterotypic interactions [R-HSA-9833576]	7	2	0.670027241526427	1
missMethyl_gsameth	reactome	hypermethylated	reactome:ATP sensitive Potassium channels [R-HSA-1296025]	4	1	0.606144624941382	1
missMethyl_gsameth	reactome	hypermethylated	reactome:Inwardly rectifying K+ channels [R-HSA-1296065]	35	9	0.568704924803584	1
missMethyl_gsameth	reactome	hypermethylated	reactome:Ion homeostasis [R-HSA-5578775]	56	19	0.1814495042544	1
missMethyl_gsameth	reactome	hypermethylated	reactome:Defective ABCC9 causes CMD10, ATFB12 and Cantu syndrome [R-HSA-5678420]	2	0	1	1
missMethyl_gsameth	reactome	hypermethylated	reactome:Nuclear events mediated by NFE2L2 [R-HSA-9759194]	95	11	0.997540071183813	1
missMethyl_gsameth	reactome	hypermethylated	reactome:NFE2L2 regulating MDR associated enzymes [R-HSA-9818032]	8	3	0.487948039852838	1
missMethyl_gsameth	reactome	hypermethylated	reactome:Plasma lipoprotein assembly, remodeling, and clearance [R-HSA-174824]	74	16	0.621320294709121	1
missMethyl_gsameth	reactome	hypermethylated	reactome:SUMOylation of intracellular receptors [R-HSA-4090294]	30	13	0.0935165793445525	1
missMethyl_gsameth	reactome	hypermethylated	reactome:VLDLR internalisation and degradation [R-HSA-8866427]	16	4	0.608271307148424	1
missMethyl_gsameth	reactome	hypermethylated	reactome:Plasma lipoprotein clearance [R-HSA-8964043]	37	7	0.858952338590855	1
missMethyl_gsameth	reactome	hypermethylated	reactome:NR1H2 and NR1H3-mediated signaling [R-HSA-9024446]	47	13	0.406158785173782	1
missMethyl_gsameth	reactome	hypermethylated	reactome:NR1H2 & NR1H3 regulate gene expression linked to lipogenesis [R-HSA-9029558]	9	4	0.320921683067551	1
missMethyl_gsameth	reactome	hypermethylated	reactome:NR1H3 & NR1H2 regulate gene expression linked to cholesterol transport and efflux [R-HSA-9029569]	37	13	0.139304018013233	1
missMethyl_gsameth	reactome	hypermethylated	reactome:NR1H2 & NR1H3 regulate gene expression to limit cholesterol uptake [R-HSA-9031525]	5	4	0.04502975541865	0.952415065005574
missMethyl_gsameth	reactome	hypermethylated	reactome:NR1H2 & NR1H3 regulate gene expression linked to triglyceride lipolysis in adipose [R-HSA-9031528]	5	4	0.0381316693856172	0.883659990544954
missMethyl_gsameth	reactome	hypermethylated	reactome:NR1H2 & NR1H3 regulate gene expression to control bile acid homeostasis [R-HSA-9623433]	9	5	0.0809673423053191	1
missMethyl_gsameth	reactome	hypermethylated	reactome:NR1H2 & NR1H3 regulate gene expression linked to gluconeogenesis [R-HSA-9632974]	5	3	0.176429409027879	1
missMethyl_gsameth	reactome	hypermethylated	reactome:Formation of the cornified envelope [R-HSA-6809371]	125	13	0.817964968619617	1
missMethyl_gsameth	reactome	hypermethylated	reactome:Interleukin-1 family signaling [R-HSA-446652]	152	21	0.996195433519878	1
missMethyl_gsameth	reactome	hypermethylated	reactome:Signaling by Interleukins [R-HSA-449147]	465	91	0.876672011144104	1
missMethyl_gsameth	reactome	hypermethylated	reactome:Interleukin-37 signaling [R-HSA-9008059]	21	2	0.986582905083862	1
missMethyl_gsameth	reactome	hypermethylated	reactome:Interleukin-18 signaling [R-HSA-9012546]	8	1	0.719541401938514	1
missMethyl_gsameth	reactome	hypermethylated	reactome:Diseases associated with O-glycosylation of proteins [R-HSA-3906995]	65	25	0.0666680549343368	1
missMethyl_gsameth	reactome	hypermethylated	reactome:Defective GALNT3 causes HFTC [R-HSA-5083625]	15	0	1	1
missMethyl_gsameth	reactome	hypermethylated	reactome:Defective C1GALT1C1 causes TNPS [R-HSA-5083632]	16	0	1	1
missMethyl_gsameth	reactome	hypermethylated	reactome:Defective GALNT12 causes CRCS1 [R-HSA-5083636]	15	0	1	1
missMethyl_gsameth	reactome	hypermethylated	reactome:Dectin-2 family [R-HSA-5621480]	24	2	0.982332402184781	1
missMethyl_gsameth	reactome	hypermethylated	reactome:C-type lectin receptors (CLRs) [R-HSA-5621481]	138	18	0.998995799528415	1
missMethyl_gsameth	reactome	hypermethylated	reactome:Termination of O-glycan biosynthesis [R-HSA-977068]	22	2	0.992647344617976	1
missMethyl_gsameth	reactome	hypermethylated	reactome:snRNP Assembly [R-HSA-191859]	53	4	0.988289457853494	1
missMethyl_gsameth	reactome	hypermethylated	reactome:Metabolism of non-coding RNA [R-HSA-194441]	53	4	0.988289457853494	1
missMethyl_gsameth	reactome	hypermethylated	reactome:Ion transport by P-type ATPases [R-HSA-936837]	57	14	0.682955462358972	1
missMethyl_gsameth	reactome	hypermethylated	reactome:mRNA Splicing - Minor Pathway [R-HSA-72165]	50	2	0.999381210470329	1
missMethyl_gsameth	reactome	hypermethylated	reactome:Heparan sulfate/heparin (HS-GAG) metabolism [R-HSA-1638091]	57	22	0.0901044448401949	1
missMethyl_gsameth	reactome	hypermethylated	reactome:Chondroitin sulfate/dermatan sulfate metabolism [R-HSA-1793185]	50	20	0.0731112245399336	1
missMethyl_gsameth	reactome	hypermethylated	reactome:Metabolism of vitamins and cofactors [R-HSA-196854]	200	36	0.9452293379222	1
missMethyl_gsameth	reactome	hypermethylated	reactome:A tetrasaccharide linker sequence is required for GAG synthesis [R-HSA-1971475]	26	11	0.139485290709717	1
missMethyl_gsameth	reactome	hypermethylated	reactome:HS-GAG biosynthesis [R-HSA-2022928]	31	10	0.45601048442311	1
missMethyl_gsameth	reactome	hypermethylated	reactome:HS-GAG degradation [R-HSA-2024096]	24	7	0.667808146807786	1
missMethyl_gsameth	reactome	hypermethylated	reactome:Diseases associated with glycosaminoglycan metabolism [R-HSA-3560782]	41	10	0.698882939518097	1
missMethyl_gsameth	reactome	hypermethylated	reactome:Defective B4GALT7 causes EDS, progeroid type [R-HSA-3560783]	20	7	0.464732039324733	1
missMethyl_gsameth	reactome	hypermethylated	reactome:Defective B3GAT3 causes JDSSDHD [R-HSA-3560801]	20	7	0.432293375104337	1
missMethyl_gsameth	reactome	hypermethylated	reactome:Defective EXT2 causes exostoses 2 [R-HSA-3656237]	14	4	0.748551129108346	1
missMethyl_gsameth	reactome	hypermethylated	reactome:Defective EXT1 causes exostoses 1, TRPS2 and CHDS [R-HSA-3656253]	14	4	0.748551129108346	1
missMethyl_gsameth	reactome	hypermethylated	reactome:Defective B3GALT6 causes EDSP2 and SEMDJL1 [R-HSA-4420332]	20	7	0.42357909547341	1
missMethyl_gsameth	reactome	hypermethylated	reactome:Metabolism of fat-soluble vitamins [R-HSA-6806667]	48	9	0.779899452614825	1
missMethyl_gsameth	reactome	hypermethylated	reactome:Attachment and Entry [R-HSA-9694614]	19	4	0.841154267064205	1
missMethyl_gsameth	reactome	hypermethylated	reactome:Retinoid metabolism and transport [R-HSA-975634]	44	9	0.705969478940279	1
missMethyl_gsameth	reactome	hypermethylated	reactome:Respiratory syncytial virus (RSV) attachment and entry [R-HSA-9820960]	23	4	0.933635031422413	1
missMethyl_gsameth	reactome	hypermethylated	reactome:Sensory processing of sound [R-HSA-9659379]	75	23	0.344076906141488	1
missMethyl_gsameth	reactome	hypermethylated	reactome:Sensory processing of sound by inner hair cells of the cochlea [R-HSA-9662360]	69	20	0.502223642320717	1
missMethyl_gsameth	reactome	hypermethylated	reactome:Sensory processing of sound by outer hair cells of the cochlea [R-HSA-9662361]	53	15	0.464333051892467	1
missMethyl_gsameth	reactome	hypermethylated	reactome:Epigenetic regulation of gene expression [R-HSA-212165]	240	32	0.99841340960356	1
missMethyl_gsameth	reactome	hypermethylated	reactome:NoRC negatively regulates rRNA expression [R-HSA-427413]	94	14	0.697746847633574	1
missMethyl_gsameth	reactome	hypermethylated	reactome:Negative epigenetic regulation of rRNA expression [R-HSA-5250941]	97	14	0.737891315752757	1
missMethyl_gsameth	reactome	hypermethylated	reactome:rRNA modification in the nucleus and cytosol [R-HSA-6790901]	60	5	0.989133433316308	1
missMethyl_gsameth	reactome	hypermethylated	reactome:Major pathway of rRNA processing in the nucleolus and cytosol [R-HSA-6791226]	183	13	0.999979287269016	1
missMethyl_gsameth	reactome	hypermethylated	reactome:rRNA processing [R-HSA-72312]	203	14	0.999995851741639	1
missMethyl_gsameth	reactome	hypermethylated	reactome:RNA Polymerase I Transcription Termination [R-HSA-73863]	30	3	0.951397768947505	1
missMethyl_gsameth	reactome	hypermethylated	reactome:RNA Polymerase I Transcription [R-HSA-73864]	99	18	0.436832144932287	1
missMethyl_gsameth	reactome	hypermethylated	reactome:rRNA processing in the nucleus and cytosol [R-HSA-8868773]	193	14	0.99998161882948	1
missMethyl_gsameth	reactome	hypermethylated	reactome:Cytochrome P450 - arranged by substrate type [R-HSA-211897]	65	18	0.0776760109715922	1
missMethyl_gsameth	reactome	hypermethylated	reactome:Phase I - Functionalization of compounds [R-HSA-211945]	105	24	0.178890982747798	1
missMethyl_gsameth	reactome	hypermethylated	reactome:Xenobiotics [R-HSA-211981]	24	6	0.225266922566632	1
missMethyl_gsameth	reactome	hypermethylated	reactome:Sphingolipid de novo biosynthesis [R-HSA-1660661]	36	7	0.846009654148119	1
missMethyl_gsameth	reactome	hypermethylated	reactome:Sphingolipid metabolism [R-HSA-428157]	105	20	0.902112999793681	1
missMethyl_gsameth	reactome	hypermethylated	reactome:Tandem pore domain potassium channels [R-HSA-1296346]	12	8	0.00781669392052374	0.400605563426842
missMethyl_gsameth	reactome	hypermethylated	reactome:Tandem of pore domain in a weak inwardly rectifying K+ channels (TWIK) [R-HSA-1299308]	3	1	0.487150709934875	1
missMethyl_gsameth	reactome	hypermethylated	reactome:Phase 4 - resting membrane potential [R-HSA-5576886]	19	11	0.00880944991177833	0.411880421313847
missMethyl_gsameth	reactome	hypermethylated	reactome:Regulation of CDH11 mRNA translation by microRNAs [R-HSA-9759811]	9	1	0.960252026610468	1
missMethyl_gsameth	reactome	hypermethylated	reactome:Dermatan sulfate biosynthesis [R-HSA-2022923]	11	5	0.196425472349968	1
missMethyl_gsameth	reactome	hypermethylated	reactome:mRNA Editing: C to U Conversion [R-HSA-72200]	8	0	1	1
missMethyl_gsameth	reactome	hypermethylated	reactome:mRNA Editing [R-HSA-75072]	10	2	0.439326416197693	1
missMethyl_gsameth	reactome	hypermethylated	reactome:Formation of the Editosome [R-HSA-75094]	8	0	1	1
missMethyl_gsameth	reactome	hypermethylated	reactome:EPH-Ephrin signaling [R-HSA-2682334]	92	38	0.0139143384052711	0.52227763169081
missMethyl_gsameth	reactome	hypermethylated	reactome:EPHB-mediated forward signaling [R-HSA-3928662]	42	16	0.175291099922541	1
missMethyl_gsameth	reactome	hypermethylated	reactome:Clathrin-mediated endocytosis [R-HSA-8856828]	145	28	0.9484611028691	1
missMethyl_gsameth	reactome	hypermethylated	reactome:Amyloid fiber formation [R-HSA-977225]	100	24	0.0319425948775069	0.826475877170446
missMethyl_gsameth	reactome	hypermethylated	reactome:Complex I biogenesis [R-HSA-6799198]	61	2	0.99985788622023	1
missMethyl_gsameth	reactome	hypermethylated	reactome:Degradation of the extracellular matrix [R-HSA-1474228]	139	43	0.0854506564744919	1
missMethyl_gsameth	reactome	hypermethylated	reactome:Extracellular matrix organization [R-HSA-1474244]	299	115	2.27863987678571e-06	0.00101209587860565
missMethyl_gsameth	reactome	hypermethylated	reactome:Cytosolic iron-sulfur cluster assembly [R-HSA-2564830]	13	0	1	1
missMethyl_gsameth	reactome	hypermethylated	reactome:Mitochondrial translation [R-HSA-5368287]	93	5	0.999479024232647	1
missMethyl_gsameth	reactome	hypermethylated	reactome:Mitochondrial translation elongation [R-HSA-5389840]	87	5	0.998686647965265	1
missMethyl_gsameth	reactome	hypermethylated	reactome:CDC42 GTPase cycle [R-HSA-9013148]	152	48	0.26231226030174	1
missMethyl_gsameth	reactome	hypermethylated	reactome:RHOD GTPase cycle [R-HSA-9013405]	51	16	0.288347966911417	1
missMethyl_gsameth	reactome	hypermethylated	reactome:The retinoid cycle in cones (daylight vision) [R-HSA-2187335]	7	1	0.666196166369073	1
missMethyl_gsameth	reactome	hypermethylated	reactome:Retinoid cycle disease events [R-HSA-2453864]	13	4	0.18004940409324	1
missMethyl_gsameth	reactome	hypermethylated	reactome:Diseases associated with visual transduction [R-HSA-2474795]	13	4	0.18004940409324	1
missMethyl_gsameth	reactome	hypermethylated	reactome:Opsins [R-HSA-419771]	9	1	0.66669084196836	1
missMethyl_gsameth	reactome	hypermethylated	reactome:Diseases of the neuronal system [R-HSA-9675143]	13	4	0.18004940409324	1
missMethyl_gsameth	reactome	hypermethylated	reactome:Interferon gamma signaling [R-HSA-877300]	94	26	0.433183195236861	1
missMethyl_gsameth	reactome	hypermethylated	reactome:Reproduction [R-HSA-1474165]	146	37	0.0159523913024042	0.576010938721936
missMethyl_gsameth	reactome	hypermethylated	reactome:Meiosis [R-HSA-1500620]	109	24	0.170093247185428	1
missMethyl_gsameth	reactome	hypermethylated	reactome:DNA Damage/Telomere Stress Induced Senescence [R-HSA-2559586]	71	11	0.695743317847729	1
missMethyl_gsameth	reactome	hypermethylated	reactome:HDR through Single Strand Annealing (SSA) [R-HSA-5685938]	37	4	0.977161216665257	1
missMethyl_gsameth	reactome	hypermethylated	reactome:HDR through Homologous Recombination (HRR) [R-HSA-5685942]	69	8	0.982454155722507	1
missMethyl_gsameth	reactome	hypermethylated	reactome:Resolution of D-Loop Structures [R-HSA-5693537]	36	4	0.962606407107395	1
missMethyl_gsameth	reactome	hypermethylated	reactome:Sensing of DNA Double Strand Breaks [R-HSA-5693548]	6	0	1	1
missMethyl_gsameth	reactome	hypermethylated	reactome:Resolution of D-loop Structures through Synthesis-Dependent Strand Annealing (SDSA) [R-HSA-5693554]	26	4	0.868190715633758	1
missMethyl_gsameth	reactome	hypermethylated	reactome:Recruitment and ATM-mediated phosphorylation of repair and signaling proteins at DNA double strand breaks [R-HSA-5693565]	69	15	0.513278263527768	1
missMethyl_gsameth	reactome	hypermethylated	reactome:HDR through Homologous Recombination (HRR) or Single Strand Annealing (SSA) [R-HSA-5693567]	125	21	0.868241256573646	1
missMethyl_gsameth	reactome	hypermethylated	reactome:Resolution of D-loop Structures through Holliday Junction Intermediates [R-HSA-5693568]	35	4	0.948437309680281	1
missMethyl_gsameth	reactome	hypermethylated	reactome:Nonhomologous End-Joining (NHEJ) [R-HSA-5693571]	60	10	0.778094154604371	1
missMethyl_gsameth	reactome	hypermethylated	reactome:Homologous DNA Pairing and Strand Exchange [R-HSA-5693579]	42	5	0.959778646562699	1
missMethyl_gsameth	reactome	hypermethylated	reactome:DNA Double Strand Break Response [R-HSA-5693606]	70	15	0.534853652564393	1
missMethyl_gsameth	reactome	hypermethylated	reactome:Processing of DNA double-strand break ends [R-HSA-5693607]	89	13	0.91929106277867	1
missMethyl_gsameth	reactome	hypermethylated	reactome:Presynaptic phase of homologous DNA pairing and strand exchange [R-HSA-5693616]	39	4	0.97792226022521	1
missMethyl_gsameth	reactome	hypermethylated	reactome:Regulation of TP53 Activity through Phosphorylation [R-HSA-6804756]	92	8	0.999780190553382	1
missMethyl_gsameth	reactome	hypermethylated	reactome:G2/M DNA damage checkpoint [R-HSA-69473]	86	12	0.945548944673344	1
missMethyl_gsameth	reactome	hypermethylated	reactome:G2/M Checkpoints [R-HSA-69481]	158	15	0.999783044646491	1
missMethyl_gsameth	reactome	hypermethylated	reactome:Meiotic recombination [R-HSA-912446]	77	15	0.230926949345217	1
missMethyl_gsameth	reactome	hypermethylated	reactome:Diseases of DNA repair [R-HSA-9675135]	50	5	0.985140326054104	1
missMethyl_gsameth	reactome	hypermethylated	reactome:Diseases of DNA Double-Strand Break Repair [R-HSA-9675136]	40	4	0.978615233407917	1
missMethyl_gsameth	reactome	hypermethylated	reactome:Defective homologous recombination repair (HRR) due to BRCA2 loss of function [R-HSA-9701190]	40	4	0.978615233407917	1
missMethyl_gsameth	reactome	hypermethylated	reactome:Defective homologous recombination repair (HRR) due to BRCA1 loss of function [R-HSA-9701192]	24	3	0.907131129773656	1
missMethyl_gsameth	reactome	hypermethylated	reactome:Defective homologous recombination repair (HRR) due to PALB2 loss of function [R-HSA-9701193]	24	3	0.907131129773656	1
missMethyl_gsameth	reactome	hypermethylated	reactome:Defective HDR through Homologous Recombination Repair (HRR) due to PALB2 loss of BRCA1 binding function [R-HSA-9704331]	24	3	0.907131129773656	1
missMethyl_gsameth	reactome	hypermethylated	reactome:Defective HDR through Homologous Recombination Repair (HRR) due to PALB2 loss of BRCA2/RAD51/RAD51C binding function [R-HSA-9704646]	24	3	0.907131129773656	1
missMethyl_gsameth	reactome	hypermethylated	reactome:Impaired BRCA2 binding to RAD51 [R-HSA-9709570]	34	3	0.985062181933551	1
missMethyl_gsameth	reactome	hypermethylated	reactome:Impaired BRCA2 binding to PALB2 [R-HSA-9709603]	24	3	0.907131129773656	1
missMethyl_gsameth	reactome	hypermethylated	reactome:Mitotic Telophase/Cytokinesis [R-HSA-68884]	13	0	1	1
missMethyl_gsameth	reactome	hypermethylated	reactome:Kinesins [R-HSA-983189]	58	12	0.730857713724149	1
missMethyl_gsameth	reactome	hypermethylated	reactome:COPII-mediated vesicle transport [R-HSA-204005]	69	11	0.880200576165072	1
missMethyl_gsameth	reactome	hypermethylated	reactome:Cargo concentration in the ER [R-HSA-5694530]	33	5	0.88867357394096	1
missMethyl_gsameth	reactome	hypermethylated	reactome:Regulation of PLK1 Activity at G2/M Transition [R-HSA-2565942]	86	9	0.998543274030124	1
missMethyl_gsameth	reactome	hypermethylated	reactome:HSP90 chaperone cycle for steroid hormone receptors (SHR) in the presence of ligand [R-HSA-3371497]	54	6	0.993940087167844	1
missMethyl_gsameth	reactome	hypermethylated	reactome:Loss of Nlp from mitotic centrosomes [R-HSA-380259]	68	7	0.996985942532838	1
missMethyl_gsameth	reactome	hypermethylated	reactome:Recruitment of mitotic centrosome proteins and complexes [R-HSA-380270]	80	7	0.99970152950503	1
missMethyl_gsameth	reactome	hypermethylated	reactome:Loss of proteins required for interphase microtubule organization from the centrosome [R-HSA-380284]	68	7	0.996985942532838	1
missMethyl_gsameth	reactome	hypermethylated	reactome:Centrosome maturation [R-HSA-380287]	80	7	0.99970152950503	1
missMethyl_gsameth	reactome	hypermethylated	reactome:Recruitment of NuMA to mitotic centrosomes [R-HSA-380320]	92	9	0.999521389033959	1
missMethyl_gsameth	reactome	hypermethylated	reactome:Mitotic G2-G2/M phases [R-HSA-453274]	195	17	0.999999654179785	1
missMethyl_gsameth	reactome	hypermethylated	reactome:Anchoring of the basal body to the plasma membrane [R-HSA-5620912]	96	11	0.997192428646697	1
missMethyl_gsameth	reactome	hypermethylated	reactome:COPI-independent Golgi-to-ER retrograde traffic [R-HSA-6811436]	50	8	0.899542588926364	1
missMethyl_gsameth	reactome	hypermethylated	reactome:G2/M Transition [R-HSA-69275]	193	17	0.999999456581308	1
missMethyl_gsameth	reactome	hypermethylated	reactome:AURKA Activation by TPX2 [R-HSA-8854518]	71	7	0.997854562674267	1
missMethyl_gsameth	reactome	hypermethylated	reactome:Effects of PIP2 hydrolysis [R-HSA-114508]	27	12	0.160511270810912	1
missMethyl_gsameth	reactome	hypermethylated	reactome:Downstream signaling events of B Cell Receptor (BCR) [R-HSA-1168372]	82	8	0.998717070679783	1
missMethyl_gsameth	reactome	hypermethylated	reactome:Activation of RAS in B cells [R-HSA-1169092]	5	0	1	1
missMethyl_gsameth	reactome	hypermethylated	reactome:Fc epsilon receptor (FCERI) signaling [R-HSA-2454202]	133	21	0.989586067870178	1
missMethyl_gsameth	reactome	hypermethylated	reactome:FCERI mediated NF-kB activation [R-HSA-2871837]	81	5	0.999943559032425	1
missMethyl_gsameth	reactome	hypermethylated	reactome:Integrin signaling [R-HSA-354192]	27	8	0.502191769805531	1
missMethyl_gsameth	reactome	hypermethylated	reactome:Rap1 signalling [R-HSA-392517]	16	6	0.348203896994038	1
missMethyl_gsameth	reactome	hypermethylated	reactome:G alpha (q) signalling events [R-HSA-416476]	215	71	0.000102602855559141	0.0191503301177888
missMethyl_gsameth	reactome	hypermethylated	reactome:Platelet Aggregation (Plug Formation) [R-HSA-76009]	39	10	0.546413847988352	1
missMethyl_gsameth	reactome	hypermethylated	reactome:Signaling by the B Cell Receptor (BCR) [R-HSA-983705]	111	16	0.993118449298022	1
missMethyl_gsameth	reactome	hypermethylated	reactome:Signaling by NTRKs [R-HSA-166520]	134	40	0.307165389088988	1
missMethyl_gsameth	reactome	hypermethylated	reactome:Retrograde neurotrophin signalling [R-HSA-177504]	14	4	0.656501835820334	1
missMethyl_gsameth	reactome	hypermethylated	reactome:Signaling by NTRK1 (TRKA) [R-HSA-187037]	115	31	0.508517722761186	1
missMethyl_gsameth	reactome	hypermethylated	reactome:Mitochondrial RNA degradation [R-HSA-9836573]	10	0	1	1
missMethyl_gsameth	reactome	hypermethylated	reactome:Citric acid cycle (TCA cycle) [R-HSA-71403]	34	4	0.91098761522817	1
missMethyl_gsameth	reactome	hypermethylated	reactome:TNFR1-induced proapoptotic signaling [R-HSA-5357786]	25	4	0.898085108660787	1
missMethyl_gsameth	reactome	hypermethylated	reactome:Regulation of TNFR1 signaling [R-HSA-5357905]	48	5	0.995722956492551	1
missMethyl_gsameth	reactome	hypermethylated	reactome:TNFR1-induced NF-kappa-B signaling pathway [R-HSA-5357956]	33	4	0.949766132391579	1
missMethyl_gsameth	reactome	hypermethylated	reactome:TNF signaling [R-HSA-75893]	57	7	0.991356035887887	1
missMethyl_gsameth	reactome	hypermethylated	reactome:TBC/RABGAPs [R-HSA-8854214]	44	8	0.82275147806061	1
missMethyl_gsameth	reactome	hypermethylated	reactome:RHOA GTPase cycle [R-HSA-8980692]	145	42	0.488626743776803	1
missMethyl_gsameth	reactome	hypermethylated	reactome:Antigen Presentation: Folding, assembly and peptide loading of class I MHC [R-HSA-983170]	29	5	0.909665503553308	1
missMethyl_gsameth	reactome	hypermethylated	reactome:BMAL1:CLOCK,NPAS2 activates circadian gene expression [R-HSA-1368108]	27	6	0.817871227536303	1
missMethyl_gsameth	reactome	hypermethylated	reactome:Nicotinate metabolism [R-HSA-196807]	31	9	0.241478944433482	1
missMethyl_gsameth	reactome	hypermethylated	reactome:Metabolism of water-soluble vitamins and cofactors [R-HSA-196849]	127	25	0.800335697868706	1
missMethyl_gsameth	reactome	hypermethylated	reactome:Nicotinamide salvaging [R-HSA-197264]	19	6	0.139940504386511	1
missMethyl_gsameth	reactome	hypermethylated	reactome:Circadian Clock [R-HSA-400253]	68	22	0.246145611820294	1
missMethyl_gsameth	reactome	hypermethylated	reactome:Transcriptional Regulation by NPAS4 [R-HSA-9634815]	34	12	0.277914848662094	1
missMethyl_gsameth	reactome	hypermethylated	reactome:NPAS4 regulates expression of target genes [R-HSA-9768919]	22	10	0.0675135931417813	1
missMethyl_gsameth	reactome	hypermethylated	reactome:Retrograde transport at the Trans-Golgi-Network [R-HSA-6811440]	49	5	0.990504246835739	1
missMethyl_gsameth	reactome	hypermethylated	reactome:SARS-CoV-2 activates/modulates innate and adaptive immune responses [R-HSA-9705671]	117	15	0.990756278282133	1
missMethyl_gsameth	reactome	hypermethylated	reactome:Interleukin-12 family signaling [R-HSA-447115]	56	6	0.982389158633855	1
missMethyl_gsameth	reactome	hypermethylated	reactome:Interleukin-35 Signalling [R-HSA-8984722]	12	1	0.974443671239679	1
missMethyl_gsameth	reactome	hypermethylated	reactome:Interleukin-27 signaling [R-HSA-9020956]	11	2	0.825267553247722	1
missMethyl_gsameth	reactome	hypermethylated	reactome:Semaphorin interactions [R-HSA-373755]	65	29	0.00908102836815722	0.413295280768228
missMethyl_gsameth	reactome	hypermethylated	reactome:Other semaphorin interactions [R-HSA-416700]	19	10	0.036583285676465	0.865558300025152
missMethyl_gsameth	reactome	hypermethylated	reactome:HCMV Early Events [R-HSA-9609690]	125	22	0.570355857012336	1
missMethyl_gsameth	reactome	hypermethylated	reactome:Regulation of endogenous retroelements [R-HSA-9842860]	131	24	0.615130485952337	1
missMethyl_gsameth	reactome	hypermethylated	reactome:Regulation of endogenous retroelements by KRAB-ZFP proteins [R-HSA-9843940]	97	17	0.459585006522814	1
missMethyl_gsameth	reactome	hypermethylated	reactome:Regulation of RAS by GAPs [R-HSA-5658442]	67	5	0.999572324656908	1
missMethyl_gsameth	reactome	hypermethylated	reactome:Lysine catabolism [R-HSA-71064]	12	1	0.941673723001195	1
missMethyl_gsameth	reactome	hypermethylated	reactome:Metabolism of Angiotensinogen to Angiotensins [R-HSA-2022377]	17	2	0.729007116232523	1
missMethyl_gsameth	reactome	hypermethylated	reactome:Peptide hormone metabolism [R-HSA-2980736]	88	22	0.20374975943972	1
missMethyl_gsameth	reactome	hypermethylated	reactome:RHOF GTPase cycle [R-HSA-9035034]	41	14	0.214093184869704	1
missMethyl_gsameth	reactome	hypermethylated	reactome:P2Y receptors [R-HSA-417957]	12	4	0.0625943313689669	1
missMethyl_gsameth	reactome	hypermethylated	reactome:Nucleotide-like (purinergic) receptors [R-HSA-418038]	16	7	0.00914987675997202	0.413295280768228
missMethyl_gsameth	reactome	hypermethylated	reactome:Malate-aspartate shuttle [R-HSA-9856872]	9	1	0.882266760405455	1
missMethyl_gsameth	reactome	hypermethylated	reactome:Urea cycle [R-HSA-70635]	10	2	0.498516530899801	1
missMethyl_gsameth	reactome	hypermethylated	reactome:G0 and Early G1 [R-HSA-1538133]	27	2	0.990387012221747	1
missMethyl_gsameth	reactome	hypermethylated	reactome:Telomere Extension By Telomerase [R-HSA-171319]	23	4	0.828433454152364	1
missMethyl_gsameth	reactome	hypermethylated	reactome:APC/C-mediated degradation of cell cycle proteins [R-HSA-174143]	86	4	0.999993117150431	1
missMethyl_gsameth	reactome	hypermethylated	reactome:Activation of ATR in response to replication stress [R-HSA-176187]	37	4	0.951260575052333	1
missMethyl_gsameth	reactome	hypermethylated	reactome:Regulation of APC/C activators between G1/S and early anaphase [R-HSA-176408]	79	3	0.999995553640103	1
missMethyl_gsameth	reactome	hypermethylated	reactome:SCF(Skp2)-mediated degradation of p27/p21 [R-HSA-187577]	59	4	0.999206661007038	1
missMethyl_gsameth	reactome	hypermethylated	reactome:Senescence-Associated Secretory Phenotype (SASP) [R-HSA-2559582]	100	21	0.281222149053472	1
missMethyl_gsameth	reactome	hypermethylated	reactome:Regulation of mitotic cell cycle [R-HSA-453276]	86	4	0.999993117150431	1
missMethyl_gsameth	reactome	hypermethylated	reactome:TP53 Regulates Transcription of Cell Cycle Genes [R-HSA-6791312]	48	6	0.98514444945783	1
missMethyl_gsameth	reactome	hypermethylated	reactome:TP53 Regulates Transcription of Genes Involved in G1 Cell Cycle Arrest [R-HSA-6804116]	14	5	0.35710046874795	1
missMethyl_gsameth	reactome	hypermethylated	reactome:G2 Phase [R-HSA-68911]	5	1	0.79818549642992	1
missMethyl_gsameth	reactome	hypermethylated	reactome:Orc1 removal from chromatin [R-HSA-68949]	70	6	0.99574852527673	1
missMethyl_gsameth	reactome	hypermethylated	reactome:Activation of the pre-replicative complex [R-HSA-68962]	33	6	0.675666840513838	1
missMethyl_gsameth	reactome	hypermethylated	reactome:DNA Replication Pre-Initiation [R-HSA-69002]	147	18	0.961067801958509	1
missMethyl_gsameth	reactome	hypermethylated	reactome:CDK-mediated phosphorylation and removal of Cdc6 [R-HSA-69017]	71	3	0.999961291922694	1
missMethyl_gsameth	reactome	hypermethylated	reactome:Switching of origins to a post-replicative state [R-HSA-69052]	90	7	0.999267357769251	1
missMethyl_gsameth	reactome	hypermethylated	reactome:Phosphorylation of proteins involved in G1/S transition by active Cyclin E:Cdk2 complexes [R-HSA-69200]	4	0	1	1
missMethyl_gsameth	reactome	hypermethylated	reactome:Cyclin D associated events in G1 [R-HSA-69231]	46	12	0.497943130709006	1
missMethyl_gsameth	reactome	hypermethylated	reactome:G1 Phase [R-HSA-69236]	46	12	0.497943130709006	1
missMethyl_gsameth	reactome	hypermethylated	reactome:Synthesis of DNA [R-HSA-69239]	119	10	0.999826674223665	1
missMethyl_gsameth	reactome	hypermethylated	reactome:Cyclin A/B1/B2 associated events during G2/M transition [R-HSA-69273]	24	2	0.968087339315759	1
missMethyl_gsameth	reactome	hypermethylated	reactome:DNA Replication [R-HSA-69306]	175	21	0.986402813231891	1
missMethyl_gsameth	reactome	hypermethylated	reactome:p53-Dependent G1 DNA Damage Response [R-HSA-69563]	65	4	0.999677383034359	1
missMethyl_gsameth	reactome	hypermethylated	reactome:p53-Dependent G1/S DNA damage checkpoint [R-HSA-69580]	65	4	0.999677383034359	1
missMethyl_gsameth	reactome	hypermethylated	reactome:G1/S DNA Damage Checkpoints [R-HSA-69615]	67	4	0.999758096334531	1
missMethyl_gsameth	reactome	hypermethylated	reactome:Signaling by PTK6 [R-HSA-8848021]	54	13	0.691425002778331	1
missMethyl_gsameth	reactome	hypermethylated	reactome:PTK6 Regulates Cell Cycle [R-HSA-8849470]	6	1	0.833980002814523	1
missMethyl_gsameth	reactome	hypermethylated	reactome:Signaling by Non-Receptor Tyrosine Kinases [R-HSA-9006927]	54	13	0.691425002778331	1
missMethyl_gsameth	reactome	hypermethylated	reactome:Transcriptional regulation of granulopoiesis [R-HSA-9616222]	79	20	0.123207948710171	1
missMethyl_gsameth	reactome	hypermethylated	reactome:Aberrant regulation of mitotic G1/S transition in cancer due to RB1 defects [R-HSA-9659787]	17	5	0.654166385075409	1
missMethyl_gsameth	reactome	hypermethylated	reactome:Defective binding of RB1 mutants to E2F1,(E2F2, E2F3) [R-HSA-9661069]	17	5	0.654166385075409	1
missMethyl_gsameth	reactome	hypermethylated	reactome:Diseases of mitotic cell cycle [R-HSA-9675126]	37	7	0.874495883872691	1
missMethyl_gsameth	reactome	hypermethylated	reactome:Aberrant regulation of mitotic cell cycle due to RB1 defects [R-HSA-9687139]	35	6	0.910915030563712	1
missMethyl_gsameth	reactome	hypermethylated	reactome:Regulation of MITF-M-dependent genes involved in cell cycle and proliferation [R-HSA-9825892]	17	6	0.420602618652695	1
missMethyl_gsameth	reactome	hypermethylated	reactome:MITF-M-dependent gene expression [R-HSA-9856651]	88	19	0.890453370045409	1
missMethyl_gsameth	reactome	hypermethylated	reactome:The canonical retinoid cycle in rods (twilight vision) [R-HSA-2453902]	23	4	0.589047435426535	1
missMethyl_gsameth	reactome	hypermethylated	reactome:Signaling by Retinoic Acid [R-HSA-5362517]	43	13	0.160451448502348	1
missMethyl_gsameth	reactome	hypermethylated	reactome:RA biosynthesis pathway [R-HSA-5365859]	22	6	0.269288352954847	1
missMethyl_gsameth	reactome	hypermethylated	reactome:Smooth Muscle Contraction [R-HSA-445355]	45	18	0.0529512048104713	0.989421538686022
missMethyl_gsameth	reactome	hypermethylated	reactome:Regulation of endogenous retroelements by the Human Silencing Hub (HUSH) complex [R-HSA-9843970]	60	12	0.1312736359745	1
missMethyl_gsameth	reactome	hypermethylated	reactome:Signaling by LTK [R-HSA-9842663]	12	6	0.116983678058874	1
missMethyl_gsameth	reactome	hypermethylated	reactome:Transport of the SLBP independent Mature mRNA [R-HSA-159227]	34	2	0.994607316303006	1
missMethyl_gsameth	reactome	hypermethylated	reactome:Transport of the SLBP Dependant Mature mRNA [R-HSA-159230]	35	2	0.995446439978934	1
missMethyl_gsameth	reactome	hypermethylated	reactome:Transport of Mature mRNA Derived from an Intronless Transcript [R-HSA-159231]	41	3	0.993999832355719	1
missMethyl_gsameth	reactome	hypermethylated	reactome:Transport of Mature mRNAs Derived from Intronless Transcripts [R-HSA-159234]	42	3	0.99486048553004	1
missMethyl_gsameth	reactome	hypermethylated	reactome:Transport of Mature mRNA derived from an Intron-Containing Transcript [R-HSA-159236]	74	2	0.999997633027463	1
missMethyl_gsameth	reactome	hypermethylated	reactome:mRNA 3'-end processing [R-HSA-72187]	58	1	0.999997729872131	1
missMethyl_gsameth	reactome	hypermethylated	reactome:Transport of Mature Transcript to Cytoplasm [R-HSA-72202]	83	3	0.99999755833411	1
missMethyl_gsameth	reactome	hypermethylated	reactome:RNA Polymerase II Transcription Termination [R-HSA-73856]	67	3	0.999943180599245	1
missMethyl_gsameth	reactome	hypermethylated	reactome:Oncogene Induced Senescence [R-HSA-2559585]	33	5	0.928185903651782	1
missMethyl_gsameth	reactome	hypermethylated	reactome:RMTs methylate histone arginines [R-HSA-3214858]	74	14	0.37790222466903	1
missMethyl_gsameth	reactome	hypermethylated	reactome:Chromatin modifying enzymes [R-HSA-3247509]	260	39	0.999093988358788	1
missMethyl_gsameth	reactome	hypermethylated	reactome:Chromatin organization [R-HSA-4839726]	260	39	0.999093988358788	1
missMethyl_gsameth	reactome	hypermethylated	reactome:Ubiquitin-dependent degradation of Cyclin D [R-HSA-75815]	51	0	1	1
missMethyl_gsameth	reactome	hypermethylated	reactome:Diseases of Cellular Senescence [R-HSA-9630747]	3	2	0.190975713371893	1
missMethyl_gsameth	reactome	hypermethylated	reactome:Evasion of Oncogene Induced Senescence Due to p16INK4A Defects [R-HSA-9630750]	3	2	0.190975713371893	1
missMethyl_gsameth	reactome	hypermethylated	reactome:Evasion of Oncogene Induced Senescence Due to Defective p16INK4A binding to CDK4 [R-HSA-9630791]	2	1	0.349075929816633	1
missMethyl_gsameth	reactome	hypermethylated	reactome:Evasion of Oncogene Induced Senescence Due to Defective p16INK4A binding to CDK4 and CDK6 [R-HSA-9630794]	3	2	0.190975713371893	1
missMethyl_gsameth	reactome	hypermethylated	reactome:Evasion of Oxidative Stress Induced Senescence Due to p16INK4A Defects [R-HSA-9632693]	3	2	0.190975713371893	1
missMethyl_gsameth	reactome	hypermethylated	reactome:Evasion of Oxidative Stress Induced Senescence Due to Defective p16INK4A binding to CDK4 [R-HSA-9632697]	2	1	0.349075929816633	1
missMethyl_gsameth	reactome	hypermethylated	reactome:Evasion of Oxidative Stress Induced Senescence Due to Defective p16INK4A binding to CDK4 and CDK6 [R-HSA-9632700]	3	2	0.190975713371893	1
missMethyl_gsameth	reactome	hypermethylated	reactome:Diseases of cellular response to stress [R-HSA-9675132]	3	2	0.190975713371893	1
missMethyl_gsameth	reactome	hypermethylated	reactome:Drug-mediated inhibition of CDK4/CDK6 activity [R-HSA-9754119]	5	3	0.312304355285462	1
missMethyl_gsameth	reactome	hypermethylated	reactome:Diseases associated with N-glycosylation of proteins [R-HSA-3781860]	20	1	0.986787980345325	1
missMethyl_gsameth	reactome	hypermethylated	reactome:Defective ALG3 causes CDG-1d [R-HSA-4720475]	1	0	0.999999999962788	1
missMethyl_gsameth	reactome	hypermethylated	reactome:Protein methylation [R-HSA-8876725]	19	2	0.940398266202006	1
missMethyl_gsameth	reactome	hypermethylated	reactome:Activation of NF-kappaB in B cells [R-HSA-1169091]	66	3	0.999954508196073	1
missMethyl_gsameth	reactome	hypermethylated	reactome:Cellular response to hypoxia [R-HSA-1234174]	74	6	0.999258449530016	1
missMethyl_gsameth	reactome	hypermethylated	reactome:Oxygen-dependent proline hydroxylation of Hypoxia-inducible Factor Alpha [R-HSA-1234176]	65	2	0.999994909152199	1
missMethyl_gsameth	reactome	hypermethylated	reactome:ER-Phagosome pathway [R-HSA-1236974]	89	3	0.999999524683538	1
missMethyl_gsameth	reactome	hypermethylated	reactome:Antigen processing-Cross presentation [R-HSA-1236975]	104	6	0.999987540510306	1
missMethyl_gsameth	reactome	hypermethylated	reactome:Cross-presentation of soluble exogenous antigens (endosomes) [R-HSA-1236978]	48	1	0.999950615473343	1
missMethyl_gsameth	reactome	hypermethylated	reactome:Regulation of Apoptosis [R-HSA-169911]	52	1	0.999988342318105	1
missMethyl_gsameth	reactome	hypermethylated	reactome:Autodegradation of Cdh1 by Cdh1:APC/C [R-HSA-174084]	62	1	0.999998268039078	1
missMethyl_gsameth	reactome	hypermethylated	reactome:SCF-beta-TrCP mediated degradation of Emi1 [R-HSA-174113]	54	1	0.999994343195383	1
missMethyl_gsameth	reactome	hypermethylated	reactome:APC/C:Cdc20 mediated degradation of Securin [R-HSA-174154]	66	1	0.999998737251234	1
missMethyl_gsameth	reactome	hypermethylated	reactome:APC/C:Cdh1 mediated degradation of Cdc20 and other APC/C:Cdh1 targeted proteins in late mitosis/early G1 [R-HSA-174178]	72	2	0.999995743517347	1
missMethyl_gsameth	reactome	hypermethylated	reactome:Cdc20:Phospho-APC/C mediated degradation of Cyclin A [R-HSA-174184]	71	2	0.999995913742129	1
missMethyl_gsameth	reactome	hypermethylated	reactome:APC/C:Cdc20 mediated degradation of mitotic proteins [R-HSA-176409]	74	2	0.999997330908964	1
missMethyl_gsameth	reactome	hypermethylated	reactome:Activation of APC/C and APC/C:Cdc20 mediated degradation of mitotic proteins [R-HSA-176814]	75	2	0.99999776272397	1
missMethyl_gsameth	reactome	hypermethylated	reactome:APC:Cdc20 mediated degradation of cell cycle proteins prior to satisfation of the cell cycle checkpoint [R-HSA-179419]	72	2	0.99999651196635	1
missMethyl_gsameth	reactome	hypermethylated	reactome:Vpu mediated degradation of CD4 [R-HSA-180534]	51	0	1	1
missMethyl_gsameth	reactome	hypermethylated	reactome:Vif-mediated degradation of APOBEC3G [R-HSA-180585]	53	0	1	1
missMethyl_gsameth	reactome	hypermethylated	reactome:TCR signaling [R-HSA-202403]	117	13	0.999842998148933	1
missMethyl_gsameth	reactome	hypermethylated	reactome:Downstream TCR signaling [R-HSA-202424]	95	7	0.999992137652219	1
missMethyl_gsameth	reactome	hypermethylated	reactome:Regulation of activated PAK-2p34 by proteasome mediated degradation [R-HSA-211733]	49	0	1	1
missMethyl_gsameth	reactome	hypermethylated	reactome:Autodegradation of the E3 ubiquitin ligase COP1 [R-HSA-349425]	51	0	1	1
missMethyl_gsameth	reactome	hypermethylated	reactome:Regulation of ornithine decarboxylase (ODC) [R-HSA-350562]	50	2	0.999670149274815	1
missMethyl_gsameth	reactome	hypermethylated	reactome:Metabolism of polyamines [R-HSA-351202]	58	3	0.999705179860424	1
missMethyl_gsameth	reactome	hypermethylated	reactome:Signaling by ROBO receptors [R-HSA-376176]	216	29	0.999368875085325	1
missMethyl_gsameth	reactome	hypermethylated	reactome:Beta-catenin independent WNT signaling [R-HSA-3858494]	145	22	0.999239138935861	1
missMethyl_gsameth	reactome	hypermethylated	reactome:PCP/CE pathway [R-HSA-4086400]	91	8	0.999964128499483	1
missMethyl_gsameth	reactome	hypermethylated	reactome:AUF1 (hnRNP D0) binds and destabilizes mRNA [R-HSA-450408]	55	1	0.999995859783725	1
missMethyl_gsameth	reactome	hypermethylated	reactome:Regulation of mRNA stability by proteins that bind AU-rich elements [R-HSA-450531]	87	5	0.999979412146997	1
missMethyl_gsameth	reactome	hypermethylated	reactome:Asymmetric localization of PCP proteins [R-HSA-4608870]	63	2	0.999995632927967	1
missMethyl_gsameth	reactome	hypermethylated	reactome:Degradation of AXIN [R-HSA-4641257]	54	0	1	1
missMethyl_gsameth	reactome	hypermethylated	reactome:Degradation of DVL [R-HSA-4641258]	56	1	0.999995940149018	1
missMethyl_gsameth	reactome	hypermethylated	reactome:Hedgehog ligand biogenesis [R-HSA-5358346]	64	4	0.999733528697077	1
missMethyl_gsameth	reactome	hypermethylated	reactome:Signaling by Hedgehog [R-HSA-5358351]	147	29	0.905629843159949	1
missMethyl_gsameth	reactome	hypermethylated	reactome:Hh mutants are degraded by ERAD [R-HSA-5362768]	55	1	0.999990847376927	1
missMethyl_gsameth	reactome	hypermethylated	reactome:Hh mutants abrogate ligand secretion [R-HSA-5387390]	58	3	0.99969620936147	1
missMethyl_gsameth	reactome	hypermethylated	reactome:Dectin-1 mediated noncanonical NF-kB signaling [R-HSA-5607761]	59	2	0.999978707186609	1
missMethyl_gsameth	reactome	hypermethylated	reactome:CLEC7A (Dectin-1) signaling [R-HSA-5607764]	100	13	0.996573389270427	1
missMethyl_gsameth	reactome	hypermethylated	reactome:Degradation of GLI1 by the proteasome [R-HSA-5610780]	59	2	0.999962172793163	1
missMethyl_gsameth	reactome	hypermethylated	reactome:Degradation of GLI2 by the proteasome [R-HSA-5610783]	59	3	0.999826881373785	1
missMethyl_gsameth	reactome	hypermethylated	reactome:GLI3 is processed to GLI3R by the proteasome [R-HSA-5610785]	59	3	0.999826250483188	1
missMethyl_gsameth	reactome	hypermethylated	reactome:Hedgehog 'off' state [R-HSA-5610787]	111	18	0.967790423697529	1
missMethyl_gsameth	reactome	hypermethylated	reactome:Hedgehog 'on' state [R-HSA-5632684]	84	13	0.969305790793816	1
missMethyl_gsameth	reactome	hypermethylated	reactome:TNFR2 non-canonical NF-kB pathway [R-HSA-5668541]	100	10	0.997778280756905	1
missMethyl_gsameth	reactome	hypermethylated	reactome:NIK-->noncanonical NF-kB signaling [R-HSA-5676590]	58	2	0.999973606229312	1
missMethyl_gsameth	reactome	hypermethylated	reactome:Defective CFTR causes cystic fibrosis [R-HSA-5678895]	60	1	0.99999720980693	1
missMethyl_gsameth	reactome	hypermethylated	reactome:MAPK6/MAPK4 signaling [R-HSA-5687128]	88	7	0.999956718494144	1
missMethyl_gsameth	reactome	hypermethylated	reactome:UCH proteinases [R-HSA-5689603]	101	8	0.999124439887191	1
missMethyl_gsameth	reactome	hypermethylated	reactome:Assembly of the pre-replicative complex [R-HSA-68867]	130	16	0.926917317065976	1
missMethyl_gsameth	reactome	hypermethylated	reactome:Stabilization of p53 [R-HSA-69541]	56	1	0.999993937594001	1
missMethyl_gsameth	reactome	hypermethylated	reactome:Ubiquitin Mediated Degradation of Phosphorylated Cdc25A [R-HSA-69601]	51	0	1	1
missMethyl_gsameth	reactome	hypermethylated	reactome:p53-Independent DNA Damage Response [R-HSA-69610]	51	0	1	1
missMethyl_gsameth	reactome	hypermethylated	reactome:p53-Independent G1/S DNA damage checkpoint [R-HSA-69613]	51	0	1	1
missMethyl_gsameth	reactome	hypermethylated	reactome:The role of GTSE1 in G2/M progression after G2 checkpoint [R-HSA-8852276]	75	4	0.999927016667137	1
missMethyl_gsameth	reactome	hypermethylated	reactome:FBXL7 down-regulates AURKA during mitotic entry and in early mitosis [R-HSA-8854050]	54	3	0.999408989209513	1
missMethyl_gsameth	reactome	hypermethylated	reactome:RUNX1 regulates transcription of genes involved in differentiation of HSCs [R-HSA-8939236]	118	17	0.904201109418742	1
missMethyl_gsameth	reactome	hypermethylated	reactome:Regulation of RUNX2 expression and activity [R-HSA-8939902]	71	9	0.989005655928426	1
missMethyl_gsameth	reactome	hypermethylated	reactome:Regulation of RUNX3 expression and activity [R-HSA-8941858]	54	3	0.999560373163087	1
missMethyl_gsameth	reactome	hypermethylated	reactome:Regulation of expression of SLITs and ROBOs [R-HSA-9010553]	171	14	0.999983116561987	1
missMethyl_gsameth	reactome	hypermethylated	reactome:Interleukin-1 signaling [R-HSA-9020702]	114	17	0.981629802906739	1
missMethyl_gsameth	reactome	hypermethylated	reactome:Negative regulation of NOTCH4 signaling [R-HSA-9604323]	53	2	0.999954619858591	1
missMethyl_gsameth	reactome	hypermethylated	reactome:GSK3B and BTRC:CUL1-mediated-degradation of NFE2L2 [R-HSA-9762114]	51	2	0.999854354452127	1
missMethyl_gsameth	reactome	hypermethylated	reactome:Somitogenesis [R-HSA-9824272]	54	6	0.988459090138423	1
missMethyl_gsameth	reactome	hypermethylated	reactome:Collagen degradation [R-HSA-1442490]	63	21	0.104673566740701	1
missMethyl_gsameth	reactome	hypermethylated	reactome:Signaling by EGFR [R-HSA-177929]	53	13	0.66067410125974	1
missMethyl_gsameth	reactome	hypermethylated	reactome:Activated NOTCH1 Transmits Signal to the Nucleus [R-HSA-2122948]	31	11	0.21578435378606	1
missMethyl_gsameth	reactome	hypermethylated	reactome:Signaling by NOTCH1 t(7;9)(NOTCH1:M1580_K2555) Translocation Mutant [R-HSA-2660825]	7	3	0.435328029672375	1
missMethyl_gsameth	reactome	hypermethylated	reactome:Constitutive Signaling by NOTCH1 t(7;9)(NOTCH1:M1580_K2555) Translocation Mutant [R-HSA-2660826]	7	3	0.435328029672375	1
missMethyl_gsameth	reactome	hypermethylated	reactome:Signaling by NOTCH1 HD Domain Mutants in Cancer [R-HSA-2691230]	15	5	0.472632451651719	1
missMethyl_gsameth	reactome	hypermethylated	reactome:Constitutive Signaling by NOTCH1 HD Domain Mutants [R-HSA-2691232]	15	5	0.472632451651719	1
missMethyl_gsameth	reactome	hypermethylated	reactome:NOTCH2 Activation and Transmission of Signal to the Nucleus [R-HSA-2979096]	22	5	0.679770244578069	1
missMethyl_gsameth	reactome	hypermethylated	reactome:EPH-ephrin mediated repulsion of cells [R-HSA-3928665]	51	20	0.13468652245202	1
missMethyl_gsameth	reactome	hypermethylated	reactome:NOTCH3 Activation and Transmission of Signal to the Nucleus [R-HSA-9013507]	25	8	0.373352537016813	1
missMethyl_gsameth	reactome	hypermethylated	reactome:NOTCH4 Activation and Transmission of Signal to the Nucleus [R-HSA-9013700]	11	3	0.537366435573843	1
missMethyl_gsameth	reactome	hypermethylated	reactome:Opioid Signalling [R-HSA-111885]	92	28	0.36116205936394	1
missMethyl_gsameth	reactome	hypermethylated	reactome:DARPP-32 events [R-HSA-180024]	26	7	0.589557849273655	1
missMethyl_gsameth	reactome	hypermethylated	reactome:Nuclear Events (kinase and transcription factor activation) [R-HSA-198725]	61	18	0.303579068846022	1
missMethyl_gsameth	reactome	hypermethylated	reactome:CRMPs in Sema3A signaling [R-HSA-399956]	16	12	0.00200292791522743	0.172187190131648
missMethyl_gsameth	reactome	hypermethylated	reactome:Signaling by NTRK2 (TRKB) [R-HSA-9006115]	25	10	0.188128564399988	1
missMethyl_gsameth	reactome	hypermethylated	reactome:NGF-stimulated transcription [R-HSA-9031628]	39	14	0.0884656551515056	1
missMethyl_gsameth	reactome	hypermethylated	reactome:Activated NTRK2 signals through CDK5 [R-HSA-9032845]	6	3	0.298301340834201	1
missMethyl_gsameth	reactome	hypermethylated	reactome:Class B/2 (Secretin family receptors) [R-HSA-373080]	93	34	0.00678479303318467	0.369009661906881
missMethyl_gsameth	reactome	hypermethylated	reactome:G alpha (s) signalling events [R-HSA-418555]	156	52	0.00177906916584937	0.162715197549767
missMethyl_gsameth	reactome	hypermethylated	reactome:Calcitonin-like ligand receptors [R-HSA-419812]	10	4	0.197168976999773	1
missMethyl_gsameth	reactome	hypermethylated	reactome:N-glycan trimming in the ER and Calnexin/Calreticulin cycle [R-HSA-532668]	35	3	0.989141185958156	1
missMethyl_gsameth	reactome	hypermethylated	reactome:ER Quality Control Compartment (ERQC) [R-HSA-901032]	21	2	0.962208383197766	1
missMethyl_gsameth	reactome	hypermethylated	reactome:Calnexin/calreticulin cycle [R-HSA-901042]	26	2	0.985343344166444	1
missMethyl_gsameth	reactome	hypermethylated	reactome:Regulation of RUNX1 Expression and Activity [R-HSA-8934593]	17	6	0.524057364404086	1
missMethyl_gsameth	reactome	hypermethylated	reactome:SUMOylation of SUMOylation proteins [R-HSA-4085377]	34	3	0.970910043029413	1
missMethyl_gsameth	reactome	hypermethylated	reactome:SUMOylation of immune response proteins [R-HSA-4755510]	12	3	0.501897194487951	1
missMethyl_gsameth	reactome	hypermethylated	reactome:Protein-protein interactions at synapses [R-HSA-6794362]	86	40	0.00275870322108568	0.20422066900537
missMethyl_gsameth	reactome	hypermethylated	reactome:Synaptic adhesion-like molecules [R-HSA-8849932]	21	11	0.0536624093800152	0.989421538686022
missMethyl_gsameth	reactome	hypermethylated	reactome:RHOB GTPase cycle [R-HSA-9013026]	69	23	0.278218296067089	1
missMethyl_gsameth	reactome	hypermethylated	reactome:RHOC GTPase cycle [R-HSA-9013106]	71	24	0.211648648847156	1
missMethyl_gsameth	reactome	hypermethylated	reactome:Metalloprotease DUBs [R-HSA-5689901]	37	3	0.941715240512453	1
missMethyl_gsameth	reactome	hypermethylated	reactome:Interconversion of nucleotide di- and triphosphates [R-HSA-499943]	29	5	0.844136388833258	1
missMethyl_gsameth	reactome	hypermethylated	reactome:Formation of RNA Pol II elongation complex [R-HSA-112382]	57	3	0.999662874431517	1
missMethyl_gsameth	reactome	hypermethylated	reactome:Formation of the Early Elongation Complex [R-HSA-113418]	32	1	0.999455980664493	1
missMethyl_gsameth	reactome	hypermethylated	reactome:Formation of HIV elongation complex in the absence of HIV Tat [R-HSA-167152]	44	2	0.999445725815923	1
missMethyl_gsameth	reactome	hypermethylated	reactome:Formation of the HIV-1 Early Elongation Complex [R-HSA-167158]	32	1	0.999455980664493	1
missMethyl_gsameth	reactome	hypermethylated	reactome:RNA Pol II CTD phosphorylation and interaction with CE during HIV infection [R-HSA-167160]	26	1	0.996131509548073	1
missMethyl_gsameth	reactome	hypermethylated	reactome:HIV Transcription Initiation [R-HSA-167161]	46	2	0.999338205551379	1
missMethyl_gsameth	reactome	hypermethylated	reactome:RNA Polymerase II HIV Promoter Escape [R-HSA-167162]	46	2	0.999338205551379	1
missMethyl_gsameth	reactome	hypermethylated	reactome:HIV Transcription Elongation [R-HSA-167169]	42	1	0.999940900020904	1
missMethyl_gsameth	reactome	hypermethylated	reactome:Transcription of the HIV genome [R-HSA-167172]	69	3	0.999970892547642	1
missMethyl_gsameth	reactome	hypermethylated	reactome:Formation of HIV-1 elongation complex containing HIV-1 Tat [R-HSA-167200]	42	1	0.999940900020904	1
missMethyl_gsameth	reactome	hypermethylated	reactome:Tat-mediated elongation of the HIV-1 transcript [R-HSA-167246]	42	1	0.999940900020904	1
missMethyl_gsameth	reactome	hypermethylated	reactome:RNA Polymerase II Pre-transcription Events [R-HSA-674695]	80	4	0.999971181762721	1
missMethyl_gsameth	reactome	hypermethylated	reactome:TP53 Regulates Transcription of DNA Repair Genes [R-HSA-6796648]	61	3	0.999961680270251	1
missMethyl_gsameth	reactome	hypermethylated	reactome:RNA polymerase II transcribes snRNA genes [R-HSA-6807505]	74	7	0.995285562953821	1
missMethyl_gsameth	reactome	hypermethylated	reactome:mRNA Capping [R-HSA-72086]	28	1	0.99751797763488	1
missMethyl_gsameth	reactome	hypermethylated	reactome:RNA Polymerase I Transcription Initiation [R-HSA-73762]	46	5	0.98390484504783	1
missMethyl_gsameth	reactome	hypermethylated	reactome:RNA Polymerase I Promoter Escape [R-HSA-73772]	79	13	0.390188173105312	1
missMethyl_gsameth	reactome	hypermethylated	reactome:RNA Polymerase II Promoter Escape [R-HSA-73776]	46	2	0.999338205551379	1
missMethyl_gsameth	reactome	hypermethylated	reactome:RNA Polymerase II Transcription Pre-Initiation And Promoter Opening [R-HSA-73779]	46	2	0.999338205551379	1
missMethyl_gsameth	reactome	hypermethylated	reactome:RNA Polymerase I Promoter Clearance [R-HSA-73854]	98	17	0.502113960686916	1
missMethyl_gsameth	reactome	hypermethylated	reactome:RNA Polymerase II Transcription Initiation [R-HSA-75953]	46	2	0.999338205551379	1
missMethyl_gsameth	reactome	hypermethylated	reactome:RNA Polymerase II Transcription Elongation [R-HSA-75955]	57	3	0.999662874431517	1
missMethyl_gsameth	reactome	hypermethylated	reactome:RNA Polymerase II Transcription Initiation And Promoter Clearance [R-HSA-76042]	46	2	0.999338205551379	1
missMethyl_gsameth	reactome	hypermethylated	reactome:RNA Pol II CTD phosphorylation and interaction with CE [R-HSA-77075]	26	1	0.996131509548073	1
missMethyl_gsameth	reactome	hypermethylated	reactome:Triglyceride catabolism [R-HSA-163560]	24	6	0.378856177523195	1
missMethyl_gsameth	reactome	hypermethylated	reactome:Triglyceride metabolism [R-HSA-8979227]	37	8	0.417273707257282	1
missMethyl_gsameth	reactome	hypermethylated	reactome:Lipophagy [R-HSA-9613354]	9	0	1	1
missMethyl_gsameth	reactome	hypermethylated	reactome:RHOBTB3 ATPase cycle [R-HSA-9706019]	10	2	0.76550177151703	1
missMethyl_gsameth	reactome	hypermethylated	reactome:Intra-Golgi traffic [R-HSA-6811438]	44	7	0.890719487369723	1
missMethyl_gsameth	reactome	hypermethylated	reactome:Ubiquinol biosynthesis [R-HSA-2142789]	13	1	0.946621779836287	1
missMethyl_gsameth	reactome	hypermethylated	reactome:Metabolism of cofactors [R-HSA-8978934]	27	2	0.989156572378592	1
missMethyl_gsameth	reactome	hypermethylated	reactome:Chaperonin-mediated protein folding [R-HSA-390466]	89	12	0.979834523333112	1
missMethyl_gsameth	reactome	hypermethylated	reactome:Association of TriC/CCT with target proteins during biosynthesis [R-HSA-390471]	38	2	0.998227919906297	1
missMethyl_gsameth	reactome	hypermethylated	reactome:Protein folding [R-HSA-391251]	95	13	0.981109880714274	1
missMethyl_gsameth	reactome	hypermethylated	reactome:Signaling by TGF-beta Receptor Complex [R-HSA-170834]	94	26	0.328624968209641	1
missMethyl_gsameth	reactome	hypermethylated	reactome:Transcriptional activity of SMAD2/SMAD3:SMAD4 heterotrimer [R-HSA-2173793]	51	9	0.879736617633776	1
missMethyl_gsameth	reactome	hypermethylated	reactome:SMAD2/SMAD3:SMAD4 heterotrimer regulates transcription [R-HSA-2173796]	36	7	0.74491188160327	1
missMethyl_gsameth	reactome	hypermethylated	reactome:Signaling by TGFB family members [R-HSA-9006936]	158	49	0.0560985077236898	0.989421538686022
missMethyl_gsameth	reactome	hypermethylated	reactome:Mitochondrial translation initiation [R-HSA-5368286]	87	5	0.998871996839568	1
missMethyl_gsameth	reactome	hypermethylated	reactome:Mitochondrial translation termination [R-HSA-5419276]	87	5	0.998568069118093	1
missMethyl_gsameth	reactome	hypermethylated	reactome:Ca2+ activated K+ channels [R-HSA-1296052]	9	5	0.0993160572605701	1
missMethyl_gsameth	reactome	hypermethylated	reactome:Nitric oxide stimulates guanylate cyclase [R-HSA-392154]	22	9	0.246405429988611	1
missMethyl_gsameth	reactome	hypermethylated	reactome:Platelet homeostasis [R-HSA-418346]	88	27	0.356431525774554	1
missMethyl_gsameth	reactome	hypermethylated	reactome:cGMP effects [R-HSA-418457]	16	8	0.121386716529168	1
missMethyl_gsameth	reactome	hypermethylated	reactome:Molybdenum cofactor biosynthesis [R-HSA-947581]	6	0	1	1
missMethyl_gsameth	reactome	hypermethylated	reactome:Threonine catabolism [R-HSA-8849175]	4	0	1	1
missMethyl_gsameth	reactome	hypermethylated	reactome:tRNA processing in the nucleus [R-HSA-6784531]	57	2	0.999876905986505	1
missMethyl_gsameth	reactome	hypermethylated	reactome:tRNA processing [R-HSA-72306]	107	4	0.999999385524395	1
missMethyl_gsameth	reactome	hypermethylated	reactome:Amino Acid conjugation [R-HSA-156587]	8	0	1	1
missMethyl_gsameth	reactome	hypermethylated	reactome:Conjugation of carboxylic acids [R-HSA-159424]	8	0	1	1
missMethyl_gsameth	reactome	hypermethylated	reactome:Conjugation of salicylate with glycine [R-HSA-177128]	7	0	1	1
missMethyl_gsameth	reactome	hypermethylated	reactome:Conjugation of benzoate with glycine [R-HSA-177135]	5	0	1	1
missMethyl_gsameth	reactome	hypermethylated	reactome:Aspirin ADME [R-HSA-9749641]	43	5	0.526264083234512	1
missMethyl_gsameth	reactome	hypermethylated	reactome:Pausing and recovery of Tat-mediated HIV elongation [R-HSA-167238]	31	1	0.999334011825256	1
missMethyl_gsameth	reactome	hypermethylated	reactome:Tat-mediated HIV elongation arrest and recovery [R-HSA-167243]	31	1	0.999334011825256	1
missMethyl_gsameth	reactome	hypermethylated	reactome:HIV elongation arrest and recovery [R-HSA-167287]	33	2	0.995138167792722	1
missMethyl_gsameth	reactome	hypermethylated	reactome:Pausing and recovery of HIV elongation [R-HSA-167290]	33	2	0.995138167792722	1
missMethyl_gsameth	reactome	hypermethylated	reactome:Interactions of Tat with host cellular proteins [R-HSA-176034]	2	0	1	1
missMethyl_gsameth	reactome	hypermethylated	reactome:Estrogen-dependent gene expression [R-HSA-9018519]	139	20	0.985517307722265	1
missMethyl_gsameth	reactome	hypermethylated	reactome:RHOBTB2 GTPase cycle [R-HSA-9013418]	23	3	0.956637864472797	1
missMethyl_gsameth	reactome	hypermethylated	reactome:RHOBTB1 GTPase cycle [R-HSA-9013422]	23	3	0.91907745077186	1
missMethyl_gsameth	reactome	hypermethylated	reactome:RHOBTB GTPase Cycle [R-HSA-9706574]	35	5	0.964353779236034	1
missMethyl_gsameth	reactome	hypermethylated	reactome:EGFR downregulation [R-HSA-182971]	31	6	0.805993763199503	1
missMethyl_gsameth	reactome	hypermethylated	reactome:Spry regulation of FGF signaling [R-HSA-1295596]	16	4	0.521694680907106	1
missMethyl_gsameth	reactome	hypermethylated	reactome:Signaling by FGFR [R-HSA-190236]	89	25	0.262419880262491	1
missMethyl_gsameth	reactome	hypermethylated	reactome:Negative regulation of FGFR1 signaling [R-HSA-5654726]	33	13	0.0423941868130877	0.926907801725827
missMethyl_gsameth	reactome	hypermethylated	reactome:Negative regulation of FGFR2 signaling [R-HSA-5654727]	34	12	0.0921685249840762	1
missMethyl_gsameth	reactome	hypermethylated	reactome:Negative regulation of FGFR3 signaling [R-HSA-5654732]	29	10	0.138578354033394	1
missMethyl_gsameth	reactome	hypermethylated	reactome:Negative regulation of FGFR4 signaling [R-HSA-5654733]	31	11	0.111495245122496	1
missMethyl_gsameth	reactome	hypermethylated	reactome:Signaling by FGFR1 [R-HSA-5654736]	52	20	0.0351900948120158	0.84487930336957
missMethyl_gsameth	reactome	hypermethylated	reactome:Signaling by FGFR2 [R-HSA-5654738]	73	18	0.411524172190154	1
missMethyl_gsameth	reactome	hypermethylated	reactome:Signaling by FGFR3 [R-HSA-5654741]	40	13	0.156553973132233	1
missMethyl_gsameth	reactome	hypermethylated	reactome:Signaling by FGFR4 [R-HSA-5654743]	41	14	0.110578583280168	1
missMethyl_gsameth	reactome	hypermethylated	reactome:Negative regulation of MET activity [R-HSA-6807004]	21	2	0.977089476350518	1
missMethyl_gsameth	reactome	hypermethylated	reactome:Cargo recognition for clathrin-mediated endocytosis [R-HSA-8856825]	105	17	0.974177415857441	1
missMethyl_gsameth	reactome	hypermethylated	reactome:InlB-mediated entry of Listeria monocytogenes into host cell [R-HSA-8875360]	15	1	0.985122276450364	1
missMethyl_gsameth	reactome	hypermethylated	reactome:Listeria monocytogenes entry into host cells [R-HSA-8876384]	20	2	0.978200676508464	1
missMethyl_gsameth	reactome	hypermethylated	reactome:RHOU GTPase cycle [R-HSA-9013420]	40	15	0.190423948046042	1
missMethyl_gsameth	reactome	hypermethylated	reactome:MAP2K and MAPK activation [R-HSA-5674135]	40	11	0.470629645377372	1
missMethyl_gsameth	reactome	hypermethylated	reactome:Signaling by moderate kinase activity BRAF mutants [R-HSA-6802946]	47	13	0.518575198098323	1
missMethyl_gsameth	reactome	hypermethylated	reactome:Signaling by high-kinase activity BRAF mutants [R-HSA-6802948]	36	10	0.484094207468584	1
missMethyl_gsameth	reactome	hypermethylated	reactome:Signaling by RAS mutants [R-HSA-6802949]	47	13	0.518575198098323	1
missMethyl_gsameth	reactome	hypermethylated	reactome:Paradoxical activation of RAF signaling by kinase inactive BRAF [R-HSA-6802955]	47	13	0.518575198098323	1
missMethyl_gsameth	reactome	hypermethylated	reactome:Signaling downstream of RAS mutants [R-HSA-9649948]	47	13	0.518575198098323	1
missMethyl_gsameth	reactome	hypermethylated	reactome:Signaling by RAF1 mutants [R-HSA-9656223]	43	12	0.525170434967259	1
missMethyl_gsameth	reactome	hypermethylated	reactome:Interleukin-4 and Interleukin-13 signaling [R-HSA-6785807]	108	33	0.0801677898397596	1
missMethyl_gsameth	reactome	hypermethylated	reactome:Transcriptional activation of p53 responsive genes [R-HSA-69560]	4	2	0.432373466802291	1
missMethyl_gsameth	reactome	hypermethylated	reactome:Transcriptional  activation of  cell cycle inhibitor p21 [R-HSA-69895]	4	2	0.432373466802291	1
missMethyl_gsameth	reactome	hypermethylated	reactome:Transcriptional regulation by the AP-2 (TFAP2) family of transcription factors [R-HSA-8864260]	38	13	0.250744380407904	1
missMethyl_gsameth	reactome	hypermethylated	reactome:TFAP2 (AP-2) family regulates transcription of cell cycle factors [R-HSA-8866911]	5	2	0.554354599616446	1
missMethyl_gsameth	reactome	hypermethylated	reactome:RUNX3 regulates CDKN1A transcription [R-HSA-8941855]	7	5	0.0677924056762611	1
missMethyl_gsameth	reactome	hypermethylated	reactome:FOXO-mediated transcription of cell cycle genes [R-HSA-9617828]	17	4	0.659695297861838	1
missMethyl_gsameth	reactome	hypermethylated	reactome:FLT3 signaling in disease [R-HSA-9682385]	28	7	0.644952356419989	1
missMethyl_gsameth	reactome	hypermethylated	reactome:Signaling by ALK in cancer [R-HSA-9700206]	91	16	0.975323059526447	1
missMethyl_gsameth	reactome	hypermethylated	reactome:STAT5 activation downstream of FLT3 ITD mutants [R-HSA-9702518]	10	4	0.329689130432774	1
missMethyl_gsameth	reactome	hypermethylated	reactome:Signaling by FLT3 fusion proteins [R-HSA-9703465]	19	7	0.346038907728177	1
missMethyl_gsameth	reactome	hypermethylated	reactome:Signaling by FLT3 ITD and TKD mutants [R-HSA-9703648]	16	6	0.26800810752157	1
missMethyl_gsameth	reactome	hypermethylated	reactome:Signaling by ALK fusions and activated point mutants [R-HSA-9725370]	91	16	0.975323059526447	1
missMethyl_gsameth	reactome	hypermethylated	reactome:RHO GTPases activate CIT [R-HSA-5625900]	20	9	0.0700777260449984	1
missMethyl_gsameth	reactome	hypermethylated	reactome:Signaling by Activin [R-HSA-1502540]	17	7	0.0871830235620178	1
missMethyl_gsameth	reactome	hypermethylated	reactome:Antagonism of Activin by Follistatin [R-HSA-2473224]	4	2	0.238954093715125	1
missMethyl_gsameth	reactome	hypermethylated	reactome:Recognition and association of DNA glycosylase with site containing an affected pyrimidine [R-HSA-110328]	52	7	0.629624142860668	1
missMethyl_gsameth	reactome	hypermethylated	reactome:Cleavage of the damaged pyrimidine [R-HSA-110329]	52	7	0.629624142860668	1
missMethyl_gsameth	reactome	hypermethylated	reactome:Recognition and association of DNA glycosylase with site containing an affected purine [R-HSA-110330]	47	8	0.307942505536809	1
missMethyl_gsameth	reactome	hypermethylated	reactome:Cleavage of the damaged purine [R-HSA-110331]	47	8	0.307942505536809	1
missMethyl_gsameth	reactome	hypermethylated	reactome:Meiotic synapsis [R-HSA-1221632]	70	16	0.172943161539045	1
missMethyl_gsameth	reactome	hypermethylated	reactome:Packaging Of Telomere Ends [R-HSA-171306]	43	7	0.320679571453899	1
missMethyl_gsameth	reactome	hypermethylated	reactome:Formation of the beta-catenin:TCF transactivating complex [R-HSA-201722]	80	22	0.0788524646394508	1
missMethyl_gsameth	reactome	hypermethylated	reactome:Gene Silencing by RNA [R-HSA-211000]	127	16	0.934963934315348	1
missMethyl_gsameth	reactome	hypermethylated	reactome:PRC2 methylates histones and DNA [R-HSA-212300]	62	13	0.154839328335435	1
missMethyl_gsameth	reactome	hypermethylated	reactome:SIRT1 negatively regulates rRNA expression [R-HSA-427359]	57	11	0.100351048738911	1
missMethyl_gsameth	reactome	hypermethylated	reactome:ERCC6 (CSB) and EHMT2 (G9a) positively regulate rRNA expression [R-HSA-427389]	65	12	0.343624526235651	1
missMethyl_gsameth	reactome	hypermethylated	reactome:Positive epigenetic regulation of rRNA expression [R-HSA-5250913]	95	15	0.714965285130419	1
missMethyl_gsameth	reactome	hypermethylated	reactome:B-WICH complex positively regulates rRNA expression [R-HSA-5250924]	80	13	0.491381148368308	1
missMethyl_gsameth	reactome	hypermethylated	reactome:DNA methylation [R-HSA-5334118]	54	12	0.0766776947008938	1
missMethyl_gsameth	reactome	hypermethylated	reactome:Transcriptional regulation by small RNAs [R-HSA-5578749]	95	14	0.642310009550414	1
missMethyl_gsameth	reactome	hypermethylated	reactome:Activation of anterior HOX genes in hindbrain development during early embryogenesis [R-HSA-5617472]	111	28	0.127280772367241	1
missMethyl_gsameth	reactome	hypermethylated	reactome:Activation of HOX genes during differentiation [R-HSA-5619507]	111	28	0.127280772367241	1
missMethyl_gsameth	reactome	hypermethylated	reactome:RHO GTPases activate PKNs [R-HSA-5625740]	84	21	0.0791717006790469	1
missMethyl_gsameth	reactome	hypermethylated	reactome:Activated PKN1 stimulates transcription of AR (androgen receptor) regulated genes KLK2 and KLK3 [R-HSA-5625886]	56	11	0.173880192021599	1
missMethyl_gsameth	reactome	hypermethylated	reactome:Assembly of the ORC complex at the origin of replication [R-HSA-68616]	58	12	0.0603108920103266	1
missMethyl_gsameth	reactome	hypermethylated	reactome:RNA Polymerase I Promoter Opening [R-HSA-73728]	52	13	0.0131960466691362	0.512702452363396
missMethyl_gsameth	reactome	hypermethylated	reactome:Depurination [R-HSA-73927]	47	8	0.307942505536809	1
missMethyl_gsameth	reactome	hypermethylated	reactome:Depyrimidination [R-HSA-73928]	52	7	0.629624142860668	1
missMethyl_gsameth	reactome	hypermethylated	reactome:Base-Excision Repair, AP Site Formation [R-HSA-73929]	54	8	0.534441692170619	1
missMethyl_gsameth	reactome	hypermethylated	reactome:RUNX1 regulates genes involved in megakaryocyte differentiation and platelet function [R-HSA-8936459]	83	14	0.671240793835325	1
missMethyl_gsameth	reactome	hypermethylated	reactome:Inhibition of DNA recombination at telomere [R-HSA-9670095]	59	8	0.660664238573579	1
missMethyl_gsameth	reactome	hypermethylated	reactome:Defective pyroptosis [R-HSA-9710421]	62	13	0.133650274873635	1
missMethyl_gsameth	reactome	hypermethylated	reactome:Chromatin modifications during the maternal to zygotic transition (MZT) [R-HSA-9821002]	60	11	0.228231690052892	1
missMethyl_gsameth	reactome	hypermethylated	reactome:Replacement of protamines by nucleosomes in the male pronucleus [R-HSA-9821993]	34	6	0.316450115509601	1
missMethyl_gsameth	reactome	hypermethylated	reactome:Regulation of endogenous retroelements by Piwi-interacting RNAs (piRNAs) [R-HSA-9845323]	86	18	0.334822488400517	1
missMethyl_gsameth	reactome	hypermethylated	reactome:Cysteine formation from homocysteine [R-HSA-1614603]	2	0	1	1
missMethyl_gsameth	reactome	hypermethylated	reactome:Metabolism of ingested SeMet, Sec, MeSec into H2Se [R-HSA-2408508]	8	1	0.896497575074525	1
missMethyl_gsameth	reactome	hypermethylated	reactome:Selenoamino acid metabolism [R-HSA-2408522]	117	4	0.99999941531796	1
missMethyl_gsameth	reactome	hypermethylated	reactome:Downregulation of TGF-beta receptor signaling [R-HSA-2173788]	26	6	0.648122087470316	1
missMethyl_gsameth	reactome	hypermethylated	reactome:TGF-beta receptor signaling activates SMADs [R-HSA-2173789]	47	18	0.0516154047743696	0.989421538686022
missMethyl_gsameth	reactome	hypermethylated	reactome:Establishment of Sister Chromatid Cohesion [R-HSA-2468052]	11	0	1	1
missMethyl_gsameth	reactome	hypermethylated	reactome:Cohesin Loading onto Chromatin [R-HSA-2470946]	10	0	1	1
missMethyl_gsameth	reactome	hypermethylated	reactome:WNT mediated activation of DVL [R-HSA-201688]	8	1	0.918435534436847	1
missMethyl_gsameth	reactome	hypermethylated	reactome:HDACs deacetylate histones [R-HSA-3214815]	85	16	0.414767358133968	1
missMethyl_gsameth	reactome	hypermethylated	reactome:G alpha (z) signalling events [R-HSA-418597]	48	13	0.55617153889901	1
missMethyl_gsameth	reactome	hypermethylated	reactome:Apoptotic factor-mediated response [R-HSA-111471]	20	5	0.455258269175209	1
missMethyl_gsameth	reactome	hypermethylated	reactome:SUMOylation of transcription factors [R-HSA-3232118]	20	6	0.459189788127154	1
missMethyl_gsameth	reactome	hypermethylated	reactome:Transcriptional Regulation by VENTX [R-HSA-8853884]	38	7	0.868557981990583	1
missMethyl_gsameth	reactome	hypermethylated	reactome:Defective Intrinsic Pathway for Apoptosis Due to p14ARF Loss of Function [R-HSA-9645722]	2	1	0.209587538579508	1
missMethyl_gsameth	reactome	hypermethylated	reactome:Evasion of Oncogene Induced Senescence Due to p14ARF Defects [R-HSA-9646303]	1	1	0.0612751590666334	1
missMethyl_gsameth	reactome	hypermethylated	reactome:Evasion of Oxidative Stress Induced Senescence Due to p14ARF Defects [R-HSA-9646304]	1	1	0.0612751590666334	1
missMethyl_gsameth	reactome	hypermethylated	reactome:Branched-chain amino acid catabolism [R-HSA-70895]	21	2	0.944519157873457	1
missMethyl_gsameth	reactome	hypermethylated	reactome:Activation of RAC1 [R-HSA-428540]	13	7	0.0854785776725126	1
missMethyl_gsameth	reactome	hypermethylated	reactome:RHOQ GTPase cycle [R-HSA-9013406]	59	18	0.334203854051051	1
missMethyl_gsameth	reactome	hypermethylated	reactome:RHOH GTPase cycle [R-HSA-9013407]	37	3	0.997697483684001	1
missMethyl_gsameth	reactome	hypermethylated	reactome:RHOG GTPase cycle [R-HSA-9013408]	73	15	0.920365095548854	1
missMethyl_gsameth	reactome	hypermethylated	reactome:RHOJ GTPase cycle [R-HSA-9013409]	55	16	0.369574237362787	1
missMethyl_gsameth	reactome	hypermethylated	reactome:RHOV GTPase cycle [R-HSA-9013424]	37	13	0.223313749693314	1
missMethyl_gsameth	reactome	hypermethylated	reactome:mRNA Editing: A to I Conversion [R-HSA-75064]	2	2	0.140680172349801	1
missMethyl_gsameth	reactome	hypermethylated	reactome:C6 deamination of adenosine [R-HSA-75102]	2	2	0.140680172349801	1
missMethyl_gsameth	reactome	hypermethylated	reactome:Formation of editosomes by ADAR proteins [R-HSA-77042]	2	2	0.140680172349801	1
missMethyl_gsameth	reactome	hypermethylated	reactome:Interferon alpha/beta signaling [R-HSA-909733]	68	14	0.611713634041983	1
missMethyl_gsameth	reactome	hypermethylated	reactome:RNA Polymerase III Transcription [R-HSA-74158]	41	8	0.583615210052236	1
missMethyl_gsameth	reactome	hypermethylated	reactome:RNA Polymerase III Abortive And Retractive Initiation [R-HSA-749476]	41	8	0.583615210052236	1
missMethyl_gsameth	reactome	hypermethylated	reactome:RNA Polymerase III Transcription Initiation [R-HSA-76046]	36	4	0.901511462549566	1
missMethyl_gsameth	reactome	hypermethylated	reactome:RNA Polymerase III Transcription Initiation From Type 3 Promoter [R-HSA-76071]	28	2	0.961297145419527	1
missMethyl_gsameth	reactome	hypermethylated	reactome:ROS and RNS production in phagocytes [R-HSA-1222556]	36	8	0.487461703705645	1
missMethyl_gsameth	reactome	hypermethylated	reactome:Signaling by Insulin receptor [R-HSA-74752]	82	22	0.41027479354607	1
missMethyl_gsameth	reactome	hypermethylated	reactome:Insulin receptor recycling [R-HSA-77387]	30	6	0.701262722030421	1
missMethyl_gsameth	reactome	hypermethylated	reactome:Iron uptake and transport [R-HSA-917937]	58	10	0.7520331208793	1
missMethyl_gsameth	reactome	hypermethylated	reactome:Transferrin endocytosis and recycling [R-HSA-917977]	31	7	0.535498217630144	1
missMethyl_gsameth	reactome	hypermethylated	reactome:Amino acids regulate mTORC1 [R-HSA-9639288]	55	8	0.944445971504413	1
missMethyl_gsameth	reactome	hypermethylated	reactome:Cellular response to starvation [R-HSA-9711097]	157	10	0.999996832337019	1
missMethyl_gsameth	reactome	hypermethylated	reactome:Blood group systems biosynthesis [R-HSA-9033658]	22	3	0.823406873513315	1
missMethyl_gsameth	reactome	hypermethylated	reactome:Lewis blood group biosynthesis [R-HSA-9037629]	18	2	0.916437501498254	1
missMethyl_gsameth	reactome	hypermethylated	reactome:Ovarian tumor domain proteases [R-HSA-5689896]	39	7	0.879771551774225	1
missMethyl_gsameth	reactome	hypermethylated	reactome:Laminin interactions [R-HSA-3000157]	30	12	0.199031943964541	1
missMethyl_gsameth	reactome	hypermethylated	reactome:Non-integrin membrane-ECM interactions [R-HSA-3000171]	59	25	0.030976420174726	0.817348116491532
missMethyl_gsameth	reactome	hypermethylated	reactome:MET activates PTK2 signaling [R-HSA-8874081]	30	15	0.0222358418563879	0.697159041732632
missMethyl_gsameth	reactome	hypermethylated	reactome:MET promotes cell motility [R-HSA-8875878]	41	17	0.0741056335644168	1
missMethyl_gsameth	reactome	hypermethylated	reactome:MTOR signalling [R-HSA-165159]	41	6	0.944649502845166	1
missMethyl_gsameth	reactome	hypermethylated	reactome:mTORC1-mediated signalling [R-HSA-166208]	24	4	0.818740062386734	1
missMethyl_gsameth	reactome	hypermethylated	reactome:Energy dependent regulation of mTOR by LKB1-AMPK [R-HSA-380972]	29	2	0.995255127017737	1
missMethyl_gsameth	reactome	hypermethylated	reactome:Signal regulatory protein family interactions [R-HSA-391160]	16	3	0.780650106463913	1
missMethyl_gsameth	reactome	hypermethylated	reactome:Glutathione conjugation [R-HSA-156590]	36	7	0.452540088952178	1
missMethyl_gsameth	reactome	hypermethylated	reactome:Formation of xylulose-5-phosphate [R-HSA-5661270]	5	0	1	1
missMethyl_gsameth	reactome	hypermethylated	reactome:Keratan sulfate/keratin metabolism [R-HSA-1638074]	35	5	0.929115606861933	1
missMethyl_gsameth	reactome	hypermethylated	reactome:Keratan sulfate biosynthesis [R-HSA-2022854]	27	3	0.952132874198443	1
missMethyl_gsameth	reactome	hypermethylated	reactome:MyD88:MAL(TIRAP) cascade initiated on plasma membrane [R-HSA-166058]	113	18	0.985797285195784	1
missMethyl_gsameth	reactome	hypermethylated	reactome:Toll Like Receptor TLR1:TLR2 Cascade [R-HSA-168179]	116	18	0.987366698667916	1
missMethyl_gsameth	reactome	hypermethylated	reactome:Toll Like Receptor TLR6:TLR2 Cascade [R-HSA-168188]	113	18	0.985797285195784	1
missMethyl_gsameth	reactome	hypermethylated	reactome:Toll Like Receptor 2 (TLR2) Cascade [R-HSA-181438]	116	18	0.987366698667916	1
missMethyl_gsameth	reactome	hypermethylated	reactome:Diseases of Immune System [R-HSA-5260271]	32	2	0.977591879306622	1
missMethyl_gsameth	reactome	hypermethylated	reactome:Diseases associated with the TLR signaling cascade [R-HSA-5602358]	32	2	0.977591879306622	1
missMethyl_gsameth	reactome	hypermethylated	reactome:MyD88 deficiency (TLR2/4) [R-HSA-5602498]	17	0	1	1
missMethyl_gsameth	reactome	hypermethylated	reactome:IRAK4 deficiency (TLR2/4) [R-HSA-5603041]	18	0	1	1
missMethyl_gsameth	reactome	hypermethylated	reactome:Regulation of TLR by endogenous ligand [R-HSA-5686938]	22	1	0.966602004379817	1
missMethyl_gsameth	reactome	hypermethylated	reactome:ABC transporters in lipid homeostasis [R-HSA-1369062]	18	3	0.747823851098064	1
missMethyl_gsameth	reactome	hypermethylated	reactome:Mitochondrial tRNA aminoacylation [R-HSA-379726]	20	2	0.963756403069009	1
missMethyl_gsameth	reactome	hypermethylated	reactome:Mitochondrial calcium ion transport [R-HSA-8949215]	22	4	0.759657855074695	1
missMethyl_gsameth	reactome	hypermethylated	reactome:Processing of SMDT1 [R-HSA-8949664]	15	3	0.580291462671305	1
missMethyl_gsameth	reactome	hypermethylated	reactome:Neurotransmitter receptors and postsynaptic signal transmission [R-HSA-112314]	204	63	0.100988236896828	1
missMethyl_gsameth	reactome	hypermethylated	reactome:Transmission across Chemical Synapses [R-HSA-112315]	269	97	0.00140567125497497	0.138744959055863
missMethyl_gsameth	reactome	hypermethylated	reactome:Trafficking of AMPA receptors [R-HSA-399719]	31	12	0.178404907589565	1
missMethyl_gsameth	reactome	hypermethylated	reactome:Glutamate binding, activation of AMPA receptors and synaptic plasticity [R-HSA-399721]	31	12	0.178404907589565	1
missMethyl_gsameth	reactome	hypermethylated	reactome:LGI-ADAM interactions [R-HSA-5682910]	14	8	0.0134793184718235	0.513176910391565
missMethyl_gsameth	reactome	hypermethylated	reactome:Presynaptic depolarization and calcium channel opening [R-HSA-112308]	12	7	0.0989412925748142	1
missMethyl_gsameth	reactome	hypermethylated	reactome:Regulation of gene expression by Hypoxia-inducible Factor [R-HSA-1234158]	11	5	0.136925411308069	1
missMethyl_gsameth	reactome	hypermethylated	reactome:TFAP2 (AP-2) family regulates transcription of other transcription factors [R-HSA-8866906]	4	2	0.460408805629308	1
missMethyl_gsameth	reactome	hypermethylated	reactome:Activation of the TFAP2 (AP-2) family of transcription factors [R-HSA-8866907]	12	7	0.0614327234210127	1
missMethyl_gsameth	reactome	hypermethylated	reactome:Sema3A PAK dependent Axon repulsion [R-HSA-399954]	16	9	0.0625477835110112	1
missMethyl_gsameth	reactome	hypermethylated	reactome:SEMA3A-Plexin repulsion signaling by inhibiting Integrin adhesion [R-HSA-399955]	14	8	0.050437436864037	0.989421538686022
missMethyl_gsameth	reactome	hypermethylated	reactome:Translocation of SLC2A4 (GLUT4) to the plasma membrane [R-HSA-1445148]	71	10	0.989847676244622	1
missMethyl_gsameth	reactome	hypermethylated	reactome:Microtubule-dependent trafficking of connexons from Golgi to the plasma membrane [R-HSA-190840]	17	2	0.866814460204457	1
missMethyl_gsameth	reactome	hypermethylated	reactome:Transport of connexons to the plasma membrane [R-HSA-190872]	18	3	0.737773127124462	1
missMethyl_gsameth	reactome	hypermethylated	reactome:Cooperation of Prefoldin and TriC/CCT  in actin and tubulin folding [R-HSA-389958]	31	3	0.93069253931037	1
missMethyl_gsameth	reactome	hypermethylated	reactome:Formation of tubulin folding intermediates by CCT/TriC [R-HSA-389960]	24	2	0.931572495702258	1
missMethyl_gsameth	reactome	hypermethylated	reactome:Post-chaperonin tubulin folding pathway [R-HSA-389977]	21	3	0.822463876066149	1
missMethyl_gsameth	reactome	hypermethylated	reactome:Recycling pathway of L1 [R-HSA-437239]	46	6	0.9881973934175	1
missMethyl_gsameth	reactome	hypermethylated	reactome:Post NMDA receptor activation events [R-HSA-438064]	79	26	0.172388679688231	1
missMethyl_gsameth	reactome	hypermethylated	reactome:Activation of NMDA receptors and postsynaptic events [R-HSA-442755]	92	30	0.162896934173414	1
missMethyl_gsameth	reactome	hypermethylated	reactome:Intraflagellar transport [R-HSA-5620924]	52	8	0.881516330508727	1
missMethyl_gsameth	reactome	hypermethylated	reactome:RHO GTPases activate IQGAPs [R-HSA-5626467]	31	7	0.630181190078409	1
missMethyl_gsameth	reactome	hypermethylated	reactome:Carboxyterminal post-translational modifications of tubulin [R-HSA-8955332]	41	6	0.926365514729332	1
missMethyl_gsameth	reactome	hypermethylated	reactome:Assembly and cell surface presentation of NMDA receptors [R-HSA-9609736]	40	14	0.204408558478237	1
missMethyl_gsameth	reactome	hypermethylated	reactome:Activation of AMPK downstream of NMDARs [R-HSA-9619483]	28	3	0.961363390603731	1
missMethyl_gsameth	reactome	hypermethylated	reactome:Cytosolic sulfonation of small molecules [R-HSA-156584]	24	4	0.638310505194317	1
missMethyl_gsameth	reactome	hypermethylated	reactome:Prefoldin mediated transfer of substrate  to CCT/TriC [R-HSA-389957]	27	3	0.892155942198767	1
missMethyl_gsameth	reactome	hypermethylated	reactome:Butyrophilin (BTN) family interactions [R-HSA-8851680]	12	1	0.901939313269405	1
missMethyl_gsameth	reactome	hypermethylated	reactome:Synthesis of PC [R-HSA-1483191]	28	5	0.91284738594994	1
missMethyl_gsameth	reactome	hypermethylated	reactome:Synthesis of PE [R-HSA-1483213]	13	2	0.80322069236404	1
missMethyl_gsameth	reactome	hypermethylated	reactome:EPHA-mediated growth cone collapse [R-HSA-3928663]	30	17	0.00507872822752639	0.307609334689951
missMethyl_gsameth	reactome	hypermethylated	reactome:Sema4D in semaphorin signaling [R-HSA-400685]	25	8	0.35815209619494	1
missMethyl_gsameth	reactome	hypermethylated	reactome:Sema4D induced cell migration and growth-cone collapse [R-HSA-416572]	21	7	0.346005279104908	1
missMethyl_gsameth	reactome	hypermethylated	reactome:RHO GTPases Activate ROCKs [R-HSA-5627117]	20	8	0.131339997954813	1
missMethyl_gsameth	reactome	hypermethylated	reactome:RHO GTPases activate PAKs [R-HSA-5627123]	24	11	0.07012565397279	1
missMethyl_gsameth	reactome	hypermethylated	reactome:Toll Like Receptor 10 (TLR10) Cascade [R-HSA-168142]	97	17	0.97546242378705	1
missMethyl_gsameth	reactome	hypermethylated	reactome:Toll Like Receptor 5 (TLR5) Cascade [R-HSA-168176]	97	17	0.97546242378705	1
missMethyl_gsameth	reactome	hypermethylated	reactome:NOD1/2 Signaling Pathway [R-HSA-168638]	37	8	0.535058218615431	1
missMethyl_gsameth	reactome	hypermethylated	reactome:Nucleotide-binding domain, leucine rich repeat containing receptor (NLR) signaling pathways [R-HSA-168643]	57	10	0.835805992098273	1
missMethyl_gsameth	reactome	hypermethylated	reactome:TAK1-dependent IKK and NF-kappa-B activation [R-HSA-445989]	45	7	0.920507890330863	1
missMethyl_gsameth	reactome	hypermethylated	reactome:Interleukin-17 signaling [R-HSA-448424]	72	14	0.873786481491447	1
missMethyl_gsameth	reactome	hypermethylated	reactome:MAP kinase activation [R-HSA-450294]	64	13	0.874352398592038	1
missMethyl_gsameth	reactome	hypermethylated	reactome:activated TAK1 mediates p38 MAPK activation [R-HSA-450302]	24	5	0.708862056524484	1
missMethyl_gsameth	reactome	hypermethylated	reactome:JNK (c-Jun kinases) phosphorylation and  activation mediated by activated human TAK1 [R-HSA-450321]	23	5	0.612939722255093	1
missMethyl_gsameth	reactome	hypermethylated	reactome:MyD88 cascade initiated on plasma membrane [R-HSA-975871]	97	17	0.97546242378705	1
missMethyl_gsameth	reactome	hypermethylated	reactome:Inhibition of the proteolytic activity of APC/C required for the onset of anaphase by mitotic spindle checkpoint components [R-HSA-141405]	20	1	0.985259009437583	1
missMethyl_gsameth	reactome	hypermethylated	reactome:Inactivation of APC/C via direct inhibition of the APC/C complex [R-HSA-141430]	20	1	0.985259009437583	1
missMethyl_gsameth	reactome	hypermethylated	reactome:APC/C:Cdc20 mediated degradation of Cyclin B [R-HSA-174048]	23	1	0.990876102898362	1
missMethyl_gsameth	reactome	hypermethylated	reactome:Conversion from APC/C:Cdc20 to APC/C:Cdh1 in late anaphase [R-HSA-176407]	19	1	0.987702015593829	1
missMethyl_gsameth	reactome	hypermethylated	reactome:Phosphorylation of the APC/C [R-HSA-176412]	19	1	0.980760228380066	1
missMethyl_gsameth	reactome	hypermethylated	reactome:APC-Cdc20 mediated degradation of Nek2A [R-HSA-179409]	25	1	0.99392249078918	1
missMethyl_gsameth	reactome	hypermethylated	reactome:Aberrant regulation of mitotic exit in cancer due to RB1 defects [R-HSA-9687136]	19	1	0.987989630059282	1
missMethyl_gsameth	reactome	hypermethylated	reactome:TP53 Regulates Transcription of Cell Death Genes [R-HSA-5633008]	44	9	0.78925903672223	1
missMethyl_gsameth	reactome	hypermethylated	reactome:TP53 regulates transcription of several additional cell death genes whose specific roles in p53-dependent apoptosis remain uncertain [R-HSA-6803205]	14	2	0.915421225930196	1
missMethyl_gsameth	reactome	hypermethylated	reactome:TNFR1-mediated ceramide production [R-HSA-5626978]	6	1	0.871794777702608	1
missMethyl_gsameth	reactome	hypermethylated	reactome:Synthesis of PI [R-HSA-1483226]	5	1	0.850155795755501	1
missMethyl_gsameth	reactome	hypermethylated	reactome:SUMOylation of DNA replication proteins [R-HSA-4615885]	45	5	0.961126406512245	1
missMethyl_gsameth	reactome	hypermethylated	reactome:Pre-NOTCH Processing in Golgi [R-HSA-1912420]	18	6	0.44117393836218	1
missMethyl_gsameth	reactome	hypermethylated	reactome:Formation of the nephric duct [R-HSA-9830364]	18	12	0.00290328546307707	0.209115020516227
missMethyl_gsameth	reactome	hypermethylated	reactome:Kidney development [R-HSA-9830369]	46	30	3.86756470564869e-06	0.00147243713436482
missMethyl_gsameth	reactome	hypermethylated	reactome:Integration of energy metabolism [R-HSA-163685]	107	28	0.679216359221087	1
missMethyl_gsameth	reactome	hypermethylated	reactome:Glucagon-like Peptide-1 (GLP1) regulates insulin secretion [R-HSA-381676]	42	13	0.305533319833789	1
missMethyl_gsameth	reactome	hypermethylated	reactome:Regulation of insulin secretion [R-HSA-422356]	78	24	0.273279711484579	1
missMethyl_gsameth	reactome	hypermethylated	reactome:Signaling by ERBB4 [R-HSA-1236394]	58	19	0.186911674033932	1
missMethyl_gsameth	reactome	hypermethylated	reactome:Nuclear signaling by ERBB4 [R-HSA-1251985]	32	10	0.321629043940819	1
missMethyl_gsameth	reactome	hypermethylated	reactome:Signaling by Hippo [R-HSA-2028269]	20	4	0.867124916140913	1
missMethyl_gsameth	reactome	hypermethylated	reactome:YAP1- and WWTR1 (TAZ)-stimulated gene expression [R-HSA-2032785]	15	7	0.1933842404457	1
missMethyl_gsameth	reactome	hypermethylated	reactome:RUNX3 regulates YAP1-mediated transcription [R-HSA-8951671]	8	4	0.247051469800345	1
missMethyl_gsameth	reactome	hypermethylated	reactome:EGR2 and SOX10-mediated initiation of Schwann cell myelination [R-HSA-9619665]	28	14	0.0327742715918875	0.835501564947347
missMethyl_gsameth	reactome	hypermethylated	reactome:Differentiation of keratinocytes in interfollicular epidermis in mammalian skin [R-HSA-9725554]	40	4	0.969409956941767	1
missMethyl_gsameth	reactome	hypermethylated	reactome:Developmental Cell Lineages [R-HSA-9734767]	40	4	0.969409956941767	1
missMethyl_gsameth	reactome	hypermethylated	reactome:Formation of axial mesoderm [R-HSA-9796292]	14	6	0.216093862683797	1
missMethyl_gsameth	reactome	hypermethylated	reactome:Defective B3GALTL causes PpS [R-HSA-5083635]	37	20	0.00420007597770256	0.26920534797687
missMethyl_gsameth	reactome	hypermethylated	reactome:O-glycosylation of TSR domain-containing proteins [R-HSA-5173214]	38	21	0.00263316358209474	0.200496598465214
missMethyl_gsameth	reactome	hypermethylated	reactome:Regulation of TP53 Activity through Methylation [R-HSA-6804760]	19	2	0.966306712355648	1
missMethyl_gsameth	reactome	hypermethylated	reactome:Heme signaling [R-HSA-9707616]	48	13	0.4952492464309	1
missMethyl_gsameth	reactome	hypermethylated	reactome:Regulation of cholesterol biosynthesis by SREBP (SREBF) [R-HSA-1655829]	55	4	0.99996026027628	1
missMethyl_gsameth	reactome	hypermethylated	reactome:Metabolism of nitric oxide: NOS3 activation and regulation [R-HSA-202131]	16	2	0.96486339014053	1
missMethyl_gsameth	reactome	hypermethylated	reactome:eNOS activation [R-HSA-203615]	12	2	0.91280694958446	1
missMethyl_gsameth	reactome	hypermethylated	reactome:Mitochondrial protein degradation [R-HSA-9837999]	90	2	0.999999578109718	1
missMethyl_gsameth	reactome	hypermethylated	reactome:HATs acetylate histones [R-HSA-3214847]	132	18	0.953125670995354	1
missMethyl_gsameth	reactome	hypermethylated	reactome:Formation of WDR5-containing histone-modifying complexes [R-HSA-9772755]	40	2	0.999277108513299	1
missMethyl_gsameth	reactome	hypermethylated	reactome:Mitochondrial Fatty Acid Beta-Oxidation [R-HSA-77289]	37	4	0.933169555814189	1
missMethyl_gsameth	reactome	hypermethylated	reactome:Synthesis, secretion, and inactivation of Glucagon-like Peptide-1 (GLP-1) [R-HSA-381771]	21	8	0.0577456095140771	0.992851931322681
missMethyl_gsameth	reactome	hypermethylated	reactome:Incretin synthesis, secretion, and inactivation [R-HSA-400508]	24	10	0.0275193072532055	0.795333164361597
missMethyl_gsameth	reactome	hypermethylated	reactome:GPVI-mediated activation cascade [R-HSA-114604]	35	12	0.25988204573038	1
missMethyl_gsameth	reactome	hypermethylated	reactome:FCERI mediated MAPK activation [R-HSA-2871796]	32	8	0.568936354764963	1
missMethyl_gsameth	reactome	hypermethylated	reactome:FCERI mediated Ca+2 mobilization [R-HSA-2871809]	33	10	0.378913699563741	1
missMethyl_gsameth	reactome	hypermethylated	reactome:TICAM1,TRAF6-dependent induction of TAK1 complex [R-HSA-9014325]	11	1	0.873094179865906	1
missMethyl_gsameth	reactome	hypermethylated	reactome:IRAK2 mediated activation of TAK1 complex [R-HSA-937042]	10	2	0.630979441487782	1
missMethyl_gsameth	reactome	hypermethylated	reactome:Alpha-protein kinase 1 signaling pathway [R-HSA-9645460]	11	2	0.684359109814449	1
missMethyl_gsameth	reactome	hypermethylated	reactome:PTK6 promotes HIF1A stabilization [R-HSA-8857538]	6	3	0.105446211435348	1
missMethyl_gsameth	reactome	hypermethylated	reactome:Translesion synthesis by REV1 [R-HSA-110312]	16	2	0.928548459911834	1
missMethyl_gsameth	reactome	hypermethylated	reactome:Translesion synthesis by Y family DNA polymerases bypasses lesions on DNA template [R-HSA-110313]	39	6	0.885599146749714	1
missMethyl_gsameth	reactome	hypermethylated	reactome:Translesion synthesis by POLK [R-HSA-5655862]	17	3	0.80345524106959	1
missMethyl_gsameth	reactome	hypermethylated	reactome:Translesion synthesis by POLI [R-HSA-5656121]	17	2	0.940310269875195	1
missMethyl_gsameth	reactome	hypermethylated	reactome:DNA Damage Bypass [R-HSA-73893]	48	6	0.967020138062498	1
missMethyl_gsameth	reactome	hypermethylated	reactome:Cell surface interactions at the vascular wall [R-HSA-202733]	135	35	0.129049303380078	1
missMethyl_gsameth	reactome	hypermethylated	reactome:SARS-CoV-1-host interactions [R-HSA-9692914]	96	9	0.998081578557478	1
missMethyl_gsameth	reactome	hypermethylated	reactome:SARS-CoV-1 activates/modulates innate immune responses [R-HSA-9692916]	40	3	0.989903759641589	1
missMethyl_gsameth	reactome	hypermethylated	reactome:Mitochondrial biogenesis [R-HSA-1592230]	95	11	0.998228379284381	1
missMethyl_gsameth	reactome	hypermethylated	reactome:Formation of ATP by chemiosmotic coupling [R-HSA-163210]	18	1	0.964717628517093	1
missMethyl_gsameth	reactome	hypermethylated	reactome:Cristae formation [R-HSA-8949613]	31	3	0.95893356072751	1
missMethyl_gsameth	reactome	hypermethylated	reactome:Protein ubiquitination [R-HSA-8852135]	74	8	0.99647960126643	1
missMethyl_gsameth	reactome	hypermethylated	reactome:Synthesis of active ubiquitin: roles of E1 and E2 enzymes [R-HSA-8866652]	30	2	0.995210784199908	1
missMethyl_gsameth	reactome	hypermethylated	reactome:Alpha-oxidation of phytanate [R-HSA-389599]	6	0	1	1
missMethyl_gsameth	reactome	hypermethylated	reactome:Class I peroxisomal membrane protein import [R-HSA-9603798]	20	4	0.538621358019131	1
missMethyl_gsameth	reactome	hypermethylated	reactome:Transport of inorganic cations/anions and amino acids/oligopeptides [R-HSA-425393]	110	24	0.836950071266185	1
missMethyl_gsameth	reactome	hypermethylated	reactome:SLC-mediated transmembrane transport [R-HSA-425407]	249	53	0.785047320665876	1
missMethyl_gsameth	reactome	hypermethylated	reactome:Sodium/Proton exchangers [R-HSA-425986]	9	2	0.683546038264061	1
missMethyl_gsameth	reactome	hypermethylated	reactome:Defective SLC9A6 causes  X-linked, syndromic mental retardation,, Christianson type (MRXSCH) [R-HSA-5619092]	1	0	1.00000000002288	1
missMethyl_gsameth	reactome	hypermethylated	reactome:SLC transporter disorders [R-HSA-5619102]	98	21	0.621207103082768	1
missMethyl_gsameth	reactome	hypermethylated	reactome:L13a-mediated translational silencing of Ceruloplasmin expression [R-HSA-156827]	112	5	0.999988511179491	1
missMethyl_gsameth	reactome	hypermethylated	reactome:Eukaryotic Translation Initiation [R-HSA-72613]	120	6	0.999984717775265	1
missMethyl_gsameth	reactome	hypermethylated	reactome:Translation initiation complex formation [R-HSA-72649]	59	3	0.999209995533826	1
missMethyl_gsameth	reactome	hypermethylated	reactome:Activation of the mRNA upon binding of the cap-binding complex and eIFs, and subsequent binding to 43S [R-HSA-72662]	60	3	0.999369635669807	1
missMethyl_gsameth	reactome	hypermethylated	reactome:Formation of a pool of free 40S subunits [R-HSA-72689]	102	2	0.99999975041145	1
missMethyl_gsameth	reactome	hypermethylated	reactome:Formation of the ternary complex, and subsequently, the 43S complex [R-HSA-72695]	52	1	0.999926623090835	1
missMethyl_gsameth	reactome	hypermethylated	reactome:Ribosomal scanning and start codon recognition [R-HSA-72702]	59	3	0.999193819645961	1
missMethyl_gsameth	reactome	hypermethylated	reactome:GTP hydrolysis and joining of the 60S ribosomal subunit [R-HSA-72706]	113	5	0.999989730059795	1
missMethyl_gsameth	reactome	hypermethylated	reactome:Cap-dependent Translation Initiation [R-HSA-72737]	120	6	0.999984717775265	1
missMethyl_gsameth	reactome	hypermethylated	reactome:Role of ABL in ROBO-SLIT signaling [R-HSA-428890]	8	5	0.104108242177738	1
missMethyl_gsameth	reactome	hypermethylated	reactome:CREB3 factors activate genes [R-HSA-8874211]	9	2	0.653243693249951	1
missMethyl_gsameth	reactome	hypermethylated	reactome:Collagen formation [R-HSA-1474290]	90	36	0.0152853901850083	0.565771733931211
missMethyl_gsameth	reactome	hypermethylated	reactome:Collagen biosynthesis and modifying enzymes [R-HSA-1650814]	67	27	0.0471973733542189	0.967546153761487
missMethyl_gsameth	reactome	hypermethylated	reactome:Neurotransmitter release cycle [R-HSA-112310]	51	23	0.00658770667168426	0.369009661906881
missMethyl_gsameth	reactome	hypermethylated	reactome:Serotonin Neurotransmitter Release Cycle [R-HSA-181429]	18	10	0.0230698182994273	0.698648474636064
missMethyl_gsameth	reactome	hypermethylated	reactome:Norepinephrine Neurotransmitter Release Cycle [R-HSA-181430]	18	7	0.210763488672921	1
missMethyl_gsameth	reactome	hypermethylated	reactome:Glutamate Neurotransmitter Release Cycle [R-HSA-210500]	24	9	0.213740544980579	1
missMethyl_gsameth	reactome	hypermethylated	reactome:Dopamine Neurotransmitter Release Cycle [R-HSA-212676]	23	10	0.0939508166578407	1
missMethyl_gsameth	reactome	hypermethylated	reactome:Acetylcholine Neurotransmitter Release Cycle [R-HSA-264642]	17	9	0.029874025333304	0.817348116491532
missMethyl_gsameth	reactome	hypermethylated	reactome:RORA activates gene expression [R-HSA-1368082]	18	5	0.71828078271785	1
missMethyl_gsameth	reactome	hypermethylated	reactome:Transcriptional activation of mitochondrial biogenesis [R-HSA-2151201]	56	8	0.976978127423677	1
missMethyl_gsameth	reactome	hypermethylated	reactome:Activation of gene expression by SREBF (SREBP) [R-HSA-2426168]	42	4	0.999298799738789	1
missMethyl_gsameth	reactome	hypermethylated	reactome:TP53 Regulates Transcription of Genes Involved in G2 Cell Cycle Arrest [R-HSA-6804114]	18	1	0.989366563408586	1
missMethyl_gsameth	reactome	hypermethylated	reactome:Cytoprotection by HMOX1 [R-HSA-9707564]	57	12	0.64238033373594	1
missMethyl_gsameth	reactome	hypermethylated	reactome:Recycling of bile acids and salts [R-HSA-159418]	18	2	0.838623615138858	1
missMethyl_gsameth	reactome	hypermethylated	reactome:Synthesis of bile acids and bile salts via 27-hydroxycholesterol [R-HSA-193807]	14	2	0.682817360543553	1
missMethyl_gsameth	reactome	hypermethylated	reactome:Endogenous sterols [R-HSA-211976]	26	8	0.274480319427666	1
missMethyl_gsameth	reactome	hypermethylated	reactome:RND3 GTPase cycle [R-HSA-9696264]	42	14	0.178322872623313	1
missMethyl_gsameth	reactome	hypermethylated	reactome:Sema4D mediated inhibition of cell attachment and migration [R-HSA-416550]	8	1	0.888583452356233	1
missMethyl_gsameth	reactome	hypermethylated	reactome:ATF4 activates genes in response to endoplasmic reticulum  stress [R-HSA-380994]	27	3	0.881885968562596	1
missMethyl_gsameth	reactome	hypermethylated	reactome:PERK regulates gene expression [R-HSA-381042]	32	3	0.927911067806577	1
missMethyl_gsameth	reactome	hypermethylated	reactome:Response of EIF2AK4 (GCN2) to amino acid deficiency [R-HSA-9633012]	102	1	0.999999987192934	1
missMethyl_gsameth	reactome	hypermethylated	reactome:Response of EIF2AK1 (HRI) to heme deficiency [R-HSA-9648895]	15	1	0.961882928691446	1
missMethyl_gsameth	reactome	hypermethylated	reactome:Nuclear events stimulated by ALK signaling in cancer [R-HSA-9725371]	33	6	0.849252434295041	1
missMethyl_gsameth	reactome	hypermethylated	reactome:Elastic fibre formation [R-HSA-1566948]	44	24	0.00011497383935633	0.0191503301177888
missMethyl_gsameth	reactome	hypermethylated	reactome:Molecules associated with elastic fibres [R-HSA-2129379]	37	20	0.000427564070937838	0.054259916621397
missMethyl_gsameth	reactome	hypermethylated	reactome:Cardiogenesis [R-HSA-9733709]	27	15	0.00552316156398338	0.32709390151146
missMethyl_gsameth	reactome	hypermethylated	reactome:Binding and Uptake of Ligands by Scavenger Receptors [R-HSA-2173782]	42	10	0.416080902513541	1
missMethyl_gsameth	reactome	hypermethylated	reactome:Scavenging by Class F Receptors [R-HSA-3000484]	6	0	1	1
missMethyl_gsameth	reactome	hypermethylated	reactome:Common Pathway of Fibrin Clot Formation [R-HSA-140875]	22	2	0.915754487870063	1
missMethyl_gsameth	reactome	hypermethylated	reactome:Formation of Fibrin Clot (Clotting Cascade) [R-HSA-140877]	39	6	0.71489059741774	1
missMethyl_gsameth	reactome	hypermethylated	reactome:ChREBP activates metabolic gene expression [R-HSA-163765]	8	1	0.965665804955534	1
missMethyl_gsameth	reactome	hypermethylated	reactome:Transport of vitamins, nucleosides, and related molecules [R-HSA-425397]	41	6	0.841225955581845	1
missMethyl_gsameth	reactome	hypermethylated	reactome:Defective SLC35A1 causes congenital disorder of glycosylation 2F (CDG2F) [R-HSA-5619037]	1	0	1.00000000002191	1
missMethyl_gsameth	reactome	hypermethylated	reactome:Defective SLC35A1 causes congenital disorder of glycosylation 2F (CDG2F) [R-HSA-5663020]	1	0	1.00000000002191	1
missMethyl_gsameth	reactome	hypermethylated	reactome:Transport of nucleotide sugars [R-HSA-727802]	9	2	0.635851100037853	1
missMethyl_gsameth	reactome	hypermethylated	reactome:Vitamin B1 (thiamin) metabolism [R-HSA-196819]	5	1	0.788779260094721	1
missMethyl_gsameth	reactome	hypermethylated	reactome:Chemokine receptors bind chemokines [R-HSA-380108]	58	8	0.362095823722706	1
missMethyl_gsameth	reactome	hypermethylated	reactome:Type II Na+/Pi cotransporters [R-HSA-427589]	3	0	1	1
missMethyl_gsameth	reactome	hypermethylated	reactome:Sodium-coupled phosphate cotransporters [R-HSA-427652]	5	0	1	1
missMethyl_gsameth	reactome	hypermethylated	reactome:Defective SLC34A2 causes pulmonary alveolar microlithiasis (PALM) [R-HSA-5619045]	1	0	0.999999999988625	1
missMethyl_gsameth	reactome	hypermethylated	reactome:Surfactant metabolism [R-HSA-5683826]	28	5	0.621954307550338	1
missMethyl_gsameth	reactome	hypermethylated	reactome:Defective SLC34A2 causes PALM [R-HSA-5687583]	1	0	0.999999999988625	1
missMethyl_gsameth	reactome	hypermethylated	reactome:Diseases associated with surfactant metabolism [R-HSA-5687613]	8	1	0.752090274657038	1
missMethyl_gsameth	reactome	hypermethylated	reactome:Folding of actin by CCT/TriC [R-HSA-390450]	10	0	1	1
missMethyl_gsameth	reactome	hypermethylated	reactome:Cooperation of PDCL (PhLP1) and TRiC/CCT in G-protein beta folding [R-HSA-6814122]	38	7	0.752857216614216	1
missMethyl_gsameth	reactome	hypermethylated	reactome:Cargo trafficking to the periciliary membrane [R-HSA-5620920]	51	7	0.947424746559883	1
missMethyl_gsameth	reactome	hypermethylated	reactome:BBSome-mediated cargo-targeting to cilium [R-HSA-5620922]	23	2	0.919325460594016	1
missMethyl_gsameth	reactome	hypermethylated	reactome:LDL clearance [R-HSA-8964038]	19	1	0.997608696762546	1
missMethyl_gsameth	reactome	hypermethylated	reactome:Lectin pathway of complement activation [R-HSA-166662]	8	1	0.741173715042407	1
missMethyl_gsameth	reactome	hypermethylated	reactome:Creation of C4 and C2 activators [R-HSA-166786]	14	2	0.640278865009486	1
missMethyl_gsameth	reactome	hypermethylated	reactome:Defective POMT2 causes MDDGA2, MDDGB2 and MDDGC2 [R-HSA-5083629]	3	1	0.494144920725576	1
missMethyl_gsameth	reactome	hypermethylated	reactome:Defective POMT1 causes MDDGA1, MDDGB1 and MDDGC1 [R-HSA-5083633]	3	1	0.494144920725576	1
missMethyl_gsameth	reactome	hypermethylated	reactome:Detoxification of Reactive Oxygen Species [R-HSA-3299685]	37	6	0.730963966142064	1
missMethyl_gsameth	reactome	hypermethylated	reactome:Metabolism of folate and pterines [R-HSA-196757]	17	5	0.298397761409705	1
missMethyl_gsameth	reactome	hypermethylated	reactome:Signaling by NODAL [R-HSA-1181150]	22	8	0.101986096829182	1
missMethyl_gsameth	reactome	hypermethylated	reactome:Metabolism of porphyrins [R-HSA-189445]	27	2	0.933508330328198	1
missMethyl_gsameth	reactome	hypermethylated	reactome:Heme degradation [R-HSA-189483]	15	2	0.693202541839393	1
missMethyl_gsameth	reactome	hypermethylated	reactome:Defective SLCO1B1 causes hyperbilirubinemia, Rotor type (HBLRR) [R-HSA-5619110]	1	0	1.00000000001113	1
missMethyl_gsameth	reactome	hypermethylated	reactome:Transport of organic anions [R-HSA-879518]	11	2	0.679233238236825	1
missMethyl_gsameth	reactome	hypermethylated	reactome:Atorvastatin ADME [R-HSA-9754706]	9	2	0.525283728792841	1
missMethyl_gsameth	reactome	hypermethylated	reactome:Deadenylation-dependent mRNA decay [R-HSA-429914]	55	6	0.983825870000794	1
missMethyl_gsameth	reactome	hypermethylated	reactome:Deadenylation of mRNA [R-HSA-429947]	24	3	0.947736338752029	1
missMethyl_gsameth	reactome	hypermethylated	reactome:M-decay: degradation of maternal mRNAs by maternally stored factors [R-HSA-9820841]	24	3	0.956111267045097	1
missMethyl_gsameth	reactome	hypermethylated	reactome:Z-decay: degradation of maternal mRNAs by zygotically expressed factors [R-HSA-9820865]	12	2	0.79908210322222	1
missMethyl_gsameth	reactome	hypermethylated	reactome:Purine ribonucleoside monophosphate biosynthesis [R-HSA-73817]	11	0	1	1
missMethyl_gsameth	reactome	hypermethylated	reactome:Nucleotide biosynthesis [R-HSA-8956320]	14	0	1	1
missMethyl_gsameth	reactome	hypermethylated	reactome:Maturation of protein 3a [R-HSA-9683673]	9	2	0.825124166995413	1
missMethyl_gsameth	reactome	hypermethylated	reactome:Translation of Structural Proteins [R-HSA-9683701]	29	4	0.952105284358851	1
missMethyl_gsameth	reactome	hypermethylated	reactome:Maturation of spike protein [R-HSA-9694548]	37	4	0.993098869566377	1
missMethyl_gsameth	reactome	hypermethylated	reactome:Translation of Structural Proteins [R-HSA-9694635]	57	5	0.999473980420097	1
missMethyl_gsameth	reactome	hypermethylated	reactome:Maturation of protein 3a [R-HSA-9694719]	9	2	0.825124166995413	1
missMethyl_gsameth	reactome	hypermethylated	reactome:Late SARS-CoV-2 Infection Events [R-HSA-9772573]	70	9	0.997780977939498	1
missMethyl_gsameth	reactome	hypermethylated	reactome:Neurexins and neuroligins [R-HSA-6794361]	55	26	0.011793310970863	0.483525749805382
missMethyl_gsameth	reactome	hypermethylated	reactome:Cytosolic sensors of pathogen-associated DNA [R-HSA-1834949]	64	4	0.999151655613502	1
missMethyl_gsameth	reactome	hypermethylated	reactome:RNA Polymerase III Chain Elongation [R-HSA-73780]	18	1	0.957665739312982	1
missMethyl_gsameth	reactome	hypermethylated	reactome:RNA Polymerase III Transcription Termination [R-HSA-73980]	23	5	0.515455691605322	1
missMethyl_gsameth	reactome	hypermethylated	reactome:RNA Polymerase III Transcription Initiation From Type 1 Promoter [R-HSA-76061]	28	3	0.891442724089389	1
missMethyl_gsameth	reactome	hypermethylated	reactome:RNA Polymerase III Transcription Initiation From Type 2 Promoter [R-HSA-76066]	27	3	0.87891144412157	1
missMethyl_gsameth	reactome	hypermethylated	reactome:Ephrin signaling [R-HSA-3928664]	19	11	0.0287412874459966	0.806268747827168
missMethyl_gsameth	reactome	hypermethylated	reactome:Inflammasomes [R-HSA-622312]	21	2	0.971271747665787	1
missMethyl_gsameth	reactome	hypermethylated	reactome:The NLRP3 inflammasome [R-HSA-844456]	16	2	0.920270700963503	1
missMethyl_gsameth	reactome	hypermethylated	reactome:Regulation of FOXO transcriptional activity by acetylation [R-HSA-9617629]	10	1	0.944104973374335	1
missMethyl_gsameth	reactome	hypermethylated	reactome:Purinergic signaling in leishmaniasis infection [R-HSA-9660826]	26	5	0.677736555778863	1
missMethyl_gsameth	reactome	hypermethylated	reactome:Cell recruitment (pro-inflammatory response) [R-HSA-9664424]	26	5	0.677736555778863	1
missMethyl_gsameth	reactome	hypermethylated	reactome:Polo-like kinase mediated events [R-HSA-156711]	16	0	1	1
missMethyl_gsameth	reactome	hypermethylated	reactome:Specification of primordial germ cells [R-HSA-9827857]	12	7	0.027863593520149	0.795333164361597
missMethyl_gsameth	reactome	hypermethylated	reactome:Regulation of signaling by NODAL [R-HSA-1433617]	11	3	0.296690563022859	1
missMethyl_gsameth	reactome	hypermethylated	reactome:Insulin processing [R-HSA-264876]	25	4	0.950497529278814	1
missMethyl_gsameth	reactome	hypermethylated	reactome:VxPx cargo-targeting to cilium [R-HSA-5620916]	21	4	0.856085838125717	1
missMethyl_gsameth	reactome	hypermethylated	reactome:Insulin-like Growth Factor-2 mRNA Binding Proteins (IGF2BPs/IMPs/VICKZs) bind RNA [R-HSA-428359]	3	3	0.0676312757384677	1
missMethyl_gsameth	reactome	hypermethylated	reactome:CaMK IV-mediated phosphorylation of CREB [R-HSA-111932]	12	3	0.761627928638668	1
missMethyl_gsameth	reactome	hypermethylated	reactome:Calmodulin induced events [R-HSA-111933]	37	13	0.359076035750958	1
missMethyl_gsameth	reactome	hypermethylated	reactome:Ca-dependent events [R-HSA-111996]	39	13	0.41142672016285	1
missMethyl_gsameth	reactome	hypermethylated	reactome:CaM pathway [R-HSA-111997]	37	13	0.359076035750958	1
missMethyl_gsameth	reactome	hypermethylated	reactome:G-protein mediated events [R-HSA-112040]	56	17	0.514689116104786	1
missMethyl_gsameth	reactome	hypermethylated	reactome:PLC beta mediated events [R-HSA-112043]	51	16	0.469260742404639	1
missMethyl_gsameth	reactome	hypermethylated	reactome:DAG and IP3 signaling [R-HSA-1489509]	43	17	0.182785577258585	1
missMethyl_gsameth	reactome	hypermethylated	reactome:CREB1 phosphorylation through the activation of CaMKII/CaMKK/CaMKIV cascasde [R-HSA-442729]	10	3	0.607613630917433	1
missMethyl_gsameth	reactome	hypermethylated	reactome:Activation of RAC1 downstream of NMDARs [R-HSA-9619229]	9	4	0.270016098501285	1
missMethyl_gsameth	reactome	hypermethylated	reactome:TP53 Regulates Transcription of Genes Involved in Cytochrome C Release [R-HSA-6803204]	20	4	0.855103447786612	1
missMethyl_gsameth	reactome	hypermethylated	reactome:MET Receptor Activation [R-HSA-6806942]	6	0	1	1
missMethyl_gsameth	reactome	hypermethylated	reactome:Signaling by MST1 [R-HSA-8852405]	5	0	1	1
missMethyl_gsameth	reactome	hypermethylated	reactome:Cholesterol biosynthesis [R-HSA-191273]	27	0	1	1
missMethyl_gsameth	reactome	hypermethylated	reactome:PTK6 Regulates Proteins Involved in RNA Processing [R-HSA-8849468]	5	2	0.336710140529763	1
missMethyl_gsameth	reactome	hypermethylated	reactome:Physiological factors [R-HSA-5578768]	14	7	0.0973586715391724	1
missMethyl_gsameth	reactome	hypermethylated	reactome:E3 ubiquitin ligases ubiquitinate target proteins [R-HSA-8866654]	54	7	0.968023826418022	1
missMethyl_gsameth	reactome	hypermethylated	reactome:Signal amplification [R-HSA-392518]	33	8	0.493339291451829	1
missMethyl_gsameth	reactome	hypermethylated	reactome:Thromboxane signalling through TP receptor [R-HSA-428930]	24	6	0.46570126375234	1
missMethyl_gsameth	reactome	hypermethylated	reactome:Thrombin signalling through proteinase activated receptors (PARs) [R-HSA-456926]	32	12	0.0577415767083189	0.992851931322681
missMethyl_gsameth	reactome	hypermethylated	reactome:TNFs bind their physiological receptors [R-HSA-5669034]	28	4	0.780288483910101	1
missMethyl_gsameth	reactome	hypermethylated	reactome:TNF receptor superfamily (TNFSF) members mediating non-canonical NF-kB pathway [R-HSA-5676594]	18	6	0.189744139063786	1
missMethyl_gsameth	reactome	hypermethylated	reactome:Chondroitin sulfate biosynthesis [R-HSA-2022870]	20	10	0.0442733948194257	0.950620940605337
missMethyl_gsameth	reactome	hypermethylated	reactome:CS/DS degradation [R-HSA-2024101]	14	6	0.170275094354327	1
missMethyl_gsameth	reactome	hypermethylated	reactome:Defective CHST3 causes SEDCJD [R-HSA-3595172]	8	5	0.0590654302924156	1
missMethyl_gsameth	reactome	hypermethylated	reactome:Defective CHST14 causes EDS, musculocontractural type [R-HSA-3595174]	8	4	0.167129765288685	1
missMethyl_gsameth	reactome	hypermethylated	reactome:Defective CHSY1 causes TPBS [R-HSA-3595177]	8	5	0.0688265518899836	1
missMethyl_gsameth	reactome	hypermethylated	reactome:Activation of G protein gated Potassium channels [R-HSA-1296041]	29	8	0.49748481625353	1
missMethyl_gsameth	reactome	hypermethylated	reactome:G protein gated Potassium channels [R-HSA-1296059]	29	8	0.49748481625353	1
missMethyl_gsameth	reactome	hypermethylated	reactome:G-protein activation [R-HSA-202040]	24	7	0.323672816033794	1
missMethyl_gsameth	reactome	hypermethylated	reactome:ADP signalling through P2Y purinoceptor 12 [R-HSA-392170]	22	4	0.74408255717908	1
missMethyl_gsameth	reactome	hypermethylated	reactome:Prostacyclin signalling through prostacyclin receptor [R-HSA-392851]	19	4	0.672834682315221	1
missMethyl_gsameth	reactome	hypermethylated	reactome:Adrenaline,noradrenaline inhibits insulin secretion [R-HSA-400042]	28	7	0.646919171415885	1
missMethyl_gsameth	reactome	hypermethylated	reactome:Ca2+ pathway [R-HSA-4086398]	62	14	0.872988493137787	1
missMethyl_gsameth	reactome	hypermethylated	reactome:G beta:gamma signalling through PLC beta [R-HSA-418217]	20	4	0.693845603747715	1
missMethyl_gsameth	reactome	hypermethylated	reactome:ADP signalling through P2Y purinoceptor 1 [R-HSA-418592]	25	7	0.370715971516007	1
missMethyl_gsameth	reactome	hypermethylated	reactome:Glucagon-type ligand receptors [R-HSA-420092]	32	10	0.184718346459105	1
missMethyl_gsameth	reactome	hypermethylated	reactome:Vasopressin regulates renal water homeostasis via Aquaporins [R-HSA-432040]	43	12	0.372854478513037	1
missMethyl_gsameth	reactome	hypermethylated	reactome:Aquaporin-mediated transport [R-HSA-445717]	52	12	0.509590685440364	1
missMethyl_gsameth	reactome	hypermethylated	reactome:Activation of kainate receptors upon glutamate binding [R-HSA-451326]	32	7	0.787565435339358	1
missMethyl_gsameth	reactome	hypermethylated	reactome:Presynaptic function of Kainate receptors [R-HSA-500657]	21	4	0.76322595942905	1
missMethyl_gsameth	reactome	hypermethylated	reactome:G beta:gamma signalling through BTK [R-HSA-8964315]	18	4	0.568695383059548	1
missMethyl_gsameth	reactome	hypermethylated	reactome:G beta:gamma signalling through CDC42 [R-HSA-8964616]	20	6	0.326316329759791	1
missMethyl_gsameth	reactome	hypermethylated	reactome:GPER1 signaling [R-HSA-9634597]	45	13	0.418418968184331	1
missMethyl_gsameth	reactome	hypermethylated	reactome:ADORA2B mediated anti-inflammatory cytokines production [R-HSA-9660821]	43	11	0.562143617269786	1
missMethyl_gsameth	reactome	hypermethylated	reactome:Anti-inflammatory response favouring Leishmania parasite infection [R-HSA-9662851]	79	21	0.472558006907772	1
missMethyl_gsameth	reactome	hypermethylated	reactome:Leishmania parasite growth and survival [R-HSA-9664433]	79	21	0.472558006907772	1
missMethyl_gsameth	reactome	hypermethylated	reactome:GABA receptor activation [R-HSA-977443]	60	21	0.125843703034309	1
missMethyl_gsameth	reactome	hypermethylated	reactome:GABA B receptor activation [R-HSA-977444]	43	13	0.437553443575829	1
missMethyl_gsameth	reactome	hypermethylated	reactome:Activation of GABAB receptors [R-HSA-991365]	43	13	0.437553443575829	1
missMethyl_gsameth	reactome	hypermethylated	reactome:Inhibition  of voltage gated Ca2+ channels via Gbeta/gamma subunits [R-HSA-997272]	29	8	0.49748481625353	1
missMethyl_gsameth	reactome	hypermethylated	reactome:Cholesterol biosynthesis via desmosterol [R-HSA-6807047]	4	0	1	1
missMethyl_gsameth	reactome	hypermethylated	reactome:Cholesterol biosynthesis via lathosterol [R-HSA-6807062]	4	0	1	1
missMethyl_gsameth	reactome	hypermethylated	reactome:Tight junction interactions [R-HSA-420029]	29	9	0.109875059088536	1
missMethyl_gsameth	reactome	hypermethylated	reactome:Trafficking and processing of endosomal TLR [R-HSA-1679131]	13	2	0.612609847085119	1
missMethyl_gsameth	reactome	hypermethylated	reactome:PKA-mediated phosphorylation of CREB [R-HSA-111931]	22	7	0.481138713189937	1
missMethyl_gsameth	reactome	hypermethylated	reactome:Glucagon signaling in metabolic regulation [R-HSA-163359]	32	10	0.36077007563834	1
missMethyl_gsameth	reactome	hypermethylated	reactome:PKA activation [R-HSA-163615]	20	7	0.396416152555463	1
missMethyl_gsameth	reactome	hypermethylated	reactome:PKA activation in glucagon signalling [R-HSA-164378]	17	6	0.443658079948983	1
missMethyl_gsameth	reactome	hypermethylated	reactome:Adenylate cyclase activating pathway [R-HSA-170660]	10	5	0.259183805204221	1
missMethyl_gsameth	reactome	hypermethylated	reactome:Adenylate cyclase inhibitory pathway [R-HSA-170670]	14	5	0.48969152119329	1
missMethyl_gsameth	reactome	hypermethylated	reactome:CREB1 phosphorylation through the activation of Adenylate Cyclase [R-HSA-442720]	14	3	0.715865036687157	1
missMethyl_gsameth	reactome	hypermethylated	reactome:FCGR3A-mediated IL10 synthesis [R-HSA-9664323]	40	15	0.126412799417352	1
missMethyl_gsameth	reactome	hypermethylated	reactome:Plasma lipoprotein remodeling [R-HSA-8963899]	33	10	0.121865241051304	1
missMethyl_gsameth	reactome	hypermethylated	reactome:LDL remodeling [R-HSA-8964041]	6	0	1	1
missMethyl_gsameth	reactome	hypermethylated	reactome:HDL remodeling [R-HSA-8964058]	10	5	0.0221817280368693	0.697159041732632
missMethyl_gsameth	reactome	hypermethylated	reactome:Recognition of DNA damage by PCNA-containing replication complex [R-HSA-110314]	30	3	0.975942796319528	1
missMethyl_gsameth	reactome	hypermethylated	reactome:Processive synthesis on the C-strand of the telomere [R-HSA-174414]	19	2	0.940909804285617	1
missMethyl_gsameth	reactome	hypermethylated	reactome:Removal of the Flap Intermediate from the C-strand [R-HSA-174437]	17	2	0.911157182619941	1
missMethyl_gsameth	reactome	hypermethylated	reactome:Mismatch Repair [R-HSA-5358508]	15	2	0.901223593823773	1
missMethyl_gsameth	reactome	hypermethylated	reactome:Mismatch repair (MMR) directed by MSH2:MSH6 (MutSalpha) [R-HSA-5358565]	14	2	0.885259610977348	1
missMethyl_gsameth	reactome	hypermethylated	reactome:Mismatch repair (MMR) directed by MSH2:MSH3 (MutSbeta) [R-HSA-5358606]	14	2	0.885414460401116	1
missMethyl_gsameth	reactome	hypermethylated	reactome:PCNA-Dependent Long Patch Base Excision Repair [R-HSA-5651801]	21	3	0.871474933747211	1
missMethyl_gsameth	reactome	hypermethylated	reactome:Termination of translesion DNA synthesis [R-HSA-5656169]	32	5	0.857550405882703	1
missMethyl_gsameth	reactome	hypermethylated	reactome:Gap-filling DNA repair synthesis and ligation in GG-NER [R-HSA-5696397]	25	4	0.825285975389839	1
missMethyl_gsameth	reactome	hypermethylated	reactome:Polymerase switching [R-HSA-69091]	14	1	0.975399554093347	1
missMethyl_gsameth	reactome	hypermethylated	reactome:Leading Strand Synthesis [R-HSA-69109]	14	1	0.975399554093347	1
missMethyl_gsameth	reactome	hypermethylated	reactome:Removal of the Flap Intermediate [R-HSA-69166]	14	2	0.875591183633871	1
missMethyl_gsameth	reactome	hypermethylated	reactome:Processive synthesis on the lagging strand [R-HSA-69183]	15	2	0.897803628484459	1
missMethyl_gsameth	reactome	hypermethylated	reactome:Lagging Strand Synthesis [R-HSA-69186]	20	2	0.967454332039381	1
missMethyl_gsameth	reactome	hypermethylated	reactome:DNA strand elongation [R-HSA-69190]	32	3	0.983763741127701	1
missMethyl_gsameth	reactome	hypermethylated	reactome:Signaling by ERBB2 in Cancer [R-HSA-1227990]	26	7	0.646445948228249	1
missMethyl_gsameth	reactome	hypermethylated	reactome:SHC1 events in ERBB2 signaling [R-HSA-1250196]	22	5	0.841176364975791	1
missMethyl_gsameth	reactome	hypermethylated	reactome:PI3K events in ERBB4 signaling [R-HSA-1250342]	10	5	0.119342744872629	1
missMethyl_gsameth	reactome	hypermethylated	reactome:SHC1 events in ERBB4 signaling [R-HSA-1250347]	14	3	0.780183372548667	1
missMethyl_gsameth	reactome	hypermethylated	reactome:GRB2 events in ERBB2 signaling [R-HSA-1963640]	16	4	0.708342015233305	1
missMethyl_gsameth	reactome	hypermethylated	reactome:PI3K events in ERBB2 signaling [R-HSA-1963642]	16	6	0.350949396780839	1
missMethyl_gsameth	reactome	hypermethylated	reactome:Constitutive Signaling by Aberrant PI3K in Cancer [R-HSA-2219530]	83	27	0.191906870990172	1
missMethyl_gsameth	reactome	hypermethylated	reactome:ERBB2 Regulates Cell Motility [R-HSA-6785631]	15	5	0.378799510549468	1
missMethyl_gsameth	reactome	hypermethylated	reactome:PI5P, PP2A and IER3 Regulate PI3K/AKT Signaling [R-HSA-6811558]	111	31	0.447634436795244	1
missMethyl_gsameth	reactome	hypermethylated	reactome:ERBB2 Activates PTK6 Signaling [R-HSA-8847993]	13	5	0.303756953220569	1
missMethyl_gsameth	reactome	hypermethylated	reactome:Signaling by ERBB2 KD Mutants [R-HSA-9664565]	25	7	0.583721268252687	1
missMethyl_gsameth	reactome	hypermethylated	reactome:Signaling by ERBB2 TMD/JMD mutants [R-HSA-9665686]	22	5	0.770246997493264	1
missMethyl_gsameth	reactome	hypermethylated	reactome:Gene and protein expression by JAK-STAT signaling after Interleukin-12 stimulation [R-HSA-8950505]	38	3	0.983535111251315	1
missMethyl_gsameth	reactome	hypermethylated	reactome:Interleukin-12 signaling [R-HSA-9020591]	46	4	0.991140395754143	1
missMethyl_gsameth	reactome	hypermethylated	reactome:Glucuronidation [R-HSA-156588]	25	3	0.507931030037264	1
missMethyl_gsameth	reactome	hypermethylated	reactome:Cation-coupled Chloride cotransporters [R-HSA-426117]	7	2	0.68892127844006	1
missMethyl_gsameth	reactome	hypermethylated	reactome:RND2 GTPase cycle [R-HSA-9696270]	43	12	0.480290960304065	1
missMethyl_gsameth	reactome	hypermethylated	reactome:Arachidonic acid metabolism [R-HSA-2142753]	59	15	0.112794766846874	1
missMethyl_gsameth	reactome	hypermethylated	reactome:Synthesis of Prostaglandins (PG) and Thromboxanes (TX) [R-HSA-2162123]	15	3	0.421882892029662	1
missMethyl_gsameth	reactome	hypermethylated	reactome:Attenuation phase [R-HSA-3371568]	14	3	0.821218047031181	1
missMethyl_gsameth	reactome	hypermethylated	reactome:HSF1-dependent transactivation [R-HSA-3371571]	24	7	0.604045848820108	1
missMethyl_gsameth	reactome	hypermethylated	reactome:Aryl hydrocarbon receptor signalling [R-HSA-8937144]	7	3	0.313734051597499	1
missMethyl_gsameth	reactome	hypermethylated	reactome:Cellular response to mitochondrial stress [R-HSA-9840373]	9	0	1	1
missMethyl_gsameth	reactome	hypermethylated	reactome:Formation of the ureteric bud [R-HSA-9830674]	21	14	0.00106401860257895	0.113424383034916
missMethyl_gsameth	reactome	hypermethylated	reactome:Ficolins bind to repetitive carbohydrate structures on the target cell surface [R-HSA-2855086]	5	0	1	1
missMethyl_gsameth	reactome	hypermethylated	reactome:CHL1 interactions [R-HSA-447041]	9	3	0.48537627231444	1
missMethyl_gsameth	reactome	hypermethylated	reactome:FGFR1 ligand binding and activation [R-HSA-190242]	18	10	0.0104301483575825	0.455677792999303
missMethyl_gsameth	reactome	hypermethylated	reactome:FGFR1b ligand binding and activation [R-HSA-190370]	8	6	0.0174424518772705	0.599221901056988
missMethyl_gsameth	reactome	hypermethylated	reactome:FGFR1c ligand binding and activation [R-HSA-190373]	14	7	0.0583511745670015	0.99683256551961
missMethyl_gsameth	reactome	hypermethylated	reactome:Signaling by TGFBR3 [R-HSA-9839373]	46	21	0.00471409045706254	0.292163978327248
missMethyl_gsameth	reactome	hypermethylated	reactome:TGFBR3 regulates TGF-beta signaling [R-HSA-9839389]	8	5	0.0756144613702147	1
missMethyl_gsameth	reactome	hypermethylated	reactome:TGFBR3 regulates FGF2 signaling [R-HSA-9839397]	3	2	0.253419238789803	1
missMethyl_gsameth	reactome	hypermethylated	reactome:ISG15 antiviral mechanism [R-HSA-1169408]	73	13	0.762533149900194	1
missMethyl_gsameth	reactome	hypermethylated	reactome:Rev-mediated nuclear export of HIV RNA [R-HSA-165054]	34	2	0.99440249398258	1
missMethyl_gsameth	reactome	hypermethylated	reactome:Influenza Infection [R-HSA-168255]	156	6	0.999999977912326	1
missMethyl_gsameth	reactome	hypermethylated	reactome:Transport of Ribonucleoproteins into the Host Nucleus [R-HSA-168271]	31	2	0.988128938726002	1
missMethyl_gsameth	reactome	hypermethylated	reactome:Influenza Viral RNA Transcription and Replication [R-HSA-168273]	136	5	0.99999975984874	1
missMethyl_gsameth	reactome	hypermethylated	reactome:Export of Viral Ribonucleoproteins from Nucleus [R-HSA-168274]	33	2	0.994499013036373	1
missMethyl_gsameth	reactome	hypermethylated	reactome:NS1 Mediated Effects on Host Pathways [R-HSA-168276]	40	3	0.987289524791161	1
missMethyl_gsameth	reactome	hypermethylated	reactome:Viral Messenger RNA Synthesis [R-HSA-168325]	43	3	0.992271080323098	1
missMethyl_gsameth	reactome	hypermethylated	reactome:NEP/NS2 Interacts with the Cellular Export Machinery [R-HSA-168333]	31	2	0.989282881943258	1
missMethyl_gsameth	reactome	hypermethylated	reactome:Regulation of Glucokinase by Glucokinase Regulatory Protein [R-HSA-170822]	31	3	0.954216258305017	1
missMethyl_gsameth	reactome	hypermethylated	reactome:Interactions of Vpr with host cellular proteins [R-HSA-176033]	35	2	0.993813593418712	1
missMethyl_gsameth	reactome	hypermethylated	reactome:Interactions of Rev with host cellular proteins [R-HSA-177243]	36	2	0.996820844839358	1
missMethyl_gsameth	reactome	hypermethylated	reactome:Nuclear import of Rev protein [R-HSA-180746]	33	2	0.993915322015904	1
missMethyl_gsameth	reactome	hypermethylated	reactome:Vpr-mediated nuclear import of PICs [R-HSA-180910]	33	2	0.991671468213493	1
missMethyl_gsameth	reactome	hypermethylated	reactome:Nuclear Envelope Breakdown [R-HSA-2980766]	52	6	0.980738122289371	1
missMethyl_gsameth	reactome	hypermethylated	reactome:SUMOylation of ubiquitinylation proteins [R-HSA-3232142]	38	4	0.976149511497797	1
missMethyl_gsameth	reactome	hypermethylated	reactome:Nuclear Pore Complex (NPC) Disassembly [R-HSA-3301854]	35	3	0.981352441930409	1
missMethyl_gsameth	reactome	hypermethylated	reactome:Defective TPR may confer susceptibility towards thyroid papillary carcinoma (TPC) [R-HSA-5619107]	31	3	0.954216258305017	1
missMethyl_gsameth	reactome	hypermethylated	reactome:HDMs demethylate histones [R-HSA-3214842]	46	10	0.304754988104247	1
missMethyl_gsameth	reactome	hypermethylated	reactome:mRNA decay by 3' to 5' exoribonuclease [R-HSA-429958]	16	1	0.937199640586278	1
missMethyl_gsameth	reactome	hypermethylated	reactome:Role of phospholipids in phagocytosis [R-HSA-2029485]	25	9	0.2183601127151	1
missMethyl_gsameth	reactome	hypermethylated	reactome:VEGFR2 mediated cell proliferation [R-HSA-5218921]	21	7	0.521159737407587	1
missMethyl_gsameth	reactome	hypermethylated	reactome:CLEC7A (Dectin-1) induces NFAT activation [R-HSA-5607763]	13	6	0.236054284416352	1
missMethyl_gsameth	reactome	hypermethylated	reactome:Antigen activates B Cell Receptor (BCR) leading to generation of second messengers [R-HSA-983695]	32	8	0.69110334588568	1
missMethyl_gsameth	reactome	hypermethylated	reactome:TP53 regulates transcription of additional cell cycle genes whose exact role in the p53 pathway remain uncertain [R-HSA-6804115]	20	1	0.996171471975628	1
missMethyl_gsameth	reactome	hypermethylated	reactome:CD163 mediating an anti-inflammatory response [R-HSA-9662834]	9	1	0.926711957404873	1
missMethyl_gsameth	reactome	hypermethylated	reactome:MASTL Facilitates Mitotic Progression [R-HSA-2465910]	10	0	1	1
missMethyl_gsameth	reactome	hypermethylated	reactome:Activation of NIMA Kinases NEK9, NEK6, NEK7 [R-HSA-2980767]	7	1	0.851217510011613	1
missMethyl_gsameth	reactome	hypermethylated	reactome:tRNA modification in the nucleus and cytosol [R-HSA-6782315]	43	2	0.998951866695241	1
missMethyl_gsameth	reactome	hypermethylated	reactome:Olfactory Signaling Pathway [R-HSA-381753]	358	7	0.999984129470253	1
missMethyl_gsameth	reactome	hypermethylated	reactome:Expression and translocation of olfactory receptors [R-HSA-9752946]	350	4	0.999998826998978	1
missMethyl_gsameth	reactome	hypermethylated	reactome:RHO GTPases regulate CFTR trafficking [R-HSA-5627083]	3	1	0.441740616071323	1
missMethyl_gsameth	reactome	hypermethylated	reactome:Eicosanoid ligand-binding receptors [R-HSA-391903]	15	4	0.225797526499602	1
missMethyl_gsameth	reactome	hypermethylated	reactome:Leukotriene receptors [R-HSA-391906]	5	0	1	1
missMethyl_gsameth	reactome	hypermethylated	reactome:LTC4-CYSLTR mediated IL4 production [R-HSA-9664535]	7	0	1	1
missMethyl_gsameth	reactome	hypermethylated	reactome:Androgen biosynthesis [R-HSA-193048]	11	3	0.23791908107843	1
missMethyl_gsameth	reactome	hypermethylated	reactome:Mineralocorticoid biosynthesis [R-HSA-193993]	6	0	1	1
missMethyl_gsameth	reactome	hypermethylated	reactome:Metabolism of steroid hormones [R-HSA-196071]	36	5	0.74232959963963	1
missMethyl_gsameth	reactome	hypermethylated	reactome:Metabolism of amine-derived hormones [R-HSA-209776]	17	5	0.329084195348838	1
missMethyl_gsameth	reactome	hypermethylated	reactome:Glycoprotein hormones [R-HSA-209822]	12	1	0.767087238959354	1
missMethyl_gsameth	reactome	hypermethylated	reactome:Peptide hormone biosynthesis [R-HSA-209952]	14	3	0.326937308157029	1
missMethyl_gsameth	reactome	hypermethylated	reactome:Thyroxine biosynthesis [R-HSA-209968]	10	4	0.148987686869662	1
missMethyl_gsameth	reactome	hypermethylated	reactome:Hormone ligand-binding receptors [R-HSA-375281]	12	2	0.366900857929383	1
missMethyl_gsameth	reactome	hypermethylated	reactome:TFAP2 (AP-2) family regulates transcription of growth factors and their receptors [R-HSA-8866910]	15	4	0.586168546384721	1
missMethyl_gsameth	reactome	hypermethylated	reactome:N-glycan antennae elongation in the medial/trans-Golgi [R-HSA-975576]	26	7	0.453040543645813	1
missMethyl_gsameth	reactome	hypermethylated	reactome:Reactions specific to the complex N-glycan synthesis pathway [R-HSA-975578]	10	1	0.935764330305116	1
missMethyl_gsameth	reactome	hypermethylated	reactome:RHO GTPases Activate NADPH Oxidases [R-HSA-5668599]	24	4	0.741295266375315	1
missMethyl_gsameth	reactome	hypermethylated	reactome:Killing mechanisms [R-HSA-9664420]	12	2	0.836207936932667	1
missMethyl_gsameth	reactome	hypermethylated	reactome:WNT5:FZD7-mediated leishmania damping [R-HSA-9673324]	12	2	0.836207936932667	1
missMethyl_gsameth	reactome	hypermethylated	reactome:GABA synthesis, release, reuptake and degradation [R-HSA-888590]	19	10	0.0392333062151697	0.901351388477822
missMethyl_gsameth	reactome	hypermethylated	reactome:Downstream signaling of activated FGFR1 [R-HSA-5654687]	31	13	0.0348472730695554	0.84487930336957
missMethyl_gsameth	reactome	hypermethylated	reactome:FRS-mediated FGFR1 signaling [R-HSA-5654693]	23	9	0.104907907423258	1
missMethyl_gsameth	reactome	hypermethylated	reactome:Downstream signaling of activated FGFR2 [R-HSA-5654696]	30	11	0.115183246830125	1
missMethyl_gsameth	reactome	hypermethylated	reactome:FRS-mediated FGFR2 signaling [R-HSA-5654700]	25	8	0.260589716387962	1
missMethyl_gsameth	reactome	hypermethylated	reactome:FRS-mediated FGFR3 signaling [R-HSA-5654706]	20	6	0.38528712496302	1
missMethyl_gsameth	reactome	hypermethylated	reactome:Downstream signaling of activated FGFR3 [R-HSA-5654708]	25	9	0.173777194935944	1
missMethyl_gsameth	reactome	hypermethylated	reactome:FRS-mediated FGFR4 signaling [R-HSA-5654712]	22	7	0.314609788263853	1
missMethyl_gsameth	reactome	hypermethylated	reactome:Downstream signaling of activated FGFR4 [R-HSA-5654716]	27	10	0.13935300626371	1
missMethyl_gsameth	reactome	hypermethylated	reactome:Activated NTRK2 signals through FRS2 and FRS3 [R-HSA-9028731]	11	1	0.956437837815452	1
missMethyl_gsameth	reactome	hypermethylated	reactome:RND1 GTPase cycle [R-HSA-9696273]	42	14	0.22248554850351	1
missMethyl_gsameth	reactome	hypermethylated	reactome:PI3K Cascade [R-HSA-109704]	44	15	0.180609383504892	1
missMethyl_gsameth	reactome	hypermethylated	reactome:IRS-mediated signalling [R-HSA-112399]	48	15	0.277301331120379	1
missMethyl_gsameth	reactome	hypermethylated	reactome:Signaling by FGFR in disease [R-HSA-1226099]	63	17	0.436433476247571	1
missMethyl_gsameth	reactome	hypermethylated	reactome:Prolonged ERK activation events [R-HSA-169893]	14	5	0.295259134987246	1
missMethyl_gsameth	reactome	hypermethylated	reactome:Frs2-mediated activation [R-HSA-170968]	12	5	0.193676630231122	1
missMethyl_gsameth	reactome	hypermethylated	reactome:Signalling to ERKs [R-HSA-187687]	34	8	0.696677883755266	1
missMethyl_gsameth	reactome	hypermethylated	reactome:Signaling by ALK [R-HSA-201556]	30	10	0.313365230026929	1
missMethyl_gsameth	reactome	hypermethylated	reactome:Signaling by Type 1 Insulin-like Growth Factor 1 Receptor (IGF1R) [R-HSA-2404192]	54	17	0.274573396949041	1
missMethyl_gsameth	reactome	hypermethylated	reactome:IGF1R signaling cascade [R-HSA-2428924]	53	17	0.261522766888119	1
missMethyl_gsameth	reactome	hypermethylated	reactome:IRS-related events triggered by IGF1R [R-HSA-2428928]	52	17	0.231884565229841	1
missMethyl_gsameth	reactome	hypermethylated	reactome:PI-3K cascade:FGFR1 [R-HSA-5654689]	21	11	0.0126120146490718	0.509257864239036
missMethyl_gsameth	reactome	hypermethylated	reactome:PI-3K cascade:FGFR2 [R-HSA-5654695]	23	10	0.0555228457249369	0.989421538686022
missMethyl_gsameth	reactome	hypermethylated	reactome:PI-3K cascade:FGFR3 [R-HSA-5654710]	18	8	0.0866442544229828	1
missMethyl_gsameth	reactome	hypermethylated	reactome:PI-3K cascade:FGFR4 [R-HSA-5654720]	20	9	0.0672110426476935	1
missMethyl_gsameth	reactome	hypermethylated	reactome:Signaling by FGFR2 in disease [R-HSA-5655253]	43	12	0.276850529348398	1
missMethyl_gsameth	reactome	hypermethylated	reactome:Signaling by FGFR4 in disease [R-HSA-5655291]	11	3	0.645631675947653	1
missMethyl_gsameth	reactome	hypermethylated	reactome:Signaling by FGFR1 in disease [R-HSA-5655302]	38	13	0.214694333434092	1
missMethyl_gsameth	reactome	hypermethylated	reactome:Signaling by FGFR3 in disease [R-HSA-5655332]	22	9	0.0969880906616163	1
missMethyl_gsameth	reactome	hypermethylated	reactome:Insulin receptor signalling cascade [R-HSA-74751]	54	16	0.365543777354897	1
missMethyl_gsameth	reactome	hypermethylated	reactome:RET signaling [R-HSA-8853659]	40	13	0.418726159937727	1
missMethyl_gsameth	reactome	hypermethylated	reactome:Glycosphingolipid metabolism [R-HSA-1660662]	58	11	0.794356473813617	1
missMethyl_gsameth	reactome	hypermethylated	reactome:Glycosphingolipid catabolism [R-HSA-9840310]	39	5	0.937206226893488	1
missMethyl_gsameth	reactome	hypermethylated	reactome:Histidine catabolism [R-HSA-70921]	8	1	0.787875683253621	1
missMethyl_gsameth	reactome	hypermethylated	reactome:Synthesis of bile acids and bile salts via 24-hydroxycholesterol [R-HSA-193775]	13	1	0.839088898546795	1
missMethyl_gsameth	reactome	hypermethylated	reactome:Transport and synthesis of PAPS [R-HSA-174362]	6	0	1	1
missMethyl_gsameth	reactome	hypermethylated	reactome:Multifunctional anion exchangers [R-HSA-427601]	9	0	1	1
missMethyl_gsameth	reactome	hypermethylated	reactome:Transport of bile salts and organic acids, metal ions and amine compounds [R-HSA-425366]	84	22	0.333032276894459	1
missMethyl_gsameth	reactome	hypermethylated	reactome:Organic cation/anion/zwitterion transport [R-HSA-549132]	15	4	0.484625485977058	1
missMethyl_gsameth	reactome	hypermethylated	reactome:Organic anion transport [R-HSA-561048]	5	1	0.640804113365786	1
missMethyl_gsameth	reactome	hypermethylated	reactome:Fibronectin matrix formation [R-HSA-1566977]	6	2	0.320078707257041	1
missMethyl_gsameth	reactome	hypermethylated	reactome:Orexin and neuropeptides FF and QRFP bind to their respective receptors [R-HSA-389397]	8	4	0.0175382019821558	0.599221901056988
missMethyl_gsameth	reactome	hypermethylated	reactome:RAB geranylgeranylation [R-HSA-8873719]	63	12	0.690300378514076	1
missMethyl_gsameth	reactome	hypermethylated	reactome:Activation of PPARGC1A (PGC-1alpha) by phosphorylation [R-HSA-2151209]	10	0	1	1
missMethyl_gsameth	reactome	hypermethylated	reactome:FOXO-mediated transcription of oxidative stress, metabolic and neuronal genes [R-HSA-9615017]	29	7	0.587738216862276	1
missMethyl_gsameth	reactome	hypermethylated	reactome:Transcriptional regulation of brown and beige adipocyte differentiation [R-HSA-9843743]	30	8	0.643831236299661	1
missMethyl_gsameth	reactome	hypermethylated	reactome:Transcriptional regulation of brown and beige adipocyte differentiation by EBF2 [R-HSA-9844594]	30	8	0.643831236299661	1
missMethyl_gsameth	reactome	hypermethylated	reactome:Regulation of MITF-M dependent genes involved in metabolism [R-HSA-9854907]	3	0	1	1
missMethyl_gsameth	reactome	hypermethylated	reactome:CLEC7A/inflammasome pathway [R-HSA-5660668]	6	1	0.789088635661339	1
missMethyl_gsameth	reactome	hypermethylated	reactome:Activation of Matrix Metalloproteinases [R-HSA-1592389]	32	6	0.570921168786536	1
missMethyl_gsameth	reactome	hypermethylated	reactome:Hyaluronan uptake and degradation [R-HSA-2160916]	12	3	0.533401110833142	1
missMethyl_gsameth	reactome	hypermethylated	reactome:Inhibition of Host mRNA Processing and RNA Silencing [R-HSA-168315]	2	0	1	1
missMethyl_gsameth	reactome	hypermethylated	reactome:Processing of Capped Intronless Pre-mRNA [R-HSA-75067]	29	3	0.931625962278331	1
missMethyl_gsameth	reactome	hypermethylated	reactome:Processing of Intronless Pre-mRNAs [R-HSA-77595]	20	1	0.986036818177128	1
missMethyl_gsameth	reactome	hypermethylated	reactome:N-glycan trimming and elongation in the cis-Golgi [R-HSA-964739]	5	2	0.441612437176199	1
missMethyl_gsameth	reactome	hypermethylated	reactome:Progressive trimming of alpha-1,2-linked mannose residues from Man9/8/7GlcNAc2 to produce Man5GlcNAc2 [R-HSA-964827]	3	1	0.639807076599077	1
missMethyl_gsameth	reactome	hypermethylated	reactome:PI Metabolism [R-HSA-1483255]	84	14	0.987423335851586	1
missMethyl_gsameth	reactome	hypermethylated	reactome:Glycerophospholipid catabolism [R-HSA-6814848]	7	2	0.657474761122764	1
missMethyl_gsameth	reactome	hypermethylated	reactome:PKMTs methylate histone lysines [R-HSA-3214841]	64	14	0.631074721643048	1
missMethyl_gsameth	reactome	hypermethylated	reactome:Nonsense-Mediated Decay (NMD) [R-HSA-927802]	116	7	0.999925708318365	1
missMethyl_gsameth	reactome	hypermethylated	reactome:Nonsense Mediated Decay (NMD) enhanced by the Exon Junction Complex (EJC) [R-HSA-975957]	116	7	0.999925708318365	1
missMethyl_gsameth	reactome	hypermethylated	reactome:FASTK family proteins regulate processing and stability of mitochondrial RNAs [R-HSA-9837092]	4	0	1	1
missMethyl_gsameth	reactome	hypermethylated	reactome:Pregnenolone biosynthesis [R-HSA-196108]	12	2	0.743802931451257	1
missMethyl_gsameth	reactome	hypermethylated	reactome:SRP-dependent cotranslational protein targeting to membrane [R-HSA-1799339]	113	1	0.999999997828341	1
missMethyl_gsameth	reactome	hypermethylated	reactome:Insertion of tail-anchored proteins into the endoplasmic reticulum membrane [R-HSA-9609523]	22	2	0.983315642428585	1
missMethyl_gsameth	reactome	hypermethylated	reactome:Serine biosynthesis [R-HSA-977347]	9	2	0.529374846870212	1
missMethyl_gsameth	reactome	hypermethylated	reactome:Fatty acyl-CoA biosynthesis [R-HSA-75105]	36	7	0.85108966532786	1
missMethyl_gsameth	reactome	hypermethylated	reactome:Chk1/Chk2(Cds1) mediated inactivation of Cyclin B:Cdk1 complex [R-HSA-75035]	13	1	0.956600985872927	1
missMethyl_gsameth	reactome	hypermethylated	reactome:SARS-CoV-1 targets host intracellular signalling and regulatory pathways [R-HSA-9735871]	15	4	0.596924502422895	1
missMethyl_gsameth	reactome	hypermethylated	reactome:ALKBH3 mediated reversal of alkylation damage [R-HSA-112126]	4	0	1	1
missMethyl_gsameth	reactome	hypermethylated	reactome:DNA Damage Reversal [R-HSA-73942]	8	1	0.93990729811385	1
missMethyl_gsameth	reactome	hypermethylated	reactome:Reversal of alkylation damage by DNA dioxygenases [R-HSA-73943]	7	0	1	1
missMethyl_gsameth	reactome	hypermethylated	reactome:Complex III assembly [R-HSA-9865881]	23	1	0.985344503869386	1
missMethyl_gsameth	reactome	hypermethylated	reactome:Cell-extracellular matrix interactions [R-HSA-446353]	18	7	0.30471149917007	1
missMethyl_gsameth	reactome	hypermethylated	reactome:Amino acid transport across the plasma membrane [R-HSA-352230]	33	8	0.702918339878366	1
missMethyl_gsameth	reactome	hypermethylated	reactome:Defective SLC27A4 causes ichthyosis prematurity syndrome (IPS) [R-HSA-5619108]	1	0	0.999999999995073	1
missMethyl_gsameth	reactome	hypermethylated	reactome:Transport of fatty acids [R-HSA-804914]	7	2	0.263133719550205	1
missMethyl_gsameth	reactome	hypermethylated	reactome:Synthesis of very long-chain fatty acyl-CoAs [R-HSA-75876]	24	5	0.701111348045512	1
missMethyl_gsameth	reactome	hypermethylated	reactome:Interleukin-20 family signaling [R-HSA-8854691]	25	4	0.726613669363881	1
missMethyl_gsameth	reactome	hypermethylated	reactome:Protein lipoylation [R-HSA-9857492]	10	1	0.803901331543382	1
missMethyl_gsameth	reactome	hypermethylated	reactome:PIWI-interacting RNA (piRNA) biogenesis [R-HSA-5601884]	29	2	0.985956491584186	1
missMethyl_gsameth	reactome	hypermethylated	reactome:ZBP1(DAI) mediated induction of type I IFNs [R-HSA-1606322]	21	1	0.989463301915143	1
missMethyl_gsameth	reactome	hypermethylated	reactome:TICAM1, RIP1-mediated IKK complex recruitment [R-HSA-168927]	20	1	0.987881375285797	1
missMethyl_gsameth	reactome	hypermethylated	reactome:RIP-mediated NFkB activation via ZBP1 [R-HSA-1810476]	17	0	1	1
missMethyl_gsameth	reactome	hypermethylated	reactome:TRP channels [R-HSA-3295583]	28	6	0.766853266774029	1
missMethyl_gsameth	reactome	hypermethylated	reactome:TLR3-mediated TICAM1-dependent programmed cell death [R-HSA-9013957]	6	0	1	1
missMethyl_gsameth	reactome	hypermethylated	reactome:Microbial modulation of RIPK1-mediated regulated necrosis [R-HSA-9686347]	4	0	1	1
missMethyl_gsameth	reactome	hypermethylated	reactome:SARS-CoV-1-mediated effects on programmed cell death [R-HSA-9692913]	3	0	1	1
missMethyl_gsameth	reactome	hypermethylated	reactome:Defective RIPK1-mediated regulated necrosis [R-HSA-9693928]	7	0	1	1
missMethyl_gsameth	reactome	hypermethylated	reactome:Postmitotic nuclear pore complex (NPC) reformation [R-HSA-9615933]	27	2	0.988315477628065	1
missMethyl_gsameth	reactome	hypermethylated	reactome:Defective LARGE causes MDDGA6 and MDDGB6 [R-HSA-5083627]	1	0	0.999999999999317	1
missMethyl_gsameth	reactome	hypermethylated	reactome:Signaling by cytosolic FGFR1 fusion mutants [R-HSA-1839117]	18	6	0.462332216624966	1
missMethyl_gsameth	reactome	hypermethylated	reactome:FGFR1 mutant receptor activation [R-HSA-1839124]	31	12	0.125628410956704	1
missMethyl_gsameth	reactome	hypermethylated	reactome:Downregulation of ERBB4 signaling [R-HSA-1253288]	9	2	0.68012542939058	1
missMethyl_gsameth	reactome	hypermethylated	reactome:Keratan sulfate degradation [R-HSA-2022857]	15	2	0.840525287908457	1
missMethyl_gsameth	reactome	hypermethylated	reactome:Defective CHST6 causes MCDC1 [R-HSA-3656225]	8	0	1	1
missMethyl_gsameth	reactome	hypermethylated	reactome:Defective ST3GAL3 causes MCT12 and EIEE15 [R-HSA-3656243]	8	0	1	1
missMethyl_gsameth	reactome	hypermethylated	reactome:Defective B4GALT1 causes B4GALT1-CDG (CDG-2d) [R-HSA-3656244]	8	0	1	1
missMethyl_gsameth	reactome	hypermethylated	reactome:Fertilization [R-HSA-1187000]	25	6	0.072661496294148	1
missMethyl_gsameth	reactome	hypermethylated	reactome:Interaction With Cumulus Cells And The Zona Pellucida [R-HSA-2534343]	11	1	0.627684518847867	1
missMethyl_gsameth	reactome	hypermethylated	reactome:Platelet Adhesion to exposed collagen [R-HSA-75892]	16	6	0.200875650351858	1
missMethyl_gsameth	reactome	hypermethylated	reactome:Diseases of hemostasis [R-HSA-9671793]	19	5	0.43964930722328	1
missMethyl_gsameth	reactome	hypermethylated	reactome:Defects of platelet adhesion to exposed collagen [R-HSA-9823587]	8	3	0.317955266183181	1
missMethyl_gsameth	reactome	hypermethylated	reactome:Enhanced cleavage of VWF variant by ADAMTS13 [R-HSA-9845619]	4	3	0.103954619522022	1
missMethyl_gsameth	reactome	hypermethylated	reactome:Defective VWF cleavage by ADAMTS13 variant [R-HSA-9845621]	4	3	0.103954619522022	1
missMethyl_gsameth	reactome	hypermethylated	reactome:p75NTR negatively regulates cell cycle via SC1 [R-HSA-193670]	6	2	0.496929992587641	1
missMethyl_gsameth	reactome	hypermethylated	reactome:Activation of SMO [R-HSA-5635838]	18	8	0.135328250349852	1
missMethyl_gsameth	reactome	hypermethylated	reactome:Basigin interactions [R-HSA-210991]	25	9	0.186105453687113	1
missMethyl_gsameth	reactome	hypermethylated	reactome:Defective SLC3A1 causes cystinuria (CSNU) [R-HSA-5619113]	2	0	1	1
missMethyl_gsameth	reactome	hypermethylated	reactome:Defective SLC7A9 causes cystinuria (CSNU) [R-HSA-5660883]	2	0	1	1
missMethyl_gsameth	reactome	hypermethylated	reactome:Constitutive Signaling by Ligand-Responsive EGFR Cancer Variants [R-HSA-1236382]	19	4	0.724200878770694	1
missMethyl_gsameth	reactome	hypermethylated	reactome:Signaling by EGFR in Cancer [R-HSA-1643713]	25	4	0.837803908359394	1
missMethyl_gsameth	reactome	hypermethylated	reactome:Constitutive Signaling by EGFRvIII [R-HSA-5637810]	15	4	0.59695319224786	1
missMethyl_gsameth	reactome	hypermethylated	reactome:Signaling by EGFRvIII in Cancer [R-HSA-5637812]	15	4	0.59695319224786	1
missMethyl_gsameth	reactome	hypermethylated	reactome:Signaling by Ligand-Responsive EGFR Variants in Cancer [R-HSA-5637815]	19	4	0.724200878770694	1
missMethyl_gsameth	reactome	hypermethylated	reactome:Constitutive Signaling by Overexpressed ERBB2 [R-HSA-9634285]	11	0	1	1
missMethyl_gsameth	reactome	hypermethylated	reactome:Drug-mediated inhibition of ERBB2 signaling [R-HSA-9652282]	4	0	1	1
missMethyl_gsameth	reactome	hypermethylated	reactome:Drug resistance in ERBB2 KD mutants [R-HSA-9665230]	4	0	1	1
missMethyl_gsameth	reactome	hypermethylated	reactome:Resistance of ERBB2 KD mutants to trastuzumab [R-HSA-9665233]	4	0	1	1
missMethyl_gsameth	reactome	hypermethylated	reactome:Resistance of ERBB2 KD mutants to sapitinib [R-HSA-9665244]	4	0	1	1
missMethyl_gsameth	reactome	hypermethylated	reactome:Resistance of ERBB2 KD mutants to tesevatinib [R-HSA-9665245]	4	0	1	1
missMethyl_gsameth	reactome	hypermethylated	reactome:Resistance of ERBB2 KD mutants to neratinib [R-HSA-9665246]	4	0	1	1
missMethyl_gsameth	reactome	hypermethylated	reactome:Resistance of ERBB2 KD mutants to osimertinib [R-HSA-9665247]	4	0	1	1
missMethyl_gsameth	reactome	hypermethylated	reactome:Resistance of ERBB2 KD mutants to afatinib [R-HSA-9665249]	4	0	1	1
missMethyl_gsameth	reactome	hypermethylated	reactome:Resistance of ERBB2 KD mutants to AEE788 [R-HSA-9665250]	4	0	1	1
missMethyl_gsameth	reactome	hypermethylated	reactome:Resistance of ERBB2 KD mutants to lapatinib [R-HSA-9665251]	4	0	1	1
missMethyl_gsameth	reactome	hypermethylated	reactome:Signaling by ERBB2 ECD mutants [R-HSA-9665348]	16	4	0.712965112590527	1
missMethyl_gsameth	reactome	hypermethylated	reactome:Drug resistance in ERBB2 TMD/JMD mutants [R-HSA-9665737]	4	0	1	1
missMethyl_gsameth	reactome	hypermethylated	reactome:Receptor-type tyrosine-protein phosphatases [R-HSA-388844]	20	11	0.0445882242310196	0.950620940605337
missMethyl_gsameth	reactome	hypermethylated	reactome:Interleukin-38 signaling [R-HSA-9007892]	4	0	1	1
missMethyl_gsameth	reactome	hypermethylated	reactome:Acyl chain remodelling of PI [R-HSA-1482922]	17	1	0.934955366639365	1
missMethyl_gsameth	reactome	hypermethylated	reactome:Infection with Mycobacterium tuberculosis [R-HSA-9635486]	27	2	0.993006549978964	1
missMethyl_gsameth	reactome	hypermethylated	reactome:Prevention of phagosomal-lysosomal fusion [R-HSA-9636383]	9	0	1	1
missMethyl_gsameth	reactome	hypermethylated	reactome:Suppression of phagosomal maturation [R-HSA-9637687]	13	0	1	1
missMethyl_gsameth	reactome	hypermethylated	reactome:Response of Mtb to phagocytosis [R-HSA-9637690]	23	1	0.998636325317487	1
missMethyl_gsameth	reactome	hypermethylated	reactome:mRNA decay by 5' to 3' exoribonuclease [R-HSA-430039]	15	2	0.869600266841285	1
missMethyl_gsameth	reactome	hypermethylated	reactome:Signaling by plasma membrane FGFR1 fusions [R-HSA-8853336]	3	1	0.642738845011766	1
missMethyl_gsameth	reactome	hypermethylated	reactome:Inositol phosphate metabolism [R-HSA-1483249]	50	8	0.95130892372039	1
missMethyl_gsameth	reactome	hypermethylated	reactome:Synthesis of pyrophosphates in the cytosol [R-HSA-1855167]	10	1	0.862921276527207	1
missMethyl_gsameth	reactome	hypermethylated	reactome:Phosphate bond hydrolysis by NUDT proteins [R-HSA-2393930]	7	1	0.73095310883767	1
missMethyl_gsameth	reactome	hypermethylated	reactome:Signaling by BMP [R-HSA-201451]	31	13	0.040784544898397	0.9057567679519
missMethyl_gsameth	reactome	hypermethylated	reactome:Integration of provirus [R-HSA-162592]	9	0	1	1
missMethyl_gsameth	reactome	hypermethylated	reactome:Early Phase of HIV Life Cycle [R-HSA-162594]	14	0	1	1
missMethyl_gsameth	reactome	hypermethylated	reactome:2-LTR circle formation [R-HSA-164843]	7	0	1	1
missMethyl_gsameth	reactome	hypermethylated	reactome:Integration of viral DNA into host genomic DNA [R-HSA-175567]	3	0	1	1
missMethyl_gsameth	reactome	hypermethylated	reactome:Autointegration results in viral DNA circles [R-HSA-177539]	3	0	1	1
missMethyl_gsameth	reactome	hypermethylated	reactome:APOBEC3G mediated resistance to HIV-1 infection [R-HSA-180689]	5	0	1	1
missMethyl_gsameth	reactome	hypermethylated	reactome:Digestion of dietary carbohydrate [R-HSA-189085]	10	0	1	1
missMethyl_gsameth	reactome	hypermethylated	reactome:Digestion [R-HSA-8935690]	21	0	1	1
missMethyl_gsameth	reactome	hypermethylated	reactome:Digestion and absorption [R-HSA-8963743]	26	2	0.844244400343749	1
missMethyl_gsameth	reactome	hypermethylated	reactome:Cellular hexose transport [R-HSA-189200]	21	3	0.821189318924875	1
missMethyl_gsameth	reactome	hypermethylated	reactome:Methylation of MeSeH for excretion [R-HSA-2408552]	1	0	1.00000000003052	1
missMethyl_gsameth	reactome	hypermethylated	reactome:Negative regulation of TCF-dependent signaling by WNT ligand antagonists [R-HSA-3772470]	15	8	0.0506695770668443	0.989421538686022
missMethyl_gsameth	reactome	hypermethylated	reactome:SARS-CoV-2 modulates host translation machinery [R-HSA-9754678]	51	1	0.99982266290805	1
missMethyl_gsameth	reactome	hypermethylated	reactome:RAF-independent MAPK1/3 activation [R-HSA-112409]	23	5	0.815496618909802	1
missMethyl_gsameth	reactome	hypermethylated	reactome:Negative regulation of MAPK pathway [R-HSA-5675221]	43	7	0.938864477590826	1
missMethyl_gsameth	reactome	hypermethylated	reactome:Signaling by MAPK mutants [R-HSA-9652817]	7	2	0.639105561035721	1
missMethyl_gsameth	reactome	hypermethylated	reactome:Eukaryotic Translation Elongation [R-HSA-156842]	94	2	0.999999219485142	1
missMethyl_gsameth	reactome	hypermethylated	reactome:Peptide chain elongation [R-HSA-156902]	90	1	0.999999874991447	1
missMethyl_gsameth	reactome	hypermethylated	reactome:Viral mRNA Translation [R-HSA-192823]	90	1	0.999999842527292	1
missMethyl_gsameth	reactome	hypermethylated	reactome:Selenocysteine synthesis [R-HSA-2408557]	94	2	0.999998821518806	1
missMethyl_gsameth	reactome	hypermethylated	reactome:Eukaryotic Translation Termination [R-HSA-72764]	94	1	0.999999906792398	1
missMethyl_gsameth	reactome	hypermethylated	reactome:Nonsense Mediated Decay (NMD) independent of the Exon Junction Complex (EJC) [R-HSA-975956]	96	3	0.99999398222886	1
missMethyl_gsameth	reactome	hypermethylated	reactome:Reversible hydration of carbon dioxide [R-HSA-1475029]	12	3	0.461756054435677	1
missMethyl_gsameth	reactome	hypermethylated	reactome:Prostanoid ligand receptors [R-HSA-391908]	9	4	0.108503466637952	1
missMethyl_gsameth	reactome	hypermethylated	reactome:Defective MAN1B1 causes MRT15 [R-HSA-4793950]	1	0	1.00000000000418	1
missMethyl_gsameth	reactome	hypermethylated	reactome:Na+/Cl- dependent neurotransmitter transporters [R-HSA-442660]	19	7	0.344013250933947	1
missMethyl_gsameth	reactome	hypermethylated	reactome:Variant SLC6A14 may confer susceptibility towards obesity [R-HSA-5619094]	1	0	1.00000000000967	1
missMethyl_gsameth	reactome	hypermethylated	reactome:Amine ligand-binding receptors [R-HSA-375280]	42	16	0.0042426358780595	0.26920534797687
missMethyl_gsameth	reactome	hypermethylated	reactome:Histamine receptors [R-HSA-390650]	4	2	0.308676558993371	1
missMethyl_gsameth	reactome	hypermethylated	reactome:Regulation of IFNA/IFNB signaling [R-HSA-912694]	17	1	0.969666912183792	1
missMethyl_gsameth	reactome	hypermethylated	reactome:Regulation of NF-kappa B signaling [R-HSA-9758274]	18	2	0.936034887850527	1
missMethyl_gsameth	reactome	hypermethylated	reactome:Neurotoxicity of clostridium toxins [R-HSA-168799]	10	4	0.324877371596914	1
missMethyl_gsameth	reactome	hypermethylated	reactome:Toxicity of botulinum toxin type C (botC) [R-HSA-5250971]	3	2	0.177160447458902	1
missMethyl_gsameth	reactome	hypermethylated	reactome:STING mediated induction of host immune responses [R-HSA-1834941]	16	1	0.968603789388974	1
missMethyl_gsameth	reactome	hypermethylated	reactome:Regulation of innate immune responses to cytosolic DNA [R-HSA-3134975]	15	1	0.931315242429048	1
missMethyl_gsameth	reactome	hypermethylated	reactome:Regulation by TREX1 [R-HSA-3248023]	1	0	1.00000000000153	1
missMethyl_gsameth	reactome	hypermethylated	reactome:IRF3-mediated induction of type I IFN [R-HSA-3270619]	13	1	0.95366691767773	1
missMethyl_gsameth	reactome	hypermethylated	reactome:Muscarinic acetylcholine receptors [R-HSA-390648]	5	1	0.746041522003458	1
missMethyl_gsameth	reactome	hypermethylated	reactome:Interaction between L1 and Ankyrins [R-HSA-445095]	31	8	0.689774270722263	1
missMethyl_gsameth	reactome	hypermethylated	reactome:Phase 0 - rapid depolarisation [R-HSA-5576892]	34	14	0.0678938617365929	1
missMethyl_gsameth	reactome	hypermethylated	reactome:Mitochondrial iron-sulfur cluster biogenesis [R-HSA-1362409]	13	1	0.92773483075451	1
missMethyl_gsameth	reactome	hypermethylated	reactome:Electron transport from NADPH to Ferredoxin [R-HSA-2395516]	3	0	1	1
missMethyl_gsameth	reactome	hypermethylated	reactome:Defective CYP11A1 causes AICSR [R-HSA-5579026]	4	1	0.59138753445838	1
missMethyl_gsameth	reactome	hypermethylated	reactome:Metabolic disorders of biological oxidation enzymes [R-HSA-5579029]	34	11	0.0853663828500902	1
missMethyl_gsameth	reactome	hypermethylated	reactome:Glyoxylate metabolism and glycine degradation [R-HSA-389661]	19	1	0.975019189598064	1
missMethyl_gsameth	reactome	hypermethylated	reactome:N-Glycan antennae elongation [R-HSA-975577]	15	5	0.295698368332574	1
missMethyl_gsameth	reactome	hypermethylated	reactome:Fatty acids [R-HSA-211935]	15	2	0.445603288443289	1
missMethyl_gsameth	reactome	hypermethylated	reactome:Eicosanoids [R-HSA-211979]	12	2	0.429939562126435	1
missMethyl_gsameth	reactome	hypermethylated	reactome:Synthesis of Leukotrienes (LT) and Eoxins (EX) [R-HSA-2142691]	21	5	0.313086367564017	1
missMethyl_gsameth	reactome	hypermethylated	reactome:APEX1-Independent Resolution of AP Sites via the Single Nucleotide Replacement Pathway [R-HSA-5649702]	7	0	1	1
missMethyl_gsameth	reactome	hypermethylated	reactome:Synthesis of IP3 and IP4 in the cytosol [R-HSA-1855204]	28	4	0.9622449280422	1
missMethyl_gsameth	reactome	hypermethylated	reactome:Acetylcholine regulates insulin secretion [R-HSA-399997]	10	2	0.808772431698466	1
missMethyl_gsameth	reactome	hypermethylated	reactome:SARS-CoV-2 modulates autophagy [R-HSA-9754560]	11	2	0.668756913282729	1
missMethyl_gsameth	reactome	hypermethylated	reactome:Acrosome Reaction and Sperm:Oocyte Membrane Binding [R-HSA-1300645]	5	3	0.0206427764330768	0.662807219206623
missMethyl_gsameth	reactome	hypermethylated	reactome:Vitamin B2 (riboflavin) metabolism [R-HSA-196843]	7	1	0.712331142556748	1
missMethyl_gsameth	reactome	hypermethylated	reactome:Acetylcholine binding and downstream events [R-HSA-181431]	15	3	0.548155398316735	1
missMethyl_gsameth	reactome	hypermethylated	reactome:Presynaptic nicotinic acetylcholine receptors [R-HSA-622323]	12	3	0.422168148142851	1
missMethyl_gsameth	reactome	hypermethylated	reactome:Postsynaptic nicotinic acetylcholine receptors [R-HSA-622327]	15	3	0.548155398316735	1
missMethyl_gsameth	reactome	hypermethylated	reactome:Highly calcium permeable postsynaptic nicotinic acetylcholine receptors [R-HSA-629594]	12	2	0.736453066482907	1
missMethyl_gsameth	reactome	hypermethylated	reactome:Highly calcium permeable nicotinic acetylcholine receptors [R-HSA-629597]	9	2	0.624085281323874	1
missMethyl_gsameth	reactome	hypermethylated	reactome:Butyrate Response Factor 1 (BRF1) binds and destabilizes mRNA [R-HSA-450385]	17	2	0.812915233180705	1
missMethyl_gsameth	reactome	hypermethylated	reactome:Tristetraprolin (TTP, ZFP36) binds and destabilizes mRNA [R-HSA-450513]	17	2	0.771020253345169	1
missMethyl_gsameth	reactome	hypermethylated	reactome:KSRP (KHSRP) binds and destabilizes mRNA [R-HSA-450604]	17	2	0.87425647509216	1
missMethyl_gsameth	reactome	hypermethylated	reactome:Acyl chain remodeling of DAG and TAG [R-HSA-1482883]	7	1	0.784685125035206	1
missMethyl_gsameth	reactome	hypermethylated	reactome:Arachidonate production from DAG [R-HSA-426048]	5	1	0.848938426768204	1
missMethyl_gsameth	reactome	hypermethylated	reactome:Agmatine biosynthesis [R-HSA-351143]	2	1	0.393640467356724	1
missMethyl_gsameth	reactome	hypermethylated	reactome:Highly sodium permeable postsynaptic acetylcholine nicotinic receptors [R-HSA-629587]	7	3	0.203057654906952	1
missMethyl_gsameth	reactome	hypermethylated	reactome:Miscellaneous substrates [R-HSA-211958]	12	2	0.496386434572907	1
missMethyl_gsameth	reactome	hypermethylated	reactome:Synthesis of (16-20)-hydroxyeicosatetraenoic acids (HETE) [R-HSA-2142816]	9	3	0.168926345878881	1
missMethyl_gsameth	reactome	hypermethylated	reactome:Defective CYP2U1 causes SPG56 [R-HSA-5579011]	1	1	0.196279872851271	1
missMethyl_gsameth	reactome	hypermethylated	reactome:Inositol transporters [R-HSA-429593]	3	0	1	1
missMethyl_gsameth	reactome	hypermethylated	reactome:IKBKB deficiency causes SCID [R-HSA-5602636]	3	0	1	1
missMethyl_gsameth	reactome	hypermethylated	reactome:IKBKG deficiency causes anhidrotic ectodermal dysplasia with immunodeficiency (EDA-ID) (via TLR) [R-HSA-5603027]	3	0	1	1
missMethyl_gsameth	reactome	hypermethylated	reactome:IkBA variant leads to EDA-ID [R-HSA-5603029]	7	0	1	1
missMethyl_gsameth	reactome	hypermethylated	reactome:MAP3K8 (TPL2)-dependent MAPK1/3 activation [R-HSA-5684264]	16	2	0.944943538476398	1
missMethyl_gsameth	reactome	hypermethylated	reactome:TRAF6 mediated NF-kB activation [R-HSA-933542]	25	0	1	1
missMethyl_gsameth	reactome	hypermethylated	reactome:NF-kB activation through FADD/RIP-1 pathway mediated by caspase-8 and -10 [R-HSA-933543]	13	0	1	1
missMethyl_gsameth	reactome	hypermethylated	reactome:IRAK1 recruits IKK complex [R-HSA-937039]	15	1	0.970265921235456	1
missMethyl_gsameth	reactome	hypermethylated	reactome:IRAK1 recruits IKK complex upon TLR7/8 or 9 stimulation [R-HSA-975144]	15	1	0.970265921235456	1
missMethyl_gsameth	reactome	hypermethylated	reactome:SLC15A4:TASL-dependent IRF5 activation [R-HSA-9860276]	6	0	1	1
missMethyl_gsameth	reactome	hypermethylated	reactome:Intracellular oxygen transport [R-HSA-8981607]	3	2	0.203328463498503	1
missMethyl_gsameth	reactome	hypermethylated	reactome:Transcriptional Regulation by MECP2 [R-HSA-8986944]	62	18	0.609591678899455	1
missMethyl_gsameth	reactome	hypermethylated	reactome:MECP2 regulates neuronal receptors and channels [R-HSA-9022699]	17	4	0.779852289920198	1
missMethyl_gsameth	reactome	hypermethylated	reactome:RHO GTPases Activate Rhotekin and Rhophilins [R-HSA-5666185]	9	0	1	1
missMethyl_gsameth	reactome	hypermethylated	reactome:Lipid particle organization [R-HSA-8964572]	6	2	0.26357978495354	1
missMethyl_gsameth	reactome	hypermethylated	reactome:Synthesis of PG [R-HSA-1483148]	8	2	0.618712384008349	1
missMethyl_gsameth	reactome	hypermethylated	reactome:Creatine metabolism [R-HSA-71288]	11	2	0.654943713645762	1
missMethyl_gsameth	reactome	hypermethylated	reactome:Interleukin-7 signaling [R-HSA-1266695]	33	11	0.102439428357993	1
missMethyl_gsameth	reactome	hypermethylated	reactome:Growth hormone receptor signaling [R-HSA-982772]	24	5	0.791593084426085	1
missMethyl_gsameth	reactome	hypermethylated	reactome:NOSTRIN mediated eNOS trafficking [R-HSA-203641]	5	0	1	1
missMethyl_gsameth	reactome	hypermethylated	reactome:Activation of TRKA receptors [R-HSA-187015]	6	3	0.266111835941462	1
missMethyl_gsameth	reactome	hypermethylated	reactome:NGF-independant TRKA activation [R-HSA-187024]	5	2	0.452917621784356	1
missMethyl_gsameth	reactome	hypermethylated	reactome:Defective SLC22A12 causes renal hypouricemia 1 (RHUC1) [R-HSA-5619071]	1	0	1.00000000000402	1
missMethyl_gsameth	reactome	hypermethylated	reactome:Synthesis of Dolichyl-phosphate [R-HSA-446199]	6	0	1	1
missMethyl_gsameth	reactome	hypermethylated	reactome:Defective DHDDS causes RP59 [R-HSA-4755609]	2	0	1	1
missMethyl_gsameth	reactome	hypermethylated	reactome:Triglyceride biosynthesis [R-HSA-75109]	13	2	0.648554733864221	1
missMethyl_gsameth	reactome	hypermethylated	reactome:Conjugation of phenylacetate with glutamine [R-HSA-177162]	1	0	0.999999999971117	1
missMethyl_gsameth	reactome	hypermethylated	reactome:Assembly of active LPL and LIPC lipase complexes [R-HSA-8963889]	18	5	0.337669656181515	1
missMethyl_gsameth	reactome	hypermethylated	reactome:Chylomicron remodeling [R-HSA-8963901]	10	2	0.476433484075271	1
missMethyl_gsameth	reactome	hypermethylated	reactome:PTK6 Regulates RTKs and Their Effectors AKT1 and DOK1 [R-HSA-8849469]	9	1	0.893582882381371	1
missMethyl_gsameth	reactome	hypermethylated	reactome:Netrin-1 signaling [R-HSA-373752]	44	21	0.0547480166702669	0.989421538686022
missMethyl_gsameth	reactome	hypermethylated	reactome:Sperm Motility And Taxes [R-HSA-1300642]	9	2	0.410936216447795	1
missMethyl_gsameth	reactome	hypermethylated	reactome:Activation of AKT2 [R-HSA-165158]	4	1	0.70089422747327	1
missMethyl_gsameth	reactome	hypermethylated	reactome:Scavenging by Class A Receptors [R-HSA-3000480]	19	6	0.352527425100254	1
missMethyl_gsameth	reactome	hypermethylated	reactome:Nef mediated downregulation of CD28 cell surface expression [R-HSA-164939]	2	0	1	1
missMethyl_gsameth	reactome	hypermethylated	reactome:Nef Mediated CD4 Down-regulation [R-HSA-167590]	9	2	0.848529713999807	1
missMethyl_gsameth	reactome	hypermethylated	reactome:Nef Mediated CD8 Down-regulation [R-HSA-182218]	7	1	0.937820905808031	1
missMethyl_gsameth	reactome	hypermethylated	reactome:Gap junction degradation [R-HSA-190873]	12	1	0.965535459590149	1
missMethyl_gsameth	reactome	hypermethylated	reactome:Formation of annular gap junctions [R-HSA-196025]	11	1	0.962239696119878	1
missMethyl_gsameth	reactome	hypermethylated	reactome:Trafficking of GluR2-containing AMPA receptors [R-HSA-416993]	17	6	0.422858200457016	1
missMethyl_gsameth	reactome	hypermethylated	reactome:WNT5A-dependent internalization of FZD4 [R-HSA-5099900]	15	3	0.902336613109077	1
missMethyl_gsameth	reactome	hypermethylated	reactome:WNT5A-dependent internalization of FZD2, FZD5 and ROR2 [R-HSA-5140745]	13	1	0.992311211557015	1
missMethyl_gsameth	reactome	hypermethylated	reactome:Caspase-mediated cleavage of cytoskeletal proteins [R-HSA-264870]	12	4	0.48655715185675	1
missMethyl_gsameth	reactome	hypermethylated	reactome:Miscellaneous transport and binding events [R-HSA-5223345]	26	5	0.806344400842393	1
missMethyl_gsameth	reactome	hypermethylated	reactome:Terminal pathway of complement [R-HSA-166665]	8	1	0.619680724162364	1
missMethyl_gsameth	reactome	hypermethylated	reactome:Vitamin C (ascorbate) metabolism [R-HSA-196836]	8	2	0.630442941321747	1
missMethyl_gsameth	reactome	hypermethylated	reactome:Sensory perception of taste [R-HSA-9717189]	47	6	0.863969901856948	1
missMethyl_gsameth	reactome	hypermethylated	reactome:Sensory perception of sweet, bitter, and umami (glutamate) taste [R-HSA-9717207]	41	3	0.974739098264892	1
missMethyl_gsameth	reactome	hypermethylated	reactome:Sensory perception of salty taste [R-HSA-9730628]	6	2	0.515071307384417	1
missMethyl_gsameth	reactome	hypermethylated	reactome:Digestion of dietary lipid [R-HSA-192456]	6	0	1	1
missMethyl_gsameth	reactome	hypermethylated	reactome:Glycosphingolipid transport [R-HSA-9845576]	8	2	0.638187590279065	1
missMethyl_gsameth	reactome	hypermethylated	reactome:Tryptophan catabolism [R-HSA-71240]	14	4	0.165156488853048	1
missMethyl_gsameth	reactome	hypermethylated	reactome:Vitamin D (calciferol) metabolism [R-HSA-196791]	12	2	0.837806881677062	1
missMethyl_gsameth	reactome	hypermethylated	reactome:Vitamins [R-HSA-211916]	6	4	0.0556715910826921	0.989421538686022
missMethyl_gsameth	reactome	hypermethylated	reactome:Defective CYP27B1 causes VDDR1B [R-HSA-5579027]	1	0	1.00000000000986	1
missMethyl_gsameth	reactome	hypermethylated	reactome:Synthesis of diphthamide-EEF2 [R-HSA-5358493]	8	1	0.845421512079874	1
missMethyl_gsameth	reactome	hypermethylated	reactome:Entry of Influenza Virion into Host Cell via Endocytosis [R-HSA-168275]	2	0	1	1
missMethyl_gsameth	reactome	hypermethylated	reactome:Proton/oligopeptide cotransporters [R-HSA-427975]	4	1	0.606825689462825	1
missMethyl_gsameth	reactome	hypermethylated	reactome:Serotonin and melatonin biosynthesis [R-HSA-209931]	4	0	1	1
missMethyl_gsameth	reactome	hypermethylated	reactome:ALK mutants bind TKIs [R-HSA-9700645]	12	3	0.736230005593629	1
missMethyl_gsameth	reactome	hypermethylated	reactome:Induction of Cell-Cell Fusion [R-HSA-9733458]	13	4	0.62512609155017	1
missMethyl_gsameth	reactome	hypermethylated	reactome:ALKBH2 mediated reversal of alkylation damage [R-HSA-112122]	1	0	1.00000000001941	1
missMethyl_gsameth	reactome	hypermethylated	reactome:RUNX1 regulates transcription of genes involved in differentiation of keratinocytes [R-HSA-8939242]	8	0	1	1
missMethyl_gsameth	reactome	hypermethylated	reactome:Maturation of TCA enzymes and regulation of TCA cycle [R-HSA-9854311]	20	2	0.888694678754199	1
missMethyl_gsameth	reactome	hypermethylated	reactome:Interleukin-10 signaling [R-HSA-6783783]	47	10	0.138052632253894	1
missMethyl_gsameth	reactome	hypermethylated	reactome:Sodium/Calcium exchangers [R-HSA-425561]	13	5	0.281973436959051	1
missMethyl_gsameth	reactome	hypermethylated	reactome:Defective SLC24A4 causes hypomineralized amelogenesis imperfecta (AI) [R-HSA-5619055]	1	1	0.381158169428417	1
missMethyl_gsameth	reactome	hypermethylated	reactome:Binding and entry of HIV virion [R-HSA-173107]	4	0	1	1
missMethyl_gsameth	reactome	hypermethylated	reactome:Abacavir ADME [R-HSA-2161522]	9	2	0.635158416298943	1
missMethyl_gsameth	reactome	hypermethylated	reactome:Abacavir metabolism [R-HSA-2161541]	4	0	1	1
missMethyl_gsameth	reactome	hypermethylated	reactome:Ethanol oxidation [R-HSA-71384]	12	1	0.712727070285495	1
missMethyl_gsameth	reactome	hypermethylated	reactome:Defective ABCC2 causes DJS [R-HSA-5679001]	1	0	1.00000000000639	1
missMethyl_gsameth	reactome	hypermethylated	reactome:TP53 Regulates Transcription of Death Receptors and Ligands [R-HSA-6803211]	12	4	0.502062885365101	1
missMethyl_gsameth	reactome	hypermethylated	reactome:Glutathione synthesis and recycling [R-HSA-174403]	12	2	0.782162603563831	1
missMethyl_gsameth	reactome	hypermethylated	reactome:Aflatoxin activation and detoxification [R-HSA-5423646]	19	1	0.974015553209232	1
missMethyl_gsameth	reactome	hypermethylated	reactome:The IPAF inflammasome [R-HSA-844623]	2	0	1	1
missMethyl_gsameth	reactome	hypermethylated	reactome:Activation of the phototransduction cascade [R-HSA-2485179]	11	1	0.905990394365159	1
missMethyl_gsameth	reactome	hypermethylated	reactome:Sphingolipid catabolism [R-HSA-9845614]	11	2	0.804548603111787	1
missMethyl_gsameth	reactome	hypermethylated	reactome:Josephin domain DUBs [R-HSA-5689877]	12	0	1	1
missMethyl_gsameth	reactome	hypermethylated	reactome:Defective CYP4F22 causes ARCI5 [R-HSA-5579005]	1	1	0.164178728941982	1
missMethyl_gsameth	reactome	hypermethylated	reactome:Interleukin-6 family signaling [R-HSA-6783589]	24	6	0.425293370222236	1
missMethyl_gsameth	reactome	hypermethylated	reactome:IL-6-type cytokine receptor ligand interactions [R-HSA-6788467]	17	6	0.116777463855595	1
missMethyl_gsameth	reactome	hypermethylated	reactome:Neurofascin interactions [R-HSA-447043]	7	1	0.941429046162825	1
missMethyl_gsameth	reactome	hypermethylated	reactome:Synthesis of wybutosine at G37 of tRNA(Phe) [R-HSA-6782861]	6	0	1	1
missMethyl_gsameth	reactome	hypermethylated	reactome:Assembly of collagen fibrils and other multimeric structures [R-HSA-2022090]	61	22	0.102321359747551	1
missMethyl_gsameth	reactome	hypermethylated	reactome:Integrin cell surface interactions [R-HSA-216083]	85	31	0.0274145370809629	0.795333164361597
missMethyl_gsameth	reactome	hypermethylated	reactome:Anchoring fibril formation [R-HSA-2214320]	15	4	0.663193727035246	1
missMethyl_gsameth	reactome	hypermethylated	reactome:Crosslinking of collagen fibrils [R-HSA-2243919]	18	7	0.264034734558453	1
missMethyl_gsameth	reactome	hypermethylated	reactome:Syndecan interactions [R-HSA-3000170]	27	10	0.22976289332505	1
missMethyl_gsameth	reactome	hypermethylated	reactome:ECM proteoglycans [R-HSA-3000178]	76	32	0.00626856984017332	0.363168230957868
missMethyl_gsameth	reactome	hypermethylated	reactome:GP1b-IX-V activation signalling [R-HSA-430116]	12	5	0.285278961797731	1
missMethyl_gsameth	reactome	hypermethylated	reactome:Collagen chain trimerization [R-HSA-8948216]	44	18	0.0910703286388842	1
missMethyl_gsameth	reactome	hypermethylated	reactome:Enhanced binding of GP1BA variant to VWF multimer:collagen [R-HSA-9845620]	7	3	0.256468703872736	1
missMethyl_gsameth	reactome	hypermethylated	reactome:Defective VWF binding to collagen type I [R-HSA-9845622]	3	3	0.0482528719576564	0.981632853184385
missMethyl_gsameth	reactome	hypermethylated	reactome:Defective binding of VWF variant to GPIb:IX:V [R-HSA-9846298]	7	3	0.256468703872736	1
missMethyl_gsameth	reactome	hypermethylated	reactome:Toxicity of botulinum toxin type B (botB) [R-HSA-5250958]	3	0	1	1
missMethyl_gsameth	reactome	hypermethylated	reactome:Signaling by PDGF [R-HSA-186797]	58	23	0.0552848131001929	0.989421538686022
missMethyl_gsameth	reactome	hypermethylated	reactome:NCAM signaling for neurite out-growth [R-HSA-375165]	63	23	0.243249075400418	1
missMethyl_gsameth	reactome	hypermethylated	reactome:NCAM1 interactions [R-HSA-419037]	42	17	0.164273164871958	1
missMethyl_gsameth	reactome	hypermethylated	reactome:Formation of intermediate mesoderm [R-HSA-9761174]	8	8	0.000111048081659651	0.0191503301177888
missMethyl_gsameth	reactome	hypermethylated	reactome:Type I hemidesmosome assembly [R-HSA-446107]	11	3	0.647542442625295	1
missMethyl_gsameth	reactome	hypermethylated	reactome:rRNA modification in the mitochondrion [R-HSA-6793080]	6	0	1	1
missMethyl_gsameth	reactome	hypermethylated	reactome:rRNA processing in the mitochondrion [R-HSA-8868766]	10	0	1	1
missMethyl_gsameth	reactome	hypermethylated	reactome:Voltage gated Potassium channels [R-HSA-1296072]	43	25	0.000140051000694848	0.0207353287139871
missMethyl_gsameth	reactome	hypermethylated	reactome:Neurotransmitter clearance [R-HSA-112311]	10	5	0.102310635873279	1
missMethyl_gsameth	reactome	hypermethylated	reactome:Methylation [R-HSA-156581]	14	2	0.778946004631234	1
missMethyl_gsameth	reactome	hypermethylated	reactome:Enzymatic degradation of dopamine by COMT [R-HSA-379397]	3	1	0.64740989165775	1
missMethyl_gsameth	reactome	hypermethylated	reactome:Enzymatic degradation of Dopamine by monoamine oxidase [R-HSA-379398]	2	1	0.491314024106946	1
missMethyl_gsameth	reactome	hypermethylated	reactome:Dopamine clearance from the synaptic cleft [R-HSA-379401]	4	2	0.400841055040316	1
missMethyl_gsameth	reactome	hypermethylated	reactome:Metal ion SLC transporters [R-HSA-425410]	24	4	0.778647727849987	1
missMethyl_gsameth	reactome	hypermethylated	reactome:Fructose metabolism [R-HSA-5652084]	7	1	0.69921520308758	1
missMethyl_gsameth	reactome	hypermethylated	reactome:Fructose catabolism [R-HSA-70350]	5	0	1	1
missMethyl_gsameth	reactome	hypermethylated	reactome:Transcription of E2F targets under negative control by DREAM complex [R-HSA-1362277]	19	1	0.991941825059441	1
missMethyl_gsameth	reactome	hypermethylated	reactome:Transcription of E2F targets under negative control by p107 (RBL1) and p130 (RBL2) in complex with HDAC1 [R-HSA-1362300]	16	0	1	1
missMethyl_gsameth	reactome	hypermethylated	reactome:G1/S-Specific Transcription [R-HSA-69205]	28	4	0.887775962760709	1
missMethyl_gsameth	reactome	hypermethylated	reactome:Sensory perception of sour taste [R-HSA-9729555]	2	1	0.347821975670317	1
missMethyl_gsameth	reactome	hypermethylated	reactome:Proton-coupled monocarboxylate transport [R-HSA-433692]	6	2	0.544512521837748	1
missMethyl_gsameth	reactome	hypermethylated	reactome:Adenosine P1 receptors [R-HSA-417973]	4	3	0.0522306455192705	0.989421538686022
missMethyl_gsameth	reactome	hypermethylated	reactome:SLBP independent Processing of Histone Pre-mRNAs [R-HSA-111367]	10	2	0.580718441224756	1
missMethyl_gsameth	reactome	hypermethylated	reactome:SLBP Dependent Processing of Replication-Dependent Histone Pre-mRNAs [R-HSA-77588]	11	2	0.631488534013269	1
missMethyl_gsameth	reactome	hypermethylated	reactome:Heme biosynthesis [R-HSA-189451]	14	0	1	1
missMethyl_gsameth	reactome	hypermethylated	reactome:Defective SLC40A1 causes hemochromatosis 4 (HFE4) (macrophages) [R-HSA-5619049]	2	0	1	1
missMethyl_gsameth	reactome	hypermethylated	reactome:Defective CP causes aceruloplasminemia (ACERULOP) [R-HSA-5619060]	2	0	1	1
missMethyl_gsameth	reactome	hypermethylated	reactome:Carnitine metabolism [R-HSA-200425]	14	3	0.812215735205125	1
missMethyl_gsameth	reactome	hypermethylated	reactome:Membrane binding and targetting of GAG proteins [R-HSA-174490]	14	1	0.967731815893276	1
missMethyl_gsameth	reactome	hypermethylated	reactome:Synthesis And Processing Of GAG, GAGPOL Polyproteins [R-HSA-174495]	14	1	0.967731815893276	1
missMethyl_gsameth	reactome	hypermethylated	reactome:Assembly Of The HIV Virion [R-HSA-175474]	16	1	0.984406605361177	1
missMethyl_gsameth	reactome	hypermethylated	reactome:RUNX1 and FOXP3 control the development of regulatory T lymphocytes (Tregs) [R-HSA-8877330]	10	1	0.883234088093674	1
missMethyl_gsameth	reactome	hypermethylated	reactome:Interconversion of 2-oxoglutarate and 2-hydroxyglutarate [R-HSA-880009]	3	0	1	1
missMethyl_gsameth	reactome	hypermethylated	reactome:Netrin mediated repulsion signals [R-HSA-418886]	8	6	0.0401573369967458	0.9057567679519
missMethyl_gsameth	reactome	hypermethylated	reactome:Mucopolysaccharidoses [R-HSA-2206281]	11	2	0.8953378318004	1
missMethyl_gsameth	reactome	hypermethylated	reactome:MPS IIIC - Sanfilippo syndrome C [R-HSA-2206291]	1	0	1.00000000002507	1
missMethyl_gsameth	reactome	hypermethylated	reactome:Diseases of carbohydrate metabolism [R-HSA-5663084]	33	5	0.897344819186837	1
missMethyl_gsameth	reactome	hypermethylated	reactome:CREB phosphorylation [R-HSA-199920]	7	1	0.908680306842189	1
missMethyl_gsameth	reactome	hypermethylated	reactome:CREB1 phosphorylation through NMDA receptor-mediated activation of RAS signaling [R-HSA-442742]	29	11	0.30566713704916	1
missMethyl_gsameth	reactome	hypermethylated	reactome:MAPK targets/ Nuclear events mediated by MAP kinases [R-HSA-450282]	31	6	0.861428867776957	1
missMethyl_gsameth	reactome	hypermethylated	reactome:Gastrin-CREB signalling pathway via PKC and MAPK [R-HSA-881907]	18	2	0.972801919031214	1
missMethyl_gsameth	reactome	hypermethylated	reactome:Regulation of MECP2 expression and activity [R-HSA-9022692]	33	5	0.983676713988241	1
missMethyl_gsameth	reactome	hypermethylated	reactome:MECP2 regulates transcription of neuronal ligands [R-HSA-9022702]	8	3	0.422350769498273	1
missMethyl_gsameth	reactome	hypermethylated	reactome:MECP2 regulates transcription factors [R-HSA-9022707]	5	2	0.510474072684949	1
missMethyl_gsameth	reactome	hypermethylated	reactome:Regulation of MITF-M-dependent genes involved in pigmentation [R-HSA-9824585]	42	8	0.902814286979454	1
missMethyl_gsameth	reactome	hypermethylated	reactome:Activation of the AP-1 family of transcription factors [R-HSA-450341]	10	2	0.738345721067327	1
missMethyl_gsameth	reactome	hypermethylated	reactome:LRR FLII-interacting protein 1 (LRRFIP1) activates type I IFN production [R-HSA-3134973]	5	2	0.441893246857211	1
missMethyl_gsameth	reactome	hypermethylated	reactome:CD209 (DC-SIGN) signaling [R-HSA-5621575]	21	5	0.666308376443337	1
missMethyl_gsameth	reactome	hypermethylated	reactome:RUNX1 regulates transcription of genes involved in differentiation of myeloid cells [R-HSA-8939246]	7	4	0.162398995795723	1
missMethyl_gsameth	reactome	hypermethylated	reactome:TRAF3-dependent IRF activation pathway [R-HSA-918233]	14	2	0.857571352418645	1
missMethyl_gsameth	reactome	hypermethylated	reactome:NFE2L2 regulating inflammation associated genes [R-HSA-9818026]	5	2	0.476085054699266	1
missMethyl_gsameth	reactome	hypermethylated	reactome:NFE2L2 regulating anti-oxidant/detoxification enzymes [R-HSA-9818027]	19	4	0.644172532546899	1
missMethyl_gsameth	reactome	hypermethylated	reactome:NFE2L2 regulates pentose phosphate pathway genes [R-HSA-9818028]	8	3	0.416714707210811	1
missMethyl_gsameth	reactome	hypermethylated	reactome:NFE2L2 regulating tumorigenic genes [R-HSA-9818030]	11	4	0.461903660465871	1
missMethyl_gsameth	reactome	hypermethylated	reactome:NFE2L2 regulating ER-stress associated genes [R-HSA-9818035]	5	2	0.484238842389339	1
missMethyl_gsameth	reactome	hypermethylated	reactome:Regulation of NFE2L2 gene expression [R-HSA-9818749]	8	3	0.538000983181327	1
missMethyl_gsameth	reactome	hypermethylated	reactome:Evasion by RSV of host interferon responses [R-HSA-9833109]	26	3	0.8375310866073	1
missMethyl_gsameth	reactome	hypermethylated	reactome:ATF6B (ATF6-beta) activates chaperones [R-HSA-8874177]	4	0	1	1
missMethyl_gsameth	reactome	hypermethylated	reactome:Signaling by WNT in cancer [R-HSA-4791275]	34	10	0.53944761841541	1
missMethyl_gsameth	reactome	hypermethylated	reactome:Signaling by AXIN mutants [R-HSA-4839735]	14	2	0.943997041988443	1
missMethyl_gsameth	reactome	hypermethylated	reactome:Signaling by CTNNB1 phospho-site mutants [R-HSA-4839743]	15	2	0.954283635367813	1
missMethyl_gsameth	reactome	hypermethylated	reactome:Signaling by APC mutants [R-HSA-4839744]	14	2	0.943997041988443	1
missMethyl_gsameth	reactome	hypermethylated	reactome:Signaling by AMER1 mutants [R-HSA-4839748]	14	2	0.943997041988443	1
missMethyl_gsameth	reactome	hypermethylated	reactome:Signaling by GSK3beta mutants [R-HSA-5339716]	15	2	0.954283635367813	1
missMethyl_gsameth	reactome	hypermethylated	reactome:CTNNB1 S33 mutants aren't phosphorylated [R-HSA-5358747]	15	2	0.954283635367813	1
missMethyl_gsameth	reactome	hypermethylated	reactome:CTNNB1 S37 mutants aren't phosphorylated [R-HSA-5358749]	15	2	0.954283635367813	1
missMethyl_gsameth	reactome	hypermethylated	reactome:CTNNB1 S45 mutants aren't phosphorylated [R-HSA-5358751]	15	2	0.954283635367813	1
missMethyl_gsameth	reactome	hypermethylated	reactome:CTNNB1 T41 mutants aren't phosphorylated [R-HSA-5358752]	15	2	0.954283635367813	1
missMethyl_gsameth	reactome	hypermethylated	reactome:APC truncation mutants have impaired AXIN binding [R-HSA-5467337]	14	2	0.943997041988443	1
missMethyl_gsameth	reactome	hypermethylated	reactome:AXIN missense mutants destabilize the destruction complex [R-HSA-5467340]	14	2	0.943997041988443	1
missMethyl_gsameth	reactome	hypermethylated	reactome:Truncations of AMER1 destabilize the destruction complex [R-HSA-5467348]	14	2	0.943997041988443	1
missMethyl_gsameth	reactome	hypermethylated	reactome:Receptor Mediated Mitophagy [R-HSA-8934903]	11	1	0.966337737684028	1
missMethyl_gsameth	reactome	hypermethylated	reactome:Synthesis, secretion, and deacylation of Ghrelin [R-HSA-422085]	19	7	0.0243990906951953	0.730601985423544
missMethyl_gsameth	reactome	hypermethylated	reactome:Signaling by CSF1 (M-CSF) in myeloid cells [R-HSA-9680350]	31	10	0.27434238843329	1
missMethyl_gsameth	reactome	hypermethylated	reactome:Synthesis, secretion, and inactivation of Glucose-dependent Insulinotropic Polypeptide (GIP) [R-HSA-400511]	13	5	0.136473658338853	1
missMethyl_gsameth	reactome	hypermethylated	reactome:ARMS-mediated activation [R-HSA-170984]	7	3	0.301781727801505	1
missMethyl_gsameth	reactome	hypermethylated	reactome:Downstream signal transduction [R-HSA-186763]	29	13	0.0488531618235929	0.986315729241478
missMethyl_gsameth	reactome	hypermethylated	reactome:p130Cas linkage to MAPK signaling for integrins [R-HSA-372708]	15	5	0.328458749515084	1
missMethyl_gsameth	reactome	hypermethylated	reactome:Interleukin-3, Interleukin-5 and GM-CSF signaling [R-HSA-512988]	46	12	0.423376957990815	1
missMethyl_gsameth	reactome	hypermethylated	reactome:PTK6 Regulates RHO GTPases, RAS GTPase and MAP kinases [R-HSA-8849471]	14	5	0.36219935954705	1
missMethyl_gsameth	reactome	hypermethylated	reactome:MET activates RAP1 and RAC1 [R-HSA-8875555]	11	2	0.805634013877551	1
missMethyl_gsameth	reactome	hypermethylated	reactome:MET receptor recycling [R-HSA-8875656]	10	0	1	1
missMethyl_gsameth	reactome	hypermethylated	reactome:Regulation of signaling by CBL [R-HSA-912631]	22	7	0.263043154893296	1
missMethyl_gsameth	reactome	hypermethylated	reactome:Signaling by Erythropoietin [R-HSA-9006335]	25	10	0.113066521501022	1
missMethyl_gsameth	reactome	hypermethylated	reactome:Erythropoietin activates RAS [R-HSA-9027284]	14	3	0.739481325298441	1
missMethyl_gsameth	reactome	hypermethylated	reactome:SARS-CoV-1 modulates host translation machinery [R-HSA-9735869]	37	0	1	1
missMethyl_gsameth	reactome	hypermethylated	reactome:Classical antibody-mediated complement activation [R-HSA-173623]	6	1	0.597783560333387	1
missMethyl_gsameth	reactome	hypermethylated	reactome:Activation of BMF and translocation to mitochondria [R-HSA-139910]	3	0	1	1
missMethyl_gsameth	reactome	hypermethylated	reactome:vRNA Synthesis [R-HSA-192814]	1	0	1.00000000001186	1
missMethyl_gsameth	reactome	hypermethylated	reactome:Downregulation of SMAD2/3:SMAD4 transcriptional activity [R-HSA-2173795]	30	7	0.661725131294568	1
missMethyl_gsameth	reactome	hypermethylated	reactome:Defective SLC34A3 causes Hereditary hypophosphatemic rickets with hypercalciuria (HHRH) [R-HSA-5619097]	1	0	1.0000000000024	1
missMethyl_gsameth	reactome	hypermethylated	reactome:mitochondrial fatty acid beta-oxidation of saturated fatty acids [R-HSA-77286]	11	2	0.63290730514382	1
missMethyl_gsameth	reactome	hypermethylated	reactome:Beta oxidation of butanoyl-CoA to acetyl-CoA [R-HSA-77352]	5	0	1	1
missMethyl_gsameth	reactome	hypermethylated	reactome:Maturation of nucleoprotein [R-HSA-9683610]	11	1	0.936815093276628	1
missMethyl_gsameth	reactome	hypermethylated	reactome:Maturation of nucleoprotein [R-HSA-9694631]	15	1	0.988147142836711	1
missMethyl_gsameth	reactome	hypermethylated	reactome:Signalling to RAS [R-HSA-167044]	20	5	0.72708601024014	1
missMethyl_gsameth	reactome	hypermethylated	reactome:p38MAPK events [R-HSA-171007]	13	2	0.89682547782328	1
missMethyl_gsameth	reactome	hypermethylated	reactome:ERK/MAPK targets [R-HSA-198753]	22	4	0.879691993552816	1
missMethyl_gsameth	reactome	hypermethylated	reactome:Platelet sensitization by LDL [R-HSA-432142]	17	2	0.965088697306093	1
missMethyl_gsameth	reactome	hypermethylated	reactome:FGFR2 ligand binding and activation [R-HSA-190241]	20	8	0.0618257971606745	1
missMethyl_gsameth	reactome	hypermethylated	reactome:FGFR2b ligand binding and activation [R-HSA-190377]	10	4	0.183939067453279	1
missMethyl_gsameth	reactome	hypermethylated	reactome:Other interleukin signaling [R-HSA-449836]	24	6	0.452390763083967	1
missMethyl_gsameth	reactome	hypermethylated	reactome:Interleukin-2 family signaling [R-HSA-451927]	41	10	0.546972567467682	1
missMethyl_gsameth	reactome	hypermethylated	reactome:Interleukin receptor SHC signaling [R-HSA-912526]	25	6	0.625013691815728	1
missMethyl_gsameth	reactome	hypermethylated	reactome:Defective CSF2RB causes SMDP5 [R-HSA-5688849]	6	1	0.384539256090195	1
missMethyl_gsameth	reactome	hypermethylated	reactome:Defective CSF2RA causes SMDP4 [R-HSA-5688890]	6	1	0.384539256090195	1
missMethyl_gsameth	reactome	hypermethylated	reactome:Signaling by CSF3 (G-CSF) [R-HSA-9674555]	30	5	0.915330779108103	1
missMethyl_gsameth	reactome	hypermethylated	reactome:Inactivation of CSF3 (G-CSF) signaling [R-HSA-9705462]	25	5	0.753569054683104	1
missMethyl_gsameth	reactome	hypermethylated	reactome:Prolactin receptor signaling [R-HSA-1170546]	15	3	0.666385657376065	1
missMethyl_gsameth	reactome	hypermethylated	reactome:MicroRNA (miRNA) biogenesis [R-HSA-203927]	24	1	0.99440731407741	1
missMethyl_gsameth	reactome	hypermethylated	reactome:GAB1 signalosome [R-HSA-180292]	17	6	0.304737692574543	1
missMethyl_gsameth	reactome	hypermethylated	reactome:Phosphorylation of CD3 and TCR zeta chains [R-HSA-202427]	20	5	0.806618311050456	1
missMethyl_gsameth	reactome	hypermethylated	reactome:PD-1 signaling [R-HSA-389948]	21	6	0.650279391347741	1
missMethyl_gsameth	reactome	hypermethylated	reactome:Germ layer formation at gastrulation [R-HSA-9754189]	17	11	0.0010243669617676	0.113424383034916
missMethyl_gsameth	reactome	hypermethylated	reactome:Formation of definitive endoderm [R-HSA-9823730]	15	11	0.0010283311531912	0.113424383034916
missMethyl_gsameth	reactome	hypermethylated	reactome:Signal transduction by L1 [R-HSA-445144]	21	11	0.0309017970408291	0.817348116491532
missMethyl_gsameth	reactome	hypermethylated	reactome:Respiratory syncytial virus (RSV) genome replication, transcription and translation [R-HSA-9820965]	16	1	0.984095561896101	1
missMethyl_gsameth	reactome	hypermethylated	reactome:Maturation of hRSV A proteins [R-HSA-9828806]	13	1	0.957778278628674	1
missMethyl_gsameth	reactome	hypermethylated	reactome:Adrenoceptors [R-HSA-390696]	9	3	0.208266147122066	1
missMethyl_gsameth	reactome	hypermethylated	reactome:MTF1 activates gene expression [R-HSA-5660489]	3	1	0.497995248207794	1
missMethyl_gsameth	reactome	hypermethylated	reactome:Response to metal ions [R-HSA-5660526]	14	2	0.554178507561016	1
missMethyl_gsameth	reactome	hypermethylated	reactome:Organic anion transporters [R-HSA-428643]	12	2	0.776188416679195	1
missMethyl_gsameth	reactome	hypermethylated	reactome:Synthesis of PIPs at the plasma membrane [R-HSA-1660499]	53	9	0.959168248486527	1
missMethyl_gsameth	reactome	hypermethylated	reactome:Release of Hh-Np from the secreting cell [R-HSA-5362798]	8	3	0.476866367985381	1
missMethyl_gsameth	reactome	hypermethylated	reactome:RHO GTPases activate KTN1 [R-HSA-5625970]	11	4	0.27736499468374	1
missMethyl_gsameth	reactome	hypermethylated	reactome:IRF3 mediated activation of type 1 IFN [R-HSA-1606341]	5	1	0.631610603916375	1
missMethyl_gsameth	reactome	hypermethylated	reactome:TICAM1 deficiency - HSE [R-HSA-5602566]	2	0	1	1
missMethyl_gsameth	reactome	hypermethylated	reactome:TRAF3 deficiency - HSE [R-HSA-5602571]	3	1	0.537586318304128	1
missMethyl_gsameth	reactome	hypermethylated	reactome:Deactivation of the beta-catenin transactivating complex [R-HSA-3769402]	42	16	0.124539902054834	1
missMethyl_gsameth	reactome	hypermethylated	reactome:Repression of WNT target genes [R-HSA-4641265]	12	7	0.0846516376668757	1
missMethyl_gsameth	reactome	hypermethylated	reactome:Signaling by TCF7L2 mutants [R-HSA-5339700]	3	3	0.0806061706887698	1
missMethyl_gsameth	reactome	hypermethylated	reactome:Mitochondrial Uncoupling [R-HSA-166187]	7	0	1	1
missMethyl_gsameth	reactome	hypermethylated	reactome:Oleoyl-phe metabolism [R-HSA-9673163]	1	0	1.00000000000672	1
missMethyl_gsameth	reactome	hypermethylated	reactome:SARS-CoV-1 Genome Replication and Transcription [R-HSA-9679514]	4	0	1	1
missMethyl_gsameth	reactome	hypermethylated	reactome:Replication of the SARS-CoV-1 genome [R-HSA-9682706]	4	0	1	1
missMethyl_gsameth	reactome	hypermethylated	reactome:Interleukin-23 signaling [R-HSA-9020933]	9	1	0.911161022330243	1
missMethyl_gsameth	reactome	hypermethylated	reactome:Regulation of CDH19 Expression and Function [R-HSA-9764302]	7	2	0.523509811178406	1
missMethyl_gsameth	reactome	hypermethylated	reactome:Binding of TCF/LEF:CTNNB1 to target gene promoters [R-HSA-4411364]	8	4	0.349835721395087	1
missMethyl_gsameth	reactome	hypermethylated	reactome:InlA-mediated entry of Listeria monocytogenes into host cells [R-HSA-8876493]	9	1	0.908776281873314	1
missMethyl_gsameth	reactome	hypermethylated	reactome:RUNX3 regulates WNT signaling [R-HSA-8951430]	8	4	0.357301991029339	1
missMethyl_gsameth	reactome	hypermethylated	reactome:Specification of the neural plate border [R-HSA-9834899]	17	12	0.00243791238520637	0.200496598465214
missMethyl_gsameth	reactome	hypermethylated	reactome:Adrenaline signalling through Alpha-2 adrenergic receptor [R-HSA-392023]	3	0	1	1
missMethyl_gsameth	reactome	hypermethylated	reactome:Cobalamin (Cbl, vitamin B12) transport and metabolism [R-HSA-196741]	22	2	0.932812406493633	1
missMethyl_gsameth	reactome	hypermethylated	reactome:Uptake of dietary cobalamins into enterocytes [R-HSA-9758881]	10	1	0.810908001043325	1
missMethyl_gsameth	reactome	hypermethylated	reactome:Interleukin-1 processing [R-HSA-448706]	9	2	0.555654834561176	1
missMethyl_gsameth	reactome	hypermethylated	reactome:Suppression of apoptosis [R-HSA-9635465]	7	1	0.896298334867678	1
missMethyl_gsameth	reactome	hypermethylated	reactome:Endosomal/Vacuolar pathway [R-HSA-1236977]	11	4	0.469227019857371	1
missMethyl_gsameth	reactome	hypermethylated	reactome:Attachment and Entry [R-HSA-9678110]	4	1	0.45089675855568	1
missMethyl_gsameth	reactome	hypermethylated	reactome:Pyrimidine salvage [R-HSA-73614]	11	4	0.136019269145001	1
missMethyl_gsameth	reactome	hypermethylated	reactome:Pyrimidine catabolism [R-HSA-73621]	12	4	0.23032116172399	1
missMethyl_gsameth	reactome	hypermethylated	reactome:betaKlotho-mediated ligand binding [R-HSA-1307965]	3	2	0.232153375255628	1
missMethyl_gsameth	reactome	hypermethylated	reactome:FGFR4 ligand binding and activation [R-HSA-190322]	14	7	0.0438789787782799	0.950620940605337
missMethyl_gsameth	reactome	hypermethylated	reactome:Phospholipase C-mediated cascade; FGFR4 [R-HSA-5654228]	15	8	0.0182908739649039	0.60931473895586
missMethyl_gsameth	reactome	hypermethylated	reactome:SHC-mediated cascade:FGFR4 [R-HSA-5654719]	20	7	0.24823189283868	1
missMethyl_gsameth	reactome	hypermethylated	reactome:Proton-coupled neutral amino acid transporters [R-HSA-428559]	2	0	1	1
missMethyl_gsameth	reactome	hypermethylated	reactome:Defective SLC36A2 causes iminoglycinuria (IG) and hyperglycinuria (HG) [R-HSA-5619041]	1	0	1.00000000000421	1
missMethyl_gsameth	reactome	hypermethylated	reactome:Cross-presentation of particulate exogenous antigens (phagosomes) [R-HSA-1236973]	8	1	0.787153608320186	1
missMethyl_gsameth	reactome	hypermethylated	reactome:Nephron development [R-HSA-9831926]	12	8	0.0189963300735954	0.61738072739185
missMethyl_gsameth	reactome	hypermethylated	reactome:The activation of arylsulfatases [R-HSA-1663150]	13	1	0.960327861584736	1
missMethyl_gsameth	reactome	hypermethylated	reactome:Negative regulators of DDX58/IFIH1 signaling [R-HSA-936440]	35	5	0.917306259039485	1
missMethyl_gsameth	reactome	hypermethylated	reactome:Synthesis of epoxy (EET) and dihydroxyeicosatrienoic acids (DHET) [R-HSA-2142670]	8	3	0.152516368354977	1
missMethyl_gsameth	reactome	hypermethylated	reactome:Biosynthesis of DHA-derived SPMs [R-HSA-9018677]	17	8	0.01126464606394	0.469066902506251
missMethyl_gsameth	reactome	hypermethylated	reactome:Biosynthesis of specialized proresolving mediators (SPMs) [R-HSA-9018678]	19	8	0.0180126043365077	0.607640386794848
missMethyl_gsameth	reactome	hypermethylated	reactome:Biosynthesis of protectins [R-HSA-9018681]	4	2	0.198069539548848	1
missMethyl_gsameth	reactome	hypermethylated	reactome:Aromatic amines can be N-hydroxylated or N-dealkylated by CYP1A2 [R-HSA-211957]	1	0	1.00000000001239	1
missMethyl_gsameth	reactome	hypermethylated	reactome:Biosynthesis of maresins [R-HSA-9018682]	8	3	0.134801609607887	1
missMethyl_gsameth	reactome	hypermethylated	reactome:Biosynthesis of maresin-like SPMs [R-HSA-9027307]	6	1	0.528810111778006	1
missMethyl_gsameth	reactome	hypermethylated	reactome:Defective CYP1B1 causes Glaucoma [R-HSA-5579000]	1	1	0.401313115040741	1
missMethyl_gsameth	reactome	hypermethylated	reactome:CYP2E1 reactions [R-HSA-211999]	11	2	0.413729288420606	1
missMethyl_gsameth	reactome	hypermethylated	reactome:Metabolism of vitamin K [R-HSA-6806664]	3	0	1	1
missMethyl_gsameth	reactome	hypermethylated	reactome:Uncoating of the HIV Virion [R-HSA-162585]	1	0	1.00000000001324	1
missMethyl_gsameth	reactome	hypermethylated	reactome:Reverse Transcription of HIV RNA [R-HSA-162589]	1	0	1.00000000001324	1
missMethyl_gsameth	reactome	hypermethylated	reactome:Minus-strand DNA synthesis [R-HSA-164516]	1	0	1.00000000001324	1
missMethyl_gsameth	reactome	hypermethylated	reactome:Plus-strand DNA synthesis [R-HSA-164525]	1	0	1.00000000001324	1
missMethyl_gsameth	reactome	hypermethylated	reactome:Synthesis and processing of ENV and VPU [R-HSA-171286]	1	0	1.00000000001457	1
missMethyl_gsameth	reactome	hypermethylated	reactome:Alpha-defensins [R-HSA-1462054]	9	0	1	1
missMethyl_gsameth	reactome	hypermethylated	reactome:Nef and signal transduction [R-HSA-164944]	8	6	0.0261816826144163	0.775268712971327
missMethyl_gsameth	reactome	hypermethylated	reactome:Prednisone ADME [R-HSA-9757110]	10	1	0.711210504675764	1
missMethyl_gsameth	reactome	hypermethylated	reactome:Sterols are 12-hydroxylated by CYP8B1 [R-HSA-211994]	1	0	1.00000000001999	1
missMethyl_gsameth	reactome	hypermethylated	reactome:Glucocorticoid biosynthesis [R-HSA-194002]	10	1	0.781197163223448	1
missMethyl_gsameth	reactome	hypermethylated	reactome:Defective CYP11B1 causes AH4 [R-HSA-5579017]	1	0	0.999999999995677	1
missMethyl_gsameth	reactome	hypermethylated	reactome:Defective CYP11B2 causes CMO-1 deficiency [R-HSA-5579009]	1	0	0.999999999987048	1
missMethyl_gsameth	reactome	hypermethylated	reactome:Defective CYP17A1 causes AH5 [R-HSA-5579028]	1	0	0.999999999978226	1
missMethyl_gsameth	reactome	hypermethylated	reactome:Estrogen biosynthesis [R-HSA-193144]	6	0	1	1
missMethyl_gsameth	reactome	hypermethylated	reactome:Defective CYP19A1 causes AEXS [R-HSA-5579030]	1	0	0.999999999994551	1
missMethyl_gsameth	reactome	hypermethylated	reactome:Wax and plasmalogen biosynthesis [R-HSA-8848584]	7	0	1	1
missMethyl_gsameth	reactome	hypermethylated	reactome:Wax biosynthesis [R-HSA-9640463]	4	0	1	1
missMethyl_gsameth	reactome	hypermethylated	reactome:Defective CYP21A2 causes AH3 [R-HSA-5579021]	1	0	1.00000000003117	1
missMethyl_gsameth	reactome	hypermethylated	reactome:Defective CYP24A1 causes HCAI [R-HSA-5579010]	1	1	0.181575728098909	1
missMethyl_gsameth	reactome	hypermethylated	reactome:Defective CYP27A1 causes CTX [R-HSA-5578996]	1	1	0.15053317271334	1
missMethyl_gsameth	reactome	hypermethylated	reactome:Defective CYP27B1 causes VDDR1A [R-HSA-5579014]	1	0	0.999999999987845	1
missMethyl_gsameth	reactome	hypermethylated	reactome:Reelin signalling pathway [R-HSA-8866376]	5	4	0.0370257584250909	0.865558300025152
missMethyl_gsameth	reactome	hypermethylated	reactome:Defective POMGNT1 causes MDDGA3, MDDGB3 and MDDGC3 [R-HSA-5083628]	2	1	0.449966462637482	1
missMethyl_gsameth	reactome	hypermethylated	reactome:Caspase activation via Dependence Receptors in the absence of ligand [R-HSA-418889]	10	4	0.42357707931815	1
missMethyl_gsameth	reactome	hypermethylated	reactome:Alternative Lengthening of Telomeres (ALT) [R-HSA-9006821]	2	1	0.530036622210543	1
missMethyl_gsameth	reactome	hypermethylated	reactome:Defective Inhibition of DNA Recombination at Telomere Due to DAXX Mutations [R-HSA-9670613]	2	1	0.530036622210543	1
missMethyl_gsameth	reactome	hypermethylated	reactome:Defective Inhibition of DNA Recombination at Telomere Due to ATRX Mutations [R-HSA-9670615]	2	1	0.530036622210543	1
missMethyl_gsameth	reactome	hypermethylated	reactome:Defective Inhibition of DNA Recombination at Telomere [R-HSA-9670621]	2	1	0.530036622210543	1
missMethyl_gsameth	reactome	hypermethylated	reactome:Diseases of Telomere Maintenance [R-HSA-9673013]	2	1	0.530036622210543	1
missMethyl_gsameth	reactome	hypermethylated	reactome:FGFRL1 modulation of FGFR1 signaling [R-HSA-5658623]	13	7	0.0346280818139943	0.84487930336957
missMethyl_gsameth	reactome	hypermethylated	reactome:RAS signaling downstream of NF1 loss-of-function variants [R-HSA-6802953]	7	2	0.620935631494784	1
missMethyl_gsameth	reactome	hypermethylated	reactome:Catecholamine biosynthesis [R-HSA-209905]	4	1	0.713614196281356	1
missMethyl_gsameth	reactome	hypermethylated	reactome:BCKDH synthesizes BCAA-CoA from KIC, KMVA, KIV [R-HSA-9859138]	4	0	1	1
missMethyl_gsameth	reactome	hypermethylated	reactome:DSCAM interactions [R-HSA-376172]	4	3	0.198885313625153	1
missMethyl_gsameth	reactome	hypermethylated	reactome:DCC mediated attractive signaling [R-HSA-418885]	14	10	0.010758294258273	0.462433132230606
missMethyl_gsameth	reactome	hypermethylated	reactome:Role of second messengers in netrin-1 signaling [R-HSA-418890]	10	4	0.303370712816489	1
missMethyl_gsameth	reactome	hypermethylated	reactome:Regulation of commissural axon pathfinding by SLIT and ROBO [R-HSA-428542]	10	6	0.174426224015554	1
missMethyl_gsameth	reactome	hypermethylated	reactome:mitochondrial fatty acid beta-oxidation of unsaturated fatty acids [R-HSA-77288]	6	2	0.272594497635426	1
missMethyl_gsameth	reactome	hypermethylated	reactome:Lysosphingolipid and LPA receptors [R-HSA-419408]	13	7	0.0102854672626324	0.455677792999303
missMethyl_gsameth	reactome	hypermethylated	reactome:Melanin biosynthesis [R-HSA-5662702]	5	1	0.577512170970759	1
missMethyl_gsameth	reactome	hypermethylated	reactome:ATF6 (ATF6-alpha) activates chaperones [R-HSA-381033]	12	1	0.960585816509439	1
missMethyl_gsameth	reactome	hypermethylated	reactome:ATF6 (ATF6-alpha) activates chaperone genes [R-HSA-381183]	10	1	0.915615894560639	1
missMethyl_gsameth	reactome	hypermethylated	reactome:Advanced glycosylation endproduct receptor signaling [R-HSA-879415]	13	2	0.765989795854633	1
missMethyl_gsameth	reactome	hypermethylated	reactome:SARS-CoV-2 Genome Replication and Transcription [R-HSA-9694682]	4	0	1	1
missMethyl_gsameth	reactome	hypermethylated	reactome:Replication of the SARS-CoV-2 genome [R-HSA-9694686]	4	0	1	1
missMethyl_gsameth	reactome	hypermethylated	reactome:DEx/H-box helicases activate type I IFN and inflammatory cytokines production [R-HSA-3134963]	7	0	1	1
missMethyl_gsameth	reactome	hypermethylated	reactome:Defects in cobalamin (B12) metabolism [R-HSA-3296469]	14	1	0.934703870230981	1
missMethyl_gsameth	reactome	hypermethylated	reactome:Defects in vitamin and cofactor metabolism [R-HSA-3296482]	22	1	0.997466898479261	1
missMethyl_gsameth	reactome	hypermethylated	reactome:Defective MMAA causes MMA, cblA type [R-HSA-3359475]	2	0	1	1
missMethyl_gsameth	reactome	hypermethylated	reactome:Defective MUT causes MMAM [R-HSA-3359478]	2	0	1	1
missMethyl_gsameth	reactome	hypermethylated	reactome:Propionyl-CoA catabolism [R-HSA-71032]	5	0	1	1
missMethyl_gsameth	reactome	hypermethylated	reactome:Cobalamin (Cbl) metabolism [R-HSA-9759218]	7	0	1	1
missMethyl_gsameth	reactome	hypermethylated	reactome:Diseases of mitochondrial beta oxidation [R-HSA-9759774]	2	0	1	1
missMethyl_gsameth	reactome	hypermethylated	reactome:Diseases of propionyl-CoA catabolism [R-HSA-9759785]	2	0	1	1
missMethyl_gsameth	reactome	hypermethylated	reactome:Striated Muscle Contraction [R-HSA-390522]	36	11	0.163909894154747	1
missMethyl_gsameth	reactome	hypermethylated	reactome:Alternative complement activation [R-HSA-173736]	5	0	1	1
missMethyl_gsameth	reactome	hypermethylated	reactome:Apoptosis induced DNA fragmentation [R-HSA-140342]	13	1	0.934211653734469	1
missMethyl_gsameth	reactome	hypermethylated	reactome:Release of apoptotic factors from the mitochondria [R-HSA-111457]	7	3	0.266751718685702	1
missMethyl_gsameth	reactome	hypermethylated	reactome:Zinc transporters [R-HSA-435354]	15	2	0.89985138217702	1
missMethyl_gsameth	reactome	hypermethylated	reactome:Zinc efflux and compartmentalization by the SLC30 family [R-HSA-435368]	5	1	0.615972164651056	1
missMethyl_gsameth	reactome	hypermethylated	reactome:Tetrahydrobiopterin (BH4) synthesis, recycling, salvage and regulation [R-HSA-1474151]	12	1	0.966639500848352	1
missMethyl_gsameth	reactome	hypermethylated	reactome:Pyrimidine biosynthesis [R-HSA-500753]	3	0	1	1
missMethyl_gsameth	reactome	hypermethylated	reactome:Hypusine synthesis from eIF5A-lysine [R-HSA-204626]	4	1	0.623263848890462	1
missMethyl_gsameth	reactome	hypermethylated	reactome:Regulation of MITF-M dependent genes involved in invasion [R-HSA-9854909]	4	1	0.71361567590989	1
missMethyl_gsameth	reactome	hypermethylated	reactome:Regulation of thyroid hormone activity [R-HSA-350864]	3	1	0.455981739397861	1
missMethyl_gsameth	reactome	hypermethylated	reactome:Regulation of pyruvate dehydrogenase (PDH) complex [R-HSA-204174]	15	1	0.937894616506628	1
missMethyl_gsameth	reactome	hypermethylated	reactome:PDH complex synthesizes acetyl-CoA from PYR [R-HSA-9861559]	6	0	1	1
missMethyl_gsameth	reactome	hypermethylated	reactome:Glycine degradation [R-HSA-6783984]	7	0	1	1
missMethyl_gsameth	reactome	hypermethylated	reactome:OGDH complex synthesizes succinyl-CoA from 2-OG [R-HSA-9853506]	4	0	1	1
missMethyl_gsameth	reactome	hypermethylated	reactome:OADH complex synthesizes glutaryl-CoA from 2-OA [R-HSA-9858328]	3	0	1	1
missMethyl_gsameth	reactome	hypermethylated	reactome:Unblocking of NMDA receptors, glutamate binding and activation [R-HSA-438066]	22	12	0.0329453390959705	0.835501564947347
missMethyl_gsameth	reactome	hypermethylated	reactome:Ras activation upon Ca2+ influx through NMDA receptor [R-HSA-442982]	21	10	0.134651675406675	1
missMethyl_gsameth	reactome	hypermethylated	reactome:NrCAM interactions [R-HSA-447038]	7	4	0.250290254520403	1
missMethyl_gsameth	reactome	hypermethylated	reactome:Ionotropic activity of kainate receptors [R-HSA-451306]	12	3	0.810556191498624	1
missMethyl_gsameth	reactome	hypermethylated	reactome:Activation of Ca-permeable Kainate Receptor [R-HSA-451308]	12	3	0.810556191498624	1
missMethyl_gsameth	reactome	hypermethylated	reactome:Negative regulation of NMDA receptor-mediated neuronal transmission [R-HSA-9617324]	22	11	0.0815070623198623	1
missMethyl_gsameth	reactome	hypermethylated	reactome:Long-term potentiation [R-HSA-9620244]	24	14	0.0132744725002155	0.512702452363396
missMethyl_gsameth	reactome	hypermethylated	reactome:Choline catabolism [R-HSA-6798163]	6	2	0.317595766215	1
missMethyl_gsameth	reactome	hypermethylated	reactome:Transcriptional regulation of testis differentiation [R-HSA-9690406]	11	9	0.000364282241907726	0.0485406087342045
missMethyl_gsameth	reactome	hypermethylated	reactome:Glycogen breakdown (glycogenolysis) [R-HSA-70221]	16	1	0.981946327273068	1
missMethyl_gsameth	reactome	hypermethylated	reactome:Glycogen metabolism [R-HSA-8982491]	27	3	0.945619608979031	1
missMethyl_gsameth	reactome	hypermethylated	reactome:STAT3 nuclear events downstream of ALK signaling [R-HSA-9701898]	11	1	0.951814244346651	1
missMethyl_gsameth	reactome	hypermethylated	reactome:Activated NTRK2 signals through FYN [R-HSA-9032500]	7	5	0.0670504263874757	1
missMethyl_gsameth	reactome	hypermethylated	reactome:NTRK2 activates RAC1 [R-HSA-9032759]	5	3	0.241870533957656	1
missMethyl_gsameth	reactome	hypermethylated	reactome:Defective DPAGT1 causes CDG-1j, CMSTA2 [R-HSA-4549356]	1	0	1.00000000003099	1
missMethyl_gsameth	reactome	hypermethylated	reactome:Degradation of GABA [R-HSA-916853]	2	2	0.0872767813084882	1
missMethyl_gsameth	reactome	hypermethylated	reactome:Defective SLC26A3 causes congenital secretory chloride diarrhea 1 (DIAR1) [R-HSA-5619085]	1	0	0.999999999988607	1
missMethyl_gsameth	reactome	hypermethylated	reactome:Dopamine receptors [R-HSA-390651]	5	3	0.0721902295644008	1
missMethyl_gsameth	reactome	hypermethylated	reactome:Defective SLC26A2 causes chondrodysplasias [R-HSA-3560792]	1	0	1.00000000001363	1
missMethyl_gsameth	reactome	hypermethylated	reactome:GRB2 events in EGFR signaling [R-HSA-179812]	13	1	0.957171551548542	1
missMethyl_gsameth	reactome	hypermethylated	reactome:SHC1 events in EGFR signaling [R-HSA-180336]	14	1	0.969603979874177	1
missMethyl_gsameth	reactome	hypermethylated	reactome:EGFR interacts with phospholipase C-gamma [R-HSA-212718]	9	2	0.511301899872023	1
missMethyl_gsameth	reactome	hypermethylated	reactome:EGFR Transactivation by Gastrin [R-HSA-2179392]	9	1	0.941787196084422	1
missMethyl_gsameth	reactome	hypermethylated	reactome:Uptake and function of diphtheria toxin [R-HSA-5336415]	6	2	0.58409221441869	1
missMethyl_gsameth	reactome	hypermethylated	reactome:Signaling by Overexpressed Wild-Type EGFR in Cancer [R-HSA-5638302]	8	1	0.800901555477444	1
missMethyl_gsameth	reactome	hypermethylated	reactome:Inhibition of Signaling by Overexpressed EGFR [R-HSA-5638303]	8	1	0.800901555477444	1
missMethyl_gsameth	reactome	hypermethylated	reactome:ERKs are inactivated [R-HSA-202670]	13	3	0.658007236144528	1
missMethyl_gsameth	reactome	hypermethylated	reactome:Negative regulation of TCF-dependent signaling by DVL-interacting proteins [R-HSA-5368598]	4	0	1	1
missMethyl_gsameth	reactome	hypermethylated	reactome:Activation of NOXA and translocation to mitochondria [R-HSA-111448]	5	0	1	1
missMethyl_gsameth	reactome	hypermethylated	reactome:Inhibition of replication initiation of damaged DNA by RB1/E2F1 [R-HSA-113501]	12	0	1	1
missMethyl_gsameth	reactome	hypermethylated	reactome:E2F mediated regulation of DNA replication [R-HSA-113510]	21	1	0.992528714815523	1
missMethyl_gsameth	reactome	hypermethylated	reactome:Activation of PUMA and translocation to mitochondria [R-HSA-139915]	9	1	0.962023808108043	1
missMethyl_gsameth	reactome	hypermethylated	reactome:Beta oxidation of lauroyl-CoA to decanoyl-CoA-CoA [R-HSA-77310]	5	2	0.212540612695379	1
missMethyl_gsameth	reactome	hypermethylated	reactome:Beta oxidation of decanoyl-CoA to octanoyl-CoA-CoA [R-HSA-77346]	6	1	0.729937117598813	1
missMethyl_gsameth	reactome	hypermethylated	reactome:Beta oxidation of octanoyl-CoA to hexanoyl-CoA [R-HSA-77348]	5	1	0.653360852598488	1
missMethyl_gsameth	reactome	hypermethylated	reactome:Beta oxidation of hexanoyl-CoA to butanoyl-CoA [R-HSA-77350]	5	1	0.722502003738191	1
missMethyl_gsameth	reactome	hypermethylated	reactome:Defective ABCA1 causes TGD [R-HSA-5682113]	2	2	0.0395851306597183	0.901661309471362
missMethyl_gsameth	reactome	hypermethylated	reactome:HDL assembly [R-HSA-8963896]	8	2	0.47928430450376	1
missMethyl_gsameth	reactome	hypermethylated	reactome:Plasma lipoprotein assembly [R-HSA-8963898]	19	2	0.8827459517245	1
missMethyl_gsameth	reactome	hypermethylated	reactome:Defective AHCY causes HMAHCHD [R-HSA-5578997]	1	0	1.00000000001136	1
missMethyl_gsameth	reactome	hypermethylated	reactome:Trafficking of myristoylated proteins to the cilium [R-HSA-5624138]	5	2	0.231888950274194	1
missMethyl_gsameth	reactome	hypermethylated	reactome:Small interfering RNA (siRNA) biogenesis [R-HSA-426486]	9	1	0.881928508521256	1
missMethyl_gsameth	reactome	hypermethylated	reactome:Post-transcriptional silencing by small RNAs [R-HSA-426496]	7	1	0.914179364100887	1
missMethyl_gsameth	reactome	hypermethylated	reactome:Regulation of PTEN mRNA translation [R-HSA-8943723]	9	1	0.960357503743754	1
missMethyl_gsameth	reactome	hypermethylated	reactome:Competing endogenous RNAs (ceRNAs) regulate PTEN translation [R-HSA-8948700]	8	1	0.934752556294141	1
missMethyl_gsameth	reactome	hypermethylated	reactome:Regulation of NPAS4 gene expression [R-HSA-9768759]	13	3	0.797913396729606	1
missMethyl_gsameth	reactome	hypermethylated	reactome:Regulation of NPAS4 mRNA translation [R-HSA-9768778]	9	2	0.762024582079341	1
missMethyl_gsameth	reactome	hypermethylated	reactome:Regulation of MITF-M-dependent genes involved in apoptosis [R-HSA-9824594]	18	2	0.982484133925508	1
missMethyl_gsameth	reactome	hypermethylated	reactome:TGFBR3 expression [R-HSA-9839394]	25	11	0.0705090857404432	1
missMethyl_gsameth	reactome	hypermethylated	reactome:PLCG1 events in ERBB2 signaling [R-HSA-1251932]	4	2	0.349787314957706	1
missMethyl_gsameth	reactome	hypermethylated	reactome:Recycling of eIF2:GDP [R-HSA-72731]	8	1	0.748872111902279	1
missMethyl_gsameth	reactome	hypermethylated	reactome:Amine Oxidase reactions [R-HSA-140179]	4	0	1	1
missMethyl_gsameth	reactome	hypermethylated	reactome:PAOs oxidise polyamines to amines [R-HSA-141334]	2	0	1	1
missMethyl_gsameth	reactome	hypermethylated	reactome:Interconversion of polyamines [R-HSA-351200]	3	0	1	1
missMethyl_gsameth	reactome	hypermethylated	reactome:GDP-fucose biosynthesis [R-HSA-6787639]	6	4	0.0457576407187518	0.952688379027136
missMethyl_gsameth	reactome	hypermethylated	reactome:HuR (ELAVL1) binds and stabilizes mRNA [R-HSA-450520]	8	0	1	1
missMethyl_gsameth	reactome	hypermethylated	reactome:RUNX1 regulates transcription of genes involved in BCR signaling [R-HSA-8939245]	6	1	0.91818198761387	1
missMethyl_gsameth	reactome	hypermethylated	reactome:RUNX1 regulates transcription of genes involved in interleukin signaling [R-HSA-8939247]	5	1	0.814368532788666	1
missMethyl_gsameth	reactome	hypermethylated	reactome:Defective ALG14 causes ALG14-CMS [R-HSA-5633231]	2	0	1	1
missMethyl_gsameth	reactome	hypermethylated	reactome:Intrinsic Pathway of Fibrin Clot Formation [R-HSA-140837]	23	3	0.823506750446255	1
missMethyl_gsameth	reactome	hypermethylated	reactome:TET1,2,3 and TDG demethylate DNA [R-HSA-5221030]	4	1	0.689788346463225	1
missMethyl_gsameth	reactome	hypermethylated	reactome:Synthesis of PIPs at the Golgi membrane [R-HSA-1660514]	18	2	0.928286113045496	1
missMethyl_gsameth	reactome	hypermethylated	reactome:Synthesis of PIPs at the early endosome membrane [R-HSA-1660516]	16	3	0.795108821865891	1
missMethyl_gsameth	reactome	hypermethylated	reactome:Synthesis of PIPs at the late endosome membrane [R-HSA-1660517]	11	1	0.944366299179389	1
missMethyl_gsameth	reactome	hypermethylated	reactome:RUNX1 regulates estrogen receptor mediated transcription [R-HSA-8931987]	6	0	1	1
missMethyl_gsameth	reactome	hypermethylated	reactome:ARL13B-mediated ciliary trafficking of INPP5E [R-HSA-5624958]	3	0	1	1
missMethyl_gsameth	reactome	hypermethylated	reactome:Initiation of Nuclear Envelope (NE) Reformation [R-HSA-2995383]	19	3	0.847281420042393	1
missMethyl_gsameth	reactome	hypermethylated	reactome:Depolymerization of the Nuclear Lamina [R-HSA-4419969]	15	3	0.797222619999408	1
missMethyl_gsameth	reactome	hypermethylated	reactome:OAS antiviral response [R-HSA-8983711]	9	1	0.78506116307313	1
missMethyl_gsameth	reactome	hypermethylated	reactome:Gluconeogenesis [R-HSA-70263]	25	4	0.735091001439632	1
missMethyl_gsameth	reactome	hypermethylated	reactome:Manipulation of host energy metabolism [R-HSA-9636667]	2	0	1	1
missMethyl_gsameth	reactome	hypermethylated	reactome:Transport of nucleosides and free purine and pyrimidine bases across the plasma membrane [R-HSA-83936]	11	0	1	1
missMethyl_gsameth	reactome	hypermethylated	reactome:PI5P Regulates TP53 Acetylation [R-HSA-6811555]	9	1	0.921576965338157	1
missMethyl_gsameth	reactome	hypermethylated	reactome:RUNX3 regulates p14-ARF [R-HSA-8951936]	9	2	0.901527291824551	1
missMethyl_gsameth	reactome	hypermethylated	reactome:Transcriptional regulation of pluripotent stem cells [R-HSA-452723]	24	13	0.00369851786713204	0.246413752897672
missMethyl_gsameth	reactome	hypermethylated	reactome:PTK6 Expression [R-HSA-8849473]	5	2	0.470416009301344	1
missMethyl_gsameth	reactome	hypermethylated	reactome:Pexophagy [R-HSA-9664873]	11	0	1	1
missMethyl_gsameth	reactome	hypermethylated	reactome:POU5F1 (OCT4), SOX2, NANOG activate genes related to proliferation [R-HSA-2892247]	13	7	0.0166440277505267	0.583635973094127
missMethyl_gsameth	reactome	hypermethylated	reactome:SUMO is proteolytically processed [R-HSA-3065679]	6	2	0.193728947738867	1
missMethyl_gsameth	reactome	hypermethylated	reactome:Erythropoietin activates Phosphoinositide-3-kinase (PI3K) [R-HSA-9027276]	12	6	0.10898534071502	1
missMethyl_gsameth	reactome	hypermethylated	reactome:Erythropoietin activates Phospholipase C gamma (PLCG) [R-HSA-9027277]	7	3	0.333711129787892	1
missMethyl_gsameth	reactome	hypermethylated	reactome:Erythropoietin activates STAT5 [R-HSA-9027283]	7	4	0.0975583743969647	1
missMethyl_gsameth	reactome	hypermethylated	reactome:GRB7 events in ERBB2 signaling [R-HSA-1306955]	5	2	0.622207424819907	1
missMethyl_gsameth	reactome	hypermethylated	reactome:PKB-mediated events [R-HSA-109703]	2	1	0.381696543873755	1
missMethyl_gsameth	reactome	hypermethylated	reactome:PDE3B signalling [R-HSA-165160]	2	1	0.381696543873755	1
missMethyl_gsameth	reactome	hypermethylated	reactome:Inhibition of TSC complex formation by PKB [R-HSA-165181]	3	2	0.18998482370441	1
missMethyl_gsameth	reactome	hypermethylated	reactome:RUNX1 regulates transcription of genes involved in WNT signaling [R-HSA-8939256]	6	0	1	1
missMethyl_gsameth	reactome	hypermethylated	reactome:Defective ABCA3 causes SMDP3 [R-HSA-5683678]	1	0	0.999999999992203	1
missMethyl_gsameth	reactome	hypermethylated	reactome:Defective ABCA3 causes SMDP3 [R-HSA-5688399]	1	0	0.999999999992203	1
missMethyl_gsameth	reactome	hypermethylated	reactome:Signaling by PDGFR in disease [R-HSA-9671555]	20	4	0.820752553651533	1
missMethyl_gsameth	reactome	hypermethylated	reactome:Signaling by membrane-tethered fusions of PDGFRA or PDGFRB [R-HSA-9673768]	5	0	1	1
missMethyl_gsameth	reactome	hypermethylated	reactome:Scavenging of heme from plasma [R-HSA-2168880]	13	3	0.175191901524717	1
missMethyl_gsameth	reactome	hypermethylated	reactome:Ciprofloxacin ADME [R-HSA-9793528]	5	0	1	1
missMethyl_gsameth	reactome	hypermethylated	reactome:Gamma-carboxylation of protein precursors [R-HSA-159740]	9	2	0.649357885446028	1
missMethyl_gsameth	reactome	hypermethylated	reactome:Transport of gamma-carboxylated protein precursors from the endoplasmic reticulum to the Golgi apparatus [R-HSA-159763]	8	2	0.601323842719927	1
missMethyl_gsameth	reactome	hypermethylated	reactome:Removal of aminoterminal propeptides from gamma-carboxylated proteins [R-HSA-159782]	9	2	0.700844303406355	1
missMethyl_gsameth	reactome	hypermethylated	reactome:Gamma-carboxylation, transport, and amino-terminal cleavage of proteins [R-HSA-159854]	10	2	0.738814794593502	1
missMethyl_gsameth	reactome	hypermethylated	reactome:Defects of contact activation system (CAS) and kallikrein/kinin system (KKS) [R-HSA-9651496]	16	3	0.695261531794512	1
missMethyl_gsameth	reactome	hypermethylated	reactome:Defective factor XII causes hereditary angioedema [R-HSA-9657688]	3	0	1	1
missMethyl_gsameth	reactome	hypermethylated	reactome:Defective factor VIII causes hemophilia A [R-HSA-9662001]	7	2	0.623664112644545	1
missMethyl_gsameth	reactome	hypermethylated	reactome:Defective F8 cleavage by thrombin [R-HSA-9672391]	3	1	0.543721777377494	1
missMethyl_gsameth	reactome	hypermethylated	reactome:Linoleic acid (LA) metabolism [R-HSA-2046105]	8	1	0.902161222229353	1
missMethyl_gsameth	reactome	hypermethylated	reactome:Defective ABCD1 causes ALD [R-HSA-5684045]	1	0	0.999999999976428	1
missMethyl_gsameth	reactome	hypermethylated	reactome:Extrinsic Pathway of Fibrin Clot Formation [R-HSA-140834]	5	2	0.36157306030374	1
missMethyl_gsameth	reactome	hypermethylated	reactome:Defective factor IX causes hemophilia B [R-HSA-9668250]	9	0	1	1
missMethyl_gsameth	reactome	hypermethylated	reactome:Defective factor IX causes thrombophilia [R-HSA-9672383]	3	0	1	1
missMethyl_gsameth	reactome	hypermethylated	reactome:Defective F8 accelerates dissociation of the A2 domain [R-HSA-9672387]	1	0	0.999999999995113	1
missMethyl_gsameth	reactome	hypermethylated	reactome:Defective F8 binding to von Willebrand factor [R-HSA-9672393]	2	1	0.452937516706379	1
missMethyl_gsameth	reactome	hypermethylated	reactome:Defective F8 binding to the cell membrane [R-HSA-9672395]	1	0	0.999999999995113	1
missMethyl_gsameth	reactome	hypermethylated	reactome:Defective cofactor function of FVIIIa variant [R-HSA-9672396]	3	0	1	1
missMethyl_gsameth	reactome	hypermethylated	reactome:Defective F8 secretion [R-HSA-9672397]	1	0	0.999999999995113	1
missMethyl_gsameth	reactome	hypermethylated	reactome:Defective F9 variant does not activate FX [R-HSA-9673202]	3	0	1	1
missMethyl_gsameth	reactome	hypermethylated	reactome:Defective F8 sulfation at Y1699 [R-HSA-9674519]	3	1	0.635563980602472	1
missMethyl_gsameth	reactome	hypermethylated	reactome:Defective F9 secretion [R-HSA-9673218]	1	0	1.00000000000967	1
missMethyl_gsameth	reactome	hypermethylated	reactome:Defective F9 activation [R-HSA-9673221]	6	0	1	1
missMethyl_gsameth	reactome	hypermethylated	reactome:Defective gamma-carboxylation of F9 [R-HSA-9673240]	2	0	1	1
missMethyl_gsameth	reactome	hypermethylated	reactome:Defective SERPING1 causes hereditary angioedema [R-HSA-9657689]	3	1	0.424903072672261	1
missMethyl_gsameth	reactome	hypermethylated	reactome:Metabolism of serotonin [R-HSA-380612]	2	0	1	1
missMethyl_gsameth	reactome	hypermethylated	reactome:Serotonin clearance from the synaptic cleft [R-HSA-380615]	3	1	0.483019924206879	1
missMethyl_gsameth	reactome	hypermethylated	reactome:Free fatty acids regulate insulin secretion [R-HSA-400451]	11	1	0.937943096612234	1
missMethyl_gsameth	reactome	hypermethylated	reactome:Intracellular metabolism of fatty acids regulates insulin secretion [R-HSA-434313]	3	0	1	1
missMethyl_gsameth	reactome	hypermethylated	reactome:Tyrosine catabolism [R-HSA-8963684]	5	1	0.471557386478218	1
missMethyl_gsameth	reactome	hypermethylated	reactome:Phenylalanine and tyrosine metabolism [R-HSA-8963691]	11	1	0.84782659806601	1
missMethyl_gsameth	reactome	hypermethylated	reactome:Interleukin-2 signaling [R-HSA-9020558]	12	4	0.333301413011397	1
missMethyl_gsameth	reactome	hypermethylated	reactome:Vitamin B5 (pantothenate) metabolism [R-HSA-199220]	20	4	0.690326952580893	1
missMethyl_gsameth	reactome	hypermethylated	reactome:TYSND1 cleaves peroxisomal proteins [R-HSA-9033500]	7	0	1	1
missMethyl_gsameth	reactome	hypermethylated	reactome:Role of LAT2/NTAL/LAB on calcium mobilization [R-HSA-2730905]	16	4	0.635138337696899	1
missMethyl_gsameth	reactome	hypermethylated	reactome:FCGR activation [R-HSA-2029481]	12	6	0.0453909852168919	0.952495870889897
missMethyl_gsameth	reactome	hypermethylated	reactome:Pentose phosphate pathway [R-HSA-71336]	14	0	1	1
missMethyl_gsameth	reactome	hypermethylated	reactome:5-Phosphoribose 1-diphosphate biosynthesis [R-HSA-73843]	3	0	1	1
missMethyl_gsameth	reactome	hypermethylated	reactome:SDK interactions [R-HSA-373756]	2	2	0.186718656485476	1
missMethyl_gsameth	reactome	hypermethylated	reactome:Biosynthesis of A2E, implicated in retinal degradation [R-HSA-2466712]	1	0	0.999999999956867	1
missMethyl_gsameth	reactome	hypermethylated	reactome:Class C/3 (Metabotropic glutamate/pheromone receptors) [R-HSA-420499]	39	9	0.223565424609836	1
missMethyl_gsameth	reactome	hypermethylated	reactome:Carnitine synthesis [R-HSA-71262]	4	0	1	1
missMethyl_gsameth	reactome	hypermethylated	reactome:GRB2:SOS provides linkage to MAPK signaling for Integrins [R-HSA-354194]	15	4	0.565070829404923	1
missMethyl_gsameth	reactome	hypermethylated	reactome:Signaling by activated point mutants of FGFR1 [R-HSA-1839122]	11	6	0.0351125957092493	0.84487930336957
missMethyl_gsameth	reactome	hypermethylated	reactome:FGFR2 mutant receptor activation [R-HSA-1839126]	33	9	0.276673206671827	1
missMethyl_gsameth	reactome	hypermethylated	reactome:Signaling by activated point mutants of FGFR3 [R-HSA-1839130]	12	6	0.0567986277974633	0.989421538686022
missMethyl_gsameth	reactome	hypermethylated	reactome:FGFR3 ligand binding and activation [R-HSA-190239]	13	6	0.081932504077743	1
missMethyl_gsameth	reactome	hypermethylated	reactome:FGFR3b ligand binding and activation [R-HSA-190371]	7	4	0.139729952349526	1
missMethyl_gsameth	reactome	hypermethylated	reactome:FGFR3c ligand binding and activation [R-HSA-190372]	13	6	0.081932504077743	1
missMethyl_gsameth	reactome	hypermethylated	reactome:FGFR2c ligand binding and activation [R-HSA-190375]	13	6	0.0850699610673748	1
missMethyl_gsameth	reactome	hypermethylated	reactome:FGFR3 mutant receptor activation [R-HSA-2033514]	12	6	0.0567986277974633	0.989421538686022
missMethyl_gsameth	reactome	hypermethylated	reactome:Activated point mutants of FGFR2 [R-HSA-2033519]	17	8	0.0369441130709924	0.865558300025152
missMethyl_gsameth	reactome	hypermethylated	reactome:Phospholipase C-mediated cascade: FGFR1 [R-HSA-5654219]	16	10	0.00183169077917186	0.162715197549767
missMethyl_gsameth	reactome	hypermethylated	reactome:Phospholipase C-mediated cascade; FGFR2 [R-HSA-5654221]	18	9	0.0160676629758434	0.576010938721936
missMethyl_gsameth	reactome	hypermethylated	reactome:Phospholipase C-mediated cascade; FGFR3 [R-HSA-5654227]	13	7	0.0230434452115086	0.698648474636064
missMethyl_gsameth	reactome	hypermethylated	reactome:SHC-mediated cascade:FGFR1 [R-HSA-5654688]	21	9	0.0711730007713736	1
missMethyl_gsameth	reactome	hypermethylated	reactome:SHC-mediated cascade:FGFR2 [R-HSA-5654699]	23	8	0.203334483517048	1
missMethyl_gsameth	reactome	hypermethylated	reactome:SHC-mediated cascade:FGFR3 [R-HSA-5654704]	18	6	0.310412416693988	1
missMethyl_gsameth	reactome	hypermethylated	reactome:Signaling by FGFR2 IIIa TM [R-HSA-8851708]	19	3	0.806592871121207	1
missMethyl_gsameth	reactome	hypermethylated	reactome:Formation of the posterior neural plate [R-HSA-9832991]	10	9	0.000127994111165208	0.020064959191487
missMethyl_gsameth	reactome	hypermethylated	reactome:Regulation of gene expression in early pancreatic precursor cells [R-HSA-210747]	8	7	0.00339407904002749	0.231928734401879
missMethyl_gsameth	reactome	hypermethylated	reactome:Signaling by FGFR1 amplification mutants [R-HSA-1839120]	1	1	0.396636154653717	1
missMethyl_gsameth	reactome	hypermethylated	reactome:FGFR1c and Klotho ligand binding and activation [R-HSA-190374]	3	2	0.200566361621319	1
missMethyl_gsameth	reactome	hypermethylated	reactome:Epithelial-Mesenchymal Transition (EMT) during gastrulation [R-HSA-9758919]	4	3	0.105655824818009	1
missMethyl_gsameth	reactome	hypermethylated	reactome:t(4;14) translocations of FGFR3 [R-HSA-2033515]	1	0	0.999999999995596	1
missMethyl_gsameth	reactome	hypermethylated	reactome:Signaling by FGFR3 fusions in cancer [R-HSA-8853334]	1	0	0.999999999995596	1
missMethyl_gsameth	reactome	hypermethylated	reactome:Signaling by FGFR2 amplification mutants [R-HSA-2023837]	1	0	1.00000000000759	1
missMethyl_gsameth	reactome	hypermethylated	reactome:Signaling by FGFR2 fusions [R-HSA-8853333]	1	0	1.00000000000759	1
missMethyl_gsameth	reactome	hypermethylated	reactome:FGFR4 mutant receptor activation [R-HSA-1839128]	1	0	0.999999999994295	1
missMethyl_gsameth	reactome	hypermethylated	reactome:VEGF ligand-receptor interactions [R-HSA-194313]	8	3	0.277242989160017	1
missMethyl_gsameth	reactome	hypermethylated	reactome:VEGF binds to VEGFR leading to receptor dimerization [R-HSA-195399]	8	3	0.277242989160017	1
missMethyl_gsameth	reactome	hypermethylated	reactome:Calcineurin activates NFAT [R-HSA-2025928]	11	5	0.179838795325825	1
missMethyl_gsameth	reactome	hypermethylated	reactome:TGF-beta receptor signaling in EMT (epithelial to mesenchymal transition) [R-HSA-2173791]	16	5	0.409103237681246	1
missMethyl_gsameth	reactome	hypermethylated	reactome:Signaling by TGF-beta Receptor Complex in Cancer [R-HSA-3304351]	8	5	0.0301784037497294	0.817348116491532
missMethyl_gsameth	reactome	hypermethylated	reactome:Loss of Function of TGFBR1 in Cancer [R-HSA-3656534]	7	4	0.085877984660493	1
missMethyl_gsameth	reactome	hypermethylated	reactome:TGFBR1 LBD Mutants in Cancer [R-HSA-3656535]	4	3	0.0551169400418226	0.989421538686022
missMethyl_gsameth	reactome	hypermethylated	reactome:RAF activation [R-HSA-5673000]	36	8	0.817859087736131	1
missMethyl_gsameth	reactome	hypermethylated	reactome:Signaling by MRAS-complex mutants [R-HSA-9660537]	8	2	0.588347293908406	1
missMethyl_gsameth	reactome	hypermethylated	reactome:SHOC2 M1731 mutant abolishes MRAS complex function [R-HSA-9726840]	8	2	0.588347293908406	1
missMethyl_gsameth	reactome	hypermethylated	reactome:Gain-of-function MRAS complexes activate RAF signaling [R-HSA-9726842]	8	2	0.588347293908406	1
missMethyl_gsameth	reactome	hypermethylated	reactome:Interaction between PHLDA1 and AURKA [R-HSA-8854521]	2	1	0.215845651313563	1
missMethyl_gsameth	reactome	hypermethylated	reactome:Defective DOLK causes DOLK-CDG [R-HSA-4755583]	1	0	1.00000000001102	1
missMethyl_gsameth	reactome	hypermethylated	reactome:The NLRP1 inflammasome [R-HSA-844455]	3	0	1	1
missMethyl_gsameth	reactome	hypermethylated	reactome:Hereditary fructose intolerance [R-HSA-5657560]	1	0	1.00000000001162	1
missMethyl_gsameth	reactome	hypermethylated	reactome:Formation of apoptosome [R-HSA-111458]	11	1	0.915865757666858	1
missMethyl_gsameth	reactome	hypermethylated	reactome:Cytochrome c-mediated apoptotic response [R-HSA-111461]	13	1	0.952222093037536	1
missMethyl_gsameth	reactome	hypermethylated	reactome:Regulation of the apoptosome activity [R-HSA-9627069]	11	1	0.915865757666858	1
missMethyl_gsameth	reactome	hypermethylated	reactome:RHOT2 GTPase cycle [R-HSA-9013419]	7	0	1	1
missMethyl_gsameth	reactome	hypermethylated	reactome:RHOT1 GTPase cycle [R-HSA-9013425]	5	0	1	1
missMethyl_gsameth	reactome	hypermethylated	reactome:Miro GTPase Cycle [R-HSA-9715370]	8	0	1	1
missMethyl_gsameth	reactome	hypermethylated	reactome:Synthesis of PIPs at the ER membrane [R-HSA-1483248]	5	0	1	1
missMethyl_gsameth	reactome	hypermethylated	reactome:Abortive elongation of HIV-1 transcript in the absence of Tat [R-HSA-167242]	23	1	0.996071650108673	1
missMethyl_gsameth	reactome	hypermethylated	reactome:FGFR2 alternative splicing [R-HSA-6803529]	26	3	0.948431950689584	1
missMethyl_gsameth	reactome	hypermethylated	reactome:Protein repair [R-HSA-5676934]	6	1	0.785450704181557	1
missMethyl_gsameth	reactome	hypermethylated	reactome:RPIA deficiency: failed conversion of R5P to RU5P [R-HSA-5659996]	1	0	1.00000000000896	1
missMethyl_gsameth	reactome	hypermethylated	reactome:RPIA deficiency: failed conversion of RU5P to R5P [R-HSA-6791461]	1	0	1.00000000000896	1
missMethyl_gsameth	reactome	hypermethylated	reactome:Pentose phosphate pathway disease [R-HSA-6791465]	2	0	1	1
missMethyl_gsameth	reactome	hypermethylated	reactome:Formation of lateral plate mesoderm [R-HSA-9758920]	5	5	0.00845416146740757	0.411880421313847
missMethyl_gsameth	reactome	hypermethylated	reactome:Regulation of CDH11 gene transcription [R-HSA-9762293]	9	5	0.0986395487258589	1
missMethyl_gsameth	reactome	hypermethylated	reactome:Signaling by LRP5 mutants [R-HSA-5339717]	6	4	0.0347378514519133	0.84487930336957
missMethyl_gsameth	reactome	hypermethylated	reactome:Synthesis of Lipoxins (LX) [R-HSA-2142700]	6	3	0.116816098895507	1
missMethyl_gsameth	reactome	hypermethylated	reactome:Elevation of cytosolic Ca2+ levels [R-HSA-139853]	16	7	0.146592116905609	1
missMethyl_gsameth	reactome	hypermethylated	reactome:Platelet calcium homeostasis [R-HSA-418360]	30	13	0.0941149246284452	1
missMethyl_gsameth	reactome	hypermethylated	reactome:Toxicity of botulinum toxin type D (botD) [R-HSA-5250955]	5	2	0.388636415066385	1
missMethyl_gsameth	reactome	hypermethylated	reactome:Toxicity of botulinum toxin type A (botA) [R-HSA-5250968]	4	3	0.0841111927422515	1
missMethyl_gsameth	reactome	hypermethylated	reactome:Toxicity of botulinum toxin type F (botF) [R-HSA-5250981]	5	2	0.388636415066385	1
missMethyl_gsameth	reactome	hypermethylated	reactome:Fructose biosynthesis [R-HSA-5652227]	2	1	0.423318379217833	1
missMethyl_gsameth	reactome	hypermethylated	reactome:Scavenging by Class H Receptors [R-HSA-3000497]	4	1	0.698023266074266	1
missMethyl_gsameth	reactome	hypermethylated	reactome:Formation of the active cofactor, UDP-glucuronate [R-HSA-173599]	3	1	0.644626600561987	1
missMethyl_gsameth	reactome	hypermethylated	reactome:Defective SLC35D1 causes SCHBCKD [R-HSA-5579020]	1	1	0.236048834266109	1
missMethyl_gsameth	reactome	hypermethylated	reactome:Maturation of spike protein [R-HSA-9683686]	5	1	0.755764499187958	1
missMethyl_gsameth	reactome	hypermethylated	reactome:Neurophilin interactions with VEGF and VEGFR [R-HSA-194306]	4	2	0.458725476367969	1
missMethyl_gsameth	reactome	hypermethylated	reactome:STAT5 Activation [R-HSA-9645135]	7	2	0.583111064763909	1
missMethyl_gsameth	reactome	hypermethylated	reactome:Drug resistance of FLT3 mutants [R-HSA-9702506]	1	0	1.00000000001411	1
missMethyl_gsameth	reactome	hypermethylated	reactome:FLT3 mutants bind TKIs [R-HSA-9702509]	1	0	1.00000000001411	1
missMethyl_gsameth	reactome	hypermethylated	reactome:KW2449-resistant FLT3 mutants [R-HSA-9702569]	1	0	1.00000000001411	1
missMethyl_gsameth	reactome	hypermethylated	reactome:semaxanib-resistant FLT3 mutants [R-HSA-9702577]	1	0	1.00000000001411	1
missMethyl_gsameth	reactome	hypermethylated	reactome:crenolanib-resistant FLT3 mutants [R-HSA-9702581]	1	0	1.00000000001411	1
missMethyl_gsameth	reactome	hypermethylated	reactome:gilteritinib-resistant FLT3 mutants [R-HSA-9702590]	1	0	1.00000000001411	1
missMethyl_gsameth	reactome	hypermethylated	reactome:lestaurtinib-resistant FLT3 mutants [R-HSA-9702596]	1	0	1.00000000001411	1
missMethyl_gsameth	reactome	hypermethylated	reactome:midostaurin-resistant FLT3 mutants [R-HSA-9702600]	1	0	1.00000000001411	1
missMethyl_gsameth	reactome	hypermethylated	reactome:pexidartinib-resistant FLT3 mutants [R-HSA-9702605]	1	0	1.00000000001411	1
missMethyl_gsameth	reactome	hypermethylated	reactome:ponatinib-resistant FLT3 mutants [R-HSA-9702614]	1	0	1.00000000001411	1
missMethyl_gsameth	reactome	hypermethylated	reactome:quizartinib-resistant FLT3 mutants [R-HSA-9702620]	1	0	1.00000000001411	1
missMethyl_gsameth	reactome	hypermethylated	reactome:sorafenib-resistant FLT3 mutants [R-HSA-9702624]	1	0	1.00000000001411	1
missMethyl_gsameth	reactome	hypermethylated	reactome:sunitinib-resistant FLT3 mutants [R-HSA-9702632]	1	0	1.00000000001411	1
missMethyl_gsameth	reactome	hypermethylated	reactome:tandutinib-resistant FLT3 mutants [R-HSA-9702636]	1	0	1.00000000001411	1
missMethyl_gsameth	reactome	hypermethylated	reactome:linifanib-resistant FLT3 mutants [R-HSA-9702998]	1	0	1.00000000001411	1
missMethyl_gsameth	reactome	hypermethylated	reactome:tamatinib-resistant FLT3 mutants [R-HSA-9703009]	1	0	1.00000000001411	1
missMethyl_gsameth	reactome	hypermethylated	reactome:FLT3 signaling through SRC family kinases [R-HSA-9706374]	6	2	0.48211009681019	1
missMethyl_gsameth	reactome	hypermethylated	reactome:FLT3 signaling by CBL mutants [R-HSA-9706377]	7	0	1	1
missMethyl_gsameth	reactome	hypermethylated	reactome:Fatty Acids bound to GPR40 (FFAR1) regulate insulin secretion [R-HSA-434316]	8	1	0.871321222979724	1
missMethyl_gsameth	reactome	hypermethylated	reactome:FMO oxidises nucleophiles [R-HSA-217271]	3	1	0.270504244236184	1
missMethyl_gsameth	reactome	hypermethylated	reactome:Defective FMO3 causes TMAU [R-HSA-5579019]	1	0	1.00000000002956	1
missMethyl_gsameth	reactome	hypermethylated	reactome:Lysosomal oligosaccharide catabolism [R-HSA-8853383]	4	1	0.756770843901489	1
missMethyl_gsameth	reactome	hypermethylated	reactome:Inactivation of CDC42 and RAC1 [R-HSA-428543]	7	6	0.00674933635746388	0.369009661906881
missMethyl_gsameth	reactome	hypermethylated	reactome:Bicarbonate transporters [R-HSA-425381]	10	1	0.91326848178878	1
missMethyl_gsameth	reactome	hypermethylated	reactome:Regulated proteolysis of p75NTR [R-HSA-193692]	11	2	0.688588169809829	1
missMethyl_gsameth	reactome	hypermethylated	reactome:NRIF signals cell death from the nucleus [R-HSA-205043]	16	3	0.657854089825087	1
missMethyl_gsameth	reactome	hypermethylated	reactome:Noncanonical activation of NOTCH3 [R-HSA-9017802]	8	2	0.522662897016536	1
missMethyl_gsameth	reactome	hypermethylated	reactome:TGFBR3 PTM regulation [R-HSA-9839383]	11	4	0.265787511127489	1
missMethyl_gsameth	reactome	hypermethylated	reactome:tRNA-derived small RNA (tsRNA or tRNA-related fragment, tRF) biogenesis [R-HSA-9708296]	3	0	1	1
missMethyl_gsameth	reactome	hypermethylated	reactome:Defective SLC35A3 causes arthrogryposis, mental retardation, and seizures (AMRS) [R-HSA-5619083]	1	0	1.00000000002735	1
missMethyl_gsameth	reactome	hypermethylated	reactome:Maturation of replicase proteins [R-HSA-9694301]	1	0	0.999999999996846	1
missMethyl_gsameth	reactome	hypermethylated	reactome:Pre-NOTCH Processing in the Endoplasmic Reticulum [R-HSA-1912399]	6	3	0.23894760786675	1
missMethyl_gsameth	reactome	hypermethylated	reactome:Zinc influx into cells by the SLC39 gene family [R-HSA-442380]	10	1	0.953588170139131	1
missMethyl_gsameth	reactome	hypermethylated	reactome:Formation of Senescence-Associated Heterochromatin Foci (SAHF) [R-HSA-2559584]	16	2	0.914338562667356	1
missMethyl_gsameth	reactome	hypermethylated	reactome:Synthesis of glycosylphosphatidylinositol (GPI) [R-HSA-162710]	18	3	0.680141953096696	1
missMethyl_gsameth	reactome	hypermethylated	reactome:Formyl peptide receptors bind formyl peptides and many other ligands [R-HSA-444473]	8	2	0.237981710335466	1
missMethyl_gsameth	reactome	hypermethylated	reactome:Displacement of DNA glycosylase by APEX1 [R-HSA-110357]	9	1	0.84178473487976	1
missMethyl_gsameth	reactome	hypermethylated	reactome:E2F-enabled inhibition of pre-replication complex formation [R-HSA-113507]	9	1	0.760277496339211	1
missMethyl_gsameth	reactome	hypermethylated	reactome:CDC6 association with the ORC:origin complex [R-HSA-68689]	8	2	0.297660725645128	1
missMethyl_gsameth	reactome	hypermethylated	reactome:Nephrin family interactions [R-HSA-373753]	23	14	0.00304332934333005	0.213433492104594
missMethyl_gsameth	reactome	hypermethylated	reactome:DNA replication initiation [R-HSA-68952]	8	1	0.8607868738288	1
missMethyl_gsameth	reactome	hypermethylated	reactome:Nectin/Necl  trans heterodimerization [R-HSA-420597]	7	3	0.322992712235221	1
missMethyl_gsameth	reactome	hypermethylated	reactome:PI and PC transport between ER and Golgi membranes [R-HSA-1483196]	1	0	0.99999999998489	1
missMethyl_gsameth	reactome	hypermethylated	reactome:Drug resistance of ALK mutants [R-HSA-9700649]	1	1	0.409573991789428	1
missMethyl_gsameth	reactome	hypermethylated	reactome:ASP-3026-resistant ALK mutants [R-HSA-9717264]	1	1	0.409573991789428	1
missMethyl_gsameth	reactome	hypermethylated	reactome:NVP-TAE684-resistant ALK mutants [R-HSA-9717301]	1	1	0.409573991789428	1
missMethyl_gsameth	reactome	hypermethylated	reactome:alectinib-resistant ALK mutants [R-HSA-9717316]	1	1	0.409573991789428	1
missMethyl_gsameth	reactome	hypermethylated	reactome:brigatinib-resistant ALK mutants [R-HSA-9717319]	1	1	0.409573991789428	1
missMethyl_gsameth	reactome	hypermethylated	reactome:ceritinib-resistant ALK mutants [R-HSA-9717323]	1	1	0.409573991789428	1
missMethyl_gsameth	reactome	hypermethylated	reactome:crizotinib-resistant ALK mutants [R-HSA-9717326]	1	1	0.409573991789428	1
missMethyl_gsameth	reactome	hypermethylated	reactome:lorlatinib-resistant ALK mutants [R-HSA-9717329]	1	1	0.409573991789428	1
missMethyl_gsameth	reactome	hypermethylated	reactome:MDK and PTN in ALK signaling [R-HSA-9851151]	4	2	0.382235169938735	1
missMethyl_gsameth	reactome	hypermethylated	reactome:Synthesis of Hepoxilins (HX) and Trioxilins (TrX) [R-HSA-2142696]	1	1	0.338889680412361	1
missMethyl_gsameth	reactome	hypermethylated	reactome:Synthesis of 12-eicosatetraenoic acid derivatives [R-HSA-2142712]	7	3	0.287813160722487	1
missMethyl_gsameth	reactome	hypermethylated	reactome:Biosynthesis of DPA-derived SPMs [R-HSA-9018683]	4	4	0.00876495460492946	0.411880421313847
missMethyl_gsameth	reactome	hypermethylated	reactome:Biosynthesis of DPAn-3 SPMs [R-HSA-9025094]	4	4	0.00876495460492946	0.411880421313847
missMethyl_gsameth	reactome	hypermethylated	reactome:Biosynthesis of DPAn-6 SPMs [R-HSA-9025106]	2	2	0.0838012082797899	1
missMethyl_gsameth	reactome	hypermethylated	reactome:Biosynthesis of DPAn-3-derived maresins [R-HSA-9026290]	2	2	0.140271756702153	1
missMethyl_gsameth	reactome	hypermethylated	reactome:Synthesis of 5-eicosatetraenoic acids [R-HSA-2142688]	9	3	0.364005729228591	1
missMethyl_gsameth	reactome	hypermethylated	reactome:Biosynthesis of D-series resolvins [R-HSA-9018676]	4	1	0.660056433008743	1
missMethyl_gsameth	reactome	hypermethylated	reactome:Biosynthesis of EPA-derived SPMs [R-HSA-9018679]	6	3	0.145344012113386	1
missMethyl_gsameth	reactome	hypermethylated	reactome:Biosynthesis of E-series 18(S)-resolvins [R-HSA-9018896]	5	2	0.338540055707012	1
missMethyl_gsameth	reactome	hypermethylated	reactome:Biosynthesis of aspirin-triggered D-series resolvins [R-HSA-9020265]	3	1	0.598605211412002	1
missMethyl_gsameth	reactome	hypermethylated	reactome:Biosynthesis of E-series 18(R)-resolvins [R-HSA-9023661]	4	2	0.271760149128509	1
missMethyl_gsameth	reactome	hypermethylated	reactome:Biosynthesis of DPAn-3-derived protectins and resolvins [R-HSA-9026286]	2	2	0.107457456421515	1
missMethyl_gsameth	reactome	hypermethylated	reactome:Biosynthesis of DPAn-3-derived 13-series resolvins [R-HSA-9026403]	1	1	0.408285116832551	1
missMethyl_gsameth	reactome	hypermethylated	reactome:Biosynthesis of electrophilic -3 PUFA oxo-derivatives [R-HSA-9027604]	2	2	0.103793758213834	1
missMethyl_gsameth	reactome	hypermethylated	reactome:Toxicity of tetanus toxin (tetX) [R-HSA-5250982]	1	0	0.999999999997741	1
missMethyl_gsameth	reactome	hypermethylated	reactome:Synthesis of 15-eicosatetraenoic acid derivatives [R-HSA-2142770]	6	2	0.297929288864799	1
missMethyl_gsameth	reactome	hypermethylated	reactome:Defective SLC17A8 causes autosomal dominant deafness 25 (DFNA25) [R-HSA-5619076]	1	0	1.00000000000461	1
missMethyl_gsameth	reactome	hypermethylated	reactome:ABO blood group biosynthesis [R-HSA-9033807]	3	1	0.443537554757566	1
missMethyl_gsameth	reactome	hypermethylated	reactome:Glycosphingolipid biosynthesis [R-HSA-9840309]	19	6	0.35790414144796	1
missMethyl_gsameth	reactome	hypermethylated	reactome:Generation of second messenger molecules [R-HSA-202433]	32	7	0.837563388909894	1
missMethyl_gsameth	reactome	hypermethylated	reactome:PECAM1 interactions [R-HSA-210990]	12	5	0.229582130647736	1
missMethyl_gsameth	reactome	hypermethylated	reactome:CD28 dependent Vav1 pathway [R-HSA-389359]	12	4	0.427199027661841	1
missMethyl_gsameth	reactome	hypermethylated	reactome:Signaling by KIT in disease [R-HSA-9669938]	20	7	0.393641371017048	1
missMethyl_gsameth	reactome	hypermethylated	reactome:Signaling by phosphorylated juxtamembrane, extracellular and kinase domain KIT mutants [R-HSA-9670439]	20	7	0.393641371017048	1
missMethyl_gsameth	reactome	hypermethylated	reactome:Synthesis of IPs in the nucleus [R-HSA-1855191]	4	1	0.661024544127016	1
missMethyl_gsameth	reactome	hypermethylated	reactome:Acyl chain remodeling of CL [R-HSA-1482798]	6	1	0.758877965163014	1
missMethyl_gsameth	reactome	hypermethylated	reactome:Glycogen storage diseases [R-HSA-3229121]	16	3	0.616559185032448	1
missMethyl_gsameth	reactome	hypermethylated	reactome:Glycogen storage disease type Ia (G6PC) [R-HSA-3274531]	1	0	0.99999999998584	1
missMethyl_gsameth	reactome	hypermethylated	reactome:Glycogen storage disease type Ib (SLC37A4) [R-HSA-3229133]	1	1	0.275930957599642	1
missMethyl_gsameth	reactome	hypermethylated	reactome:Glycogen storage disease type II (GAA) [R-HSA-5357609]	2	0	1	1
missMethyl_gsameth	reactome	hypermethylated	reactome:MET activates PI3K/AKT signaling [R-HSA-8851907]	6	2	0.59311029484803	1
missMethyl_gsameth	reactome	hypermethylated	reactome:MET activates PTPN11 [R-HSA-8865999]	5	0	1	1
missMethyl_gsameth	reactome	hypermethylated	reactome:Activated NTRK2 signals through PI3K [R-HSA-9028335]	7	3	0.35661307781645	1
missMethyl_gsameth	reactome	hypermethylated	reactome:Synthesis of dolichyl-phosphate-glucose [R-HSA-480985]	2	0	1	1
missMethyl_gsameth	reactome	hypermethylated	reactome:GABA synthesis [R-HSA-888568]	2	2	0.134859074949716	1
missMethyl_gsameth	reactome	hypermethylated	reactome:MECP2 regulates transcription of genes involved in GABA signaling [R-HSA-9022927]	3	2	0.243719369259501	1
missMethyl_gsameth	reactome	hypermethylated	reactome:Defective GALE causes EDG [R-HSA-5609977]	1	0	1.00000000002865	1
missMethyl_gsameth	reactome	hypermethylated	reactome:Galactose catabolism [R-HSA-70370]	4	1	0.647919083971009	1
missMethyl_gsameth	reactome	hypermethylated	reactome:tRNA modification in the mitochondrion [R-HSA-6787450]	9	0	1	1
missMethyl_gsameth	reactome	hypermethylated	reactome:Defective GALK1 causes GALCT2 [R-HSA-5609976]	1	0	0.999999999998884	1
missMethyl_gsameth	reactome	hypermethylated	reactome:MPS IV - Morquio syndrome A [R-HSA-2206290]	1	0	1.00000000002724	1
missMethyl_gsameth	reactome	hypermethylated	reactome:Translesion Synthesis by POLH [R-HSA-110320]	19	1	0.991279467329543	1
missMethyl_gsameth	reactome	hypermethylated	reactome:Defective GALT can cause GALCT [R-HSA-5609978]	1	1	0.0469087252164776	0.967546153761487
missMethyl_gsameth	reactome	hypermethylated	reactome:Signaling by NTRK3 (TRKC) [R-HSA-9034015]	17	7	0.242075986092044	1
missMethyl_gsameth	reactome	hypermethylated	reactome:NTRK3 as a dependence receptor [R-HSA-9603505]	3	0	1	1
missMethyl_gsameth	reactome	hypermethylated	reactome:Formation of the anterior neural plate [R-HSA-9823739]	11	10	5.54097626282311e-05	0.0113590013387874
missMethyl_gsameth	reactome	hypermethylated	reactome:Phenylalanine metabolism [R-HSA-8964208]	6	0	1	1
missMethyl_gsameth	reactome	hypermethylated	reactome:Loss of function of MECP2 in Rett syndrome [R-HSA-9005891]	14	1	0.989277266138387	1
missMethyl_gsameth	reactome	hypermethylated	reactome:Pervasive developmental disorders [R-HSA-9005895]	14	1	0.989277266138387	1
missMethyl_gsameth	reactome	hypermethylated	reactome:Loss of MECP2 binding ability to 5mC-DNA [R-HSA-9022538]	3	0	1	1
missMethyl_gsameth	reactome	hypermethylated	reactome:Disorders of Developmental Biology [R-HSA-9675151]	14	1	0.989277266138387	1
missMethyl_gsameth	reactome	hypermethylated	reactome:Disorders of Nervous System Development [R-HSA-9697154]	14	1	0.989277266138387	1
missMethyl_gsameth	reactome	hypermethylated	reactome:Signaling by Leptin [R-HSA-2586552]	11	4	0.41895842261504	1
missMethyl_gsameth	reactome	hypermethylated	reactome:Defective MMADHC causes MMAHCD [R-HSA-3359473]	2	0	1	1
missMethyl_gsameth	reactome	hypermethylated	reactome:Defective MMACHC causes MAHCC [R-HSA-3359474]	1	0	1.00000000001967	1
missMethyl_gsameth	reactome	hypermethylated	reactome:Plasmalogen biosynthesis [R-HSA-75896]	3	0	1	1
missMethyl_gsameth	reactome	hypermethylated	reactome:Golgi Cisternae Pericentriolar Stack Reorganization [R-HSA-162658]	14	3	0.527842335928569	1
missMethyl_gsameth	reactome	hypermethylated	reactome:Chylomicron clearance [R-HSA-8964026]	5	1	0.843809431171818	1
missMethyl_gsameth	reactome	hypermethylated	reactome:Transport of RCbl within the body [R-HSA-9758890]	8	1	0.878112933625327	1
missMethyl_gsameth	reactome	hypermethylated	reactome:Defective ABCA12 causes ARCI4B [R-HSA-5682294]	1	0	0.999999999973314	1
missMethyl_gsameth	reactome	hypermethylated	reactome:Ligand-receptor interactions [R-HSA-5632681]	8	6	0.0128075787549238	0.509435781818983
missMethyl_gsameth	reactome	hypermethylated	reactome:Translocation of ZAP-70 to Immunological synapse [R-HSA-202430]	17	3	0.944557799715388	1
missMethyl_gsameth	reactome	hypermethylated	reactome:Sodium-coupled sulphate, di- and tri-carboxylate transporters [R-HSA-433137]	5	2	0.189518692552701	1
missMethyl_gsameth	reactome	hypermethylated	reactome:Phosphorylation of Emi1 [R-HSA-176417]	6	0	1	1
missMethyl_gsameth	reactome	hypermethylated	reactome:Mitotic Metaphase/Anaphase Transition [R-HSA-68881]	2	0	1	1
missMethyl_gsameth	reactome	hypermethylated	reactome:Glycogen synthesis [R-HSA-3322077]	14	2	0.786952945879586	1
missMethyl_gsameth	reactome	hypermethylated	reactome:Glycogen storage disease type IV (GBE1) [R-HSA-3878781]	3	1	0.352426724369348	1
missMethyl_gsameth	reactome	hypermethylated	reactome:Defective GCK causes maturity-onset diabetes of the young 2 (MODY2) [R-HSA-5619073]	1	1	0.348897365467803	1
missMethyl_gsameth	reactome	hypermethylated	reactome:Defective SLC17A5 causes Salla disease (SD) and ISSD [R-HSA-5619035]	1	0	0.999999999974216	1
missMethyl_gsameth	reactome	hypermethylated	reactome:Interleukin-36 pathway [R-HSA-9014826]	7	1	0.660617796256358	1
missMethyl_gsameth	reactome	hypermethylated	reactome:Defective GFPT1 causes CMSTA1 [R-HSA-4085023]	1	0	1.00000000001389	1
missMethyl_gsameth	reactome	hypermethylated	reactome:Synthesis of UDP-N-acetyl-glucosamine [R-HSA-446210]	8	1	0.844367738149731	1
missMethyl_gsameth	reactome	hypermethylated	reactome:Defective GGT1 causes GLUTH [R-HSA-5579022]	1	0	0.999999999996504	1
missMethyl_gsameth	reactome	hypermethylated	reactome:Defective GGT1 in aflatoxin detoxification causes GLUTH [R-HSA-9035968]	1	0	0.999999999996504	1
missMethyl_gsameth	reactome	hypermethylated	reactome:Defective B4GALT1 causes CDG-2d [R-HSA-4793953]	1	0	1.00000000001084	1
missMethyl_gsameth	reactome	hypermethylated	reactome:Lactose synthesis [R-HSA-5653890]	3	0	1	1
missMethyl_gsameth	reactome	hypermethylated	reactome:Defective OPLAH causes OPLAHD [R-HSA-5578998]	1	1	0.313284791380672	1
missMethyl_gsameth	reactome	hypermethylated	reactome:Defective CBLIF causes IFD [R-HSA-3359457]	1	0	1.00000000002953	1
missMethyl_gsameth	reactome	hypermethylated	reactome:Defective AMN causes MGA1 [R-HSA-3359462]	3	1	0.566339365157155	1
missMethyl_gsameth	reactome	hypermethylated	reactome:Defective CUBN causes MGA1 [R-HSA-3359463]	3	1	0.566339365157155	1
missMethyl_gsameth	reactome	hypermethylated	reactome:Oligomerization of connexins into connexons [R-HSA-190704]	3	1	0.532892557648062	1
missMethyl_gsameth	reactome	hypermethylated	reactome:Transport of connexins along the secretory pathway [R-HSA-190827]	3	1	0.532892557648062	1
missMethyl_gsameth	reactome	hypermethylated	reactome:Regulation of gap junction activity [R-HSA-191650]	3	1	0.682251447358347	1
missMethyl_gsameth	reactome	hypermethylated	reactome:SARS-CoV-2 targets PDZ proteins in cell-cell junction [R-HSA-9705677]	4	1	0.658148361270293	1
missMethyl_gsameth	reactome	hypermethylated	reactome:NADE modulates death signalling [R-HSA-205025]	6	2	0.411612234291719	1
missMethyl_gsameth	reactome	hypermethylated	reactome:Pyrophosphate hydrolysis [R-HSA-71737]	3	1	0.605604633632199	1
missMethyl_gsameth	reactome	hypermethylated	reactome:Synthesis of IP2, IP, and Ins in the cytosol [R-HSA-1855183]	14	3	0.745668150949189	1
missMethyl_gsameth	reactome	hypermethylated	reactome:Glutamate and glutamine metabolism [R-HSA-8964539]	14	0	1	1
missMethyl_gsameth	reactome	hypermethylated	reactome:Hydroxycarboxylic acid-binding receptors [R-HSA-3296197]	3	0	1	1
missMethyl_gsameth	reactome	hypermethylated	reactome:MPS IV - Morquio syndrome B [R-HSA-2206308]	1	0	1.00000000004265	1
missMethyl_gsameth	reactome	hypermethylated	reactome:Defective NEU1 causes sialidosis [R-HSA-4341670]	3	1	0.593033091773377	1
missMethyl_gsameth	reactome	hypermethylated	reactome:Defective GCLC causes HAGGSD [R-HSA-5578999]	2	0	1	1
missMethyl_gsameth	reactome	hypermethylated	reactome:RSK activation [R-HSA-444257]	7	1	0.895860293545474	1
missMethyl_gsameth	reactome	hypermethylated	reactome:GLI proteins bind promoters of Hh responsive genes to promote transcription [R-HSA-5635851]	3	2	0.304833505954249	1
missMethyl_gsameth	reactome	hypermethylated	reactome:RUNX2 regulates chondrocyte maturation [R-HSA-8941284]	5	4	0.072039592927743	1
missMethyl_gsameth	reactome	hypermethylated	reactome:Neurotransmitter uptake and metabolism In glial cells [R-HSA-112313]	4	2	0.474105515204247	1
missMethyl_gsameth	reactome	hypermethylated	reactome:Astrocytic Glutamate-Glutamine Uptake And Metabolism [R-HSA-210455]	4	2	0.474105515204247	1
missMethyl_gsameth	reactome	hypermethylated	reactome:MPS IIID - Sanfilippo syndrome D [R-HSA-2206305]	1	0	0.999999999986593	1
missMethyl_gsameth	reactome	hypermethylated	reactome:Methionine salvage pathway [R-HSA-1237112]	6	0	1	1
missMethyl_gsameth	reactome	hypermethylated	reactome:Defective SLCO1B3 causes hyperbilirubinemia, Rotor type (HBLRR) [R-HSA-5619058]	1	0	1.0000000000392	1
missMethyl_gsameth	reactome	hypermethylated	reactome:Passive transport by Aquaporins [R-HSA-432047]	13	1	0.807751464628645	1
missMethyl_gsameth	reactome	hypermethylated	reactome:Defective SLC24A5 causes oculocutaneous albinism 6 (OCA6) [R-HSA-5619036]	1	0	1.00000000001212	1
missMethyl_gsameth	reactome	hypermethylated	reactome:Tie2 Signaling [R-HSA-210993]	18	5	0.44744573252334	1
missMethyl_gsameth	reactome	hypermethylated	reactome:Negative regulation of activity of TFAP2 (AP-2) family transcription factors [R-HSA-8866904]	10	7	0.0230277498601776	0.698648474636064
missMethyl_gsameth	reactome	hypermethylated	reactome:Scavenging by Class B Receptors [R-HSA-3000471]	6	2	0.531892132375918	1
missMethyl_gsameth	reactome	hypermethylated	reactome:Regulation of FZD by ubiquitination [R-HSA-4641263]	21	5	0.725375355699304	1
missMethyl_gsameth	reactome	hypermethylated	reactome:Defective SLC9A9 causes autism 16 (AUTS16) [R-HSA-5619052]	1	0	0.999999999986418	1
missMethyl_gsameth	reactome	hypermethylated	reactome:Free fatty acid receptors [R-HSA-444209]	5	2	0.127386904340677	1
missMethyl_gsameth	reactome	hypermethylated	reactome:Loss of MECP2 binding ability to the NCoR/SMRT complex [R-HSA-9022537]	7	1	0.897753430185865	1
missMethyl_gsameth	reactome	hypermethylated	reactome:Alanine metabolism [R-HSA-8964540]	2	1	0.579402151417803	1
missMethyl_gsameth	reactome	hypermethylated	reactome:SOS-mediated signalling [R-HSA-112412]	7	0	1	1
missMethyl_gsameth	reactome	hypermethylated	reactome:SHC-related events triggered by IGF1R [R-HSA-2428933]	9	2	0.803852910254425	1
missMethyl_gsameth	reactome	hypermethylated	reactome:Signal attenuation [R-HSA-74749]	10	1	0.977761620698524	1
missMethyl_gsameth	reactome	hypermethylated	reactome:Interleukin-15 signaling [R-HSA-8983432]	14	5	0.329933476882062	1
missMethyl_gsameth	reactome	hypermethylated	reactome:Activated NTRK2 signals through RAS [R-HSA-9026519]	9	1	0.935053908502095	1
missMethyl_gsameth	reactome	hypermethylated	reactome:Activated NTRK3 signals through RAS [R-HSA-9034864]	8	1	0.945939682621066	1
missMethyl_gsameth	reactome	hypermethylated	reactome:Signaling by PDGFRA transmembrane, juxtamembrane and kinase domain mutants [R-HSA-9673767]	12	3	0.720458666799991	1
missMethyl_gsameth	reactome	hypermethylated	reactome:Signaling by PDGFRA extracellular domain mutants [R-HSA-9673770]	12	3	0.720458666799991	1
missMethyl_gsameth	reactome	hypermethylated	reactome:IRS activation [R-HSA-74713]	5	0	1	1
missMethyl_gsameth	reactome	hypermethylated	reactome:Activation of AMPA receptors [R-HSA-399710]	4	2	0.230909868709909	1
missMethyl_gsameth	reactome	hypermethylated	reactome:Activation of Na-permeable kainate receptors [R-HSA-451307]	2	1	0.502322485089429	1
missMethyl_gsameth	reactome	hypermethylated	reactome:Regulation of NPAS4 gene transcription [R-HSA-9768777]	4	1	0.818715461097091	1
missMethyl_gsameth	reactome	hypermethylated	reactome:Vpr-mediated induction of apoptosis by mitochondrial outer membrane permeabilization [R-HSA-180897]	2	0	1	1
missMethyl_gsameth	reactome	hypermethylated	reactome:The AIM2 inflammasome [R-HSA-844615]	3	0	1	1
missMethyl_gsameth	reactome	hypermethylated	reactome:STAT6-mediated induction of chemokines [R-HSA-3249367]	3	0	1	1
missMethyl_gsameth	reactome	hypermethylated	reactome:Influenza Virus Induced Apoptosis [R-HSA-168277]	1	0	1.00000000002976	1
missMethyl_gsameth	reactome	hypermethylated	reactome:Metabolism of ingested H2SeO4 and H2SeO3 into H2Se [R-HSA-2408550]	4	1	0.721676206045442	1
missMethyl_gsameth	reactome	hypermethylated	reactome:Defective GSS causes GSS deficiency [R-HSA-5579006]	1	1	0.152870136012074	1
missMethyl_gsameth	reactome	hypermethylated	reactome:Biosynthesis of DHA-derived sulfido conjugates [R-HSA-9026395]	2	1	0.306776051556609	1
missMethyl_gsameth	reactome	hypermethylated	reactome:Biosynthesis of maresin conjugates in tissue regeneration (MCTR) [R-HSA-9026762]	2	1	0.306776051556609	1
missMethyl_gsameth	reactome	hypermethylated	reactome:Diseases of Mismatch Repair (MMR) [R-HSA-5423599]	5	0	1	1
missMethyl_gsameth	reactome	hypermethylated	reactome:Defective Mismatch Repair Associated With MSH2 [R-HSA-5632928]	3	0	1	1
missMethyl_gsameth	reactome	hypermethylated	reactome:Defective Mismatch Repair Associated With MSH6 [R-HSA-5632968]	2	0	1	1
missMethyl_gsameth	reactome	hypermethylated	reactome:Regulation of cytoskeletal remodeling and cell spreading by IPP complex components [R-HSA-446388]	8	4	0.198855894264764	1
missMethyl_gsameth	reactome	hypermethylated	reactome:Intestinal infectious diseases [R-HSA-8942233]	2	0	1	1
missMethyl_gsameth	reactome	hypermethylated	reactome:Intestinal absorption [R-HSA-8963676]	5	2	0.250515072625003	1
missMethyl_gsameth	reactome	hypermethylated	reactome:Intestinal lipid absorption [R-HSA-8963678]	1	0	0.99999999997561	1
missMethyl_gsameth	reactome	hypermethylated	reactome:MPS VII - Sly syndrome [R-HSA-2206292]	1	0	1.00000000003795	1
missMethyl_gsameth	reactome	hypermethylated	reactome:Myoclonic epilepsy of Lafora [R-HSA-3785653]	9	1	0.839229254241444	1
missMethyl_gsameth	reactome	hypermethylated	reactome:Glycogen storage disease type XV (GYG1) [R-HSA-3814836]	2	1	0.355959924266837	1
missMethyl_gsameth	reactome	hypermethylated	reactome:Glycogen storage disease type 0 (muscle GYS1) [R-HSA-3828062]	2	1	0.355959924266837	1
missMethyl_gsameth	reactome	hypermethylated	reactome:Synthesis of GDP-mannose [R-HSA-446205]	6	2	0.395949742080767	1
missMethyl_gsameth	reactome	hypermethylated	reactome:Defective ALG6 causes CDG-1c [R-HSA-4724289]	1	0	1.00000000000625	1
missMethyl_gsameth	reactome	hypermethylated	reactome:Glycogen storage disease type 0 (liver GYS2) [R-HSA-3858516]	2	0	1	1
missMethyl_gsameth	reactome	hypermethylated	reactome:Activation, myristolyation of BID and translocation to mitochondria [R-HSA-75108]	4	0	1	1
missMethyl_gsameth	reactome	hypermethylated	reactome:Defective SLC40A1 causes hemochromatosis 4 (HFE4) (duodenum) [R-HSA-5655799]	2	0	1	1
missMethyl_gsameth	reactome	hypermethylated	reactome:Dissolution of Fibrin Clot [R-HSA-75205]	13	4	0.300931769061785	1
missMethyl_gsameth	reactome	hypermethylated	reactome:tRNA processing in the mitochondrion [R-HSA-6785470]	5	0	1	1
missMethyl_gsameth	reactome	hypermethylated	reactome:Beta oxidation of myristoyl-CoA to lauroyl-CoA [R-HSA-77285]	3	2	0.0568035630089911	0.989421538686022
missMethyl_gsameth	reactome	hypermethylated	reactome:Beta oxidation of palmitoyl-CoA to myristoyl-CoA [R-HSA-77305]	3	1	0.396033633575312	1
missMethyl_gsameth	reactome	hypermethylated	reactome:Erythrocytes take up carbon dioxide and release oxygen [R-HSA-1237044]	13	1	0.854442705167008	1
missMethyl_gsameth	reactome	hypermethylated	reactome:Erythrocytes take up oxygen and release carbon dioxide [R-HSA-1247673]	9	1	0.673671206728006	1
missMethyl_gsameth	reactome	hypermethylated	reactome:O2/CO2 exchange in erythrocytes [R-HSA-1480926]	13	1	0.854442705167008	1
missMethyl_gsameth	reactome	hypermethylated	reactome:HDL clearance [R-HSA-8964011]	5	2	0.533152355984784	1
missMethyl_gsameth	reactome	hypermethylated	reactome:Defective HEXA causes GM2G1 [R-HSA-3656234]	1	0	1.00000000000154	1
missMethyl_gsameth	reactome	hypermethylated	reactome:Defective HEXB causes GM2G2 [R-HSA-3656248]	1	0	1.0000000000068	1
missMethyl_gsameth	reactome	hypermethylated	reactome:Phase 1 - inactivation of fast Na+ channels [R-HSA-5576894]	7	3	0.490248520880698	1
missMethyl_gsameth	reactome	hypermethylated	reactome:MET interacts with TNS proteins [R-HSA-8875513]	5	1	0.815352089614057	1
missMethyl_gsameth	reactome	hypermethylated	reactome:MET activates STAT3 [R-HSA-8875791]	3	0	1	1
missMethyl_gsameth	reactome	hypermethylated	reactome:Drug-mediated inhibition of MET activation [R-HSA-9734091]	2	0	1	1
missMethyl_gsameth	reactome	hypermethylated	reactome:Defective HK1 causes hexokinase deficiency (HK deficiency) [R-HSA-5619056]	1	1	0.415108478941852	1
missMethyl_gsameth	reactome	hypermethylated	reactome:Biotin transport and metabolism [R-HSA-196780]	11	0	1	1
missMethyl_gsameth	reactome	hypermethylated	reactome:Defects in biotin (Btn) metabolism [R-HSA-3323169]	8	0	1	1
missMethyl_gsameth	reactome	hypermethylated	reactome:Defective HLCS causes multiple carboxylase deficiency [R-HSA-3371599]	7	0	1	1
missMethyl_gsameth	reactome	hypermethylated	reactome:Ketone body metabolism [R-HSA-74182]	10	1	0.918099422721898	1
missMethyl_gsameth	reactome	hypermethylated	reactome:Synthesis of Ketone Bodies [R-HSA-77111]	8	1	0.881541614268642	1
missMethyl_gsameth	reactome	hypermethylated	reactome:Vitamin B6 activation to pyridoxal phosphate [R-HSA-964975]	3	1	0.617894880145208	1
missMethyl_gsameth	reactome	hypermethylated	reactome:Regulation of HMOX1 expression and activity [R-HSA-9707587]	5	1	0.827840310793321	1
missMethyl_gsameth	reactome	hypermethylated	reactome:Activation of caspases through apoptosome-mediated cleavage [R-HSA-111459]	6	0	1	1
missMethyl_gsameth	reactome	hypermethylated	reactome:SMAC (DIABLO) binds to IAPs [R-HSA-111463]	7	0	1	1
missMethyl_gsameth	reactome	hypermethylated	reactome:SMAC(DIABLO)-mediated dissociation of IAP:caspase complexes [R-HSA-111464]	7	0	1	1
missMethyl_gsameth	reactome	hypermethylated	reactome:SMAC, XIAP-regulated apoptotic response [R-HSA-111469]	8	1	0.901549077316697	1
missMethyl_gsameth	reactome	hypermethylated	reactome:TP53 Regulates Transcription of Caspase Activators and Caspases [R-HSA-6803207]	12	3	0.62538478975411	1
missMethyl_gsameth	reactome	hypermethylated	reactome:APC truncation mutants are not K63 polyubiquitinated [R-HSA-5467333]	1	1	0.405476658750017	1
missMethyl_gsameth	reactome	hypermethylated	reactome:Defective HPRT1 disrupts guanine and hypoxanthine salvage [R-HSA-9734281]	1	0	1.00000000000657	1
missMethyl_gsameth	reactome	hypermethylated	reactome:Estrogen-stimulated signaling through PRKCZ [R-HSA-9634635]	6	1	0.879004034350093	1
missMethyl_gsameth	reactome	hypermethylated	reactome:RAS GTPase cycle mutants [R-HSA-9649913]	3	0	1	1
missMethyl_gsameth	reactome	hypermethylated	reactome:Signaling by RAS GAP mutants [R-HSA-9753510]	3	0	1	1
missMethyl_gsameth	reactome	hypermethylated	reactome:Signaling by RAS GTPase mutants [R-HSA-9753512]	3	0	1	1
missMethyl_gsameth	reactome	hypermethylated	reactome:Defective MMAB causes MMA, cblB type [R-HSA-3359471]	1	0	1.00000000001963	1
missMethyl_gsameth	reactome	hypermethylated	reactome:Resolution of AP sites via the single-nucleotide replacement pathway [R-HSA-110381]	4	0	1	1
missMethyl_gsameth	reactome	hypermethylated	reactome:Abasic sugar-phosphate removal via the single-nucleotide replacement pathway [R-HSA-73930]	2	0	1	1
missMethyl_gsameth	reactome	hypermethylated	reactome:Viral RNP Complexes in the Host Cell Nucleus [R-HSA-168330]	2	0	1	1
missMethyl_gsameth	reactome	hypermethylated	reactome:Regulation of PTEN localization [R-HSA-8948747]	9	2	0.718471726388173	1
missMethyl_gsameth	reactome	hypermethylated	reactome:Respiratory syncytial virus genome transcription [R-HSA-9828642]	1	0	0.999999999991816	1
missMethyl_gsameth	reactome	hypermethylated	reactome:vRNP Assembly [R-HSA-192905]	2	0	1	1
missMethyl_gsameth	reactome	hypermethylated	reactome:Assembly and release of respiratory syncytial virus (RSV) virions [R-HSA-9820962]	2	0	1	1
missMethyl_gsameth	reactome	hypermethylated	reactome:Respiratory syncytial virus genome replication [R-HSA-9834752]	2	0	1	1
missMethyl_gsameth	reactome	hypermethylated	reactome:TFAP2A acts as a transcriptional repressor during retinoic acid induced cell differentiation [R-HSA-8869496]	5	0	1	1
missMethyl_gsameth	reactome	hypermethylated	reactome:Chylomicron assembly [R-HSA-8963888]	10	1	0.865264252047613	1
missMethyl_gsameth	reactome	hypermethylated	reactome:Serotonin receptors [R-HSA-390666]	12	7	0.00717707810255729	0.382538262866304
missMethyl_gsameth	reactome	hypermethylated	reactome:MPS IX - Natowicz syndrome [R-HSA-2206280]	1	1	0.289283549085011	1
missMethyl_gsameth	reactome	hypermethylated	reactome:VLDL assembly [R-HSA-8866423]	5	0	1	1
missMethyl_gsameth	reactome	hypermethylated	reactome:VLDL clearance [R-HSA-8964046]	6	1	0.682607645926489	1
missMethyl_gsameth	reactome	hypermethylated	reactome:Metal sequestration by antimicrobial proteins [R-HSA-6799990]	6	0	1	1
missMethyl_gsameth	reactome	hypermethylated	reactome:TWIK-related spinal cord K+ channel (TRESK) [R-HSA-1299344]	1	0	1.00000000002176	1
missMethyl_gsameth	reactome	hypermethylated	reactome:Defective SLC6A19 causes Hartnup disorder (HND) [R-HSA-5619044]	1	0	0.999999999997764	1
missMethyl_gsameth	reactome	hypermethylated	reactome:Defective SLC6A19 causes Hartnup disorder (HND) [R-HSA-5659735]	1	0	0.999999999997764	1
missMethyl_gsameth	reactome	hypermethylated	reactome:Defective CYP26C1 causes FFDD4 [R-HSA-5579004]	1	1	0.385425260647333	1
missMethyl_gsameth	reactome	hypermethylated	reactome:Abnormal conversion of 2-oxoglutarate to 2-hydroxyglutarate [R-HSA-2978092]	1	0	1.00000000000676	1
missMethyl_gsameth	reactome	hypermethylated	reactome:NADPH regeneration [R-HSA-389542]	2	0	1	1
missMethyl_gsameth	reactome	hypermethylated	reactome:NFE2L2 regulating TCA cycle genes [R-HSA-9818025]	3	1	0.568762736250738	1
missMethyl_gsameth	reactome	hypermethylated	reactome:MPS II - Hunter syndrome [R-HSA-2206296]	1	0	0.999999999992594	1
missMethyl_gsameth	reactome	hypermethylated	reactome:MPS I - Hurler syndrome [R-HSA-2206302]	1	1	0.388503540201528	1
missMethyl_gsameth	reactome	hypermethylated	reactome:Regulation of IFNG signaling [R-HSA-877312]	14	3	0.6525306739228	1
missMethyl_gsameth	reactome	hypermethylated	reactome:IFNG signaling activates MAPKs [R-HSA-9732724]	8	4	0.0822101042311001	1
missMethyl_gsameth	reactome	hypermethylated	reactome:Defective SLC6A18 may confer susceptibility to iminoglycinuria and/or hyperglycinuria [R-HSA-5619079]	1	1	0.417665810107394	1
missMethyl_gsameth	reactome	hypermethylated	reactome:Defective SLC6A18 may confer susceptibility to iminoglycinuria and/or hyperglycinuria [R-HSA-5659729]	1	1	0.417665810107394	1
missMethyl_gsameth	reactome	hypermethylated	reactome:Defective APRT disrupts adenine salvage [R-HSA-9734195]	1	0	1.00000000000034	1
missMethyl_gsameth	reactome	hypermethylated	reactome:HHAT G278V doesn't palmitoylate Hh-Np [R-HSA-5658034]	4	3	0.133716079667871	1
missMethyl_gsameth	reactome	hypermethylated	reactome:Regulation by c-FLIP [R-HSA-3371378]	11	0	1	1
missMethyl_gsameth	reactome	hypermethylated	reactome:CASP8 activity is inhibited [R-HSA-5218900]	11	0	1	1
missMethyl_gsameth	reactome	hypermethylated	reactome:Dimerization of procaspase-8 [R-HSA-69416]	11	0	1	1
missMethyl_gsameth	reactome	hypermethylated	reactome:FasL/ CD95L signaling [R-HSA-75157]	5	0	1	1
missMethyl_gsameth	reactome	hypermethylated	reactome:p75NTR signals via NF-kB [R-HSA-193639]	16	2	0.897958000010967	1
missMethyl_gsameth	reactome	hypermethylated	reactome:p75NTR recruits signalling complexes [R-HSA-209543]	13	2	0.81900659479122	1
missMethyl_gsameth	reactome	hypermethylated	reactome:NF-kB is activated and signals survival [R-HSA-209560]	13	2	0.845681899923525	1
missMethyl_gsameth	reactome	hypermethylated	reactome:Interleukin-33 signaling [R-HSA-9014843]	3	1	0.433928740794188	1
missMethyl_gsameth	reactome	hypermethylated	reactome:Interleukin-9 signaling [R-HSA-8985947]	8	4	0.133619620797245	1
missMethyl_gsameth	reactome	hypermethylated	reactome:Interleukin-21 signaling [R-HSA-9020958]	10	5	0.0966212843632349	1
missMethyl_gsameth	reactome	hypermethylated	reactome:Interleukin-6 signaling [R-HSA-1059683]	11	1	0.967798980281765	1
missMethyl_gsameth	reactome	hypermethylated	reactome:MAPK3 (ERK1) activation [R-HSA-110056]	10	2	0.791401716568523	1
missMethyl_gsameth	reactome	hypermethylated	reactome:MAPK1 (ERK2) activation [R-HSA-112411]	9	1	0.951606545380195	1
missMethyl_gsameth	reactome	hypermethylated	reactome:Localization of the PINCH-ILK-PARVIN complex to focal adhesions [R-HSA-446343]	4	3	0.105220340191356	1
missMethyl_gsameth	reactome	hypermethylated	reactome:TGFBR3 regulates activin signaling [R-HSA-9839406]	4	3	0.054775438003961	0.989421538686022
missMethyl_gsameth	reactome	hypermethylated	reactome:Transport of glycerol from adipocytes to the liver by Aquaporins [R-HSA-432030]	2	0	1	1
missMethyl_gsameth	reactome	hypermethylated	reactome:Regulation of gene expression in endocrine-committed (NEUROG3+) progenitor cells [R-HSA-210746]	4	4	0.00182811980260855	0.162715197549767
missMethyl_gsameth	reactome	hypermethylated	reactome:TRAF6 mediated IRF7 activation in TLR7/8 or 9 signaling [R-HSA-975110]	14	0	1	1
missMethyl_gsameth	reactome	hypermethylated	reactome:PI3K/AKT activation [R-HSA-198203]	9	4	0.308639128256046	1
missMethyl_gsameth	reactome	hypermethylated	reactome:Activated NTRK3 signals through PI3K [R-HSA-9603381]	6	4	0.137570942705929	1
missMethyl_gsameth	reactome	hypermethylated	reactome:RUNX3 Regulates Immune Response and Cell Migration [R-HSA-8949275]	6	2	0.393236900023275	1
missMethyl_gsameth	reactome	hypermethylated	reactome:Defective ABCC6 causes PXE [R-HSA-5690338]	1	0	1.00000000002019	1
missMethyl_gsameth	reactome	hypermethylated	reactome:Potassium transport channels [R-HSA-1296067]	3	0	1	1
missMethyl_gsameth	reactome	hypermethylated	reactome:Classical Kir channels [R-HSA-1296053]	4	2	0.353526183814195	1
missMethyl_gsameth	reactome	hypermethylated	reactome:Defective ABCC8 can cause hypo- and hyper-glycemias [R-HSA-5683177]	2	0	1	1
missMethyl_gsameth	reactome	hypermethylated	reactome:TWIK related potassium channel (TREK) [R-HSA-1299503]	3	3	0.0509738345176457	0.989421538686022
missMethyl_gsameth	reactome	hypermethylated	reactome:TWIK-releated acid-sensitive K+ channel (TASK) [R-HSA-1299316]	2	2	0.153941105024786	1
missMethyl_gsameth	reactome	hypermethylated	reactome:Acetylcholine inhibits contraction of outer hair cells [R-HSA-9667769]	5	2	0.331280226879868	1
missMethyl_gsameth	reactome	hypermethylated	reactome:Phosphate bond hydrolysis by NTPDase proteins [R-HSA-8850843]	8	0	1	1
missMethyl_gsameth	reactome	hypermethylated	reactome:Essential fructosuria [R-HSA-5657562]	1	0	1.00000000001227	1
missMethyl_gsameth	reactome	hypermethylated	reactome:Utilization of Ketone Bodies [R-HSA-77108]	4	1	0.659426449166649	1
missMethyl_gsameth	reactome	hypermethylated	reactome:Dasatinib-resistant KIT mutants [R-HSA-9669914]	1	0	0.999999999973813	1
missMethyl_gsameth	reactome	hypermethylated	reactome:Imatinib-resistant KIT mutants [R-HSA-9669917]	1	0	0.999999999973813	1
missMethyl_gsameth	reactome	hypermethylated	reactome:KIT mutants bind TKIs [R-HSA-9669921]	1	0	0.999999999973813	1
missMethyl_gsameth	reactome	hypermethylated	reactome:Masitinib-resistant KIT mutants [R-HSA-9669924]	1	0	0.999999999973813	1
missMethyl_gsameth	reactome	hypermethylated	reactome:Nilotinib-resistant KIT mutants [R-HSA-9669926]	1	0	0.999999999973813	1
missMethyl_gsameth	reactome	hypermethylated	reactome:Regorafenib-resistant KIT mutants [R-HSA-9669929]	1	0	0.999999999973813	1
missMethyl_gsameth	reactome	hypermethylated	reactome:Signaling by kinase domain mutants of KIT [R-HSA-9669933]	1	0	0.999999999973813	1
missMethyl_gsameth	reactome	hypermethylated	reactome:Sunitinib-resistant KIT mutants [R-HSA-9669934]	1	0	0.999999999973813	1
missMethyl_gsameth	reactome	hypermethylated	reactome:Signaling by juxtamembrane domain KIT mutants [R-HSA-9669935]	1	0	0.999999999973813	1
missMethyl_gsameth	reactome	hypermethylated	reactome:Sorafenib-resistant KIT mutants [R-HSA-9669936]	1	0	0.999999999973813	1
missMethyl_gsameth	reactome	hypermethylated	reactome:Drug resistance of KIT mutants [R-HSA-9669937]	1	0	0.999999999973813	1
missMethyl_gsameth	reactome	hypermethylated	reactome:Signaling by extracellular domain mutants of KIT [R-HSA-9680187]	1	0	0.999999999973813	1
missMethyl_gsameth	reactome	hypermethylated	reactome:Inhibition of nitric oxide production [R-HSA-9636249]	3	0	1	1
missMethyl_gsameth	reactome	hypermethylated	reactome:Axonal growth inhibition (RHOA activation) [R-HSA-193634]	9	5	0.0556308442465036	0.989421538686022
missMethyl_gsameth	reactome	hypermethylated	reactome:p75NTR regulates axonogenesis [R-HSA-193697]	10	6	0.0291309312160629	0.808686788445912
missMethyl_gsameth	reactome	hypermethylated	reactome:Axonal growth stimulation [R-HSA-209563]	4	2	0.338640810334853	1
missMethyl_gsameth	reactome	hypermethylated	reactome:SLIT2:ROBO1 increases RHOA activity [R-HSA-8985586]	4	3	0.120944181254571	1
missMethyl_gsameth	reactome	hypermethylated	reactome:Transfer of LPS from LBP carrier to CD14 [R-HSA-166020]	2	0	1	1
missMethyl_gsameth	reactome	hypermethylated	reactome:Intestinal saccharidase deficiencies [R-HSA-5659898]	1	0	1.00000000001827	1
missMethyl_gsameth	reactome	hypermethylated	reactome:Defective LFNG causes SCDO3 [R-HSA-5083630]	5	4	0.0687750439762266	1
missMethyl_gsameth	reactome	hypermethylated	reactome:RUNX2 regulates genes involved in differentiation of myeloid cells [R-HSA-8941333]	4	2	0.392258401925754	1
missMethyl_gsameth	reactome	hypermethylated	reactome:Regulation of MITF-M-dependent genes involved in DNA damage repair and senescence [R-HSA-9825895]	3	1	0.742024596836762	1
missMethyl_gsameth	reactome	hypermethylated	reactome:Breakdown of the nuclear lamina [R-HSA-352238]	3	1	0.595607209247554	1
missMethyl_gsameth	reactome	hypermethylated	reactome:Events associated with phagocytolytic activity of PMN cells [R-HSA-8941413]	2	1	0.284381730047447	1
missMethyl_gsameth	reactome	hypermethylated	reactome:Signaling by RNF43 mutants [R-HSA-5340588]	8	2	0.737847507360344	1
missMethyl_gsameth	reactome	hypermethylated	reactome:Biosynthesis of protectin and resolvin conjugates in tissue regeneration (PCTR and RCTR) [R-HSA-9026766]	1	1	0.113188353523672	1
missMethyl_gsameth	reactome	hypermethylated	reactome:Mtb iron assimilation by chelation [R-HSA-1222449]	1	0	0.99999999998644	1
missMethyl_gsameth	reactome	hypermethylated	reactome:Latent infection - Other responses of Mtb to phagocytosis [R-HSA-1222499]	1	0	0.99999999998644	1
missMethyl_gsameth	reactome	hypermethylated	reactome:CD22 mediated BCR regulation [R-HSA-5690714]	5	1	0.720346362600093	1
missMethyl_gsameth	reactome	hypermethylated	reactome:Loss of Function of SMAD4 in Cancer [R-HSA-3304347]	3	2	0.178054084100035	1
missMethyl_gsameth	reactome	hypermethylated	reactome:Loss of Function of SMAD2/3 in Cancer [R-HSA-3304349]	7	4	0.0922348996968292	1
missMethyl_gsameth	reactome	hypermethylated	reactome:SMAD2/3 Phosphorylation Motif Mutants in Cancer [R-HSA-3304356]	6	3	0.228572846622658	1
missMethyl_gsameth	reactome	hypermethylated	reactome:SMAD4 MH2 Domain Mutants in Cancer [R-HSA-3311021]	3	2	0.178054084100035	1
missMethyl_gsameth	reactome	hypermethylated	reactome:SMAD2/3 MH2 Domain Mutants in Cancer [R-HSA-3315487]	3	2	0.178054084100035	1
missMethyl_gsameth	reactome	hypermethylated	reactome:TGFBR1 KD Mutants in Cancer [R-HSA-3656532]	6	3	0.228572846622658	1
missMethyl_gsameth	reactome	hypermethylated	reactome:MPS VI - Maroteaux-Lamy syndrome [R-HSA-2206285]	1	0	0.99999999999224	1
missMethyl_gsameth	reactome	hypermethylated	reactome:Biogenic amines are oxidatively deaminated to aldehydes by MAOA and MAOB [R-HSA-141333]	2	0	1	1
missMethyl_gsameth	reactome	hypermethylated	reactome:Defective MAOA causes BRUNS [R-HSA-5579012]	1	0	1.00000000002506	1
missMethyl_gsameth	reactome	hypermethylated	reactome:Defective MAT1A causes MATD [R-HSA-5579024]	1	0	1.00000000000361	1
missMethyl_gsameth	reactome	hypermethylated	reactome:Defective ACTH causes obesity and POMCD [R-HSA-5579031]	2	1	0.421878357598897	1
missMethyl_gsameth	reactome	hypermethylated	reactome:Unwinding of DNA [R-HSA-176974]	12	1	0.929011596671849	1
missMethyl_gsameth	reactome	hypermethylated	reactome:Loss of MECP2 binding ability to 5hmC-DNA [R-HSA-9022534]	1	0	0.99999999997664	1
missMethyl_gsameth	reactome	hypermethylated	reactome:Loss of phosphorylation of MECP2 at T308 [R-HSA-9022535]	6	0	1	1
missMethyl_gsameth	reactome	hypermethylated	reactome:Defective MGAT2 causes CDG-2a [R-HSA-4793952]	1	0	1.00000000000148	1
missMethyl_gsameth	reactome	hypermethylated	reactome:Reactions specific to the hybrid N-glycan synthesis pathway [R-HSA-975574]	1	1	0.25885427302458	1
missMethyl_gsameth	reactome	hypermethylated	reactome:MGMT-mediated DNA damage reversal [R-HSA-5657655]	1	1	0.436255847284237	1
missMethyl_gsameth	reactome	hypermethylated	reactome:Regulation of MITF-M-dependent genes involved in lysosome biogenesis and autophagy [R-HSA-9857377]	12	2	0.819305084740481	1
missMethyl_gsameth	reactome	hypermethylated	reactome:Defective Mismatch Repair Associated With MLH1 [R-HSA-5545483]	2	0	1	1
missMethyl_gsameth	reactome	hypermethylated	reactome:Defective Mismatch Repair Associated With PMS2 [R-HSA-5632987]	2	0	1	1
missMethyl_gsameth	reactome	hypermethylated	reactome:Defective MPI causes MPI-CDG [R-HSA-4043916]	1	1	0.154151321031237	1
missMethyl_gsameth	reactome	hypermethylated	reactome:Modulation by Mtb of host immune system [R-HSA-9637628]	7	1	0.673729265736289	1
missMethyl_gsameth	reactome	hypermethylated	reactome:Defective ALG11 causes CDG-1p [R-HSA-4551295]	1	0	1.00000000001715	1
missMethyl_gsameth	reactome	hypermethylated	reactome:Defective Mismatch Repair Associated With MSH3 [R-HSA-5632927]	2	0	1	1
missMethyl_gsameth	reactome	hypermethylated	reactome:Metallothioneins bind metals [R-HSA-5661231]	11	1	0.710554864859024	1
missMethyl_gsameth	reactome	hypermethylated	reactome:Inhibition of membrane repair [R-HSA-9635644]	1	0	1.00000000002405	1
missMethyl_gsameth	reactome	hypermethylated	reactome:Blockage of phagosome acidification [R-HSA-9636467]	1	0	0.99999999999763	1
missMethyl_gsameth	reactome	hypermethylated	reactome:Defective MTRR causes HMAE [R-HSA-3359467]	2	0	1	1
missMethyl_gsameth	reactome	hypermethylated	reactome:Defective MTR causes HMAG [R-HSA-3359469]	2	0	1	1
missMethyl_gsameth	reactome	hypermethylated	reactome:Diseases of Base Excision Repair [R-HSA-9605308]	5	0	1	1
missMethyl_gsameth	reactome	hypermethylated	reactome:Defective Base Excision Repair Associated with MUTYH [R-HSA-9605310]	1	0	0.999999999998474	1
missMethyl_gsameth	reactome	hypermethylated	reactome:Defective MUTYH substrate binding [R-HSA-9608287]	1	0	0.999999999998474	1
missMethyl_gsameth	reactome	hypermethylated	reactome:Defective MUTYH substrate processing [R-HSA-9608290]	1	0	0.999999999998474	1
missMethyl_gsameth	reactome	hypermethylated	reactome:MyD88 deficiency (TLR5) [R-HSA-5602680]	2	0	1	1
missMethyl_gsameth	reactome	hypermethylated	reactome:IRAK4 deficiency (TLR5) [R-HSA-5603037]	4	0	1	1
missMethyl_gsameth	reactome	hypermethylated	reactome:MPS IIIB - Sanfilippo syndrome B [R-HSA-2206282]	1	0	1.0000000000086	1
missMethyl_gsameth	reactome	hypermethylated	reactome:Ion influx/efflux at host-pathogen interface [R-HSA-6803544]	4	0	1	1
missMethyl_gsameth	reactome	hypermethylated	reactome:PLC-gamma1 signalling [R-HSA-167021]	3	3	0.0332319571798945	0.835501564947347
missMethyl_gsameth	reactome	hypermethylated	reactome:NGF processing [R-HSA-167060]	4	3	0.126791356606016	1
missMethyl_gsameth	reactome	hypermethylated	reactome:TRKA activation by NGF [R-HSA-187042]	2	2	0.144628699411188	1
missMethyl_gsameth	reactome	hypermethylated	reactome:Signalling to p38 via RIT and RIN [R-HSA-187706]	5	3	0.116574870239677	1
missMethyl_gsameth	reactome	hypermethylated	reactome:Ceramide signalling [R-HSA-193681]	3	2	0.197451522371332	1
missMethyl_gsameth	reactome	hypermethylated	reactome:Signalling to STAT3 [R-HSA-198745]	3	2	0.319365848375622	1
missMethyl_gsameth	reactome	hypermethylated	reactome:NFG and proNGF binds to p75NTR [R-HSA-205017]	2	2	0.143312233426782	1
missMethyl_gsameth	reactome	hypermethylated	reactome:Expression and Processing of Neurotrophins [R-HSA-9036866]	4	3	0.126791356606016	1
missMethyl_gsameth	reactome	hypermethylated	reactome:NOSIP mediated eNOS trafficking [R-HSA-203754]	2	0	1	1
missMethyl_gsameth	reactome	hypermethylated	reactome:FBXW7 Mutants and NOTCH1 in Cancer [R-HSA-2644605]	5	2	0.479406396762155	1
missMethyl_gsameth	reactome	hypermethylated	reactome:Loss of Function of FBXW7 in Cancer and NOTCH1 Signaling [R-HSA-2644607]	5	2	0.479406396762155	1
missMethyl_gsameth	reactome	hypermethylated	reactome:Defective PNP disrupts phosphorolysis of (deoxy)guanosine and (deoxy)inosine [R-HSA-9735763]	1	0	0.999999999977568	1
missMethyl_gsameth	reactome	hypermethylated	reactome:Nucleotide catabolism defects [R-HSA-9735786]	1	0	0.999999999977568	1
missMethyl_gsameth	reactome	hypermethylated	reactome:Reduction of cytosolic Ca++ levels [R-HSA-418359]	14	6	0.285095297062193	1
missMethyl_gsameth	reactome	hypermethylated	reactome:Defective SLC11A2 causes hypochromic microcytic anemia, with iron overload 1 (AHMIO1) [R-HSA-5619048]	1	0	1.00000000000068	1
missMethyl_gsameth	reactome	hypermethylated	reactome:NTF3 activates NTRK2 (TRKB) signaling [R-HSA-9025046]	2	1	0.531843027496255	1
missMethyl_gsameth	reactome	hypermethylated	reactome:NTF3 activates NTRK3 signaling [R-HSA-9034013]	2	1	0.646001191402406	1
missMethyl_gsameth	reactome	hypermethylated	reactome:Activated NTRK3 signals through PLCG1 [R-HSA-9034793]	3	2	0.267755864716452	1
missMethyl_gsameth	reactome	hypermethylated	reactome:NTF4 activates NTRK2 (TRKB) signaling [R-HSA-9026357]	2	0	1	1
missMethyl_gsameth	reactome	hypermethylated	reactome:Activated NTRK2 signals through PLCG1 [R-HSA-9026527]	4	2	0.233573310663885	1
missMethyl_gsameth	reactome	hypermethylated	reactome:Defective Base Excision Repair Associated with NTHL1 [R-HSA-9616333]	1	0	0.999999999992148	1
missMethyl_gsameth	reactome	hypermethylated	reactome:Defective NTHL1 substrate processing [R-HSA-9630221]	1	0	0.999999999992148	1
missMethyl_gsameth	reactome	hypermethylated	reactome:Defective NTHL1 substrate binding [R-HSA-9630222]	1	0	0.999999999992148	1
missMethyl_gsameth	reactome	hypermethylated	reactome:BDNF activates NTRK2 (TRKB) signaling [R-HSA-9024909]	2	1	0.544285937958293	1
missMethyl_gsameth	reactome	hypermethylated	reactome:Defective Base Excision Repair Associated with OGG1 [R-HSA-9656249]	1	0	1.00000000000802	1
missMethyl_gsameth	reactome	hypermethylated	reactome:Defective OGG1 Substrate Binding [R-HSA-9656255]	1	0	1.00000000000802	1
missMethyl_gsameth	reactome	hypermethylated	reactome:Defective OGG1 Substrate Processing [R-HSA-9656256]	1	0	1.00000000000802	1
missMethyl_gsameth	reactome	hypermethylated	reactome:Defective OGG1 Localization [R-HSA-9657050]	1	0	1.00000000000802	1
missMethyl_gsameth	reactome	hypermethylated	reactome:Organic cation transport [R-HSA-549127]	10	3	0.501622706664073	1
missMethyl_gsameth	reactome	hypermethylated	reactome:Defective SLC22A18 causes lung cancer (LNCR) and embryonal rhabdomyosarcoma 1 (RMSE1) [R-HSA-5619066]	1	1	0.418578486941755	1
missMethyl_gsameth	reactome	hypermethylated	reactome:Vasopressin-like receptors [R-HSA-388479]	6	3	0.078033971015825	1
missMethyl_gsameth	reactome	hypermethylated	reactome:Phenylketonuria [R-HSA-2160456]	1	0	0.999999999992909	1
missMethyl_gsameth	reactome	hypermethylated	reactome:Regulation of PAK-2p34 activity by PS-GAP/RHG10 [R-HSA-211728]	2	1	0.527558511724535	1
missMethyl_gsameth	reactome	hypermethylated	reactome:Stimulation of the cell death response by PAK-2p34 [R-HSA-211736]	2	0	1	1
missMethyl_gsameth	reactome	hypermethylated	reactome:WNT ligand biogenesis and trafficking [R-HSA-3238698]	26	9	0.350225305104841	1
missMethyl_gsameth	reactome	hypermethylated	reactome:PKA-mediated phosphorylation of key metabolic factors [R-HSA-163358]	5	0	1	1
missMethyl_gsameth	reactome	hypermethylated	reactome:AMPK inhibits chREBP transcriptional activation activity [R-HSA-163680]	8	0	1	1
missMethyl_gsameth	reactome	hypermethylated	reactome:PP2A-mediated dephosphorylation of key metabolic factors [R-HSA-163767]	7	0	1	1
missMethyl_gsameth	reactome	hypermethylated	reactome:Essential pentosuria [R-HSA-5662853]	1	0	1.00000000000834	1
missMethyl_gsameth	reactome	hypermethylated	reactome:Defective regulation of TLR7 by endogenous ligand [R-HSA-9824856]	1	0	1.00000000003589	1
missMethyl_gsameth	reactome	hypermethylated	reactome:Defective CD320 causes MMATC [R-HSA-3359485]	2	0	1	1
missMethyl_gsameth	reactome	hypermethylated	reactome:Cam-PDE 1 activation [R-HSA-111957]	6	2	0.524094362815439	1
missMethyl_gsameth	reactome	hypermethylated	reactome:Rhesus glycoproteins mediate ammonium transport. [R-HSA-444411]	3	0	1	1
missMethyl_gsameth	reactome	hypermethylated	reactome:Imatinib-resistant PDGFR mutants [R-HSA-9674396]	1	1	0.412883641487931	1
missMethyl_gsameth	reactome	hypermethylated	reactome:Sunitinib-resistant PDGFR mutants [R-HSA-9674401]	1	1	0.412883641487931	1
missMethyl_gsameth	reactome	hypermethylated	reactome:Regorafenib-resistant PDGFR mutants [R-HSA-9674403]	1	1	0.412883641487931	1
missMethyl_gsameth	reactome	hypermethylated	reactome:Sorafenib-resistant PDGFR mutants [R-HSA-9674404]	1	1	0.412883641487931	1
missMethyl_gsameth	reactome	hypermethylated	reactome:Drug resistance of PDGFR mutants [R-HSA-9674415]	1	1	0.412883641487931	1
missMethyl_gsameth	reactome	hypermethylated	reactome:PDGFR mutants bind TKIs [R-HSA-9674428]	1	1	0.412883641487931	1
missMethyl_gsameth	reactome	hypermethylated	reactome:Defective SLC26A4 causes Pendred syndrome (PDS) [R-HSA-5619046]	1	0	1.00000000000366	1
missMethyl_gsameth	reactome	hypermethylated	reactome:Regulation of glycolysis by fructose 2,6-bisphosphate metabolism [R-HSA-9634600]	12	0	1	1
missMethyl_gsameth	reactome	hypermethylated	reactome:Defective PGM1 causes PGM1-CDG [R-HSA-5609974]	1	0	1.00000000000992	1
missMethyl_gsameth	reactome	hypermethylated	reactome:Abacavir transmembrane transport [R-HSA-2161517]	5	2	0.403280745164376	1
missMethyl_gsameth	reactome	hypermethylated	reactome:Defective ABCB4 causes PFIC3, ICP3 and GBD1 [R-HSA-5678771]	1	0	0.999999999997487	1
missMethyl_gsameth	reactome	hypermethylated	reactome:Signaling by LTK in cancer [R-HSA-9842640]	7	4	0.0811763448003444	1
missMethyl_gsameth	reactome	hypermethylated	reactome:Synthesis of PIPs in the nucleus [R-HSA-8847453]	4	0	1	1
missMethyl_gsameth	reactome	hypermethylated	reactome:phospho-PLA2 pathway [R-HSA-111995]	2	0	1	1
missMethyl_gsameth	reactome	hypermethylated	reactome:Coenzyme A biosynthesis [R-HSA-196783]	7	2	0.579167027009353	1
missMethyl_gsameth	reactome	hypermethylated	reactome:Defective PMM2 causes PMM2-CDG [R-HSA-4043911]	1	0	1.00000000000335	1
missMethyl_gsameth	reactome	hypermethylated	reactome:Synthesis of dolichyl-phosphate mannose [R-HSA-162699]	3	0	1	1
missMethyl_gsameth	reactome	hypermethylated	reactome:Defective DPM1 causes DPM1-CDG [R-HSA-4717374]	3	0	1	1
missMethyl_gsameth	reactome	hypermethylated	reactome:Defective DPM3 causes DPM3-CDG [R-HSA-4719360]	3	0	1	1
missMethyl_gsameth	reactome	hypermethylated	reactome:Defective DPM2 causes DPM2-CDG [R-HSA-4719377]	3	0	1	1
missMethyl_gsameth	reactome	hypermethylated	reactome:Mitochondrial transcription initiation [R-HSA-163282]	3	0	1	1
missMethyl_gsameth	reactome	hypermethylated	reactome:Transcription from mitochondrial promoters [R-HSA-75944]	4	0	1	1
missMethyl_gsameth	reactome	hypermethylated	reactome:POU5F1 (OCT4), SOX2, NANOG repress genes related to differentiation [R-HSA-2892245]	3	2	0.107907315173113	1
missMethyl_gsameth	reactome	hypermethylated	reactome:Defective UGT1A4 causes hyperbilirubinemia [R-HSA-5579016]	1	0	1.00000000002369	1
missMethyl_gsameth	reactome	hypermethylated	reactome:Defective UGT1A1 causes hyperbilirubinemia [R-HSA-5579002]	1	0	0.999999999994259	1
missMethyl_gsameth	reactome	hypermethylated	reactome:Synthesis of CL [R-HSA-1483076]	1	0	1.00000000001823	1
missMethyl_gsameth	reactome	hypermethylated	reactome:Variant SLC6A20 contributes towards hyperglycinuria (HG) and iminoglycinuria (IG) [R-HSA-5619101]	1	0	0.999999999999788	1
missMethyl_gsameth	reactome	hypermethylated	reactome:Variant SLC6A20 contributes towards hyperglycinuria (HG) and iminoglycinuria (IG) [R-HSA-5660686]	1	0	0.999999999999788	1
missMethyl_gsameth	reactome	hypermethylated	reactome:Defective AVP does not bind AVPR1A,B and causes neurohypophyseal diabetes insipidus (NDI) [R-HSA-5619099]	3	2	0.0696249845473611	1
missMethyl_gsameth	reactome	hypermethylated	reactome:Defective AVP does not bind AVPR2 and causes neurohypophyseal diabetes insipidus (NDI) [R-HSA-9036092]	2	1	0.355432504069508	1
missMethyl_gsameth	reactome	hypermethylated	reactome:Defective Base Excision Repair Associated with NEIL3 [R-HSA-9629232]	1	0	1.00000000001999	1
missMethyl_gsameth	reactome	hypermethylated	reactome:NEIL3-mediated resolution of ICLs [R-HSA-9636003]	1	0	1.00000000001999	1
missMethyl_gsameth	reactome	hypermethylated	reactome:Defective SLC29A3 causes histiocytosis-lymphadenopathy plus syndrome (HLAS) [R-HSA-5619063]	1	0	0.999999999987642	1
missMethyl_gsameth	reactome	hypermethylated	reactome:ROBO receptors bind AKAP5 [R-HSA-9010642]	9	1	0.943905761600504	1
missMethyl_gsameth	reactome	hypermethylated	reactome:Defective SLC35C1 causes congenital disorder of glycosylation 2C (CDG2C) [R-HSA-5619078]	1	1	0.385932406742079	1
missMethyl_gsameth	reactome	hypermethylated	reactome:PTK6 Activates STAT3 [R-HSA-8849474]	4	2	0.271900970477418	1
missMethyl_gsameth	reactome	hypermethylated	reactome:Defective SLC39A4 causes acrodermatitis enteropathica, zinc-deficiency type (AEZ) [R-HSA-5619088]	1	0	1.0000000000128	1
missMethyl_gsameth	reactome	hypermethylated	reactome:Disinhibition of SNARE formation [R-HSA-114516]	5	2	0.503882172895364	1
missMethyl_gsameth	reactome	hypermethylated	reactome:Defective ABCD4 causes MAHCJ [R-HSA-5683329]	2	0	1	1
missMethyl_gsameth	reactome	hypermethylated	reactome:Negative feedback regulation of MAPK pathway [R-HSA-5674499]	6	2	0.535042430872898	1
missMethyl_gsameth	reactome	hypermethylated	reactome:Signaling by MAP2K mutants [R-HSA-9652169]	4	1	0.706538639906229	1
missMethyl_gsameth	reactome	hypermethylated	reactome:Signalling to ERK5 [R-HSA-198765]	2	0	1	1
missMethyl_gsameth	reactome	hypermethylated	reactome:Defective ALG1 causes CDG-1k [R-HSA-4549380]	1	0	0.999999999989188	1
missMethyl_gsameth	reactome	hypermethylated	reactome:Inhibition of PKR [R-HSA-169131]	1	1	0.300537007707423	1
missMethyl_gsameth	reactome	hypermethylated	reactome:Proline catabolism [R-HSA-70688]	3	0	1	1
missMethyl_gsameth	reactome	hypermethylated	reactome:Hydrolysis of LPE [R-HSA-1483152]	1	0	1.00000000001787	1
missMethyl_gsameth	reactome	hypermethylated	reactome:Defective CYP26B1 causes RHFCA [R-HSA-5579015]	1	1	0.399784033969305	1
missMethyl_gsameth	reactome	hypermethylated	reactome:Defective SLC2A9 causes hypouricemia renal 2 (RHUC2) [R-HSA-5619047]	1	1	0.379347089821962	1
missMethyl_gsameth	reactome	hypermethylated	reactome:Tandem pore domain halothane-inhibited K+ channel (THIK) [R-HSA-1299287]	1	1	0.341624098818923	1
missMethyl_gsameth	reactome	hypermethylated	reactome:Regulation of BACH1 activity [R-HSA-9708530]	11	1	0.953205833345535	1
missMethyl_gsameth	reactome	hypermethylated	reactome:PTEN Loss of Function in Cancer [R-HSA-5674404]	1	0	1.00000000000381	1
missMethyl_gsameth	reactome	hypermethylated	reactome:COX reactions [R-HSA-140180]	1	0	0.999999999993624	1
missMethyl_gsameth	reactome	hypermethylated	reactome:PTK6 Down-Regulation [R-HSA-8849472]	3	1	0.414889311356093	1
missMethyl_gsameth	reactome	hypermethylated	reactome:Signaling by cytosolic PDGFRA and PDGFRB fusion proteins [R-HSA-9673766]	3	1	0.441383442060997	1
missMethyl_gsameth	reactome	hypermethylated	reactome:Activation and oligomerization of BAK protein [R-HSA-111452]	2	1	0.368156053713791	1
missMethyl_gsameth	reactome	hypermethylated	reactome:Defective DNA double strand break response due to BRCA1 loss of function [R-HSA-9663199]	2	1	0.519440223553763	1
missMethyl_gsameth	reactome	hypermethylated	reactome:Defective DNA double strand break response due to BARD1 loss of function [R-HSA-9699150]	2	1	0.519440223553763	1
missMethyl_gsameth	reactome	hypermethylated	reactome:Activation, translocation and oligomerization of BAX [R-HSA-114294]	2	0	1	1
missMethyl_gsameth	reactome	hypermethylated	reactome:SUMOylation of nuclear envelope proteins [R-HSA-9793242]	3	1	0.593416945735986	1
missMethyl_gsameth	reactome	hypermethylated	reactome:Defective translocation of RB1 mutants to the nucleus [R-HSA-9661070]	1	0	1.00000000000194	1
missMethyl_gsameth	reactome	hypermethylated	reactome:Retinoid metabolism disease events [R-HSA-6809583]	1	0	0.999999999991627	1
missMethyl_gsameth	reactome	hypermethylated	reactome:Defective RHAG causes regulator type Rh-null hemolytic anemia (RHN) [R-HSA-5619042]	1	0	0.999999999982574	1
missMethyl_gsameth	reactome	hypermethylated	reactome:Rhesus blood group biosynthesis [R-HSA-9037628]	2	0	1	1
missMethyl_gsameth	reactome	hypermethylated	reactome:Defective SLC5A7 causes distal hereditary motor neuronopathy 7A (HMN7A) [R-HSA-5619114]	1	1	0.205669363286066	1
missMethyl_gsameth	reactome	hypermethylated	reactome:Defective SLC5A7 causes distal hereditary motor neuronopathy 7A (HMN7A) [R-HSA-5658471]	1	1	0.205669363286066	1
missMethyl_gsameth	reactome	hypermethylated	reactome:Regulation of cortical dendrite branching [R-HSA-8985801]	4	2	0.548351755934299	1
missMethyl_gsameth	reactome	hypermethylated	reactome:Maturation of protein E [R-HSA-9683683]	4	0	1	1
missMethyl_gsameth	reactome	hypermethylated	reactome:Maturation of protein E [R-HSA-9694493]	4	0	1	1
missMethyl_gsameth	reactome	hypermethylated	reactome:Intestinal hexose absorption [R-HSA-8981373]	4	2	0.162381948581417	1
missMethyl_gsameth	reactome	hypermethylated	reactome:Regulation of TP53 Expression [R-HSA-6804754]	2	1	0.586512163141169	1
missMethyl_gsameth	reactome	hypermethylated	reactome:Defective ABCG8 causes GBD4 and sitosterolemia [R-HSA-5679090]	2	1	0.406656068386211	1
missMethyl_gsameth	reactome	hypermethylated	reactome:Defective ABCG5 causes sitosterolemia [R-HSA-5679096]	2	1	0.406656068386211	1
missMethyl_gsameth	reactome	hypermethylated	reactome:Defective pro-SFTPB causes SMDP1 and RDS [R-HSA-5688031]	1	0	1.00000000002384	1
missMethyl_gsameth	reactome	hypermethylated	reactome:SARS-CoV-1 targets PDZ proteins in cell-cell junction [R-HSA-9692912]	1	1	0.224732758079506	1
missMethyl_gsameth	reactome	hypermethylated	reactome:Defective pro-SFTPC causes SMDP2 and RDS [R-HSA-5688354]	1	0	1.00000000002171	1
missMethyl_gsameth	reactome	hypermethylated	reactome:MPS IIIA - Sanfilippo syndrome A [R-HSA-2206307]	1	0	1.00000000001686	1
missMethyl_gsameth	reactome	hypermethylated	reactome:LGK974 inhibits PORCN [R-HSA-5340573]	1	0	0.999999999984789	1
missMethyl_gsameth	reactome	hypermethylated	reactome:Defective SLC1A1 is implicated in schizophrenia 18 (SCZD18) and dicarboxylic aminoaciduria (DCBXA) [R-HSA-5619067]	1	0	1.00000000001357	1
missMethyl_gsameth	reactome	hypermethylated	reactome:Defective SLC1A3 causes episodic ataxia 6 (EA6) [R-HSA-5619062]	1	1	0.375696418640715	1
missMethyl_gsameth	reactome	hypermethylated	reactome:Defective SLC2A1 causes GLUT1 deficiency syndrome 1 (GLUT1DS1) [R-HSA-5619043]	1	0	0.999999999981483	1
missMethyl_gsameth	reactome	hypermethylated	reactome:Defective SLC2A2 causes Fanconi-Bickel syndrome (FBS) [R-HSA-5619098]	1	1	0.143189343494782	1
missMethyl_gsameth	reactome	hypermethylated	reactome:Defective SLC7A7 causes lysinuric protein intolerance (LPI) [R-HSA-5660862]	2	1	0.431334969102545	1
missMethyl_gsameth	reactome	hypermethylated	reactome:Defective SLC4A1 causes hereditary spherocytosis type 4 (HSP4),  distal renal tubular acidosis (dRTA) and dRTA with hemolytic anemia (dRTA-HA) [R-HSA-5619050]	1	0	1.00000000000566	1
missMethyl_gsameth	reactome	hypermethylated	reactome:Defective SLC5A1 causes congenital glucose/galactose malabsorption (GGM) [R-HSA-5656364]	1	0	0.999999999991644	1
missMethyl_gsameth	reactome	hypermethylated	reactome:Defective SLC5A2 causes renal glucosuria (GLYS1) [R-HSA-5658208]	1	0	1.00000000004529	1
missMethyl_gsameth	reactome	hypermethylated	reactome:Defective SLC5A5 causes thyroid dyshormonogenesis 1 (TDH1) [R-HSA-5619096]	1	1	0.283520001945736	1
missMethyl_gsameth	reactome	hypermethylated	reactome:Reuptake of GABA [R-HSA-888593]	4	1	0.758755603733977	1
missMethyl_gsameth	reactome	hypermethylated	reactome:Defective SLC6A2 causes orthostatic intolerance (OI) [R-HSA-5619109]	1	1	0.319083041844581	1
missMethyl_gsameth	reactome	hypermethylated	reactome:Defective SLC6A3 causes Parkinsonism-dystonia infantile (PKDYS) [R-HSA-5619081]	1	1	0.427293776194187	1
missMethyl_gsameth	reactome	hypermethylated	reactome:Defective SLC6A3 causes Parkinsonism-dystonia infantile (PKDYS) [R-HSA-5660724]	1	1	0.427293776194187	1
missMethyl_gsameth	reactome	hypermethylated	reactome:Defective SLC12A1 causes Bartter syndrome 1 (BS1) [R-HSA-5619104]	1	0	1.0000000000294	1
missMethyl_gsameth	reactome	hypermethylated	reactome:Defective SLC12A3 causes Gitelman syndrome (GS) [R-HSA-5619087]	1	0	1.00000000002409	1
missMethyl_gsameth	reactome	hypermethylated	reactome:Defective SLC16A1 causes symptomatic deficiency in lactate transport (SDLT) [R-HSA-5619070]	2	1	0.610404434594687	1
missMethyl_gsameth	reactome	hypermethylated	reactome:Defective SLC34A1 causes hypophosphatemic nephrolithiasis/osteoporosis 1 (NPHLOP1) [R-HSA-5619040]	1	0	1.00000000000701	1
missMethyl_gsameth	reactome	hypermethylated	reactome:Defective SLC20A2 causes idiopathic basal ganglia calcification 1 (IBGC1) [R-HSA-5619111]	1	0	1.0000000000051	1
missMethyl_gsameth	reactome	hypermethylated	reactome:Defective SLCO2A1 causes primary, autosomal recessive hypertrophic osteoarthropathy 2 (PHOAR2) [R-HSA-5619095]	1	0	0.999999999981924	1
missMethyl_gsameth	reactome	hypermethylated	reactome:Defective SLC22A5 causes systemic primary carnitine deficiency (CDSP) [R-HSA-5619053]	1	0	1.00000000000642	1
missMethyl_gsameth	reactome	hypermethylated	reactome:Toxicity of botulinum toxin type E (botE) [R-HSA-5250992]	3	2	0.177797106921597	1
missMethyl_gsameth	reactome	hypermethylated	reactome:Impaired BRCA2 translocation to the nucleus [R-HSA-9709275]	1	1	0.26383403932028	1
missMethyl_gsameth	reactome	hypermethylated	reactome:Impaired BRCA2 binding to SEM1 (DSS1) [R-HSA-9763198]	1	1	0.26383403932028	1
missMethyl_gsameth	reactome	hypermethylated	reactome:Toxicity of botulinum toxin type G (botG) [R-HSA-5250989]	3	0	1	1
missMethyl_gsameth	reactome	hypermethylated	reactome:Defective BTD causes biotidinase deficiency [R-HSA-3371598]	1	0	1.00000000002039	1
missMethyl_gsameth	reactome	hypermethylated	reactome:Tachykinin receptors bind tachykinins [R-HSA-380095]	5	3	0.0815033461382462	1
missMethyl_gsameth	reactome	hypermethylated	reactome:Insulin effects increased synthesis of Xylulose-5-Phosphate [R-HSA-163754]	2	0	1	1
missMethyl_gsameth	reactome	hypermethylated	reactome:TALDO1 deficiency: failed conversion of SH7P, GA3P to Fru(6)P, E4P [R-HSA-6791055]	1	0	1.00000000003253	1
missMethyl_gsameth	reactome	hypermethylated	reactome:TALDO1 deficiency: failed conversion of  Fru(6)P, E4P to SH7P, GA3P [R-HSA-6791462]	1	0	1.00000000003253	1
missMethyl_gsameth	reactome	hypermethylated	reactome:Defective TBXAS1 causes GHDD [R-HSA-5579032]	1	0	0.999999999989802	1
missMethyl_gsameth	reactome	hypermethylated	reactome:Defective TCN2 causes TCN2 deficiency [R-HSA-3359454]	1	0	0.999999999981723	1
missMethyl_gsameth	reactome	hypermethylated	reactome:Loss of Function of TGFBR2 in Cancer [R-HSA-3642278]	3	2	0.2081666114245	1
missMethyl_gsameth	reactome	hypermethylated	reactome:TGFBR2 MSI Frameshift Mutants in Cancer [R-HSA-3642279]	2	1	0.60150258559095	1
missMethyl_gsameth	reactome	hypermethylated	reactome:TGFBR2 Kinase Domain Mutants in Cancer [R-HSA-3645790]	3	2	0.2081666114245	1
missMethyl_gsameth	reactome	hypermethylated	reactome:TLR3 deficiency - HSE [R-HSA-5602410]	1	0	1.00000000002769	1
missMethyl_gsameth	reactome	hypermethylated	reactome:UNC93B1 deficiency - HSE [R-HSA-5602415]	2	1	0.366810382020837	1
missMethyl_gsameth	reactome	hypermethylated	reactome:Loss of function of TP53 in cancer due to loss of tetramerization ability [R-HSA-9723905]	1	0	1.00000000000345	1
missMethyl_gsameth	reactome	hypermethylated	reactome:Loss of Function of TP53 in Cancer [R-HSA-9723907]	1	0	1.00000000000345	1
missMethyl_gsameth	reactome	hypermethylated	reactome:Defective TPMT causes TPMT deficiency [R-HSA-5578995]	1	0	0.999999999990077	1
missMethyl_gsameth	reactome	hypermethylated	reactome:Vitamin E [R-HSA-8877627]	1	0	1.0000000000149	1
missMethyl_gsameth	reactome	hypermethylated	reactome:Defective SFTPA2 causes IPF [R-HSA-5687868]	1	0	1.00000000001377	1
missMethyl_gsameth	reactome	hypermethylated	reactome:Metabolism of ingested MeSeO2H into MeSeH [R-HSA-5263617]	1	1	0.417032367050271	1
missMethyl_gsameth	reactome	hypermethylated	reactome:The fatty acid cycling model [R-HSA-167826]	5	0	1	1
missMethyl_gsameth	reactome	hypermethylated	reactome:Defective SLC35A2 causes congenital disorder of glycosylation 2M (CDG2M) [R-HSA-5619072]	1	0	1.00000000001873	1
missMethyl_gsameth	reactome	hypermethylated	reactome:G2/M DNA replication checkpoint [R-HSA-69478]	5	0	1	1
missMethyl_gsameth	reactome	hypermethylated	reactome:Defective MOGS causes CDG-2b [R-HSA-4793954]	1	0	1.00000000001557	1
missMethyl_gsameth	reactome	hypermethylated	reactome:Suppression of autophagy [R-HSA-9636569]	2	0	1	1
missMethyl_gsameth	reactome	hypermethylated	reactome:Defective ALG8 causes CDG-1h [R-HSA-4724325]	1	0	1.00000000005079	1
missMethyl_gsameth	reactome	hypermethylated	reactome:Defective ALG12 causes CDG-1g [R-HSA-4720489]	1	0	1.00000000003441	1
missMethyl_gsameth	reactome	hypermethylated	reactome:Defective SRD5A3 causes SRD5A3-CDG, KHRZ [R-HSA-4755579]	1	0	1.00000000004692	1
missMethyl_gsameth	reactome	hypermethylated	reactome:Defective Base Excision Repair Associated with NEIL1 [R-HSA-9616334]	1	0	0.99999999999808	1
missMethyl_gsameth	reactome	hypermethylated	reactome:Mitochondrial transcription termination [R-HSA-163316]	1	0	1.00000000002586	1
missMethyl_gsameth	reactome	hypermethylated	reactome:Defective ALG9 causes CDG-1l [R-HSA-4720454]	1	0	1.00000000000296	1
missMethyl_gsameth	reactome	hypermethylated	reactome:XAV939 stabilizes AXIN [R-HSA-5545619]	2	0	1	1
missMethyl_gsameth	reactome	hypermethylated	reactome:Invadopodia formation [R-HSA-8941237]	4	3	0.139279106172055	1
missMethyl_gsameth	reactome	hypermethylated	reactome:Defective SLC2A10 causes arterial tortuosity syndrome (ATS) [R-HSA-5619068]	1	0	0.999999999996836	1
missMethyl_gsameth	reactome	hypermethylated	reactome:Virus Assembly and Release [R-HSA-168268]	2	0	1	1
missMethyl_gsameth	reactome	hypermethylated	reactome:Assembly of Viral Components at the Budding Site [R-HSA-168316]	2	0	1	1
missMethyl_gsameth	reactome	hypermethylated	reactome:Synthesis of PS [R-HSA-1483101]	2	1	0.612271169170935	1
missMethyl_gsameth	reactome	hypermethylated	reactome:TWIK-related alkaline pH activated K+ channel (TALK) [R-HSA-1299361]	2	1	0.409996753021978	1
missMethyl_gsameth	reactome	hypermethylated	reactome:TRAIL  signaling [R-HSA-75158]	8	1	0.905617876429517	1
missMethyl_gsameth	reactome	hypermethylated	reactome:Defective ALG2 causes CDG-1i [R-HSA-4549349]	1	0	1.0000000000118	1
missMethyl_gsameth	reactome	hypermethylated	reactome:RUNX3 regulates RUNX1-mediated transcription [R-HSA-8951911]	2	1	0.561514267733329	1
missMethyl_gsameth	reactome	hypermethylated	reactome:Defective ABCB11 causes PFIC2 and BRIC2 [R-HSA-5678520]	1	0	1.00000000003496	1
missMethyl_gsameth	reactome	hypermethylated	reactome:Defective SLC4A4 causes renal tubular acidosis, proximal, with ocular abnormalities and mental retardation (pRTA-OA) [R-HSA-5619054]	1	1	0.398199768724251	1
missMethyl_gsameth	reactome	hypermethylated	reactome:NR1D1 (REV-ERBA) represses gene expression [R-HSA-1368071]	3	1	0.531134771021027	1
missMethyl_gsameth	reactome	hypermethylated	reactome:Phosphorylation of proteins involved in the G2/M transition by Cyclin A:Cdc2 complexes [R-HSA-170145]	3	1	0.669550619306629	1
missMethyl_gsameth	reactome	hypermethylated	reactome:Defective PAPSS2 causes SEMD-PA [R-HSA-3560796]	1	0	1.00000000000131	1
missMethyl_gsameth	reactome	hypermethylated	reactome:Defective SLC6A5 causes hyperekplexia 3 (HKPX3) [R-HSA-5619089]	1	1	0.407577186673967	1
missMethyl_gsameth	reactome	hypermethylated	reactome:Defective RFT1 causes CDG-1n [R-HSA-4570571]	1	0	1.00000000001161	1
missMethyl_gsameth	reactome	hypermethylated	reactome:Defective SLC24A1 causes congenital stationary night blindness 1D (CSNB1D) [R-HSA-5619077]	1	0	1.00000000000806	1
missMethyl_gsameth	reactome	hypermethylated	reactome:Defective SLC33A1 causes spastic paraplegia 42 (SPG42) [R-HSA-5619061]	1	0	0.999999999974283	1
missMethyl_gsameth	reactome	hypermethylated	reactome:Severe congenital neutropenia type 4 (G6PC3) [R-HSA-3282872]	1	0	1.00000000002874	1
missMethyl_gsameth	reactome	hypermethylated	reactome:Defective CYP7B1 causes SPG5A and CBAS3 [R-HSA-5579013]	1	0	1.00000000001369	1
missMethyl_gsameth	reactome	hypermethylated	reactome:Defective ACY1 causes encephalopathy [R-HSA-5579007]	1	0	0.999999999993524	1
missMethyl_gsameth	reactome	hypermethylated	reactome:Defective MPDU1 causes CDG-1f [R-HSA-4687000]	1	0	0.999999999999029	1
missMethyl_gsameth	reactome	hypermethylated	reactome:Synthesis of IPs in the ER lumen [R-HSA-1855231]	1	0	1.0000000000274	1
missMethyl_gsameth	reactome	hypermethylated	reactome:Defective SLC12A6 causes agenesis of the corpus callosum, with peripheral neuropathy (ACCPN) [R-HSA-5619039]	1	0	1.00000000000287	1
