method	collection	direction	term	N	DE	P.DE	FDR
missMethyl_gsameth	reactome	hypomethylated	reactome:Hemostasis [R-HSA-109582]	608	143	0.111801622478844	1
missMethyl_gsameth	reactome	hypomethylated	reactome:Platelet degranulation [R-HSA-114608]	128	27	0.316104503816255	1
missMethyl_gsameth	reactome	hypomethylated	reactome:Innate Immune System [R-HSA-168249]	1039	212	0.2192045716428	1
missMethyl_gsameth	reactome	hypomethylated	reactome:Immune System [R-HSA-168256]	2006	418	0.076026187996578	1
missMethyl_gsameth	reactome	hypomethylated	reactome:Neutrophil degranulation [R-HSA-6798695]	474	95	0.330979482028472	1
missMethyl_gsameth	reactome	hypomethylated	reactome:Platelet activation, signaling and aggregation [R-HSA-76002]	262	63	0.157714586741755	1
missMethyl_gsameth	reactome	hypomethylated	reactome:Response to elevated platelet cytosolic Ca2+ [R-HSA-76005]	133	29	0.272383101440522	1
missMethyl_gsameth	reactome	hypomethylated	reactome:Metabolism [R-HSA-1430728]	2157	334	0.999997380545914	1
missMethyl_gsameth	reactome	hypomethylated	reactome:Phase II - Conjugation of compounds [R-HSA-156580]	108	19	0.554459221213483	1
missMethyl_gsameth	reactome	hypomethylated	reactome:Acetylation [R-HSA-156582]	2	1	0.284525474207027	1
missMethyl_gsameth	reactome	hypomethylated	reactome:Biological oxidations [R-HSA-211859]	220	45	0.227787223693179	1
missMethyl_gsameth	reactome	hypomethylated	reactome:Drug ADME [R-HSA-9748784]	109	22	0.390219021820107	1
missMethyl_gsameth	reactome	hypomethylated	reactome:Paracetamol ADME [R-HSA-9753281]	29	9	0.0935215362183903	1
missMethyl_gsameth	reactome	hypomethylated	reactome:Metabolism of nucleotides [R-HSA-15869]	97	14	0.863694934335105	1
missMethyl_gsameth	reactome	hypomethylated	reactome:Disease [R-HSA-1643685]	1792	312	0.999147244985366	1
missMethyl_gsameth	reactome	hypomethylated	reactome:Diseases of metabolism [R-HSA-5668914]	244	54	0.367930420081062	1
missMethyl_gsameth	reactome	hypomethylated	reactome:Purine salvage [R-HSA-74217]	13	1	0.9371817783998	1
missMethyl_gsameth	reactome	hypomethylated	reactome:Nucleotide salvage [R-HSA-8956321]	23	1	0.991352264595791	1
missMethyl_gsameth	reactome	hypomethylated	reactome:Nucleotide salvage defects [R-HSA-9734207]	3	0	1	1
missMethyl_gsameth	reactome	hypomethylated	reactome:Defective ADA disrupts (deoxy)adenosine deamination [R-HSA-9734735]	1	0	1.00000000001021	1
missMethyl_gsameth	reactome	hypomethylated	reactome:Diseases of nucleotide metabolism [R-HSA-9735804]	4	0	1	1
missMethyl_gsameth	reactome	hypomethylated	reactome:Ribavirin ADME [R-HSA-9755088]	12	0	1	1
missMethyl_gsameth	reactome	hypomethylated	reactome:Developmental Biology [R-HSA-1266738]	1378	292	0.602659820178691	1
missMethyl_gsameth	reactome	hypomethylated	reactome:Cell-Cell communication [R-HSA-1500931]	153	52	0.00130028479694708	0.266558383374152
missMethyl_gsameth	reactome	hypomethylated	reactome:Regulation of Insulin-like Growth Factor (IGF) transport and uptake by Insulin-like Growth Factor Binding Proteins (IGFBPs) [R-HSA-381426]	124	30	0.142593769352965	1
missMethyl_gsameth	reactome	hypomethylated	reactome:Metabolism of proteins [R-HSA-392499]	2030	306	0.999999385434339	1
missMethyl_gsameth	reactome	hypomethylated	reactome:Adherens junctions interactions [R-HSA-418990]	57	18	0.0951281476905423	1
missMethyl_gsameth	reactome	hypomethylated	reactome:Cell-cell junction organization [R-HSA-421270]	88	33	0.000609242798539337	0.180403562011926
missMethyl_gsameth	reactome	hypomethylated	reactome:Cell junction organization [R-HSA-446728]	115	39	0.00354326592224037	0.369546519987968
missMethyl_gsameth	reactome	hypomethylated	reactome:Myogenesis [R-HSA-525793]	30	7	0.573488018046312	1
missMethyl_gsameth	reactome	hypomethylated	reactome:Post-translational protein modification [R-HSA-597592]	1430	236	0.999117410990259	1
missMethyl_gsameth	reactome	hypomethylated	reactome:Post-translational protein phosphorylation [R-HSA-8957275]	107	20	0.68652589607403	1
missMethyl_gsameth	reactome	hypomethylated	reactome:Apoptosis [R-HSA-109581]	179	25	0.98530315604008	1
missMethyl_gsameth	reactome	hypomethylated	reactome:Intrinsic Pathway for Apoptosis [R-HSA-109606]	55	6	0.987199771220179	1
missMethyl_gsameth	reactome	hypomethylated	reactome:Activation of BAD and translocation to mitochondria [R-HSA-111447]	15	4	0.41115781362868	1
missMethyl_gsameth	reactome	hypomethylated	reactome:Activation of BH3-only proteins [R-HSA-114452]	30	5	0.84687637883593	1
missMethyl_gsameth	reactome	hypomethylated	reactome:Signaling by ERBB2 [R-HSA-1227986]	50	16	0.088479682208004	1
missMethyl_gsameth	reactome	hypomethylated	reactome:PIP3 activates AKT signaling [R-HSA-1257604]	271	53	0.809395347254745	1
missMethyl_gsameth	reactome	hypomethylated	reactome:Cytokine Signaling in Immune system [R-HSA-1280215]	763	144	0.769932755285476	1
missMethyl_gsameth	reactome	hypomethylated	reactome:Adaptive Immune System [R-HSA-1280218]	754	161	0.174680715179017	1
missMethyl_gsameth	reactome	hypomethylated	reactome:Downregulation of ERBB2:ERBB3 signaling [R-HSA-1358803]	13	5	0.148123208595241	1
missMethyl_gsameth	reactome	hypomethylated	reactome:Signal Transduction [R-HSA-162582]	2578	576	0.100869329228661	1
missMethyl_gsameth	reactome	hypomethylated	reactome:Cell Cycle [R-HSA-1640170]	674	78	0.999999708912991	1
missMethyl_gsameth	reactome	hypomethylated	reactome:Regulation of beta-cell development [R-HSA-186712]	41	5	0.978899891599561	1
missMethyl_gsameth	reactome	hypomethylated	reactome:Signaling by VEGF [R-HSA-194138]	108	22	0.842441326154151	1
missMethyl_gsameth	reactome	hypomethylated	reactome:AKT phosphorylates targets in the cytosol [R-HSA-198323]	14	1	0.973464709672666	1
missMethyl_gsameth	reactome	hypomethylated	reactome:AKT phosphorylates targets in the nucleus [R-HSA-198693]	9	2	0.664081725063946	1
missMethyl_gsameth	reactome	hypomethylated	reactome:Negative regulation of the PI3K/AKT network [R-HSA-199418]	118	35	0.0558939319276626	1
missMethyl_gsameth	reactome	hypomethylated	reactome:Membrane Trafficking [R-HSA-199991]	630	109	0.959507054094098	1
missMethyl_gsameth	reactome	hypomethylated	reactome:Regulation of gene expression in beta cells [R-HSA-210745]	21	2	0.965516157656967	1
missMethyl_gsameth	reactome	hypomethylated	reactome:AKT-mediated inactivation of FOXO1A [R-HSA-211163]	4	1	0.736105252691322	1
missMethyl_gsameth	reactome	hypomethylated	reactome:Generic Transcription Pathway [R-HSA-212436]	1225	168	0.999999991701612	1
missMethyl_gsameth	reactome	hypomethylated	reactome:PI3K/AKT Signaling in Cancer [R-HSA-2219528]	109	31	0.157558650154431	1
missMethyl_gsameth	reactome	hypomethylated	reactome:Cellular responses to stress [R-HSA-2262752]	783	85	0.999999999806819	1
missMethyl_gsameth	reactome	hypomethylated	reactome:Transcriptional Regulation by TP53 [R-HSA-3700989]	355	42	0.999972605277533	1
missMethyl_gsameth	reactome	hypomethylated	reactome:Signaling by GPCR [R-HSA-372790]	699	172	0.00736028814840874	0.530139673392143
missMethyl_gsameth	reactome	hypomethylated	reactome:GPCR downstream signalling [R-HSA-388396]	626	163	0.000896557623064809	0.22912706920297
missMethyl_gsameth	reactome	hypomethylated	reactome:Costimulation by the CD28 family [R-HSA-388841]	66	18	0.319469002967807	1
missMethyl_gsameth	reactome	hypomethylated	reactome:CD28 co-stimulation [R-HSA-389356]	33	9	0.413845667825903	1
missMethyl_gsameth	reactome	hypomethylated	reactome:CD28 dependent PI3K/Akt signaling [R-HSA-389357]	22	6	0.460495172063274	1
missMethyl_gsameth	reactome	hypomethylated	reactome:CTLA4 inhibitory signaling [R-HSA-389513]	21	7	0.176412494157476	1
missMethyl_gsameth	reactome	hypomethylated	reactome:G beta:gamma signalling through PI3Kgamma [R-HSA-392451]	25	6	0.495307264199725	1
missMethyl_gsameth	reactome	hypomethylated	reactome:G-protein beta:gamma signalling [R-HSA-397795]	32	6	0.736052280094511	1
missMethyl_gsameth	reactome	hypomethylated	reactome:VEGFA-VEGFR2 Pathway [R-HSA-4420097]	99	17	0.961338336373637	1
missMethyl_gsameth	reactome	hypomethylated	reactome:Mitotic G1 phase and G1/S transition [R-HSA-453279]	147	16	0.997754231423281	1
missMethyl_gsameth	reactome	hypomethylated	reactome:VEGFR2 mediated vascular permeability [R-HSA-5218920]	29	4	0.946243253570221	1
missMethyl_gsameth	reactome	hypomethylated	reactome:Programmed Cell Death [R-HSA-5357801]	211	31	0.974133521445846	1
missMethyl_gsameth	reactome	hypomethylated	reactome:TP53 Regulates Metabolic Genes [R-HSA-5628897]	81	12	0.860443675551242	1
missMethyl_gsameth	reactome	hypomethylated	reactome:Regulation of TP53 Activity [R-HSA-5633007]	160	23	0.983794871806122	1
missMethyl_gsameth	reactome	hypomethylated	reactome:Vesicle-mediated transport [R-HSA-5653656]	669	116	0.964925298706142	1
missMethyl_gsameth	reactome	hypomethylated	reactome:Diseases of signal transduction by growth factor receptors and second messengers [R-HSA-5663202]	463	85	0.979607148366104	1
missMethyl_gsameth	reactome	hypomethylated	reactome:Infectious disease [R-HSA-5663205]	998	148	0.999919300325276	1
missMethyl_gsameth	reactome	hypomethylated	reactome:Constitutive Signaling by AKT1 E17K in Cancer [R-HSA-5674400]	25	3	0.953688808590092	1
missMethyl_gsameth	reactome	hypomethylated	reactome:Regulation of TP53 Degradation [R-HSA-6804757]	36	5	0.932148554129335	1
missMethyl_gsameth	reactome	hypomethylated	reactome:Regulation of TP53 Activity through Acetylation [R-HSA-6804758]	30	8	0.319796923196044	1
missMethyl_gsameth	reactome	hypomethylated	reactome:Regulation of TP53 Activity through Association with Co-factors [R-HSA-6804759]	14	2	0.925309904589164	1
missMethyl_gsameth	reactome	hypomethylated	reactome:Regulation of TP53 Expression and Degradation [R-HSA-6806003]	37	6	0.876313598922011	1
missMethyl_gsameth	reactome	hypomethylated	reactome:PTEN Regulation [R-HSA-6807070]	138	17	0.994291339989814	1
missMethyl_gsameth	reactome	hypomethylated	reactome:Cyclin E associated events during G1/S transition [R-HSA-69202]	82	8	0.989436222422507	1
missMethyl_gsameth	reactome	hypomethylated	reactome:G1/S Transition [R-HSA-69206]	129	13	0.996576369062237	1
missMethyl_gsameth	reactome	hypomethylated	reactome:S Phase [R-HSA-69242]	161	12	0.999952160912003	1
missMethyl_gsameth	reactome	hypomethylated	reactome:Cell Cycle, Mitotic [R-HSA-69278]	543	60	0.999999212805346	1
missMethyl_gsameth	reactome	hypomethylated	reactome:Cyclin A:Cdk2-associated events at S phase entry [R-HSA-69656]	84	8	0.992417714204949	1
missMethyl_gsameth	reactome	hypomethylated	reactome:RNA Polymerase II Transcription [R-HSA-73857]	1348	176	1.00000000003382	1
missMethyl_gsameth	reactome	hypomethylated	reactome:Gene expression (Transcription) [R-HSA-74160]	1538	199	1.0000000000016	1
missMethyl_gsameth	reactome	hypomethylated	reactome:Downregulation of ERBB2 signaling [R-HSA-8863795]	29	9	0.175301201593751	1
missMethyl_gsameth	reactome	hypomethylated	reactome:RAB GEFs exchange GTP for GDP on RABs [R-HSA-8876198]	89	14	0.867615717198817	1
missMethyl_gsameth	reactome	hypomethylated	reactome:Transcriptional regulation by RUNX2 [R-HSA-8878166]	118	20	0.899781897083735	1
missMethyl_gsameth	reactome	hypomethylated	reactome:ESR-mediated signaling [R-HSA-8939211]	212	39	0.80268248209253	1
missMethyl_gsameth	reactome	hypomethylated	reactome:RUNX2 regulates genes involved in cell migration [R-HSA-8941332]	8	4	0.0982046817454518	1
missMethyl_gsameth	reactome	hypomethylated	reactome:Regulation of PTEN stability and activity [R-HSA-8948751]	68	5	0.99669315006448	1
missMethyl_gsameth	reactome	hypomethylated	reactome:Cellular responses to stimuli [R-HSA-8953897]	797	85	1	1
missMethyl_gsameth	reactome	hypomethylated	reactome:Intracellular signaling by second messengers [R-HSA-9006925]	313	64	0.794808261453943	1
missMethyl_gsameth	reactome	hypomethylated	reactome:Signaling by Nuclear Receptors [R-HSA-9006931]	288	49	0.948655410252727	1
missMethyl_gsameth	reactome	hypomethylated	reactome:Signaling by Receptor Tyrosine Kinases [R-HSA-9006934]	534	136	0.0701981840854505	1
missMethyl_gsameth	reactome	hypomethylated	reactome:Rab regulation of trafficking [R-HSA-9007101]	122	17	0.956408525861411	1
missMethyl_gsameth	reactome	hypomethylated	reactome:Extra-nuclear estrogen signaling [R-HSA-9009391]	77	17	0.64486974727485	1
missMethyl_gsameth	reactome	hypomethylated	reactome:FLT3 Signaling [R-HSA-9607240]	38	9	0.490096280547549	1
missMethyl_gsameth	reactome	hypomethylated	reactome:FOXO-mediated transcription [R-HSA-9614085]	65	12	0.783584999073025	1
missMethyl_gsameth	reactome	hypomethylated	reactome:Regulation of localization of FOXO transcription factors [R-HSA-9614399]	11	4	0.272890610238592	1
missMethyl_gsameth	reactome	hypomethylated	reactome:Estrogen-dependent nuclear events downstream of ESR-membrane signaling [R-HSA-9634638]	24	8	0.15827283688429	1
missMethyl_gsameth	reactome	hypomethylated	reactome:SARS-CoV Infections [R-HSA-9679506]	403	63	0.977618512585423	1
missMethyl_gsameth	reactome	hypomethylated	reactome:SARS-CoV-2 Infection [R-HSA-9694516]	289	44	0.966937320423038	1
missMethyl_gsameth	reactome	hypomethylated	reactome:SARS-CoV-2-host interactions [R-HSA-9705683]	194	28	0.911515268788522	1
missMethyl_gsameth	reactome	hypomethylated	reactome:Cellular response to chemical stress [R-HSA-9711123]	206	19	0.999965711535766	1
missMethyl_gsameth	reactome	hypomethylated	reactome:MITF-M-regulated melanocyte development [R-HSA-9730414]	129	30	0.42791884237349	1
missMethyl_gsameth	reactome	hypomethylated	reactome:KEAP1-NFE2L2 pathway [R-HSA-9755511]	124	11	0.999531967922889	1
missMethyl_gsameth	reactome	hypomethylated	reactome:SARS-CoV-2 targets host intracellular signalling and regulatory pathways [R-HSA-9755779]	12	4	0.302082291628921	1
missMethyl_gsameth	reactome	hypomethylated	reactome:Viral Infection Pathways [R-HSA-9824446]	806	105	0.999987925853118	1
missMethyl_gsameth	reactome	hypomethylated	reactome:Transcriptional and post-translational regulation of MITF-M expression and activity [R-HSA-9856649]	50	10	0.611054107822074	1
missMethyl_gsameth	reactome	hypomethylated	reactome:PPARA activates gene expression [R-HSA-1989781]	117	24	0.565940114856123	1
missMethyl_gsameth	reactome	hypomethylated	reactome:Transcriptional regulation of white adipocyte differentiation [R-HSA-381340]	84	10	0.980846970019332	1
missMethyl_gsameth	reactome	hypomethylated	reactome:Regulation of lipid metabolism by PPARalpha [R-HSA-400206]	119	24	0.609214266689754	1
missMethyl_gsameth	reactome	hypomethylated	reactome:Metabolism of lipids [R-HSA-556833]	753	135	0.93539308615196	1
missMethyl_gsameth	reactome	hypomethylated	reactome:Respiratory Syncytial Virus Infection Pathway [R-HSA-9820952]	111	16	0.88806056940898	1
missMethyl_gsameth	reactome	hypomethylated	reactome:RSV-host interactions [R-HSA-9833110]	89	11	0.936909566195356	1
missMethyl_gsameth	reactome	hypomethylated	reactome:Adipogenesis [R-HSA-9843745]	109	15	0.976543211329311	1
missMethyl_gsameth	reactome	hypomethylated	reactome:Nuclear Receptor transcription pathway [R-HSA-383280]	52	15	0.280587213175521	1
missMethyl_gsameth	reactome	hypomethylated	reactome:Metabolism of amino acids and derivatives [R-HSA-71291]	363	42	0.998876922186347	1
missMethyl_gsameth	reactome	hypomethylated	reactome:Aspartate and asparagine metabolism [R-HSA-8963693]	11	1	0.90794003379101	1
missMethyl_gsameth	reactome	hypomethylated	reactome:DAP12 interactions [R-HSA-2172127]	40	11	0.246682513122645	1
missMethyl_gsameth	reactome	hypomethylated	reactome:Synthesis of bile acids and bile salts [R-HSA-192105]	33	6	0.655511404027984	1
missMethyl_gsameth	reactome	hypomethylated	reactome:Synthesis of bile acids and bile salts via 7alpha-hydroxycholesterol [R-HSA-193368]	23	2	0.937277586148446	1
missMethyl_gsameth	reactome	hypomethylated	reactome:Bile acid and bile salt metabolism [R-HSA-194068]	44	10	0.307717565330863	1
missMethyl_gsameth	reactome	hypomethylated	reactome:alpha-linolenic (omega3) and linoleic (omega6) acid metabolism [R-HSA-2046104]	13	5	0.0966533711121642	1
missMethyl_gsameth	reactome	hypomethylated	reactome:alpha-linolenic acid (ALA) metabolism [R-HSA-2046106]	13	5	0.0966533711121642	1
missMethyl_gsameth	reactome	hypomethylated	reactome:Beta-oxidation of pristanoyl-CoA [R-HSA-389887]	9	1	0.897876818149488	1
missMethyl_gsameth	reactome	hypomethylated	reactome:Beta-oxidation of very long chain fatty acids [R-HSA-390247]	11	1	0.866206428883012	1
missMethyl_gsameth	reactome	hypomethylated	reactome:Peroxisomal lipid metabolism [R-HSA-390918]	29	3	0.921225575422882	1
missMethyl_gsameth	reactome	hypomethylated	reactome:Metabolism of steroids [R-HSA-8957322]	154	25	0.862414860556351	1
missMethyl_gsameth	reactome	hypomethylated	reactome:Fatty acid metabolism [R-HSA-8978868]	175	31	0.779232917045957	1
missMethyl_gsameth	reactome	hypomethylated	reactome:Peroxisomal protein import [R-HSA-9033241]	63	4	0.997363378682993	1
missMethyl_gsameth	reactome	hypomethylated	reactome:Protein localization [R-HSA-9609507]	162	14	0.999395992014513	1
missMethyl_gsameth	reactome	hypomethylated	reactome:Signaling by Rho GTPases [R-HSA-194315]	688	138	0.801250629949943	1
missMethyl_gsameth	reactome	hypomethylated	reactome:RHO GTPase Effectors [R-HSA-195258]	313	49	0.96167938287233	1
missMethyl_gsameth	reactome	hypomethylated	reactome:Fcgamma receptor (FCGR) dependent phagocytosis [R-HSA-2029480]	86	20	0.6058087927503	1
missMethyl_gsameth	reactome	hypomethylated	reactome:Regulation of actin dynamics for phagocytic cup formation [R-HSA-2029482]	61	14	0.568555550984175	1
missMethyl_gsameth	reactome	hypomethylated	reactome:RHO GTPases Activate WASPs and WAVEs [R-HSA-5663213]	36	8	0.546044213851631	1
missMethyl_gsameth	reactome	hypomethylated	reactome:RHO GTPase cycle [R-HSA-9012999]	444	102	0.44967042014875	1
missMethyl_gsameth	reactome	hypomethylated	reactome:RAC1 GTPase cycle [R-HSA-9013149]	183	44	0.52942132565103	1
missMethyl_gsameth	reactome	hypomethylated	reactome:RAC2 GTPase cycle [R-HSA-9013404]	87	17	0.764577845286651	1
missMethyl_gsameth	reactome	hypomethylated	reactome:RAC3 GTPase cycle [R-HSA-9013423]	93	20	0.55198506693335	1
missMethyl_gsameth	reactome	hypomethylated	reactome:Leishmania infection [R-HSA-9658195]	164	37	0.528515886694443	1
missMethyl_gsameth	reactome	hypomethylated	reactome:Parasite infection [R-HSA-9664407]	59	15	0.441667061273316	1
missMethyl_gsameth	reactome	hypomethylated	reactome:Leishmania phagocytosis [R-HSA-9664417]	59	15	0.441667061273316	1
missMethyl_gsameth	reactome	hypomethylated	reactome:FCGR3A-mediated phagocytosis [R-HSA-9664422]	59	15	0.441667061273316	1
missMethyl_gsameth	reactome	hypomethylated	reactome:Signaling by Rho GTPases, Miro GTPases and RHOBTB3 [R-HSA-9716542]	704	143	0.740264083172843	1
missMethyl_gsameth	reactome	hypomethylated	reactome:Parasitic Infection Pathways [R-HSA-9824443]	164	37	0.528515886694443	1
missMethyl_gsameth	reactome	hypomethylated	reactome:Glycolysis [R-HSA-70171]	72	11	0.802960255730145	1
missMethyl_gsameth	reactome	hypomethylated	reactome:Glucose metabolism [R-HSA-70326]	83	13	0.794305141220901	1
missMethyl_gsameth	reactome	hypomethylated	reactome:Metabolism of carbohydrates [R-HSA-71387]	287	53	0.807349036253241	1
missMethyl_gsameth	reactome	hypomethylated	reactome:Muscle contraction [R-HSA-397014]	205	64	0.00633460625809171	0.49652134346513
missMethyl_gsameth	reactome	hypomethylated	reactome:Phase 3 - rapid repolarisation [R-HSA-5576890]	9	3	0.287782039427648	1
missMethyl_gsameth	reactome	hypomethylated	reactome:Cardiac conduction [R-HSA-5576891]	132	43	0.0168161122658144	0.852185817832493
missMethyl_gsameth	reactome	hypomethylated	reactome:Phase 2 - plateau phase [R-HSA-5576893]	15	4	0.511823092961263	1
missMethyl_gsameth	reactome	hypomethylated	reactome:Toll Like Receptor 4 (TLR4) Cascade [R-HSA-166016]	147	26	0.795346307306684	1
missMethyl_gsameth	reactome	hypomethylated	reactome:MyD88-independent TLR4 cascade [R-HSA-166166]	111	17	0.906629359394518	1
missMethyl_gsameth	reactome	hypomethylated	reactome:Toll Like Receptor 3 (TLR3) Cascade [R-HSA-168164]	106	17	0.872089331582054	1
missMethyl_gsameth	reactome	hypomethylated	reactome:Toll-like Receptor Cascades [R-HSA-168898]	172	28	0.913560001499427	1
missMethyl_gsameth	reactome	hypomethylated	reactome:DDX58/IFIH1-mediated induction of interferon-alpha/beta [R-HSA-168928]	73	5	0.998995372769942	1
missMethyl_gsameth	reactome	hypomethylated	reactome:TICAM1-dependent activation of IRF3/IRF7 [R-HSA-9013973]	13	1	0.893756172140302	1
missMethyl_gsameth	reactome	hypomethylated	reactome:TRAF6 mediated IRF7 activation [R-HSA-933541]	21	2	0.904497881093038	1
missMethyl_gsameth	reactome	hypomethylated	reactome:Activation of IRF3, IRF7 mediated by TBK1, IKK (IKBKE) [R-HSA-936964]	19	1	0.967814783343724	1
missMethyl_gsameth	reactome	hypomethylated	reactome:TRIF (TICAM1)-mediated TLR4 signaling [R-HSA-937061]	111	17	0.906629359394518	1
missMethyl_gsameth	reactome	hypomethylated	reactome:Regulation of TBK1, IKK (IKBKE)-mediated activation of IRF3, IRF7 [R-HSA-9824878]	15	0	1	1
missMethyl_gsameth	reactome	hypomethylated	reactome:Regulation of TBK1, IKK-mediated activation of IRF3, IRF7 upon TLR3 ligation [R-HSA-9828211]	11	0	1	1
missMethyl_gsameth	reactome	hypomethylated	reactome:Signaling by NOTCH [R-HSA-157118]	224	34	0.985430340832588	1
missMethyl_gsameth	reactome	hypomethylated	reactome:Macroautophagy [R-HSA-1632852]	141	14	0.999440212243898	1
missMethyl_gsameth	reactome	hypomethylated	reactome:Organelle biogenesis and maintenance [R-HSA-1852241]	293	32	0.999930863157469	1
missMethyl_gsameth	reactome	hypomethylated	reactome:Signaling by NOTCH1 [R-HSA-1980143]	74	12	0.941017394351898	1
missMethyl_gsameth	reactome	hypomethylated	reactome:NOTCH1 Intracellular Domain Regulates Transcription [R-HSA-2122947]	48	8	0.883767968543083	1
missMethyl_gsameth	reactome	hypomethylated	reactome:Signaling by NOTCH1 PEST Domain Mutants in Cancer [R-HSA-2644602]	58	9	0.926548032060968	1
missMethyl_gsameth	reactome	hypomethylated	reactome:Signaling by NOTCH1 in Cancer [R-HSA-2644603]	58	9	0.926548032060968	1
missMethyl_gsameth	reactome	hypomethylated	reactome:Constitutive Signaling by NOTCH1 PEST Domain Mutants [R-HSA-2644606]	58	9	0.926548032060968	1
missMethyl_gsameth	reactome	hypomethylated	reactome:Signaling by NOTCH1 HD+PEST Domain Mutants in Cancer [R-HSA-2894858]	58	9	0.926548032060968	1
missMethyl_gsameth	reactome	hypomethylated	reactome:Constitutive Signaling by NOTCH1 HD+PEST Domain Mutants [R-HSA-2894862]	58	9	0.926548032060968	1
missMethyl_gsameth	reactome	hypomethylated	reactome:HSF1 activation [R-HSA-3371511]	12	1	0.919730842674895	1
missMethyl_gsameth	reactome	hypomethylated	reactome:Cellular response to heat stress [R-HSA-3371556]	89	9	0.993376446733127	1
missMethyl_gsameth	reactome	hypomethylated	reactome:Notch-HLH transcription pathway [R-HSA-350054]	28	7	0.583785333230027	1
missMethyl_gsameth	reactome	hypomethylated	reactome:Cilium Assembly [R-HSA-5617833]	198	22	0.998528692703638	1
missMethyl_gsameth	reactome	hypomethylated	reactome:RUNX2 regulates osteoblast differentiation [R-HSA-8940973]	24	6	0.576037290994427	1
missMethyl_gsameth	reactome	hypomethylated	reactome:RUNX2 regulates bone development [R-HSA-8941326]	31	9	0.40417938806455	1
missMethyl_gsameth	reactome	hypomethylated	reactome:Autophagy [R-HSA-9612973]	156	16	0.999510718591103	1
missMethyl_gsameth	reactome	hypomethylated	reactome:Chaperone Mediated Autophagy [R-HSA-9613829]	22	2	0.930004401997705	1
missMethyl_gsameth	reactome	hypomethylated	reactome:Late endosomal microautophagy [R-HSA-9615710]	34	2	0.992137466062386	1
missMethyl_gsameth	reactome	hypomethylated	reactome:Aggrephagy [R-HSA-9646399]	42	6	0.833566565750221	1
missMethyl_gsameth	reactome	hypomethylated	reactome:Selective autophagy [R-HSA-9663891]	88	7	0.999226700050498	1
missMethyl_gsameth	reactome	hypomethylated	reactome:Sulfide oxidation to sulfate [R-HSA-1614517]	6	1	0.68716574195313	1
missMethyl_gsameth	reactome	hypomethylated	reactome:Degradation of cysteine and homocysteine [R-HSA-1614558]	15	1	0.925581762158053	1
missMethyl_gsameth	reactome	hypomethylated	reactome:Sulfur amino acid metabolism [R-HSA-1614635]	28	3	0.898586382443597	1
missMethyl_gsameth	reactome	hypomethylated	reactome:Immunoregulatory interactions between a Lymphoid and a non-Lymphoid cell [R-HSA-198933]	126	37	0.00223087970169986	0.353343809313111
missMethyl_gsameth	reactome	hypomethylated	reactome:Aerobic respiration and respiratory electron transport [R-HSA-1428517]	244	20	0.99996555024834	1
missMethyl_gsameth	reactome	hypomethylated	reactome:Respiratory electron transport [R-HSA-611105]	145	11	0.999337181311815	1
missMethyl_gsameth	reactome	hypomethylated	reactome:Complex IV assembly [R-HSA-9864848]	44	3	0.977245418856156	1
missMethyl_gsameth	reactome	hypomethylated	reactome:Keratinization [R-HSA-6805567]	205	47	0.0289360306251312	1
missMethyl_gsameth	reactome	hypomethylated	reactome:Beta defensins [R-HSA-1461957]	35	11	0.0334752540224344	1
missMethyl_gsameth	reactome	hypomethylated	reactome:Defensins [R-HSA-1461973]	44	12	0.0675482682570755	1
missMethyl_gsameth	reactome	hypomethylated	reactome:Antimicrobial peptides [R-HSA-6803157]	88	28	0.000561063403459143	0.180403562011926
missMethyl_gsameth	reactome	hypomethylated	reactome:L1CAM interactions [R-HSA-373760]	118	42	0.00287232183590903	0.369546519987968
missMethyl_gsameth	reactome	hypomethylated	reactome:Axon guidance [R-HSA-422475]	544	135	0.117831938140387	1
missMethyl_gsameth	reactome	hypomethylated	reactome:Nervous system development [R-HSA-9675108]	569	141	0.135857875535651	1
missMethyl_gsameth	reactome	hypomethylated	reactome:Telomere Maintenance [R-HSA-157579]	104	8	0.998780364952471	1
missMethyl_gsameth	reactome	hypomethylated	reactome:Polymerase switching on the C-strand of the telomere [R-HSA-174411]	26	3	0.837599194914432	1
missMethyl_gsameth	reactome	hypomethylated	reactome:Telomere C-strand (Lagging Strand) Synthesis [R-HSA-174417]	34	3	0.951827586680336	1
missMethyl_gsameth	reactome	hypomethylated	reactome:Telomere C-strand synthesis initiation [R-HSA-174430]	13	1	0.885486747143485	1
missMethyl_gsameth	reactome	hypomethylated	reactome:Extension of Telomeres [R-HSA-180786]	51	5	0.97478869001997	1
missMethyl_gsameth	reactome	hypomethylated	reactome:Chromosome Maintenance [R-HSA-73886]	130	11	0.998890947256002	1
missMethyl_gsameth	reactome	hypomethylated	reactome:Gamma carboxylation, hypusinylation, hydroxylation, and arylsulfatase activation [R-HSA-163841]	60	13	0.340853667567604	1
missMethyl_gsameth	reactome	hypomethylated	reactome:Protein hydroxylation [R-HSA-9629569]	20	3	0.704084653730901	1
missMethyl_gsameth	reactome	hypomethylated	reactome:Acyl chain remodelling of PC [R-HSA-1482788]	28	8	0.0998682405021853	1
missMethyl_gsameth	reactome	hypomethylated	reactome:Acyl chain remodelling of PS [R-HSA-1482801]	23	6	0.22030592899439	1
missMethyl_gsameth	reactome	hypomethylated	reactome:Acyl chain remodelling of PE [R-HSA-1482839]	30	8	0.103788981937762	1
missMethyl_gsameth	reactome	hypomethylated	reactome:Acyl chain remodelling of PG [R-HSA-1482925]	19	6	0.103908340535264	1
missMethyl_gsameth	reactome	hypomethylated	reactome:Hydrolysis of LPC [R-HSA-1483115]	9	3	0.142605164702012	1
missMethyl_gsameth	reactome	hypomethylated	reactome:Synthesis of PA [R-HSA-1483166]	39	7	0.696471355586552	1
missMethyl_gsameth	reactome	hypomethylated	reactome:Glycerophospholipid biosynthesis [R-HSA-1483206]	127	24	0.673670718115641	1
missMethyl_gsameth	reactome	hypomethylated	reactome:Phospholipid metabolism [R-HSA-1483257]	210	38	0.869405183425241	1
missMethyl_gsameth	reactome	hypomethylated	reactome:XBP1(S) activates chaperone genes [R-HSA-381038]	50	5	0.970933908013176	1
missMethyl_gsameth	reactome	hypomethylated	reactome:IRE1alpha activates chaperones [R-HSA-381070]	52	5	0.978288736736511	1
missMethyl_gsameth	reactome	hypomethylated	reactome:Unfolded Protein Response (UPR) [R-HSA-381119]	95	9	0.995481630728963	1
missMethyl_gsameth	reactome	hypomethylated	reactome:Regulation of PTEN gene transcription [R-HSA-8943724]	60	10	0.861020797035364	1
missMethyl_gsameth	reactome	hypomethylated	reactome:HIV Life Cycle [R-HSA-162587]	147	18	0.974047122596622	1
missMethyl_gsameth	reactome	hypomethylated	reactome:Budding and maturation of HIV virion [R-HSA-162588]	28	3	0.919568405994903	1
missMethyl_gsameth	reactome	hypomethylated	reactome:Late Phase of HIV Life Cycle [R-HSA-162599]	134	16	0.975978098260385	1
missMethyl_gsameth	reactome	hypomethylated	reactome:HIV Infection [R-HSA-162906]	227	29	0.989847919995172	1
missMethyl_gsameth	reactome	hypomethylated	reactome:Uptake and function of anthrax toxins [R-HSA-5210891]	13	4	0.395489790153406	1
missMethyl_gsameth	reactome	hypomethylated	reactome:RIPK1-mediated regulated necrosis [R-HSA-5213460]	32	4	0.859467569709534	1
missMethyl_gsameth	reactome	hypomethylated	reactome:Regulated Necrosis [R-HSA-5218859]	59	8	0.869732237945313	1
missMethyl_gsameth	reactome	hypomethylated	reactome:Uptake and actions of bacterial toxins [R-HSA-5339562]	31	11	0.0960248519751036	1
missMethyl_gsameth	reactome	hypomethylated	reactome:Regulation of necroptotic cell death [R-HSA-5675482]	32	4	0.859467569709534	1
missMethyl_gsameth	reactome	hypomethylated	reactome:Bacterial Infection Pathways [R-HSA-9824439]	73	20	0.148782032801017	1
missMethyl_gsameth	reactome	hypomethylated	reactome:Activation of BIM and translocation to mitochondria [R-HSA-111446]	3	0	1	1
missMethyl_gsameth	reactome	hypomethylated	reactome:BH3-only proteins associate with and inactivate anti-apoptotic BCL-2 members [R-HSA-111453]	9	2	0.694228298751825	1
missMethyl_gsameth	reactome	hypomethylated	reactome:NRAGE signals death through JNK [R-HSA-193648]	55	17	0.289967048593951	1
missMethyl_gsameth	reactome	hypomethylated	reactome:p75 NTR receptor-mediated signalling [R-HSA-193704]	93	22	0.438390410807067	1
missMethyl_gsameth	reactome	hypomethylated	reactome:Cell death signalling via NRAGE, NRIF and NADE [R-HSA-204998]	72	17	0.587607649941671	1
missMethyl_gsameth	reactome	hypomethylated	reactome:Signaling by BRAF and RAF1 fusions [R-HSA-6802952]	67	12	0.894877761180798	1
missMethyl_gsameth	reactome	hypomethylated	reactome:Oncogenic MAPK signaling [R-HSA-6802957]	84	17	0.776653578313434	1
missMethyl_gsameth	reactome	hypomethylated	reactome:Death Receptor Signaling [R-HSA-73887]	150	30	0.714018138842868	1
missMethyl_gsameth	reactome	hypomethylated	reactome:Deregulated CDK5 triggers multiple neurodegenerative pathways in Alzheimer's disease models [R-HSA-8862803]	22	4	0.744586950990743	1
missMethyl_gsameth	reactome	hypomethylated	reactome:Neurodegenerative Diseases [R-HSA-8863678]	22	4	0.744586950990743	1
missMethyl_gsameth	reactome	hypomethylated	reactome:Transcriptional regulation by RUNX3 [R-HSA-8878159]	95	16	0.913912562929243	1
missMethyl_gsameth	reactome	hypomethylated	reactome:RUNX3 regulates BCL2L11 (BIM) transcription [R-HSA-8952158]	5	2	0.484597909240003	1
missMethyl_gsameth	reactome	hypomethylated	reactome:FOXO-mediated transcription of cell death genes [R-HSA-9614657]	16	2	0.933686183321487	1
missMethyl_gsameth	reactome	hypomethylated	reactome:Diseases of programmed cell death [R-HSA-9645723]	94	8	0.997317414282726	1
missMethyl_gsameth	reactome	hypomethylated	reactome:Defective Intrinsic Pathway for Apoptosis [R-HSA-9734009]	25	4	0.822248595906454	1
missMethyl_gsameth	reactome	hypomethylated	reactome:Mitochondrial protein import [R-HSA-1268020]	63	3	0.998460321926728	1
missMethyl_gsameth	reactome	hypomethylated	reactome:Mitophagy [R-HSA-5205647]	40	2	0.997587892966232	1
missMethyl_gsameth	reactome	hypomethylated	reactome:PINK1-PRKN Mediated Mitophagy [R-HSA-5205685]	33	2	0.984969630167237	1
missMethyl_gsameth	reactome	hypomethylated	reactome:Signaling by SCF-KIT [R-HSA-1433557]	43	12	0.368135581544303	1
missMethyl_gsameth	reactome	hypomethylated	reactome:Regulation of KIT signaling [R-HSA-1433559]	16	6	0.234766934814756	1
missMethyl_gsameth	reactome	hypomethylated	reactome:Negative regulation of FLT3 [R-HSA-9706369]	15	2	0.821640677721886	1
missMethyl_gsameth	reactome	hypomethylated	reactome:Factors involved in megakaryocyte development and platelet production [R-HSA-983231]	156	29	0.883150094900689	1
missMethyl_gsameth	reactome	hypomethylated	reactome:Diseases of glycosylation [R-HSA-3781865]	140	32	0.484128296473511	1
missMethyl_gsameth	reactome	hypomethylated	reactome:Sialic acid metabolism [R-HSA-4085001]	33	11	0.0819517422020727	1
missMethyl_gsameth	reactome	hypomethylated	reactome:Defective GNE causes sialuria, NK and IBM2 [R-HSA-4085011]	1	0	1.00000000001642	1
missMethyl_gsameth	reactome	hypomethylated	reactome:Biosynthesis of the N-glycan precursor (dolichol lipid-linked oligosaccharide, LLO) and transfer to a nascent protein [R-HSA-446193]	79	15	0.554291190426382	1
missMethyl_gsameth	reactome	hypomethylated	reactome:Asparagine N-linked glycosylation [R-HSA-446203]	305	40	0.995684065660755	1
missMethyl_gsameth	reactome	hypomethylated	reactome:Synthesis of substrates in N-glycan biosythesis [R-HSA-446219]	64	15	0.285541064900056	1
missMethyl_gsameth	reactome	hypomethylated	reactome:Diseases associated with glycosylation precursor biosynthesis [R-HSA-5609975]	15	1	0.928755731197281	1
missMethyl_gsameth	reactome	hypomethylated	reactome:Neuronal System [R-HSA-112316]	409	134	3.06421727800266e-05	0.0204153476146927
missMethyl_gsameth	reactome	hypomethylated	reactome:HCN channels [R-HSA-1296061]	4	0	1	1
missMethyl_gsameth	reactome	hypomethylated	reactome:Potassium Channels [R-HSA-1296071]	103	34	0.0253218779862171	1
missMethyl_gsameth	reactome	hypomethylated	reactome:Class A/1 (Rhodopsin-like receptors) [R-HSA-373076]	330	77	0.0038715430827436	0.369546519987968
missMethyl_gsameth	reactome	hypomethylated	reactome:Peptide ligand-binding receptors [R-HSA-375276]	198	44	0.0388495733848206	1
missMethyl_gsameth	reactome	hypomethylated	reactome:G alpha (i) signalling events [R-HSA-418594]	316	66	0.4201944406865	1
missMethyl_gsameth	reactome	hypomethylated	reactome:Relaxin receptors [R-HSA-444821]	8	1	0.772076959003479	1
missMethyl_gsameth	reactome	hypomethylated	reactome:GPCR ligand binding [R-HSA-500792]	462	101	0.0499346528530361	1
missMethyl_gsameth	reactome	hypomethylated	reactome:Degradation of beta-catenin by the destruction complex [R-HSA-195253]	82	11	0.940357488609777	1
missMethyl_gsameth	reactome	hypomethylated	reactome:Signaling by WNT [R-HSA-195721]	319	47	0.999121732067321	1
missMethyl_gsameth	reactome	hypomethylated	reactome:Beta-catenin phosphorylation cascade [R-HSA-196299]	17	2	0.911304817720306	1
missMethyl_gsameth	reactome	hypomethylated	reactome:TCF dependent signaling in response to WNT [R-HSA-201681]	220	24	0.999922868592045	1
missMethyl_gsameth	reactome	hypomethylated	reactome:Disassembly of the destruction complex and recruitment of AXIN to the membrane [R-HSA-4641262]	31	3	0.985405306075166	1
missMethyl_gsameth	reactome	hypomethylated	reactome:Attachment of GPI anchor to uPAR [R-HSA-162791]	7	0	1	1
missMethyl_gsameth	reactome	hypomethylated	reactome:Post-translational modification: synthesis of GPI-anchored proteins [R-HSA-163125]	91	16	0.741028046947046	1
missMethyl_gsameth	reactome	hypomethylated	reactome:G alpha (12/13) signalling events [R-HSA-416482]	76	21	0.319730294012157	1
missMethyl_gsameth	reactome	hypomethylated	reactome:Deubiquitination [R-HSA-5688426]	269	28	0.999925497109121	1
missMethyl_gsameth	reactome	hypomethylated	reactome:Ub-specific processing proteases [R-HSA-5689880]	191	16	0.999967201053159	1
missMethyl_gsameth	reactome	hypomethylated	reactome:Maternal to zygotic transition (MZT) [R-HSA-9816359]	106	13	0.955835355431139	1
missMethyl_gsameth	reactome	hypomethylated	reactome:Zygotic genome activation (ZGA) [R-HSA-9819196]	14	6	0.0446127424248338	1
missMethyl_gsameth	reactome	hypomethylated	reactome:Complement cascade [R-HSA-166658]	57	19	0.00323253189380702	0.369546519987968
missMethyl_gsameth	reactome	hypomethylated	reactome:Initial triggering of complement [R-HSA-166663]	22	8	0.0279851870790182	1
missMethyl_gsameth	reactome	hypomethylated	reactome:Activation of C3 and C5 [R-HSA-174577]	7	1	0.783969094549522	1
missMethyl_gsameth	reactome	hypomethylated	reactome:Regulation of Complement cascade [R-HSA-977606]	46	14	0.0226361812096729	0.9889413594062
missMethyl_gsameth	reactome	hypomethylated	reactome:Neddylation [R-HSA-8951664]	243	29	0.998221443499808	1
missMethyl_gsameth	reactome	hypomethylated	reactome:Antigen processing: Ubiquitination & Proteasome degradation [R-HSA-983168]	306	45	0.989483581325632	1
missMethyl_gsameth	reactome	hypomethylated	reactome:Class I MHC mediated antigen processing & presentation [R-HSA-983169]	378	56	0.99341852552171	1
missMethyl_gsameth	reactome	hypomethylated	reactome:Caspase activation via Death Receptors in the presence of ligand [R-HSA-140534]	17	1	0.972956765700109	1
missMethyl_gsameth	reactome	hypomethylated	reactome:Toll Like Receptor 9 (TLR9) Cascade [R-HSA-168138]	111	18	0.872550170900369	1
missMethyl_gsameth	reactome	hypomethylated	reactome:Toll Like Receptor 7/8 (TLR7/8) Cascade [R-HSA-168181]	108	18	0.853457125394527	1
missMethyl_gsameth	reactome	hypomethylated	reactome:ER to Golgi Anterograde Transport [R-HSA-199977]	154	20	0.971752323490255	1
missMethyl_gsameth	reactome	hypomethylated	reactome:TRIF-mediated programmed cell death [R-HSA-2562578]	10	1	0.849273658321202	1
missMethyl_gsameth	reactome	hypomethylated	reactome:Caspase activation via extrinsic apoptotic signalling pathway [R-HSA-5357769]	27	4	0.874681739293676	1
missMethyl_gsameth	reactome	hypomethylated	reactome:COPI-mediated anterograde transport [R-HSA-6807878]	100	17	0.661355217268635	1
missMethyl_gsameth	reactome	hypomethylated	reactome:COPI-dependent Golgi-to-ER retrograde traffic [R-HSA-6811434]	98	17	0.671975773046762	1
missMethyl_gsameth	reactome	hypomethylated	reactome:Intra-Golgi and retrograde Golgi-to-ER traffic [R-HSA-6811442]	201	37	0.636793910449223	1
missMethyl_gsameth	reactome	hypomethylated	reactome:Golgi-to-ER retrograde transport [R-HSA-8856688]	132	25	0.55872944575464	1
missMethyl_gsameth	reactome	hypomethylated	reactome:IKK complex recruitment mediated by RIP1 [R-HSA-937041]	25	2	0.932248909071501	1
missMethyl_gsameth	reactome	hypomethylated	reactome:TRAF6-mediated induction of TAK1 complex within TLR4 complex [R-HSA-937072]	17	1	0.95369648828949	1
missMethyl_gsameth	reactome	hypomethylated	reactome:Transport to the Golgi and subsequent modification [R-HSA-948021]	185	26	0.964241454622842	1
missMethyl_gsameth	reactome	hypomethylated	reactome:TRAF6 mediated induction of NFkB and MAP kinases upon TLR7/8 or 9 activation [R-HSA-975138]	103	17	0.848962234088075	1
missMethyl_gsameth	reactome	hypomethylated	reactome:MyD88 dependent cascade initiated on endosome [R-HSA-975155]	104	18	0.795543603839293	1
missMethyl_gsameth	reactome	hypomethylated	reactome:IRAK2 mediated activation of TAK1 complex upon TLR7/8 or 9 stimulation [R-HSA-975163]	16	1	0.936879120600567	1
missMethyl_gsameth	reactome	hypomethylated	reactome:POLB-Dependent Long Patch Base Excision Repair [R-HSA-110362]	9	1	0.80942279383839	1
missMethyl_gsameth	reactome	hypomethylated	reactome:Resolution of AP sites via the multiple-nucleotide patch replacement pathway [R-HSA-110373]	26	2	0.968715412287794	1
missMethyl_gsameth	reactome	hypomethylated	reactome:HDR through MMEJ (alt-NHEJ) [R-HSA-5685939]	12	2	0.616390102331929	1
missMethyl_gsameth	reactome	hypomethylated	reactome:DNA Double-Strand Break Repair [R-HSA-5693532]	161	15	0.999614188564445	1
missMethyl_gsameth	reactome	hypomethylated	reactome:Homology Directed Repair [R-HSA-5693538]	131	14	0.993803170180722	1
missMethyl_gsameth	reactome	hypomethylated	reactome:DNA Damage Recognition in GG-NER [R-HSA-5696394]	38	2	0.985519654621709	1
missMethyl_gsameth	reactome	hypomethylated	reactome:Formation of Incision Complex in GG-NER [R-HSA-5696395]	42	4	0.952952080325224	1
missMethyl_gsameth	reactome	hypomethylated	reactome:Nucleotide Excision Repair [R-HSA-5696398]	107	10	0.993750669158144	1
missMethyl_gsameth	reactome	hypomethylated	reactome:Global Genome Nucleotide Excision Repair (GG-NER) [R-HSA-5696399]	83	7	0.992068534106434	1
missMethyl_gsameth	reactome	hypomethylated	reactome:Dual Incision in GG-NER [R-HSA-5696400]	40	3	0.986756923864164	1
missMethyl_gsameth	reactome	hypomethylated	reactome:Base Excision Repair [R-HSA-73884]	83	4	0.999729206118789	1
missMethyl_gsameth	reactome	hypomethylated	reactome:DNA Repair [R-HSA-73894]	322	25	0.999999967281645	1
missMethyl_gsameth	reactome	hypomethylated	reactome:Resolution of Abasic Sites (AP sites) [R-HSA-73933]	39	3	0.977540817856299	1
missMethyl_gsameth	reactome	hypomethylated	reactome:Pre-NOTCH Transcription and Translation [R-HSA-1912408]	82	10	0.970895388671312	1
missMethyl_gsameth	reactome	hypomethylated	reactome:Pre-NOTCH Expression and Processing [R-HSA-1912422]	98	15	0.90062203646557	1
missMethyl_gsameth	reactome	hypomethylated	reactome:Signaling by NOTCH2 [R-HSA-1980145]	33	4	0.944749734207881	1
missMethyl_gsameth	reactome	hypomethylated	reactome:Regulation of gene expression in late stage (branching morphogenesis) pancreatic bud precursor cells [R-HSA-210744]	16	2	0.946929301527629	1
missMethyl_gsameth	reactome	hypomethylated	reactome:NOTCH2 intracellular domain regulates transcription [R-HSA-2197563]	12	2	0.780882333012766	1
missMethyl_gsameth	reactome	hypomethylated	reactome:RUNX3 regulates NOTCH signaling [R-HSA-8941856]	14	3	0.760159122044495	1
missMethyl_gsameth	reactome	hypomethylated	reactome:Signaling by NOTCH3 [R-HSA-9012852]	49	9	0.8423206741959	1
missMethyl_gsameth	reactome	hypomethylated	reactome:NOTCH3 Intracellular Domain Regulates Transcription [R-HSA-9013508]	25	5	0.775271289948609	1
missMethyl_gsameth	reactome	hypomethylated	reactome:Signaling by NOTCH4 [R-HSA-9013694]	81	7	0.997977333971273	1
missMethyl_gsameth	reactome	hypomethylated	reactome:NOTCH4 Intracellular Domain Regulates Transcription [R-HSA-9013695]	20	4	0.795663184331874	1
missMethyl_gsameth	reactome	hypomethylated	reactome:Gastrulation [R-HSA-9758941]	124	17	0.995358820240011	1
missMethyl_gsameth	reactome	hypomethylated	reactome:Formation of paraxial mesoderm [R-HSA-9793380]	68	9	0.946628838370426	1
missMethyl_gsameth	reactome	hypomethylated	reactome:RAF/MAP kinase cascade [R-HSA-5673001]	276	60	0.562537118869037	1
missMethyl_gsameth	reactome	hypomethylated	reactome:MAPK family signaling cascades [R-HSA-5683057]	321	68	0.678029256676662	1
missMethyl_gsameth	reactome	hypomethylated	reactome:MAPK1/MAPK3 signaling [R-HSA-5684996]	282	61	0.575477833111794	1
missMethyl_gsameth	reactome	hypomethylated	reactome:Signaling by MET [R-HSA-6806834]	79	25	0.0269805985837243	1
missMethyl_gsameth	reactome	hypomethylated	reactome:Pyruvate metabolism [R-HSA-70268]	48	3	0.996337358922194	1
missMethyl_gsameth	reactome	hypomethylated	reactome:MET activates RAS signaling [R-HSA-8851805]	11	3	0.389121693146363	1
missMethyl_gsameth	reactome	hypomethylated	reactome:Regulation of pyruvate metabolism [R-HSA-9861718]	33	3	0.936815241582108	1
missMethyl_gsameth	reactome	hypomethylated	reactome:Regulation of HSF1-mediated heat shock response [R-HSA-3371453]	69	6	0.991886684665897	1
missMethyl_gsameth	reactome	hypomethylated	reactome:Apoptotic cleavage of cellular proteins [R-HSA-111465]	38	9	0.490571400033948	1
missMethyl_gsameth	reactome	hypomethylated	reactome:Apoptotic cleavage of cell adhesion  proteins [R-HSA-351906]	11	3	0.393950843004332	1
missMethyl_gsameth	reactome	hypomethylated	reactome:Apoptotic execution phase [R-HSA-75153]	52	12	0.386976018041927	1
missMethyl_gsameth	reactome	hypomethylated	reactome:Transcriptional regulation by RUNX1 [R-HSA-8878171]	223	37	0.926421090639799	1
missMethyl_gsameth	reactome	hypomethylated	reactome:RUNX1 regulates expression of components of tight junctions [R-HSA-8935964]	5	3	0.0849263427146745	1
missMethyl_gsameth	reactome	hypomethylated	reactome:Condensation of Prophase Chromosomes [R-HSA-2299718]	63	2	0.999859188059476	1
missMethyl_gsameth	reactome	hypomethylated	reactome:Condensation of Prometaphase Chromosomes [R-HSA-2514853]	11	0	1	1
missMethyl_gsameth	reactome	hypomethylated	reactome:Mitotic Prophase [R-HSA-68875]	131	12	0.997936059966938	1
missMethyl_gsameth	reactome	hypomethylated	reactome:Mitotic Prometaphase [R-HSA-68877]	201	27	0.974999462110017	1
missMethyl_gsameth	reactome	hypomethylated	reactome:M Phase [R-HSA-68886]	400	40	0.999996527757199	1
missMethyl_gsameth	reactome	hypomethylated	reactome:Electric Transmission Across Gap Junctions [R-HSA-112303]	5	1	0.734098832960787	1
missMethyl_gsameth	reactome	hypomethylated	reactome:Transmission across Electrical Synapses [R-HSA-112307]	5	1	0.734098832960787	1
missMethyl_gsameth	reactome	hypomethylated	reactome:Gap junction trafficking and regulation [R-HSA-157858]	48	9	0.573904641528786	1
missMethyl_gsameth	reactome	hypomethylated	reactome:Gap junction trafficking [R-HSA-190828]	46	8	0.632584148995751	1
missMethyl_gsameth	reactome	hypomethylated	reactome:Gap junction assembly [R-HSA-190861]	35	6	0.593605550334751	1
missMethyl_gsameth	reactome	hypomethylated	reactome:Antiviral mechanism by IFN-stimulated genes [R-HSA-1169410]	146	16	0.996462803533227	1
missMethyl_gsameth	reactome	hypomethylated	reactome:Amplification of signal from the kinetochores [R-HSA-141424]	94	13	0.878342458879173	1
missMethyl_gsameth	reactome	hypomethylated	reactome:Amplification  of signal from unattached  kinetochores via a MAD2  inhibitory signal [R-HSA-141444]	94	13	0.878342458879173	1
missMethyl_gsameth	reactome	hypomethylated	reactome:Separation of Sister Chromatids [R-HSA-2467813]	186	19	0.996887894889781	1
missMethyl_gsameth	reactome	hypomethylated	reactome:Resolution of Sister Chromatid Cohesion [R-HSA-2500257]	124	17	0.896459942386019	1
missMethyl_gsameth	reactome	hypomethylated	reactome:Mitotic Metaphase and Anaphase [R-HSA-2555396]	230	23	0.999478846218545	1
missMethyl_gsameth	reactome	hypomethylated	reactome:RHO GTPases Activate Formins [R-HSA-5663220]	137	19	0.941704630114422	1
missMethyl_gsameth	reactome	hypomethylated	reactome:Deposition of new CENPA-containing nucleosomes at the centromere [R-HSA-606279]	63	4	0.99523477992963	1
missMethyl_gsameth	reactome	hypomethylated	reactome:Fanconi Anemia Pathway [R-HSA-6783310]	38	3	0.982909296192967	1
missMethyl_gsameth	reactome	hypomethylated	reactome:Mitotic Anaphase [R-HSA-68882]	229	23	0.999396305340336	1
missMethyl_gsameth	reactome	hypomethylated	reactome:Mitotic Spindle Checkpoint [R-HSA-69618]	110	13	0.964085880938102	1
missMethyl_gsameth	reactome	hypomethylated	reactome:Cell Cycle Checkpoints [R-HSA-69620]	281	27	0.999932884641767	1
missMethyl_gsameth	reactome	hypomethylated	reactome:Nucleosome assembly [R-HSA-774815]	63	4	0.99523477992963	1
missMethyl_gsameth	reactome	hypomethylated	reactome:Interferon Signaling [R-HSA-913531]	255	39	0.985871334120466	1
missMethyl_gsameth	reactome	hypomethylated	reactome:EML4 and NUDC in mitotic spindle formation [R-HSA-9648025]	114	16	0.884959800718011	1
missMethyl_gsameth	reactome	hypomethylated	reactome:PKR-mediated signaling [R-HSA-9833482]	72	8	0.985227059674933	1
missMethyl_gsameth	reactome	hypomethylated	reactome:Nuclear Envelope (NE) Reassembly [R-HSA-2995410]	72	7	0.981470537871281	1
missMethyl_gsameth	reactome	hypomethylated	reactome:Pyroptosis [R-HSA-5620971]	27	4	0.76002903271229	1
missMethyl_gsameth	reactome	hypomethylated	reactome:Endosomal Sorting Complex Required For Transport (ESCRT) [R-HSA-917729]	31	3	0.938948974532592	1
missMethyl_gsameth	reactome	hypomethylated	reactome:HCMV Infection [R-HSA-9609646]	149	14	0.998343982055191	1
missMethyl_gsameth	reactome	hypomethylated	reactome:HCMV Late Events [R-HSA-9610379]	106	8	0.998168682065962	1
missMethyl_gsameth	reactome	hypomethylated	reactome:Sealing of the nuclear envelope (NE) by ESCRT-III [R-HSA-9668328]	28	3	0.886415631474124	1
missMethyl_gsameth	reactome	hypomethylated	reactome:SARS-CoV-1 Infection [R-HSA-9678108]	141	19	0.940614970049579	1
missMethyl_gsameth	reactome	hypomethylated	reactome:Translation of Replicase and Assembly of the Replication Transcription Complex [R-HSA-9679504]	13	0	1	1
missMethyl_gsameth	reactome	hypomethylated	reactome:Translation of Replicase and Assembly of the Replication Transcription Complex [R-HSA-9694676]	14	0	1	1
missMethyl_gsameth	reactome	hypomethylated	reactome:Early SARS-CoV-2 Infection Events [R-HSA-9772572]	37	4	0.973336356385586	1
missMethyl_gsameth	reactome	hypomethylated	reactome:Purine catabolism [R-HSA-74259]	17	3	0.492085297337452	1
missMethyl_gsameth	reactome	hypomethylated	reactome:Nucleotide catabolism [R-HSA-8956319]	35	5	0.715446174424471	1
missMethyl_gsameth	reactome	hypomethylated	reactome:O-linked glycosylation [R-HSA-5173105]	107	41	0.000492765098833385	0.180403562011926
missMethyl_gsameth	reactome	hypomethylated	reactome:O-linked glycosylation of mucins [R-HSA-913709]	60	24	0.00214932612186688	0.353343809313111
missMethyl_gsameth	reactome	hypomethylated	reactome:DAP12 signaling [R-HSA-2424491]	29	5	0.81465053726679	1
missMethyl_gsameth	reactome	hypomethylated	reactome:Visual phototransduction [R-HSA-2187338]	101	13	0.982818158097194	1
missMethyl_gsameth	reactome	hypomethylated	reactome:The phototransduction cascade [R-HSA-2514856]	35	6	0.761675029856723	1
missMethyl_gsameth	reactome	hypomethylated	reactome:Inactivation, recovery and regulation of the phototransduction cascade [R-HSA-2514859]	34	6	0.743404782565175	1
missMethyl_gsameth	reactome	hypomethylated	reactome:RAS processing [R-HSA-9648002]	26	3	0.849386993141599	1
missMethyl_gsameth	reactome	hypomethylated	reactome:Potential therapeutics for SARS [R-HSA-9679191]	98	17	0.80360907741963	1
missMethyl_gsameth	reactome	hypomethylated	reactome:Sensory Perception [R-HSA-9709957]	576	208	3.9658398374164e-22	3.52298772223823e-19
missMethyl_gsameth	reactome	hypomethylated	reactome:Host Interactions of HIV factors [R-HSA-162909]	128	18	0.903079745984928	1
missMethyl_gsameth	reactome	hypomethylated	reactome:Nef-mediates down modulation of cell surface receptors by recruiting them to clathrin adapters [R-HSA-164938]	21	2	0.963053593984347	1
missMethyl_gsameth	reactome	hypomethylated	reactome:Nef mediated downregulation of MHC class I complex cell surface expression [R-HSA-164940]	10	1	0.876525462987137	1
missMethyl_gsameth	reactome	hypomethylated	reactome:The role of Nef in HIV-1 replication and disease pathogenesis [R-HSA-164952]	28	7	0.513292272309099	1
missMethyl_gsameth	reactome	hypomethylated	reactome:trans-Golgi Network Vesicle Budding [R-HSA-199992]	71	13	0.616722276512082	1
missMethyl_gsameth	reactome	hypomethylated	reactome:MHC class II antigen presentation [R-HSA-2132295]	120	22	0.734226702060407	1
missMethyl_gsameth	reactome	hypomethylated	reactome:Lysosome Vesicle Biogenesis [R-HSA-432720]	34	7	0.448276346759993	1
missMethyl_gsameth	reactome	hypomethylated	reactome:Golgi Associated Vesicle Biogenesis [R-HSA-432722]	55	9	0.76994414071838	1
missMethyl_gsameth	reactome	hypomethylated	reactome:Oxidative Stress Induced Senescence [R-HSA-2559580]	112	11	0.997557937438442	1
missMethyl_gsameth	reactome	hypomethylated	reactome:Cellular Senescence [R-HSA-2559583]	183	20	0.999214987048291	1
missMethyl_gsameth	reactome	hypomethylated	reactome:SUMOylation [R-HSA-2990846]	185	31	0.941188317346937	1
missMethyl_gsameth	reactome	hypomethylated	reactome:SUMOylation of DNA damage response and repair proteins [R-HSA-3108214]	76	13	0.747121513926994	1
missMethyl_gsameth	reactome	hypomethylated	reactome:SUMO E3 ligases SUMOylate target proteins [R-HSA-3108232]	179	30	0.947051474723873	1
missMethyl_gsameth	reactome	hypomethylated	reactome:SUMOylation of transcription cofactors [R-HSA-3899300]	44	4	0.993095207593945	1
missMethyl_gsameth	reactome	hypomethylated	reactome:SUMOylation of chromatin organization proteins [R-HSA-4551638]	67	10	0.802321208127227	1
missMethyl_gsameth	reactome	hypomethylated	reactome:SUMOylation of RNA binding proteins [R-HSA-4570464]	46	8	0.642820590474782	1
missMethyl_gsameth	reactome	hypomethylated	reactome:SUMOylation of DNA methylation proteins [R-HSA-4655427]	16	3	0.793581422649394	1
missMethyl_gsameth	reactome	hypomethylated	reactome:RUNX1 interacts with co-factors whose precise effect on RUNX1 targets is not known [R-HSA-8939243]	37	8	0.618461553054886	1
missMethyl_gsameth	reactome	hypomethylated	reactome:Transcriptional Regulation by E2F6 [R-HSA-8953750]	34	4	0.940273706639592	1
missMethyl_gsameth	reactome	hypomethylated	reactome:Stimuli-sensing channels [R-HSA-2672351]	108	25	0.494992433494617	1
missMethyl_gsameth	reactome	hypomethylated	reactome:Transport of small molecules [R-HSA-382551]	733	148	0.611429399340955	1
missMethyl_gsameth	reactome	hypomethylated	reactome:Ion channel transport [R-HSA-983712]	185	45	0.27361467380784	1
missMethyl_gsameth	reactome	hypomethylated	reactome:Formation of TC-NER Pre-Incision Complex [R-HSA-6781823]	50	4	0.979753972523185	1
missMethyl_gsameth	reactome	hypomethylated	reactome:Transcription-Coupled Nucleotide Excision Repair (TC-NER) [R-HSA-6781827]	75	7	0.9864580655553	1
missMethyl_gsameth	reactome	hypomethylated	reactome:Dual incision in TC-NER [R-HSA-6782135]	62	6	0.978651351534133	1
missMethyl_gsameth	reactome	hypomethylated	reactome:Gap-filling DNA repair synthesis and ligation in TC-NER [R-HSA-6782210]	61	6	0.97452751329825	1
missMethyl_gsameth	reactome	hypomethylated	reactome:mRNA Splicing - Major Pathway [R-HSA-72163]	204	10	0.99999998562419	1
missMethyl_gsameth	reactome	hypomethylated	reactome:mRNA Splicing [R-HSA-72172]	212	10	0.999999994325369	1
missMethyl_gsameth	reactome	hypomethylated	reactome:Processing of Capped Intron-Containing Pre-mRNA [R-HSA-72203]	282	17	0.999999991991126	1
missMethyl_gsameth	reactome	hypomethylated	reactome:Metabolism of RNA [R-HSA-8953854]	718	53	1.00000000000001	1
missMethyl_gsameth	reactome	hypomethylated	reactome:SUMO is conjugated to E1 (UBA2:SAE1) [R-HSA-3065676]	5	1	0.533429680055632	1
missMethyl_gsameth	reactome	hypomethylated	reactome:SUMO is transferred from E1 to E2 (UBE2I, UBC9) [R-HSA-3065678]	7	1	0.744285757285065	1
missMethyl_gsameth	reactome	hypomethylated	reactome:Processing and activation of SUMO [R-HSA-3215018]	10	1	0.829712953477378	1
missMethyl_gsameth	reactome	hypomethylated	reactome:Cytosolic tRNA aminoacylation [R-HSA-379716]	23	0	1	1
missMethyl_gsameth	reactome	hypomethylated	reactome:tRNA Aminoacylation [R-HSA-379724]	41	2	0.997587185729512	1
missMethyl_gsameth	reactome	hypomethylated	reactome:Translation [R-HSA-72766]	291	19	0.999999743154582	1
missMethyl_gsameth	reactome	hypomethylated	reactome:Glycosaminoglycan metabolism [R-HSA-1630316]	125	34	0.163671300335938	1
missMethyl_gsameth	reactome	hypomethylated	reactome:Hyaluronan metabolism [R-HSA-2142845]	17	4	0.506942991559551	1
missMethyl_gsameth	reactome	hypomethylated	reactome:Hyaluronan biosynthesis and export [R-HSA-2142850]	5	3	0.109169055253875	1
missMethyl_gsameth	reactome	hypomethylated	reactome:ABC-family proteins mediated transport [R-HSA-382556]	102	12	0.969567125198605	1
missMethyl_gsameth	reactome	hypomethylated	reactome:Azathioprine ADME [R-HSA-9748787]	24	3	0.90119743899089	1
missMethyl_gsameth	reactome	hypomethylated	reactome:Mitochondrial ABC transporters [R-HSA-1369007]	4	0	1	1
missMethyl_gsameth	reactome	hypomethylated	reactome:ABC transporter disorders [R-HSA-5619084]	77	4	0.999464916370103	1
missMethyl_gsameth	reactome	hypomethylated	reactome:Disorders of transmembrane transporters [R-HSA-5619115]	175	26	0.907629383710989	1
missMethyl_gsameth	reactome	hypomethylated	reactome:Defective ABCB6 causes MCOPCB7 [R-HSA-5683371]	1	0	0.999999999974873	1
missMethyl_gsameth	reactome	hypomethylated	reactome:Regulation of CDH11 Expression and Function [R-HSA-9759475]	28	5	0.818479421705827	1
missMethyl_gsameth	reactome	hypomethylated	reactome:Regulation of Homotypic Cell-Cell Adhesion [R-HSA-9759476]	31	6	0.750825024269128	1
missMethyl_gsameth	reactome	hypomethylated	reactome:Regulation of CDH11 function [R-HSA-9762292]	11	1	0.942610181636949	1
missMethyl_gsameth	reactome	hypomethylated	reactome:Regulation of Expression and Function of Type II Classical Cadherins [R-HSA-9764260]	31	6	0.750825024269128	1
missMethyl_gsameth	reactome	hypomethylated	reactome:CDH11 homotypic and heterotypic interactions [R-HSA-9833576]	7	1	0.852189636264386	1
missMethyl_gsameth	reactome	hypomethylated	reactome:ATP sensitive Potassium channels [R-HSA-1296025]	4	0	1	1
missMethyl_gsameth	reactome	hypomethylated	reactome:Inwardly rectifying K+ channels [R-HSA-1296065]	35	10	0.248595753558463	1
missMethyl_gsameth	reactome	hypomethylated	reactome:Ion homeostasis [R-HSA-5578775]	56	17	0.145542635847354	1
missMethyl_gsameth	reactome	hypomethylated	reactome:Defective ABCC9 causes CMD10, ATFB12 and Cantu syndrome [R-HSA-5678420]	2	0	1	1
missMethyl_gsameth	reactome	hypomethylated	reactome:Nuclear events mediated by NFE2L2 [R-HSA-9759194]	95	10	0.990997584885338	1
missMethyl_gsameth	reactome	hypomethylated	reactome:NFE2L2 regulating MDR associated enzymes [R-HSA-9818032]	8	1	0.904867330877663	1
missMethyl_gsameth	reactome	hypomethylated	reactome:Plasma lipoprotein assembly, remodeling, and clearance [R-HSA-174824]	74	10	0.941981554906123	1
missMethyl_gsameth	reactome	hypomethylated	reactome:SUMOylation of intracellular receptors [R-HSA-4090294]	30	8	0.501371943949029	1
missMethyl_gsameth	reactome	hypomethylated	reactome:VLDLR internalisation and degradation [R-HSA-8866427]	16	3	0.687885706464422	1
missMethyl_gsameth	reactome	hypomethylated	reactome:Plasma lipoprotein clearance [R-HSA-8964043]	37	6	0.820221394375545	1
missMethyl_gsameth	reactome	hypomethylated	reactome:NR1H2 and NR1H3-mediated signaling [R-HSA-9024446]	47	5	0.984120035226489	1
missMethyl_gsameth	reactome	hypomethylated	reactome:NR1H2 & NR1H3 regulate gene expression linked to lipogenesis [R-HSA-9029558]	9	0	1	1
missMethyl_gsameth	reactome	hypomethylated	reactome:NR1H3 & NR1H2 regulate gene expression linked to cholesterol transport and efflux [R-HSA-9029569]	37	4	0.97337016374412	1
missMethyl_gsameth	reactome	hypomethylated	reactome:NR1H2 & NR1H3 regulate gene expression to limit cholesterol uptake [R-HSA-9031525]	5	1	0.792371706237711	1
missMethyl_gsameth	reactome	hypomethylated	reactome:NR1H2 & NR1H3 regulate gene expression linked to triglyceride lipolysis in adipose [R-HSA-9031528]	5	0	1	1
missMethyl_gsameth	reactome	hypomethylated	reactome:NR1H2 & NR1H3 regulate gene expression to control bile acid homeostasis [R-HSA-9623433]	9	0	1	1
missMethyl_gsameth	reactome	hypomethylated	reactome:NR1H2 & NR1H3 regulate gene expression linked to gluconeogenesis [R-HSA-9632974]	5	0	1	1
missMethyl_gsameth	reactome	hypomethylated	reactome:Formation of the cornified envelope [R-HSA-6809371]	125	39	0.000127079294571805	0.0605522266843686
missMethyl_gsameth	reactome	hypomethylated	reactome:Interleukin-1 family signaling [R-HSA-446652]	152	24	0.867520391340701	1
missMethyl_gsameth	reactome	hypomethylated	reactome:Signaling by Interleukins [R-HSA-449147]	465	92	0.470251569438412	1
missMethyl_gsameth	reactome	hypomethylated	reactome:Interleukin-37 signaling [R-HSA-9008059]	21	4	0.713917257245111	1
missMethyl_gsameth	reactome	hypomethylated	reactome:Interleukin-18 signaling [R-HSA-9012546]	8	3	0.165196213892484	1
missMethyl_gsameth	reactome	hypomethylated	reactome:Diseases associated with O-glycosylation of proteins [R-HSA-3906995]	65	25	0.0108997583782122	0.716119407820542
missMethyl_gsameth	reactome	hypomethylated	reactome:Defective GALNT3 causes HFTC [R-HSA-5083625]	15	7	0.0451713016630775	1
missMethyl_gsameth	reactome	hypomethylated	reactome:Defective C1GALT1C1 causes TNPS [R-HSA-5083632]	16	6	0.147910079250392	1
missMethyl_gsameth	reactome	hypomethylated	reactome:Defective GALNT12 causes CRCS1 [R-HSA-5083636]	15	6	0.121353340869858	1
missMethyl_gsameth	reactome	hypomethylated	reactome:Dectin-2 family [R-HSA-5621480]	24	9	0.082099570063353	1
missMethyl_gsameth	reactome	hypomethylated	reactome:C-type lectin receptors (CLRs) [R-HSA-5621481]	138	24	0.814468386362113	1
missMethyl_gsameth	reactome	hypomethylated	reactome:Termination of O-glycan biosynthesis [R-HSA-977068]	22	11	0.0117746098102484	0.717684876858161
missMethyl_gsameth	reactome	hypomethylated	reactome:snRNP Assembly [R-HSA-191859]	53	4	0.976813586074543	1
missMethyl_gsameth	reactome	hypomethylated	reactome:Metabolism of non-coding RNA [R-HSA-194441]	53	4	0.976813586074543	1
missMethyl_gsameth	reactome	hypomethylated	reactome:Ion transport by P-type ATPases [R-HSA-936837]	57	19	0.0419413547138457	1
missMethyl_gsameth	reactome	hypomethylated	reactome:mRNA Splicing - Minor Pathway [R-HSA-72165]	50	1	0.999851157114343	1
missMethyl_gsameth	reactome	hypomethylated	reactome:Heparan sulfate/heparin (HS-GAG) metabolism [R-HSA-1638091]	57	16	0.32107902516145	1
missMethyl_gsameth	reactome	hypomethylated	reactome:Chondroitin sulfate/dermatan sulfate metabolism [R-HSA-1793185]	50	12	0.561836854026871	1
missMethyl_gsameth	reactome	hypomethylated	reactome:Metabolism of vitamins and cofactors [R-HSA-196854]	200	34	0.864291813838399	1
missMethyl_gsameth	reactome	hypomethylated	reactome:A tetrasaccharide linker sequence is required for GAG synthesis [R-HSA-1971475]	26	4	0.919657584414594	1
missMethyl_gsameth	reactome	hypomethylated	reactome:HS-GAG biosynthesis [R-HSA-2022928]	31	10	0.24997918441478	1
missMethyl_gsameth	reactome	hypomethylated	reactome:HS-GAG degradation [R-HSA-2024096]	24	6	0.595747492916587	1
missMethyl_gsameth	reactome	hypomethylated	reactome:Diseases associated with glycosaminoglycan metabolism [R-HSA-3560782]	41	6	0.936925756698667	1
missMethyl_gsameth	reactome	hypomethylated	reactome:Defective B4GALT7 causes EDS, progeroid type [R-HSA-3560783]	20	3	0.918938462527517	1
missMethyl_gsameth	reactome	hypomethylated	reactome:Defective B3GAT3 causes JDSSDHD [R-HSA-3560801]	20	3	0.909599494980642	1
missMethyl_gsameth	reactome	hypomethylated	reactome:Defective EXT2 causes exostoses 2 [R-HSA-3656237]	14	3	0.784638493869356	1
missMethyl_gsameth	reactome	hypomethylated	reactome:Defective EXT1 causes exostoses 1, TRPS2 and CHDS [R-HSA-3656253]	14	3	0.784638493869356	1
missMethyl_gsameth	reactome	hypomethylated	reactome:Defective B3GALT6 causes EDSP2 and SEMDJL1 [R-HSA-4420332]	20	3	0.912638497225102	1
missMethyl_gsameth	reactome	hypomethylated	reactome:Metabolism of fat-soluble vitamins [R-HSA-6806667]	48	4	0.993604375952381	1
missMethyl_gsameth	reactome	hypomethylated	reactome:Attachment and Entry [R-HSA-9694614]	19	4	0.717080626301486	1
missMethyl_gsameth	reactome	hypomethylated	reactome:Retinoid metabolism and transport [R-HSA-975634]	44	4	0.990205289775913	1
missMethyl_gsameth	reactome	hypomethylated	reactome:Respiratory syncytial virus (RSV) attachment and entry [R-HSA-9820960]	23	5	0.697272953916549	1
missMethyl_gsameth	reactome	hypomethylated	reactome:Sensory processing of sound [R-HSA-9659379]	75	20	0.340783678035236	1
missMethyl_gsameth	reactome	hypomethylated	reactome:Sensory processing of sound by inner hair cells of the cochlea [R-HSA-9662360]	69	19	0.316207141737833	1
missMethyl_gsameth	reactome	hypomethylated	reactome:Sensory processing of sound by outer hair cells of the cochlea [R-HSA-9662361]	53	15	0.244923336647894	1
missMethyl_gsameth	reactome	hypomethylated	reactome:Epigenetic regulation of gene expression [R-HSA-212165]	240	20	0.99999594026096	1
missMethyl_gsameth	reactome	hypomethylated	reactome:NoRC negatively regulates rRNA expression [R-HSA-427413]	94	8	0.991901157566768	1
missMethyl_gsameth	reactome	hypomethylated	reactome:Negative epigenetic regulation of rRNA expression [R-HSA-5250941]	97	8	0.993968986390504	1
missMethyl_gsameth	reactome	hypomethylated	reactome:rRNA modification in the nucleus and cytosol [R-HSA-6790901]	60	2	0.999734230439072	1
missMethyl_gsameth	reactome	hypomethylated	reactome:Major pathway of rRNA processing in the nucleolus and cytosol [R-HSA-6791226]	183	9	0.999999275452822	1
missMethyl_gsameth	reactome	hypomethylated	reactome:rRNA processing [R-HSA-72312]	203	10	0.999999770466311	1
missMethyl_gsameth	reactome	hypomethylated	reactome:RNA Polymerase I Transcription Termination [R-HSA-73863]	30	3	0.914076454632162	1
missMethyl_gsameth	reactome	hypomethylated	reactome:RNA Polymerase I Transcription [R-HSA-73864]	99	8	0.996879840613796	1
missMethyl_gsameth	reactome	hypomethylated	reactome:rRNA processing in the nucleus and cytosol [R-HSA-8868773]	193	9	0.999999778664802	1
missMethyl_gsameth	reactome	hypomethylated	reactome:Cytochrome P450 - arranged by substrate type [R-HSA-211897]	65	17	0.130635348014041	1
missMethyl_gsameth	reactome	hypomethylated	reactome:Phase I - Functionalization of compounds [R-HSA-211945]	105	26	0.0884177535334366	1
missMethyl_gsameth	reactome	hypomethylated	reactome:Xenobiotics [R-HSA-211981]	24	6	0.320038216487793	1
missMethyl_gsameth	reactome	hypomethylated	reactome:Sphingolipid de novo biosynthesis [R-HSA-1660661]	36	7	0.681611690633035	1
missMethyl_gsameth	reactome	hypomethylated	reactome:Sphingolipid metabolism [R-HSA-428157]	105	19	0.780387581869576	1
missMethyl_gsameth	reactome	hypomethylated	reactome:Tandem pore domain potassium channels [R-HSA-1296346]	12	4	0.326335767559502	1
missMethyl_gsameth	reactome	hypomethylated	reactome:Tandem of pore domain in a weak inwardly rectifying K+ channels (TWIK) [R-HSA-1299308]	3	1	0.433427538092877	1
missMethyl_gsameth	reactome	hypomethylated	reactome:Phase 4 - resting membrane potential [R-HSA-5576886]	19	6	0.287349089708964	1
missMethyl_gsameth	reactome	hypomethylated	reactome:Regulation of CDH11 mRNA translation by microRNAs [R-HSA-9759811]	9	2	0.679922208443452	1
missMethyl_gsameth	reactome	hypomethylated	reactome:Dermatan sulfate biosynthesis [R-HSA-2022923]	11	2	0.780487811687284	1
missMethyl_gsameth	reactome	hypomethylated	reactome:mRNA Editing: C to U Conversion [R-HSA-72200]	8	3	0.13502438910647	1
missMethyl_gsameth	reactome	hypomethylated	reactome:mRNA Editing [R-HSA-75072]	10	4	0.11567621865631	1
missMethyl_gsameth	reactome	hypomethylated	reactome:Formation of the Editosome [R-HSA-75094]	8	3	0.13502438910647	1
missMethyl_gsameth	reactome	hypomethylated	reactome:EPH-Ephrin signaling [R-HSA-2682334]	92	21	0.691680756995428	1
missMethyl_gsameth	reactome	hypomethylated	reactome:EPHB-mediated forward signaling [R-HSA-3928662]	42	10	0.614257006247762	1
missMethyl_gsameth	reactome	hypomethylated	reactome:Clathrin-mediated endocytosis [R-HSA-8856828]	145	27	0.781440930053245	1
missMethyl_gsameth	reactome	hypomethylated	reactome:Amyloid fiber formation [R-HSA-977225]	100	10	0.985367048588299	1
missMethyl_gsameth	reactome	hypomethylated	reactome:Complex I biogenesis [R-HSA-6799198]	61	2	0.99973162700115	1
missMethyl_gsameth	reactome	hypomethylated	reactome:Degradation of the extracellular matrix [R-HSA-1474228]	139	42	0.0300427492439855	1
missMethyl_gsameth	reactome	hypomethylated	reactome:Extracellular matrix organization [R-HSA-1474244]	299	90	0.00355329609506974	0.369546519987968
missMethyl_gsameth	reactome	hypomethylated	reactome:Cytosolic iron-sulfur cluster assembly [R-HSA-2564830]	13	0	1	1
missMethyl_gsameth	reactome	hypomethylated	reactome:Mitochondrial translation [R-HSA-5368287]	93	6	0.996933812353593	1
missMethyl_gsameth	reactome	hypomethylated	reactome:Mitochondrial translation elongation [R-HSA-5389840]	87	5	0.997950532955219	1
missMethyl_gsameth	reactome	hypomethylated	reactome:CDC42 GTPase cycle [R-HSA-9013148]	152	38	0.421905507853354	1
missMethyl_gsameth	reactome	hypomethylated	reactome:RHOD GTPase cycle [R-HSA-9013405]	51	11	0.607018846467309	1
missMethyl_gsameth	reactome	hypomethylated	reactome:The retinoid cycle in cones (daylight vision) [R-HSA-2187335]	7	1	0.766497813177198	1
missMethyl_gsameth	reactome	hypomethylated	reactome:Retinoid cycle disease events [R-HSA-2453864]	13	1	0.934991758385535	1
missMethyl_gsameth	reactome	hypomethylated	reactome:Diseases associated with visual transduction [R-HSA-2474795]	13	1	0.934991758385535	1
missMethyl_gsameth	reactome	hypomethylated	reactome:Opsins [R-HSA-419771]	9	3	0.166017763187968	1
missMethyl_gsameth	reactome	hypomethylated	reactome:Diseases of the neuronal system [R-HSA-9675143]	13	1	0.934991758385535	1
missMethyl_gsameth	reactome	hypomethylated	reactome:Interferon gamma signaling [R-HSA-877300]	94	20	0.718878653359055	1
missMethyl_gsameth	reactome	hypomethylated	reactome:Reproduction [R-HSA-1474165]	146	17	0.983502978126799	1
missMethyl_gsameth	reactome	hypomethylated	reactome:Meiosis [R-HSA-1500620]	109	11	0.990148115640263	1
missMethyl_gsameth	reactome	hypomethylated	reactome:DNA Damage/Telomere Stress Induced Senescence [R-HSA-2559586]	71	4	0.998995317142183	1
missMethyl_gsameth	reactome	hypomethylated	reactome:HDR through Single Strand Annealing (SSA) [R-HSA-5685938]	37	2	0.994336260212842	1
missMethyl_gsameth	reactome	hypomethylated	reactome:HDR through Homologous Recombination (HRR) [R-HSA-5685942]	69	4	0.999271057746305	1
missMethyl_gsameth	reactome	hypomethylated	reactome:Resolution of D-Loop Structures [R-HSA-5693537]	36	3	0.978983630144708	1
missMethyl_gsameth	reactome	hypomethylated	reactome:Sensing of DNA Double Strand Breaks [R-HSA-5693548]	6	0	1	1
missMethyl_gsameth	reactome	hypomethylated	reactome:Resolution of D-loop Structures through Synthesis-Dependent Strand Annealing (SDSA) [R-HSA-5693554]	26	2	0.970962947089326	1
missMethyl_gsameth	reactome	hypomethylated	reactome:Recruitment and ATM-mediated phosphorylation of repair and signaling proteins at DNA double strand breaks [R-HSA-5693565]	69	5	0.998654896324148	1
missMethyl_gsameth	reactome	hypomethylated	reactome:HDR through Homologous Recombination (HRR) or Single Strand Annealing (SSA) [R-HSA-5693567]	125	12	0.997824946185	1
missMethyl_gsameth	reactome	hypomethylated	reactome:Resolution of D-loop Structures through Holliday Junction Intermediates [R-HSA-5693568]	35	3	0.97194527931938	1
missMethyl_gsameth	reactome	hypomethylated	reactome:Nonhomologous End-Joining (NHEJ) [R-HSA-5693571]	60	6	0.97347981547334	1
missMethyl_gsameth	reactome	hypomethylated	reactome:Homologous DNA Pairing and Strand Exchange [R-HSA-5693579]	42	3	0.98659464696494	1
missMethyl_gsameth	reactome	hypomethylated	reactome:DNA Double Strand Break Response [R-HSA-5693606]	70	5	0.99879715889841	1
missMethyl_gsameth	reactome	hypomethylated	reactome:Processing of DNA double-strand break ends [R-HSA-5693607]	89	8	0.993140742678879	1
missMethyl_gsameth	reactome	hypomethylated	reactome:Presynaptic phase of homologous DNA pairing and strand exchange [R-HSA-5693616]	39	3	0.977216887059634	1
missMethyl_gsameth	reactome	hypomethylated	reactome:Regulation of TP53 Activity through Phosphorylation [R-HSA-6804756]	92	9	0.991573359522133	1
missMethyl_gsameth	reactome	hypomethylated	reactome:G2/M DNA damage checkpoint [R-HSA-69473]	86	8	0.99143364686833	1
missMethyl_gsameth	reactome	hypomethylated	reactome:G2/M Checkpoints [R-HSA-69481]	158	12	0.999840903296384	1
missMethyl_gsameth	reactome	hypomethylated	reactome:Meiotic recombination [R-HSA-912446]	77	3	0.999899816231781	1
missMethyl_gsameth	reactome	hypomethylated	reactome:Diseases of DNA repair [R-HSA-9675135]	50	4	0.980462553814519	1
missMethyl_gsameth	reactome	hypomethylated	reactome:Diseases of DNA Double-Strand Break Repair [R-HSA-9675136]	40	3	0.98032878493001	1
missMethyl_gsameth	reactome	hypomethylated	reactome:Defective homologous recombination repair (HRR) due to BRCA2 loss of function [R-HSA-9701190]	40	3	0.98032878493001	1
missMethyl_gsameth	reactome	hypomethylated	reactome:Defective homologous recombination repair (HRR) due to BRCA1 loss of function [R-HSA-9701192]	24	2	0.946121700085307	1
missMethyl_gsameth	reactome	hypomethylated	reactome:Defective homologous recombination repair (HRR) due to PALB2 loss of function [R-HSA-9701193]	24	2	0.946121700085307	1
missMethyl_gsameth	reactome	hypomethylated	reactome:Defective HDR through Homologous Recombination Repair (HRR) due to PALB2 loss of BRCA1 binding function [R-HSA-9704331]	24	2	0.946121700085307	1
missMethyl_gsameth	reactome	hypomethylated	reactome:Defective HDR through Homologous Recombination Repair (HRR) due to PALB2 loss of BRCA2/RAD51/RAD51C binding function [R-HSA-9704646]	24	2	0.946121700085307	1
missMethyl_gsameth	reactome	hypomethylated	reactome:Impaired BRCA2 binding to RAD51 [R-HSA-9709570]	34	1	0.998508495967454	1
missMethyl_gsameth	reactome	hypomethylated	reactome:Impaired BRCA2 binding to PALB2 [R-HSA-9709603]	24	2	0.946121700085307	1
missMethyl_gsameth	reactome	hypomethylated	reactome:Mitotic Telophase/Cytokinesis [R-HSA-68884]	13	2	0.671248408786547	1
missMethyl_gsameth	reactome	hypomethylated	reactome:Kinesins [R-HSA-983189]	58	13	0.359546738407529	1
missMethyl_gsameth	reactome	hypomethylated	reactome:COPII-mediated vesicle transport [R-HSA-204005]	69	4	0.999376090965417	1
missMethyl_gsameth	reactome	hypomethylated	reactome:Cargo concentration in the ER [R-HSA-5694530]	33	2	0.991315815949954	1
missMethyl_gsameth	reactome	hypomethylated	reactome:Regulation of PLK1 Activity at G2/M Transition [R-HSA-2565942]	86	11	0.956842062417822	1
missMethyl_gsameth	reactome	hypomethylated	reactome:HSP90 chaperone cycle for steroid hormone receptors (SHR) in the presence of ligand [R-HSA-3371497]	54	9	0.773496732328299	1
missMethyl_gsameth	reactome	hypomethylated	reactome:Loss of Nlp from mitotic centrosomes [R-HSA-380259]	68	9	0.936681280951692	1
missMethyl_gsameth	reactome	hypomethylated	reactome:Recruitment of mitotic centrosome proteins and complexes [R-HSA-380270]	80	10	0.96991117344279	1
missMethyl_gsameth	reactome	hypomethylated	reactome:Loss of proteins required for interphase microtubule organization from the centrosome [R-HSA-380284]	68	9	0.936681280951692	1
missMethyl_gsameth	reactome	hypomethylated	reactome:Centrosome maturation [R-HSA-380287]	80	10	0.96991117344279	1
missMethyl_gsameth	reactome	hypomethylated	reactome:Recruitment of NuMA to mitotic centrosomes [R-HSA-380320]	92	12	0.960098871292829	1
missMethyl_gsameth	reactome	hypomethylated	reactome:Mitotic G2-G2/M phases [R-HSA-453274]	195	22	0.998084890810054	1
missMethyl_gsameth	reactome	hypomethylated	reactome:Anchoring of the basal body to the plasma membrane [R-HSA-5620912]	96	12	0.962782824392735	1
missMethyl_gsameth	reactome	hypomethylated	reactome:COPI-independent Golgi-to-ER retrograde traffic [R-HSA-6811436]	50	10	0.498011402024552	1
missMethyl_gsameth	reactome	hypomethylated	reactome:G2/M Transition [R-HSA-69275]	193	22	0.997552506023026	1
missMethyl_gsameth	reactome	hypomethylated	reactome:AURKA Activation by TPX2 [R-HSA-8854518]	71	9	0.949419410714681	1
missMethyl_gsameth	reactome	hypomethylated	reactome:Effects of PIP2 hydrolysis [R-HSA-114508]	27	9	0.304255010168357	1
missMethyl_gsameth	reactome	hypomethylated	reactome:Downstream signaling events of B Cell Receptor (BCR) [R-HSA-1168372]	82	11	0.89463150149877	1
missMethyl_gsameth	reactome	hypomethylated	reactome:Activation of RAS in B cells [R-HSA-1169092]	5	1	0.68876369316307	1
missMethyl_gsameth	reactome	hypomethylated	reactome:Fc epsilon receptor (FCERI) signaling [R-HSA-2454202]	133	28	0.407149142370993	1
missMethyl_gsameth	reactome	hypomethylated	reactome:FCERI mediated NF-kB activation [R-HSA-2871837]	81	14	0.57119087045193	1
missMethyl_gsameth	reactome	hypomethylated	reactome:Integrin signaling [R-HSA-354192]	27	8	0.31626268004471	1
missMethyl_gsameth	reactome	hypomethylated	reactome:Rap1 signalling [R-HSA-392517]	16	5	0.382426289565903	1
missMethyl_gsameth	reactome	hypomethylated	reactome:G alpha (q) signalling events [R-HSA-416476]	215	60	0.00476824153652438	0.397105115463671
missMethyl_gsameth	reactome	hypomethylated	reactome:Platelet Aggregation (Plug Formation) [R-HSA-76009]	39	10	0.352417940431082	1
missMethyl_gsameth	reactome	hypomethylated	reactome:Signaling by the B Cell Receptor (BCR) [R-HSA-983705]	111	24	0.31721185127306	1
missMethyl_gsameth	reactome	hypomethylated	reactome:Signaling by NTRKs [R-HSA-166520]	134	30	0.552283817668698	1
missMethyl_gsameth	reactome	hypomethylated	reactome:Retrograde neurotrophin signalling [R-HSA-177504]	14	4	0.496450733994168	1
missMethyl_gsameth	reactome	hypomethylated	reactome:Signaling by NTRK1 (TRKA) [R-HSA-187037]	115	22	0.784047696013755	1
missMethyl_gsameth	reactome	hypomethylated	reactome:Mitochondrial RNA degradation [R-HSA-9836573]	10	0	1	1
missMethyl_gsameth	reactome	hypomethylated	reactome:Citric acid cycle (TCA cycle) [R-HSA-71403]	34	5	0.718101464431999	1
missMethyl_gsameth	reactome	hypomethylated	reactome:TNFR1-induced proapoptotic signaling [R-HSA-5357786]	25	2	0.973807215241775	1
missMethyl_gsameth	reactome	hypomethylated	reactome:Regulation of TNFR1 signaling [R-HSA-5357905]	48	4	0.991162765070633	1
missMethyl_gsameth	reactome	hypomethylated	reactome:TNFR1-induced NF-kappa-B signaling pathway [R-HSA-5357956]	33	3	0.949143429910582	1
missMethyl_gsameth	reactome	hypomethylated	reactome:TNF signaling [R-HSA-75893]	57	7	0.949881207803648	1
missMethyl_gsameth	reactome	hypomethylated	reactome:TBC/RABGAPs [R-HSA-8854214]	44	5	0.94088392877073	1
missMethyl_gsameth	reactome	hypomethylated	reactome:RHOA GTPase cycle [R-HSA-8980692]	145	36	0.425084915637481	1
missMethyl_gsameth	reactome	hypomethylated	reactome:Antigen Presentation: Folding, assembly and peptide loading of class I MHC [R-HSA-983170]	29	1	0.999379603712884	1
missMethyl_gsameth	reactome	hypomethylated	reactome:BMAL1:CLOCK,NPAS2 activates circadian gene expression [R-HSA-1368108]	27	5	0.778972073044141	1
missMethyl_gsameth	reactome	hypomethylated	reactome:Nicotinate metabolism [R-HSA-196807]	31	7	0.408429167928553	1
missMethyl_gsameth	reactome	hypomethylated	reactome:Metabolism of water-soluble vitamins and cofactors [R-HSA-196849]	127	28	0.294040162249272	1
missMethyl_gsameth	reactome	hypomethylated	reactome:Nicotinamide salvaging [R-HSA-197264]	19	4	0.43561684490904	1
missMethyl_gsameth	reactome	hypomethylated	reactome:Circadian Clock [R-HSA-400253]	68	13	0.789115862183644	1
missMethyl_gsameth	reactome	hypomethylated	reactome:Transcriptional Regulation by NPAS4 [R-HSA-9634815]	34	7	0.724466842319808	1
missMethyl_gsameth	reactome	hypomethylated	reactome:NPAS4 regulates expression of target genes [R-HSA-9768919]	22	4	0.778408234647706	1
missMethyl_gsameth	reactome	hypomethylated	reactome:Retrograde transport at the Trans-Golgi-Network [R-HSA-6811440]	49	8	0.745811634083195	1
missMethyl_gsameth	reactome	hypomethylated	reactome:SARS-CoV-2 activates/modulates innate and adaptive immune responses [R-HSA-9705671]	117	20	0.682800880756384	1
missMethyl_gsameth	reactome	hypomethylated	reactome:Interleukin-12 family signaling [R-HSA-447115]	56	11	0.479079380332706	1
missMethyl_gsameth	reactome	hypomethylated	reactome:Interleukin-35 Signalling [R-HSA-8984722]	12	4	0.241087086817531	1
missMethyl_gsameth	reactome	hypomethylated	reactome:Interleukin-27 signaling [R-HSA-9020956]	11	1	0.93557826142061	1
missMethyl_gsameth	reactome	hypomethylated	reactome:Semaphorin interactions [R-HSA-373755]	65	20	0.163029358198414	1
missMethyl_gsameth	reactome	hypomethylated	reactome:Other semaphorin interactions [R-HSA-416700]	19	11	0.00319043333815343	0.369546519987968
missMethyl_gsameth	reactome	hypomethylated	reactome:HCMV Early Events [R-HSA-9609690]	125	12	0.994889316382606	1
missMethyl_gsameth	reactome	hypomethylated	reactome:Regulation of endogenous retroelements [R-HSA-9842860]	131	11	0.999503212031268	1
missMethyl_gsameth	reactome	hypomethylated	reactome:Regulation of endogenous retroelements by KRAB-ZFP proteins [R-HSA-9843940]	97	6	0.999564696271955	1
missMethyl_gsameth	reactome	hypomethylated	reactome:Regulation of RAS by GAPs [R-HSA-5658442]	67	6	0.99107896770222	1
missMethyl_gsameth	reactome	hypomethylated	reactome:Lysine catabolism [R-HSA-71064]	12	2	0.648321427344339	1
missMethyl_gsameth	reactome	hypomethylated	reactome:Metabolism of Angiotensinogen to Angiotensins [R-HSA-2022377]	17	2	0.825571520232599	1
missMethyl_gsameth	reactome	hypomethylated	reactome:Peptide hormone metabolism [R-HSA-2980736]	88	15	0.812184259429515	1
missMethyl_gsameth	reactome	hypomethylated	reactome:RHOF GTPase cycle [R-HSA-9035034]	41	10	0.46705369000847	1
missMethyl_gsameth	reactome	hypomethylated	reactome:P2Y receptors [R-HSA-417957]	12	2	0.673955282528815	1
missMethyl_gsameth	reactome	hypomethylated	reactome:Nucleotide-like (purinergic) receptors [R-HSA-418038]	16	2	0.825314525872022	1
missMethyl_gsameth	reactome	hypomethylated	reactome:Malate-aspartate shuttle [R-HSA-9856872]	9	2	0.488830746062574	1
missMethyl_gsameth	reactome	hypomethylated	reactome:Urea cycle [R-HSA-70635]	10	0	1	1
missMethyl_gsameth	reactome	hypomethylated	reactome:G0 and Early G1 [R-HSA-1538133]	27	2	0.972047172330397	1
missMethyl_gsameth	reactome	hypomethylated	reactome:Telomere Extension By Telomerase [R-HSA-171319]	23	2	0.955865233353312	1
missMethyl_gsameth	reactome	hypomethylated	reactome:APC/C-mediated degradation of cell cycle proteins [R-HSA-174143]	86	7	0.99461563612903	1
missMethyl_gsameth	reactome	hypomethylated	reactome:Activation of ATR in response to replication stress [R-HSA-176187]	37	1	0.998843240600238	1
missMethyl_gsameth	reactome	hypomethylated	reactome:Regulation of APC/C activators between G1/S and early anaphase [R-HSA-176408]	79	6	0.995119043043401	1
missMethyl_gsameth	reactome	hypomethylated	reactome:SCF(Skp2)-mediated degradation of p27/p21 [R-HSA-187577]	59	5	0.984151022786369	1
missMethyl_gsameth	reactome	hypomethylated	reactome:Senescence-Associated Secretory Phenotype (SASP) [R-HSA-2559582]	100	9	0.99684877834171	1
missMethyl_gsameth	reactome	hypomethylated	reactome:Regulation of mitotic cell cycle [R-HSA-453276]	86	7	0.99461563612903	1
missMethyl_gsameth	reactome	hypomethylated	reactome:TP53 Regulates Transcription of Cell Cycle Genes [R-HSA-6791312]	48	1	0.999971865772296	1
missMethyl_gsameth	reactome	hypomethylated	reactome:TP53 Regulates Transcription of Genes Involved in G1 Cell Cycle Arrest [R-HSA-6804116]	14	1	0.972159503372613	1
missMethyl_gsameth	reactome	hypomethylated	reactome:G2 Phase [R-HSA-68911]	5	1	0.713617643501774	1
missMethyl_gsameth	reactome	hypomethylated	reactome:Orc1 removal from chromatin [R-HSA-68949]	70	3	0.999657491497493	1
missMethyl_gsameth	reactome	hypomethylated	reactome:Activation of the pre-replicative complex [R-HSA-68962]	33	1	0.998574348263718	1
missMethyl_gsameth	reactome	hypomethylated	reactome:DNA Replication Pre-Initiation [R-HSA-69002]	147	5	0.999999914673462	1
missMethyl_gsameth	reactome	hypomethylated	reactome:CDK-mediated phosphorylation and removal of Cdc6 [R-HSA-69017]	71	3	0.999703544549067	1
missMethyl_gsameth	reactome	hypomethylated	reactome:Switching of origins to a post-replicative state [R-HSA-69052]	90	3	0.999986558116688	1
missMethyl_gsameth	reactome	hypomethylated	reactome:Phosphorylation of proteins involved in G1/S transition by active Cyclin E:Cdk2 complexes [R-HSA-69200]	4	0	1	1
missMethyl_gsameth	reactome	hypomethylated	reactome:Cyclin D associated events in G1 [R-HSA-69231]	46	7	0.886774824266525	1
missMethyl_gsameth	reactome	hypomethylated	reactome:G1 Phase [R-HSA-69236]	46	7	0.886774824266525	1
missMethyl_gsameth	reactome	hypomethylated	reactome:Synthesis of DNA [R-HSA-69239]	119	5	0.999996044668081	1
missMethyl_gsameth	reactome	hypomethylated	reactome:Cyclin A/B1/B2 associated events during G2/M transition [R-HSA-69273]	24	4	0.580667572343067	1
missMethyl_gsameth	reactome	hypomethylated	reactome:DNA Replication [R-HSA-69306]	175	7	0.999999963296799	1
missMethyl_gsameth	reactome	hypomethylated	reactome:p53-Dependent G1 DNA Damage Response [R-HSA-69563]	65	4	0.99784313227581	1
missMethyl_gsameth	reactome	hypomethylated	reactome:p53-Dependent G1/S DNA damage checkpoint [R-HSA-69580]	65	4	0.99784313227581	1
missMethyl_gsameth	reactome	hypomethylated	reactome:G1/S DNA Damage Checkpoints [R-HSA-69615]	67	4	0.998249306818159	1
missMethyl_gsameth	reactome	hypomethylated	reactome:Signaling by PTK6 [R-HSA-8848021]	54	16	0.12105317538141	1
missMethyl_gsameth	reactome	hypomethylated	reactome:PTK6 Regulates Cell Cycle [R-HSA-8849470]	6	2	0.357271104057015	1
missMethyl_gsameth	reactome	hypomethylated	reactome:Signaling by Non-Receptor Tyrosine Kinases [R-HSA-9006927]	54	16	0.12105317538141	1
missMethyl_gsameth	reactome	hypomethylated	reactome:Transcriptional regulation of granulopoiesis [R-HSA-9616222]	79	9	0.978765244753226	1
missMethyl_gsameth	reactome	hypomethylated	reactome:Aberrant regulation of mitotic G1/S transition in cancer due to RB1 defects [R-HSA-9659787]	17	3	0.865728098884739	1
missMethyl_gsameth	reactome	hypomethylated	reactome:Defective binding of RB1 mutants to E2F1,(E2F2, E2F3) [R-HSA-9661069]	17	3	0.865728098884739	1
missMethyl_gsameth	reactome	hypomethylated	reactome:Diseases of mitotic cell cycle [R-HSA-9675126]	37	4	0.975775383693472	1
missMethyl_gsameth	reactome	hypomethylated	reactome:Aberrant regulation of mitotic cell cycle due to RB1 defects [R-HSA-9687139]	35	3	0.989491304618854	1
missMethyl_gsameth	reactome	hypomethylated	reactome:Regulation of MITF-M-dependent genes involved in cell cycle and proliferation [R-HSA-9825892]	17	5	0.449556546284136	1
missMethyl_gsameth	reactome	hypomethylated	reactome:MITF-M-dependent gene expression [R-HSA-9856651]	88	23	0.262797626984718	1
missMethyl_gsameth	reactome	hypomethylated	reactome:The canonical retinoid cycle in rods (twilight vision) [R-HSA-2453902]	23	4	0.620442737968317	1
missMethyl_gsameth	reactome	hypomethylated	reactome:Signaling by Retinoic Acid [R-HSA-5362517]	43	7	0.823654263784839	1
missMethyl_gsameth	reactome	hypomethylated	reactome:RA biosynthesis pathway [R-HSA-5365859]	22	5	0.483524122982376	1
missMethyl_gsameth	reactome	hypomethylated	reactome:Smooth Muscle Contraction [R-HSA-445355]	45	13	0.25327877983008	1
missMethyl_gsameth	reactome	hypomethylated	reactome:Regulation of endogenous retroelements by the Human Silencing Hub (HUSH) complex [R-HSA-9843970]	60	5	0.976255476679881	1
missMethyl_gsameth	reactome	hypomethylated	reactome:Signaling by LTK [R-HSA-9842663]	12	4	0.34173821006948	1
missMethyl_gsameth	reactome	hypomethylated	reactome:Transport of the SLBP independent Mature mRNA [R-HSA-159227]	34	5	0.707765257872528	1
missMethyl_gsameth	reactome	hypomethylated	reactome:Transport of the SLBP Dependant Mature mRNA [R-HSA-159230]	35	5	0.7267538951377	1
missMethyl_gsameth	reactome	hypomethylated	reactome:Transport of Mature mRNA Derived from an Intronless Transcript [R-HSA-159231]	41	6	0.740751702916873	1
missMethyl_gsameth	reactome	hypomethylated	reactome:Transport of Mature mRNAs Derived from Intronless Transcripts [R-HSA-159234]	42	6	0.756868736642924	1
missMethyl_gsameth	reactome	hypomethylated	reactome:Transport of Mature mRNA derived from an Intron-Containing Transcript [R-HSA-159236]	74	5	0.997366265259856	1
missMethyl_gsameth	reactome	hypomethylated	reactome:mRNA 3'-end processing [R-HSA-72187]	58	2	0.999792573114341	1
missMethyl_gsameth	reactome	hypomethylated	reactome:Transport of Mature Transcript to Cytoplasm [R-HSA-72202]	83	7	0.993620383459175	1
missMethyl_gsameth	reactome	hypomethylated	reactome:RNA Polymerase II Transcription Termination [R-HSA-73856]	67	2	0.999947420664532	1
missMethyl_gsameth	reactome	hypomethylated	reactome:Oncogene Induced Senescence [R-HSA-2559585]	33	3	0.975799630378793	1
missMethyl_gsameth	reactome	hypomethylated	reactome:RMTs methylate histone arginines [R-HSA-3214858]	74	4	0.999487324864463	1
missMethyl_gsameth	reactome	hypomethylated	reactome:Chromatin modifying enzymes [R-HSA-3247509]	260	29	0.999919630147494	1
missMethyl_gsameth	reactome	hypomethylated	reactome:Chromatin organization [R-HSA-4839726]	260	29	0.999919630147494	1
missMethyl_gsameth	reactome	hypomethylated	reactome:Ubiquitin-dependent degradation of Cyclin D [R-HSA-75815]	51	3	0.994654907611168	1
missMethyl_gsameth	reactome	hypomethylated	reactome:Diseases of Cellular Senescence [R-HSA-9630747]	3	1	0.5993199150867	1
missMethyl_gsameth	reactome	hypomethylated	reactome:Evasion of Oncogene Induced Senescence Due to p16INK4A Defects [R-HSA-9630750]	3	1	0.5993199150867	1
missMethyl_gsameth	reactome	hypomethylated	reactome:Evasion of Oncogene Induced Senescence Due to Defective p16INK4A binding to CDK4 [R-HSA-9630791]	2	0	1	1
missMethyl_gsameth	reactome	hypomethylated	reactome:Evasion of Oncogene Induced Senescence Due to Defective p16INK4A binding to CDK4 and CDK6 [R-HSA-9630794]	3	1	0.5993199150867	1
missMethyl_gsameth	reactome	hypomethylated	reactome:Evasion of Oxidative Stress Induced Senescence Due to p16INK4A Defects [R-HSA-9632693]	3	1	0.5993199150867	1
missMethyl_gsameth	reactome	hypomethylated	reactome:Evasion of Oxidative Stress Induced Senescence Due to Defective p16INK4A binding to CDK4 [R-HSA-9632697]	2	0	1	1
missMethyl_gsameth	reactome	hypomethylated	reactome:Evasion of Oxidative Stress Induced Senescence Due to Defective p16INK4A binding to CDK4 and CDK6 [R-HSA-9632700]	3	1	0.5993199150867	1
missMethyl_gsameth	reactome	hypomethylated	reactome:Diseases of cellular response to stress [R-HSA-9675132]	3	1	0.5993199150867	1
missMethyl_gsameth	reactome	hypomethylated	reactome:Drug-mediated inhibition of CDK4/CDK6 activity [R-HSA-9754119]	5	3	0.207822843419266	1
missMethyl_gsameth	reactome	hypomethylated	reactome:Diseases associated with N-glycosylation of proteins [R-HSA-3781860]	20	0	1	1
missMethyl_gsameth	reactome	hypomethylated	reactome:Defective ALG3 causes CDG-1d [R-HSA-4720475]	1	0	0.999999999965436	1
missMethyl_gsameth	reactome	hypomethylated	reactome:Protein methylation [R-HSA-8876725]	19	2	0.882988845327087	1
missMethyl_gsameth	reactome	hypomethylated	reactome:Activation of NF-kappaB in B cells [R-HSA-1169091]	66	8	0.892228965035654	1
missMethyl_gsameth	reactome	hypomethylated	reactome:Cellular response to hypoxia [R-HSA-1234174]	74	4	0.999537252578587	1
missMethyl_gsameth	reactome	hypomethylated	reactome:Oxygen-dependent proline hydroxylation of Hypoxia-inducible Factor Alpha [R-HSA-1234176]	65	3	0.999538632082244	1
missMethyl_gsameth	reactome	hypomethylated	reactome:ER-Phagosome pathway [R-HSA-1236974]	89	11	0.950680598803677	1
missMethyl_gsameth	reactome	hypomethylated	reactome:Antigen processing-Cross presentation [R-HSA-1236975]	104	13	0.964193712316466	1
missMethyl_gsameth	reactome	hypomethylated	reactome:Cross-presentation of soluble exogenous antigens (endosomes) [R-HSA-1236978]	48	3	0.991837930734384	1
missMethyl_gsameth	reactome	hypomethylated	reactome:Regulation of Apoptosis [R-HSA-169911]	52	4	0.98120245470125	1
missMethyl_gsameth	reactome	hypomethylated	reactome:Autodegradation of Cdh1 by Cdh1:APC/C [R-HSA-174084]	62	2	0.99982322616808	1
missMethyl_gsameth	reactome	hypomethylated	reactome:SCF-beta-TrCP mediated degradation of Emi1 [R-HSA-174113]	54	3	0.996745402448568	1
missMethyl_gsameth	reactome	hypomethylated	reactome:APC/C:Cdc20 mediated degradation of Securin [R-HSA-174154]	66	2	0.999872255626291	1
missMethyl_gsameth	reactome	hypomethylated	reactome:APC/C:Cdh1 mediated degradation of Cdc20 and other APC/C:Cdh1 targeted proteins in late mitosis/early G1 [R-HSA-174178]	72	3	0.999722533525288	1
missMethyl_gsameth	reactome	hypomethylated	reactome:Cdc20:Phospho-APC/C mediated degradation of Cyclin A [R-HSA-174184]	71	5	0.994453473950267	1
missMethyl_gsameth	reactome	hypomethylated	reactome:APC/C:Cdc20 mediated degradation of mitotic proteins [R-HSA-176409]	74	5	0.995856655173556	1
missMethyl_gsameth	reactome	hypomethylated	reactome:Activation of APC/C and APC/C:Cdc20 mediated degradation of mitotic proteins [R-HSA-176814]	75	5	0.996249896585045	1
missMethyl_gsameth	reactome	hypomethylated	reactome:APC:Cdc20 mediated degradation of cell cycle proteins prior to satisfation of the cell cycle checkpoint [R-HSA-179419]	72	5	0.994951500991348	1
missMethyl_gsameth	reactome	hypomethylated	reactome:Vpu mediated degradation of CD4 [R-HSA-180534]	51	3	0.992302076582621	1
missMethyl_gsameth	reactome	hypomethylated	reactome:Vif-mediated degradation of APOBEC3G [R-HSA-180585]	53	3	0.993626772351829	1
missMethyl_gsameth	reactome	hypomethylated	reactome:TCR signaling [R-HSA-202403]	117	24	0.506313421596906	1
missMethyl_gsameth	reactome	hypomethylated	reactome:Downstream TCR signaling [R-HSA-202424]	95	17	0.723229704911404	1
missMethyl_gsameth	reactome	hypomethylated	reactome:Regulation of activated PAK-2p34 by proteasome mediated degradation [R-HSA-211733]	49	3	0.989784985230041	1
missMethyl_gsameth	reactome	hypomethylated	reactome:Autodegradation of the E3 ubiquitin ligase COP1 [R-HSA-349425]	51	3	0.99459183967285	1
missMethyl_gsameth	reactome	hypomethylated	reactome:Regulation of ornithine decarboxylase (ODC) [R-HSA-350562]	50	3	0.991607679103571	1
missMethyl_gsameth	reactome	hypomethylated	reactome:Metabolism of polyamines [R-HSA-351202]	58	3	0.997989211588672	1
missMethyl_gsameth	reactome	hypomethylated	reactome:Signaling by ROBO receptors [R-HSA-376176]	216	24	0.999328406243006	1
missMethyl_gsameth	reactome	hypomethylated	reactome:Beta-catenin independent WNT signaling [R-HSA-3858494]	145	25	0.922592725425172	1
missMethyl_gsameth	reactome	hypomethylated	reactome:PCP/CE pathway [R-HSA-4086400]	91	10	0.993679398862505	1
missMethyl_gsameth	reactome	hypomethylated	reactome:AUF1 (hnRNP D0) binds and destabilizes mRNA [R-HSA-450408]	55	3	0.997284685078296	1
missMethyl_gsameth	reactome	hypomethylated	reactome:Regulation of mRNA stability by proteins that bind AU-rich elements [R-HSA-450531]	87	7	0.997346846930243	1
missMethyl_gsameth	reactome	hypomethylated	reactome:Asymmetric localization of PCP proteins [R-HSA-4608870]	63	4	0.997953115750102	1
missMethyl_gsameth	reactome	hypomethylated	reactome:Degradation of AXIN [R-HSA-4641257]	54	2	0.999475444357167	1
missMethyl_gsameth	reactome	hypomethylated	reactome:Degradation of DVL [R-HSA-4641258]	56	3	0.997506734837441	1
missMethyl_gsameth	reactome	hypomethylated	reactome:Hedgehog ligand biogenesis [R-HSA-5358346]	64	5	0.992871525368127	1
missMethyl_gsameth	reactome	hypomethylated	reactome:Signaling by Hedgehog [R-HSA-5358351]	147	21	0.970015550342443	1
missMethyl_gsameth	reactome	hypomethylated	reactome:Hh mutants are degraded by ERAD [R-HSA-5362768]	55	2	0.999378521178729	1
missMethyl_gsameth	reactome	hypomethylated	reactome:Hh mutants abrogate ligand secretion [R-HSA-5387390]	58	3	0.998352002617063	1
missMethyl_gsameth	reactome	hypomethylated	reactome:Dectin-1 mediated noncanonical NF-kB signaling [R-HSA-5607761]	59	4	0.99475138313694	1
missMethyl_gsameth	reactome	hypomethylated	reactome:CLEC7A (Dectin-1) signaling [R-HSA-5607764]	100	14	0.932797984843569	1
missMethyl_gsameth	reactome	hypomethylated	reactome:Degradation of GLI1 by the proteasome [R-HSA-5610780]	59	4	0.993081430731689	1
missMethyl_gsameth	reactome	hypomethylated	reactome:Degradation of GLI2 by the proteasome [R-HSA-5610783]	59	4	0.995239063274123	1
missMethyl_gsameth	reactome	hypomethylated	reactome:GLI3 is processed to GLI3R by the proteasome [R-HSA-5610785]	59	4	0.995223493914751	1
missMethyl_gsameth	reactome	hypomethylated	reactome:Hedgehog 'off' state [R-HSA-5610787]	111	16	0.92185457868061	1
missMethyl_gsameth	reactome	hypomethylated	reactome:Hedgehog 'on' state [R-HSA-5632684]	84	7	0.998383726879119	1
missMethyl_gsameth	reactome	hypomethylated	reactome:TNFR2 non-canonical NF-kB pathway [R-HSA-5668541]	100	13	0.932317687959961	1
missMethyl_gsameth	reactome	hypomethylated	reactome:NIK-->noncanonical NF-kB signaling [R-HSA-5676590]	58	4	0.994055116656933	1
missMethyl_gsameth	reactome	hypomethylated	reactome:Defective CFTR causes cystic fibrosis [R-HSA-5678895]	60	3	0.998174899025905	1
missMethyl_gsameth	reactome	hypomethylated	reactome:MAPK6/MAPK4 signaling [R-HSA-5687128]	88	9	0.993347690618751	1
missMethyl_gsameth	reactome	hypomethylated	reactome:UCH proteinases [R-HSA-5689603]	101	6	0.999738897487163	1
missMethyl_gsameth	reactome	hypomethylated	reactome:Assembly of the pre-replicative complex [R-HSA-68867]	130	4	0.999999701685055	1
missMethyl_gsameth	reactome	hypomethylated	reactome:Stabilization of p53 [R-HSA-69541]	56	3	0.997202174771016	1
missMethyl_gsameth	reactome	hypomethylated	reactome:Ubiquitin Mediated Degradation of Phosphorylated Cdc25A [R-HSA-69601]	51	2	0.998428426101748	1
missMethyl_gsameth	reactome	hypomethylated	reactome:p53-Independent DNA Damage Response [R-HSA-69610]	51	2	0.998428426101748	1
missMethyl_gsameth	reactome	hypomethylated	reactome:p53-Independent G1/S DNA damage checkpoint [R-HSA-69613]	51	2	0.998428426101748	1
missMethyl_gsameth	reactome	hypomethylated	reactome:The role of GTSE1 in G2/M progression after G2 checkpoint [R-HSA-8852276]	75	5	0.997352257308989	1
missMethyl_gsameth	reactome	hypomethylated	reactome:FBXL7 down-regulates AURKA during mitotic entry and in early mitosis [R-HSA-8854050]	54	3	0.997063069302285	1
missMethyl_gsameth	reactome	hypomethylated	reactome:RUNX1 regulates transcription of genes involved in differentiation of HSCs [R-HSA-8939236]	118	12	0.99238695860561	1
missMethyl_gsameth	reactome	hypomethylated	reactome:Regulation of RUNX2 expression and activity [R-HSA-8939902]	71	9	0.94268739543719	1
missMethyl_gsameth	reactome	hypomethylated	reactome:Regulation of RUNX3 expression and activity [R-HSA-8941858]	54	5	0.970480444846553	1
missMethyl_gsameth	reactome	hypomethylated	reactome:Regulation of expression of SLITs and ROBOs [R-HSA-9010553]	171	12	0.999968234736387	1
missMethyl_gsameth	reactome	hypomethylated	reactome:Interleukin-1 signaling [R-HSA-9020702]	114	17	0.872450877432221	1
missMethyl_gsameth	reactome	hypomethylated	reactome:Negative regulation of NOTCH4 signaling [R-HSA-9604323]	53	4	0.991181690013476	1
missMethyl_gsameth	reactome	hypomethylated	reactome:GSK3B and BTRC:CUL1-mediated-degradation of NFE2L2 [R-HSA-9762114]	51	3	0.995078193517082	1
missMethyl_gsameth	reactome	hypomethylated	reactome:Somitogenesis [R-HSA-9824272]	54	6	0.955638110997071	1
missMethyl_gsameth	reactome	hypomethylated	reactome:Collagen degradation [R-HSA-1442490]	63	19	0.116211773884692	1
missMethyl_gsameth	reactome	hypomethylated	reactome:Signaling by EGFR [R-HSA-177929]	53	16	0.102893358683785	1
missMethyl_gsameth	reactome	hypomethylated	reactome:Activated NOTCH1 Transmits Signal to the Nucleus [R-HSA-2122948]	31	4	0.942492065387687	1
missMethyl_gsameth	reactome	hypomethylated	reactome:Signaling by NOTCH1 t(7;9)(NOTCH1:M1580_K2555) Translocation Mutant [R-HSA-2660825]	7	1	0.893065625774604	1
missMethyl_gsameth	reactome	hypomethylated	reactome:Constitutive Signaling by NOTCH1 t(7;9)(NOTCH1:M1580_K2555) Translocation Mutant [R-HSA-2660826]	7	1	0.893065625774604	1
missMethyl_gsameth	reactome	hypomethylated	reactome:Signaling by NOTCH1 HD Domain Mutants in Cancer [R-HSA-2691230]	15	3	0.74556306076908	1
missMethyl_gsameth	reactome	hypomethylated	reactome:Constitutive Signaling by NOTCH1 HD Domain Mutants [R-HSA-2691232]	15	3	0.74556306076908	1
missMethyl_gsameth	reactome	hypomethylated	reactome:NOTCH2 Activation and Transmission of Signal to the Nucleus [R-HSA-2979096]	22	2	0.959083439445305	1
missMethyl_gsameth	reactome	hypomethylated	reactome:EPH-ephrin mediated repulsion of cells [R-HSA-3928665]	51	12	0.68571033437173	1
missMethyl_gsameth	reactome	hypomethylated	reactome:NOTCH3 Activation and Transmission of Signal to the Nucleus [R-HSA-9013507]	25	4	0.849777738720267	1
missMethyl_gsameth	reactome	hypomethylated	reactome:NOTCH4 Activation and Transmission of Signal to the Nucleus [R-HSA-9013700]	11	2	0.692623139657449	1
missMethyl_gsameth	reactome	hypomethylated	reactome:Opioid Signalling [R-HSA-111885]	92	20	0.723058499034984	1
missMethyl_gsameth	reactome	hypomethylated	reactome:DARPP-32 events [R-HSA-180024]	26	4	0.861568089279169	1
missMethyl_gsameth	reactome	hypomethylated	reactome:Nuclear Events (kinase and transcription factor activation) [R-HSA-198725]	61	8	0.951624294167882	1
missMethyl_gsameth	reactome	hypomethylated	reactome:CRMPs in Sema3A signaling [R-HSA-399956]	16	5	0.549143415321519	1
missMethyl_gsameth	reactome	hypomethylated	reactome:Signaling by NTRK2 (TRKB) [R-HSA-9006115]	25	7	0.429026843677193	1
missMethyl_gsameth	reactome	hypomethylated	reactome:NGF-stimulated transcription [R-HSA-9031628]	39	5	0.909452228829415	1
missMethyl_gsameth	reactome	hypomethylated	reactome:Activated NTRK2 signals through CDK5 [R-HSA-9032845]	6	0	1	1
missMethyl_gsameth	reactome	hypomethylated	reactome:Class B/2 (Secretin family receptors) [R-HSA-373080]	93	17	0.831815965036344	1
missMethyl_gsameth	reactome	hypomethylated	reactome:G alpha (s) signalling events [R-HSA-418555]	156	45	0.0194284318743149	0.915959062468131
missMethyl_gsameth	reactome	hypomethylated	reactome:Calcitonin-like ligand receptors [R-HSA-419812]	10	2	0.690860362202821	1
missMethyl_gsameth	reactome	hypomethylated	reactome:N-glycan trimming in the ER and Calnexin/Calreticulin cycle [R-HSA-532668]	35	2	0.989734810251845	1
missMethyl_gsameth	reactome	hypomethylated	reactome:ER Quality Control Compartment (ERQC) [R-HSA-901032]	21	2	0.905768834776228	1
missMethyl_gsameth	reactome	hypomethylated	reactome:Calnexin/calreticulin cycle [R-HSA-901042]	26	2	0.955725847265464	1
missMethyl_gsameth	reactome	hypomethylated	reactome:Regulation of RUNX1 Expression and Activity [R-HSA-8934593]	17	7	0.154164069381934	1
missMethyl_gsameth	reactome	hypomethylated	reactome:SUMOylation of SUMOylation proteins [R-HSA-4085377]	34	4	0.852881229561724	1
missMethyl_gsameth	reactome	hypomethylated	reactome:SUMOylation of immune response proteins [R-HSA-4755510]	12	0	1	1
missMethyl_gsameth	reactome	hypomethylated	reactome:Protein-protein interactions at synapses [R-HSA-6794362]	86	34	0.00505201334004369	0.407988350036862
missMethyl_gsameth	reactome	hypomethylated	reactome:Synaptic adhesion-like molecules [R-HSA-8849932]	21	7	0.351365487263424	1
missMethyl_gsameth	reactome	hypomethylated	reactome:RHOB GTPase cycle [R-HSA-9013026]	69	15	0.764124649027222	1
missMethyl_gsameth	reactome	hypomethylated	reactome:RHOC GTPase cycle [R-HSA-9013106]	71	17	0.530929098097527	1
missMethyl_gsameth	reactome	hypomethylated	reactome:Metalloprotease DUBs [R-HSA-5689901]	37	3	0.957656415768095	1
missMethyl_gsameth	reactome	hypomethylated	reactome:Interconversion of nucleotide di- and triphosphates [R-HSA-499943]	29	6	0.572153706564284	1
missMethyl_gsameth	reactome	hypomethylated	reactome:Formation of RNA Pol II elongation complex [R-HSA-112382]	57	4	0.995463536857023	1
missMethyl_gsameth	reactome	hypomethylated	reactome:Formation of the Early Elongation Complex [R-HSA-113418]	32	2	0.989629301023478	1
missMethyl_gsameth	reactome	hypomethylated	reactome:Formation of HIV elongation complex in the absence of HIV Tat [R-HSA-167152]	44	3	0.991963360070778	1
missMethyl_gsameth	reactome	hypomethylated	reactome:Formation of the HIV-1 Early Elongation Complex [R-HSA-167158]	32	2	0.989629301023478	1
missMethyl_gsameth	reactome	hypomethylated	reactome:RNA Pol II CTD phosphorylation and interaction with CE during HIV infection [R-HSA-167160]	26	3	0.855122899862106	1
missMethyl_gsameth	reactome	hypomethylated	reactome:HIV Transcription Initiation [R-HSA-167161]	46	5	0.913334877350519	1
missMethyl_gsameth	reactome	hypomethylated	reactome:RNA Polymerase II HIV Promoter Escape [R-HSA-167162]	46	5	0.913334877350519	1
missMethyl_gsameth	reactome	hypomethylated	reactome:HIV Transcription Elongation [R-HSA-167169]	42	3	0.989955657831327	1
missMethyl_gsameth	reactome	hypomethylated	reactome:Transcription of the HIV genome [R-HSA-167172]	69	7	0.974511968155692	1
missMethyl_gsameth	reactome	hypomethylated	reactome:Formation of HIV-1 elongation complex containing HIV-1 Tat [R-HSA-167200]	42	3	0.989955657831327	1
missMethyl_gsameth	reactome	hypomethylated	reactome:Tat-mediated elongation of the HIV-1 transcript [R-HSA-167246]	42	3	0.989955657831327	1
missMethyl_gsameth	reactome	hypomethylated	reactome:RNA Polymerase II Pre-transcription Events [R-HSA-674695]	80	7	0.99276091950311	1
missMethyl_gsameth	reactome	hypomethylated	reactome:TP53 Regulates Transcription of DNA Repair Genes [R-HSA-6796648]	61	6	0.984095307806283	1
missMethyl_gsameth	reactome	hypomethylated	reactome:RNA polymerase II transcribes snRNA genes [R-HSA-6807505]	74	4	0.999542853418144	1
missMethyl_gsameth	reactome	hypomethylated	reactome:mRNA Capping [R-HSA-72086]	28	3	0.894276072350263	1
missMethyl_gsameth	reactome	hypomethylated	reactome:RNA Polymerase I Transcription Initiation [R-HSA-73762]	46	6	0.880237825339421	1
missMethyl_gsameth	reactome	hypomethylated	reactome:RNA Polymerase I Promoter Escape [R-HSA-73772]	79	5	0.997376544296214	1
missMethyl_gsameth	reactome	hypomethylated	reactome:RNA Polymerase II Promoter Escape [R-HSA-73776]	46	5	0.913334877350519	1
missMethyl_gsameth	reactome	hypomethylated	reactome:RNA Polymerase II Transcription Pre-Initiation And Promoter Opening [R-HSA-73779]	46	5	0.913334877350519	1
missMethyl_gsameth	reactome	hypomethylated	reactome:RNA Polymerase I Promoter Clearance [R-HSA-73854]	98	8	0.996139199542153	1
missMethyl_gsameth	reactome	hypomethylated	reactome:RNA Polymerase II Transcription Initiation [R-HSA-75953]	46	5	0.913334877350519	1
missMethyl_gsameth	reactome	hypomethylated	reactome:RNA Polymerase II Transcription Elongation [R-HSA-75955]	57	4	0.995463536857023	1
missMethyl_gsameth	reactome	hypomethylated	reactome:RNA Polymerase II Transcription Initiation And Promoter Clearance [R-HSA-76042]	46	5	0.913334877350519	1
missMethyl_gsameth	reactome	hypomethylated	reactome:RNA Pol II CTD phosphorylation and interaction with CE [R-HSA-77075]	26	3	0.855122899862106	1
missMethyl_gsameth	reactome	hypomethylated	reactome:Triglyceride catabolism [R-HSA-163560]	24	3	0.883578216231451	1
missMethyl_gsameth	reactome	hypomethylated	reactome:Triglyceride metabolism [R-HSA-8979227]	37	3	0.97710084066439	1
missMethyl_gsameth	reactome	hypomethylated	reactome:Lipophagy [R-HSA-9613354]	9	1	0.847587577520208	1
missMethyl_gsameth	reactome	hypomethylated	reactome:RHOBTB3 ATPase cycle [R-HSA-9706019]	10	1	0.903098442401743	1
missMethyl_gsameth	reactome	hypomethylated	reactome:Intra-Golgi traffic [R-HSA-6811438]	44	8	0.583419982337537	1
missMethyl_gsameth	reactome	hypomethylated	reactome:Ubiquinol biosynthesis [R-HSA-2142789]	13	1	0.927859989696408	1
missMethyl_gsameth	reactome	hypomethylated	reactome:Metabolism of cofactors [R-HSA-8978934]	27	2	0.972971235413369	1
missMethyl_gsameth	reactome	hypomethylated	reactome:Chaperonin-mediated protein folding [R-HSA-390466]	89	13	0.874739376828585	1
missMethyl_gsameth	reactome	hypomethylated	reactome:Association of TriC/CCT with target proteins during biosynthesis [R-HSA-390471]	38	3	0.972891085068447	1
missMethyl_gsameth	reactome	hypomethylated	reactome:Protein folding [R-HSA-391251]	95	14	0.873981039677205	1
missMethyl_gsameth	reactome	hypomethylated	reactome:Signaling by TGF-beta Receptor Complex [R-HSA-170834]	94	24	0.177659000620384	1
missMethyl_gsameth	reactome	hypomethylated	reactome:Transcriptional activity of SMAD2/SMAD3:SMAD4 heterotrimer [R-HSA-2173793]	51	6	0.955938776992626	1
missMethyl_gsameth	reactome	hypomethylated	reactome:SMAD2/SMAD3:SMAD4 heterotrimer regulates transcription [R-HSA-2173796]	36	3	0.979355615651768	1
missMethyl_gsameth	reactome	hypomethylated	reactome:Signaling by TGFB family members [R-HSA-9006936]	158	37	0.269154392800072	1
missMethyl_gsameth	reactome	hypomethylated	reactome:Mitochondrial translation initiation [R-HSA-5368286]	87	4	0.999539349772336	1
missMethyl_gsameth	reactome	hypomethylated	reactome:Mitochondrial translation termination [R-HSA-5419276]	87	5	0.997999797737198	1
missMethyl_gsameth	reactome	hypomethylated	reactome:Ca2+ activated K+ channels [R-HSA-1296052]	9	5	0.0529736176792296	1
missMethyl_gsameth	reactome	hypomethylated	reactome:Nitric oxide stimulates guanylate cyclase [R-HSA-392154]	22	11	0.0157102278636155	0.832958128627117
missMethyl_gsameth	reactome	hypomethylated	reactome:Platelet homeostasis [R-HSA-418346]	88	26	0.139724825440824	1
missMethyl_gsameth	reactome	hypomethylated	reactome:cGMP effects [R-HSA-418457]	16	10	0.00406734665803194	0.369546519987968
missMethyl_gsameth	reactome	hypomethylated	reactome:Molybdenum cofactor biosynthesis [R-HSA-947581]	6	0	1	1
missMethyl_gsameth	reactome	hypomethylated	reactome:Threonine catabolism [R-HSA-8849175]	4	0	1	1
missMethyl_gsameth	reactome	hypomethylated	reactome:tRNA processing in the nucleus [R-HSA-6784531]	57	5	0.964578459806207	1
missMethyl_gsameth	reactome	hypomethylated	reactome:tRNA processing [R-HSA-72306]	107	9	0.996028276866723	1
missMethyl_gsameth	reactome	hypomethylated	reactome:Amino Acid conjugation [R-HSA-156587]	8	0	1	1
missMethyl_gsameth	reactome	hypomethylated	reactome:Conjugation of carboxylic acids [R-HSA-159424]	8	0	1	1
missMethyl_gsameth	reactome	hypomethylated	reactome:Conjugation of salicylate with glycine [R-HSA-177128]	7	0	1	1
missMethyl_gsameth	reactome	hypomethylated	reactome:Conjugation of benzoate with glycine [R-HSA-177135]	5	0	1	1
missMethyl_gsameth	reactome	hypomethylated	reactome:Aspirin ADME [R-HSA-9749641]	43	9	0.345370855687223	1
missMethyl_gsameth	reactome	hypomethylated	reactome:Pausing and recovery of Tat-mediated HIV elongation [R-HSA-167238]	31	2	0.986401734075615	1
missMethyl_gsameth	reactome	hypomethylated	reactome:Tat-mediated HIV elongation arrest and recovery [R-HSA-167243]	31	2	0.986401734075615	1
missMethyl_gsameth	reactome	hypomethylated	reactome:HIV elongation arrest and recovery [R-HSA-167287]	33	2	0.989329221902796	1
missMethyl_gsameth	reactome	hypomethylated	reactome:Pausing and recovery of HIV elongation [R-HSA-167290]	33	2	0.989329221902796	1
missMethyl_gsameth	reactome	hypomethylated	reactome:Interactions of Tat with host cellular proteins [R-HSA-176034]	2	0	1	1
missMethyl_gsameth	reactome	hypomethylated	reactome:Estrogen-dependent gene expression [R-HSA-9018519]	139	25	0.698239832736915	1
missMethyl_gsameth	reactome	hypomethylated	reactome:RHOBTB2 GTPase cycle [R-HSA-9013418]	23	3	0.891680212283854	1
missMethyl_gsameth	reactome	hypomethylated	reactome:RHOBTB1 GTPase cycle [R-HSA-9013422]	23	1	0.992898070917211	1
missMethyl_gsameth	reactome	hypomethylated	reactome:RHOBTB GTPase Cycle [R-HSA-9706574]	35	4	0.958142275545034	1
missMethyl_gsameth	reactome	hypomethylated	reactome:EGFR downregulation [R-HSA-182971]	31	10	0.0934587343921473	1
missMethyl_gsameth	reactome	hypomethylated	reactome:Spry regulation of FGF signaling [R-HSA-1295596]	16	2	0.825132524133316	1
missMethyl_gsameth	reactome	hypomethylated	reactome:Signaling by FGFR [R-HSA-190236]	89	13	0.949344786992005	1
missMethyl_gsameth	reactome	hypomethylated	reactome:Negative regulation of FGFR1 signaling [R-HSA-5654726]	33	6	0.642966180260977	1
missMethyl_gsameth	reactome	hypomethylated	reactome:Negative regulation of FGFR2 signaling [R-HSA-5654727]	34	7	0.519901399678537	1
missMethyl_gsameth	reactome	hypomethylated	reactome:Negative regulation of FGFR3 signaling [R-HSA-5654732]	29	5	0.701039435703029	1
missMethyl_gsameth	reactome	hypomethylated	reactome:Negative regulation of FGFR4 signaling [R-HSA-5654733]	31	6	0.595573154271945	1
missMethyl_gsameth	reactome	hypomethylated	reactome:Signaling by FGFR1 [R-HSA-5654736]	52	9	0.808312844203977	1
missMethyl_gsameth	reactome	hypomethylated	reactome:Signaling by FGFR2 [R-HSA-5654738]	73	10	0.926204653932276	1
missMethyl_gsameth	reactome	hypomethylated	reactome:Signaling by FGFR3 [R-HSA-5654741]	40	7	0.709398405461433	1
missMethyl_gsameth	reactome	hypomethylated	reactome:Signaling by FGFR4 [R-HSA-5654743]	41	7	0.741311147073371	1
missMethyl_gsameth	reactome	hypomethylated	reactome:Negative regulation of MET activity [R-HSA-6807004]	21	7	0.108940699332692	1
missMethyl_gsameth	reactome	hypomethylated	reactome:Cargo recognition for clathrin-mediated endocytosis [R-HSA-8856825]	105	25	0.200105087874782	1
missMethyl_gsameth	reactome	hypomethylated	reactome:InlB-mediated entry of Listeria monocytogenes into host cell [R-HSA-8875360]	15	5	0.161336761556093	1
missMethyl_gsameth	reactome	hypomethylated	reactome:Listeria monocytogenes entry into host cells [R-HSA-8876384]	20	5	0.393064683670284	1
missMethyl_gsameth	reactome	hypomethylated	reactome:RHOU GTPase cycle [R-HSA-9013420]	40	11	0.412408156881227	1
missMethyl_gsameth	reactome	hypomethylated	reactome:MAP2K and MAPK activation [R-HSA-5674135]	40	6	0.905121930768857	1
missMethyl_gsameth	reactome	hypomethylated	reactome:Signaling by moderate kinase activity BRAF mutants [R-HSA-6802946]	47	7	0.931033456159384	1
missMethyl_gsameth	reactome	hypomethylated	reactome:Signaling by high-kinase activity BRAF mutants [R-HSA-6802948]	36	6	0.846143681651924	1
missMethyl_gsameth	reactome	hypomethylated	reactome:Signaling by RAS mutants [R-HSA-6802949]	47	7	0.931033456159384	1
missMethyl_gsameth	reactome	hypomethylated	reactome:Paradoxical activation of RAF signaling by kinase inactive BRAF [R-HSA-6802955]	47	7	0.931033456159384	1
missMethyl_gsameth	reactome	hypomethylated	reactome:Signaling downstream of RAS mutants [R-HSA-9649948]	47	7	0.931033456159384	1
missMethyl_gsameth	reactome	hypomethylated	reactome:Signaling by RAF1 mutants [R-HSA-9656223]	43	7	0.892331056321304	1
missMethyl_gsameth	reactome	hypomethylated	reactome:Interleukin-4 and Interleukin-13 signaling [R-HSA-6785807]	108	26	0.316700910549525	1
missMethyl_gsameth	reactome	hypomethylated	reactome:Transcriptional activation of p53 responsive genes [R-HSA-69560]	4	0	1	1
missMethyl_gsameth	reactome	hypomethylated	reactome:Transcriptional  activation of  cell cycle inhibitor p21 [R-HSA-69895]	4	0	1	1
missMethyl_gsameth	reactome	hypomethylated	reactome:Transcriptional regulation by the AP-2 (TFAP2) family of transcription factors [R-HSA-8864260]	38	8	0.729254753539699	1
missMethyl_gsameth	reactome	hypomethylated	reactome:TFAP2 (AP-2) family regulates transcription of cell cycle factors [R-HSA-8866911]	5	1	0.803543309740823	1
missMethyl_gsameth	reactome	hypomethylated	reactome:RUNX3 regulates CDKN1A transcription [R-HSA-8941855]	7	2	0.677676165814767	1
missMethyl_gsameth	reactome	hypomethylated	reactome:FOXO-mediated transcription of cell cycle genes [R-HSA-9617828]	17	3	0.741710870866016	1
missMethyl_gsameth	reactome	hypomethylated	reactome:FLT3 signaling in disease [R-HSA-9682385]	28	5	0.756929060169667	1
missMethyl_gsameth	reactome	hypomethylated	reactome:Signaling by ALK in cancer [R-HSA-9700206]	91	17	0.791182406306579	1
missMethyl_gsameth	reactome	hypomethylated	reactome:STAT5 activation downstream of FLT3 ITD mutants [R-HSA-9702518]	10	2	0.704579447141118	1
missMethyl_gsameth	reactome	hypomethylated	reactome:Signaling by FLT3 fusion proteins [R-HSA-9703465]	19	5	0.527150460609844	1
missMethyl_gsameth	reactome	hypomethylated	reactome:Signaling by FLT3 ITD and TKD mutants [R-HSA-9703648]	16	3	0.728914768174981	1
missMethyl_gsameth	reactome	hypomethylated	reactome:Signaling by ALK fusions and activated point mutants [R-HSA-9725370]	91	17	0.791182406306579	1
missMethyl_gsameth	reactome	hypomethylated	reactome:RHO GTPases activate CIT [R-HSA-5625900]	20	2	0.956919017640962	1
missMethyl_gsameth	reactome	hypomethylated	reactome:Signaling by Activin [R-HSA-1502540]	17	2	0.877671135145717	1
missMethyl_gsameth	reactome	hypomethylated	reactome:Antagonism of Activin by Follistatin [R-HSA-2473224]	4	1	0.551854242042546	1
missMethyl_gsameth	reactome	hypomethylated	reactome:Recognition and association of DNA glycosylase with site containing an affected pyrimidine [R-HSA-110328]	52	1	0.999842641761369	1
missMethyl_gsameth	reactome	hypomethylated	reactome:Cleavage of the damaged pyrimidine [R-HSA-110329]	52	1	0.999842641761369	1
missMethyl_gsameth	reactome	hypomethylated	reactome:Recognition and association of DNA glycosylase with site containing an affected purine [R-HSA-110330]	47	1	0.99962732212132	1
missMethyl_gsameth	reactome	hypomethylated	reactome:Cleavage of the damaged purine [R-HSA-110331]	47	1	0.99962732212132	1
missMethyl_gsameth	reactome	hypomethylated	reactome:Meiotic synapsis [R-HSA-1221632]	70	9	0.896656632891597	1
missMethyl_gsameth	reactome	hypomethylated	reactome:Packaging Of Telomere Ends [R-HSA-171306]	43	1	0.999251500442076	1
missMethyl_gsameth	reactome	hypomethylated	reactome:Formation of the beta-catenin:TCF transactivating complex [R-HSA-201722]	80	9	0.985028526405866	1
missMethyl_gsameth	reactome	hypomethylated	reactome:Gene Silencing by RNA [R-HSA-211000]	127	16	0.911054796369709	1
missMethyl_gsameth	reactome	hypomethylated	reactome:PRC2 methylates histones and DNA [R-HSA-212300]	62	3	0.999093747387391	1
missMethyl_gsameth	reactome	hypomethylated	reactome:SIRT1 negatively regulates rRNA expression [R-HSA-427359]	57	3	0.995333928941033	1
missMethyl_gsameth	reactome	hypomethylated	reactome:ERCC6 (CSB) and EHMT2 (G9a) positively regulate rRNA expression [R-HSA-427389]	65	5	0.991830824794901	1
missMethyl_gsameth	reactome	hypomethylated	reactome:Positive epigenetic regulation of rRNA expression [R-HSA-5250913]	95	7	0.998415208435886	1
missMethyl_gsameth	reactome	hypomethylated	reactome:B-WICH complex positively regulates rRNA expression [R-HSA-5250924]	80	4	0.999510313708026	1
missMethyl_gsameth	reactome	hypomethylated	reactome:DNA methylation [R-HSA-5334118]	54	2	0.999406915623685	1
missMethyl_gsameth	reactome	hypomethylated	reactome:Transcriptional regulation by small RNAs [R-HSA-5578749]	95	8	0.991337591845919	1
missMethyl_gsameth	reactome	hypomethylated	reactome:Activation of anterior HOX genes in hindbrain development during early embryogenesis [R-HSA-5617472]	111	10	0.998925161328817	1
missMethyl_gsameth	reactome	hypomethylated	reactome:Activation of HOX genes during differentiation [R-HSA-5619507]	111	10	0.998925161328817	1
missMethyl_gsameth	reactome	hypomethylated	reactome:RHO GTPases activate PKNs [R-HSA-5625740]	84	9	0.980859235411608	1
missMethyl_gsameth	reactome	hypomethylated	reactome:Activated PKN1 stimulates transcription of AR (androgen receptor) regulated genes KLK2 and KLK3 [R-HSA-5625886]	56	5	0.971493121612659	1
missMethyl_gsameth	reactome	hypomethylated	reactome:Assembly of the ORC complex at the origin of replication [R-HSA-68616]	58	2	0.999328542997918	1
missMethyl_gsameth	reactome	hypomethylated	reactome:RNA Polymerase I Promoter Opening [R-HSA-73728]	52	2	0.998694086644202	1
missMethyl_gsameth	reactome	hypomethylated	reactome:Depurination [R-HSA-73927]	47	1	0.99962732212132	1
missMethyl_gsameth	reactome	hypomethylated	reactome:Depyrimidination [R-HSA-73928]	52	1	0.999842641761369	1
missMethyl_gsameth	reactome	hypomethylated	reactome:Base-Excision Repair, AP Site Formation [R-HSA-73929]	54	1	0.9998891036078	1
missMethyl_gsameth	reactome	hypomethylated	reactome:RUNX1 regulates genes involved in megakaryocyte differentiation and platelet function [R-HSA-8936459]	83	9	0.973222894773117	1
missMethyl_gsameth	reactome	hypomethylated	reactome:Inhibition of DNA recombination at telomere [R-HSA-9670095]	59	3	0.997371504744273	1
missMethyl_gsameth	reactome	hypomethylated	reactome:Defective pyroptosis [R-HSA-9710421]	62	3	0.998884099996397	1
missMethyl_gsameth	reactome	hypomethylated	reactome:Chromatin modifications during the maternal to zygotic transition (MZT) [R-HSA-9821002]	60	2	0.99970499245028	1
missMethyl_gsameth	reactome	hypomethylated	reactome:Replacement of protamines by nucleosomes in the male pronucleus [R-HSA-9821993]	34	2	0.976327489844067	1
missMethyl_gsameth	reactome	hypomethylated	reactome:Regulation of endogenous retroelements by Piwi-interacting RNAs (piRNAs) [R-HSA-9845323]	86	7	0.997758973340159	1
missMethyl_gsameth	reactome	hypomethylated	reactome:Cysteine formation from homocysteine [R-HSA-1614603]	2	0	1	1
missMethyl_gsameth	reactome	hypomethylated	reactome:Metabolism of ingested SeMet, Sec, MeSec into H2Se [R-HSA-2408508]	8	1	0.875871088399508	1
missMethyl_gsameth	reactome	hypomethylated	reactome:Selenoamino acid metabolism [R-HSA-2408522]	117	8	0.999351431868282	1
missMethyl_gsameth	reactome	hypomethylated	reactome:Downregulation of TGF-beta receptor signaling [R-HSA-2173788]	26	8	0.140746979707895	1
missMethyl_gsameth	reactome	hypomethylated	reactome:TGF-beta receptor signaling activates SMADs [R-HSA-2173789]	47	17	0.0185797248607519	0.900272122798251
missMethyl_gsameth	reactome	hypomethylated	reactome:Establishment of Sister Chromatid Cohesion [R-HSA-2468052]	11	2	0.567289993534005	1
missMethyl_gsameth	reactome	hypomethylated	reactome:Cohesin Loading onto Chromatin [R-HSA-2470946]	10	2	0.533080542036649	1
missMethyl_gsameth	reactome	hypomethylated	reactome:WNT mediated activation of DVL [R-HSA-201688]	8	0	1	1
missMethyl_gsameth	reactome	hypomethylated	reactome:HDACs deacetylate histones [R-HSA-3214815]	85	8	0.988703600916461	1
missMethyl_gsameth	reactome	hypomethylated	reactome:G alpha (z) signalling events [R-HSA-418597]	48	16	0.0904111365950311	1
missMethyl_gsameth	reactome	hypomethylated	reactome:Apoptotic factor-mediated response [R-HSA-111471]	20	1	0.985625601006682	1
missMethyl_gsameth	reactome	hypomethylated	reactome:SUMOylation of transcription factors [R-HSA-3232118]	20	2	0.964201797428143	1
missMethyl_gsameth	reactome	hypomethylated	reactome:Transcriptional Regulation by VENTX [R-HSA-8853884]	38	6	0.839812636623821	1
missMethyl_gsameth	reactome	hypomethylated	reactome:Defective Intrinsic Pathway for Apoptosis Due to p14ARF Loss of Function [R-HSA-9645722]	2	0	1	1
missMethyl_gsameth	reactome	hypomethylated	reactome:Evasion of Oncogene Induced Senescence Due to p14ARF Defects [R-HSA-9646303]	1	0	0.999999999959058	1
missMethyl_gsameth	reactome	hypomethylated	reactome:Evasion of Oxidative Stress Induced Senescence Due to p14ARF Defects [R-HSA-9646304]	1	0	0.999999999959058	1
missMethyl_gsameth	reactome	hypomethylated	reactome:Branched-chain amino acid catabolism [R-HSA-70895]	21	4	0.491150399662405	1
missMethyl_gsameth	reactome	hypomethylated	reactome:Activation of RAC1 [R-HSA-428540]	13	3	0.692507351748333	1
missMethyl_gsameth	reactome	hypomethylated	reactome:RHOQ GTPase cycle [R-HSA-9013406]	59	13	0.578853287516845	1
missMethyl_gsameth	reactome	hypomethylated	reactome:RHOH GTPase cycle [R-HSA-9013407]	37	6	0.802565834119649	1
missMethyl_gsameth	reactome	hypomethylated	reactome:RHOG GTPase cycle [R-HSA-9013408]	73	19	0.259965188510665	1
missMethyl_gsameth	reactome	hypomethylated	reactome:RHOJ GTPase cycle [R-HSA-9013409]	55	13	0.442331762989923	1
missMethyl_gsameth	reactome	hypomethylated	reactome:RHOV GTPase cycle [R-HSA-9013424]	37	11	0.213860860653356	1
missMethyl_gsameth	reactome	hypomethylated	reactome:mRNA Editing: A to I Conversion [R-HSA-75064]	2	1	0.520478327698383	1
missMethyl_gsameth	reactome	hypomethylated	reactome:C6 deamination of adenosine [R-HSA-75102]	2	1	0.520478327698383	1
missMethyl_gsameth	reactome	hypomethylated	reactome:Formation of editosomes by ADAR proteins [R-HSA-77042]	2	1	0.520478327698383	1
missMethyl_gsameth	reactome	hypomethylated	reactome:Interferon alpha/beta signaling [R-HSA-909733]	68	9	0.947005672485844	1
missMethyl_gsameth	reactome	hypomethylated	reactome:RNA Polymerase III Transcription [R-HSA-74158]	41	2	0.997213143468715	1
missMethyl_gsameth	reactome	hypomethylated	reactome:RNA Polymerase III Abortive And Retractive Initiation [R-HSA-749476]	41	2	0.997213143468715	1
missMethyl_gsameth	reactome	hypomethylated	reactome:RNA Polymerase III Transcription Initiation [R-HSA-76046]	36	1	0.998562813545076	1
missMethyl_gsameth	reactome	hypomethylated	reactome:RNA Polymerase III Transcription Initiation From Type 3 Promoter [R-HSA-76071]	28	1	0.991584163912749	1
missMethyl_gsameth	reactome	hypomethylated	reactome:ROS and RNS production in phagocytes [R-HSA-1222556]	36	4	0.939173568050866	1
missMethyl_gsameth	reactome	hypomethylated	reactome:Signaling by Insulin receptor [R-HSA-74752]	82	13	0.916735063801822	1
missMethyl_gsameth	reactome	hypomethylated	reactome:Insulin receptor recycling [R-HSA-77387]	30	3	0.955141535905552	1
missMethyl_gsameth	reactome	hypomethylated	reactome:Iron uptake and transport [R-HSA-917937]	58	4	0.995162741479493	1
missMethyl_gsameth	reactome	hypomethylated	reactome:Transferrin endocytosis and recycling [R-HSA-917977]	31	2	0.989203685930564	1
missMethyl_gsameth	reactome	hypomethylated	reactome:Amino acids regulate mTORC1 [R-HSA-9639288]	55	6	0.971218157396352	1
missMethyl_gsameth	reactome	hypomethylated	reactome:Cellular response to starvation [R-HSA-9711097]	157	11	0.999920011216985	1
missMethyl_gsameth	reactome	hypomethylated	reactome:Blood group systems biosynthesis [R-HSA-9033658]	22	4	0.573124641509664	1
missMethyl_gsameth	reactome	hypomethylated	reactome:Lewis blood group biosynthesis [R-HSA-9037629]	18	4	0.434676280232152	1
missMethyl_gsameth	reactome	hypomethylated	reactome:Ovarian tumor domain proteases [R-HSA-5689896]	39	5	0.913056438832782	1
missMethyl_gsameth	reactome	hypomethylated	reactome:Laminin interactions [R-HSA-3000157]	30	12	0.0629147864056331	1
missMethyl_gsameth	reactome	hypomethylated	reactome:Non-integrin membrane-ECM interactions [R-HSA-3000171]	59	20	0.0950162216052791	1
missMethyl_gsameth	reactome	hypomethylated	reactome:MET activates PTK2 signaling [R-HSA-8874081]	30	11	0.112456431012906	1
missMethyl_gsameth	reactome	hypomethylated	reactome:MET promotes cell motility [R-HSA-8875878]	41	15	0.0516972018856938	1
missMethyl_gsameth	reactome	hypomethylated	reactome:MTOR signalling [R-HSA-165159]	41	5	0.947048967181427	1
missMethyl_gsameth	reactome	hypomethylated	reactome:mTORC1-mediated signalling [R-HSA-166208]	24	4	0.743863115828499	1
missMethyl_gsameth	reactome	hypomethylated	reactome:Energy dependent regulation of mTOR by LKB1-AMPK [R-HSA-380972]	29	3	0.954461418524482	1
missMethyl_gsameth	reactome	hypomethylated	reactome:Signal regulatory protein family interactions [R-HSA-391160]	16	6	0.138908015581576	1
missMethyl_gsameth	reactome	hypomethylated	reactome:Glutathione conjugation [R-HSA-156590]	36	5	0.772742199451891	1
missMethyl_gsameth	reactome	hypomethylated	reactome:Formation of xylulose-5-phosphate [R-HSA-5661270]	5	0	1	1
missMethyl_gsameth	reactome	hypomethylated	reactome:Keratan sulfate/keratin metabolism [R-HSA-1638074]	35	8	0.428703095851763	1
missMethyl_gsameth	reactome	hypomethylated	reactome:Keratan sulfate biosynthesis [R-HSA-2022854]	27	7	0.286992422507873	1
missMethyl_gsameth	reactome	hypomethylated	reactome:MyD88:MAL(TIRAP) cascade initiated on plasma membrane [R-HSA-166058]	113	22	0.603726603124653	1
missMethyl_gsameth	reactome	hypomethylated	reactome:Toll Like Receptor TLR1:TLR2 Cascade [R-HSA-168179]	116	22	0.648857261028249	1
missMethyl_gsameth	reactome	hypomethylated	reactome:Toll Like Receptor TLR6:TLR2 Cascade [R-HSA-168188]	113	22	0.603726603124653	1
missMethyl_gsameth	reactome	hypomethylated	reactome:Toll Like Receptor 2 (TLR2) Cascade [R-HSA-181438]	116	22	0.648857261028249	1
missMethyl_gsameth	reactome	hypomethylated	reactome:Diseases of Immune System [R-HSA-5260271]	32	8	0.187168394235876	1
missMethyl_gsameth	reactome	hypomethylated	reactome:Diseases associated with the TLR signaling cascade [R-HSA-5602358]	32	8	0.187168394235876	1
missMethyl_gsameth	reactome	hypomethylated	reactome:MyD88 deficiency (TLR2/4) [R-HSA-5602498]	17	7	0.0118492062220484	0.717684876858161
missMethyl_gsameth	reactome	hypomethylated	reactome:IRAK4 deficiency (TLR2/4) [R-HSA-5603041]	18	7	0.0157933342079883	0.832958128627117
missMethyl_gsameth	reactome	hypomethylated	reactome:Regulation of TLR by endogenous ligand [R-HSA-5686938]	22	9	0.0118479036920976	0.717684876858161
missMethyl_gsameth	reactome	hypomethylated	reactome:ABC transporters in lipid homeostasis [R-HSA-1369062]	18	3	0.723867619138345	1
missMethyl_gsameth	reactome	hypomethylated	reactome:Mitochondrial tRNA aminoacylation [R-HSA-379726]	20	2	0.922639421590383	1
missMethyl_gsameth	reactome	hypomethylated	reactome:Mitochondrial calcium ion transport [R-HSA-8949215]	22	5	0.397889322725156	1
missMethyl_gsameth	reactome	hypomethylated	reactome:Processing of SMDT1 [R-HSA-8949664]	15	3	0.483889324294374	1
missMethyl_gsameth	reactome	hypomethylated	reactome:Neurotransmitter receptors and postsynaptic signal transmission [R-HSA-112314]	204	63	0.00417425267774668	0.369546519987968
missMethyl_gsameth	reactome	hypomethylated	reactome:Transmission across Chemical Synapses [R-HSA-112315]	269	85	0.00104844395028745	0.232841927293004
missMethyl_gsameth	reactome	hypomethylated	reactome:Trafficking of AMPA receptors [R-HSA-399719]	31	8	0.470979068661748	1
missMethyl_gsameth	reactome	hypomethylated	reactome:Glutamate binding, activation of AMPA receptors and synaptic plasticity [R-HSA-399721]	31	8	0.470979068661748	1
missMethyl_gsameth	reactome	hypomethylated	reactome:LGI-ADAM interactions [R-HSA-5682910]	14	2	0.81017258747262	1
missMethyl_gsameth	reactome	hypomethylated	reactome:Presynaptic depolarization and calcium channel opening [R-HSA-112308]	12	5	0.27328007856757	1
missMethyl_gsameth	reactome	hypomethylated	reactome:Regulation of gene expression by Hypoxia-inducible Factor [R-HSA-1234158]	11	1	0.934529370868939	1
missMethyl_gsameth	reactome	hypomethylated	reactome:TFAP2 (AP-2) family regulates transcription of other transcription factors [R-HSA-8866906]	4	1	0.761688607050129	1
missMethyl_gsameth	reactome	hypomethylated	reactome:Activation of the TFAP2 (AP-2) family of transcription factors [R-HSA-8866907]	12	3	0.667667005245493	1
missMethyl_gsameth	reactome	hypomethylated	reactome:Sema3A PAK dependent Axon repulsion [R-HSA-399954]	16	5	0.48092261680762	1
missMethyl_gsameth	reactome	hypomethylated	reactome:SEMA3A-Plexin repulsion signaling by inhibiting Integrin adhesion [R-HSA-399955]	14	3	0.788698577511617	1
missMethyl_gsameth	reactome	hypomethylated	reactome:Translocation of SLC2A4 (GLUT4) to the plasma membrane [R-HSA-1445148]	71	10	0.936667290515954	1
missMethyl_gsameth	reactome	hypomethylated	reactome:Microtubule-dependent trafficking of connexons from Golgi to the plasma membrane [R-HSA-190840]	17	2	0.789464910819454	1
missMethyl_gsameth	reactome	hypomethylated	reactome:Transport of connexons to the plasma membrane [R-HSA-190872]	18	2	0.836621253166388	1
missMethyl_gsameth	reactome	hypomethylated	reactome:Cooperation of Prefoldin and TriC/CCT  in actin and tubulin folding [R-HSA-389958]	31	4	0.73194467885957	1
missMethyl_gsameth	reactome	hypomethylated	reactome:Formation of tubulin folding intermediates by CCT/TriC [R-HSA-389960]	24	2	0.896667919521878	1
missMethyl_gsameth	reactome	hypomethylated	reactome:Post-chaperonin tubulin folding pathway [R-HSA-389977]	21	3	0.717449578755285	1
missMethyl_gsameth	reactome	hypomethylated	reactome:Recycling pathway of L1 [R-HSA-437239]	46	9	0.688357090581236	1
missMethyl_gsameth	reactome	hypomethylated	reactome:Post NMDA receptor activation events [R-HSA-438064]	79	20	0.35546924679963	1
missMethyl_gsameth	reactome	hypomethylated	reactome:Activation of NMDA receptors and postsynaptic events [R-HSA-442755]	92	24	0.270947010072738	1
missMethyl_gsameth	reactome	hypomethylated	reactome:Intraflagellar transport [R-HSA-5620924]	52	6	0.923862633547372	1
missMethyl_gsameth	reactome	hypomethylated	reactome:RHO GTPases activate IQGAPs [R-HSA-5626467]	31	3	0.954478882375135	1
missMethyl_gsameth	reactome	hypomethylated	reactome:Carboxyterminal post-translational modifications of tubulin [R-HSA-8955332]	41	6	0.805591275283004	1
missMethyl_gsameth	reactome	hypomethylated	reactome:Assembly and cell surface presentation of NMDA receptors [R-HSA-9609736]	40	10	0.456503840376333	1
missMethyl_gsameth	reactome	hypomethylated	reactome:Activation of AMPK downstream of NMDARs [R-HSA-9619483]	28	4	0.798833573652413	1
missMethyl_gsameth	reactome	hypomethylated	reactome:Cytosolic sulfonation of small molecules [R-HSA-156584]	24	3	0.842167907842526	1
missMethyl_gsameth	reactome	hypomethylated	reactome:Prefoldin mediated transfer of substrate  to CCT/TriC [R-HSA-389957]	27	4	0.631890454958345	1
missMethyl_gsameth	reactome	hypomethylated	reactome:Butyrophilin (BTN) family interactions [R-HSA-8851680]	12	3	0.418770357524942	1
missMethyl_gsameth	reactome	hypomethylated	reactome:Synthesis of PC [R-HSA-1483191]	28	6	0.657918268808981	1
missMethyl_gsameth	reactome	hypomethylated	reactome:Synthesis of PE [R-HSA-1483213]	13	3	0.393909452750052	1
missMethyl_gsameth	reactome	hypomethylated	reactome:EPHA-mediated growth cone collapse [R-HSA-3928663]	30	8	0.560254448314284	1
missMethyl_gsameth	reactome	hypomethylated	reactome:Sema4D in semaphorin signaling [R-HSA-400685]	25	4	0.825278665799032	1
missMethyl_gsameth	reactome	hypomethylated	reactome:Sema4D induced cell migration and growth-cone collapse [R-HSA-416572]	21	4	0.711320991244009	1
missMethyl_gsameth	reactome	hypomethylated	reactome:RHO GTPases Activate ROCKs [R-HSA-5627117]	20	1	0.991507605019751	1
missMethyl_gsameth	reactome	hypomethylated	reactome:RHO GTPases activate PAKs [R-HSA-5627123]	24	3	0.95105935979457	1
missMethyl_gsameth	reactome	hypomethylated	reactome:Toll Like Receptor 10 (TLR10) Cascade [R-HSA-168142]	97	16	0.867213777927553	1
missMethyl_gsameth	reactome	hypomethylated	reactome:Toll Like Receptor 5 (TLR5) Cascade [R-HSA-168176]	97	16	0.867213777927553	1
missMethyl_gsameth	reactome	hypomethylated	reactome:NOD1/2 Signaling Pathway [R-HSA-168638]	37	7	0.470720500951723	1
missMethyl_gsameth	reactome	hypomethylated	reactome:Nucleotide-binding domain, leucine rich repeat containing receptor (NLR) signaling pathways [R-HSA-168643]	57	12	0.348217005175277	1
missMethyl_gsameth	reactome	hypomethylated	reactome:TAK1-dependent IKK and NF-kappa-B activation [R-HSA-445989]	45	7	0.75754258281328	1
missMethyl_gsameth	reactome	hypomethylated	reactome:Interleukin-17 signaling [R-HSA-448424]	72	15	0.479530248993396	1
missMethyl_gsameth	reactome	hypomethylated	reactome:MAP kinase activation [R-HSA-450294]	64	13	0.562243110538418	1
missMethyl_gsameth	reactome	hypomethylated	reactome:activated TAK1 mediates p38 MAPK activation [R-HSA-450302]	24	6	0.292038681934453	1
missMethyl_gsameth	reactome	hypomethylated	reactome:JNK (c-Jun kinases) phosphorylation and  activation mediated by activated human TAK1 [R-HSA-450321]	23	7	0.107500550247829	1
missMethyl_gsameth	reactome	hypomethylated	reactome:MyD88 cascade initiated on plasma membrane [R-HSA-975871]	97	16	0.867213777927553	1
missMethyl_gsameth	reactome	hypomethylated	reactome:Inhibition of the proteolytic activity of APC/C required for the onset of anaphase by mitotic spindle checkpoint components [R-HSA-141405]	20	2	0.86205468710775	1
missMethyl_gsameth	reactome	hypomethylated	reactome:Inactivation of APC/C via direct inhibition of the APC/C complex [R-HSA-141430]	20	2	0.86205468710775	1
missMethyl_gsameth	reactome	hypomethylated	reactome:APC/C:Cdc20 mediated degradation of Cyclin B [R-HSA-174048]	23	0	1	1
missMethyl_gsameth	reactome	hypomethylated	reactome:Conversion from APC/C:Cdc20 to APC/C:Cdh1 in late anaphase [R-HSA-176407]	19	0	1	1
missMethyl_gsameth	reactome	hypomethylated	reactome:Phosphorylation of the APC/C [R-HSA-176412]	19	0	1	1
missMethyl_gsameth	reactome	hypomethylated	reactome:APC-Cdc20 mediated degradation of Nek2A [R-HSA-179409]	25	2	0.920235057219767	1
missMethyl_gsameth	reactome	hypomethylated	reactome:Aberrant regulation of mitotic exit in cancer due to RB1 defects [R-HSA-9687136]	19	0	1	1
missMethyl_gsameth	reactome	hypomethylated	reactome:TP53 Regulates Transcription of Cell Death Genes [R-HSA-5633008]	44	4	0.989052109797505	1
missMethyl_gsameth	reactome	hypomethylated	reactome:TP53 regulates transcription of several additional cell death genes whose specific roles in p53-dependent apoptosis remain uncertain [R-HSA-6803205]	14	3	0.632134912715494	1
missMethyl_gsameth	reactome	hypomethylated	reactome:TNFR1-mediated ceramide production [R-HSA-5626978]	6	1	0.822999848646438	1
missMethyl_gsameth	reactome	hypomethylated	reactome:Synthesis of PI [R-HSA-1483226]	5	2	0.375800088677524	1
missMethyl_gsameth	reactome	hypomethylated	reactome:SUMOylation of DNA replication proteins [R-HSA-4615885]	45	6	0.797139342876292	1
missMethyl_gsameth	reactome	hypomethylated	reactome:Pre-NOTCH Processing in Golgi [R-HSA-1912420]	18	6	0.277238423449713	1
missMethyl_gsameth	reactome	hypomethylated	reactome:Formation of the nephric duct [R-HSA-9830364]	18	1	0.995637207475446	1
missMethyl_gsameth	reactome	hypomethylated	reactome:Kidney development [R-HSA-9830369]	46	7	0.970698417260452	1
missMethyl_gsameth	reactome	hypomethylated	reactome:Integration of energy metabolism [R-HSA-163685]	107	26	0.439753292864727	1
missMethyl_gsameth	reactome	hypomethylated	reactome:Glucagon-like Peptide-1 (GLP1) regulates insulin secretion [R-HSA-381676]	42	9	0.668469027679395	1
missMethyl_gsameth	reactome	hypomethylated	reactome:Regulation of insulin secretion [R-HSA-422356]	78	21	0.246875024045421	1
missMethyl_gsameth	reactome	hypomethylated	reactome:Signaling by ERBB4 [R-HSA-1236394]	58	18	0.0786883220207945	1
missMethyl_gsameth	reactome	hypomethylated	reactome:Nuclear signaling by ERBB4 [R-HSA-1251985]	32	8	0.428222481681124	1
missMethyl_gsameth	reactome	hypomethylated	reactome:Signaling by Hippo [R-HSA-2028269]	20	4	0.713456570341992	1
missMethyl_gsameth	reactome	hypomethylated	reactome:YAP1- and WWTR1 (TAZ)-stimulated gene expression [R-HSA-2032785]	15	4	0.620267294389533	1
missMethyl_gsameth	reactome	hypomethylated	reactome:RUNX3 regulates YAP1-mediated transcription [R-HSA-8951671]	8	3	0.364421394449711	1
missMethyl_gsameth	reactome	hypomethylated	reactome:EGR2 and SOX10-mediated initiation of Schwann cell myelination [R-HSA-9619665]	28	7	0.632685982951535	1
missMethyl_gsameth	reactome	hypomethylated	reactome:Differentiation of keratinocytes in interfollicular epidermis in mammalian skin [R-HSA-9725554]	40	14	0.0159402868892994	0.832958128627117
missMethyl_gsameth	reactome	hypomethylated	reactome:Developmental Cell Lineages [R-HSA-9734767]	40	14	0.0159402868892994	0.832958128627117
missMethyl_gsameth	reactome	hypomethylated	reactome:Formation of axial mesoderm [R-HSA-9796292]	14	4	0.431656880569257	1
missMethyl_gsameth	reactome	hypomethylated	reactome:Defective B3GALTL causes PpS [R-HSA-5083635]	37	15	0.0394441927215798	1
missMethyl_gsameth	reactome	hypomethylated	reactome:O-glycosylation of TSR domain-containing proteins [R-HSA-5173214]	38	15	0.0533950790625197	1
missMethyl_gsameth	reactome	hypomethylated	reactome:Regulation of TP53 Activity through Methylation [R-HSA-6804760]	19	1	0.986997711686134	1
missMethyl_gsameth	reactome	hypomethylated	reactome:Heme signaling [R-HSA-9707616]	48	9	0.793706183815884	1
missMethyl_gsameth	reactome	hypomethylated	reactome:Regulation of cholesterol biosynthesis by SREBP (SREBF) [R-HSA-1655829]	55	5	0.99675683342434	1
missMethyl_gsameth	reactome	hypomethylated	reactome:Metabolism of nitric oxide: NOS3 activation and regulation [R-HSA-202131]	16	0	1	1
missMethyl_gsameth	reactome	hypomethylated	reactome:eNOS activation [R-HSA-203615]	12	0	1	1
missMethyl_gsameth	reactome	hypomethylated	reactome:Mitochondrial protein degradation [R-HSA-9837999]	90	8	0.986637538821454	1
missMethyl_gsameth	reactome	hypomethylated	reactome:HATs acetylate histones [R-HSA-3214847]	132	10	0.999778789609322	1
missMethyl_gsameth	reactome	hypomethylated	reactome:Formation of WDR5-containing histone-modifying complexes [R-HSA-9772755]	40	3	0.983257310079597	1
missMethyl_gsameth	reactome	hypomethylated	reactome:Mitochondrial Fatty Acid Beta-Oxidation [R-HSA-77289]	37	3	0.964144157635742	1
missMethyl_gsameth	reactome	hypomethylated	reactome:Synthesis, secretion, and inactivation of Glucagon-like Peptide-1 (GLP-1) [R-HSA-381771]	21	4	0.598386728448446	1
missMethyl_gsameth	reactome	hypomethylated	reactome:Incretin synthesis, secretion, and inactivation [R-HSA-400508]	24	5	0.570061939315568	1
missMethyl_gsameth	reactome	hypomethylated	reactome:GPVI-mediated activation cascade [R-HSA-114604]	35	9	0.442932718597868	1
missMethyl_gsameth	reactome	hypomethylated	reactome:FCERI mediated MAPK activation [R-HSA-2871796]	32	9	0.246870216692336	1
missMethyl_gsameth	reactome	hypomethylated	reactome:FCERI mediated Ca+2 mobilization [R-HSA-2871809]	33	11	0.128587393007521	1
missMethyl_gsameth	reactome	hypomethylated	reactome:TICAM1,TRAF6-dependent induction of TAK1 complex [R-HSA-9014325]	11	1	0.815924755953656	1
missMethyl_gsameth	reactome	hypomethylated	reactome:IRAK2 mediated activation of TAK1 complex [R-HSA-937042]	10	1	0.824105796363201	1
missMethyl_gsameth	reactome	hypomethylated	reactome:Alpha-protein kinase 1 signaling pathway [R-HSA-9645460]	11	1	0.851704091208077	1
missMethyl_gsameth	reactome	hypomethylated	reactome:PTK6 promotes HIF1A stabilization [R-HSA-8857538]	6	3	0.0761083778243006	1
missMethyl_gsameth	reactome	hypomethylated	reactome:Translesion synthesis by REV1 [R-HSA-110312]	16	1	0.963157809225002	1
missMethyl_gsameth	reactome	hypomethylated	reactome:Translesion synthesis by Y family DNA polymerases bypasses lesions on DNA template [R-HSA-110313]	39	2	0.996370306780439	1
missMethyl_gsameth	reactome	hypomethylated	reactome:Translesion synthesis by POLK [R-HSA-5655862]	17	1	0.967857232594661	1
missMethyl_gsameth	reactome	hypomethylated	reactome:Translesion synthesis by POLI [R-HSA-5656121]	17	1	0.968500587482977	1
missMethyl_gsameth	reactome	hypomethylated	reactome:DNA Damage Bypass [R-HSA-73893]	48	2	0.999254294624155	1
missMethyl_gsameth	reactome	hypomethylated	reactome:Cell surface interactions at the vascular wall [R-HSA-202733]	135	31	0.224761781360416	1
missMethyl_gsameth	reactome	hypomethylated	reactome:SARS-CoV-1-host interactions [R-HSA-9692914]	96	13	0.865929356271089	1
missMethyl_gsameth	reactome	hypomethylated	reactome:SARS-CoV-1 activates/modulates innate immune responses [R-HSA-9692916]	40	6	0.67159409180583	1
missMethyl_gsameth	reactome	hypomethylated	reactome:Mitochondrial biogenesis [R-HSA-1592230]	95	9	0.997546769278865	1
missMethyl_gsameth	reactome	hypomethylated	reactome:Formation of ATP by chemiosmotic coupling [R-HSA-163210]	18	0	1	1
missMethyl_gsameth	reactome	hypomethylated	reactome:Cristae formation [R-HSA-8949613]	31	1	0.99763883561845	1
missMethyl_gsameth	reactome	hypomethylated	reactome:Protein ubiquitination [R-HSA-8852135]	74	10	0.931037988840605	1
missMethyl_gsameth	reactome	hypomethylated	reactome:Synthesis of active ubiquitin: roles of E1 and E2 enzymes [R-HSA-8866652]	30	4	0.821765192466612	1
missMethyl_gsameth	reactome	hypomethylated	reactome:Alpha-oxidation of phytanate [R-HSA-389599]	6	0	1	1
missMethyl_gsameth	reactome	hypomethylated	reactome:Class I peroxisomal membrane protein import [R-HSA-9603798]	20	5	0.212026166722422	1
missMethyl_gsameth	reactome	hypomethylated	reactome:Transport of inorganic cations/anions and amino acids/oligopeptides [R-HSA-425393]	110	32	0.0463226824476637	1
missMethyl_gsameth	reactome	hypomethylated	reactome:SLC-mediated transmembrane transport [R-HSA-425407]	249	63	0.0440369160629967	1
missMethyl_gsameth	reactome	hypomethylated	reactome:Sodium/Proton exchangers [R-HSA-425986]	9	4	0.0935548233061607	1
missMethyl_gsameth	reactome	hypomethylated	reactome:Defective SLC9A6 causes  X-linked, syndromic mental retardation,, Christianson type (MRXSCH) [R-HSA-5619092]	1	0	0.999999999970246	1
missMethyl_gsameth	reactome	hypomethylated	reactome:SLC transporter disorders [R-HSA-5619102]	98	22	0.278952417106467	1
missMethyl_gsameth	reactome	hypomethylated	reactome:L13a-mediated translational silencing of Ceruloplasmin expression [R-HSA-156827]	112	9	0.995331642957138	1
missMethyl_gsameth	reactome	hypomethylated	reactome:Eukaryotic Translation Initiation [R-HSA-72613]	120	10	0.994635458909421	1
missMethyl_gsameth	reactome	hypomethylated	reactome:Translation initiation complex formation [R-HSA-72649]	59	7	0.881938747691846	1
missMethyl_gsameth	reactome	hypomethylated	reactome:Activation of the mRNA upon binding of the cap-binding complex and eIFs, and subsequent binding to 43S [R-HSA-72662]	60	8	0.805229957407334	1
missMethyl_gsameth	reactome	hypomethylated	reactome:Formation of a pool of free 40S subunits [R-HSA-72689]	102	7	0.997470671751172	1
missMethyl_gsameth	reactome	hypomethylated	reactome:Formation of the ternary complex, and subsequently, the 43S complex [R-HSA-72695]	52	5	0.934286844623339	1
missMethyl_gsameth	reactome	hypomethylated	reactome:Ribosomal scanning and start codon recognition [R-HSA-72702]	59	6	0.942744517858531	1
missMethyl_gsameth	reactome	hypomethylated	reactome:GTP hydrolysis and joining of the 60S ribosomal subunit [R-HSA-72706]	113	8	0.998383037781488	1
missMethyl_gsameth	reactome	hypomethylated	reactome:Cap-dependent Translation Initiation [R-HSA-72737]	120	10	0.994635458909421	1
missMethyl_gsameth	reactome	hypomethylated	reactome:Role of ABL in ROBO-SLIT signaling [R-HSA-428890]	8	5	0.0448110775722934	1
missMethyl_gsameth	reactome	hypomethylated	reactome:CREB3 factors activate genes [R-HSA-8874211]	9	1	0.892603882301535	1
missMethyl_gsameth	reactome	hypomethylated	reactome:Collagen formation [R-HSA-1474290]	90	30	0.0394880831676703	1
missMethyl_gsameth	reactome	hypomethylated	reactome:Collagen biosynthesis and modifying enzymes [R-HSA-1650814]	67	25	0.0172675550330036	0.852185817832493
missMethyl_gsameth	reactome	hypomethylated	reactome:Neurotransmitter release cycle [R-HSA-112310]	51	15	0.174400893054031	1
missMethyl_gsameth	reactome	hypomethylated	reactome:Serotonin Neurotransmitter Release Cycle [R-HSA-181429]	18	6	0.286727115980214	1
missMethyl_gsameth	reactome	hypomethylated	reactome:Norepinephrine Neurotransmitter Release Cycle [R-HSA-181430]	18	5	0.393827470548885	1
missMethyl_gsameth	reactome	hypomethylated	reactome:Glutamate Neurotransmitter Release Cycle [R-HSA-210500]	24	8	0.183066851476585	1
missMethyl_gsameth	reactome	hypomethylated	reactome:Dopamine Neurotransmitter Release Cycle [R-HSA-212676]	23	8	0.157872975620146	1
missMethyl_gsameth	reactome	hypomethylated	reactome:Acetylcholine Neurotransmitter Release Cycle [R-HSA-264642]	17	4	0.613789851916054	1
missMethyl_gsameth	reactome	hypomethylated	reactome:RORA activates gene expression [R-HSA-1368082]	18	3	0.89159212466408	1
missMethyl_gsameth	reactome	hypomethylated	reactome:Transcriptional activation of mitochondrial biogenesis [R-HSA-2151201]	56	7	0.95697533057342	1
missMethyl_gsameth	reactome	hypomethylated	reactome:Activation of gene expression by SREBF (SREBP) [R-HSA-2426168]	42	4	0.993529318642953	1
missMethyl_gsameth	reactome	hypomethylated	reactome:TP53 Regulates Transcription of Genes Involved in G2 Cell Cycle Arrest [R-HSA-6804114]	18	0	1	1
missMethyl_gsameth	reactome	hypomethylated	reactome:Cytoprotection by HMOX1 [R-HSA-9707564]	57	5	0.993946019425502	1
missMethyl_gsameth	reactome	hypomethylated	reactome:Recycling of bile acids and salts [R-HSA-159418]	18	5	0.211732982605454	1
missMethyl_gsameth	reactome	hypomethylated	reactome:Synthesis of bile acids and bile salts via 27-hydroxycholesterol [R-HSA-193807]	14	2	0.75500062512271	1
missMethyl_gsameth	reactome	hypomethylated	reactome:Endogenous sterols [R-HSA-211976]	26	8	0.158596348723252	1
missMethyl_gsameth	reactome	hypomethylated	reactome:RND3 GTPase cycle [R-HSA-9696264]	42	7	0.822153218807656	1
missMethyl_gsameth	reactome	hypomethylated	reactome:Sema4D mediated inhibition of cell attachment and migration [R-HSA-416550]	8	1	0.820070697141399	1
missMethyl_gsameth	reactome	hypomethylated	reactome:ATF4 activates genes in response to endoplasmic reticulum  stress [R-HSA-380994]	27	3	0.855938512303176	1
missMethyl_gsameth	reactome	hypomethylated	reactome:PERK regulates gene expression [R-HSA-381042]	32	3	0.918777631675606	1
missMethyl_gsameth	reactome	hypomethylated	reactome:Response of EIF2AK4 (GCN2) to amino acid deficiency [R-HSA-9633012]	102	5	0.999762331240747	1
missMethyl_gsameth	reactome	hypomethylated	reactome:Response of EIF2AK1 (HRI) to heme deficiency [R-HSA-9648895]	15	3	0.492645617612519	1
missMethyl_gsameth	reactome	hypomethylated	reactome:Nuclear events stimulated by ALK signaling in cancer [R-HSA-9725371]	33	4	0.943672801753035	1
missMethyl_gsameth	reactome	hypomethylated	reactome:Elastic fibre formation [R-HSA-1566948]	44	15	0.0591102501355024	1
missMethyl_gsameth	reactome	hypomethylated	reactome:Molecules associated with elastic fibres [R-HSA-2129379]	37	14	0.0276700617839491	1
missMethyl_gsameth	reactome	hypomethylated	reactome:Cardiogenesis [R-HSA-9733709]	27	4	0.922128798913156	1
missMethyl_gsameth	reactome	hypomethylated	reactome:Binding and Uptake of Ligands by Scavenger Receptors [R-HSA-2173782]	42	8	0.679698285332789	1
missMethyl_gsameth	reactome	hypomethylated	reactome:Scavenging by Class F Receptors [R-HSA-3000484]	6	1	0.743945702587884	1
missMethyl_gsameth	reactome	hypomethylated	reactome:Common Pathway of Fibrin Clot Formation [R-HSA-140875]	22	6	0.221501623089858	1
missMethyl_gsameth	reactome	hypomethylated	reactome:Formation of Fibrin Clot (Clotting Cascade) [R-HSA-140877]	39	10	0.169978222647131	1
missMethyl_gsameth	reactome	hypomethylated	reactome:ChREBP activates metabolic gene expression [R-HSA-163765]	8	1	0.928164005765268	1
missMethyl_gsameth	reactome	hypomethylated	reactome:Transport of vitamins, nucleosides, and related molecules [R-HSA-425397]	41	10	0.257278876060163	1
missMethyl_gsameth	reactome	hypomethylated	reactome:Defective SLC35A1 causes congenital disorder of glycosylation 2F (CDG2F) [R-HSA-5619037]	1	0	1.0000000000106	1
missMethyl_gsameth	reactome	hypomethylated	reactome:Defective SLC35A1 causes congenital disorder of glycosylation 2F (CDG2F) [R-HSA-5663020]	1	0	1.0000000000106	1
missMethyl_gsameth	reactome	hypomethylated	reactome:Transport of nucleotide sugars [R-HSA-727802]	9	3	0.245652346027965	1
missMethyl_gsameth	reactome	hypomethylated	reactome:Vitamin B1 (thiamin) metabolism [R-HSA-196819]	5	2	0.273091305025884	1
missMethyl_gsameth	reactome	hypomethylated	reactome:Chemokine receptors bind chemokines [R-HSA-380108]	58	8	0.780673346019488	1
missMethyl_gsameth	reactome	hypomethylated	reactome:Type II Na+/Pi cotransporters [R-HSA-427589]	3	0	1	1
missMethyl_gsameth	reactome	hypomethylated	reactome:Sodium-coupled phosphate cotransporters [R-HSA-427652]	5	2	0.263833563625549	1
missMethyl_gsameth	reactome	hypomethylated	reactome:Defective SLC34A2 causes pulmonary alveolar microlithiasis (PALM) [R-HSA-5619045]	1	0	0.999999999966593	1
missMethyl_gsameth	reactome	hypomethylated	reactome:Surfactant metabolism [R-HSA-5683826]	28	2	0.976345792703483	1
missMethyl_gsameth	reactome	hypomethylated	reactome:Defective SLC34A2 causes PALM [R-HSA-5687583]	1	0	0.999999999966593	1
missMethyl_gsameth	reactome	hypomethylated	reactome:Diseases associated with surfactant metabolism [R-HSA-5687613]	8	0	1	1
missMethyl_gsameth	reactome	hypomethylated	reactome:Folding of actin by CCT/TriC [R-HSA-390450]	10	0	1	1
missMethyl_gsameth	reactome	hypomethylated	reactome:Cooperation of PDCL (PhLP1) and TRiC/CCT in G-protein beta folding [R-HSA-6814122]	38	6	0.798664157345595	1
missMethyl_gsameth	reactome	hypomethylated	reactome:Cargo trafficking to the periciliary membrane [R-HSA-5620920]	51	4	0.99136355059917	1
missMethyl_gsameth	reactome	hypomethylated	reactome:BBSome-mediated cargo-targeting to cilium [R-HSA-5620922]	23	0	1	1
missMethyl_gsameth	reactome	hypomethylated	reactome:LDL clearance [R-HSA-8964038]	19	4	0.648440759149365	1
missMethyl_gsameth	reactome	hypomethylated	reactome:Lectin pathway of complement activation [R-HSA-166662]	8	4	0.0534988621991442	1
missMethyl_gsameth	reactome	hypomethylated	reactome:Creation of C4 and C2 activators [R-HSA-166786]	14	7	0.00429866496046042	0.369546519987968
missMethyl_gsameth	reactome	hypomethylated	reactome:Defective POMT2 causes MDDGA2, MDDGB2 and MDDGC2 [R-HSA-5083629]	3	1	0.445568184412817	1
missMethyl_gsameth	reactome	hypomethylated	reactome:Defective POMT1 causes MDDGA1, MDDGB1 and MDDGC1 [R-HSA-5083633]	3	1	0.445568184412817	1
missMethyl_gsameth	reactome	hypomethylated	reactome:Detoxification of Reactive Oxygen Species [R-HSA-3299685]	37	5	0.828934454610734	1
missMethyl_gsameth	reactome	hypomethylated	reactome:Metabolism of folate and pterines [R-HSA-196757]	17	3	0.662366793880037	1
missMethyl_gsameth	reactome	hypomethylated	reactome:Signaling by NODAL [R-HSA-1181150]	22	4	0.686096041232864	1
missMethyl_gsameth	reactome	hypomethylated	reactome:Metabolism of porphyrins [R-HSA-189445]	27	3	0.858760602045946	1
missMethyl_gsameth	reactome	hypomethylated	reactome:Heme degradation [R-HSA-189483]	15	2	0.777285533193352	1
missMethyl_gsameth	reactome	hypomethylated	reactome:Defective SLCO1B1 causes hyperbilirubinemia, Rotor type (HBLRR) [R-HSA-5619110]	1	0	1.00000000000073	1
missMethyl_gsameth	reactome	hypomethylated	reactome:Transport of organic anions [R-HSA-879518]	11	4	0.158478229126081	1
missMethyl_gsameth	reactome	hypomethylated	reactome:Atorvastatin ADME [R-HSA-9754706]	9	3	0.266466954117694	1
missMethyl_gsameth	reactome	hypomethylated	reactome:Deadenylation-dependent mRNA decay [R-HSA-429914]	55	6	0.955005236645607	1
missMethyl_gsameth	reactome	hypomethylated	reactome:Deadenylation of mRNA [R-HSA-429947]	24	4	0.726249004097414	1
missMethyl_gsameth	reactome	hypomethylated	reactome:M-decay: degradation of maternal mRNAs by maternally stored factors [R-HSA-9820841]	24	4	0.767336583474283	1
missMethyl_gsameth	reactome	hypomethylated	reactome:Z-decay: degradation of maternal mRNAs by zygotically expressed factors [R-HSA-9820865]	12	2	0.702690023307626	1
missMethyl_gsameth	reactome	hypomethylated	reactome:Purine ribonucleoside monophosphate biosynthesis [R-HSA-73817]	11	2	0.581110553522202	1
missMethyl_gsameth	reactome	hypomethylated	reactome:Nucleotide biosynthesis [R-HSA-8956320]	14	2	0.684817086549318	1
missMethyl_gsameth	reactome	hypomethylated	reactome:Maturation of protein 3a [R-HSA-9683673]	9	5	0.0625874710285815	1
missMethyl_gsameth	reactome	hypomethylated	reactome:Translation of Structural Proteins [R-HSA-9683701]	29	6	0.551978347077162	1
missMethyl_gsameth	reactome	hypomethylated	reactome:Maturation of spike protein [R-HSA-9694548]	37	7	0.663194658571321	1
missMethyl_gsameth	reactome	hypomethylated	reactome:Translation of Structural Proteins [R-HSA-9694635]	57	9	0.831599641848451	1
missMethyl_gsameth	reactome	hypomethylated	reactome:Maturation of protein 3a [R-HSA-9694719]	9	5	0.0625874710285815	1
missMethyl_gsameth	reactome	hypomethylated	reactome:Late SARS-CoV-2 Infection Events [R-HSA-9772573]	70	13	0.746575798131554	1
missMethyl_gsameth	reactome	hypomethylated	reactome:Neurexins and neuroligins [R-HSA-6794361]	55	22	0.0206049725773777	0.946762964115717
missMethyl_gsameth	reactome	hypomethylated	reactome:Cytosolic sensors of pathogen-associated DNA [R-HSA-1834949]	64	6	0.972714289040454	1
missMethyl_gsameth	reactome	hypomethylated	reactome:RNA Polymerase III Chain Elongation [R-HSA-73780]	18	0	1	1
missMethyl_gsameth	reactome	hypomethylated	reactome:RNA Polymerase III Transcription Termination [R-HSA-73980]	23	1	0.991297074694015	1
missMethyl_gsameth	reactome	hypomethylated	reactome:RNA Polymerase III Transcription Initiation From Type 1 Promoter [R-HSA-76061]	28	0	1	1
missMethyl_gsameth	reactome	hypomethylated	reactome:RNA Polymerase III Transcription Initiation From Type 2 Promoter [R-HSA-76066]	27	0	1	1
missMethyl_gsameth	reactome	hypomethylated	reactome:Ephrin signaling [R-HSA-3928664]	19	6	0.451696415720614	1
missMethyl_gsameth	reactome	hypomethylated	reactome:Inflammasomes [R-HSA-622312]	21	5	0.39973602275549	1
missMethyl_gsameth	reactome	hypomethylated	reactome:The NLRP3 inflammasome [R-HSA-844456]	16	3	0.633628427413974	1
missMethyl_gsameth	reactome	hypomethylated	reactome:Regulation of FOXO transcriptional activity by acetylation [R-HSA-9617629]	10	1	0.905216734582239	1
missMethyl_gsameth	reactome	hypomethylated	reactome:Purinergic signaling in leishmaniasis infection [R-HSA-9660826]	26	7	0.217682778291381	1
missMethyl_gsameth	reactome	hypomethylated	reactome:Cell recruitment (pro-inflammatory response) [R-HSA-9664424]	26	7	0.217682778291381	1
missMethyl_gsameth	reactome	hypomethylated	reactome:Polo-like kinase mediated events [R-HSA-156711]	16	1	0.944063645024465	1
missMethyl_gsameth	reactome	hypomethylated	reactome:Specification of primordial germ cells [R-HSA-9827857]	12	3	0.524094159857791	1
missMethyl_gsameth	reactome	hypomethylated	reactome:Regulation of signaling by NODAL [R-HSA-1433617]	11	1	0.886822979617434	1
missMethyl_gsameth	reactome	hypomethylated	reactome:Insulin processing [R-HSA-264876]	25	3	0.953116625717192	1
missMethyl_gsameth	reactome	hypomethylated	reactome:VxPx cargo-targeting to cilium [R-HSA-5620916]	21	3	0.891859251077534	1
missMethyl_gsameth	reactome	hypomethylated	reactome:Insulin-like Growth Factor-2 mRNA Binding Proteins (IGF2BPs/IMPs/VICKZs) bind RNA [R-HSA-428359]	3	3	0.0400387403168232	1
missMethyl_gsameth	reactome	hypomethylated	reactome:CaMK IV-mediated phosphorylation of CREB [R-HSA-111932]	12	2	0.829689887661322	1
missMethyl_gsameth	reactome	hypomethylated	reactome:Calmodulin induced events [R-HSA-111933]	37	9	0.623358685149303	1
missMethyl_gsameth	reactome	hypomethylated	reactome:Ca-dependent events [R-HSA-111996]	39	10	0.527893157956807	1
missMethyl_gsameth	reactome	hypomethylated	reactome:CaM pathway [R-HSA-111997]	37	9	0.623358685149303	1
missMethyl_gsameth	reactome	hypomethylated	reactome:G-protein mediated events [R-HSA-112040]	56	14	0.533804111298328	1
missMethyl_gsameth	reactome	hypomethylated	reactome:PLC beta mediated events [R-HSA-112043]	51	12	0.635325713226636	1
missMethyl_gsameth	reactome	hypomethylated	reactome:DAG and IP3 signaling [R-HSA-1489509]	43	11	0.590363855345088	1
missMethyl_gsameth	reactome	hypomethylated	reactome:CREB1 phosphorylation through the activation of CaMKII/CaMKK/CaMKIV cascasde [R-HSA-442729]	10	1	0.93166807429166	1
missMethyl_gsameth	reactome	hypomethylated	reactome:Activation of RAC1 downstream of NMDARs [R-HSA-9619229]	9	1	0.917932937965839	1
missMethyl_gsameth	reactome	hypomethylated	reactome:TP53 Regulates Transcription of Genes Involved in Cytochrome C Release [R-HSA-6803204]	20	1	0.99526001869628	1
missMethyl_gsameth	reactome	hypomethylated	reactome:MET Receptor Activation [R-HSA-6806942]	6	1	0.725452356198246	1
missMethyl_gsameth	reactome	hypomethylated	reactome:Signaling by MST1 [R-HSA-8852405]	5	2	0.162662378660733	1
missMethyl_gsameth	reactome	hypomethylated	reactome:Cholesterol biosynthesis [R-HSA-191273]	27	1	0.996971104844925	1
missMethyl_gsameth	reactome	hypomethylated	reactome:PTK6 Regulates Proteins Involved in RNA Processing [R-HSA-8849468]	5	4	0.00424363840297894	0.369546519987968
missMethyl_gsameth	reactome	hypomethylated	reactome:Physiological factors [R-HSA-5578768]	14	2	0.910611572441132	1
missMethyl_gsameth	reactome	hypomethylated	reactome:E3 ubiquitin ligases ubiquitinate target proteins [R-HSA-8866654]	54	6	0.967728797987861	1
missMethyl_gsameth	reactome	hypomethylated	reactome:Signal amplification [R-HSA-392518]	33	7	0.572722785400779	1
missMethyl_gsameth	reactome	hypomethylated	reactome:Thromboxane signalling through TP receptor [R-HSA-428930]	24	5	0.587345692973953	1
missMethyl_gsameth	reactome	hypomethylated	reactome:Thrombin signalling through proteinase activated receptors (PARs) [R-HSA-456926]	32	7	0.540185385344976	1
missMethyl_gsameth	reactome	hypomethylated	reactome:TNFs bind their physiological receptors [R-HSA-5669034]	28	8	0.15000468397101	1
missMethyl_gsameth	reactome	hypomethylated	reactome:TNF receptor superfamily (TNFSF) members mediating non-canonical NF-kB pathway [R-HSA-5676594]	18	3	0.717056438511648	1
missMethyl_gsameth	reactome	hypomethylated	reactome:Chondroitin sulfate biosynthesis [R-HSA-2022870]	20	6	0.336354283367484	1
missMethyl_gsameth	reactome	hypomethylated	reactome:CS/DS degradation [R-HSA-2024101]	14	3	0.631559764267665	1
missMethyl_gsameth	reactome	hypomethylated	reactome:Defective CHST3 causes SEDCJD [R-HSA-3595172]	8	1	0.886670606293698	1
missMethyl_gsameth	reactome	hypomethylated	reactome:Defective CHST14 causes EDS, musculocontractural type [R-HSA-3595174]	8	1	0.868592606166732	1
missMethyl_gsameth	reactome	hypomethylated	reactome:Defective CHSY1 causes TPBS [R-HSA-3595177]	8	1	0.900296622446019	1
missMethyl_gsameth	reactome	hypomethylated	reactome:Activation of G protein gated Potassium channels [R-HSA-1296041]	29	9	0.200281929926081	1
missMethyl_gsameth	reactome	hypomethylated	reactome:G protein gated Potassium channels [R-HSA-1296059]	29	9	0.200281929926081	1
missMethyl_gsameth	reactome	hypomethylated	reactome:G-protein activation [R-HSA-202040]	24	5	0.613320202724346	1
missMethyl_gsameth	reactome	hypomethylated	reactome:ADP signalling through P2Y purinoceptor 12 [R-HSA-392170]	22	4	0.720638072292421	1
missMethyl_gsameth	reactome	hypomethylated	reactome:Prostacyclin signalling through prostacyclin receptor [R-HSA-392851]	19	3	0.824543818125605	1
missMethyl_gsameth	reactome	hypomethylated	reactome:Adrenaline,noradrenaline inhibits insulin secretion [R-HSA-400042]	28	5	0.826876226619506	1
missMethyl_gsameth	reactome	hypomethylated	reactome:Ca2+ pathway [R-HSA-4086398]	62	16	0.414434149483629	1
missMethyl_gsameth	reactome	hypomethylated	reactome:G beta:gamma signalling through PLC beta [R-HSA-418217]	20	3	0.830151353487945	1
missMethyl_gsameth	reactome	hypomethylated	reactome:ADP signalling through P2Y purinoceptor 1 [R-HSA-418592]	25	5	0.657218331236988	1
missMethyl_gsameth	reactome	hypomethylated	reactome:Glucagon-type ligand receptors [R-HSA-420092]	32	9	0.265187424111204	1
missMethyl_gsameth	reactome	hypomethylated	reactome:Vasopressin regulates renal water homeostasis via Aquaporins [R-HSA-432040]	43	8	0.762789559483211	1
missMethyl_gsameth	reactome	hypomethylated	reactome:Aquaporin-mediated transport [R-HSA-445717]	52	8	0.884971544101647	1
missMethyl_gsameth	reactome	hypomethylated	reactome:Activation of kainate receptors upon glutamate binding [R-HSA-451326]	32	5	0.896528073082172	1
missMethyl_gsameth	reactome	hypomethylated	reactome:Presynaptic function of Kainate receptors [R-HSA-500657]	21	3	0.869077755022982	1
missMethyl_gsameth	reactome	hypomethylated	reactome:G beta:gamma signalling through BTK [R-HSA-8964315]	18	3	0.770639490941756	1
missMethyl_gsameth	reactome	hypomethylated	reactome:G beta:gamma signalling through CDC42 [R-HSA-8964616]	20	3	0.845591049683929	1
missMethyl_gsameth	reactome	hypomethylated	reactome:GPER1 signaling [R-HSA-9634597]	45	11	0.490476021194544	1
missMethyl_gsameth	reactome	hypomethylated	reactome:ADORA2B mediated anti-inflammatory cytokines production [R-HSA-9660821]	43	10	0.52683093698521	1
missMethyl_gsameth	reactome	hypomethylated	reactome:Anti-inflammatory response favouring Leishmania parasite infection [R-HSA-9662851]	79	17	0.682767446969642	1
missMethyl_gsameth	reactome	hypomethylated	reactome:Leishmania parasite growth and survival [R-HSA-9664433]	79	17	0.682767446969642	1
missMethyl_gsameth	reactome	hypomethylated	reactome:GABA receptor activation [R-HSA-977443]	60	25	0.00149378070050223	0.284351826202746
missMethyl_gsameth	reactome	hypomethylated	reactome:GABA B receptor activation [R-HSA-977444]	43	14	0.136800511999204	1
missMethyl_gsameth	reactome	hypomethylated	reactome:Activation of GABAB receptors [R-HSA-991365]	43	14	0.136800511999204	1
missMethyl_gsameth	reactome	hypomethylated	reactome:Inhibition  of voltage gated Ca2+ channels via Gbeta/gamma subunits [R-HSA-997272]	29	9	0.200281929926081	1
missMethyl_gsameth	reactome	hypomethylated	reactome:Cholesterol biosynthesis via desmosterol [R-HSA-6807047]	4	1	0.622989019363144	1
missMethyl_gsameth	reactome	hypomethylated	reactome:Cholesterol biosynthesis via lathosterol [R-HSA-6807062]	4	1	0.622989019363144	1
missMethyl_gsameth	reactome	hypomethylated	reactome:Tight junction interactions [R-HSA-420029]	29	12	0.00257087762149612	0.369546519987968
missMethyl_gsameth	reactome	hypomethylated	reactome:Trafficking and processing of endosomal TLR [R-HSA-1679131]	13	1	0.913430224516345	1
missMethyl_gsameth	reactome	hypomethylated	reactome:PKA-mediated phosphorylation of CREB [R-HSA-111931]	22	5	0.642328168286665	1
missMethyl_gsameth	reactome	hypomethylated	reactome:Glucagon signaling in metabolic regulation [R-HSA-163359]	32	8	0.507731628678182	1
missMethyl_gsameth	reactome	hypomethylated	reactome:PKA activation [R-HSA-163615]	20	5	0.580670462481875	1
missMethyl_gsameth	reactome	hypomethylated	reactome:PKA activation in glucagon signalling [R-HSA-164378]	17	5	0.467835258508346	1
missMethyl_gsameth	reactome	hypomethylated	reactome:Adenylate cyclase activating pathway [R-HSA-170660]	10	4	0.327085314899858	1
missMethyl_gsameth	reactome	hypomethylated	reactome:Adenylate cyclase inhibitory pathway [R-HSA-170670]	14	5	0.318277935173382	1
missMethyl_gsameth	reactome	hypomethylated	reactome:CREB1 phosphorylation through the activation of Adenylate Cyclase [R-HSA-442720]	14	3	0.564037742249275	1
missMethyl_gsameth	reactome	hypomethylated	reactome:FCGR3A-mediated IL10 synthesis [R-HSA-9664323]	40	9	0.670982214152618	1
missMethyl_gsameth	reactome	hypomethylated	reactome:Plasma lipoprotein remodeling [R-HSA-8963899]	33	5	0.791447906666931	1
missMethyl_gsameth	reactome	hypomethylated	reactome:LDL remodeling [R-HSA-8964041]	6	3	0.104145044092252	1
missMethyl_gsameth	reactome	hypomethylated	reactome:HDL remodeling [R-HSA-8964058]	10	0	1	1
missMethyl_gsameth	reactome	hypomethylated	reactome:Recognition of DNA damage by PCNA-containing replication complex [R-HSA-110314]	30	1	0.997697833985787	1
missMethyl_gsameth	reactome	hypomethylated	reactome:Processive synthesis on the C-strand of the telomere [R-HSA-174414]	19	0	1	1
missMethyl_gsameth	reactome	hypomethylated	reactome:Removal of the Flap Intermediate from the C-strand [R-HSA-174437]	17	0	1	1
missMethyl_gsameth	reactome	hypomethylated	reactome:Mismatch Repair [R-HSA-5358508]	15	1	0.957398810918202	1
missMethyl_gsameth	reactome	hypomethylated	reactome:Mismatch repair (MMR) directed by MSH2:MSH6 (MutSalpha) [R-HSA-5358565]	14	1	0.951149837439603	1
missMethyl_gsameth	reactome	hypomethylated	reactome:Mismatch repair (MMR) directed by MSH2:MSH3 (MutSbeta) [R-HSA-5358606]	14	1	0.951191594533265	1
missMethyl_gsameth	reactome	hypomethylated	reactome:PCNA-Dependent Long Patch Base Excision Repair [R-HSA-5651801]	21	1	0.987766929401028	1
missMethyl_gsameth	reactome	hypomethylated	reactome:Termination of translesion DNA synthesis [R-HSA-5656169]	32	2	0.986779661679824	1
missMethyl_gsameth	reactome	hypomethylated	reactome:Gap-filling DNA repair synthesis and ligation in GG-NER [R-HSA-5696397]	25	2	0.953501872742052	1
missMethyl_gsameth	reactome	hypomethylated	reactome:Polymerase switching [R-HSA-69091]	14	2	0.758980159408031	1
missMethyl_gsameth	reactome	hypomethylated	reactome:Leading Strand Synthesis [R-HSA-69109]	14	2	0.758980159408031	1
missMethyl_gsameth	reactome	hypomethylated	reactome:Removal of the Flap Intermediate [R-HSA-69166]	14	1	0.948220685634403	1
missMethyl_gsameth	reactome	hypomethylated	reactome:Processive synthesis on the lagging strand [R-HSA-69183]	15	1	0.95666362684036	1
missMethyl_gsameth	reactome	hypomethylated	reactome:Lagging Strand Synthesis [R-HSA-69186]	20	2	0.911098672995133	1
missMethyl_gsameth	reactome	hypomethylated	reactome:DNA strand elongation [R-HSA-69190]	32	2	0.985598346940131	1
missMethyl_gsameth	reactome	hypomethylated	reactome:Signaling by ERBB2 in Cancer [R-HSA-1227990]	26	10	0.0738712703438011	1
missMethyl_gsameth	reactome	hypomethylated	reactome:SHC1 events in ERBB2 signaling [R-HSA-1250196]	22	11	0.013384006889035	0.778193994819407
missMethyl_gsameth	reactome	hypomethylated	reactome:PI3K events in ERBB4 signaling [R-HSA-1250342]	10	5	0.0771015286119191	1
missMethyl_gsameth	reactome	hypomethylated	reactome:SHC1 events in ERBB4 signaling [R-HSA-1250347]	14	5	0.237605551454772	1
missMethyl_gsameth	reactome	hypomethylated	reactome:GRB2 events in ERBB2 signaling [R-HSA-1963640]	16	8	0.0277304086603371	1
missMethyl_gsameth	reactome	hypomethylated	reactome:PI3K events in ERBB2 signaling [R-HSA-1963642]	16	10	0.0022539755190705	0.353343809313111
missMethyl_gsameth	reactome	hypomethylated	reactome:Constitutive Signaling by Aberrant PI3K in Cancer [R-HSA-2219530]	83	28	0.0274613964227052	1
missMethyl_gsameth	reactome	hypomethylated	reactome:ERBB2 Regulates Cell Motility [R-HSA-6785631]	15	8	0.0110172216587776	0.716119407820542
missMethyl_gsameth	reactome	hypomethylated	reactome:PI5P, PP2A and IER3 Regulate PI3K/AKT Signaling [R-HSA-6811558]	111	34	0.0422910535126508	1
missMethyl_gsameth	reactome	hypomethylated	reactome:ERBB2 Activates PTK6 Signaling [R-HSA-8847993]	13	9	0.000945740248117326	0.22912706920297
missMethyl_gsameth	reactome	hypomethylated	reactome:Signaling by ERBB2 KD Mutants [R-HSA-9664565]	25	10	0.0535430339672774	1
missMethyl_gsameth	reactome	hypomethylated	reactome:Signaling by ERBB2 TMD/JMD mutants [R-HSA-9665686]	22	9	0.0542985370888364	1
missMethyl_gsameth	reactome	hypomethylated	reactome:Gene and protein expression by JAK-STAT signaling after Interleukin-12 stimulation [R-HSA-8950505]	38	6	0.674653076638939	1
missMethyl_gsameth	reactome	hypomethylated	reactome:Interleukin-12 signaling [R-HSA-9020591]	46	9	0.480632299029837	1
missMethyl_gsameth	reactome	hypomethylated	reactome:Glucuronidation [R-HSA-156588]	25	7	0.126391208499362	1
missMethyl_gsameth	reactome	hypomethylated	reactome:Cation-coupled Chloride cotransporters [R-HSA-426117]	7	1	0.885319557961241	1
missMethyl_gsameth	reactome	hypomethylated	reactome:RND2 GTPase cycle [R-HSA-9696270]	43	7	0.858964271531338	1
missMethyl_gsameth	reactome	hypomethylated	reactome:Arachidonic acid metabolism [R-HSA-2142753]	59	12	0.481809786863308	1
missMethyl_gsameth	reactome	hypomethylated	reactome:Synthesis of Prostaglandins (PG) and Thromboxanes (TX) [R-HSA-2162123]	15	4	0.23401521191563	1
missMethyl_gsameth	reactome	hypomethylated	reactome:Attenuation phase [R-HSA-3371568]	14	2	0.867798963242992	1
missMethyl_gsameth	reactome	hypomethylated	reactome:HSF1-dependent transactivation [R-HSA-3371571]	24	4	0.869122271561403	1
missMethyl_gsameth	reactome	hypomethylated	reactome:Aryl hydrocarbon receptor signalling [R-HSA-8937144]	7	2	0.490111801614538	1
missMethyl_gsameth	reactome	hypomethylated	reactome:Cellular response to mitochondrial stress [R-HSA-9840373]	9	1	0.78157123986777	1
missMethyl_gsameth	reactome	hypomethylated	reactome:Formation of the ureteric bud [R-HSA-9830674]	21	5	0.654287829129734	1
missMethyl_gsameth	reactome	hypomethylated	reactome:Ficolins bind to repetitive carbohydrate structures on the target cell surface [R-HSA-2855086]	5	1	0.60481349231953	1
missMethyl_gsameth	reactome	hypomethylated	reactome:CHL1 interactions [R-HSA-447041]	9	6	0.0078917681739766	0.55346216272757
missMethyl_gsameth	reactome	hypomethylated	reactome:FGFR1 ligand binding and activation [R-HSA-190242]	18	3	0.778535230982602	1
missMethyl_gsameth	reactome	hypomethylated	reactome:FGFR1b ligand binding and activation [R-HSA-190370]	8	1	0.912263452716637	1
missMethyl_gsameth	reactome	hypomethylated	reactome:FGFR1c ligand binding and activation [R-HSA-190373]	14	3	0.610464837940639	1
missMethyl_gsameth	reactome	hypomethylated	reactome:Signaling by TGFBR3 [R-HSA-9839373]	46	5	0.985784195031668	1
missMethyl_gsameth	reactome	hypomethylated	reactome:TGFBR3 regulates TGF-beta signaling [R-HSA-9839389]	8	1	0.911657137781297	1
missMethyl_gsameth	reactome	hypomethylated	reactome:TGFBR3 regulates FGF2 signaling [R-HSA-9839397]	3	0	1	1
missMethyl_gsameth	reactome	hypomethylated	reactome:ISG15 antiviral mechanism [R-HSA-1169408]	73	8	0.953289613859191	1
missMethyl_gsameth	reactome	hypomethylated	reactome:Rev-mediated nuclear export of HIV RNA [R-HSA-165054]	34	5	0.686665747496301	1
missMethyl_gsameth	reactome	hypomethylated	reactome:Influenza Infection [R-HSA-168255]	156	11	0.999762677394311	1
missMethyl_gsameth	reactome	hypomethylated	reactome:Transport of Ribonucleoproteins into the Host Nucleus [R-HSA-168271]	31	4	0.76541643077046	1
missMethyl_gsameth	reactome	hypomethylated	reactome:Influenza Viral RNA Transcription and Replication [R-HSA-168273]	136	10	0.998911774094739	1
missMethyl_gsameth	reactome	hypomethylated	reactome:Export of Viral Ribonucleoproteins from Nucleus [R-HSA-168274]	33	4	0.8387601006349	1
missMethyl_gsameth	reactome	hypomethylated	reactome:NS1 Mediated Effects on Host Pathways [R-HSA-168276]	40	4	0.904007354837529	1
missMethyl_gsameth	reactome	hypomethylated	reactome:Viral Messenger RNA Synthesis [R-HSA-168325]	43	5	0.862479617428948	1
missMethyl_gsameth	reactome	hypomethylated	reactome:NEP/NS2 Interacts with the Cellular Export Machinery [R-HSA-168333]	31	4	0.776899138904968	1
missMethyl_gsameth	reactome	hypomethylated	reactome:Regulation of Glucokinase by Glucokinase Regulatory Protein [R-HSA-170822]	31	4	0.788614619296543	1
missMethyl_gsameth	reactome	hypomethylated	reactome:Interactions of Vpr with host cellular proteins [R-HSA-176033]	35	6	0.511263659141495	1
missMethyl_gsameth	reactome	hypomethylated	reactome:Interactions of Rev with host cellular proteins [R-HSA-177243]	36	5	0.749284442118679	1
missMethyl_gsameth	reactome	hypomethylated	reactome:Nuclear import of Rev protein [R-HSA-180746]	33	5	0.673299185925892	1
missMethyl_gsameth	reactome	hypomethylated	reactome:Vpr-mediated nuclear import of PICs [R-HSA-180910]	33	5	0.648853208387068	1
missMethyl_gsameth	reactome	hypomethylated	reactome:Nuclear Envelope Breakdown [R-HSA-2980766]	52	7	0.857214295483525	1
missMethyl_gsameth	reactome	hypomethylated	reactome:SUMOylation of ubiquitinylation proteins [R-HSA-3232142]	38	5	0.84725860303448	1
missMethyl_gsameth	reactome	hypomethylated	reactome:Nuclear Pore Complex (NPC) Disassembly [R-HSA-3301854]	35	4	0.871516849954547	1
missMethyl_gsameth	reactome	hypomethylated	reactome:Defective TPR may confer susceptibility towards thyroid papillary carcinoma (TPC) [R-HSA-5619107]	31	4	0.788614619296543	1
missMethyl_gsameth	reactome	hypomethylated	reactome:HDMs demethylate histones [R-HSA-3214842]	46	2	0.998826109745785	1
missMethyl_gsameth	reactome	hypomethylated	reactome:mRNA decay by 3' to 5' exoribonuclease [R-HSA-429958]	16	1	0.950394198219307	1
missMethyl_gsameth	reactome	hypomethylated	reactome:Role of phospholipids in phagocytosis [R-HSA-2029485]	25	5	0.754044986171693	1
missMethyl_gsameth	reactome	hypomethylated	reactome:VEGFR2 mediated cell proliferation [R-HSA-5218921]	21	5	0.673305268698012	1
missMethyl_gsameth	reactome	hypomethylated	reactome:CLEC7A (Dectin-1) induces NFAT activation [R-HSA-5607763]	13	3	0.721767707153008	1
missMethyl_gsameth	reactome	hypomethylated	reactome:Antigen activates B Cell Receptor (BCR) leading to generation of second messengers [R-HSA-983695]	32	13	0.0195908692535398	0.915959062468131
missMethyl_gsameth	reactome	hypomethylated	reactome:TP53 regulates transcription of additional cell cycle genes whose exact role in the p53 pathway remain uncertain [R-HSA-6804115]	20	0	1	1
missMethyl_gsameth	reactome	hypomethylated	reactome:CD163 mediating an anti-inflammatory response [R-HSA-9662834]	9	3	0.340509974396401	1
missMethyl_gsameth	reactome	hypomethylated	reactome:MASTL Facilitates Mitotic Progression [R-HSA-2465910]	10	1	0.875276944944445	1
missMethyl_gsameth	reactome	hypomethylated	reactome:Activation of NIMA Kinases NEK9, NEK6, NEK7 [R-HSA-2980767]	7	0	1	1
missMethyl_gsameth	reactome	hypomethylated	reactome:tRNA modification in the nucleus and cytosol [R-HSA-6782315]	43	4	0.963657948277585	1
missMethyl_gsameth	reactome	hypomethylated	reactome:Olfactory Signaling Pathway [R-HSA-381753]	358	166	6.4616506876146e-36	8.61014954124646e-33
missMethyl_gsameth	reactome	hypomethylated	reactome:Expression and translocation of olfactory receptors [R-HSA-9752946]	350	164	9.79453058077888e-37	2.61024239977757e-33
missMethyl_gsameth	reactome	hypomethylated	reactome:RHO GTPases regulate CFTR trafficking [R-HSA-5627083]	3	1	0.347802862918894	1
missMethyl_gsameth	reactome	hypomethylated	reactome:Eicosanoid ligand-binding receptors [R-HSA-391903]	15	3	0.482413506418709	1
missMethyl_gsameth	reactome	hypomethylated	reactome:Leukotriene receptors [R-HSA-391906]	5	1	0.590395466962401	1
missMethyl_gsameth	reactome	hypomethylated	reactome:LTC4-CYSLTR mediated IL4 production [R-HSA-9664535]	7	1	0.797856363988231	1
missMethyl_gsameth	reactome	hypomethylated	reactome:Androgen biosynthesis [R-HSA-193048]	11	2	0.619941827244969	1
missMethyl_gsameth	reactome	hypomethylated	reactome:Mineralocorticoid biosynthesis [R-HSA-193993]	6	1	0.663198943388643	1
missMethyl_gsameth	reactome	hypomethylated	reactome:Metabolism of steroid hormones [R-HSA-196071]	36	8	0.237672276165123	1
missMethyl_gsameth	reactome	hypomethylated	reactome:Metabolism of amine-derived hormones [R-HSA-209776]	17	4	0.48818574448521	1
missMethyl_gsameth	reactome	hypomethylated	reactome:Glycoprotein hormones [R-HSA-209822]	12	2	0.661101205413232	1
missMethyl_gsameth	reactome	hypomethylated	reactome:Peptide hormone biosynthesis [R-HSA-209952]	14	2	0.768889673211961	1
missMethyl_gsameth	reactome	hypomethylated	reactome:Thyroxine biosynthesis [R-HSA-209968]	10	2	0.649509376010593	1
missMethyl_gsameth	reactome	hypomethylated	reactome:Hormone ligand-binding receptors [R-HSA-375281]	12	4	0.146547958785622	1
missMethyl_gsameth	reactome	hypomethylated	reactome:TFAP2 (AP-2) family regulates transcription of growth factors and their receptors [R-HSA-8866910]	15	5	0.280359125109453	1
missMethyl_gsameth	reactome	hypomethylated	reactome:N-glycan antennae elongation in the medial/trans-Golgi [R-HSA-975576]	26	5	0.628454558729468	1
missMethyl_gsameth	reactome	hypomethylated	reactome:Reactions specific to the complex N-glycan synthesis pathway [R-HSA-975578]	10	1	0.909321103875998	1
missMethyl_gsameth	reactome	hypomethylated	reactome:RHO GTPases Activate NADPH Oxidases [R-HSA-5668599]	24	6	0.33581469515051	1
missMethyl_gsameth	reactome	hypomethylated	reactome:Killing mechanisms [R-HSA-9664420]	12	0	1	1
missMethyl_gsameth	reactome	hypomethylated	reactome:WNT5:FZD7-mediated leishmania damping [R-HSA-9673324]	12	0	1	1
missMethyl_gsameth	reactome	hypomethylated	reactome:GABA synthesis, release, reuptake and degradation [R-HSA-888590]	19	5	0.53429856645912	1
missMethyl_gsameth	reactome	hypomethylated	reactome:Downstream signaling of activated FGFR1 [R-HSA-5654687]	31	7	0.483295006587494	1
missMethyl_gsameth	reactome	hypomethylated	reactome:FRS-mediated FGFR1 signaling [R-HSA-5654693]	23	5	0.519268575430322	1
missMethyl_gsameth	reactome	hypomethylated	reactome:Downstream signaling of activated FGFR2 [R-HSA-5654696]	30	7	0.452301086910502	1
missMethyl_gsameth	reactome	hypomethylated	reactome:FRS-mediated FGFR2 signaling [R-HSA-5654700]	25	6	0.422698769781195	1
missMethyl_gsameth	reactome	hypomethylated	reactome:FRS-mediated FGFR3 signaling [R-HSA-5654706]	20	4	0.628100535566067	1
missMethyl_gsameth	reactome	hypomethylated	reactome:Downstream signaling of activated FGFR3 [R-HSA-5654708]	25	5	0.638909002286954	1
missMethyl_gsameth	reactome	hypomethylated	reactome:FRS-mediated FGFR4 signaling [R-HSA-5654712]	22	5	0.503190307560728	1
missMethyl_gsameth	reactome	hypomethylated	reactome:Downstream signaling of activated FGFR4 [R-HSA-5654716]	27	6	0.527369937653529	1
missMethyl_gsameth	reactome	hypomethylated	reactome:Activated NTRK2 signals through FRS2 and FRS3 [R-HSA-9028731]	11	2	0.719536776983638	1
missMethyl_gsameth	reactome	hypomethylated	reactome:RND1 GTPase cycle [R-HSA-9696273]	42	8	0.735374395877749	1
missMethyl_gsameth	reactome	hypomethylated	reactome:PI3K Cascade [R-HSA-109704]	44	9	0.66984075973902	1
missMethyl_gsameth	reactome	hypomethylated	reactome:IRS-mediated signalling [R-HSA-112399]	48	9	0.763519722767064	1
missMethyl_gsameth	reactome	hypomethylated	reactome:Signaling by FGFR in disease [R-HSA-1226099]	63	12	0.748698055909807	1
missMethyl_gsameth	reactome	hypomethylated	reactome:Prolonged ERK activation events [R-HSA-169893]	14	4	0.332102670050493	1
missMethyl_gsameth	reactome	hypomethylated	reactome:Frs2-mediated activation [R-HSA-170968]	12	4	0.241887547107359	1
missMethyl_gsameth	reactome	hypomethylated	reactome:Signalling to ERKs [R-HSA-187687]	34	9	0.313780050550505	1
missMethyl_gsameth	reactome	hypomethylated	reactome:Signaling by ALK [R-HSA-201556]	30	9	0.240487067637171	1
missMethyl_gsameth	reactome	hypomethylated	reactome:Signaling by Type 1 Insulin-like Growth Factor 1 Receptor (IGF1R) [R-HSA-2404192]	54	12	0.573521837402172	1
missMethyl_gsameth	reactome	hypomethylated	reactome:IGF1R signaling cascade [R-HSA-2428924]	53	12	0.554455850835002	1
missMethyl_gsameth	reactome	hypomethylated	reactome:IRS-related events triggered by IGF1R [R-HSA-2428928]	52	12	0.525574347775466	1
missMethyl_gsameth	reactome	hypomethylated	reactome:PI-3K cascade:FGFR1 [R-HSA-5654689]	21	6	0.28648285287426	1
missMethyl_gsameth	reactome	hypomethylated	reactome:PI-3K cascade:FGFR2 [R-HSA-5654695]	23	7	0.219697468076107	1
missMethyl_gsameth	reactome	hypomethylated	reactome:PI-3K cascade:FGFR3 [R-HSA-5654710]	18	5	0.369124713794492	1
missMethyl_gsameth	reactome	hypomethylated	reactome:PI-3K cascade:FGFR4 [R-HSA-5654720]	20	6	0.270379143616496	1
missMethyl_gsameth	reactome	hypomethylated	reactome:Signaling by FGFR2 in disease [R-HSA-5655253]	43	8	0.653844303462231	1
missMethyl_gsameth	reactome	hypomethylated	reactome:Signaling by FGFR4 in disease [R-HSA-5655291]	11	3	0.495694227665821	1
missMethyl_gsameth	reactome	hypomethylated	reactome:Signaling by FGFR1 in disease [R-HSA-5655302]	38	10	0.346187027362504	1
missMethyl_gsameth	reactome	hypomethylated	reactome:Signaling by FGFR3 in disease [R-HSA-5655332]	22	5	0.542169274265973	1
missMethyl_gsameth	reactome	hypomethylated	reactome:Insulin receptor signalling cascade [R-HSA-74751]	54	11	0.683141539201346	1
missMethyl_gsameth	reactome	hypomethylated	reactome:RET signaling [R-HSA-8853659]	40	13	0.182573202619765	1
missMethyl_gsameth	reactome	hypomethylated	reactome:Glycosphingolipid metabolism [R-HSA-1660662]	58	11	0.63204633339659	1
missMethyl_gsameth	reactome	hypomethylated	reactome:Glycosphingolipid catabolism [R-HSA-9840310]	39	8	0.498345651941465	1
missMethyl_gsameth	reactome	hypomethylated	reactome:Histidine catabolism [R-HSA-70921]	8	1	0.76542994224822	1
missMethyl_gsameth	reactome	hypomethylated	reactome:Synthesis of bile acids and bile salts via 24-hydroxycholesterol [R-HSA-193775]	13	1	0.883093377184852	1
missMethyl_gsameth	reactome	hypomethylated	reactome:Transport and synthesis of PAPS [R-HSA-174362]	6	1	0.733184996750795	1
missMethyl_gsameth	reactome	hypomethylated	reactome:Multifunctional anion exchangers [R-HSA-427601]	9	3	0.266906380311006	1
missMethyl_gsameth	reactome	hypomethylated	reactome:Transport of bile salts and organic acids, metal ions and amine compounds [R-HSA-425366]	84	20	0.309864181930004	1
missMethyl_gsameth	reactome	hypomethylated	reactome:Organic cation/anion/zwitterion transport [R-HSA-549132]	15	3	0.628547517395741	1
missMethyl_gsameth	reactome	hypomethylated	reactome:Organic anion transport [R-HSA-561048]	5	0	1	1
missMethyl_gsameth	reactome	hypomethylated	reactome:Fibronectin matrix formation [R-HSA-1566977]	6	3	0.105687724307255	1
missMethyl_gsameth	reactome	hypomethylated	reactome:Orexin and neuropeptides FF and QRFP bind to their respective receptors [R-HSA-389397]	8	2	0.3491708850522	1
missMethyl_gsameth	reactome	hypomethylated	reactome:RAB geranylgeranylation [R-HSA-8873719]	63	12	0.50863828138363	1
missMethyl_gsameth	reactome	hypomethylated	reactome:Activation of PPARGC1A (PGC-1alpha) by phosphorylation [R-HSA-2151209]	10	2	0.593447473242907	1
missMethyl_gsameth	reactome	hypomethylated	reactome:FOXO-mediated transcription of oxidative stress, metabolic and neuronal genes [R-HSA-9615017]	29	7	0.440414948145717	1
missMethyl_gsameth	reactome	hypomethylated	reactome:Transcriptional regulation of brown and beige adipocyte differentiation [R-HSA-9843743]	30	6	0.723935150329794	1
missMethyl_gsameth	reactome	hypomethylated	reactome:Transcriptional regulation of brown and beige adipocyte differentiation by EBF2 [R-HSA-9844594]	30	6	0.723935150329794	1
missMethyl_gsameth	reactome	hypomethylated	reactome:Regulation of MITF-M dependent genes involved in metabolism [R-HSA-9854907]	3	2	0.138431107829461	1
missMethyl_gsameth	reactome	hypomethylated	reactome:CLEC7A/inflammasome pathway [R-HSA-5660668]	6	2	0.311462797363573	1
missMethyl_gsameth	reactome	hypomethylated	reactome:Activation of Matrix Metalloproteinases [R-HSA-1592389]	32	7	0.521258049983398	1
missMethyl_gsameth	reactome	hypomethylated	reactome:Hyaluronan uptake and degradation [R-HSA-2160916]	12	1	0.926389052308808	1
missMethyl_gsameth	reactome	hypomethylated	reactome:Inhibition of Host mRNA Processing and RNA Silencing [R-HSA-168315]	2	0	1	1
missMethyl_gsameth	reactome	hypomethylated	reactome:Processing of Capped Intronless Pre-mRNA [R-HSA-75067]	29	1	0.994727510786785	1
missMethyl_gsameth	reactome	hypomethylated	reactome:Processing of Intronless Pre-mRNAs [R-HSA-77595]	20	1	0.97671389827035	1
missMethyl_gsameth	reactome	hypomethylated	reactome:N-glycan trimming and elongation in the cis-Golgi [R-HSA-964739]	5	1	0.737679471244198	1
missMethyl_gsameth	reactome	hypomethylated	reactome:Progressive trimming of alpha-1,2-linked mannose residues from Man9/8/7GlcNAc2 to produce Man5GlcNAc2 [R-HSA-964827]	3	1	0.545238411235187	1
missMethyl_gsameth	reactome	hypomethylated	reactome:PI Metabolism [R-HSA-1483255]	84	14	0.914494454415296	1
missMethyl_gsameth	reactome	hypomethylated	reactome:Glycerophospholipid catabolism [R-HSA-6814848]	7	3	0.242033172650177	1
missMethyl_gsameth	reactome	hypomethylated	reactome:PKMTs methylate histone lysines [R-HSA-3214841]	64	8	0.964030686208068	1
missMethyl_gsameth	reactome	hypomethylated	reactome:Nonsense-Mediated Decay (NMD) [R-HSA-927802]	116	7	0.999695599584726	1
missMethyl_gsameth	reactome	hypomethylated	reactome:Nonsense Mediated Decay (NMD) enhanced by the Exon Junction Complex (EJC) [R-HSA-975957]	116	7	0.999695599584726	1
missMethyl_gsameth	reactome	hypomethylated	reactome:FASTK family proteins regulate processing and stability of mitochondrial RNAs [R-HSA-9837092]	4	0	1	1
missMethyl_gsameth	reactome	hypomethylated	reactome:Pregnenolone biosynthesis [R-HSA-196108]	12	2	0.660259719640779	1
missMethyl_gsameth	reactome	hypomethylated	reactome:SRP-dependent cotranslational protein targeting to membrane [R-HSA-1799339]	113	4	0.999987156030277	1
missMethyl_gsameth	reactome	hypomethylated	reactome:Insertion of tail-anchored proteins into the endoplasmic reticulum membrane [R-HSA-9609523]	22	2	0.963890369615154	1
missMethyl_gsameth	reactome	hypomethylated	reactome:Serine biosynthesis [R-HSA-977347]	9	1	0.832860314113142	1
missMethyl_gsameth	reactome	hypomethylated	reactome:Fatty acyl-CoA biosynthesis [R-HSA-75105]	36	8	0.576283829215398	1
missMethyl_gsameth	reactome	hypomethylated	reactome:Chk1/Chk2(Cds1) mediated inactivation of Cyclin B:Cdk1 complex [R-HSA-75035]	13	2	0.693097058516188	1
missMethyl_gsameth	reactome	hypomethylated	reactome:SARS-CoV-1 targets host intracellular signalling and regulatory pathways [R-HSA-9735871]	15	3	0.676997721989346	1
missMethyl_gsameth	reactome	hypomethylated	reactome:ALKBH3 mediated reversal of alkylation damage [R-HSA-112126]	4	0	1	1
missMethyl_gsameth	reactome	hypomethylated	reactome:DNA Damage Reversal [R-HSA-73942]	8	1	0.885028069109262	1
missMethyl_gsameth	reactome	hypomethylated	reactome:Reversal of alkylation damage by DNA dioxygenases [R-HSA-73943]	7	0	1	1
missMethyl_gsameth	reactome	hypomethylated	reactome:Complex III assembly [R-HSA-9865881]	23	3	0.72279938111833	1
missMethyl_gsameth	reactome	hypomethylated	reactome:Cell-extracellular matrix interactions [R-HSA-446353]	18	2	0.96215922752377	1
missMethyl_gsameth	reactome	hypomethylated	reactome:Amino acid transport across the plasma membrane [R-HSA-352230]	33	8	0.459205679590124	1
missMethyl_gsameth	reactome	hypomethylated	reactome:Defective SLC27A4 causes ichthyosis prematurity syndrome (IPS) [R-HSA-5619108]	1	1	0.165670888395326	1
missMethyl_gsameth	reactome	hypomethylated	reactome:Transport of fatty acids [R-HSA-804914]	7	1	0.776746963824653	1
missMethyl_gsameth	reactome	hypomethylated	reactome:Synthesis of very long-chain fatty acyl-CoAs [R-HSA-75876]	24	6	0.382714252567993	1
missMethyl_gsameth	reactome	hypomethylated	reactome:Interleukin-20 family signaling [R-HSA-8854691]	25	5	0.528150504101236	1
missMethyl_gsameth	reactome	hypomethylated	reactome:Protein lipoylation [R-HSA-9857492]	10	0	1	1
missMethyl_gsameth	reactome	hypomethylated	reactome:PIWI-interacting RNA (piRNA) biogenesis [R-HSA-5601884]	29	5	0.551516113074499	1
missMethyl_gsameth	reactome	hypomethylated	reactome:ZBP1(DAI) mediated induction of type I IFNs [R-HSA-1606322]	21	2	0.881530082501198	1
missMethyl_gsameth	reactome	hypomethylated	reactome:TICAM1, RIP1-mediated IKK complex recruitment [R-HSA-168927]	20	2	0.847045261614684	1
missMethyl_gsameth	reactome	hypomethylated	reactome:RIP-mediated NFkB activation via ZBP1 [R-HSA-1810476]	17	1	0.9517578913091	1
missMethyl_gsameth	reactome	hypomethylated	reactome:TRP channels [R-HSA-3295583]	28	5	0.762807829718422	1
missMethyl_gsameth	reactome	hypomethylated	reactome:TLR3-mediated TICAM1-dependent programmed cell death [R-HSA-9013957]	6	1	0.690548989164185	1
missMethyl_gsameth	reactome	hypomethylated	reactome:Microbial modulation of RIPK1-mediated regulated necrosis [R-HSA-9686347]	4	1	0.558297584652909	1
missMethyl_gsameth	reactome	hypomethylated	reactome:SARS-CoV-1-mediated effects on programmed cell death [R-HSA-9692913]	3	1	0.440138943567542	1
missMethyl_gsameth	reactome	hypomethylated	reactome:Defective RIPK1-mediated regulated necrosis [R-HSA-9693928]	7	1	0.763062834317808	1
missMethyl_gsameth	reactome	hypomethylated	reactome:Postmitotic nuclear pore complex (NPC) reformation [R-HSA-9615933]	27	3	0.88919640746714	1
missMethyl_gsameth	reactome	hypomethylated	reactome:Defective LARGE causes MDDGA6 and MDDGB6 [R-HSA-5083627]	1	0	0.999999999964466	1
missMethyl_gsameth	reactome	hypomethylated	reactome:Signaling by cytosolic FGFR1 fusion mutants [R-HSA-1839117]	18	6	0.280058346901644	1
missMethyl_gsameth	reactome	hypomethylated	reactome:FGFR1 mutant receptor activation [R-HSA-1839124]	31	9	0.266897430386822	1
missMethyl_gsameth	reactome	hypomethylated	reactome:Downregulation of ERBB4 signaling [R-HSA-1253288]	9	1	0.85342600654273	1
missMethyl_gsameth	reactome	hypomethylated	reactome:Keratan sulfate degradation [R-HSA-2022857]	15	2	0.837837693073077	1
missMethyl_gsameth	reactome	hypomethylated	reactome:Defective CHST6 causes MCDC1 [R-HSA-3656225]	8	1	0.809049865630671	1
missMethyl_gsameth	reactome	hypomethylated	reactome:Defective ST3GAL3 causes MCT12 and EIEE15 [R-HSA-3656243]	8	2	0.490214564073856	1
missMethyl_gsameth	reactome	hypomethylated	reactome:Defective B4GALT1 causes B4GALT1-CDG (CDG-2d) [R-HSA-3656244]	8	1	0.784096110791739	1
missMethyl_gsameth	reactome	hypomethylated	reactome:Fertilization [R-HSA-1187000]	25	3	0.782075149693063	1
missMethyl_gsameth	reactome	hypomethylated	reactome:Interaction With Cumulus Cells And The Zona Pellucida [R-HSA-2534343]	11	1	0.860648947614566	1
missMethyl_gsameth	reactome	hypomethylated	reactome:Platelet Adhesion to exposed collagen [R-HSA-75892]	16	4	0.490234020022122	1
missMethyl_gsameth	reactome	hypomethylated	reactome:Diseases of hemostasis [R-HSA-9671793]	19	5	0.359233843646861	1
missMethyl_gsameth	reactome	hypomethylated	reactome:Defects of platelet adhesion to exposed collagen [R-HSA-9823587]	8	0	1	1
missMethyl_gsameth	reactome	hypomethylated	reactome:Enhanced cleavage of VWF variant by ADAMTS13 [R-HSA-9845619]	4	0	1	1
missMethyl_gsameth	reactome	hypomethylated	reactome:Defective VWF cleavage by ADAMTS13 variant [R-HSA-9845621]	4	0	1	1
missMethyl_gsameth	reactome	hypomethylated	reactome:p75NTR negatively regulates cell cycle via SC1 [R-HSA-193670]	6	2	0.364109167000394	1
missMethyl_gsameth	reactome	hypomethylated	reactome:Activation of SMO [R-HSA-5635838]	18	1	0.993575353638476	1
missMethyl_gsameth	reactome	hypomethylated	reactome:Basigin interactions [R-HSA-210991]	25	5	0.635570581919271	1
missMethyl_gsameth	reactome	hypomethylated	reactome:Defective SLC3A1 causes cystinuria (CSNU) [R-HSA-5619113]	2	0	1	1
missMethyl_gsameth	reactome	hypomethylated	reactome:Defective SLC7A9 causes cystinuria (CSNU) [R-HSA-5660883]	2	0	1	1
missMethyl_gsameth	reactome	hypomethylated	reactome:Constitutive Signaling by Ligand-Responsive EGFR Cancer Variants [R-HSA-1236382]	19	4	0.554515082668793	1
missMethyl_gsameth	reactome	hypomethylated	reactome:Signaling by EGFR in Cancer [R-HSA-1643713]	25	5	0.555351166716935	1
missMethyl_gsameth	reactome	hypomethylated	reactome:Constitutive Signaling by EGFRvIII [R-HSA-5637810]	15	4	0.429281140840536	1
missMethyl_gsameth	reactome	hypomethylated	reactome:Signaling by EGFRvIII in Cancer [R-HSA-5637812]	15	4	0.429281140840536	1
missMethyl_gsameth	reactome	hypomethylated	reactome:Signaling by Ligand-Responsive EGFR Variants in Cancer [R-HSA-5637815]	19	4	0.554515082668793	1
missMethyl_gsameth	reactome	hypomethylated	reactome:Constitutive Signaling by Overexpressed ERBB2 [R-HSA-9634285]	11	2	0.781612186746552	1
missMethyl_gsameth	reactome	hypomethylated	reactome:Drug-mediated inhibition of ERBB2 signaling [R-HSA-9652282]	4	1	0.661955022800955	1
missMethyl_gsameth	reactome	hypomethylated	reactome:Drug resistance in ERBB2 KD mutants [R-HSA-9665230]	4	1	0.661955022800955	1
missMethyl_gsameth	reactome	hypomethylated	reactome:Resistance of ERBB2 KD mutants to trastuzumab [R-HSA-9665233]	4	1	0.661955022800955	1
missMethyl_gsameth	reactome	hypomethylated	reactome:Resistance of ERBB2 KD mutants to sapitinib [R-HSA-9665244]	4	1	0.661955022800955	1
missMethyl_gsameth	reactome	hypomethylated	reactome:Resistance of ERBB2 KD mutants to tesevatinib [R-HSA-9665245]	4	1	0.661955022800955	1
missMethyl_gsameth	reactome	hypomethylated	reactome:Resistance of ERBB2 KD mutants to neratinib [R-HSA-9665246]	4	1	0.661955022800955	1
missMethyl_gsameth	reactome	hypomethylated	reactome:Resistance of ERBB2 KD mutants to osimertinib [R-HSA-9665247]	4	1	0.661955022800955	1
missMethyl_gsameth	reactome	hypomethylated	reactome:Resistance of ERBB2 KD mutants to afatinib [R-HSA-9665249]	4	1	0.661955022800955	1
missMethyl_gsameth	reactome	hypomethylated	reactome:Resistance of ERBB2 KD mutants to AEE788 [R-HSA-9665250]	4	1	0.661955022800955	1
missMethyl_gsameth	reactome	hypomethylated	reactome:Resistance of ERBB2 KD mutants to lapatinib [R-HSA-9665251]	4	1	0.661955022800955	1
missMethyl_gsameth	reactome	hypomethylated	reactome:Signaling by ERBB2 ECD mutants [R-HSA-9665348]	16	5	0.310785323850078	1
missMethyl_gsameth	reactome	hypomethylated	reactome:Drug resistance in ERBB2 TMD/JMD mutants [R-HSA-9665737]	4	1	0.661955022800955	1
missMethyl_gsameth	reactome	hypomethylated	reactome:Receptor-type tyrosine-protein phosphatases [R-HSA-388844]	20	8	0.175128539214728	1
missMethyl_gsameth	reactome	hypomethylated	reactome:Interleukin-38 signaling [R-HSA-9007892]	4	0	1	1
missMethyl_gsameth	reactome	hypomethylated	reactome:Acyl chain remodelling of PI [R-HSA-1482922]	17	6	0.0388239525566813	1
missMethyl_gsameth	reactome	hypomethylated	reactome:Infection with Mycobacterium tuberculosis [R-HSA-9635486]	27	4	0.798421057974365	1
missMethyl_gsameth	reactome	hypomethylated	reactome:Prevention of phagosomal-lysosomal fusion [R-HSA-9636383]	9	1	0.837541026824896	1
missMethyl_gsameth	reactome	hypomethylated	reactome:Suppression of phagosomal maturation [R-HSA-9637687]	13	1	0.92871216308741	1
missMethyl_gsameth	reactome	hypomethylated	reactome:Response of Mtb to phagocytosis [R-HSA-9637690]	23	4	0.716601980381657	1
missMethyl_gsameth	reactome	hypomethylated	reactome:mRNA decay by 5' to 3' exoribonuclease [R-HSA-430039]	15	1	0.946526697814011	1
missMethyl_gsameth	reactome	hypomethylated	reactome:Signaling by plasma membrane FGFR1 fusions [R-HSA-8853336]	3	0	1	1
missMethyl_gsameth	reactome	hypomethylated	reactome:Inositol phosphate metabolism [R-HSA-1483249]	50	9	0.790514586354793	1
missMethyl_gsameth	reactome	hypomethylated	reactome:Synthesis of pyrophosphates in the cytosol [R-HSA-1855167]	10	1	0.889100187831179	1
missMethyl_gsameth	reactome	hypomethylated	reactome:Phosphate bond hydrolysis by NUDT proteins [R-HSA-2393930]	7	0	1	1
missMethyl_gsameth	reactome	hypomethylated	reactome:Signaling by BMP [R-HSA-201451]	31	10	0.136677171325947	1
missMethyl_gsameth	reactome	hypomethylated	reactome:Integration of provirus [R-HSA-162592]	9	1	0.822945432598313	1
missMethyl_gsameth	reactome	hypomethylated	reactome:Early Phase of HIV Life Cycle [R-HSA-162594]	14	2	0.73480534431422	1
missMethyl_gsameth	reactome	hypomethylated	reactome:2-LTR circle formation [R-HSA-164843]	7	1	0.744747742762176	1
missMethyl_gsameth	reactome	hypomethylated	reactome:Integration of viral DNA into host genomic DNA [R-HSA-175567]	3	1	0.435327487326053	1
missMethyl_gsameth	reactome	hypomethylated	reactome:Autointegration results in viral DNA circles [R-HSA-177539]	3	1	0.435327487326053	1
missMethyl_gsameth	reactome	hypomethylated	reactome:APOBEC3G mediated resistance to HIV-1 infection [R-HSA-180689]	5	1	0.619129597667304	1
missMethyl_gsameth	reactome	hypomethylated	reactome:Digestion of dietary carbohydrate [R-HSA-189085]	10	0	1	1
missMethyl_gsameth	reactome	hypomethylated	reactome:Digestion [R-HSA-8935690]	21	2	0.868580485119306	1
missMethyl_gsameth	reactome	hypomethylated	reactome:Digestion and absorption [R-HSA-8963743]	26	3	0.823633017682517	1
missMethyl_gsameth	reactome	hypomethylated	reactome:Cellular hexose transport [R-HSA-189200]	21	4	0.548996355476684	1
missMethyl_gsameth	reactome	hypomethylated	reactome:Methylation of MeSeH for excretion [R-HSA-2408552]	1	0	0.999999999995531	1
missMethyl_gsameth	reactome	hypomethylated	reactome:Negative regulation of TCF-dependent signaling by WNT ligand antagonists [R-HSA-3772470]	15	2	0.917623594362695	1
missMethyl_gsameth	reactome	hypomethylated	reactome:SARS-CoV-2 modulates host translation machinery [R-HSA-9754678]	51	2	0.99788234880183	1
missMethyl_gsameth	reactome	hypomethylated	reactome:RAF-independent MAPK1/3 activation [R-HSA-112409]	23	5	0.62008987156635	1
missMethyl_gsameth	reactome	hypomethylated	reactome:Negative regulation of MAPK pathway [R-HSA-5675221]	43	6	0.893685151832461	1
missMethyl_gsameth	reactome	hypomethylated	reactome:Signaling by MAPK mutants [R-HSA-9652817]	7	2	0.492962911322948	1
missMethyl_gsameth	reactome	hypomethylated	reactome:Eukaryotic Translation Elongation [R-HSA-156842]	94	4	0.999882371192987	1
missMethyl_gsameth	reactome	hypomethylated	reactome:Peptide chain elongation [R-HSA-156902]	90	4	0.999752256883977	1
missMethyl_gsameth	reactome	hypomethylated	reactome:Viral mRNA Translation [R-HSA-192823]	90	4	0.999709607378913	1
missMethyl_gsameth	reactome	hypomethylated	reactome:Selenocysteine synthesis [R-HSA-2408557]	94	6	0.997778019976764	1
missMethyl_gsameth	reactome	hypomethylated	reactome:Eukaryotic Translation Termination [R-HSA-72764]	94	5	0.999271649360541	1
missMethyl_gsameth	reactome	hypomethylated	reactome:Nonsense Mediated Decay (NMD) independent of the Exon Junction Complex (EJC) [R-HSA-975956]	96	6	0.99855757707936	1
missMethyl_gsameth	reactome	hypomethylated	reactome:Reversible hydration of carbon dioxide [R-HSA-1475029]	12	2	0.675309834148896	1
missMethyl_gsameth	reactome	hypomethylated	reactome:Prostanoid ligand receptors [R-HSA-391908]	9	2	0.486717737661657	1
missMethyl_gsameth	reactome	hypomethylated	reactome:Defective MAN1B1 causes MRT15 [R-HSA-4793950]	1	0	0.999999999978049	1
missMethyl_gsameth	reactome	hypomethylated	reactome:Na+/Cl- dependent neurotransmitter transporters [R-HSA-442660]	19	8	0.0768365010999882	1
missMethyl_gsameth	reactome	hypomethylated	reactome:Variant SLC6A14 may confer susceptibility towards obesity [R-HSA-5619094]	1	0	1.00000000000522	1
missMethyl_gsameth	reactome	hypomethylated	reactome:Amine ligand-binding receptors [R-HSA-375280]	42	11	0.140737907432206	1
missMethyl_gsameth	reactome	hypomethylated	reactome:Histamine receptors [R-HSA-390650]	4	1	0.68588335102937	1
missMethyl_gsameth	reactome	hypomethylated	reactome:Regulation of IFNA/IFNB signaling [R-HSA-912694]	17	2	0.86459702600379	1
missMethyl_gsameth	reactome	hypomethylated	reactome:Regulation of NF-kappa B signaling [R-HSA-9758274]	18	0	1	1
missMethyl_gsameth	reactome	hypomethylated	reactome:Neurotoxicity of clostridium toxins [R-HSA-168799]	10	4	0.191479633305864	1
missMethyl_gsameth	reactome	hypomethylated	reactome:Toxicity of botulinum toxin type C (botC) [R-HSA-5250971]	3	1	0.497514425394656	1
missMethyl_gsameth	reactome	hypomethylated	reactome:STING mediated induction of host immune responses [R-HSA-1834941]	16	2	0.798717827567094	1
missMethyl_gsameth	reactome	hypomethylated	reactome:Regulation of innate immune responses to cytosolic DNA [R-HSA-3134975]	15	1	0.921996380446559	1
missMethyl_gsameth	reactome	hypomethylated	reactome:Regulation by TREX1 [R-HSA-3248023]	1	0	0.999999999971677	1
missMethyl_gsameth	reactome	hypomethylated	reactome:IRF3-mediated induction of type I IFN [R-HSA-3270619]	13	2	0.706999403088776	1
missMethyl_gsameth	reactome	hypomethylated	reactome:Muscarinic acetylcholine receptors [R-HSA-390648]	5	2	0.261434550075327	1
missMethyl_gsameth	reactome	hypomethylated	reactome:Interaction between L1 and Ankyrins [R-HSA-445095]	31	18	0.000136327714861618	0.0605522266843686
missMethyl_gsameth	reactome	hypomethylated	reactome:Phase 0 - rapid depolarisation [R-HSA-5576892]	34	14	0.0241683863302413	1
missMethyl_gsameth	reactome	hypomethylated	reactome:Mitochondrial iron-sulfur cluster biogenesis [R-HSA-1362409]	13	1	0.916001554775033	1
missMethyl_gsameth	reactome	hypomethylated	reactome:Electron transport from NADPH to Ferredoxin [R-HSA-2395516]	3	0	1	1
missMethyl_gsameth	reactome	hypomethylated	reactome:Defective CYP11A1 causes AICSR [R-HSA-5579026]	4	0	1	1
missMethyl_gsameth	reactome	hypomethylated	reactome:Metabolic disorders of biological oxidation enzymes [R-HSA-5579029]	34	11	0.0464840390914569	1
missMethyl_gsameth	reactome	hypomethylated	reactome:Glyoxylate metabolism and glycine degradation [R-HSA-389661]	19	2	0.88820124141486	1
missMethyl_gsameth	reactome	hypomethylated	reactome:N-Glycan antennae elongation [R-HSA-975577]	15	4	0.33531802777827	1
missMethyl_gsameth	reactome	hypomethylated	reactome:Fatty acids [R-HSA-211935]	15	1	0.925027852778115	1
missMethyl_gsameth	reactome	hypomethylated	reactome:Eicosanoids [R-HSA-211979]	12	3	0.366654385418381	1
missMethyl_gsameth	reactome	hypomethylated	reactome:Synthesis of Leukotrienes (LT) and Eoxins (EX) [R-HSA-2142691]	21	1	0.990311028225758	1
missMethyl_gsameth	reactome	hypomethylated	reactome:APEX1-Independent Resolution of AP Sites via the Single Nucleotide Replacement Pathway [R-HSA-5649702]	7	1	0.658292135874818	1
missMethyl_gsameth	reactome	hypomethylated	reactome:Synthesis of IP3 and IP4 in the cytosol [R-HSA-1855204]	28	6	0.637127288163294	1
missMethyl_gsameth	reactome	hypomethylated	reactome:Acetylcholine regulates insulin secretion [R-HSA-399997]	10	3	0.39680473181779	1
missMethyl_gsameth	reactome	hypomethylated	reactome:SARS-CoV-2 modulates autophagy [R-HSA-9754560]	11	0	1	1
missMethyl_gsameth	reactome	hypomethylated	reactome:Acrosome Reaction and Sperm:Oocyte Membrane Binding [R-HSA-1300645]	5	1	0.564370034078676	1
missMethyl_gsameth	reactome	hypomethylated	reactome:Vitamin B2 (riboflavin) metabolism [R-HSA-196843]	7	1	0.717215559035458	1
missMethyl_gsameth	reactome	hypomethylated	reactome:Acetylcholine binding and downstream events [R-HSA-181431]	15	5	0.118859244350028	1
missMethyl_gsameth	reactome	hypomethylated	reactome:Presynaptic nicotinic acetylcholine receptors [R-HSA-622323]	12	4	0.153475093135904	1
missMethyl_gsameth	reactome	hypomethylated	reactome:Postsynaptic nicotinic acetylcholine receptors [R-HSA-622327]	15	5	0.118859244350028	1
missMethyl_gsameth	reactome	hypomethylated	reactome:Highly calcium permeable postsynaptic nicotinic acetylcholine receptors [R-HSA-629594]	12	5	0.058165281399089	1
missMethyl_gsameth	reactome	hypomethylated	reactome:Highly calcium permeable nicotinic acetylcholine receptors [R-HSA-629597]	9	4	0.0713733703509074	1
missMethyl_gsameth	reactome	hypomethylated	reactome:Butyrate Response Factor 1 (BRF1) binds and destabilizes mRNA [R-HSA-450385]	17	0	1	1
missMethyl_gsameth	reactome	hypomethylated	reactome:Tristetraprolin (TTP, ZFP36) binds and destabilizes mRNA [R-HSA-450513]	17	0	1	1
missMethyl_gsameth	reactome	hypomethylated	reactome:KSRP (KHSRP) binds and destabilizes mRNA [R-HSA-450604]	17	2	0.852358192839061	1
missMethyl_gsameth	reactome	hypomethylated	reactome:Acyl chain remodeling of DAG and TAG [R-HSA-1482883]	7	1	0.756564328189562	1
missMethyl_gsameth	reactome	hypomethylated	reactome:Arachidonate production from DAG [R-HSA-426048]	5	1	0.766626335515444	1
missMethyl_gsameth	reactome	hypomethylated	reactome:Agmatine biosynthesis [R-HSA-351143]	2	0	1	1
missMethyl_gsameth	reactome	hypomethylated	reactome:Highly sodium permeable postsynaptic acetylcholine nicotinic receptors [R-HSA-629587]	7	2	0.434563517039842	1
missMethyl_gsameth	reactome	hypomethylated	reactome:Miscellaneous substrates [R-HSA-211958]	12	2	0.627008681702375	1
missMethyl_gsameth	reactome	hypomethylated	reactome:Synthesis of (16-20)-hydroxyeicosatetraenoic acids (HETE) [R-HSA-2142816]	9	4	0.0988444686702933	1
missMethyl_gsameth	reactome	hypomethylated	reactome:Defective CYP2U1 causes SPG56 [R-HSA-5579011]	1	0	0.999999999970236	1
missMethyl_gsameth	reactome	hypomethylated	reactome:Inositol transporters [R-HSA-429593]	3	0	1	1
missMethyl_gsameth	reactome	hypomethylated	reactome:IKBKB deficiency causes SCID [R-HSA-5602636]	3	0	1	1
missMethyl_gsameth	reactome	hypomethylated	reactome:IKBKG deficiency causes anhidrotic ectodermal dysplasia with immunodeficiency (EDA-ID) (via TLR) [R-HSA-5603027]	3	0	1	1
missMethyl_gsameth	reactome	hypomethylated	reactome:IkBA variant leads to EDA-ID [R-HSA-5603029]	7	0	1	1
missMethyl_gsameth	reactome	hypomethylated	reactome:MAP3K8 (TPL2)-dependent MAPK1/3 activation [R-HSA-5684264]	16	3	0.656832111632875	1
missMethyl_gsameth	reactome	hypomethylated	reactome:TRAF6 mediated NF-kB activation [R-HSA-933542]	25	2	0.961574816645648	1
missMethyl_gsameth	reactome	hypomethylated	reactome:NF-kB activation through FADD/RIP-1 pathway mediated by caspase-8 and -10 [R-HSA-933543]	13	0	1	1
missMethyl_gsameth	reactome	hypomethylated	reactome:IRAK1 recruits IKK complex [R-HSA-937039]	15	2	0.736127954550141	1
missMethyl_gsameth	reactome	hypomethylated	reactome:IRAK1 recruits IKK complex upon TLR7/8 or 9 stimulation [R-HSA-975144]	15	2	0.736127954550141	1
missMethyl_gsameth	reactome	hypomethylated	reactome:SLC15A4:TASL-dependent IRF5 activation [R-HSA-9860276]	6	0	1	1
missMethyl_gsameth	reactome	hypomethylated	reactome:Intracellular oxygen transport [R-HSA-8981607]	3	1	0.533733651097428	1
missMethyl_gsameth	reactome	hypomethylated	reactome:Transcriptional Regulation by MECP2 [R-HSA-8986944]	62	14	0.661954123165712	1
missMethyl_gsameth	reactome	hypomethylated	reactome:MECP2 regulates neuronal receptors and channels [R-HSA-9022699]	17	3	0.804908116898254	1
missMethyl_gsameth	reactome	hypomethylated	reactome:RHO GTPases Activate Rhotekin and Rhophilins [R-HSA-5666185]	9	1	0.82254422555796	1
missMethyl_gsameth	reactome	hypomethylated	reactome:Lipid particle organization [R-HSA-8964572]	6	0	1	1
missMethyl_gsameth	reactome	hypomethylated	reactome:Synthesis of PG [R-HSA-1483148]	8	1	0.849195946398034	1
missMethyl_gsameth	reactome	hypomethylated	reactome:Creatine metabolism [R-HSA-71288]	11	1	0.897121447380618	1
missMethyl_gsameth	reactome	hypomethylated	reactome:Interleukin-7 signaling [R-HSA-1266695]	33	4	0.944120752882747	1
missMethyl_gsameth	reactome	hypomethylated	reactome:Growth hormone receptor signaling [R-HSA-982772]	24	6	0.452695766550631	1
missMethyl_gsameth	reactome	hypomethylated	reactome:NOSTRIN mediated eNOS trafficking [R-HSA-203641]	5	0	1	1
missMethyl_gsameth	reactome	hypomethylated	reactome:Activation of TRKA receptors [R-HSA-187015]	6	2	0.451421195554902	1
missMethyl_gsameth	reactome	hypomethylated	reactome:NGF-independant TRKA activation [R-HSA-187024]	5	1	0.7302294188778	1
missMethyl_gsameth	reactome	hypomethylated	reactome:Defective SLC22A12 causes renal hypouricemia 1 (RHUC1) [R-HSA-5619071]	1	0	0.999999999973117	1
missMethyl_gsameth	reactome	hypomethylated	reactome:Synthesis of Dolichyl-phosphate [R-HSA-446199]	6	1	0.708512964535052	1
missMethyl_gsameth	reactome	hypomethylated	reactome:Defective DHDDS causes RP59 [R-HSA-4755609]	2	0	1	1
missMethyl_gsameth	reactome	hypomethylated	reactome:Triglyceride biosynthesis [R-HSA-75109]	13	0	1	1
missMethyl_gsameth	reactome	hypomethylated	reactome:Conjugation of phenylacetate with glutamine [R-HSA-177162]	1	0	1.00000000001537	1
missMethyl_gsameth	reactome	hypomethylated	reactome:Assembly of active LPL and LIPC lipase complexes [R-HSA-8963889]	18	2	0.899570173355932	1
missMethyl_gsameth	reactome	hypomethylated	reactome:Chylomicron remodeling [R-HSA-8963901]	10	1	0.813275248138074	1
missMethyl_gsameth	reactome	hypomethylated	reactome:PTK6 Regulates RTKs and Their Effectors AKT1 and DOK1 [R-HSA-8849469]	9	1	0.852599649113601	1
missMethyl_gsameth	reactome	hypomethylated	reactome:Netrin-1 signaling [R-HSA-373752]	44	18	0.0585192832949402	1
missMethyl_gsameth	reactome	hypomethylated	reactome:Sperm Motility And Taxes [R-HSA-1300642]	9	1	0.780938069867771	1
missMethyl_gsameth	reactome	hypomethylated	reactome:Activation of AKT2 [R-HSA-165158]	4	1	0.593592811129501	1
missMethyl_gsameth	reactome	hypomethylated	reactome:Scavenging by Class A Receptors [R-HSA-3000480]	19	6	0.249186530261256	1
missMethyl_gsameth	reactome	hypomethylated	reactome:Nef mediated downregulation of CD28 cell surface expression [R-HSA-164939]	2	0	1	1
missMethyl_gsameth	reactome	hypomethylated	reactome:Nef Mediated CD4 Down-regulation [R-HSA-167590]	9	1	0.939212237696448	1
missMethyl_gsameth	reactome	hypomethylated	reactome:Nef Mediated CD8 Down-regulation [R-HSA-182218]	7	1	0.8850723834069	1
missMethyl_gsameth	reactome	hypomethylated	reactome:Gap junction degradation [R-HSA-190873]	12	2	0.746016724809413	1
missMethyl_gsameth	reactome	hypomethylated	reactome:Formation of annular gap junctions [R-HSA-196025]	11	2	0.710802122303608	1
missMethyl_gsameth	reactome	hypomethylated	reactome:Trafficking of GluR2-containing AMPA receptors [R-HSA-416993]	17	5	0.412795197131297	1
missMethyl_gsameth	reactome	hypomethylated	reactome:WNT5A-dependent internalization of FZD4 [R-HSA-5099900]	15	4	0.593517643506736	1
missMethyl_gsameth	reactome	hypomethylated	reactome:WNT5A-dependent internalization of FZD2, FZD5 and ROR2 [R-HSA-5140745]	13	3	0.702837909617104	1
missMethyl_gsameth	reactome	hypomethylated	reactome:Caspase-mediated cleavage of cytoskeletal proteins [R-HSA-264870]	12	3	0.595674384617821	1
missMethyl_gsameth	reactome	hypomethylated	reactome:Miscellaneous transport and binding events [R-HSA-5223345]	26	4	0.839611081942129	1
missMethyl_gsameth	reactome	hypomethylated	reactome:Terminal pathway of complement [R-HSA-166665]	8	4	0.0496007230768777	1
missMethyl_gsameth	reactome	hypomethylated	reactome:Vitamin C (ascorbate) metabolism [R-HSA-196836]	8	2	0.50914244484291	1
missMethyl_gsameth	reactome	hypomethylated	reactome:Sensory perception of taste [R-HSA-9717189]	47	8	0.759127541048283	1
missMethyl_gsameth	reactome	hypomethylated	reactome:Sensory perception of sweet, bitter, and umami (glutamate) taste [R-HSA-9717207]	41	5	0.937511271437957	1
missMethyl_gsameth	reactome	hypomethylated	reactome:Sensory perception of salty taste [R-HSA-9730628]	6	2	0.367433176196512	1
missMethyl_gsameth	reactome	hypomethylated	reactome:Digestion of dietary lipid [R-HSA-192456]	6	2	0.246046363207688	1
missMethyl_gsameth	reactome	hypomethylated	reactome:Glycosphingolipid transport [R-HSA-9845576]	8	0	1	1
missMethyl_gsameth	reactome	hypomethylated	reactome:Tryptophan catabolism [R-HSA-71240]	14	4	0.241777032697015	1
missMethyl_gsameth	reactome	hypomethylated	reactome:Vitamin D (calciferol) metabolism [R-HSA-196791]	12	1	0.938905598077475	1
missMethyl_gsameth	reactome	hypomethylated	reactome:Vitamins [R-HSA-211916]	6	1	0.781539719768298	1
missMethyl_gsameth	reactome	hypomethylated	reactome:Defective CYP27B1 causes VDDR1B [R-HSA-5579027]	1	0	1.00000000000618	1
missMethyl_gsameth	reactome	hypomethylated	reactome:Synthesis of diphthamide-EEF2 [R-HSA-5358493]	8	1	0.790981259411207	1
missMethyl_gsameth	reactome	hypomethylated	reactome:Entry of Influenza Virion into Host Cell via Endocytosis [R-HSA-168275]	2	1	0.358867982352008	1
missMethyl_gsameth	reactome	hypomethylated	reactome:Proton/oligopeptide cotransporters [R-HSA-427975]	4	0	1	1
missMethyl_gsameth	reactome	hypomethylated	reactome:Serotonin and melatonin biosynthesis [R-HSA-209931]	4	1	0.643650915730702	1
missMethyl_gsameth	reactome	hypomethylated	reactome:ALK mutants bind TKIs [R-HSA-9700645]	12	5	0.133456491816086	1
missMethyl_gsameth	reactome	hypomethylated	reactome:Induction of Cell-Cell Fusion [R-HSA-9733458]	13	4	0.45220595164255	1
missMethyl_gsameth	reactome	hypomethylated	reactome:ALKBH2 mediated reversal of alkylation damage [R-HSA-112122]	1	0	0.999999999964264	1
missMethyl_gsameth	reactome	hypomethylated	reactome:RUNX1 regulates transcription of genes involved in differentiation of keratinocytes [R-HSA-8939242]	8	3	0.180439151716408	1
missMethyl_gsameth	reactome	hypomethylated	reactome:Maturation of TCA enzymes and regulation of TCA cycle [R-HSA-9854311]	20	1	0.972880811193451	1
missMethyl_gsameth	reactome	hypomethylated	reactome:Interleukin-10 signaling [R-HSA-6783783]	47	11	0.178109048728209	1
missMethyl_gsameth	reactome	hypomethylated	reactome:Sodium/Calcium exchangers [R-HSA-425561]	13	5	0.171237131182623	1
missMethyl_gsameth	reactome	hypomethylated	reactome:Defective SLC24A4 causes hypomineralized amelogenesis imperfecta (AI) [R-HSA-5619055]	1	1	0.313859152842323	1
missMethyl_gsameth	reactome	hypomethylated	reactome:Binding and entry of HIV virion [R-HSA-173107]	4	1	0.585176721285618	1
missMethyl_gsameth	reactome	hypomethylated	reactome:Abacavir ADME [R-HSA-2161522]	9	2	0.553988313754207	1
missMethyl_gsameth	reactome	hypomethylated	reactome:Abacavir metabolism [R-HSA-2161541]	4	0	1	1
missMethyl_gsameth	reactome	hypomethylated	reactome:Ethanol oxidation [R-HSA-71384]	12	2	0.614070981113661	1
missMethyl_gsameth	reactome	hypomethylated	reactome:Defective ABCC2 causes DJS [R-HSA-5679001]	1	0	0.999999999982477	1
missMethyl_gsameth	reactome	hypomethylated	reactome:TP53 Regulates Transcription of Death Receptors and Ligands [R-HSA-6803211]	12	0	1	1
missMethyl_gsameth	reactome	hypomethylated	reactome:Glutathione synthesis and recycling [R-HSA-174403]	12	2	0.713462244718971	1
missMethyl_gsameth	reactome	hypomethylated	reactome:Aflatoxin activation and detoxification [R-HSA-5423646]	19	2	0.874321773049972	1
missMethyl_gsameth	reactome	hypomethylated	reactome:The IPAF inflammasome [R-HSA-844623]	2	0	1	1
missMethyl_gsameth	reactome	hypomethylated	reactome:Activation of the phototransduction cascade [R-HSA-2485179]	11	2	0.647839526734792	1
missMethyl_gsameth	reactome	hypomethylated	reactome:Sphingolipid catabolism [R-HSA-9845614]	11	1	0.931845339658143	1
missMethyl_gsameth	reactome	hypomethylated	reactome:Josephin domain DUBs [R-HSA-5689877]	12	1	0.8935434514199	1
missMethyl_gsameth	reactome	hypomethylated	reactome:Defective CYP4F22 causes ARCI5 [R-HSA-5579005]	1	0	0.999999999967566	1
missMethyl_gsameth	reactome	hypomethylated	reactome:Interleukin-6 family signaling [R-HSA-6783589]	24	3	0.872401803383478	1
missMethyl_gsameth	reactome	hypomethylated	reactome:IL-6-type cytokine receptor ligand interactions [R-HSA-6788467]	17	2	0.865579011229489	1
missMethyl_gsameth	reactome	hypomethylated	reactome:Neurofascin interactions [R-HSA-447043]	7	3	0.323431812987801	1
missMethyl_gsameth	reactome	hypomethylated	reactome:Synthesis of wybutosine at G37 of tRNA(Phe) [R-HSA-6782861]	6	0	1	1
missMethyl_gsameth	reactome	hypomethylated	reactome:Assembly of collagen fibrils and other multimeric structures [R-HSA-2022090]	61	21	0.0530214021493298	1
missMethyl_gsameth	reactome	hypomethylated	reactome:Integrin cell surface interactions [R-HSA-216083]	85	27	0.0478289032911701	1
missMethyl_gsameth	reactome	hypomethylated	reactome:Anchoring fibril formation [R-HSA-2214320]	15	4	0.506389132182269	1
missMethyl_gsameth	reactome	hypomethylated	reactome:Crosslinking of collagen fibrils [R-HSA-2243919]	18	5	0.482884062810153	1
missMethyl_gsameth	reactome	hypomethylated	reactome:Syndecan interactions [R-HSA-3000170]	27	8	0.31978602225529	1
missMethyl_gsameth	reactome	hypomethylated	reactome:ECM proteoglycans [R-HSA-3000178]	76	25	0.053791872647744	1
missMethyl_gsameth	reactome	hypomethylated	reactome:GP1b-IX-V activation signalling [R-HSA-430116]	12	2	0.85222895055285	1
missMethyl_gsameth	reactome	hypomethylated	reactome:Collagen chain trimerization [R-HSA-8948216]	44	20	0.00396430618618247	0.369546519987968
missMethyl_gsameth	reactome	hypomethylated	reactome:Enhanced binding of GP1BA variant to VWF multimer:collagen [R-HSA-9845620]	7	0	1	1
missMethyl_gsameth	reactome	hypomethylated	reactome:Defective VWF binding to collagen type I [R-HSA-9845622]	3	0	1	1
missMethyl_gsameth	reactome	hypomethylated	reactome:Defective binding of VWF variant to GPIb:IX:V [R-HSA-9846298]	7	0	1	1
missMethyl_gsameth	reactome	hypomethylated	reactome:Toxicity of botulinum toxin type B (botB) [R-HSA-5250958]	3	1	0.597351414183225	1
missMethyl_gsameth	reactome	hypomethylated	reactome:Signaling by PDGF [R-HSA-186797]	58	21	0.0345472049843952	1
missMethyl_gsameth	reactome	hypomethylated	reactome:NCAM signaling for neurite out-growth [R-HSA-375165]	63	23	0.0634578753692432	1
missMethyl_gsameth	reactome	hypomethylated	reactome:NCAM1 interactions [R-HSA-419037]	42	17	0.0456683637780404	1
missMethyl_gsameth	reactome	hypomethylated	reactome:Formation of intermediate mesoderm [R-HSA-9761174]	8	0	1	1
missMethyl_gsameth	reactome	hypomethylated	reactome:Type I hemidesmosome assembly [R-HSA-446107]	11	4	0.265178872096134	1
missMethyl_gsameth	reactome	hypomethylated	reactome:rRNA modification in the mitochondrion [R-HSA-6793080]	6	0	1	1
missMethyl_gsameth	reactome	hypomethylated	reactome:rRNA processing in the mitochondrion [R-HSA-8868766]	10	0	1	1
missMethyl_gsameth	reactome	hypomethylated	reactome:Voltage gated Potassium channels [R-HSA-1296072]	43	15	0.0867752871971223	1
missMethyl_gsameth	reactome	hypomethylated	reactome:Neurotransmitter clearance [R-HSA-112311]	10	3	0.400488519648314	1
missMethyl_gsameth	reactome	hypomethylated	reactome:Methylation [R-HSA-156581]	14	3	0.507727397795101	1
missMethyl_gsameth	reactome	hypomethylated	reactome:Enzymatic degradation of dopamine by COMT [R-HSA-379397]	3	0	1	1
missMethyl_gsameth	reactome	hypomethylated	reactome:Enzymatic degradation of Dopamine by monoamine oxidase [R-HSA-379398]	2	0	1	1
missMethyl_gsameth	reactome	hypomethylated	reactome:Dopamine clearance from the synaptic cleft [R-HSA-379401]	4	1	0.712963292686453	1
missMethyl_gsameth	reactome	hypomethylated	reactome:Metal ion SLC transporters [R-HSA-425410]	24	3	0.870352150589955	1
missMethyl_gsameth	reactome	hypomethylated	reactome:Fructose metabolism [R-HSA-5652084]	7	1	0.733070581776285	1
missMethyl_gsameth	reactome	hypomethylated	reactome:Fructose catabolism [R-HSA-70350]	5	1	0.603511725109118	1
missMethyl_gsameth	reactome	hypomethylated	reactome:Transcription of E2F targets under negative control by DREAM complex [R-HSA-1362277]	19	1	0.980625272738207	1
missMethyl_gsameth	reactome	hypomethylated	reactome:Transcription of E2F targets under negative control by p107 (RBL1) and p130 (RBL2) in complex with HDAC1 [R-HSA-1362300]	16	1	0.956888475379043	1
missMethyl_gsameth	reactome	hypomethylated	reactome:G1/S-Specific Transcription [R-HSA-69205]	28	3	0.909418943835159	1
missMethyl_gsameth	reactome	hypomethylated	reactome:Sensory perception of sour taste [R-HSA-9729555]	2	1	0.267733254615534	1
missMethyl_gsameth	reactome	hypomethylated	reactome:Proton-coupled monocarboxylate transport [R-HSA-433692]	6	3	0.157095468597168	1
missMethyl_gsameth	reactome	hypomethylated	reactome:Adenosine P1 receptors [R-HSA-417973]	4	0	1	1
missMethyl_gsameth	reactome	hypomethylated	reactome:SLBP independent Processing of Histone Pre-mRNAs [R-HSA-111367]	10	0	1	1
missMethyl_gsameth	reactome	hypomethylated	reactome:SLBP Dependent Processing of Replication-Dependent Histone Pre-mRNAs [R-HSA-77588]	11	0	1	1
missMethyl_gsameth	reactome	hypomethylated	reactome:Heme biosynthesis [R-HSA-189451]	14	1	0.902235723990442	1
missMethyl_gsameth	reactome	hypomethylated	reactome:Defective SLC40A1 causes hemochromatosis 4 (HFE4) (macrophages) [R-HSA-5619049]	2	0	1	1
missMethyl_gsameth	reactome	hypomethylated	reactome:Defective CP causes aceruloplasminemia (ACERULOP) [R-HSA-5619060]	2	0	1	1
missMethyl_gsameth	reactome	hypomethylated	reactome:Carnitine metabolism [R-HSA-200425]	14	4	0.457146319394961	1
missMethyl_gsameth	reactome	hypomethylated	reactome:Membrane binding and targetting of GAG proteins [R-HSA-174490]	14	1	0.942330315223248	1
missMethyl_gsameth	reactome	hypomethylated	reactome:Synthesis And Processing Of GAG, GAGPOL Polyproteins [R-HSA-174495]	14	1	0.942330315223248	1
missMethyl_gsameth	reactome	hypomethylated	reactome:Assembly Of The HIV Virion [R-HSA-175474]	16	2	0.839703620668376	1
missMethyl_gsameth	reactome	hypomethylated	reactome:RUNX1 and FOXP3 control the development of regulatory T lymphocytes (Tregs) [R-HSA-8877330]	10	3	0.327343798025023	1
missMethyl_gsameth	reactome	hypomethylated	reactome:Interconversion of 2-oxoglutarate and 2-hydroxyglutarate [R-HSA-880009]	3	2	0.170239452267577	1
missMethyl_gsameth	reactome	hypomethylated	reactome:Netrin mediated repulsion signals [R-HSA-418886]	8	4	0.229262405029587	1
missMethyl_gsameth	reactome	hypomethylated	reactome:Mucopolysaccharidoses [R-HSA-2206281]	11	2	0.788282123254325	1
missMethyl_gsameth	reactome	hypomethylated	reactome:MPS IIIC - Sanfilippo syndrome C [R-HSA-2206291]	1	0	0.999999999970795	1
missMethyl_gsameth	reactome	hypomethylated	reactome:Diseases of carbohydrate metabolism [R-HSA-5663084]	33	3	0.964764287468522	1
missMethyl_gsameth	reactome	hypomethylated	reactome:CREB phosphorylation [R-HSA-199920]	7	1	0.836217420847219	1
missMethyl_gsameth	reactome	hypomethylated	reactome:CREB1 phosphorylation through NMDA receptor-mediated activation of RAS signaling [R-HSA-442742]	29	7	0.676582772907492	1
missMethyl_gsameth	reactome	hypomethylated	reactome:MAPK targets/ Nuclear events mediated by MAP kinases [R-HSA-450282]	31	4	0.916304197444018	1
missMethyl_gsameth	reactome	hypomethylated	reactome:Gastrin-CREB signalling pathway via PKC and MAPK [R-HSA-881907]	18	4	0.643772649298626	1
missMethyl_gsameth	reactome	hypomethylated	reactome:Regulation of MECP2 expression and activity [R-HSA-9022692]	33	8	0.537233225059845	1
missMethyl_gsameth	reactome	hypomethylated	reactome:MECP2 regulates transcription of neuronal ligands [R-HSA-9022702]	8	2	0.584454072192552	1
missMethyl_gsameth	reactome	hypomethylated	reactome:MECP2 regulates transcription factors [R-HSA-9022707]	5	2	0.379542663742586	1
missMethyl_gsameth	reactome	hypomethylated	reactome:Regulation of MITF-M-dependent genes involved in pigmentation [R-HSA-9824585]	42	12	0.237934533468888	1
missMethyl_gsameth	reactome	hypomethylated	reactome:Activation of the AP-1 family of transcription factors [R-HSA-450341]	10	1	0.892277077024754	1
missMethyl_gsameth	reactome	hypomethylated	reactome:LRR FLII-interacting protein 1 (LRRFIP1) activates type I IFN production [R-HSA-3134973]	5	1	0.737571789235447	1
missMethyl_gsameth	reactome	hypomethylated	reactome:CD209 (DC-SIGN) signaling [R-HSA-5621575]	21	3	0.874761589525536	1
missMethyl_gsameth	reactome	hypomethylated	reactome:RUNX1 regulates transcription of genes involved in differentiation of myeloid cells [R-HSA-8939246]	7	4	0.0918522595780039	1
missMethyl_gsameth	reactome	hypomethylated	reactome:TRAF3-dependent IRF activation pathway [R-HSA-918233]	14	1	0.947847108758943	1
missMethyl_gsameth	reactome	hypomethylated	reactome:NFE2L2 regulating inflammation associated genes [R-HSA-9818026]	5	0	1	1
missMethyl_gsameth	reactome	hypomethylated	reactome:NFE2L2 regulating anti-oxidant/detoxification enzymes [R-HSA-9818027]	19	4	0.55508116697898	1
missMethyl_gsameth	reactome	hypomethylated	reactome:NFE2L2 regulates pentose phosphate pathway genes [R-HSA-9818028]	8	0	1	1
missMethyl_gsameth	reactome	hypomethylated	reactome:NFE2L2 regulating tumorigenic genes [R-HSA-9818030]	11	2	0.829861493891809	1
missMethyl_gsameth	reactome	hypomethylated	reactome:NFE2L2 regulating ER-stress associated genes [R-HSA-9818035]	5	0	1	1
missMethyl_gsameth	reactome	hypomethylated	reactome:Regulation of NFE2L2 gene expression [R-HSA-9818749]	8	0	1	1
missMethyl_gsameth	reactome	hypomethylated	reactome:Evasion by RSV of host interferon responses [R-HSA-9833109]	26	2	0.951579030843094	1
missMethyl_gsameth	reactome	hypomethylated	reactome:ATF6B (ATF6-beta) activates chaperones [R-HSA-8874177]	4	0	1	1
missMethyl_gsameth	reactome	hypomethylated	reactome:Signaling by WNT in cancer [R-HSA-4791275]	34	5	0.923735407363696	1
missMethyl_gsameth	reactome	hypomethylated	reactome:Signaling by AXIN mutants [R-HSA-4839735]	14	2	0.867173513902318	1
missMethyl_gsameth	reactome	hypomethylated	reactome:Signaling by CTNNB1 phospho-site mutants [R-HSA-4839743]	15	2	0.884344079846571	1
missMethyl_gsameth	reactome	hypomethylated	reactome:Signaling by APC mutants [R-HSA-4839744]	14	2	0.867173513902318	1
missMethyl_gsameth	reactome	hypomethylated	reactome:Signaling by AMER1 mutants [R-HSA-4839748]	14	2	0.867173513902318	1
missMethyl_gsameth	reactome	hypomethylated	reactome:Signaling by GSK3beta mutants [R-HSA-5339716]	15	2	0.884344079846571	1
missMethyl_gsameth	reactome	hypomethylated	reactome:CTNNB1 S33 mutants aren't phosphorylated [R-HSA-5358747]	15	2	0.884344079846571	1
missMethyl_gsameth	reactome	hypomethylated	reactome:CTNNB1 S37 mutants aren't phosphorylated [R-HSA-5358749]	15	2	0.884344079846571	1
missMethyl_gsameth	reactome	hypomethylated	reactome:CTNNB1 S45 mutants aren't phosphorylated [R-HSA-5358751]	15	2	0.884344079846571	1
missMethyl_gsameth	reactome	hypomethylated	reactome:CTNNB1 T41 mutants aren't phosphorylated [R-HSA-5358752]	15	2	0.884344079846571	1
missMethyl_gsameth	reactome	hypomethylated	reactome:APC truncation mutants have impaired AXIN binding [R-HSA-5467337]	14	2	0.867173513902318	1
missMethyl_gsameth	reactome	hypomethylated	reactome:AXIN missense mutants destabilize the destruction complex [R-HSA-5467340]	14	2	0.867173513902318	1
missMethyl_gsameth	reactome	hypomethylated	reactome:Truncations of AMER1 destabilize the destruction complex [R-HSA-5467348]	14	2	0.867173513902318	1
missMethyl_gsameth	reactome	hypomethylated	reactome:Receptor Mediated Mitophagy [R-HSA-8934903]	11	0	1	1
missMethyl_gsameth	reactome	hypomethylated	reactome:Synthesis, secretion, and deacylation of Ghrelin [R-HSA-422085]	19	2	0.848674546028172	1
missMethyl_gsameth	reactome	hypomethylated	reactome:Signaling by CSF1 (M-CSF) in myeloid cells [R-HSA-9680350]	31	6	0.696015956254945	1
missMethyl_gsameth	reactome	hypomethylated	reactome:Synthesis, secretion, and inactivation of Glucose-dependent Insulinotropic Polypeptide (GIP) [R-HSA-400511]	13	2	0.787460001123227	1
missMethyl_gsameth	reactome	hypomethylated	reactome:ARMS-mediated activation [R-HSA-170984]	7	1	0.826930718477829	1
missMethyl_gsameth	reactome	hypomethylated	reactome:Downstream signal transduction [R-HSA-186763]	29	6	0.727975088039744	1
missMethyl_gsameth	reactome	hypomethylated	reactome:p130Cas linkage to MAPK signaling for integrins [R-HSA-372708]	15	4	0.472572454827135	1
missMethyl_gsameth	reactome	hypomethylated	reactome:Interleukin-3, Interleukin-5 and GM-CSF signaling [R-HSA-512988]	46	13	0.145447329470562	1
missMethyl_gsameth	reactome	hypomethylated	reactome:PTK6 Regulates RHO GTPases, RAS GTPase and MAP kinases [R-HSA-8849471]	14	3	0.673606697188699	1
missMethyl_gsameth	reactome	hypomethylated	reactome:MET activates RAP1 and RAC1 [R-HSA-8875555]	11	3	0.389401985921509	1
missMethyl_gsameth	reactome	hypomethylated	reactome:MET receptor recycling [R-HSA-8875656]	10	2	0.61891327973715	1
missMethyl_gsameth	reactome	hypomethylated	reactome:Regulation of signaling by CBL [R-HSA-912631]	22	8	0.0624601576248582	1
missMethyl_gsameth	reactome	hypomethylated	reactome:Signaling by Erythropoietin [R-HSA-9006335]	25	6	0.508414522769697	1
missMethyl_gsameth	reactome	hypomethylated	reactome:Erythropoietin activates RAS [R-HSA-9027284]	14	4	0.352075279486127	1
missMethyl_gsameth	reactome	hypomethylated	reactome:SARS-CoV-1 modulates host translation machinery [R-HSA-9735869]	37	3	0.939244304018757	1
missMethyl_gsameth	reactome	hypomethylated	reactome:Classical antibody-mediated complement activation [R-HSA-173623]	6	3	0.0309593067483509	1
missMethyl_gsameth	reactome	hypomethylated	reactome:Activation of BMF and translocation to mitochondria [R-HSA-139910]	3	1	0.467062283395268	1
missMethyl_gsameth	reactome	hypomethylated	reactome:vRNA Synthesis [R-HSA-192814]	1	1	0.174220868204931	1
missMethyl_gsameth	reactome	hypomethylated	reactome:Downregulation of SMAD2/3:SMAD4 transcriptional activity [R-HSA-2173795]	30	5	0.774947273850004	1
missMethyl_gsameth	reactome	hypomethylated	reactome:Defective SLC34A3 causes Hereditary hypophosphatemic rickets with hypercalciuria (HHRH) [R-HSA-5619097]	1	0	0.999999999973895	1
missMethyl_gsameth	reactome	hypomethylated	reactome:mitochondrial fatty acid beta-oxidation of saturated fatty acids [R-HSA-77286]	11	0	1	1
missMethyl_gsameth	reactome	hypomethylated	reactome:Beta oxidation of butanoyl-CoA to acetyl-CoA [R-HSA-77352]	5	0	1	1
missMethyl_gsameth	reactome	hypomethylated	reactome:Maturation of nucleoprotein [R-HSA-9683610]	11	1	0.884743364263372	1
missMethyl_gsameth	reactome	hypomethylated	reactome:Maturation of nucleoprotein [R-HSA-9694631]	15	2	0.844260629091985	1
missMethyl_gsameth	reactome	hypomethylated	reactome:Signalling to RAS [R-HSA-167044]	20	5	0.541959954821206	1
missMethyl_gsameth	reactome	hypomethylated	reactome:p38MAPK events [R-HSA-171007]	13	2	0.824660817125728	1
missMethyl_gsameth	reactome	hypomethylated	reactome:ERK/MAPK targets [R-HSA-198753]	22	3	0.879460074601029	1
missMethyl_gsameth	reactome	hypomethylated	reactome:Platelet sensitization by LDL [R-HSA-432142]	17	5	0.330171848965289	1
missMethyl_gsameth	reactome	hypomethylated	reactome:FGFR2 ligand binding and activation [R-HSA-190241]	20	4	0.588438590928766	1
missMethyl_gsameth	reactome	hypomethylated	reactome:FGFR2b ligand binding and activation [R-HSA-190377]	10	2	0.668374141950918	1
missMethyl_gsameth	reactome	hypomethylated	reactome:Other interleukin signaling [R-HSA-449836]	24	2	0.951770418295772	1
missMethyl_gsameth	reactome	hypomethylated	reactome:Interleukin-2 family signaling [R-HSA-451927]	41	10	0.404567531349318	1
missMethyl_gsameth	reactome	hypomethylated	reactome:Interleukin receptor SHC signaling [R-HSA-912526]	25	6	0.515676796073851	1
missMethyl_gsameth	reactome	hypomethylated	reactome:Defective CSF2RB causes SMDP5 [R-HSA-5688849]	6	0	1	1
missMethyl_gsameth	reactome	hypomethylated	reactome:Defective CSF2RA causes SMDP4 [R-HSA-5688890]	6	0	1	1
missMethyl_gsameth	reactome	hypomethylated	reactome:Signaling by CSF3 (G-CSF) [R-HSA-9674555]	30	4	0.891914785337253	1
missMethyl_gsameth	reactome	hypomethylated	reactome:Inactivation of CSF3 (G-CSF) signaling [R-HSA-9705462]	25	2	0.967232733580648	1
missMethyl_gsameth	reactome	hypomethylated	reactome:Prolactin receptor signaling [R-HSA-1170546]	15	3	0.59054745723873	1
missMethyl_gsameth	reactome	hypomethylated	reactome:MicroRNA (miRNA) biogenesis [R-HSA-203927]	24	4	0.594217112299171	1
missMethyl_gsameth	reactome	hypomethylated	reactome:GAB1 signalosome [R-HSA-180292]	17	6	0.200679445584493	1
missMethyl_gsameth	reactome	hypomethylated	reactome:Phosphorylation of CD3 and TCR zeta chains [R-HSA-202427]	20	7	0.304480181212337	1
missMethyl_gsameth	reactome	hypomethylated	reactome:PD-1 signaling [R-HSA-389948]	21	6	0.523121451061637	1
missMethyl_gsameth	reactome	hypomethylated	reactome:Germ layer formation at gastrulation [R-HSA-9754189]	17	4	0.486958214511181	1
missMethyl_gsameth	reactome	hypomethylated	reactome:Formation of definitive endoderm [R-HSA-9823730]	15	3	0.769260662883725	1
missMethyl_gsameth	reactome	hypomethylated	reactome:Signal transduction by L1 [R-HSA-445144]	21	4	0.803866478777187	1
missMethyl_gsameth	reactome	hypomethylated	reactome:Respiratory syncytial virus (RSV) genome replication, transcription and translation [R-HSA-9820965]	16	3	0.621576026374854	1
missMethyl_gsameth	reactome	hypomethylated	reactome:Maturation of hRSV A proteins [R-HSA-9828806]	13	2	0.733566081915745	1
missMethyl_gsameth	reactome	hypomethylated	reactome:Adrenoceptors [R-HSA-390696]	9	1	0.777626509484893	1
missMethyl_gsameth	reactome	hypomethylated	reactome:MTF1 activates gene expression [R-HSA-5660489]	3	0	1	1
missMethyl_gsameth	reactome	hypomethylated	reactome:Response to metal ions [R-HSA-5660526]	14	0	1	1
missMethyl_gsameth	reactome	hypomethylated	reactome:Organic anion transporters [R-HSA-428643]	12	1	0.916809904311608	1
missMethyl_gsameth	reactome	hypomethylated	reactome:Synthesis of PIPs at the plasma membrane [R-HSA-1660499]	53	8	0.91989616417613	1
missMethyl_gsameth	reactome	hypomethylated	reactome:Release of Hh-Np from the secreting cell [R-HSA-5362798]	8	2	0.622036144411804	1
missMethyl_gsameth	reactome	hypomethylated	reactome:RHO GTPases activate KTN1 [R-HSA-5625970]	11	1	0.907471250920592	1
missMethyl_gsameth	reactome	hypomethylated	reactome:IRF3 mediated activation of type 1 IFN [R-HSA-1606341]	5	1	0.601447604242695	1
missMethyl_gsameth	reactome	hypomethylated	reactome:TICAM1 deficiency - HSE [R-HSA-5602566]	2	0	1	1
missMethyl_gsameth	reactome	hypomethylated	reactome:TRAF3 deficiency - HSE [R-HSA-5602571]	3	0	1	1
missMethyl_gsameth	reactome	hypomethylated	reactome:Deactivation of the beta-catenin transactivating complex [R-HSA-3769402]	42	9	0.660443320931372	1
missMethyl_gsameth	reactome	hypomethylated	reactome:Repression of WNT target genes [R-HSA-4641265]	12	6	0.0971970577603937	1
missMethyl_gsameth	reactome	hypomethylated	reactome:Signaling by TCF7L2 mutants [R-HSA-5339700]	3	2	0.308785393867481	1
missMethyl_gsameth	reactome	hypomethylated	reactome:Mitochondrial Uncoupling [R-HSA-166187]	7	2	0.247684493814933	1
missMethyl_gsameth	reactome	hypomethylated	reactome:Oleoyl-phe metabolism [R-HSA-9673163]	1	0	0.999999999974483	1
missMethyl_gsameth	reactome	hypomethylated	reactome:SARS-CoV-1 Genome Replication and Transcription [R-HSA-9679514]	4	0	1	1
missMethyl_gsameth	reactome	hypomethylated	reactome:Replication of the SARS-CoV-1 genome [R-HSA-9682706]	4	0	1	1
missMethyl_gsameth	reactome	hypomethylated	reactome:Interleukin-23 signaling [R-HSA-9020933]	9	3	0.311977024970589	1
missMethyl_gsameth	reactome	hypomethylated	reactome:Regulation of CDH19 Expression and Function [R-HSA-9764302]	7	1	0.808740786473922	1
missMethyl_gsameth	reactome	hypomethylated	reactome:Binding of TCF/LEF:CTNNB1 to target gene promoters [R-HSA-4411364]	8	3	0.475488554563232	1
missMethyl_gsameth	reactome	hypomethylated	reactome:InlA-mediated entry of Listeria monocytogenes into host cells [R-HSA-8876493]	9	0	1	1
missMethyl_gsameth	reactome	hypomethylated	reactome:RUNX3 regulates WNT signaling [R-HSA-8951430]	8	4	0.220977642356076	1
missMethyl_gsameth	reactome	hypomethylated	reactome:Specification of the neural plate border [R-HSA-9834899]	17	4	0.74647420443903	1
missMethyl_gsameth	reactome	hypomethylated	reactome:Adrenaline signalling through Alpha-2 adrenergic receptor [R-HSA-392023]	3	0	1	1
missMethyl_gsameth	reactome	hypomethylated	reactome:Cobalamin (Cbl, vitamin B12) transport and metabolism [R-HSA-196741]	22	3	0.787108247741649	1
missMethyl_gsameth	reactome	hypomethylated	reactome:Uptake of dietary cobalamins into enterocytes [R-HSA-9758881]	10	2	0.553626803619715	1
missMethyl_gsameth	reactome	hypomethylated	reactome:Interleukin-1 processing [R-HSA-448706]	9	3	0.250928077350008	1
missMethyl_gsameth	reactome	hypomethylated	reactome:Suppression of apoptosis [R-HSA-9635465]	7	2	0.519799459201913	1
missMethyl_gsameth	reactome	hypomethylated	reactome:Endosomal/Vacuolar pathway [R-HSA-1236977]	11	0	1	1
missMethyl_gsameth	reactome	hypomethylated	reactome:Attachment and Entry [R-HSA-9678110]	4	0	1	1
missMethyl_gsameth	reactome	hypomethylated	reactome:Pyrimidine salvage [R-HSA-73614]	11	0	1	1
missMethyl_gsameth	reactome	hypomethylated	reactome:Pyrimidine catabolism [R-HSA-73621]	12	2	0.65605664380139	1
missMethyl_gsameth	reactome	hypomethylated	reactome:betaKlotho-mediated ligand binding [R-HSA-1307965]	3	0	1	1
missMethyl_gsameth	reactome	hypomethylated	reactome:FGFR4 ligand binding and activation [R-HSA-190322]	14	3	0.594362977988384	1
missMethyl_gsameth	reactome	hypomethylated	reactome:Phospholipase C-mediated cascade; FGFR4 [R-HSA-5654228]	15	3	0.627358136295117	1
missMethyl_gsameth	reactome	hypomethylated	reactome:SHC-mediated cascade:FGFR4 [R-HSA-5654719]	20	4	0.659792711055098	1
missMethyl_gsameth	reactome	hypomethylated	reactome:Proton-coupled neutral amino acid transporters [R-HSA-428559]	2	2	0.0246817103478163	1
missMethyl_gsameth	reactome	hypomethylated	reactome:Defective SLC36A2 causes iminoglycinuria (IG) and hyperglycinuria (HG) [R-HSA-5619041]	1	1	0.154392598374822	1
missMethyl_gsameth	reactome	hypomethylated	reactome:Cross-presentation of particulate exogenous antigens (phagosomes) [R-HSA-1236973]	8	2	0.47374915992701	1
missMethyl_gsameth	reactome	hypomethylated	reactome:Nephron development [R-HSA-9831926]	12	1	0.977398830186155	1
missMethyl_gsameth	reactome	hypomethylated	reactome:The activation of arylsulfatases [R-HSA-1663150]	13	3	0.486587257827728	1
missMethyl_gsameth	reactome	hypomethylated	reactome:Negative regulators of DDX58/IFIH1 signaling [R-HSA-936440]	35	0	1	1
missMethyl_gsameth	reactome	hypomethylated	reactome:Synthesis of epoxy (EET) and dihydroxyeicosatrienoic acids (DHET) [R-HSA-2142670]	8	3	0.222741606978823	1
missMethyl_gsameth	reactome	hypomethylated	reactome:Biosynthesis of DHA-derived SPMs [R-HSA-9018677]	17	3	0.663379300571466	1
missMethyl_gsameth	reactome	hypomethylated	reactome:Biosynthesis of specialized proresolving mediators (SPMs) [R-HSA-9018678]	19	3	0.721289596266446	1
missMethyl_gsameth	reactome	hypomethylated	reactome:Biosynthesis of protectins [R-HSA-9018681]	4	1	0.612307771365983	1
missMethyl_gsameth	reactome	hypomethylated	reactome:Aromatic amines can be N-hydroxylated or N-dealkylated by CYP1A2 [R-HSA-211957]	1	1	0.164856793352515	1
missMethyl_gsameth	reactome	hypomethylated	reactome:Biosynthesis of maresins [R-HSA-9018682]	8	2	0.472801866942154	1
missMethyl_gsameth	reactome	hypomethylated	reactome:Biosynthesis of maresin-like SPMs [R-HSA-9027307]	6	2	0.282023028978082	1
missMethyl_gsameth	reactome	hypomethylated	reactome:Defective CYP1B1 causes Glaucoma [R-HSA-5579000]	1	1	0.33534397566602	1
missMethyl_gsameth	reactome	hypomethylated	reactome:CYP2E1 reactions [R-HSA-211999]	11	2	0.560861961023873	1
missMethyl_gsameth	reactome	hypomethylated	reactome:Metabolism of vitamin K [R-HSA-6806664]	3	0	1	1
missMethyl_gsameth	reactome	hypomethylated	reactome:Uncoating of the HIV Virion [R-HSA-162585]	1	0	0.999999999993408	1
missMethyl_gsameth	reactome	hypomethylated	reactome:Reverse Transcription of HIV RNA [R-HSA-162589]	1	0	0.999999999993408	1
missMethyl_gsameth	reactome	hypomethylated	reactome:Minus-strand DNA synthesis [R-HSA-164516]	1	0	0.999999999993408	1
missMethyl_gsameth	reactome	hypomethylated	reactome:Plus-strand DNA synthesis [R-HSA-164525]	1	0	0.999999999993408	1
missMethyl_gsameth	reactome	hypomethylated	reactome:Synthesis and processing of ENV and VPU [R-HSA-171286]	1	1	0.27724949329107	1
missMethyl_gsameth	reactome	hypomethylated	reactome:Alpha-defensins [R-HSA-1462054]	9	1	0.799926672453381	1
missMethyl_gsameth	reactome	hypomethylated	reactome:Nef and signal transduction [R-HSA-164944]	8	5	0.0497426223133239	1
missMethyl_gsameth	reactome	hypomethylated	reactome:Prednisone ADME [R-HSA-9757110]	10	0	1	1
missMethyl_gsameth	reactome	hypomethylated	reactome:Sterols are 12-hydroxylated by CYP8B1 [R-HSA-211994]	1	0	1.00000000001164	1
missMethyl_gsameth	reactome	hypomethylated	reactome:Glucocorticoid biosynthesis [R-HSA-194002]	10	2	0.513370786255338	1
missMethyl_gsameth	reactome	hypomethylated	reactome:Defective CYP11B1 causes AH4 [R-HSA-5579017]	1	1	0.123394738015047	1
missMethyl_gsameth	reactome	hypomethylated	reactome:Defective CYP11B2 causes CMO-1 deficiency [R-HSA-5579009]	1	1	0.164805017137554	1
missMethyl_gsameth	reactome	hypomethylated	reactome:Defective CYP17A1 causes AH5 [R-HSA-5579028]	1	0	1.00000000000849	1
missMethyl_gsameth	reactome	hypomethylated	reactome:Estrogen biosynthesis [R-HSA-193144]	6	1	0.59379432113973	1
missMethyl_gsameth	reactome	hypomethylated	reactome:Defective CYP19A1 causes AEXS [R-HSA-5579030]	1	1	0.174540838736913	1
missMethyl_gsameth	reactome	hypomethylated	reactome:Wax and plasmalogen biosynthesis [R-HSA-8848584]	7	1	0.686371443572072	1
missMethyl_gsameth	reactome	hypomethylated	reactome:Wax biosynthesis [R-HSA-9640463]	4	1	0.508974951253379	1
missMethyl_gsameth	reactome	hypomethylated	reactome:Defective CYP21A2 causes AH3 [R-HSA-5579021]	1	0	0.999999999954355	1
missMethyl_gsameth	reactome	hypomethylated	reactome:Defective CYP24A1 causes HCAI [R-HSA-5579010]	1	0	0.999999999998423	1
missMethyl_gsameth	reactome	hypomethylated	reactome:Defective CYP27A1 causes CTX [R-HSA-5578996]	1	0	0.99999999999718	1
missMethyl_gsameth	reactome	hypomethylated	reactome:Defective CYP27B1 causes VDDR1A [R-HSA-5579014]	1	0	1.00000000000403	1
missMethyl_gsameth	reactome	hypomethylated	reactome:Reelin signalling pathway [R-HSA-8866376]	5	4	0.0218154842436852	0.968971091823685
missMethyl_gsameth	reactome	hypomethylated	reactome:Defective POMGNT1 causes MDDGA3, MDDGB3 and MDDGC3 [R-HSA-5083628]	2	0	1	1
missMethyl_gsameth	reactome	hypomethylated	reactome:Caspase activation via Dependence Receptors in the absence of ligand [R-HSA-418889]	10	3	0.521062415718282	1
missMethyl_gsameth	reactome	hypomethylated	reactome:Alternative Lengthening of Telomeres (ALT) [R-HSA-9006821]	2	1	0.451900704261686	1
missMethyl_gsameth	reactome	hypomethylated	reactome:Defective Inhibition of DNA Recombination at Telomere Due to DAXX Mutations [R-HSA-9670613]	2	1	0.451900704261686	1
missMethyl_gsameth	reactome	hypomethylated	reactome:Defective Inhibition of DNA Recombination at Telomere Due to ATRX Mutations [R-HSA-9670615]	2	1	0.451900704261686	1
missMethyl_gsameth	reactome	hypomethylated	reactome:Defective Inhibition of DNA Recombination at Telomere [R-HSA-9670621]	2	1	0.451900704261686	1
missMethyl_gsameth	reactome	hypomethylated	reactome:Diseases of Telomere Maintenance [R-HSA-9673013]	2	1	0.451900704261686	1
missMethyl_gsameth	reactome	hypomethylated	reactome:FGFRL1 modulation of FGFR1 signaling [R-HSA-5658623]	13	2	0.798225478093806	1
missMethyl_gsameth	reactome	hypomethylated	reactome:RAS signaling downstream of NF1 loss-of-function variants [R-HSA-6802953]	7	2	0.523465911549458	1
missMethyl_gsameth	reactome	hypomethylated	reactome:Catecholamine biosynthesis [R-HSA-209905]	4	2	0.223711378387263	1
missMethyl_gsameth	reactome	hypomethylated	reactome:BCKDH synthesizes BCAA-CoA from KIC, KMVA, KIV [R-HSA-9859138]	4	1	0.47811183348609	1
missMethyl_gsameth	reactome	hypomethylated	reactome:DSCAM interactions [R-HSA-376172]	4	3	0.12871491436818	1
missMethyl_gsameth	reactome	hypomethylated	reactome:DCC mediated attractive signaling [R-HSA-418885]	14	6	0.250578316061794	1
missMethyl_gsameth	reactome	hypomethylated	reactome:Role of second messengers in netrin-1 signaling [R-HSA-418890]	10	3	0.423065352907719	1
missMethyl_gsameth	reactome	hypomethylated	reactome:Regulation of commissural axon pathfinding by SLIT and ROBO [R-HSA-428542]	10	6	0.0831532443199579	1
missMethyl_gsameth	reactome	hypomethylated	reactome:mitochondrial fatty acid beta-oxidation of unsaturated fatty acids [R-HSA-77288]	6	1	0.58444201480476	1
missMethyl_gsameth	reactome	hypomethylated	reactome:Lysosphingolipid and LPA receptors [R-HSA-419408]	13	1	0.90833479695761	1
missMethyl_gsameth	reactome	hypomethylated	reactome:Melanin biosynthesis [R-HSA-5662702]	5	2	0.285746726401644	1
missMethyl_gsameth	reactome	hypomethylated	reactome:ATF6 (ATF6-alpha) activates chaperones [R-HSA-381033]	12	2	0.713715721951344	1
missMethyl_gsameth	reactome	hypomethylated	reactome:ATF6 (ATF6-alpha) activates chaperone genes [R-HSA-381183]	10	2	0.577074496462326	1
missMethyl_gsameth	reactome	hypomethylated	reactome:Advanced glycosylation endproduct receptor signaling [R-HSA-879415]	13	2	0.693397413409447	1
missMethyl_gsameth	reactome	hypomethylated	reactome:SARS-CoV-2 Genome Replication and Transcription [R-HSA-9694682]	4	0	1	1
missMethyl_gsameth	reactome	hypomethylated	reactome:Replication of the SARS-CoV-2 genome [R-HSA-9694686]	4	0	1	1
missMethyl_gsameth	reactome	hypomethylated	reactome:DEx/H-box helicases activate type I IFN and inflammatory cytokines production [R-HSA-3134963]	7	1	0.762827370695678	1
missMethyl_gsameth	reactome	hypomethylated	reactome:Defects in cobalamin (B12) metabolism [R-HSA-3296469]	14	2	0.690930526326766	1
missMethyl_gsameth	reactome	hypomethylated	reactome:Defects in vitamin and cofactor metabolism [R-HSA-3296482]	22	7	0.144072887893767	1
missMethyl_gsameth	reactome	hypomethylated	reactome:Defective MMAA causes MMA, cblA type [R-HSA-3359475]	2	0	1	1
missMethyl_gsameth	reactome	hypomethylated	reactome:Defective MUT causes MMAM [R-HSA-3359478]	2	0	1	1
missMethyl_gsameth	reactome	hypomethylated	reactome:Propionyl-CoA catabolism [R-HSA-71032]	5	1	0.68971140826274	1
missMethyl_gsameth	reactome	hypomethylated	reactome:Cobalamin (Cbl) metabolism [R-HSA-9759218]	7	1	0.678238983523164	1
missMethyl_gsameth	reactome	hypomethylated	reactome:Diseases of mitochondrial beta oxidation [R-HSA-9759774]	2	0	1	1
missMethyl_gsameth	reactome	hypomethylated	reactome:Diseases of propionyl-CoA catabolism [R-HSA-9759785]	2	0	1	1
missMethyl_gsameth	reactome	hypomethylated	reactome:Striated Muscle Contraction [R-HSA-390522]	36	9	0.296812386946266	1
missMethyl_gsameth	reactome	hypomethylated	reactome:Alternative complement activation [R-HSA-173736]	5	1	0.695714863766617	1
missMethyl_gsameth	reactome	hypomethylated	reactome:Apoptosis induced DNA fragmentation [R-HSA-140342]	13	2	0.626172255145883	1
missMethyl_gsameth	reactome	hypomethylated	reactome:Release of apoptotic factors from the mitochondria [R-HSA-111457]	7	1	0.813870162506047	1
missMethyl_gsameth	reactome	hypomethylated	reactome:Zinc transporters [R-HSA-435354]	15	1	0.968211884150162	1
missMethyl_gsameth	reactome	hypomethylated	reactome:Zinc efflux and compartmentalization by the SLC30 family [R-HSA-435368]	5	1	0.564780156386924	1
missMethyl_gsameth	reactome	hypomethylated	reactome:Tetrahydrobiopterin (BH4) synthesis, recycling, salvage and regulation [R-HSA-1474151]	12	1	0.930838891606873	1
missMethyl_gsameth	reactome	hypomethylated	reactome:Pyrimidine biosynthesis [R-HSA-500753]	3	0	1	1
missMethyl_gsameth	reactome	hypomethylated	reactome:Hypusine synthesis from eIF5A-lysine [R-HSA-204626]	4	0	1	1
missMethyl_gsameth	reactome	hypomethylated	reactome:Regulation of MITF-M dependent genes involved in invasion [R-HSA-9854909]	4	1	0.671978818367194	1
missMethyl_gsameth	reactome	hypomethylated	reactome:Regulation of thyroid hormone activity [R-HSA-350864]	3	0	1	1
missMethyl_gsameth	reactome	hypomethylated	reactome:Regulation of pyruvate dehydrogenase (PDH) complex [R-HSA-204174]	15	1	0.901935730714665	1
missMethyl_gsameth	reactome	hypomethylated	reactome:PDH complex synthesizes acetyl-CoA from PYR [R-HSA-9861559]	6	0	1	1
missMethyl_gsameth	reactome	hypomethylated	reactome:Glycine degradation [R-HSA-6783984]	7	1	0.711330557637507	1
missMethyl_gsameth	reactome	hypomethylated	reactome:OGDH complex synthesizes succinyl-CoA from 2-OG [R-HSA-9853506]	4	1	0.529315688855255	1
missMethyl_gsameth	reactome	hypomethylated	reactome:OADH complex synthesizes glutaryl-CoA from 2-OA [R-HSA-9858328]	3	0	1	1
missMethyl_gsameth	reactome	hypomethylated	reactome:Unblocking of NMDA receptors, glutamate binding and activation [R-HSA-438066]	22	7	0.384305889442664	1
missMethyl_gsameth	reactome	hypomethylated	reactome:Ras activation upon Ca2+ influx through NMDA receptor [R-HSA-442982]	21	5	0.741461068609172	1
missMethyl_gsameth	reactome	hypomethylated	reactome:NrCAM interactions [R-HSA-447038]	7	4	0.143599014781921	1
missMethyl_gsameth	reactome	hypomethylated	reactome:Ionotropic activity of kainate receptors [R-HSA-451306]	12	2	0.868318057222496	1
missMethyl_gsameth	reactome	hypomethylated	reactome:Activation of Ca-permeable Kainate Receptor [R-HSA-451308]	12	2	0.868318057222496	1
missMethyl_gsameth	reactome	hypomethylated	reactome:Negative regulation of NMDA receptor-mediated neuronal transmission [R-HSA-9617324]	22	6	0.580441929466068	1
missMethyl_gsameth	reactome	hypomethylated	reactome:Long-term potentiation [R-HSA-9620244]	24	8	0.346728513522306	1
missMethyl_gsameth	reactome	hypomethylated	reactome:Choline catabolism [R-HSA-6798163]	6	2	0.294534223035182	1
missMethyl_gsameth	reactome	hypomethylated	reactome:Transcriptional regulation of testis differentiation [R-HSA-9690406]	11	2	0.783736944667871	1
missMethyl_gsameth	reactome	hypomethylated	reactome:Glycogen breakdown (glycogenolysis) [R-HSA-70221]	16	0	1	1
missMethyl_gsameth	reactome	hypomethylated	reactome:Glycogen metabolism [R-HSA-8982491]	27	0	1	1
missMethyl_gsameth	reactome	hypomethylated	reactome:STAT3 nuclear events downstream of ALK signaling [R-HSA-9701898]	11	2	0.699475995358964	1
missMethyl_gsameth	reactome	hypomethylated	reactome:Activated NTRK2 signals through FYN [R-HSA-9032500]	7	3	0.35604505393473	1
missMethyl_gsameth	reactome	hypomethylated	reactome:NTRK2 activates RAC1 [R-HSA-9032759]	5	2	0.451757832883793	1
missMethyl_gsameth	reactome	hypomethylated	reactome:Defective DPAGT1 causes CDG-1j, CMSTA2 [R-HSA-4549356]	1	0	1.0000000000232	1
missMethyl_gsameth	reactome	hypomethylated	reactome:Degradation of GABA [R-HSA-916853]	2	0	1	1
missMethyl_gsameth	reactome	hypomethylated	reactome:Defective SLC26A3 causes congenital secretory chloride diarrhea 1 (DIAR1) [R-HSA-5619085]	1	0	0.999999999993071	1
missMethyl_gsameth	reactome	hypomethylated	reactome:Dopamine receptors [R-HSA-390651]	5	2	0.215343032304977	1
missMethyl_gsameth	reactome	hypomethylated	reactome:Defective SLC26A2 causes chondrodysplasias [R-HSA-3560792]	1	0	0.999999999968631	1
missMethyl_gsameth	reactome	hypomethylated	reactome:GRB2 events in EGFR signaling [R-HSA-179812]	13	4	0.276288205367844	1
missMethyl_gsameth	reactome	hypomethylated	reactome:SHC1 events in EGFR signaling [R-HSA-180336]	14	4	0.331803893054226	1
missMethyl_gsameth	reactome	hypomethylated	reactome:EGFR interacts with phospholipase C-gamma [R-HSA-212718]	9	3	0.226814785856059	1
missMethyl_gsameth	reactome	hypomethylated	reactome:EGFR Transactivation by Gastrin [R-HSA-2179392]	9	3	0.391225620016016	1
missMethyl_gsameth	reactome	hypomethylated	reactome:Uptake and function of diphtheria toxin [R-HSA-5336415]	6	3	0.166872016767598	1
missMethyl_gsameth	reactome	hypomethylated	reactome:Signaling by Overexpressed Wild-Type EGFR in Cancer [R-HSA-5638302]	8	3	0.18647627019998	1
missMethyl_gsameth	reactome	hypomethylated	reactome:Inhibition of Signaling by Overexpressed EGFR [R-HSA-5638303]	8	3	0.18647627019998	1
missMethyl_gsameth	reactome	hypomethylated	reactome:ERKs are inactivated [R-HSA-202670]	13	1	0.943580025938266	1
missMethyl_gsameth	reactome	hypomethylated	reactome:Negative regulation of TCF-dependent signaling by DVL-interacting proteins [R-HSA-5368598]	4	1	0.698160866993787	1
missMethyl_gsameth	reactome	hypomethylated	reactome:Activation of NOXA and translocation to mitochondria [R-HSA-111448]	5	0	1	1
missMethyl_gsameth	reactome	hypomethylated	reactome:Inhibition of replication initiation of damaged DNA by RB1/E2F1 [R-HSA-113501]	12	2	0.754225185963531	1
missMethyl_gsameth	reactome	hypomethylated	reactome:E2F mediated regulation of DNA replication [R-HSA-113510]	21	2	0.91864265056836	1
missMethyl_gsameth	reactome	hypomethylated	reactome:Activation of PUMA and translocation to mitochondria [R-HSA-139915]	9	0	1	1
missMethyl_gsameth	reactome	hypomethylated	reactome:Beta oxidation of lauroyl-CoA to decanoyl-CoA-CoA [R-HSA-77310]	5	0	1	1
missMethyl_gsameth	reactome	hypomethylated	reactome:Beta oxidation of decanoyl-CoA to octanoyl-CoA-CoA [R-HSA-77346]	6	0	1	1
missMethyl_gsameth	reactome	hypomethylated	reactome:Beta oxidation of octanoyl-CoA to hexanoyl-CoA [R-HSA-77348]	5	0	1	1
missMethyl_gsameth	reactome	hypomethylated	reactome:Beta oxidation of hexanoyl-CoA to butanoyl-CoA [R-HSA-77350]	5	0	1	1
missMethyl_gsameth	reactome	hypomethylated	reactome:Defective ABCA1 causes TGD [R-HSA-5682113]	2	0	1	1
missMethyl_gsameth	reactome	hypomethylated	reactome:HDL assembly [R-HSA-8963896]	8	0	1	1
missMethyl_gsameth	reactome	hypomethylated	reactome:Plasma lipoprotein assembly [R-HSA-8963898]	19	1	0.97298962716027	1
missMethyl_gsameth	reactome	hypomethylated	reactome:Defective AHCY causes HMAHCHD [R-HSA-5578997]	1	0	0.999999999987037	1
missMethyl_gsameth	reactome	hypomethylated	reactome:Trafficking of myristoylated proteins to the cilium [R-HSA-5624138]	5	0	1	1
missMethyl_gsameth	reactome	hypomethylated	reactome:Small interfering RNA (siRNA) biogenesis [R-HSA-426486]	9	2	0.520612363567068	1
missMethyl_gsameth	reactome	hypomethylated	reactome:Post-transcriptional silencing by small RNAs [R-HSA-426496]	7	2	0.525360743272058	1
missMethyl_gsameth	reactome	hypomethylated	reactome:Regulation of PTEN mRNA translation [R-HSA-8943723]	9	2	0.680460166749863	1
missMethyl_gsameth	reactome	hypomethylated	reactome:Competing endogenous RNAs (ceRNAs) regulate PTEN translation [R-HSA-8948700]	8	2	0.583896749771173	1
missMethyl_gsameth	reactome	hypomethylated	reactome:Regulation of NPAS4 gene expression [R-HSA-9768759]	13	4	0.3834972906934	1
missMethyl_gsameth	reactome	hypomethylated	reactome:Regulation of NPAS4 mRNA translation [R-HSA-9768778]	9	3	0.318547561309185	1
missMethyl_gsameth	reactome	hypomethylated	reactome:Regulation of MITF-M-dependent genes involved in apoptosis [R-HSA-9824594]	18	7	0.115737479671675	1
missMethyl_gsameth	reactome	hypomethylated	reactome:TGFBR3 expression [R-HSA-9839394]	25	3	0.951022836298943	1
missMethyl_gsameth	reactome	hypomethylated	reactome:PLCG1 events in ERBB2 signaling [R-HSA-1251932]	4	3	0.0487097157202941	1
missMethyl_gsameth	reactome	hypomethylated	reactome:Recycling of eIF2:GDP [R-HSA-72731]	8	0	1	1
missMethyl_gsameth	reactome	hypomethylated	reactome:Amine Oxidase reactions [R-HSA-140179]	4	0	1	1
missMethyl_gsameth	reactome	hypomethylated	reactome:PAOs oxidise polyamines to amines [R-HSA-141334]	2	0	1	1
missMethyl_gsameth	reactome	hypomethylated	reactome:Interconversion of polyamines [R-HSA-351200]	3	0	1	1
missMethyl_gsameth	reactome	hypomethylated	reactome:GDP-fucose biosynthesis [R-HSA-6787639]	6	1	0.792105373270293	1
missMethyl_gsameth	reactome	hypomethylated	reactome:HuR (ELAVL1) binds and stabilizes mRNA [R-HSA-450520]	8	2	0.554858213556065	1
missMethyl_gsameth	reactome	hypomethylated	reactome:RUNX1 regulates transcription of genes involved in BCR signaling [R-HSA-8939245]	6	5	0.00729265111847342	0.530139673392143
missMethyl_gsameth	reactome	hypomethylated	reactome:RUNX1 regulates transcription of genes involved in interleukin signaling [R-HSA-8939247]	5	4	0.0134322415616108	0.778193994819407
missMethyl_gsameth	reactome	hypomethylated	reactome:Defective ALG14 causes ALG14-CMS [R-HSA-5633231]	2	0	1	1
missMethyl_gsameth	reactome	hypomethylated	reactome:Intrinsic Pathway of Fibrin Clot Formation [R-HSA-140837]	23	6	0.236912710685297	1
missMethyl_gsameth	reactome	hypomethylated	reactome:TET1,2,3 and TDG demethylate DNA [R-HSA-5221030]	4	0	1	1
missMethyl_gsameth	reactome	hypomethylated	reactome:Synthesis of PIPs at the Golgi membrane [R-HSA-1660514]	18	1	0.97704680458425	1
missMethyl_gsameth	reactome	hypomethylated	reactome:Synthesis of PIPs at the early endosome membrane [R-HSA-1660516]	16	2	0.872651489556821	1
missMethyl_gsameth	reactome	hypomethylated	reactome:Synthesis of PIPs at the late endosome membrane [R-HSA-1660517]	11	2	0.660216689141037	1
missMethyl_gsameth	reactome	hypomethylated	reactome:RUNX1 regulates estrogen receptor mediated transcription [R-HSA-8931987]	6	4	0.0420174585892027	1
missMethyl_gsameth	reactome	hypomethylated	reactome:ARL13B-mediated ciliary trafficking of INPP5E [R-HSA-5624958]	3	0	1	1
missMethyl_gsameth	reactome	hypomethylated	reactome:Initiation of Nuclear Envelope (NE) Reformation [R-HSA-2995383]	19	1	0.980562123984149	1
missMethyl_gsameth	reactome	hypomethylated	reactome:Depolymerization of the Nuclear Lamina [R-HSA-4419969]	15	3	0.648448775552955	1
missMethyl_gsameth	reactome	hypomethylated	reactome:OAS antiviral response [R-HSA-8983711]	9	0	1	1
missMethyl_gsameth	reactome	hypomethylated	reactome:Gluconeogenesis [R-HSA-70263]	25	3	0.857347635019844	1
missMethyl_gsameth	reactome	hypomethylated	reactome:Manipulation of host energy metabolism [R-HSA-9636667]	2	0	1	1
missMethyl_gsameth	reactome	hypomethylated	reactome:Transport of nucleosides and free purine and pyrimidine bases across the plasma membrane [R-HSA-83936]	11	2	0.66044755210323	1
missMethyl_gsameth	reactome	hypomethylated	reactome:PI5P Regulates TP53 Acetylation [R-HSA-6811555]	9	3	0.240893722101085	1
missMethyl_gsameth	reactome	hypomethylated	reactome:RUNX3 regulates p14-ARF [R-HSA-8951936]	9	5	0.108580854018586	1
missMethyl_gsameth	reactome	hypomethylated	reactome:Transcriptional regulation of pluripotent stem cells [R-HSA-452723]	24	7	0.269532325900015	1
missMethyl_gsameth	reactome	hypomethylated	reactome:PTK6 Expression [R-HSA-8849473]	5	1	0.746883953285173	1
missMethyl_gsameth	reactome	hypomethylated	reactome:Pexophagy [R-HSA-9664873]	11	0	1	1
missMethyl_gsameth	reactome	hypomethylated	reactome:POU5F1 (OCT4), SOX2, NANOG activate genes related to proliferation [R-HSA-2892247]	13	4	0.251046128188554	1
missMethyl_gsameth	reactome	hypomethylated	reactome:SUMO is proteolytically processed [R-HSA-3065679]	6	0	1	1
missMethyl_gsameth	reactome	hypomethylated	reactome:Erythropoietin activates Phosphoinositide-3-kinase (PI3K) [R-HSA-9027276]	12	3	0.597192930155175	1
missMethyl_gsameth	reactome	hypomethylated	reactome:Erythropoietin activates Phospholipase C gamma (PLCG) [R-HSA-9027277]	7	1	0.847023612476031	1
missMethyl_gsameth	reactome	hypomethylated	reactome:Erythropoietin activates STAT5 [R-HSA-9027283]	7	1	0.823661162546873	1
missMethyl_gsameth	reactome	hypomethylated	reactome:GRB7 events in ERBB2 signaling [R-HSA-1306955]	5	5	0.00291591561061097	0.369546519987968
missMethyl_gsameth	reactome	hypomethylated	reactome:PKB-mediated events [R-HSA-109703]	2	0	1	1
missMethyl_gsameth	reactome	hypomethylated	reactome:PDE3B signalling [R-HSA-165160]	2	0	1	1
missMethyl_gsameth	reactome	hypomethylated	reactome:Inhibition of TSC complex formation by PKB [R-HSA-165181]	3	0	1	1
missMethyl_gsameth	reactome	hypomethylated	reactome:RUNX1 regulates transcription of genes involved in WNT signaling [R-HSA-8939256]	6	3	0.222409728657203	1
missMethyl_gsameth	reactome	hypomethylated	reactome:Defective ABCA3 causes SMDP3 [R-HSA-5683678]	1	0	0.999999999984964	1
missMethyl_gsameth	reactome	hypomethylated	reactome:Defective ABCA3 causes SMDP3 [R-HSA-5688399]	1	0	0.999999999984964	1
missMethyl_gsameth	reactome	hypomethylated	reactome:Signaling by PDGFR in disease [R-HSA-9671555]	20	4	0.681463000440814	1
missMethyl_gsameth	reactome	hypomethylated	reactome:Signaling by membrane-tethered fusions of PDGFRA or PDGFRB [R-HSA-9673768]	5	1	0.687732521664478	1
missMethyl_gsameth	reactome	hypomethylated	reactome:Scavenging of heme from plasma [R-HSA-2168880]	13	0	1	1
missMethyl_gsameth	reactome	hypomethylated	reactome:Ciprofloxacin ADME [R-HSA-9793528]	5	1	0.51965222491773	1
missMethyl_gsameth	reactome	hypomethylated	reactome:Gamma-carboxylation of protein precursors [R-HSA-159740]	9	5	0.0171870006176894	0.852185817832493
missMethyl_gsameth	reactome	hypomethylated	reactome:Transport of gamma-carboxylated protein precursors from the endoplasmic reticulum to the Golgi apparatus [R-HSA-159763]	8	5	0.0108618462241137	0.716119407820542
missMethyl_gsameth	reactome	hypomethylated	reactome:Removal of aminoterminal propeptides from gamma-carboxylated proteins [R-HSA-159782]	9	6	0.00405228752564114	0.369546519987968
missMethyl_gsameth	reactome	hypomethylated	reactome:Gamma-carboxylation, transport, and amino-terminal cleavage of proteins [R-HSA-159854]	10	6	0.00681852632874218	0.519182076174226
missMethyl_gsameth	reactome	hypomethylated	reactome:Defects of contact activation system (CAS) and kallikrein/kinin system (KKS) [R-HSA-9651496]	16	5	0.210007049662652	1
missMethyl_gsameth	reactome	hypomethylated	reactome:Defective factor XII causes hereditary angioedema [R-HSA-9657688]	3	2	0.0718721469317649	1
missMethyl_gsameth	reactome	hypomethylated	reactome:Defective factor VIII causes hemophilia A [R-HSA-9662001]	7	2	0.566778849158508	1
missMethyl_gsameth	reactome	hypomethylated	reactome:Defective F8 cleavage by thrombin [R-HSA-9672391]	3	1	0.517880028581459	1
missMethyl_gsameth	reactome	hypomethylated	reactome:Linoleic acid (LA) metabolism [R-HSA-2046105]	8	4	0.0614435544845609	1
missMethyl_gsameth	reactome	hypomethylated	reactome:Defective ABCD1 causes ALD [R-HSA-5684045]	1	0	0.99999999998637	1
missMethyl_gsameth	reactome	hypomethylated	reactome:Extrinsic Pathway of Fibrin Clot Formation [R-HSA-140834]	5	2	0.33729872425472	1
missMethyl_gsameth	reactome	hypomethylated	reactome:Defective factor IX causes hemophilia B [R-HSA-9668250]	9	2	0.510020221617858	1
missMethyl_gsameth	reactome	hypomethylated	reactome:Defective factor IX causes thrombophilia [R-HSA-9672383]	3	1	0.546364530104272	1
missMethyl_gsameth	reactome	hypomethylated	reactome:Defective F8 accelerates dissociation of the A2 domain [R-HSA-9672387]	1	0	0.999999999995481	1
missMethyl_gsameth	reactome	hypomethylated	reactome:Defective F8 binding to von Willebrand factor [R-HSA-9672393]	2	0	1	1
missMethyl_gsameth	reactome	hypomethylated	reactome:Defective F8 binding to the cell membrane [R-HSA-9672395]	1	0	0.999999999995481	1
missMethyl_gsameth	reactome	hypomethylated	reactome:Defective cofactor function of FVIIIa variant [R-HSA-9672396]	3	1	0.546364530104272	1
missMethyl_gsameth	reactome	hypomethylated	reactome:Defective F8 secretion [R-HSA-9672397]	1	0	0.999999999995481	1
missMethyl_gsameth	reactome	hypomethylated	reactome:Defective F9 variant does not activate FX [R-HSA-9673202]	3	1	0.546364530104272	1
missMethyl_gsameth	reactome	hypomethylated	reactome:Defective F8 sulfation at Y1699 [R-HSA-9674519]	3	0	1	1
missMethyl_gsameth	reactome	hypomethylated	reactome:Defective F9 secretion [R-HSA-9673218]	1	0	0.999999999984027	1
missMethyl_gsameth	reactome	hypomethylated	reactome:Defective F9 activation [R-HSA-9673221]	6	1	0.661868949158829	1
missMethyl_gsameth	reactome	hypomethylated	reactome:Defective gamma-carboxylation of F9 [R-HSA-9673240]	2	0	1	1
missMethyl_gsameth	reactome	hypomethylated	reactome:Defective SERPING1 causes hereditary angioedema [R-HSA-9657689]	3	2	0.0728883068843536	1
missMethyl_gsameth	reactome	hypomethylated	reactome:Metabolism of serotonin [R-HSA-380612]	2	1	0.267230466666193	1
missMethyl_gsameth	reactome	hypomethylated	reactome:Serotonin clearance from the synaptic cleft [R-HSA-380615]	3	1	0.379049692788499	1
missMethyl_gsameth	reactome	hypomethylated	reactome:Free fatty acids regulate insulin secretion [R-HSA-400451]	11	3	0.324912958319405	1
missMethyl_gsameth	reactome	hypomethylated	reactome:Intracellular metabolism of fatty acids regulates insulin secretion [R-HSA-434313]	3	2	0.0750461703425111	1
missMethyl_gsameth	reactome	hypomethylated	reactome:Tyrosine catabolism [R-HSA-8963684]	5	3	0.0296320646769249	1
missMethyl_gsameth	reactome	hypomethylated	reactome:Phenylalanine and tyrosine metabolism [R-HSA-8963691]	11	3	0.25926900944983	1
missMethyl_gsameth	reactome	hypomethylated	reactome:Interleukin-2 signaling [R-HSA-9020558]	12	0	1	1
missMethyl_gsameth	reactome	hypomethylated	reactome:Vitamin B5 (pantothenate) metabolism [R-HSA-199220]	20	5	0.375176691004552	1
missMethyl_gsameth	reactome	hypomethylated	reactome:TYSND1 cleaves peroxisomal proteins [R-HSA-9033500]	7	1	0.720068656225692	1
missMethyl_gsameth	reactome	hypomethylated	reactome:Role of LAT2/NTAL/LAB on calcium mobilization [R-HSA-2730905]	16	8	0.0210304586910246	0.949935125620009
missMethyl_gsameth	reactome	hypomethylated	reactome:FCGR activation [R-HSA-2029481]	12	3	0.566143736475968	1
missMethyl_gsameth	reactome	hypomethylated	reactome:Pentose phosphate pathway [R-HSA-71336]	14	2	0.682268955996614	1
missMethyl_gsameth	reactome	hypomethylated	reactome:5-Phosphoribose 1-diphosphate biosynthesis [R-HSA-73843]	3	0	1	1
missMethyl_gsameth	reactome	hypomethylated	reactome:SDK interactions [R-HSA-373756]	2	2	0.136704362460518	1
missMethyl_gsameth	reactome	hypomethylated	reactome:Biosynthesis of A2E, implicated in retinal degradation [R-HSA-2466712]	1	0	0.999999999969422	1
missMethyl_gsameth	reactome	hypomethylated	reactome:Class C/3 (Metabotropic glutamate/pheromone receptors) [R-HSA-420499]	39	7	0.784829596819663	1
missMethyl_gsameth	reactome	hypomethylated	reactome:Carnitine synthesis [R-HSA-71262]	4	1	0.459924249074533	1
missMethyl_gsameth	reactome	hypomethylated	reactome:GRB2:SOS provides linkage to MAPK signaling for Integrins [R-HSA-354194]	15	5	0.25959938153727	1
missMethyl_gsameth	reactome	hypomethylated	reactome:Signaling by activated point mutants of FGFR1 [R-HSA-1839122]	11	3	0.378925091126879	1
missMethyl_gsameth	reactome	hypomethylated	reactome:FGFR2 mutant receptor activation [R-HSA-1839126]	33	5	0.788588793602831	1
missMethyl_gsameth	reactome	hypomethylated	reactome:Signaling by activated point mutants of FGFR3 [R-HSA-1839130]	12	2	0.75507003164927	1
missMethyl_gsameth	reactome	hypomethylated	reactome:FGFR3 ligand binding and activation [R-HSA-190239]	13	3	0.528881739424964	1
missMethyl_gsameth	reactome	hypomethylated	reactome:FGFR3b ligand binding and activation [R-HSA-190371]	7	1	0.870828903918449	1
missMethyl_gsameth	reactome	hypomethylated	reactome:FGFR3c ligand binding and activation [R-HSA-190372]	13	3	0.528881739424964	1
missMethyl_gsameth	reactome	hypomethylated	reactome:FGFR2c ligand binding and activation [R-HSA-190375]	13	4	0.285213771210594	1
missMethyl_gsameth	reactome	hypomethylated	reactome:FGFR3 mutant receptor activation [R-HSA-2033514]	12	2	0.75507003164927	1
missMethyl_gsameth	reactome	hypomethylated	reactome:Activated point mutants of FGFR2 [R-HSA-2033519]	17	4	0.48709027122919	1
missMethyl_gsameth	reactome	hypomethylated	reactome:Phospholipase C-mediated cascade: FGFR1 [R-HSA-5654219]	16	3	0.644108616261759	1
missMethyl_gsameth	reactome	hypomethylated	reactome:Phospholipase C-mediated cascade; FGFR2 [R-HSA-5654221]	18	4	0.519921569254472	1
missMethyl_gsameth	reactome	hypomethylated	reactome:Phospholipase C-mediated cascade; FGFR3 [R-HSA-5654227]	13	2	0.781124295885463	1
missMethyl_gsameth	reactome	hypomethylated	reactome:SHC-mediated cascade:FGFR1 [R-HSA-5654688]	21	4	0.673907505416335	1
missMethyl_gsameth	reactome	hypomethylated	reactome:SHC-mediated cascade:FGFR2 [R-HSA-5654699]	23	5	0.56686467277434	1
missMethyl_gsameth	reactome	hypomethylated	reactome:SHC-mediated cascade:FGFR3 [R-HSA-5654704]	18	3	0.783970537422097	1
missMethyl_gsameth	reactome	hypomethylated	reactome:Signaling by FGFR2 IIIa TM [R-HSA-8851708]	19	3	0.744313890391648	1
missMethyl_gsameth	reactome	hypomethylated	reactome:Formation of the posterior neural plate [R-HSA-9832991]	10	2	0.721828021960825	1
missMethyl_gsameth	reactome	hypomethylated	reactome:Regulation of gene expression in early pancreatic precursor cells [R-HSA-210747]	8	1	0.930694677087629	1
missMethyl_gsameth	reactome	hypomethylated	reactome:Signaling by FGFR1 amplification mutants [R-HSA-1839120]	1	0	0.999999999955505	1
missMethyl_gsameth	reactome	hypomethylated	reactome:FGFR1c and Klotho ligand binding and activation [R-HSA-190374]	3	1	0.54202062479662	1
missMethyl_gsameth	reactome	hypomethylated	reactome:Epithelial-Mesenchymal Transition (EMT) during gastrulation [R-HSA-9758919]	4	1	0.70516381107911	1
missMethyl_gsameth	reactome	hypomethylated	reactome:t(4;14) translocations of FGFR3 [R-HSA-2033515]	1	0	0.999999999988653	1
missMethyl_gsameth	reactome	hypomethylated	reactome:Signaling by FGFR3 fusions in cancer [R-HSA-8853334]	1	0	0.999999999988653	1
missMethyl_gsameth	reactome	hypomethylated	reactome:Signaling by FGFR2 amplification mutants [R-HSA-2023837]	1	1	0.358822307850538	1
missMethyl_gsameth	reactome	hypomethylated	reactome:Signaling by FGFR2 fusions [R-HSA-8853333]	1	1	0.358822307850538	1
missMethyl_gsameth	reactome	hypomethylated	reactome:FGFR4 mutant receptor activation [R-HSA-1839128]	1	0	0.999999999996351	1
missMethyl_gsameth	reactome	hypomethylated	reactome:VEGF ligand-receptor interactions [R-HSA-194313]	8	3	0.231201738113892	1
missMethyl_gsameth	reactome	hypomethylated	reactome:VEGF binds to VEGFR leading to receptor dimerization [R-HSA-195399]	8	3	0.231201738113892	1
missMethyl_gsameth	reactome	hypomethylated	reactome:Calcineurin activates NFAT [R-HSA-2025928]	11	2	0.754425748404511	1
missMethyl_gsameth	reactome	hypomethylated	reactome:TGF-beta receptor signaling in EMT (epithelial to mesenchymal transition) [R-HSA-2173791]	16	5	0.249103184215555	1
missMethyl_gsameth	reactome	hypomethylated	reactome:Signaling by TGF-beta Receptor Complex in Cancer [R-HSA-3304351]	8	2	0.527352710509198	1
missMethyl_gsameth	reactome	hypomethylated	reactome:Loss of Function of TGFBR1 in Cancer [R-HSA-3656534]	7	2	0.478927049038394	1
missMethyl_gsameth	reactome	hypomethylated	reactome:TGFBR1 LBD Mutants in Cancer [R-HSA-3656535]	4	0	1	1
missMethyl_gsameth	reactome	hypomethylated	reactome:RAF activation [R-HSA-5673000]	36	5	0.928876511162641	1
missMethyl_gsameth	reactome	hypomethylated	reactome:Signaling by MRAS-complex mutants [R-HSA-9660537]	8	1	0.808094496665399	1
missMethyl_gsameth	reactome	hypomethylated	reactome:SHOC2 M1731 mutant abolishes MRAS complex function [R-HSA-9726840]	8	1	0.808094496665399	1
missMethyl_gsameth	reactome	hypomethylated	reactome:Gain-of-function MRAS complexes activate RAF signaling [R-HSA-9726842]	8	1	0.808094496665399	1
missMethyl_gsameth	reactome	hypomethylated	reactome:Interaction between PHLDA1 and AURKA [R-HSA-8854521]	2	0	1	1
missMethyl_gsameth	reactome	hypomethylated	reactome:Defective DOLK causes DOLK-CDG [R-HSA-4755583]	1	0	1.00000000004233	1
missMethyl_gsameth	reactome	hypomethylated	reactome:The NLRP1 inflammasome [R-HSA-844455]	3	1	0.554505171474573	1
missMethyl_gsameth	reactome	hypomethylated	reactome:Hereditary fructose intolerance [R-HSA-5657560]	1	0	1.00000000000066	1
missMethyl_gsameth	reactome	hypomethylated	reactome:Formation of apoptosome [R-HSA-111458]	11	0	1	1
missMethyl_gsameth	reactome	hypomethylated	reactome:Cytochrome c-mediated apoptotic response [R-HSA-111461]	13	0	1	1
missMethyl_gsameth	reactome	hypomethylated	reactome:Regulation of the apoptosome activity [R-HSA-9627069]	11	0	1	1
missMethyl_gsameth	reactome	hypomethylated	reactome:RHOT2 GTPase cycle [R-HSA-9013419]	7	3	0.129728634322094	1
missMethyl_gsameth	reactome	hypomethylated	reactome:RHOT1 GTPase cycle [R-HSA-9013425]	5	3	0.0418089526129972	1
missMethyl_gsameth	reactome	hypomethylated	reactome:Miro GTPase Cycle [R-HSA-9715370]	8	3	0.17115899967261	1
missMethyl_gsameth	reactome	hypomethylated	reactome:Synthesis of PIPs at the ER membrane [R-HSA-1483248]	5	0	1	1
missMethyl_gsameth	reactome	hypomethylated	reactome:Abortive elongation of HIV-1 transcript in the absence of Tat [R-HSA-167242]	23	1	0.992931479858566	1
missMethyl_gsameth	reactome	hypomethylated	reactome:FGFR2 alternative splicing [R-HSA-6803529]	26	2	0.972744474264005	1
missMethyl_gsameth	reactome	hypomethylated	reactome:Protein repair [R-HSA-5676934]	6	1	0.734925793049914	1
missMethyl_gsameth	reactome	hypomethylated	reactome:RPIA deficiency: failed conversion of R5P to RU5P [R-HSA-5659996]	1	0	0.999999999994463	1
missMethyl_gsameth	reactome	hypomethylated	reactome:RPIA deficiency: failed conversion of RU5P to R5P [R-HSA-6791461]	1	0	0.999999999994463	1
missMethyl_gsameth	reactome	hypomethylated	reactome:Pentose phosphate pathway disease [R-HSA-6791465]	2	0	1	1
missMethyl_gsameth	reactome	hypomethylated	reactome:Formation of lateral plate mesoderm [R-HSA-9758920]	5	0	1	1
missMethyl_gsameth	reactome	hypomethylated	reactome:Regulation of CDH11 gene transcription [R-HSA-9762293]	9	2	0.681996102791903	1
missMethyl_gsameth	reactome	hypomethylated	reactome:Signaling by LRP5 mutants [R-HSA-5339717]	6	1	0.742540705731718	1
missMethyl_gsameth	reactome	hypomethylated	reactome:Synthesis of Lipoxins (LX) [R-HSA-2142700]	6	0	1	1
missMethyl_gsameth	reactome	hypomethylated	reactome:Elevation of cytosolic Ca2+ levels [R-HSA-139853]	16	2	0.908170006429571	1
missMethyl_gsameth	reactome	hypomethylated	reactome:Platelet calcium homeostasis [R-HSA-418360]	30	7	0.651142997404799	1
missMethyl_gsameth	reactome	hypomethylated	reactome:Toxicity of botulinum toxin type D (botD) [R-HSA-5250955]	5	2	0.296638761439795	1
missMethyl_gsameth	reactome	hypomethylated	reactome:Toxicity of botulinum toxin type A (botA) [R-HSA-5250968]	4	3	0.0506350623513231	1
missMethyl_gsameth	reactome	hypomethylated	reactome:Toxicity of botulinum toxin type F (botF) [R-HSA-5250981]	5	2	0.296638761439795	1
missMethyl_gsameth	reactome	hypomethylated	reactome:Fructose biosynthesis [R-HSA-5652227]	2	0	1	1
missMethyl_gsameth	reactome	hypomethylated	reactome:Scavenging by Class H Receptors [R-HSA-3000497]	4	1	0.618153097496021	1
missMethyl_gsameth	reactome	hypomethylated	reactome:Formation of the active cofactor, UDP-glucuronate [R-HSA-173599]	3	1	0.539533033380204	1
missMethyl_gsameth	reactome	hypomethylated	reactome:Defective SLC35D1 causes SCHBCKD [R-HSA-5579020]	1	1	0.175576200895573	1
missMethyl_gsameth	reactome	hypomethylated	reactome:Maturation of spike protein [R-HSA-9683686]	5	0	1	1
missMethyl_gsameth	reactome	hypomethylated	reactome:Neurophilin interactions with VEGF and VEGFR [R-HSA-194306]	4	3	0.0813622131600495	1
missMethyl_gsameth	reactome	hypomethylated	reactome:STAT5 Activation [R-HSA-9645135]	7	2	0.444389827309562	1
missMethyl_gsameth	reactome	hypomethylated	reactome:Drug resistance of FLT3 mutants [R-HSA-9702506]	1	0	0.9999999999835	1
missMethyl_gsameth	reactome	hypomethylated	reactome:FLT3 mutants bind TKIs [R-HSA-9702509]	1	0	0.9999999999835	1
missMethyl_gsameth	reactome	hypomethylated	reactome:KW2449-resistant FLT3 mutants [R-HSA-9702569]	1	0	0.9999999999835	1
missMethyl_gsameth	reactome	hypomethylated	reactome:semaxanib-resistant FLT3 mutants [R-HSA-9702577]	1	0	0.9999999999835	1
missMethyl_gsameth	reactome	hypomethylated	reactome:crenolanib-resistant FLT3 mutants [R-HSA-9702581]	1	0	0.9999999999835	1
missMethyl_gsameth	reactome	hypomethylated	reactome:gilteritinib-resistant FLT3 mutants [R-HSA-9702590]	1	0	0.9999999999835	1
missMethyl_gsameth	reactome	hypomethylated	reactome:lestaurtinib-resistant FLT3 mutants [R-HSA-9702596]	1	0	0.9999999999835	1
missMethyl_gsameth	reactome	hypomethylated	reactome:midostaurin-resistant FLT3 mutants [R-HSA-9702600]	1	0	0.9999999999835	1
missMethyl_gsameth	reactome	hypomethylated	reactome:pexidartinib-resistant FLT3 mutants [R-HSA-9702605]	1	0	0.9999999999835	1
missMethyl_gsameth	reactome	hypomethylated	reactome:ponatinib-resistant FLT3 mutants [R-HSA-9702614]	1	0	0.9999999999835	1
missMethyl_gsameth	reactome	hypomethylated	reactome:quizartinib-resistant FLT3 mutants [R-HSA-9702620]	1	0	0.9999999999835	1
missMethyl_gsameth	reactome	hypomethylated	reactome:sorafenib-resistant FLT3 mutants [R-HSA-9702624]	1	0	0.9999999999835	1
missMethyl_gsameth	reactome	hypomethylated	reactome:sunitinib-resistant FLT3 mutants [R-HSA-9702632]	1	0	0.9999999999835	1
missMethyl_gsameth	reactome	hypomethylated	reactome:tandutinib-resistant FLT3 mutants [R-HSA-9702636]	1	0	0.9999999999835	1
missMethyl_gsameth	reactome	hypomethylated	reactome:linifanib-resistant FLT3 mutants [R-HSA-9702998]	1	0	0.9999999999835	1
missMethyl_gsameth	reactome	hypomethylated	reactome:tamatinib-resistant FLT3 mutants [R-HSA-9703009]	1	0	0.9999999999835	1
missMethyl_gsameth	reactome	hypomethylated	reactome:FLT3 signaling through SRC family kinases [R-HSA-9706374]	6	1	0.755230845623515	1
missMethyl_gsameth	reactome	hypomethylated	reactome:FLT3 signaling by CBL mutants [R-HSA-9706377]	7	0	1	1
missMethyl_gsameth	reactome	hypomethylated	reactome:Fatty Acids bound to GPR40 (FFAR1) regulate insulin secretion [R-HSA-434316]	8	1	0.811140779208197	1
missMethyl_gsameth	reactome	hypomethylated	reactome:FMO oxidises nucleophiles [R-HSA-217271]	3	2	0.0673371284730596	1
missMethyl_gsameth	reactome	hypomethylated	reactome:Defective FMO3 causes TMAU [R-HSA-5579019]	1	1	0.174002828814693	1
missMethyl_gsameth	reactome	hypomethylated	reactome:Lysosomal oligosaccharide catabolism [R-HSA-8853383]	4	0	1	1
missMethyl_gsameth	reactome	hypomethylated	reactome:Inactivation of CDC42 and RAC1 [R-HSA-428543]	7	3	0.298137371879159	1
missMethyl_gsameth	reactome	hypomethylated	reactome:Bicarbonate transporters [R-HSA-425381]	10	4	0.142320683349375	1
missMethyl_gsameth	reactome	hypomethylated	reactome:Regulated proteolysis of p75NTR [R-HSA-193692]	11	1	0.863058100644259	1
missMethyl_gsameth	reactome	hypomethylated	reactome:NRIF signals cell death from the nucleus [R-HSA-205043]	16	1	0.955469449748537	1
missMethyl_gsameth	reactome	hypomethylated	reactome:Noncanonical activation of NOTCH3 [R-HSA-9017802]	8	0	1	1
missMethyl_gsameth	reactome	hypomethylated	reactome:TGFBR3 PTM regulation [R-HSA-9839383]	11	1	0.927840430749354	1
missMethyl_gsameth	reactome	hypomethylated	reactome:tRNA-derived small RNA (tsRNA or tRNA-related fragment, tRF) biogenesis [R-HSA-9708296]	3	1	0.491980090892121	1
missMethyl_gsameth	reactome	hypomethylated	reactome:Defective SLC35A3 causes arthrogryposis, mental retardation, and seizures (AMRS) [R-HSA-5619083]	1	1	0.191557217696487	1
missMethyl_gsameth	reactome	hypomethylated	reactome:Maturation of replicase proteins [R-HSA-9694301]	1	0	0.999999999985946	1
missMethyl_gsameth	reactome	hypomethylated	reactome:Pre-NOTCH Processing in the Endoplasmic Reticulum [R-HSA-1912399]	6	1	0.829849290144608	1
missMethyl_gsameth	reactome	hypomethylated	reactome:Zinc influx into cells by the SLC39 gene family [R-HSA-442380]	10	0	1	1
missMethyl_gsameth	reactome	hypomethylated	reactome:Formation of Senescence-Associated Heterochromatin Foci (SAHF) [R-HSA-2559584]	16	2	0.86059209144356	1
missMethyl_gsameth	reactome	hypomethylated	reactome:Synthesis of glycosylphosphatidylinositol (GPI) [R-HSA-162710]	18	0	1	1
missMethyl_gsameth	reactome	hypomethylated	reactome:Formyl peptide receptors bind formyl peptides and many other ligands [R-HSA-444473]	8	3	0.132371577256338	1
missMethyl_gsameth	reactome	hypomethylated	reactome:Displacement of DNA glycosylase by APEX1 [R-HSA-110357]	9	0	1	1
missMethyl_gsameth	reactome	hypomethylated	reactome:E2F-enabled inhibition of pre-replication complex formation [R-HSA-113507]	9	0	1	1
missMethyl_gsameth	reactome	hypomethylated	reactome:CDC6 association with the ORC:origin complex [R-HSA-68689]	8	0	1	1
missMethyl_gsameth	reactome	hypomethylated	reactome:Nephrin family interactions [R-HSA-373753]	23	7	0.383735879057561	1
missMethyl_gsameth	reactome	hypomethylated	reactome:DNA replication initiation [R-HSA-68952]	8	1	0.815904798284776	1
missMethyl_gsameth	reactome	hypomethylated	reactome:Nectin/Necl  trans heterodimerization [R-HSA-420597]	7	4	0.0506390471842411	1
missMethyl_gsameth	reactome	hypomethylated	reactome:PI and PC transport between ER and Golgi membranes [R-HSA-1483196]	1	0	1.00000000000762	1
missMethyl_gsameth	reactome	hypomethylated	reactome:Drug resistance of ALK mutants [R-HSA-9700649]	1	1	0.344379907233409	1
missMethyl_gsameth	reactome	hypomethylated	reactome:ASP-3026-resistant ALK mutants [R-HSA-9717264]	1	1	0.344379907233409	1
missMethyl_gsameth	reactome	hypomethylated	reactome:NVP-TAE684-resistant ALK mutants [R-HSA-9717301]	1	1	0.344379907233409	1
missMethyl_gsameth	reactome	hypomethylated	reactome:alectinib-resistant ALK mutants [R-HSA-9717316]	1	1	0.344379907233409	1
missMethyl_gsameth	reactome	hypomethylated	reactome:brigatinib-resistant ALK mutants [R-HSA-9717319]	1	1	0.344379907233409	1
missMethyl_gsameth	reactome	hypomethylated	reactome:ceritinib-resistant ALK mutants [R-HSA-9717323]	1	1	0.344379907233409	1
missMethyl_gsameth	reactome	hypomethylated	reactome:crizotinib-resistant ALK mutants [R-HSA-9717326]	1	1	0.344379907233409	1
missMethyl_gsameth	reactome	hypomethylated	reactome:lorlatinib-resistant ALK mutants [R-HSA-9717329]	1	1	0.344379907233409	1
missMethyl_gsameth	reactome	hypomethylated	reactome:MDK and PTN in ALK signaling [R-HSA-9851151]	4	3	0.0538271722729138	1
missMethyl_gsameth	reactome	hypomethylated	reactome:Synthesis of Hepoxilins (HX) and Trioxilins (TrX) [R-HSA-2142696]	1	0	0.999999999988175	1
missMethyl_gsameth	reactome	hypomethylated	reactome:Synthesis of 12-eicosatetraenoic acid derivatives [R-HSA-2142712]	7	0	1	1
missMethyl_gsameth	reactome	hypomethylated	reactome:Biosynthesis of DPA-derived SPMs [R-HSA-9018683]	4	1	0.670358703807457	1
missMethyl_gsameth	reactome	hypomethylated	reactome:Biosynthesis of DPAn-3 SPMs [R-HSA-9025094]	4	1	0.670358703807457	1
missMethyl_gsameth	reactome	hypomethylated	reactome:Biosynthesis of DPAn-6 SPMs [R-HSA-9025106]	2	0	1	1
missMethyl_gsameth	reactome	hypomethylated	reactome:Biosynthesis of DPAn-3-derived maresins [R-HSA-9026290]	2	0	1	1
missMethyl_gsameth	reactome	hypomethylated	reactome:Synthesis of 5-eicosatetraenoic acids [R-HSA-2142688]	9	2	0.59199845930043	1
missMethyl_gsameth	reactome	hypomethylated	reactome:Biosynthesis of D-series resolvins [R-HSA-9018676]	4	0	1	1
missMethyl_gsameth	reactome	hypomethylated	reactome:Biosynthesis of EPA-derived SPMs [R-HSA-9018679]	6	1	0.732139464130047	1
missMethyl_gsameth	reactome	hypomethylated	reactome:Biosynthesis of E-series 18(S)-resolvins [R-HSA-9018896]	5	0	1	1
missMethyl_gsameth	reactome	hypomethylated	reactome:Biosynthesis of aspirin-triggered D-series resolvins [R-HSA-9020265]	3	0	1	1
missMethyl_gsameth	reactome	hypomethylated	reactome:Biosynthesis of E-series 18(R)-resolvins [R-HSA-9023661]	4	0	1	1
missMethyl_gsameth	reactome	hypomethylated	reactome:Biosynthesis of DPAn-3-derived protectins and resolvins [R-HSA-9026286]	2	0	1	1
missMethyl_gsameth	reactome	hypomethylated	reactome:Biosynthesis of DPAn-3-derived 13-series resolvins [R-HSA-9026403]	1	0	0.999999999988881	1
missMethyl_gsameth	reactome	hypomethylated	reactome:Biosynthesis of electrophilic -3 PUFA oxo-derivatives [R-HSA-9027604]	2	1	0.451926334837401	1
missMethyl_gsameth	reactome	hypomethylated	reactome:Toxicity of tetanus toxin (tetX) [R-HSA-5250982]	1	0	0.99999999997635	1
missMethyl_gsameth	reactome	hypomethylated	reactome:Synthesis of 15-eicosatetraenoic acid derivatives [R-HSA-2142770]	6	1	0.674665212608979	1
missMethyl_gsameth	reactome	hypomethylated	reactome:Defective SLC17A8 causes autosomal dominant deafness 25 (DFNA25) [R-HSA-5619076]	1	0	0.999999999961314	1
missMethyl_gsameth	reactome	hypomethylated	reactome:ABO blood group biosynthesis [R-HSA-9033807]	3	1	0.373328364150439	1
missMethyl_gsameth	reactome	hypomethylated	reactome:Glycosphingolipid biosynthesis [R-HSA-9840309]	19	3	0.79906514409048	1
missMethyl_gsameth	reactome	hypomethylated	reactome:Generation of second messenger molecules [R-HSA-202433]	32	8	0.557885358139789	1
missMethyl_gsameth	reactome	hypomethylated	reactome:PECAM1 interactions [R-HSA-210990]	12	3	0.574104710772631	1
missMethyl_gsameth	reactome	hypomethylated	reactome:CD28 dependent Vav1 pathway [R-HSA-389359]	12	5	0.123980770944525	1
missMethyl_gsameth	reactome	hypomethylated	reactome:Signaling by KIT in disease [R-HSA-9669938]	20	5	0.576964927969096	1
missMethyl_gsameth	reactome	hypomethylated	reactome:Signaling by phosphorylated juxtamembrane, extracellular and kinase domain KIT mutants [R-HSA-9670439]	20	5	0.576964927969096	1
missMethyl_gsameth	reactome	hypomethylated	reactome:Synthesis of IPs in the nucleus [R-HSA-1855191]	4	0	1	1
missMethyl_gsameth	reactome	hypomethylated	reactome:Acyl chain remodeling of CL [R-HSA-1482798]	6	2	0.339231880521092	1
missMethyl_gsameth	reactome	hypomethylated	reactome:Glycogen storage diseases [R-HSA-3229121]	16	1	0.945019996941209	1
missMethyl_gsameth	reactome	hypomethylated	reactome:Glycogen storage disease type Ia (G6PC) [R-HSA-3274531]	1	1	0.164039654534465	1
missMethyl_gsameth	reactome	hypomethylated	reactome:Glycogen storage disease type Ib (SLC37A4) [R-HSA-3229133]	1	0	0.999999999987575	1
missMethyl_gsameth	reactome	hypomethylated	reactome:Glycogen storage disease type II (GAA) [R-HSA-5357609]	2	0	1	1
missMethyl_gsameth	reactome	hypomethylated	reactome:MET activates PI3K/AKT signaling [R-HSA-8851907]	6	2	0.471892607368059	1
missMethyl_gsameth	reactome	hypomethylated	reactome:MET activates PTPN11 [R-HSA-8865999]	5	1	0.746368283469949	1
missMethyl_gsameth	reactome	hypomethylated	reactome:Activated NTRK2 signals through PI3K [R-HSA-9028335]	7	2	0.574320960302475	1
missMethyl_gsameth	reactome	hypomethylated	reactome:Synthesis of dolichyl-phosphate-glucose [R-HSA-480985]	2	0	1	1
missMethyl_gsameth	reactome	hypomethylated	reactome:GABA synthesis [R-HSA-888568]	2	1	0.509445755526359	1
missMethyl_gsameth	reactome	hypomethylated	reactome:MECP2 regulates transcription of genes involved in GABA signaling [R-HSA-9022927]	3	1	0.589495156532135	1
missMethyl_gsameth	reactome	hypomethylated	reactome:Defective GALE causes EDG [R-HSA-5609977]	1	0	0.999999999995708	1
missMethyl_gsameth	reactome	hypomethylated	reactome:Galactose catabolism [R-HSA-70370]	4	0	1	1
missMethyl_gsameth	reactome	hypomethylated	reactome:tRNA modification in the mitochondrion [R-HSA-6787450]	9	0	1	1
missMethyl_gsameth	reactome	hypomethylated	reactome:Defective GALK1 causes GALCT2 [R-HSA-5609976]	1	0	0.999999999999184	1
missMethyl_gsameth	reactome	hypomethylated	reactome:MPS IV - Morquio syndrome A [R-HSA-2206290]	1	0	1.00000000000228	1
missMethyl_gsameth	reactome	hypomethylated	reactome:Translesion Synthesis by POLH [R-HSA-110320]	19	1	0.97418928386618	1
missMethyl_gsameth	reactome	hypomethylated	reactome:Defective GALT can cause GALCT [R-HSA-5609978]	1	0	1.00000000001502	1
missMethyl_gsameth	reactome	hypomethylated	reactome:Signaling by NTRK3 (TRKC) [R-HSA-9034015]	17	5	0.438004511900063	1
missMethyl_gsameth	reactome	hypomethylated	reactome:NTRK3 as a dependence receptor [R-HSA-9603505]	3	1	0.499300790589854	1
missMethyl_gsameth	reactome	hypomethylated	reactome:Formation of the anterior neural plate [R-HSA-9823739]	11	2	0.796722897297346	1
missMethyl_gsameth	reactome	hypomethylated	reactome:Phenylalanine metabolism [R-HSA-8964208]	6	0	1	1
missMethyl_gsameth	reactome	hypomethylated	reactome:Loss of function of MECP2 in Rett syndrome [R-HSA-9005891]	14	3	0.61741524442305	1
missMethyl_gsameth	reactome	hypomethylated	reactome:Pervasive developmental disorders [R-HSA-9005895]	14	3	0.61741524442305	1
missMethyl_gsameth	reactome	hypomethylated	reactome:Loss of MECP2 binding ability to 5mC-DNA [R-HSA-9022538]	3	1	0.540937798768587	1
missMethyl_gsameth	reactome	hypomethylated	reactome:Disorders of Developmental Biology [R-HSA-9675151]	14	3	0.61741524442305	1
missMethyl_gsameth	reactome	hypomethylated	reactome:Disorders of Nervous System Development [R-HSA-9697154]	14	3	0.61741524442305	1
missMethyl_gsameth	reactome	hypomethylated	reactome:Signaling by Leptin [R-HSA-2586552]	11	1	0.945432381149582	1
missMethyl_gsameth	reactome	hypomethylated	reactome:Defective MMADHC causes MMAHCD [R-HSA-3359473]	2	0	1	1
missMethyl_gsameth	reactome	hypomethylated	reactome:Defective MMACHC causes MAHCC [R-HSA-3359474]	1	0	1.00000000001607	1
missMethyl_gsameth	reactome	hypomethylated	reactome:Plasmalogen biosynthesis [R-HSA-75896]	3	0	1	1
missMethyl_gsameth	reactome	hypomethylated	reactome:Golgi Cisternae Pericentriolar Stack Reorganization [R-HSA-162658]	14	1	0.925451708428027	1
missMethyl_gsameth	reactome	hypomethylated	reactome:Chylomicron clearance [R-HSA-8964026]	5	1	0.75903524746407	1
missMethyl_gsameth	reactome	hypomethylated	reactome:Transport of RCbl within the body [R-HSA-9758890]	8	1	0.834528673371862	1
missMethyl_gsameth	reactome	hypomethylated	reactome:Defective ABCA12 causes ARCI4B [R-HSA-5682294]	1	0	1.00000000000085	1
missMethyl_gsameth	reactome	hypomethylated	reactome:Ligand-receptor interactions [R-HSA-5632681]	8	0	1	1
missMethyl_gsameth	reactome	hypomethylated	reactome:Translocation of ZAP-70 to Immunological synapse [R-HSA-202430]	17	4	0.757606115690736	1
missMethyl_gsameth	reactome	hypomethylated	reactome:Sodium-coupled sulphate, di- and tri-carboxylate transporters [R-HSA-433137]	5	2	0.170850963581154	1
missMethyl_gsameth	reactome	hypomethylated	reactome:Phosphorylation of Emi1 [R-HSA-176417]	6	0	1	1
missMethyl_gsameth	reactome	hypomethylated	reactome:Mitotic Metaphase/Anaphase Transition [R-HSA-68881]	2	0	1	1
missMethyl_gsameth	reactome	hypomethylated	reactome:Glycogen synthesis [R-HSA-3322077]	14	0	1	1
missMethyl_gsameth	reactome	hypomethylated	reactome:Glycogen storage disease type IV (GBE1) [R-HSA-3878781]	3	0	1	1
missMethyl_gsameth	reactome	hypomethylated	reactome:Defective GCK causes maturity-onset diabetes of the young 2 (MODY2) [R-HSA-5619073]	1	0	1.00000000000739	1
missMethyl_gsameth	reactome	hypomethylated	reactome:Defective SLC17A5 causes Salla disease (SD) and ISSD [R-HSA-5619035]	1	0	0.99999999999673	1
missMethyl_gsameth	reactome	hypomethylated	reactome:Interleukin-36 pathway [R-HSA-9014826]	7	1	0.71488670510806	1
missMethyl_gsameth	reactome	hypomethylated	reactome:Defective GFPT1 causes CMSTA1 [R-HSA-4085023]	1	0	0.999999999964963	1
missMethyl_gsameth	reactome	hypomethylated	reactome:Synthesis of UDP-N-acetyl-glucosamine [R-HSA-446210]	8	1	0.775710254896425	1
missMethyl_gsameth	reactome	hypomethylated	reactome:Defective GGT1 causes GLUTH [R-HSA-5579022]	1	0	0.999999999979925	1
missMethyl_gsameth	reactome	hypomethylated	reactome:Defective GGT1 in aflatoxin detoxification causes GLUTH [R-HSA-9035968]	1	0	0.999999999979925	1
missMethyl_gsameth	reactome	hypomethylated	reactome:Defective B4GALT1 causes CDG-2d [R-HSA-4793953]	1	0	0.999999999994356	1
missMethyl_gsameth	reactome	hypomethylated	reactome:Lactose synthesis [R-HSA-5653890]	3	1	0.514497430407315	1
missMethyl_gsameth	reactome	hypomethylated	reactome:Defective OPLAH causes OPLAHD [R-HSA-5578998]	1	0	1.00000000000468	1
missMethyl_gsameth	reactome	hypomethylated	reactome:Defective CBLIF causes IFD [R-HSA-3359457]	1	0	1.00000000000451	1
missMethyl_gsameth	reactome	hypomethylated	reactome:Defective AMN causes MGA1 [R-HSA-3359462]	3	1	0.535463837634909	1
missMethyl_gsameth	reactome	hypomethylated	reactome:Defective CUBN causes MGA1 [R-HSA-3359463]	3	1	0.535463837634909	1
missMethyl_gsameth	reactome	hypomethylated	reactome:Oligomerization of connexins into connexons [R-HSA-190704]	3	0	1	1
missMethyl_gsameth	reactome	hypomethylated	reactome:Transport of connexins along the secretory pathway [R-HSA-190827]	3	0	1	1
missMethyl_gsameth	reactome	hypomethylated	reactome:Regulation of gap junction activity [R-HSA-191650]	3	1	0.585001669618174	1
missMethyl_gsameth	reactome	hypomethylated	reactome:SARS-CoV-2 targets PDZ proteins in cell-cell junction [R-HSA-9705677]	4	2	0.151466069407858	1
missMethyl_gsameth	reactome	hypomethylated	reactome:NADE modulates death signalling [R-HSA-205025]	6	1	0.727104371837167	1
missMethyl_gsameth	reactome	hypomethylated	reactome:Pyrophosphate hydrolysis [R-HSA-71737]	3	0	1	1
missMethyl_gsameth	reactome	hypomethylated	reactome:Synthesis of IP2, IP, and Ins in the cytosol [R-HSA-1855183]	14	4	0.372251007154422	1
missMethyl_gsameth	reactome	hypomethylated	reactome:Glutamate and glutamine metabolism [R-HSA-8964539]	14	1	0.928967092221204	1
missMethyl_gsameth	reactome	hypomethylated	reactome:Hydroxycarboxylic acid-binding receptors [R-HSA-3296197]	3	0	1	1
missMethyl_gsameth	reactome	hypomethylated	reactome:MPS IV - Morquio syndrome B [R-HSA-2206308]	1	0	0.999999999994912	1
missMethyl_gsameth	reactome	hypomethylated	reactome:Defective NEU1 causes sialidosis [R-HSA-4341670]	3	0	1	1
missMethyl_gsameth	reactome	hypomethylated	reactome:Defective GCLC causes HAGGSD [R-HSA-5578999]	2	1	0.347501538551545	1
missMethyl_gsameth	reactome	hypomethylated	reactome:RSK activation [R-HSA-444257]	7	2	0.49961324350364	1
missMethyl_gsameth	reactome	hypomethylated	reactome:GLI proteins bind promoters of Hh responsive genes to promote transcription [R-HSA-5635851]	3	3	0.0283988984333305	1
missMethyl_gsameth	reactome	hypomethylated	reactome:RUNX2 regulates chondrocyte maturation [R-HSA-8941284]	5	4	0.0371286333699066	1
missMethyl_gsameth	reactome	hypomethylated	reactome:Neurotransmitter uptake and metabolism In glial cells [R-HSA-112313]	4	3	0.0861553381327238	1
missMethyl_gsameth	reactome	hypomethylated	reactome:Astrocytic Glutamate-Glutamine Uptake And Metabolism [R-HSA-210455]	4	3	0.0861553381327238	1
missMethyl_gsameth	reactome	hypomethylated	reactome:MPS IIID - Sanfilippo syndrome D [R-HSA-2206305]	1	0	1.00000000001511	1
missMethyl_gsameth	reactome	hypomethylated	reactome:Methionine salvage pathway [R-HSA-1237112]	6	0	1	1
missMethyl_gsameth	reactome	hypomethylated	reactome:Defective SLCO1B3 causes hyperbilirubinemia, Rotor type (HBLRR) [R-HSA-5619058]	1	1	0.173786099716392	1
missMethyl_gsameth	reactome	hypomethylated	reactome:Passive transport by Aquaporins [R-HSA-432047]	13	0	1	1
missMethyl_gsameth	reactome	hypomethylated	reactome:Defective SLC24A5 causes oculocutaneous albinism 6 (OCA6) [R-HSA-5619036]	1	0	1.00000000001148	1
missMethyl_gsameth	reactome	hypomethylated	reactome:Tie2 Signaling [R-HSA-210993]	18	5	0.327753835903257	1
missMethyl_gsameth	reactome	hypomethylated	reactome:Negative regulation of activity of TFAP2 (AP-2) family transcription factors [R-HSA-8866904]	10	4	0.311852035392811	1
missMethyl_gsameth	reactome	hypomethylated	reactome:Scavenging by Class B Receptors [R-HSA-3000471]	6	3	0.1523104052079	1
missMethyl_gsameth	reactome	hypomethylated	reactome:Regulation of FZD by ubiquitination [R-HSA-4641263]	21	5	0.504745275656346	1
missMethyl_gsameth	reactome	hypomethylated	reactome:Defective SLC9A9 causes autism 16 (AUTS16) [R-HSA-5619052]	1	1	0.270741922746451	1
missMethyl_gsameth	reactome	hypomethylated	reactome:Free fatty acid receptors [R-HSA-444209]	5	1	0.60330323934131	1
missMethyl_gsameth	reactome	hypomethylated	reactome:Loss of MECP2 binding ability to the NCoR/SMRT complex [R-HSA-9022537]	7	1	0.82872026453739	1
missMethyl_gsameth	reactome	hypomethylated	reactome:Alanine metabolism [R-HSA-8964540]	2	0	1	1
missMethyl_gsameth	reactome	hypomethylated	reactome:SOS-mediated signalling [R-HSA-112412]	7	1	0.87997497598514	1
missMethyl_gsameth	reactome	hypomethylated	reactome:SHC-related events triggered by IGF1R [R-HSA-2428933]	9	4	0.171187762151627	1
missMethyl_gsameth	reactome	hypomethylated	reactome:Signal attenuation [R-HSA-74749]	10	3	0.508056046137633	1
missMethyl_gsameth	reactome	hypomethylated	reactome:Interleukin-15 signaling [R-HSA-8983432]	14	3	0.647506056010824	1
missMethyl_gsameth	reactome	hypomethylated	reactome:Activated NTRK2 signals through RAS [R-HSA-9026519]	9	1	0.906968903971924	1
missMethyl_gsameth	reactome	hypomethylated	reactome:Activated NTRK3 signals through RAS [R-HSA-9034864]	8	3	0.343578217449643	1
missMethyl_gsameth	reactome	hypomethylated	reactome:Signaling by PDGFRA transmembrane, juxtamembrane and kinase domain mutants [R-HSA-9673767]	12	3	0.604732556189286	1
missMethyl_gsameth	reactome	hypomethylated	reactome:Signaling by PDGFRA extracellular domain mutants [R-HSA-9673770]	12	3	0.604732556189286	1
missMethyl_gsameth	reactome	hypomethylated	reactome:IRS activation [R-HSA-74713]	5	2	0.48216466025619	1
missMethyl_gsameth	reactome	hypomethylated	reactome:Activation of AMPA receptors [R-HSA-399710]	4	2	0.151470917114477	1
missMethyl_gsameth	reactome	hypomethylated	reactome:Activation of Na-permeable kainate receptors [R-HSA-451307]	2	1	0.427536981164329	1
missMethyl_gsameth	reactome	hypomethylated	reactome:Regulation of NPAS4 gene transcription [R-HSA-9768777]	4	1	0.734604748814795	1
missMethyl_gsameth	reactome	hypomethylated	reactome:Vpr-mediated induction of apoptosis by mitochondrial outer membrane permeabilization [R-HSA-180897]	2	1	0.247531057672472	1
missMethyl_gsameth	reactome	hypomethylated	reactome:The AIM2 inflammasome [R-HSA-844615]	3	2	0.0648589985938967	1
missMethyl_gsameth	reactome	hypomethylated	reactome:STAT6-mediated induction of chemokines [R-HSA-3249367]	3	0	1	1
missMethyl_gsameth	reactome	hypomethylated	reactome:Influenza Virus Induced Apoptosis [R-HSA-168277]	1	0	0.999999999979634	1
missMethyl_gsameth	reactome	hypomethylated	reactome:Metabolism of ingested H2SeO4 and H2SeO3 into H2Se [R-HSA-2408550]	4	1	0.625187407935179	1
missMethyl_gsameth	reactome	hypomethylated	reactome:Defective GSS causes GSS deficiency [R-HSA-5579006]	1	0	0.999999999984743	1
missMethyl_gsameth	reactome	hypomethylated	reactome:Biosynthesis of DHA-derived sulfido conjugates [R-HSA-9026395]	2	0	1	1
missMethyl_gsameth	reactome	hypomethylated	reactome:Biosynthesis of maresin conjugates in tissue regeneration (MCTR) [R-HSA-9026762]	2	0	1	1
missMethyl_gsameth	reactome	hypomethylated	reactome:Diseases of Mismatch Repair (MMR) [R-HSA-5423599]	5	1	0.59849064774483	1
missMethyl_gsameth	reactome	hypomethylated	reactome:Defective Mismatch Repair Associated With MSH2 [R-HSA-5632928]	3	0	1	1
missMethyl_gsameth	reactome	hypomethylated	reactome:Defective Mismatch Repair Associated With MSH6 [R-HSA-5632968]	2	0	1	1
missMethyl_gsameth	reactome	hypomethylated	reactome:Regulation of cytoskeletal remodeling and cell spreading by IPP complex components [R-HSA-446388]	8	0	1	1
missMethyl_gsameth	reactome	hypomethylated	reactome:Intestinal infectious diseases [R-HSA-8942233]	2	0	1	1
missMethyl_gsameth	reactome	hypomethylated	reactome:Intestinal absorption [R-HSA-8963676]	5	1	0.642204300258114	1
missMethyl_gsameth	reactome	hypomethylated	reactome:Intestinal lipid absorption [R-HSA-8963678]	1	0	0.999999999978124	1
missMethyl_gsameth	reactome	hypomethylated	reactome:MPS VII - Sly syndrome [R-HSA-2206292]	1	0	0.999999999962726	1
missMethyl_gsameth	reactome	hypomethylated	reactome:Myoclonic epilepsy of Lafora [R-HSA-3785653]	9	0	1	1
missMethyl_gsameth	reactome	hypomethylated	reactome:Glycogen storage disease type XV (GYG1) [R-HSA-3814836]	2	0	1	1
missMethyl_gsameth	reactome	hypomethylated	reactome:Glycogen storage disease type 0 (muscle GYS1) [R-HSA-3828062]	2	0	1	1
missMethyl_gsameth	reactome	hypomethylated	reactome:Synthesis of GDP-mannose [R-HSA-446205]	6	1	0.690870183185729	1
missMethyl_gsameth	reactome	hypomethylated	reactome:Defective ALG6 causes CDG-1c [R-HSA-4724289]	1	0	0.999999999988069	1
missMethyl_gsameth	reactome	hypomethylated	reactome:Glycogen storage disease type 0 (liver GYS2) [R-HSA-3858516]	2	0	1	1
missMethyl_gsameth	reactome	hypomethylated	reactome:Activation, myristolyation of BID and translocation to mitochondria [R-HSA-75108]	4	0	1	1
missMethyl_gsameth	reactome	hypomethylated	reactome:Defective SLC40A1 causes hemochromatosis 4 (HFE4) (duodenum) [R-HSA-5655799]	2	1	0.25013697449369	1
missMethyl_gsameth	reactome	hypomethylated	reactome:Dissolution of Fibrin Clot [R-HSA-75205]	13	2	0.775178831678327	1
missMethyl_gsameth	reactome	hypomethylated	reactome:tRNA processing in the mitochondrion [R-HSA-6785470]	5	0	1	1
missMethyl_gsameth	reactome	hypomethylated	reactome:Beta oxidation of myristoyl-CoA to lauroyl-CoA [R-HSA-77285]	3	0	1	1
missMethyl_gsameth	reactome	hypomethylated	reactome:Beta oxidation of palmitoyl-CoA to myristoyl-CoA [R-HSA-77305]	3	0	1	1
missMethyl_gsameth	reactome	hypomethylated	reactome:Erythrocytes take up carbon dioxide and release oxygen [R-HSA-1237044]	13	3	0.323669300531282	1
missMethyl_gsameth	reactome	hypomethylated	reactome:Erythrocytes take up oxygen and release carbon dioxide [R-HSA-1247673]	9	2	0.43319725444363	1
missMethyl_gsameth	reactome	hypomethylated	reactome:O2/CO2 exchange in erythrocytes [R-HSA-1480926]	13	3	0.323669300531282	1
missMethyl_gsameth	reactome	hypomethylated	reactome:HDL clearance [R-HSA-8964011]	5	1	0.794895755176024	1
missMethyl_gsameth	reactome	hypomethylated	reactome:Defective HEXA causes GM2G1 [R-HSA-3656234]	1	0	1.0000000000074	1
missMethyl_gsameth	reactome	hypomethylated	reactome:Defective HEXB causes GM2G2 [R-HSA-3656248]	1	0	1.00000000000198	1
missMethyl_gsameth	reactome	hypomethylated	reactome:Phase 1 - inactivation of fast Na+ channels [R-HSA-5576894]	7	2	0.66246561223629	1
missMethyl_gsameth	reactome	hypomethylated	reactome:MET interacts with TNS proteins [R-HSA-8875513]	5	2	0.343938671034408	1
missMethyl_gsameth	reactome	hypomethylated	reactome:MET activates STAT3 [R-HSA-8875791]	3	0	1	1
missMethyl_gsameth	reactome	hypomethylated	reactome:Drug-mediated inhibition of MET activation [R-HSA-9734091]	2	0	1	1
missMethyl_gsameth	reactome	hypomethylated	reactome:Defective HK1 causes hexokinase deficiency (HK deficiency) [R-HSA-5619056]	1	1	0.35050129224216	1
missMethyl_gsameth	reactome	hypomethylated	reactome:Biotin transport and metabolism [R-HSA-196780]	11	5	0.11754613258826	1
missMethyl_gsameth	reactome	hypomethylated	reactome:Defects in biotin (Btn) metabolism [R-HSA-3323169]	8	5	0.0384747178043459	1
missMethyl_gsameth	reactome	hypomethylated	reactome:Defective HLCS causes multiple carboxylase deficiency [R-HSA-3371599]	7	4	0.11299536565206	1
missMethyl_gsameth	reactome	hypomethylated	reactome:Ketone body metabolism [R-HSA-74182]	10	3	0.341268614834861	1
missMethyl_gsameth	reactome	hypomethylated	reactome:Synthesis of Ketone Bodies [R-HSA-77111]	8	3	0.223558982943325	1
missMethyl_gsameth	reactome	hypomethylated	reactome:Vitamin B6 activation to pyridoxal phosphate [R-HSA-964975]	3	1	0.528799640442583	1
missMethyl_gsameth	reactome	hypomethylated	reactome:Regulation of HMOX1 expression and activity [R-HSA-9707587]	5	0	1	1
missMethyl_gsameth	reactome	hypomethylated	reactome:Activation of caspases through apoptosome-mediated cleavage [R-HSA-111459]	6	0	1	1
missMethyl_gsameth	reactome	hypomethylated	reactome:SMAC (DIABLO) binds to IAPs [R-HSA-111463]	7	0	1	1
missMethyl_gsameth	reactome	hypomethylated	reactome:SMAC(DIABLO)-mediated dissociation of IAP:caspase complexes [R-HSA-111464]	7	0	1	1
missMethyl_gsameth	reactome	hypomethylated	reactome:SMAC, XIAP-regulated apoptotic response [R-HSA-111469]	8	1	0.83177754318559	1
missMethyl_gsameth	reactome	hypomethylated	reactome:TP53 Regulates Transcription of Caspase Activators and Caspases [R-HSA-6803207]	12	0	1	1
missMethyl_gsameth	reactome	hypomethylated	reactome:APC truncation mutants are not K63 polyubiquitinated [R-HSA-5467333]	1	0	1.00000000002357	1
missMethyl_gsameth	reactome	hypomethylated	reactome:Defective HPRT1 disrupts guanine and hypoxanthine salvage [R-HSA-9734281]	1	0	0.999999999967044	1
missMethyl_gsameth	reactome	hypomethylated	reactome:Estrogen-stimulated signaling through PRKCZ [R-HSA-9634635]	6	2	0.482964125480663	1
missMethyl_gsameth	reactome	hypomethylated	reactome:RAS GTPase cycle mutants [R-HSA-9649913]	3	0	1	1
missMethyl_gsameth	reactome	hypomethylated	reactome:Signaling by RAS GAP mutants [R-HSA-9753510]	3	0	1	1
missMethyl_gsameth	reactome	hypomethylated	reactome:Signaling by RAS GTPase mutants [R-HSA-9753512]	3	0	1	1
missMethyl_gsameth	reactome	hypomethylated	reactome:Defective MMAB causes MMA, cblB type [R-HSA-3359471]	1	0	0.999999999994332	1
missMethyl_gsameth	reactome	hypomethylated	reactome:Resolution of AP sites via the single-nucleotide replacement pathway [R-HSA-110381]	4	1	0.4717400040996	1
missMethyl_gsameth	reactome	hypomethylated	reactome:Abasic sugar-phosphate removal via the single-nucleotide replacement pathway [R-HSA-73930]	2	0	1	1
missMethyl_gsameth	reactome	hypomethylated	reactome:Viral RNP Complexes in the Host Cell Nucleus [R-HSA-168330]	2	0	1	1
missMethyl_gsameth	reactome	hypomethylated	reactome:Regulation of PTEN localization [R-HSA-8948747]	9	0	1	1
missMethyl_gsameth	reactome	hypomethylated	reactome:Respiratory syncytial virus genome transcription [R-HSA-9828642]	1	0	1.00000000000108	1
missMethyl_gsameth	reactome	hypomethylated	reactome:vRNP Assembly [R-HSA-192905]	2	0	1	1
missMethyl_gsameth	reactome	hypomethylated	reactome:Assembly and release of respiratory syncytial virus (RSV) virions [R-HSA-9820962]	2	1	0.41738821184425	1
missMethyl_gsameth	reactome	hypomethylated	reactome:Respiratory syncytial virus genome replication [R-HSA-9834752]	2	1	0.41738821184425	1
missMethyl_gsameth	reactome	hypomethylated	reactome:TFAP2A acts as a transcriptional repressor during retinoic acid induced cell differentiation [R-HSA-8869496]	5	1	0.696109324254214	1
missMethyl_gsameth	reactome	hypomethylated	reactome:Chylomicron assembly [R-HSA-8963888]	10	1	0.854063052606121	1
missMethyl_gsameth	reactome	hypomethylated	reactome:Serotonin receptors [R-HSA-390666]	12	4	0.188175511302649	1
missMethyl_gsameth	reactome	hypomethylated	reactome:MPS IX - Natowicz syndrome [R-HSA-2206280]	1	0	1.00000000000178	1
missMethyl_gsameth	reactome	hypomethylated	reactome:VLDL assembly [R-HSA-8866423]	5	1	0.701345036507063	1
missMethyl_gsameth	reactome	hypomethylated	reactome:VLDL clearance [R-HSA-8964046]	6	1	0.679240193229468	1
missMethyl_gsameth	reactome	hypomethylated	reactome:Metal sequestration by antimicrobial proteins [R-HSA-6799990]	6	2	0.245805165294691	1
missMethyl_gsameth	reactome	hypomethylated	reactome:TWIK-related spinal cord K+ channel (TRESK) [R-HSA-1299344]	1	1	0.128275807826826	1
missMethyl_gsameth	reactome	hypomethylated	reactome:Defective SLC6A19 causes Hartnup disorder (HND) [R-HSA-5619044]	1	1	0.357141017542952	1
missMethyl_gsameth	reactome	hypomethylated	reactome:Defective SLC6A19 causes Hartnup disorder (HND) [R-HSA-5659735]	1	1	0.357141017542952	1
missMethyl_gsameth	reactome	hypomethylated	reactome:Defective CYP26C1 causes FFDD4 [R-HSA-5579004]	1	0	0.999999999980532	1
missMethyl_gsameth	reactome	hypomethylated	reactome:Abnormal conversion of 2-oxoglutarate to 2-hydroxyglutarate [R-HSA-2978092]	1	0	0.999999999986194	1
missMethyl_gsameth	reactome	hypomethylated	reactome:NADPH regeneration [R-HSA-389542]	2	0	1	1
missMethyl_gsameth	reactome	hypomethylated	reactome:NFE2L2 regulating TCA cycle genes [R-HSA-9818025]	3	0	1	1
missMethyl_gsameth	reactome	hypomethylated	reactome:MPS II - Hunter syndrome [R-HSA-2206296]	1	1	0.162253568123214	1
missMethyl_gsameth	reactome	hypomethylated	reactome:MPS I - Hurler syndrome [R-HSA-2206302]	1	1	0.321602945442441	1
missMethyl_gsameth	reactome	hypomethylated	reactome:Regulation of IFNG signaling [R-HSA-877312]	14	1	0.946405344261468	1
missMethyl_gsameth	reactome	hypomethylated	reactome:IFNG signaling activates MAPKs [R-HSA-9732724]	8	0	1	1
missMethyl_gsameth	reactome	hypomethylated	reactome:Defective SLC6A18 may confer susceptibility to iminoglycinuria and/or hyperglycinuria [R-HSA-5619079]	1	1	0.353344783862413	1
missMethyl_gsameth	reactome	hypomethylated	reactome:Defective SLC6A18 may confer susceptibility to iminoglycinuria and/or hyperglycinuria [R-HSA-5659729]	1	1	0.353344783862413	1
missMethyl_gsameth	reactome	hypomethylated	reactome:Defective APRT disrupts adenine salvage [R-HSA-9734195]	1	0	0.999999999977848	1
missMethyl_gsameth	reactome	hypomethylated	reactome:HHAT G278V doesn't palmitoylate Hh-Np [R-HSA-5658034]	4	1	0.746248510959462	1
missMethyl_gsameth	reactome	hypomethylated	reactome:Regulation by c-FLIP [R-HSA-3371378]	11	1	0.924624904748252	1
missMethyl_gsameth	reactome	hypomethylated	reactome:CASP8 activity is inhibited [R-HSA-5218900]	11	1	0.924624904748252	1
missMethyl_gsameth	reactome	hypomethylated	reactome:Dimerization of procaspase-8 [R-HSA-69416]	11	1	0.924624904748252	1
missMethyl_gsameth	reactome	hypomethylated	reactome:FasL/ CD95L signaling [R-HSA-75157]	5	0	1	1
missMethyl_gsameth	reactome	hypomethylated	reactome:p75NTR signals via NF-kB [R-HSA-193639]	16	2	0.802007396575963	1
missMethyl_gsameth	reactome	hypomethylated	reactome:p75NTR recruits signalling complexes [R-HSA-209543]	13	2	0.707601490463259	1
missMethyl_gsameth	reactome	hypomethylated	reactome:NF-kB is activated and signals survival [R-HSA-209560]	13	1	0.93206957741769	1
missMethyl_gsameth	reactome	hypomethylated	reactome:Interleukin-33 signaling [R-HSA-9014843]	3	1	0.472900112440934	1
missMethyl_gsameth	reactome	hypomethylated	reactome:Interleukin-9 signaling [R-HSA-8985947]	8	0	1	1
missMethyl_gsameth	reactome	hypomethylated	reactome:Interleukin-21 signaling [R-HSA-9020958]	10	3	0.400746530185961	1
missMethyl_gsameth	reactome	hypomethylated	reactome:Interleukin-6 signaling [R-HSA-1059683]	11	1	0.930441422186761	1
missMethyl_gsameth	reactome	hypomethylated	reactome:MAPK3 (ERK1) activation [R-HSA-110056]	10	1	0.908334019444008	1
missMethyl_gsameth	reactome	hypomethylated	reactome:MAPK1 (ERK2) activation [R-HSA-112411]	9	1	0.901251449361391	1
missMethyl_gsameth	reactome	hypomethylated	reactome:Localization of the PINCH-ILK-PARVIN complex to focal adhesions [R-HSA-446343]	4	1	0.710482286081732	1
missMethyl_gsameth	reactome	hypomethylated	reactome:TGFBR3 regulates activin signaling [R-HSA-9839406]	4	0	1	1
missMethyl_gsameth	reactome	hypomethylated	reactome:Transport of glycerol from adipocytes to the liver by Aquaporins [R-HSA-432030]	2	0	1	1
missMethyl_gsameth	reactome	hypomethylated	reactome:Regulation of gene expression in endocrine-committed (NEUROG3+) progenitor cells [R-HSA-210746]	4	0	1	1
missMethyl_gsameth	reactome	hypomethylated	reactome:TRAF6 mediated IRF7 activation in TLR7/8 or 9 signaling [R-HSA-975110]	14	3	0.355344827048004	1
missMethyl_gsameth	reactome	hypomethylated	reactome:PI3K/AKT activation [R-HSA-198203]	9	2	0.739402561482569	1
missMethyl_gsameth	reactome	hypomethylated	reactome:Activated NTRK3 signals through PI3K [R-HSA-9603381]	6	3	0.25995286451718	1
missMethyl_gsameth	reactome	hypomethylated	reactome:RUNX3 Regulates Immune Response and Cell Migration [R-HSA-8949275]	6	2	0.33009554136398	1
missMethyl_gsameth	reactome	hypomethylated	reactome:Defective ABCC6 causes PXE [R-HSA-5690338]	1	0	0.999999999974531	1
missMethyl_gsameth	reactome	hypomethylated	reactome:Potassium transport channels [R-HSA-1296067]	3	3	0.014374786082792	0.815080955545547
missMethyl_gsameth	reactome	hypomethylated	reactome:Classical Kir channels [R-HSA-1296053]	4	1	0.662109289031424	1
missMethyl_gsameth	reactome	hypomethylated	reactome:Defective ABCC8 can cause hypo- and hyper-glycemias [R-HSA-5683177]	2	0	1	1
missMethyl_gsameth	reactome	hypomethylated	reactome:TWIK related potassium channel (TREK) [R-HSA-1299503]	3	1	0.662297841245656	1
missMethyl_gsameth	reactome	hypomethylated	reactome:TWIK-releated acid-sensitive K+ channel (TASK) [R-HSA-1299316]	2	1	0.545579974922538	1
missMethyl_gsameth	reactome	hypomethylated	reactome:Acetylcholine inhibits contraction of outer hair cells [R-HSA-9667769]	5	3	0.084678510586958	1
missMethyl_gsameth	reactome	hypomethylated	reactome:Phosphate bond hydrolysis by NTPDase proteins [R-HSA-8850843]	8	1	0.787411316421071	1
missMethyl_gsameth	reactome	hypomethylated	reactome:Essential fructosuria [R-HSA-5657562]	1	0	0.999999999950491	1
missMethyl_gsameth	reactome	hypomethylated	reactome:Utilization of Ketone Bodies [R-HSA-77108]	4	0	1	1
missMethyl_gsameth	reactome	hypomethylated	reactome:Dasatinib-resistant KIT mutants [R-HSA-9669914]	1	1	0.127576109806673	1
missMethyl_gsameth	reactome	hypomethylated	reactome:Imatinib-resistant KIT mutants [R-HSA-9669917]	1	1	0.127576109806673	1
missMethyl_gsameth	reactome	hypomethylated	reactome:KIT mutants bind TKIs [R-HSA-9669921]	1	1	0.127576109806673	1
missMethyl_gsameth	reactome	hypomethylated	reactome:Masitinib-resistant KIT mutants [R-HSA-9669924]	1	1	0.127576109806673	1
missMethyl_gsameth	reactome	hypomethylated	reactome:Nilotinib-resistant KIT mutants [R-HSA-9669926]	1	1	0.127576109806673	1
missMethyl_gsameth	reactome	hypomethylated	reactome:Regorafenib-resistant KIT mutants [R-HSA-9669929]	1	1	0.127576109806673	1
missMethyl_gsameth	reactome	hypomethylated	reactome:Signaling by kinase domain mutants of KIT [R-HSA-9669933]	1	1	0.127576109806673	1
missMethyl_gsameth	reactome	hypomethylated	reactome:Sunitinib-resistant KIT mutants [R-HSA-9669934]	1	1	0.127576109806673	1
missMethyl_gsameth	reactome	hypomethylated	reactome:Signaling by juxtamembrane domain KIT mutants [R-HSA-9669935]	1	1	0.127576109806673	1
missMethyl_gsameth	reactome	hypomethylated	reactome:Sorafenib-resistant KIT mutants [R-HSA-9669936]	1	1	0.127576109806673	1
missMethyl_gsameth	reactome	hypomethylated	reactome:Drug resistance of KIT mutants [R-HSA-9669937]	1	1	0.127576109806673	1
missMethyl_gsameth	reactome	hypomethylated	reactome:Signaling by extracellular domain mutants of KIT [R-HSA-9680187]	1	1	0.127576109806673	1
missMethyl_gsameth	reactome	hypomethylated	reactome:Inhibition of nitric oxide production [R-HSA-9636249]	3	0	1	1
missMethyl_gsameth	reactome	hypomethylated	reactome:Axonal growth inhibition (RHOA activation) [R-HSA-193634]	9	2	0.606293596962094	1
missMethyl_gsameth	reactome	hypomethylated	reactome:p75NTR regulates axonogenesis [R-HSA-193697]	10	3	0.396185867289936	1
missMethyl_gsameth	reactome	hypomethylated	reactome:Axonal growth stimulation [R-HSA-209563]	4	1	0.655508185943108	1
missMethyl_gsameth	reactome	hypomethylated	reactome:SLIT2:ROBO1 increases RHOA activity [R-HSA-8985586]	4	2	0.316897500533767	1
missMethyl_gsameth	reactome	hypomethylated	reactome:Transfer of LPS from LBP carrier to CD14 [R-HSA-166020]	2	0	1	1
missMethyl_gsameth	reactome	hypomethylated	reactome:Intestinal saccharidase deficiencies [R-HSA-5659898]	1	0	0.999999999967927	1
missMethyl_gsameth	reactome	hypomethylated	reactome:Defective LFNG causes SCDO3 [R-HSA-5083630]	5	2	0.506531056341991	1
missMethyl_gsameth	reactome	hypomethylated	reactome:RUNX2 regulates genes involved in differentiation of myeloid cells [R-HSA-8941333]	4	3	0.0588014683806559	1
missMethyl_gsameth	reactome	hypomethylated	reactome:Regulation of MITF-M-dependent genes involved in DNA damage repair and senescence [R-HSA-9825895]	3	1	0.658861305015309	1
missMethyl_gsameth	reactome	hypomethylated	reactome:Breakdown of the nuclear lamina [R-HSA-352238]	3	0	1	1
missMethyl_gsameth	reactome	hypomethylated	reactome:Events associated with phagocytolytic activity of PMN cells [R-HSA-8941413]	2	1	0.230038806945	1
missMethyl_gsameth	reactome	hypomethylated	reactome:Signaling by RNF43 mutants [R-HSA-5340588]	8	1	0.886911943115632	1
missMethyl_gsameth	reactome	hypomethylated	reactome:Biosynthesis of protectin and resolvin conjugates in tissue regeneration (PCTR and RCTR) [R-HSA-9026766]	1	0	0.999999999983514	1
missMethyl_gsameth	reactome	hypomethylated	reactome:Mtb iron assimilation by chelation [R-HSA-1222449]	1	0	0.999999999999787	1
missMethyl_gsameth	reactome	hypomethylated	reactome:Latent infection - Other responses of Mtb to phagocytosis [R-HSA-1222499]	1	0	0.999999999999787	1
missMethyl_gsameth	reactome	hypomethylated	reactome:CD22 mediated BCR regulation [R-HSA-5690714]	5	2	0.266736690488761	1
missMethyl_gsameth	reactome	hypomethylated	reactome:Loss of Function of SMAD4 in Cancer [R-HSA-3304347]	3	1	0.517620802023338	1
missMethyl_gsameth	reactome	hypomethylated	reactome:Loss of Function of SMAD2/3 in Cancer [R-HSA-3304349]	7	2	0.483760449007445	1
missMethyl_gsameth	reactome	hypomethylated	reactome:SMAD2/3 Phosphorylation Motif Mutants in Cancer [R-HSA-3304356]	6	2	0.431714875101853	1
missMethyl_gsameth	reactome	hypomethylated	reactome:SMAD4 MH2 Domain Mutants in Cancer [R-HSA-3311021]	3	1	0.517620802023338	1
missMethyl_gsameth	reactome	hypomethylated	reactome:SMAD2/3 MH2 Domain Mutants in Cancer [R-HSA-3315487]	3	1	0.517620802023338	1
missMethyl_gsameth	reactome	hypomethylated	reactome:TGFBR1 KD Mutants in Cancer [R-HSA-3656532]	6	2	0.431714875101853	1
missMethyl_gsameth	reactome	hypomethylated	reactome:MPS VI - Maroteaux-Lamy syndrome [R-HSA-2206285]	1	0	0.999999999995846	1
missMethyl_gsameth	reactome	hypomethylated	reactome:Biogenic amines are oxidatively deaminated to aldehydes by MAOA and MAOB [R-HSA-141333]	2	0	1	1
missMethyl_gsameth	reactome	hypomethylated	reactome:Defective MAOA causes BRUNS [R-HSA-5579012]	1	0	0.999999999983247	1
missMethyl_gsameth	reactome	hypomethylated	reactome:Defective MAT1A causes MATD [R-HSA-5579024]	1	1	0.162517097020553	1
missMethyl_gsameth	reactome	hypomethylated	reactome:Defective ACTH causes obesity and POMCD [R-HSA-5579031]	2	1	0.396601821468881	1
missMethyl_gsameth	reactome	hypomethylated	reactome:Unwinding of DNA [R-HSA-176974]	12	0	1	1
missMethyl_gsameth	reactome	hypomethylated	reactome:Loss of MECP2 binding ability to 5hmC-DNA [R-HSA-9022534]	1	0	0.999999999960431	1
missMethyl_gsameth	reactome	hypomethylated	reactome:Loss of phosphorylation of MECP2 at T308 [R-HSA-9022535]	6	1	0.715758955287528	1
missMethyl_gsameth	reactome	hypomethylated	reactome:Defective MGAT2 causes CDG-2a [R-HSA-4793952]	1	0	0.999999999985718	1
missMethyl_gsameth	reactome	hypomethylated	reactome:Reactions specific to the hybrid N-glycan synthesis pathway [R-HSA-975574]	1	0	0.999999999999721	1
missMethyl_gsameth	reactome	hypomethylated	reactome:MGMT-mediated DNA damage reversal [R-HSA-5657655]	1	1	0.374510988118666	1
missMethyl_gsameth	reactome	hypomethylated	reactome:Regulation of MITF-M-dependent genes involved in lysosome biogenesis and autophagy [R-HSA-9857377]	12	3	0.456844217292302	1
missMethyl_gsameth	reactome	hypomethylated	reactome:Defective Mismatch Repair Associated With MLH1 [R-HSA-5545483]	2	1	0.388452839500645	1
missMethyl_gsameth	reactome	hypomethylated	reactome:Defective Mismatch Repair Associated With PMS2 [R-HSA-5632987]	2	1	0.388452839500645	1
missMethyl_gsameth	reactome	hypomethylated	reactome:Defective MPI causes MPI-CDG [R-HSA-4043916]	1	0	0.9999999999634	1
missMethyl_gsameth	reactome	hypomethylated	reactome:Modulation by Mtb of host immune system [R-HSA-9637628]	7	0	1	1
missMethyl_gsameth	reactome	hypomethylated	reactome:Defective ALG11 causes CDG-1p [R-HSA-4551295]	1	0	0.999999999999944	1
missMethyl_gsameth	reactome	hypomethylated	reactome:Defective Mismatch Repair Associated With MSH3 [R-HSA-5632927]	2	0	1	1
missMethyl_gsameth	reactome	hypomethylated	reactome:Metallothioneins bind metals [R-HSA-5661231]	11	0	1	1
missMethyl_gsameth	reactome	hypomethylated	reactome:Inhibition of membrane repair [R-HSA-9635644]	1	0	1.0000000000066	1
missMethyl_gsameth	reactome	hypomethylated	reactome:Blockage of phagosome acidification [R-HSA-9636467]	1	0	1.00000000000328	1
missMethyl_gsameth	reactome	hypomethylated	reactome:Defective MTRR causes HMAE [R-HSA-3359467]	2	1	0.338759869934114	1
missMethyl_gsameth	reactome	hypomethylated	reactome:Defective MTR causes HMAG [R-HSA-3359469]	2	1	0.338759869934114	1
missMethyl_gsameth	reactome	hypomethylated	reactome:Diseases of Base Excision Repair [R-HSA-9605308]	5	0	1	1
missMethyl_gsameth	reactome	hypomethylated	reactome:Defective Base Excision Repair Associated with MUTYH [R-HSA-9605310]	1	0	0.999999999985638	1
missMethyl_gsameth	reactome	hypomethylated	reactome:Defective MUTYH substrate binding [R-HSA-9608287]	1	0	0.999999999985638	1
missMethyl_gsameth	reactome	hypomethylated	reactome:Defective MUTYH substrate processing [R-HSA-9608290]	1	0	0.999999999985638	1
missMethyl_gsameth	reactome	hypomethylated	reactome:MyD88 deficiency (TLR5) [R-HSA-5602680]	2	0	1	1
missMethyl_gsameth	reactome	hypomethylated	reactome:IRAK4 deficiency (TLR5) [R-HSA-5603037]	4	0	1	1
missMethyl_gsameth	reactome	hypomethylated	reactome:MPS IIIB - Sanfilippo syndrome B [R-HSA-2206282]	1	0	0.999999999979363	1
missMethyl_gsameth	reactome	hypomethylated	reactome:Ion influx/efflux at host-pathogen interface [R-HSA-6803544]	4	0	1	1
missMethyl_gsameth	reactome	hypomethylated	reactome:PLC-gamma1 signalling [R-HSA-167021]	3	1	0.593304474500233	1
missMethyl_gsameth	reactome	hypomethylated	reactome:NGF processing [R-HSA-167060]	4	3	0.0726176820218008	1
missMethyl_gsameth	reactome	hypomethylated	reactome:TRKA activation by NGF [R-HSA-187042]	2	1	0.528039668517874	1
missMethyl_gsameth	reactome	hypomethylated	reactome:Signalling to p38 via RIT and RIN [R-HSA-187706]	5	2	0.351578436112622	1
missMethyl_gsameth	reactome	hypomethylated	reactome:Ceramide signalling [R-HSA-193681]	3	1	0.609730179930191	1
missMethyl_gsameth	reactome	hypomethylated	reactome:Signalling to STAT3 [R-HSA-198745]	3	1	0.670999793503176	1
missMethyl_gsameth	reactome	hypomethylated	reactome:NFG and proNGF binds to p75NTR [R-HSA-205017]	2	1	0.525527347017318	1
missMethyl_gsameth	reactome	hypomethylated	reactome:Expression and Processing of Neurotrophins [R-HSA-9036866]	4	3	0.0726176820218008	1
missMethyl_gsameth	reactome	hypomethylated	reactome:NOSIP mediated eNOS trafficking [R-HSA-203754]	2	0	1	1
missMethyl_gsameth	reactome	hypomethylated	reactome:FBXW7 Mutants and NOTCH1 in Cancer [R-HSA-2644605]	5	0	1	1
missMethyl_gsameth	reactome	hypomethylated	reactome:Loss of Function of FBXW7 in Cancer and NOTCH1 Signaling [R-HSA-2644607]	5	0	1	1
missMethyl_gsameth	reactome	hypomethylated	reactome:Defective PNP disrupts phosphorolysis of (deoxy)guanosine and (deoxy)inosine [R-HSA-9735763]	1	0	0.99999999999047	1
missMethyl_gsameth	reactome	hypomethylated	reactome:Nucleotide catabolism defects [R-HSA-9735786]	1	0	0.99999999999047	1
missMethyl_gsameth	reactome	hypomethylated	reactome:Reduction of cytosolic Ca++ levels [R-HSA-418359]	14	5	0.333467960913273	1
missMethyl_gsameth	reactome	hypomethylated	reactome:Defective SLC11A2 causes hypochromic microcytic anemia, with iron overload 1 (AHMIO1) [R-HSA-5619048]	1	1	0.137701381183173	1
missMethyl_gsameth	reactome	hypomethylated	reactome:NTF3 activates NTRK2 (TRKB) signaling [R-HSA-9025046]	2	1	0.445648550819945	1
missMethyl_gsameth	reactome	hypomethylated	reactome:NTF3 activates NTRK3 signaling [R-HSA-9034013]	2	2	0.115193582026966	1
missMethyl_gsameth	reactome	hypomethylated	reactome:Activated NTRK3 signals through PLCG1 [R-HSA-9034793]	3	2	0.189124532071106	1
missMethyl_gsameth	reactome	hypomethylated	reactome:NTF4 activates NTRK2 (TRKB) signaling [R-HSA-9026357]	2	0	1	1
missMethyl_gsameth	reactome	hypomethylated	reactome:Activated NTRK2 signals through PLCG1 [R-HSA-9026527]	4	0	1	1
missMethyl_gsameth	reactome	hypomethylated	reactome:Defective Base Excision Repair Associated with NTHL1 [R-HSA-9616333]	1	0	0.99999999995534	1
missMethyl_gsameth	reactome	hypomethylated	reactome:Defective NTHL1 substrate processing [R-HSA-9630221]	1	0	0.99999999995534	1
missMethyl_gsameth	reactome	hypomethylated	reactome:Defective NTHL1 substrate binding [R-HSA-9630222]	1	0	0.99999999995534	1
missMethyl_gsameth	reactome	hypomethylated	reactome:BDNF activates NTRK2 (TRKB) signaling [R-HSA-9024909]	2	0	1	1
missMethyl_gsameth	reactome	hypomethylated	reactome:Defective Base Excision Repair Associated with OGG1 [R-HSA-9656249]	1	0	1.00000000000718	1
missMethyl_gsameth	reactome	hypomethylated	reactome:Defective OGG1 Substrate Binding [R-HSA-9656255]	1	0	1.00000000000718	1
missMethyl_gsameth	reactome	hypomethylated	reactome:Defective OGG1 Substrate Processing [R-HSA-9656256]	1	0	1.00000000000718	1
missMethyl_gsameth	reactome	hypomethylated	reactome:Defective OGG1 Localization [R-HSA-9657050]	1	0	1.00000000000718	1
missMethyl_gsameth	reactome	hypomethylated	reactome:Organic cation transport [R-HSA-549127]	10	3	0.375996662838245	1
missMethyl_gsameth	reactome	hypomethylated	reactome:Defective SLC22A18 causes lung cancer (LNCR) and embryonal rhabdomyosarcoma 1 (RMSE1) [R-HSA-5619066]	1	0	0.999999999985578	1
missMethyl_gsameth	reactome	hypomethylated	reactome:Vasopressin-like receptors [R-HSA-388479]	6	0	1	1
missMethyl_gsameth	reactome	hypomethylated	reactome:Phenylketonuria [R-HSA-2160456]	1	0	0.999999999981456	1
missMethyl_gsameth	reactome	hypomethylated	reactome:Regulation of PAK-2p34 activity by PS-GAP/RHG10 [R-HSA-211728]	2	1	0.440590098292543	1
missMethyl_gsameth	reactome	hypomethylated	reactome:Stimulation of the cell death response by PAK-2p34 [R-HSA-211736]	2	1	0.255494031338845	1
missMethyl_gsameth	reactome	hypomethylated	reactome:WNT ligand biogenesis and trafficking [R-HSA-3238698]	26	2	0.99401548897465	1
missMethyl_gsameth	reactome	hypomethylated	reactome:PKA-mediated phosphorylation of key metabolic factors [R-HSA-163358]	5	0	1	1
missMethyl_gsameth	reactome	hypomethylated	reactome:AMPK inhibits chREBP transcriptional activation activity [R-HSA-163680]	8	2	0.583980467724969	1
missMethyl_gsameth	reactome	hypomethylated	reactome:PP2A-mediated dephosphorylation of key metabolic factors [R-HSA-163767]	7	1	0.773175418185779	1
missMethyl_gsameth	reactome	hypomethylated	reactome:Essential pentosuria [R-HSA-5662853]	1	0	0.999999999983351	1
missMethyl_gsameth	reactome	hypomethylated	reactome:Defective regulation of TLR7 by endogenous ligand [R-HSA-9824856]	1	1	0.173050210682482	1
missMethyl_gsameth	reactome	hypomethylated	reactome:Defective CD320 causes MMATC [R-HSA-3359485]	2	0	1	1
missMethyl_gsameth	reactome	hypomethylated	reactome:Cam-PDE 1 activation [R-HSA-111957]	6	1	0.758333079229886	1
missMethyl_gsameth	reactome	hypomethylated	reactome:Rhesus glycoproteins mediate ammonium transport. [R-HSA-444411]	3	0	1	1
missMethyl_gsameth	reactome	hypomethylated	reactome:Imatinib-resistant PDGFR mutants [R-HSA-9674396]	1	1	0.348034827169985	1
missMethyl_gsameth	reactome	hypomethylated	reactome:Sunitinib-resistant PDGFR mutants [R-HSA-9674401]	1	1	0.348034827169985	1
missMethyl_gsameth	reactome	hypomethylated	reactome:Regorafenib-resistant PDGFR mutants [R-HSA-9674403]	1	1	0.348034827169985	1
missMethyl_gsameth	reactome	hypomethylated	reactome:Sorafenib-resistant PDGFR mutants [R-HSA-9674404]	1	1	0.348034827169985	1
missMethyl_gsameth	reactome	hypomethylated	reactome:Drug resistance of PDGFR mutants [R-HSA-9674415]	1	1	0.348034827169985	1
missMethyl_gsameth	reactome	hypomethylated	reactome:PDGFR mutants bind TKIs [R-HSA-9674428]	1	1	0.348034827169985	1
missMethyl_gsameth	reactome	hypomethylated	reactome:Defective SLC26A4 causes Pendred syndrome (PDS) [R-HSA-5619046]	1	0	0.999999999996756	1
missMethyl_gsameth	reactome	hypomethylated	reactome:Regulation of glycolysis by fructose 2,6-bisphosphate metabolism [R-HSA-9634600]	12	2	0.711459686919258	1
missMethyl_gsameth	reactome	hypomethylated	reactome:Defective PGM1 causes PGM1-CDG [R-HSA-5609974]	1	0	0.999999999955087	1
missMethyl_gsameth	reactome	hypomethylated	reactome:Abacavir transmembrane transport [R-HSA-2161517]	5	2	0.280232320635177	1
missMethyl_gsameth	reactome	hypomethylated	reactome:Defective ABCB4 causes PFIC3, ICP3 and GBD1 [R-HSA-5678771]	1	1	0.122678960154096	1
missMethyl_gsameth	reactome	hypomethylated	reactome:Signaling by LTK in cancer [R-HSA-9842640]	7	1	0.830904274244107	1
missMethyl_gsameth	reactome	hypomethylated	reactome:Synthesis of PIPs in the nucleus [R-HSA-8847453]	4	2	0.18246560663306	1
missMethyl_gsameth	reactome	hypomethylated	reactome:phospho-PLA2 pathway [R-HSA-111995]	2	1	0.326761826213286	1
missMethyl_gsameth	reactome	hypomethylated	reactome:Coenzyme A biosynthesis [R-HSA-196783]	7	2	0.459704567522629	1
missMethyl_gsameth	reactome	hypomethylated	reactome:Defective PMM2 causes PMM2-CDG [R-HSA-4043911]	1	0	1.00000000000287	1
missMethyl_gsameth	reactome	hypomethylated	reactome:Synthesis of dolichyl-phosphate mannose [R-HSA-162699]	3	0	1	1
missMethyl_gsameth	reactome	hypomethylated	reactome:Defective DPM1 causes DPM1-CDG [R-HSA-4717374]	3	0	1	1
missMethyl_gsameth	reactome	hypomethylated	reactome:Defective DPM3 causes DPM3-CDG [R-HSA-4719360]	3	0	1	1
missMethyl_gsameth	reactome	hypomethylated	reactome:Defective DPM2 causes DPM2-CDG [R-HSA-4719377]	3	0	1	1
missMethyl_gsameth	reactome	hypomethylated	reactome:Mitochondrial transcription initiation [R-HSA-163282]	3	0	1	1
missMethyl_gsameth	reactome	hypomethylated	reactome:Transcription from mitochondrial promoters [R-HSA-75944]	4	0	1	1
missMethyl_gsameth	reactome	hypomethylated	reactome:POU5F1 (OCT4), SOX2, NANOG repress genes related to differentiation [R-HSA-2892245]	3	1	0.423204195526136	1
missMethyl_gsameth	reactome	hypomethylated	reactome:Defective UGT1A4 causes hyperbilirubinemia [R-HSA-5579016]	1	0	0.99999999998536	1
missMethyl_gsameth	reactome	hypomethylated	reactome:Defective UGT1A1 causes hyperbilirubinemia [R-HSA-5579002]	1	0	0.999999999998663	1
missMethyl_gsameth	reactome	hypomethylated	reactome:Synthesis of CL [R-HSA-1483076]	1	0	1.0000000000084	1
missMethyl_gsameth	reactome	hypomethylated	reactome:Variant SLC6A20 contributes towards hyperglycinuria (HG) and iminoglycinuria (IG) [R-HSA-5619101]	1	0	0.999999999981054	1
missMethyl_gsameth	reactome	hypomethylated	reactome:Variant SLC6A20 contributes towards hyperglycinuria (HG) and iminoglycinuria (IG) [R-HSA-5660686]	1	0	0.999999999981054	1
missMethyl_gsameth	reactome	hypomethylated	reactome:Defective AVP does not bind AVPR1A,B and causes neurohypophyseal diabetes insipidus (NDI) [R-HSA-5619099]	3	0	1	1
missMethyl_gsameth	reactome	hypomethylated	reactome:Defective AVP does not bind AVPR2 and causes neurohypophyseal diabetes insipidus (NDI) [R-HSA-9036092]	2	0	1	1
missMethyl_gsameth	reactome	hypomethylated	reactome:Defective Base Excision Repair Associated with NEIL3 [R-HSA-9629232]	1	0	0.999999999988944	1
missMethyl_gsameth	reactome	hypomethylated	reactome:NEIL3-mediated resolution of ICLs [R-HSA-9636003]	1	0	0.999999999988944	1
missMethyl_gsameth	reactome	hypomethylated	reactome:Defective SLC29A3 causes histiocytosis-lymphadenopathy plus syndrome (HLAS) [R-HSA-5619063]	1	0	0.999999999977489	1
missMethyl_gsameth	reactome	hypomethylated	reactome:ROBO receptors bind AKAP5 [R-HSA-9010642]	9	1	0.909105165988652	1
missMethyl_gsameth	reactome	hypomethylated	reactome:Defective SLC35C1 causes congenital disorder of glycosylation 2C (CDG2C) [R-HSA-5619078]	1	0	1.00000000000437	1
missMethyl_gsameth	reactome	hypomethylated	reactome:PTK6 Activates STAT3 [R-HSA-8849474]	4	1	0.584089135476615	1
missMethyl_gsameth	reactome	hypomethylated	reactome:Defective SLC39A4 causes acrodermatitis enteropathica, zinc-deficiency type (AEZ) [R-HSA-5619088]	1	0	1.00000000000066	1
missMethyl_gsameth	reactome	hypomethylated	reactome:Disinhibition of SNARE formation [R-HSA-114516]	5	2	0.403534715703538	1
missMethyl_gsameth	reactome	hypomethylated	reactome:Defective ABCD4 causes MAHCJ [R-HSA-5683329]	2	0	1	1
missMethyl_gsameth	reactome	hypomethylated	reactome:Negative feedback regulation of MAPK pathway [R-HSA-5674499]	6	0	1	1
missMethyl_gsameth	reactome	hypomethylated	reactome:Signaling by MAP2K mutants [R-HSA-9652169]	4	0	1	1
missMethyl_gsameth	reactome	hypomethylated	reactome:Signalling to ERK5 [R-HSA-198765]	2	0	1	1
missMethyl_gsameth	reactome	hypomethylated	reactome:Defective ALG1 causes CDG-1k [R-HSA-4549380]	1	0	0.999999999958855	1
missMethyl_gsameth	reactome	hypomethylated	reactome:Inhibition of PKR [R-HSA-169131]	1	0	0.999999999976752	1
missMethyl_gsameth	reactome	hypomethylated	reactome:Proline catabolism [R-HSA-70688]	3	0	1	1
missMethyl_gsameth	reactome	hypomethylated	reactome:Hydrolysis of LPE [R-HSA-1483152]	1	1	0.131179143762454	1
missMethyl_gsameth	reactome	hypomethylated	reactome:Defective CYP26B1 causes RHFCA [R-HSA-5579015]	1	1	0.33368587312957	1
missMethyl_gsameth	reactome	hypomethylated	reactome:Defective SLC2A9 causes hypouricemia renal 2 (RHUC2) [R-HSA-5619047]	1	1	0.311959887062614	1
missMethyl_gsameth	reactome	hypomethylated	reactome:Tandem pore domain halothane-inhibited K+ channel (THIK) [R-HSA-1299287]	1	0	0.999999999991131	1
missMethyl_gsameth	reactome	hypomethylated	reactome:Regulation of BACH1 activity [R-HSA-9708530]	11	0	1	1
missMethyl_gsameth	reactome	hypomethylated	reactome:PTEN Loss of Function in Cancer [R-HSA-5674404]	1	0	1.00000000000506	1
missMethyl_gsameth	reactome	hypomethylated	reactome:COX reactions [R-HSA-140180]	1	0	0.99999999999502	1
missMethyl_gsameth	reactome	hypomethylated	reactome:PTK6 Down-Regulation [R-HSA-8849472]	3	1	0.366900998442873	1
missMethyl_gsameth	reactome	hypomethylated	reactome:Signaling by cytosolic PDGFRA and PDGFRB fusion proteins [R-HSA-9673766]	3	0	1	1
missMethyl_gsameth	reactome	hypomethylated	reactome:Activation and oligomerization of BAK protein [R-HSA-111452]	2	0	1	1
missMethyl_gsameth	reactome	hypomethylated	reactome:Defective DNA double strand break response due to BRCA1 loss of function [R-HSA-9663199]	2	0	1	1
missMethyl_gsameth	reactome	hypomethylated	reactome:Defective DNA double strand break response due to BARD1 loss of function [R-HSA-9699150]	2	0	1	1
missMethyl_gsameth	reactome	hypomethylated	reactome:Activation, translocation and oligomerization of BAX [R-HSA-114294]	2	0	1	1
missMethyl_gsameth	reactome	hypomethylated	reactome:SUMOylation of nuclear envelope proteins [R-HSA-9793242]	3	0	1	1
missMethyl_gsameth	reactome	hypomethylated	reactome:Defective translocation of RB1 mutants to the nucleus [R-HSA-9661070]	1	0	1.0000000000028	1
missMethyl_gsameth	reactome	hypomethylated	reactome:Retinoid metabolism disease events [R-HSA-6809583]	1	0	1.0000000000112	1
missMethyl_gsameth	reactome	hypomethylated	reactome:Defective RHAG causes regulator type Rh-null hemolytic anemia (RHN) [R-HSA-5619042]	1	0	1.00000000001839	1
missMethyl_gsameth	reactome	hypomethylated	reactome:Rhesus blood group biosynthesis [R-HSA-9037628]	2	0	1	1
missMethyl_gsameth	reactome	hypomethylated	reactome:Defective SLC5A7 causes distal hereditary motor neuronopathy 7A (HMN7A) [R-HSA-5619114]	1	0	0.999999999999794	1
missMethyl_gsameth	reactome	hypomethylated	reactome:Defective SLC5A7 causes distal hereditary motor neuronopathy 7A (HMN7A) [R-HSA-5658471]	1	0	0.999999999999794	1
missMethyl_gsameth	reactome	hypomethylated	reactome:Regulation of cortical dendrite branching [R-HSA-8985801]	4	1	0.82047889119268	1
missMethyl_gsameth	reactome	hypomethylated	reactome:Maturation of protein E [R-HSA-9683683]	4	0	1	1
missMethyl_gsameth	reactome	hypomethylated	reactome:Maturation of protein E [R-HSA-9694493]	4	0	1	1
missMethyl_gsameth	reactome	hypomethylated	reactome:Intestinal hexose absorption [R-HSA-8981373]	4	1	0.573130913391361	1
missMethyl_gsameth	reactome	hypomethylated	reactome:Regulation of TP53 Expression [R-HSA-6804754]	2	1	0.494114833900389	1
missMethyl_gsameth	reactome	hypomethylated	reactome:Defective ABCG8 causes GBD4 and sitosterolemia [R-HSA-5679090]	2	0	1	1
missMethyl_gsameth	reactome	hypomethylated	reactome:Defective ABCG5 causes sitosterolemia [R-HSA-5679096]	2	0	1	1
missMethyl_gsameth	reactome	hypomethylated	reactome:Defective pro-SFTPB causes SMDP1 and RDS [R-HSA-5688031]	1	0	1.00000000002124	1
missMethyl_gsameth	reactome	hypomethylated	reactome:SARS-CoV-1 targets PDZ proteins in cell-cell junction [R-HSA-9692912]	1	1	0.166723646992449	1
missMethyl_gsameth	reactome	hypomethylated	reactome:Defective pro-SFTPC causes SMDP2 and RDS [R-HSA-5688354]	1	0	1.0000000000058	1
missMethyl_gsameth	reactome	hypomethylated	reactome:MPS IIIA - Sanfilippo syndrome A [R-HSA-2206307]	1	0	0.999999999978991	1
missMethyl_gsameth	reactome	hypomethylated	reactome:LGK974 inhibits PORCN [R-HSA-5340573]	1	0	1.0000000000102	1
missMethyl_gsameth	reactome	hypomethylated	reactome:Defective SLC1A1 is implicated in schizophrenia 18 (SCZD18) and dicarboxylic aminoaciduria (DCBXA) [R-HSA-5619067]	1	0	1.00000000000352	1
missMethyl_gsameth	reactome	hypomethylated	reactome:Defective SLC1A3 causes episodic ataxia 6 (EA6) [R-HSA-5619062]	1	1	0.308141389976576	1
missMethyl_gsameth	reactome	hypomethylated	reactome:Defective SLC2A1 causes GLUT1 deficiency syndrome 1 (GLUT1DS1) [R-HSA-5619043]	1	1	0.325831850226487	1
missMethyl_gsameth	reactome	hypomethylated	reactome:Defective SLC2A2 causes Fanconi-Bickel syndrome (FBS) [R-HSA-5619098]	1	0	0.999999999979761	1
missMethyl_gsameth	reactome	hypomethylated	reactome:Defective SLC7A7 causes lysinuric protein intolerance (LPI) [R-HSA-5660862]	2	0	1	1
missMethyl_gsameth	reactome	hypomethylated	reactome:Defective SLC4A1 causes hereditary spherocytosis type 4 (HSP4),  distal renal tubular acidosis (dRTA) and dRTA with hemolytic anemia (dRTA-HA) [R-HSA-5619050]	1	1	0.148220664393365	1
missMethyl_gsameth	reactome	hypomethylated	reactome:Defective SLC5A1 causes congenital glucose/galactose malabsorption (GGM) [R-HSA-5656364]	1	0	0.999999999990529	1
missMethyl_gsameth	reactome	hypomethylated	reactome:Defective SLC5A2 causes renal glucosuria (GLYS1) [R-HSA-5658208]	1	0	0.99999999998691	1
missMethyl_gsameth	reactome	hypomethylated	reactome:Defective SLC5A5 causes thyroid dyshormonogenesis 1 (TDH1) [R-HSA-5619096]	1	0	1.00000000000658	1
missMethyl_gsameth	reactome	hypomethylated	reactome:Reuptake of GABA [R-HSA-888593]	4	1	0.663891204915144	1
missMethyl_gsameth	reactome	hypomethylated	reactome:Defective SLC6A2 causes orthostatic intolerance (OI) [R-HSA-5619109]	1	0	1.00000000000586	1
missMethyl_gsameth	reactome	hypomethylated	reactome:Defective SLC6A3 causes Parkinsonism-dystonia infantile (PKDYS) [R-HSA-5619081]	1	1	0.364168670975553	1
missMethyl_gsameth	reactome	hypomethylated	reactome:Defective SLC6A3 causes Parkinsonism-dystonia infantile (PKDYS) [R-HSA-5660724]	1	1	0.364168670975553	1
missMethyl_gsameth	reactome	hypomethylated	reactome:Defective SLC12A1 causes Bartter syndrome 1 (BS1) [R-HSA-5619104]	1	0	0.999999999980542	1
missMethyl_gsameth	reactome	hypomethylated	reactome:Defective SLC12A3 causes Gitelman syndrome (GS) [R-HSA-5619087]	1	0	1.00000000001108	1
missMethyl_gsameth	reactome	hypomethylated	reactome:Defective SLC16A1 causes symptomatic deficiency in lactate transport (SDLT) [R-HSA-5619070]	2	0	1	1
missMethyl_gsameth	reactome	hypomethylated	reactome:Defective SLC34A1 causes hypophosphatemic nephrolithiasis/osteoporosis 1 (NPHLOP1) [R-HSA-5619040]	1	0	0.999999999971096	1
missMethyl_gsameth	reactome	hypomethylated	reactome:Defective SLC20A2 causes idiopathic basal ganglia calcification 1 (IBGC1) [R-HSA-5619111]	1	1	0.328656153983833	1
missMethyl_gsameth	reactome	hypomethylated	reactome:Defective SLCO2A1 causes primary, autosomal recessive hypertrophic osteoarthropathy 2 (PHOAR2) [R-HSA-5619095]	1	0	0.999999999989195	1
missMethyl_gsameth	reactome	hypomethylated	reactome:Defective SLC22A5 causes systemic primary carnitine deficiency (CDSP) [R-HSA-5619053]	1	0	0.99999999995729	1
missMethyl_gsameth	reactome	hypomethylated	reactome:Toxicity of botulinum toxin type E (botE) [R-HSA-5250992]	3	2	0.128401679921644	1
missMethyl_gsameth	reactome	hypomethylated	reactome:Impaired BRCA2 translocation to the nucleus [R-HSA-9709275]	1	0	0.999999999994929	1
missMethyl_gsameth	reactome	hypomethylated	reactome:Impaired BRCA2 binding to SEM1 (DSS1) [R-HSA-9763198]	1	0	0.999999999994929	1
missMethyl_gsameth	reactome	hypomethylated	reactome:Toxicity of botulinum toxin type G (botG) [R-HSA-5250989]	3	1	0.511353594735685	1
missMethyl_gsameth	reactome	hypomethylated	reactome:Defective BTD causes biotidinase deficiency [R-HSA-3371598]	1	1	0.129906663936253	1
missMethyl_gsameth	reactome	hypomethylated	reactome:Tachykinin receptors bind tachykinins [R-HSA-380095]	5	2	0.241493503862235	1
missMethyl_gsameth	reactome	hypomethylated	reactome:Insulin effects increased synthesis of Xylulose-5-Phosphate [R-HSA-163754]	2	0	1	1
missMethyl_gsameth	reactome	hypomethylated	reactome:TALDO1 deficiency: failed conversion of SH7P, GA3P to Fru(6)P, E4P [R-HSA-6791055]	1	0	1.00000000001681	1
missMethyl_gsameth	reactome	hypomethylated	reactome:TALDO1 deficiency: failed conversion of  Fru(6)P, E4P to SH7P, GA3P [R-HSA-6791462]	1	0	1.00000000001681	1
missMethyl_gsameth	reactome	hypomethylated	reactome:Defective TBXAS1 causes GHDD [R-HSA-5579032]	1	1	0.337113600110853	1
missMethyl_gsameth	reactome	hypomethylated	reactome:Defective TCN2 causes TCN2 deficiency [R-HSA-3359454]	1	0	0.999999999974191	1
missMethyl_gsameth	reactome	hypomethylated	reactome:Loss of Function of TGFBR2 in Cancer [R-HSA-3642278]	3	0	1	1
missMethyl_gsameth	reactome	hypomethylated	reactome:TGFBR2 MSI Frameshift Mutants in Cancer [R-HSA-3642279]	2	0	1	1
missMethyl_gsameth	reactome	hypomethylated	reactome:TGFBR2 Kinase Domain Mutants in Cancer [R-HSA-3645790]	3	0	1	1
missMethyl_gsameth	reactome	hypomethylated	reactome:TLR3 deficiency - HSE [R-HSA-5602410]	1	0	0.999999999966051	1
missMethyl_gsameth	reactome	hypomethylated	reactome:UNC93B1 deficiency - HSE [R-HSA-5602415]	2	0	1	1
missMethyl_gsameth	reactome	hypomethylated	reactome:Loss of function of TP53 in cancer due to loss of tetramerization ability [R-HSA-9723905]	1	0	0.999999999983009	1
missMethyl_gsameth	reactome	hypomethylated	reactome:Loss of Function of TP53 in Cancer [R-HSA-9723907]	1	0	0.999999999983009	1
missMethyl_gsameth	reactome	hypomethylated	reactome:Defective TPMT causes TPMT deficiency [R-HSA-5578995]	1	0	1.00000000000455	1
missMethyl_gsameth	reactome	hypomethylated	reactome:Vitamin E [R-HSA-8877627]	1	0	0.999999999956394	1
missMethyl_gsameth	reactome	hypomethylated	reactome:Defective SFTPA2 causes IPF [R-HSA-5687868]	1	0	0.99999999998261	1
missMethyl_gsameth	reactome	hypomethylated	reactome:Metabolism of ingested MeSeO2H into MeSeH [R-HSA-5263617]	1	1	0.352639611615685	1
missMethyl_gsameth	reactome	hypomethylated	reactome:The fatty acid cycling model [R-HSA-167826]	5	2	0.148674016325983	1
missMethyl_gsameth	reactome	hypomethylated	reactome:Defective SLC35A2 causes congenital disorder of glycosylation 2M (CDG2M) [R-HSA-5619072]	1	0	0.999999999998569	1
missMethyl_gsameth	reactome	hypomethylated	reactome:G2/M DNA replication checkpoint [R-HSA-69478]	5	1	0.589113854169612	1
missMethyl_gsameth	reactome	hypomethylated	reactome:Defective MOGS causes CDG-2b [R-HSA-4793954]	1	0	0.999999999998729	1
missMethyl_gsameth	reactome	hypomethylated	reactome:Suppression of autophagy [R-HSA-9636569]	2	2	0.0714492304077053	1
missMethyl_gsameth	reactome	hypomethylated	reactome:Defective ALG8 causes CDG-1h [R-HSA-4724325]	1	0	1.00000000000776	1
missMethyl_gsameth	reactome	hypomethylated	reactome:Defective ALG12 causes CDG-1g [R-HSA-4720489]	1	0	0.999999999990268	1
missMethyl_gsameth	reactome	hypomethylated	reactome:Defective SRD5A3 causes SRD5A3-CDG, KHRZ [R-HSA-4755579]	1	1	0.130430851657129	1
missMethyl_gsameth	reactome	hypomethylated	reactome:Defective Base Excision Repair Associated with NEIL1 [R-HSA-9616334]	1	0	0.999999999962571	1
missMethyl_gsameth	reactome	hypomethylated	reactome:Mitochondrial transcription termination [R-HSA-163316]	1	0	0.999999999980122	1
missMethyl_gsameth	reactome	hypomethylated	reactome:Defective ALG9 causes CDG-1l [R-HSA-4720454]	1	0	1.00000000001844	1
missMethyl_gsameth	reactome	hypomethylated	reactome:XAV939 stabilizes AXIN [R-HSA-5545619]	2	0	1	1
missMethyl_gsameth	reactome	hypomethylated	reactome:Invadopodia formation [R-HSA-8941237]	4	2	0.348028464931342	1
missMethyl_gsameth	reactome	hypomethylated	reactome:Defective SLC2A10 causes arterial tortuosity syndrome (ATS) [R-HSA-5619068]	1	1	0.134494814434824	1
missMethyl_gsameth	reactome	hypomethylated	reactome:Virus Assembly and Release [R-HSA-168268]	2	0	1	1
missMethyl_gsameth	reactome	hypomethylated	reactome:Assembly of Viral Components at the Budding Site [R-HSA-168316]	2	0	1	1
missMethyl_gsameth	reactome	hypomethylated	reactome:Synthesis of PS [R-HSA-1483101]	2	1	0.525694785576678	1
missMethyl_gsameth	reactome	hypomethylated	reactome:TWIK-related alkaline pH activated K+ channel (TALK) [R-HSA-1299361]	2	0	1	1
missMethyl_gsameth	reactome	hypomethylated	reactome:TRAIL  signaling [R-HSA-75158]	8	1	0.857453334268135	1
missMethyl_gsameth	reactome	hypomethylated	reactome:Defective ALG2 causes CDG-1i [R-HSA-4549349]	1	0	0.999999999974477	1
missMethyl_gsameth	reactome	hypomethylated	reactome:RUNX3 regulates RUNX1-mediated transcription [R-HSA-8951911]	2	2	0.0763520434245715	1
missMethyl_gsameth	reactome	hypomethylated	reactome:Defective ABCB11 causes PFIC2 and BRIC2 [R-HSA-5678520]	1	0	1.0000000000023	1
missMethyl_gsameth	reactome	hypomethylated	reactome:Defective SLC4A4 causes renal tubular acidosis, proximal, with ocular abnormalities and mental retardation (pRTA-OA) [R-HSA-5619054]	1	0	0.999999999994425	1
missMethyl_gsameth	reactome	hypomethylated	reactome:NR1D1 (REV-ERBA) represses gene expression [R-HSA-1368071]	3	0	1	1
missMethyl_gsameth	reactome	hypomethylated	reactome:Phosphorylation of proteins involved in the G2/M transition by Cyclin A:Cdc2 complexes [R-HSA-170145]	3	1	0.569915197286613	1
missMethyl_gsameth	reactome	hypomethylated	reactome:Defective PAPSS2 causes SEMD-PA [R-HSA-3560796]	1	0	1.00000000000818	1
missMethyl_gsameth	reactome	hypomethylated	reactome:Defective SLC6A5 causes hyperekplexia 3 (HKPX3) [R-HSA-5619089]	1	0	0.999999999969563	1
missMethyl_gsameth	reactome	hypomethylated	reactome:Defective RFT1 causes CDG-1n [R-HSA-4570571]	1	0	0.999999999998303	1
missMethyl_gsameth	reactome	hypomethylated	reactome:Defective SLC24A1 causes congenital stationary night blindness 1D (CSNB1D) [R-HSA-5619077]	1	0	0.999999999966591	1
missMethyl_gsameth	reactome	hypomethylated	reactome:Defective SLC33A1 causes spastic paraplegia 42 (SPG42) [R-HSA-5619061]	1	0	0.999999999991512	1
missMethyl_gsameth	reactome	hypomethylated	reactome:Severe congenital neutropenia type 4 (G6PC3) [R-HSA-3282872]	1	0	0.999999999999442	1
missMethyl_gsameth	reactome	hypomethylated	reactome:Defective CYP7B1 causes SPG5A and CBAS3 [R-HSA-5579013]	1	1	0.155416807207652	1
missMethyl_gsameth	reactome	hypomethylated	reactome:Defective ACY1 causes encephalopathy [R-HSA-5579007]	1	0	0.999999999964047	1
missMethyl_gsameth	reactome	hypomethylated	reactome:Defective MPDU1 causes CDG-1f [R-HSA-4687000]	1	0	1.000000000001	1
missMethyl_gsameth	reactome	hypomethylated	reactome:Synthesis of IPs in the ER lumen [R-HSA-1855231]	1	0	0.999999999987389	1
missMethyl_gsameth	reactome	hypomethylated	reactome:Defective SLC12A6 causes agenesis of the corpus callosum, with peripheral neuropathy (ACCPN) [R-HSA-5619039]	1	0	0.999999999983554	1
