term	reactome_id	n_original_members	n_entrez
reactome:Hemostasis [R-HSA-109582]	R-HSA-109582	623	622
reactome:Platelet degranulation [R-HSA-114608]	R-HSA-114608	129	129
reactome:Innate Immune System [R-HSA-168249]	R-HSA-168249	1078	1070
reactome:Immune System [R-HSA-168256]	R-HSA-168256	2068	2054
reactome:Neutrophil degranulation [R-HSA-6798695]	R-HSA-6798695	479	479
reactome:Platelet activation, signaling and aggregation [R-HSA-76002]	R-HSA-76002	263	263
reactome:Response to elevated platelet cytosolic Ca2+ [R-HSA-76005]	R-HSA-76005	134	134
reactome:Metabolism [R-HSA-1430728]	R-HSA-1430728	2189	2189
reactome:Phase II - Conjugation of compounds [R-HSA-156580]	R-HSA-156580	109	109
reactome:Acetylation [R-HSA-156582]	R-HSA-156582	2	2
reactome:Biological oxidations [R-HSA-211859]	R-HSA-211859	222	222
reactome:Drug ADME [R-HSA-9748784]	R-HSA-9748784	110	110
reactome:Paracetamol ADME [R-HSA-9753281]	R-HSA-9753281	29	29
reactome:Metabolism of nucleotides [R-HSA-15869]	R-HSA-15869	99	99
reactome:Disease [R-HSA-1643685]	R-HSA-1643685	2080	1824
reactome:Diseases of metabolism [R-HSA-5668914]	R-HSA-5668914	250	250
reactome:Purine salvage [R-HSA-74217]	R-HSA-74217	13	13
reactome:Nucleotide salvage [R-HSA-8956321]	R-HSA-8956321	23	23
reactome:Nucleotide salvage defects [R-HSA-9734207]	R-HSA-9734207	3	3
reactome:Defective ADA disrupts (deoxy)adenosine deamination [R-HSA-9734735]	R-HSA-9734735	1	1
reactome:Diseases of nucleotide metabolism [R-HSA-9735804]	R-HSA-9735804	4	4
reactome:Ribavirin ADME [R-HSA-9755088]	R-HSA-9755088	12	12
reactome:Developmental Biology [R-HSA-1266738]	R-HSA-1266738	1409	1406
reactome:Cell-Cell communication [R-HSA-1500931]	R-HSA-1500931	153	153
reactome:Regulation of Insulin-like Growth Factor (IGF) transport and uptake by Insulin-like Growth Factor Binding Proteins (IGFBPs) [R-HSA-381426]	R-HSA-381426	125	125
reactome:Metabolism of proteins [R-HSA-392499]	R-HSA-392499	2087	2087
reactome:Adherens junctions interactions [R-HSA-418990]	R-HSA-418990	57	57
reactome:Cell-cell junction organization [R-HSA-421270]	R-HSA-421270	88	88
reactome:Cell junction organization [R-HSA-446728]	R-HSA-446728	115	115
reactome:Myogenesis [R-HSA-525793]	R-HSA-525793	30	30
reactome:Post-translational protein modification [R-HSA-597592]	R-HSA-597592	1474	1474
reactome:Post-translational protein phosphorylation [R-HSA-8957275]	R-HSA-8957275	108	108
reactome:Apoptosis [R-HSA-109581]	R-HSA-109581	182	180
reactome:Intrinsic Pathway for Apoptosis [R-HSA-109606]	R-HSA-109606	55	55
reactome:Activation of BAD and translocation to mitochondria [R-HSA-111447]	R-HSA-111447	15	15
reactome:Activation of BH3-only proteins [R-HSA-114452]	R-HSA-114452	30	30
reactome:Signaling by ERBB2 [R-HSA-1227986]	R-HSA-1227986	50	50
reactome:PIP3 activates AKT signaling [R-HSA-1257604]	R-HSA-1257604	273	273
reactome:Cytokine Signaling in Immune system [R-HSA-1280215]	R-HSA-1280215	791	786
reactome:Adaptive Immune System [R-HSA-1280218]	R-HSA-1280218	770	768
reactome:Downregulation of ERBB2:ERBB3 signaling [R-HSA-1358803]	R-HSA-1358803	13	13
reactome:Signal Transduction [R-HSA-162582]	R-HSA-162582	2613	2611
reactome:Cell Cycle [R-HSA-1640170]	R-HSA-1640170	693	693
reactome:Regulation of beta-cell development [R-HSA-186712]	R-HSA-186712	41	41
reactome:Signaling by VEGF [R-HSA-194138]	R-HSA-194138	108	108
reactome:AKT phosphorylates targets in the cytosol [R-HSA-198323]	R-HSA-198323	14	14
reactome:AKT phosphorylates targets in the nucleus [R-HSA-198693]	R-HSA-198693	9	9
reactome:Negative regulation of the PI3K/AKT network [R-HSA-199418]	R-HSA-199418	118	118
reactome:Membrane Trafficking [R-HSA-199991]	R-HSA-199991	635	635
reactome:Regulation of gene expression in beta cells [R-HSA-210745]	R-HSA-210745	21	21
reactome:AKT-mediated inactivation of FOXO1A [R-HSA-211163]	R-HSA-211163	4	4
reactome:Generic Transcription Pathway [R-HSA-212436]	R-HSA-212436	1249	1247
reactome:PI3K/AKT Signaling in Cancer [R-HSA-2219528]	R-HSA-2219528	109	109
reactome:Cellular responses to stress [R-HSA-2262752]	R-HSA-2262752	803	801
reactome:Transcriptional Regulation by TP53 [R-HSA-3700989]	R-HSA-3700989	359	359
reactome:Signaling by GPCR [R-HSA-372790]	R-HSA-372790	709	709
reactome:GPCR downstream signalling [R-HSA-388396]	R-HSA-388396	634	634
reactome:Costimulation by the CD28 family [R-HSA-388841]	R-HSA-388841	69	69
reactome:CD28 co-stimulation [R-HSA-389356]	R-HSA-389356	33	33
reactome:CD28 dependent PI3K/Akt signaling [R-HSA-389357]	R-HSA-389357	22	22
reactome:CTLA4 inhibitory signaling [R-HSA-389513]	R-HSA-389513	21	21
reactome:G beta:gamma signalling through PI3Kgamma [R-HSA-392451]	R-HSA-392451	25	25
reactome:G-protein beta:gamma signalling [R-HSA-397795]	R-HSA-397795	32	32
reactome:VEGFA-VEGFR2 Pathway [R-HSA-4420097]	R-HSA-4420097	99	99
reactome:Mitotic G1 phase and G1/S transition [R-HSA-453279]	R-HSA-453279	149	149
reactome:VEGFR2 mediated vascular permeability [R-HSA-5218920]	R-HSA-5218920	29	29
reactome:Programmed Cell Death [R-HSA-5357801]	R-HSA-5357801	217	213
reactome:TP53 Regulates Metabolic Genes [R-HSA-5628897]	R-HSA-5628897	84	84
reactome:Regulation of TP53 Activity [R-HSA-5633007]	R-HSA-5633007	160	160
reactome:Vesicle-mediated transport [R-HSA-5653656]	R-HSA-5653656	674	674
reactome:Diseases of signal transduction by growth factor receptors and second messengers [R-HSA-5663202]	R-HSA-5663202	464	464
reactome:Infectious disease [R-HSA-5663205]	R-HSA-5663205	1273	1022
reactome:Constitutive Signaling by AKT1 E17K in Cancer [R-HSA-5674400]	R-HSA-5674400	25	25
reactome:Regulation of TP53 Degradation [R-HSA-6804757]	R-HSA-6804757	36	36
reactome:Regulation of TP53 Activity through Acetylation [R-HSA-6804758]	R-HSA-6804758	30	30
reactome:Regulation of TP53 Activity through Association with Co-factors [R-HSA-6804759]	R-HSA-6804759	14	14
reactome:Regulation of TP53 Expression and Degradation [R-HSA-6806003]	R-HSA-6806003	37	37
reactome:PTEN Regulation [R-HSA-6807070]	R-HSA-6807070	140	140
reactome:Cyclin E associated events during G1/S transition [R-HSA-69202]	R-HSA-69202	83	83
reactome:G1/S Transition [R-HSA-69206]	R-HSA-69206	131	131
reactome:S Phase [R-HSA-69242]	R-HSA-69242	162	162
reactome:Cell Cycle, Mitotic [R-HSA-69278]	R-HSA-69278	561	561
reactome:Cyclin A:Cdk2-associated events at S phase entry [R-HSA-69656]	R-HSA-69656	85	85
reactome:RNA Polymerase II Transcription [R-HSA-73857]	R-HSA-73857	1373	1371
reactome:Gene expression (Transcription) [R-HSA-74160]	R-HSA-74160	1569	1563
reactome:Downregulation of ERBB2 signaling [R-HSA-8863795]	R-HSA-8863795	29	29
reactome:RAB GEFs exchange GTP for GDP on RABs [R-HSA-8876198]	R-HSA-8876198	90	90
reactome:Transcriptional regulation by RUNX2 [R-HSA-8878166]	R-HSA-8878166	120	120
reactome:ESR-mediated signaling [R-HSA-8939211]	R-HSA-8939211	222	222
reactome:RUNX2 regulates genes involved in cell migration [R-HSA-8941332]	R-HSA-8941332	8	8
reactome:Regulation of PTEN stability and activity [R-HSA-8948751]	R-HSA-8948751	69	69
reactome:Cellular responses to stimuli [R-HSA-8953897]	R-HSA-8953897	817	815
reactome:Intracellular signaling by second messengers [R-HSA-9006925]	R-HSA-9006925	315	315
reactome:Signaling by Nuclear Receptors [R-HSA-9006931]	R-HSA-9006931	298	298
reactome:Signaling by Receptor Tyrosine Kinases [R-HSA-9006934]	R-HSA-9006934	534	534
reactome:Rab regulation of trafficking [R-HSA-9007101]	R-HSA-9007101	124	124
reactome:Extra-nuclear estrogen signaling [R-HSA-9009391]	R-HSA-9009391	77	77
reactome:FLT3 Signaling [R-HSA-9607240]	R-HSA-9607240	38	38
reactome:FOXO-mediated transcription [R-HSA-9614085]	R-HSA-9614085	65	65
reactome:Regulation of localization of FOXO transcription factors [R-HSA-9614399]	R-HSA-9614399	11	11
reactome:Estrogen-dependent nuclear events downstream of ESR-membrane signaling [R-HSA-9634638]	R-HSA-9634638	24	24
reactome:SARS-CoV Infections [R-HSA-9679506]	R-HSA-9679506	417	414
reactome:SARS-CoV-2 Infection [R-HSA-9694516]	R-HSA-9694516	300	299
reactome:SARS-CoV-2-host interactions [R-HSA-9705683]	R-HSA-9705683	204	203
reactome:Cellular response to chemical stress [R-HSA-9711123]	R-HSA-9711123	211	211
reactome:MITF-M-regulated melanocyte development [R-HSA-9730414]	R-HSA-9730414	130	130
reactome:KEAP1-NFE2L2 pathway [R-HSA-9755511]	R-HSA-9755511	126	126
reactome:SARS-CoV-2 targets host intracellular signalling and regulatory pathways [R-HSA-9755779]	R-HSA-9755779	12	12
reactome:Viral Infection Pathways [R-HSA-9824446]	R-HSA-9824446	985	830
reactome:Transcriptional and post-translational regulation of MITF-M expression and activity [R-HSA-9856649]	R-HSA-9856649	51	51
reactome:PPARA activates gene expression [R-HSA-1989781]	R-HSA-1989781	117	117
reactome:Transcriptional regulation of white adipocyte differentiation [R-HSA-381340]	R-HSA-381340	84	84
reactome:Regulation of lipid metabolism by PPARalpha [R-HSA-400206]	R-HSA-400206	119	119
reactome:Metabolism of lipids [R-HSA-556833]	R-HSA-556833	757	757
reactome:Respiratory Syncytial Virus Infection Pathway [R-HSA-9820952]	R-HSA-9820952	123	120
reactome:RSV-host interactions [R-HSA-9833110]	R-HSA-9833110	100	98
reactome:Adipogenesis [R-HSA-9843745]	R-HSA-9843745	110	109
reactome:Nuclear Receptor transcription pathway [R-HSA-383280]	R-HSA-383280	52	52
reactome:Metabolism of amino acids and derivatives [R-HSA-71291]	R-HSA-71291	367	367
reactome:Aspartate and asparagine metabolism [R-HSA-8963693]	R-HSA-8963693	11	11
reactome:DAP12 interactions [R-HSA-2172127]	R-HSA-2172127	45	45
reactome:Synthesis of bile acids and bile salts [R-HSA-192105]	R-HSA-192105	33	33
reactome:Synthesis of bile acids and bile salts via 7alpha-hydroxycholesterol [R-HSA-193368]	R-HSA-193368	23	23
reactome:Bile acid and bile salt metabolism [R-HSA-194068]	R-HSA-194068	44	44
reactome:alpha-linolenic (omega3) and linoleic (omega6) acid metabolism [R-HSA-2046104]	R-HSA-2046104	13	13
reactome:alpha-linolenic acid (ALA) metabolism [R-HSA-2046106]	R-HSA-2046106	13	13
reactome:Beta-oxidation of pristanoyl-CoA [R-HSA-389887]	R-HSA-389887	9	9
reactome:Beta-oxidation of very long chain fatty acids [R-HSA-390247]	R-HSA-390247	11	11
reactome:Peroxisomal lipid metabolism [R-HSA-390918]	R-HSA-390918	29	29
reactome:Metabolism of steroids [R-HSA-8957322]	R-HSA-8957322	154	154
reactome:Fatty acid metabolism [R-HSA-8978868]	R-HSA-8978868	176	176
reactome:Peroxisomal protein import [R-HSA-9033241]	R-HSA-9033241	63	63
reactome:Protein localization [R-HSA-9609507]	R-HSA-9609507	164	164
reactome:Signaling by Rho GTPases [R-HSA-194315]	R-HSA-194315	706	706
reactome:RHO GTPase Effectors [R-HSA-195258]	R-HSA-195258	326	326
reactome:Fcgamma receptor (FCGR) dependent phagocytosis [R-HSA-2029480]	R-HSA-2029480	86	86
reactome:Regulation of actin dynamics for phagocytic cup formation [R-HSA-2029482]	R-HSA-2029482	61	61
reactome:RHO GTPases Activate WASPs and WAVEs [R-HSA-5663213]	R-HSA-5663213	36	36
reactome:RHO GTPase cycle [R-HSA-9012999]	R-HSA-9012999	449	449
reactome:RAC1 GTPase cycle [R-HSA-9013149]	R-HSA-9013149	185	185
reactome:RAC2 GTPase cycle [R-HSA-9013404]	R-HSA-9013404	88	88
reactome:RAC3 GTPase cycle [R-HSA-9013423]	R-HSA-9013423	94	94
reactome:Leishmania infection [R-HSA-9658195]	R-HSA-9658195	167	164
reactome:Parasite infection [R-HSA-9664407]	R-HSA-9664407	62	59
reactome:Leishmania phagocytosis [R-HSA-9664417]	R-HSA-9664417	62	59
reactome:FCGR3A-mediated phagocytosis [R-HSA-9664422]	R-HSA-9664422	62	59
reactome:Signaling by Rho GTPases, Miro GTPases and RHOBTB3 [R-HSA-9716542]	R-HSA-9716542	722	722
reactome:Parasitic Infection Pathways [R-HSA-9824443]	R-HSA-9824443	167	164
reactome:Glycolysis [R-HSA-70171]	R-HSA-70171	73	73
reactome:Glucose metabolism [R-HSA-70326]	R-HSA-70326	84	84
reactome:Metabolism of carbohydrates [R-HSA-71387]	R-HSA-71387	290	290
reactome:Muscle contraction [R-HSA-397014]	R-HSA-397014	205	205
reactome:Phase 3 - rapid repolarisation [R-HSA-5576890]	R-HSA-5576890	9	9
reactome:Cardiac conduction [R-HSA-5576891]	R-HSA-5576891	132	132
reactome:Phase 2 - plateau phase [R-HSA-5576893]	R-HSA-5576893	15	15
reactome:Toll Like Receptor 4 (TLR4) Cascade [R-HSA-166016]	R-HSA-166016	148	147
reactome:MyD88-independent TLR4 cascade [R-HSA-166166]	R-HSA-166166	111	111
reactome:Toll Like Receptor 3 (TLR3) Cascade [R-HSA-168164]	R-HSA-168164	106	106
reactome:Toll-like Receptor Cascades [R-HSA-168898]	R-HSA-168898	174	172
reactome:DDX58/IFIH1-mediated induction of interferon-alpha/beta [R-HSA-168928]	R-HSA-168928	82	82
reactome:TICAM1-dependent activation of IRF3/IRF7 [R-HSA-9013973]	R-HSA-9013973	13	13
reactome:TRAF6 mediated IRF7 activation [R-HSA-933541]	R-HSA-933541	30	30
reactome:Activation of IRF3, IRF7 mediated by TBK1, IKK (IKBKE) [R-HSA-936964]	R-HSA-936964	19	19
reactome:TRIF (TICAM1)-mediated TLR4 signaling [R-HSA-937061]	R-HSA-937061	111	111
reactome:Regulation of TBK1, IKK (IKBKE)-mediated activation of IRF3, IRF7 [R-HSA-9824878]	R-HSA-9824878	15	15
reactome:Regulation of TBK1, IKK-mediated activation of IRF3, IRF7 upon TLR3 ligation [R-HSA-9828211]	R-HSA-9828211	11	11
reactome:Signaling by NOTCH [R-HSA-157118]	R-HSA-157118	235	235
reactome:Macroautophagy [R-HSA-1632852]	R-HSA-1632852	143	143
reactome:Organelle biogenesis and maintenance [R-HSA-1852241]	R-HSA-1852241	298	298
reactome:Signaling by NOTCH1 [R-HSA-1980143]	R-HSA-1980143	74	74
reactome:NOTCH1 Intracellular Domain Regulates Transcription [R-HSA-2122947]	R-HSA-2122947	48	48
reactome:Signaling by NOTCH1 PEST Domain Mutants in Cancer [R-HSA-2644602]	R-HSA-2644602	58	58
reactome:Signaling by NOTCH1 in Cancer [R-HSA-2644603]	R-HSA-2644603	58	58
reactome:Constitutive Signaling by NOTCH1 PEST Domain Mutants [R-HSA-2644606]	R-HSA-2644606	58	58
reactome:Signaling by NOTCH1 HD+PEST Domain Mutants in Cancer [R-HSA-2894858]	R-HSA-2894858	58	58
reactome:Constitutive Signaling by NOTCH1 HD+PEST Domain Mutants [R-HSA-2894862]	R-HSA-2894862	58	58
reactome:HSF1 activation [R-HSA-3371511]	R-HSA-3371511	12	12
reactome:Cellular response to heat stress [R-HSA-3371556]	R-HSA-3371556	89	89
reactome:Notch-HLH transcription pathway [R-HSA-350054]	R-HSA-350054	28	28
reactome:Cilium Assembly [R-HSA-5617833]	R-HSA-5617833	201	201
reactome:RUNX2 regulates osteoblast differentiation [R-HSA-8940973]	R-HSA-8940973	24	24
reactome:RUNX2 regulates bone development [R-HSA-8941326]	R-HSA-8941326	32	32
reactome:Autophagy [R-HSA-9612973]	R-HSA-9612973	158	158
reactome:Chaperone Mediated Autophagy [R-HSA-9613829]	R-HSA-9613829	22	22
reactome:Late endosomal microautophagy [R-HSA-9615710]	R-HSA-9615710	35	35
reactome:Aggrephagy [R-HSA-9646399]	R-HSA-9646399	43	43
reactome:Selective autophagy [R-HSA-9663891]	R-HSA-9663891	89	89
reactome:Sulfide oxidation to sulfate [R-HSA-1614517]	R-HSA-1614517	6	6
reactome:Degradation of cysteine and homocysteine [R-HSA-1614558]	R-HSA-1614558	15	15
reactome:Sulfur amino acid metabolism [R-HSA-1614635]	R-HSA-1614635	29	29
reactome:Immunoregulatory interactions between a Lymphoid and a non-Lymphoid cell [R-HSA-198933]	R-HSA-198933	134	133
reactome:Aerobic respiration and respiratory electron transport [R-HSA-1428517]	R-HSA-1428517	260	260
reactome:Respiratory electron transport [R-HSA-611105]	R-HSA-611105	158	158
reactome:Complex IV assembly [R-HSA-9864848]	R-HSA-9864848	48	48
reactome:Keratinization [R-HSA-6805567]	R-HSA-6805567	217	217
reactome:Beta defensins [R-HSA-1461957]	R-HSA-1461957	40	40
reactome:Defensins [R-HSA-1461973]	R-HSA-1461973	51	50
reactome:Antimicrobial peptides [R-HSA-6803157]	R-HSA-6803157	98	95
reactome:L1CAM interactions [R-HSA-373760]	R-HSA-373760	119	119
reactome:Axon guidance [R-HSA-422475]	R-HSA-422475	548	548
reactome:Nervous system development [R-HSA-9675108]	R-HSA-9675108	573	573
reactome:Telomere Maintenance [R-HSA-157579]	R-HSA-157579	112	112
reactome:Polymerase switching on the C-strand of the telomere [R-HSA-174411]	R-HSA-174411	26	26
reactome:Telomere C-strand (Lagging Strand) Synthesis [R-HSA-174417]	R-HSA-174417	34	34
reactome:Telomere C-strand synthesis initiation [R-HSA-174430]	R-HSA-174430	13	13
reactome:Extension of Telomeres [R-HSA-180786]	R-HSA-180786	51	51
reactome:Chromosome Maintenance [R-HSA-73886]	R-HSA-73886	140	140
reactome:Gamma carboxylation, hypusinylation, hydroxylation, and arylsulfatase activation [R-HSA-163841]	R-HSA-163841	61	61
reactome:Protein hydroxylation [R-HSA-9629569]	R-HSA-9629569	20	20
reactome:Acyl chain remodelling of PC [R-HSA-1482788]	R-HSA-1482788	28	28
reactome:Acyl chain remodelling of PS [R-HSA-1482801]	R-HSA-1482801	23	23
reactome:Acyl chain remodelling of PE [R-HSA-1482839]	R-HSA-1482839	30	30
reactome:Acyl chain remodelling of PG [R-HSA-1482925]	R-HSA-1482925	19	19
reactome:Hydrolysis of LPC [R-HSA-1483115]	R-HSA-1483115	10	10
reactome:Synthesis of PA [R-HSA-1483166]	R-HSA-1483166	40	40
reactome:Glycerophospholipid biosynthesis [R-HSA-1483206]	R-HSA-1483206	129	129
reactome:Phospholipid metabolism [R-HSA-1483257]	R-HSA-1483257	212	212
reactome:XBP1(S) activates chaperone genes [R-HSA-381038]	R-HSA-381038	50	50
reactome:IRE1alpha activates chaperones [R-HSA-381070]	R-HSA-381070	52	52
reactome:Unfolded Protein Response (UPR) [R-HSA-381119]	R-HSA-381119	95	95
reactome:Regulation of PTEN gene transcription [R-HSA-8943724]	R-HSA-8943724	61	61
reactome:HIV Life Cycle [R-HSA-162587]	R-HSA-162587	157	149
reactome:Budding and maturation of HIV virion [R-HSA-162588]	R-HSA-162588	36	29
reactome:Late Phase of HIV Life Cycle [R-HSA-162599]	R-HSA-162599	144	136
reactome:HIV Infection [R-HSA-162906]	R-HSA-162906	239	231
reactome:Uptake and function of anthrax toxins [R-HSA-5210891]	R-HSA-5210891	16	13
reactome:RIPK1-mediated regulated necrosis [R-HSA-5213460]	R-HSA-5213460	34	32
reactome:Regulated Necrosis [R-HSA-5218859]	R-HSA-5218859	62	60
reactome:Uptake and actions of bacterial toxins [R-HSA-5339562]	R-HSA-5339562	38	31
reactome:Regulation of necroptotic cell death [R-HSA-5675482]	R-HSA-5675482	32	32
reactome:Bacterial Infection Pathways [R-HSA-9824439]	R-HSA-9824439	166	73
reactome:Activation of BIM and translocation to mitochondria [R-HSA-111446]	R-HSA-111446	3	3
reactome:BH3-only proteins associate with and inactivate anti-apoptotic BCL-2 members [R-HSA-111453]	R-HSA-111453	9	9
reactome:NRAGE signals death through JNK [R-HSA-193648]	R-HSA-193648	59	59
reactome:p75 NTR receptor-mediated signalling [R-HSA-193704]	R-HSA-193704	97	97
reactome:Cell death signalling via NRAGE, NRIF and NADE [R-HSA-204998]	R-HSA-204998	76	76
reactome:Signaling by BRAF and RAF1 fusions [R-HSA-6802952]	R-HSA-6802952	67	67
reactome:Oncogenic MAPK signaling [R-HSA-6802957]	R-HSA-6802957	84	84
reactome:Death Receptor Signaling [R-HSA-73887]	R-HSA-73887	156	154
reactome:Deregulated CDK5 triggers multiple neurodegenerative pathways in Alzheimer's disease models [R-HSA-8862803]	R-HSA-8862803	22	22
reactome:Neurodegenerative Diseases [R-HSA-8863678]	R-HSA-8863678	22	22
reactome:Transcriptional regulation by RUNX3 [R-HSA-8878159]	R-HSA-8878159	97	96
reactome:RUNX3 regulates BCL2L11 (BIM) transcription [R-HSA-8952158]	R-HSA-8952158	5	5
reactome:FOXO-mediated transcription of cell death genes [R-HSA-9614657]	R-HSA-9614657	16	16
reactome:Diseases of programmed cell death [R-HSA-9645723]	R-HSA-9645723	108	104
reactome:Defective Intrinsic Pathway for Apoptosis [R-HSA-9734009]	R-HSA-9734009	25	25
reactome:Mitochondrial protein import [R-HSA-1268020]	R-HSA-1268020	65	65
reactome:Mitophagy [R-HSA-5205647]	R-HSA-5205647	40	40
reactome:PINK1-PRKN Mediated Mitophagy [R-HSA-5205685]	R-HSA-5205685	33	33
reactome:Signaling by SCF-KIT [R-HSA-1433557]	R-HSA-1433557	43	43
reactome:Regulation of KIT signaling [R-HSA-1433559]	R-HSA-1433559	16	16
reactome:Negative regulation of FLT3 [R-HSA-9706369]	R-HSA-9706369	15	15
reactome:Factors involved in megakaryocyte development and platelet production [R-HSA-983231]	R-HSA-983231	168	168
reactome:Diseases of glycosylation [R-HSA-3781865]	R-HSA-3781865	144	144
reactome:Sialic acid metabolism [R-HSA-4085001]	R-HSA-4085001	33	33
reactome:Defective GNE causes sialuria, NK and IBM2 [R-HSA-4085011]	R-HSA-4085011	1	1
reactome:Biosynthesis of the N-glycan precursor (dolichol lipid-linked oligosaccharide, LLO) and transfer to a nascent protein [R-HSA-446193]	R-HSA-446193	79	79
reactome:Asparagine N-linked glycosylation [R-HSA-446203]	R-HSA-446203	306	306
reactome:Synthesis of substrates in N-glycan biosythesis [R-HSA-446219]	R-HSA-446219	64	64
reactome:Diseases associated with glycosylation precursor biosynthesis [R-HSA-5609975]	R-HSA-5609975	15	15
reactome:Neuronal System [R-HSA-112316]	R-HSA-112316	410	410
reactome:HCN channels [R-HSA-1296061]	R-HSA-1296061	4	4
reactome:Potassium Channels [R-HSA-1296071]	R-HSA-1296071	103	103
reactome:Class A/1 (Rhodopsin-like receptors) [R-HSA-373076]	R-HSA-373076	334	334
reactome:Peptide ligand-binding receptors [R-HSA-375276]	R-HSA-375276	201	201
reactome:G alpha (i) signalling events [R-HSA-418594]	R-HSA-418594	318	318
reactome:Relaxin receptors [R-HSA-444821]	R-HSA-444821	8	8
reactome:GPCR ligand binding [R-HSA-500792]	R-HSA-500792	468	468
reactome:Degradation of beta-catenin by the destruction complex [R-HSA-195253]	R-HSA-195253	83	83
reactome:Signaling by WNT [R-HSA-195721]	R-HSA-195721	331	331
reactome:Beta-catenin phosphorylation cascade [R-HSA-196299]	R-HSA-196299	17	17
reactome:TCF dependent signaling in response to WNT [R-HSA-201681]	R-HSA-201681	232	232
reactome:Disassembly of the destruction complex and recruitment of AXIN to the membrane [R-HSA-4641262]	R-HSA-4641262	31	31
reactome:Attachment of GPI anchor to uPAR [R-HSA-162791]	R-HSA-162791	7	7
reactome:Post-translational modification: synthesis of GPI-anchored proteins [R-HSA-163125]	R-HSA-163125	92	92
reactome:G alpha (12/13) signalling events [R-HSA-416482]	R-HSA-416482	80	80
reactome:Deubiquitination [R-HSA-5688426]	R-HSA-5688426	297	297
reactome:Ub-specific processing proteases [R-HSA-5689880]	R-HSA-5689880	219	219
reactome:Maternal to zygotic transition (MZT) [R-HSA-9816359]	R-HSA-9816359	117	117
reactome:Zygotic genome activation (ZGA) [R-HSA-9819196]	R-HSA-9819196	15	15
reactome:Complement cascade [R-HSA-166658]	R-HSA-166658	58	58
reactome:Initial triggering of complement [R-HSA-166663]	R-HSA-166663	23	23
reactome:Activation of C3 and C5 [R-HSA-174577]	R-HSA-174577	8	8
reactome:Regulation of Complement cascade [R-HSA-977606]	R-HSA-977606	47	47
reactome:Neddylation [R-HSA-8951664]	R-HSA-8951664	246	246
reactome:Antigen processing: Ubiquitination & Proteasome degradation [R-HSA-983168]	R-HSA-983168	309	309
reactome:Class I MHC mediated antigen processing & presentation [R-HSA-983169]	R-HSA-983169	382	381
reactome:Caspase activation via Death Receptors in the presence of ligand [R-HSA-140534]	R-HSA-140534	19	17
reactome:Toll Like Receptor 9 (TLR9) Cascade [R-HSA-168138]	R-HSA-168138	111	111
reactome:Toll Like Receptor 7/8 (TLR7/8) Cascade [R-HSA-168181]	R-HSA-168181	108	108
reactome:ER to Golgi Anterograde Transport [R-HSA-199977]	R-HSA-199977	155	155
reactome:TRIF-mediated programmed cell death [R-HSA-2562578]	R-HSA-2562578	10	10
reactome:Caspase activation via extrinsic apoptotic signalling pathway [R-HSA-5357769]	R-HSA-5357769	29	27
reactome:COPI-mediated anterograde transport [R-HSA-6807878]	R-HSA-6807878	101	101
reactome:COPI-dependent Golgi-to-ER retrograde traffic [R-HSA-6811434]	R-HSA-6811434	99	99
reactome:Intra-Golgi and retrograde Golgi-to-ER traffic [R-HSA-6811442]	R-HSA-6811442	202	202
reactome:Golgi-to-ER retrograde transport [R-HSA-8856688]	R-HSA-8856688	133	133
reactome:IKK complex recruitment mediated by RIP1 [R-HSA-937041]	R-HSA-937041	25	25
reactome:TRAF6-mediated induction of TAK1 complex within TLR4 complex [R-HSA-937072]	R-HSA-937072	17	17
reactome:Transport to the Golgi and subsequent modification [R-HSA-948021]	R-HSA-948021	186	186
reactome:TRAF6 mediated induction of NFkB and MAP kinases upon TLR7/8 or 9 activation [R-HSA-975138]	R-HSA-975138	103	103
reactome:MyD88 dependent cascade initiated on endosome [R-HSA-975155]	R-HSA-975155	104	104
reactome:IRAK2 mediated activation of TAK1 complex upon TLR7/8 or 9 stimulation [R-HSA-975163]	R-HSA-975163	16	16
reactome:POLB-Dependent Long Patch Base Excision Repair [R-HSA-110362]	R-HSA-110362	9	9
reactome:Resolution of AP sites via the multiple-nucleotide patch replacement pathway [R-HSA-110373]	R-HSA-110373	26	26
reactome:HDR through MMEJ (alt-NHEJ) [R-HSA-5685939]	R-HSA-5685939	12	12
reactome:DNA Double-Strand Break Repair [R-HSA-5693532]	R-HSA-5693532	170	170
reactome:Homology Directed Repair [R-HSA-5693538]	R-HSA-5693538	140	140
reactome:DNA Damage Recognition in GG-NER [R-HSA-5696394]	R-HSA-5696394	38	38
reactome:Formation of Incision Complex in GG-NER [R-HSA-5696395]	R-HSA-5696395	43	43
reactome:Nucleotide Excision Repair [R-HSA-5696398]	R-HSA-5696398	109	109
reactome:Global Genome Nucleotide Excision Repair (GG-NER) [R-HSA-5696399]	R-HSA-5696399	84	84
reactome:Dual Incision in GG-NER [R-HSA-5696400]	R-HSA-5696400	41	41
reactome:Base Excision Repair [R-HSA-73884]	R-HSA-73884	91	91
reactome:DNA Repair [R-HSA-73894]	R-HSA-73894	335	335
reactome:Resolution of Abasic Sites (AP sites) [R-HSA-73933]	R-HSA-73933	39	39
reactome:Pre-NOTCH Transcription and Translation [R-HSA-1912408]	R-HSA-1912408	92	92
reactome:Pre-NOTCH Expression and Processing [R-HSA-1912422]	R-HSA-1912422	108	108
reactome:Signaling by NOTCH2 [R-HSA-1980145]	R-HSA-1980145	33	33
reactome:Regulation of gene expression in late stage (branching morphogenesis) pancreatic bud precursor cells [R-HSA-210744]	R-HSA-210744	16	16
reactome:NOTCH2 intracellular domain regulates transcription [R-HSA-2197563]	R-HSA-2197563	12	12
reactome:RUNX3 regulates NOTCH signaling [R-HSA-8941856]	R-HSA-8941856	14	14
reactome:Signaling by NOTCH3 [R-HSA-9012852]	R-HSA-9012852	49	49
reactome:NOTCH3 Intracellular Domain Regulates Transcription [R-HSA-9013508]	R-HSA-9013508	25	25
reactome:Signaling by NOTCH4 [R-HSA-9013694]	R-HSA-9013694	82	82
reactome:NOTCH4 Intracellular Domain Regulates Transcription [R-HSA-9013695]	R-HSA-9013695	20	20
reactome:Gastrulation [R-HSA-9758941]	R-HSA-9758941	126	125
reactome:Formation of paraxial mesoderm [R-HSA-9793380]	R-HSA-9793380	69	69
reactome:RAF/MAP kinase cascade [R-HSA-5673001]	R-HSA-5673001	280	280
reactome:MAPK family signaling cascades [R-HSA-5683057]	R-HSA-5683057	325	325
reactome:MAPK1/MAPK3 signaling [R-HSA-5684996]	R-HSA-5684996	286	286
reactome:Signaling by MET [R-HSA-6806834]	R-HSA-6806834	79	79
reactome:Pyruvate metabolism [R-HSA-70268]	R-HSA-70268	49	49
reactome:MET activates RAS signaling [R-HSA-8851805]	R-HSA-8851805	11	11
reactome:Regulation of pyruvate metabolism [R-HSA-9861718]	R-HSA-9861718	33	33
reactome:Regulation of HSF1-mediated heat shock response [R-HSA-3371453]	R-HSA-3371453	69	69
reactome:Apoptotic cleavage of cellular proteins [R-HSA-111465]	R-HSA-111465	38	38
reactome:Apoptotic cleavage of cell adhesion  proteins [R-HSA-351906]	R-HSA-351906	11	11
reactome:Apoptotic execution phase [R-HSA-75153]	R-HSA-75153	52	52
reactome:Transcriptional regulation by RUNX1 [R-HSA-8878171]	R-HSA-8878171	236	236
reactome:RUNX1 regulates expression of components of tight junctions [R-HSA-8935964]	R-HSA-8935964	5	5
reactome:Condensation of Prophase Chromosomes [R-HSA-2299718]	R-HSA-2299718	73	73
reactome:Condensation of Prometaphase Chromosomes [R-HSA-2514853]	R-HSA-2514853	11	11
reactome:Mitotic Prophase [R-HSA-68875]	R-HSA-68875	141	141
reactome:Mitotic Prometaphase [R-HSA-68877]	R-HSA-68877	205	205
reactome:M Phase [R-HSA-68886]	R-HSA-68886	417	417
reactome:Electric Transmission Across Gap Junctions [R-HSA-112303]	R-HSA-112303	5	5
reactome:Transmission across Electrical Synapses [R-HSA-112307]	R-HSA-112307	5	5
reactome:Gap junction trafficking and regulation [R-HSA-157858]	R-HSA-157858	49	49
reactome:Gap junction trafficking [R-HSA-190828]	R-HSA-190828	47	47
reactome:Gap junction assembly [R-HSA-190861]	R-HSA-190861	36	36
reactome:Antiviral mechanism by IFN-stimulated genes [R-HSA-1169410]	R-HSA-1169410	154	149
reactome:Amplification of signal from the kinetochores [R-HSA-141424]	R-HSA-141424	96	96
reactome:Amplification  of signal from unattached  kinetochores via a MAD2  inhibitory signal [R-HSA-141444]	R-HSA-141444	96	96
reactome:Separation of Sister Chromatids [R-HSA-2467813]	R-HSA-2467813	190	190
reactome:Resolution of Sister Chromatid Cohesion [R-HSA-2500257]	R-HSA-2500257	127	127
reactome:Mitotic Metaphase and Anaphase [R-HSA-2555396]	R-HSA-2555396	236	236
reactome:RHO GTPases Activate Formins [R-HSA-5663220]	R-HSA-5663220	140	140
reactome:Deposition of new CENPA-containing nucleosomes at the centromere [R-HSA-606279]	R-HSA-606279	73	73
reactome:Fanconi Anemia Pathway [R-HSA-6783310]	R-HSA-6783310	40	40
reactome:Mitotic Anaphase [R-HSA-68882]	R-HSA-68882	235	235
reactome:Mitotic Spindle Checkpoint [R-HSA-69618]	R-HSA-69618	112	112
reactome:Cell Cycle Checkpoints [R-HSA-69620]	R-HSA-69620	292	292
reactome:Nucleosome assembly [R-HSA-774815]	R-HSA-774815	73	73
reactome:Interferon Signaling [R-HSA-913531]	R-HSA-913531	274	269
reactome:EML4 and NUDC in mitotic spindle formation [R-HSA-9648025]	R-HSA-9648025	117	117
reactome:PKR-mediated signaling [R-HSA-9833482]	R-HSA-9833482	79	75
reactome:Nuclear Envelope (NE) Reassembly [R-HSA-2995410]	R-HSA-2995410	75	75
reactome:Pyroptosis [R-HSA-5620971]	R-HSA-5620971	28	28
reactome:Endosomal Sorting Complex Required For Transport (ESCRT) [R-HSA-917729]	R-HSA-917729	32	32
reactome:HCMV Infection [R-HSA-9609646]	R-HSA-9609646	290	160
reactome:HCMV Late Events [R-HSA-9610379]	R-HSA-9610379	204	116
reactome:Sealing of the nuclear envelope (NE) by ESCRT-III [R-HSA-9668328]	R-HSA-9668328	31	31
reactome:SARS-CoV-1 Infection [R-HSA-9678108]	R-HSA-9678108	144	142
reactome:Translation of Replicase and Assembly of the Replication Transcription Complex [R-HSA-9679504]	R-HSA-9679504	16	14
reactome:Translation of Replicase and Assembly of the Replication Transcription Complex [R-HSA-9694676]	R-HSA-9694676	16	15
reactome:Early SARS-CoV-2 Infection Events [R-HSA-9772572]	R-HSA-9772572	39	38
reactome:Purine catabolism [R-HSA-74259]	R-HSA-74259	18	18
reactome:Nucleotide catabolism [R-HSA-8956319]	R-HSA-8956319	36	36
reactome:O-linked glycosylation [R-HSA-5173105]	R-HSA-5173105	112	112
reactome:O-linked glycosylation of mucins [R-HSA-913709]	R-HSA-913709	64	64
reactome:DAP12 signaling [R-HSA-2424491]	R-HSA-2424491	30	30
reactome:Visual phototransduction [R-HSA-2187338]	R-HSA-2187338	104	104
reactome:The phototransduction cascade [R-HSA-2514856]	R-HSA-2514856	37	37
reactome:Inactivation, recovery and regulation of the phototransduction cascade [R-HSA-2514859]	R-HSA-2514859	36	36
reactome:RAS processing [R-HSA-9648002]	R-HSA-9648002	27	27
reactome:Potential therapeutics for SARS [R-HSA-9679191]	R-HSA-9679191	99	99
reactome:Sensory Perception [R-HSA-9709957]	R-HSA-9709957	609	609
reactome:Host Interactions of HIV factors [R-HSA-162909]	R-HSA-162909	137	130
reactome:Nef-mediates down modulation of cell surface receptors by recruiting them to clathrin adapters [R-HSA-164938]	R-HSA-164938	22	21
reactome:Nef mediated downregulation of MHC class I complex cell surface expression [R-HSA-164940]	R-HSA-164940	11	10
reactome:The role of Nef in HIV-1 replication and disease pathogenesis [R-HSA-164952]	R-HSA-164952	29	28
reactome:trans-Golgi Network Vesicle Budding [R-HSA-199992]	R-HSA-199992	72	72
reactome:MHC class II antigen presentation [R-HSA-2132295]	R-HSA-2132295	123	123
reactome:Lysosome Vesicle Biogenesis [R-HSA-432720]	R-HSA-432720	35	35
reactome:Golgi Associated Vesicle Biogenesis [R-HSA-432722]	R-HSA-432722	56	56
reactome:Oxidative Stress Induced Senescence [R-HSA-2559580]	R-HSA-2559580	126	124
reactome:Cellular Senescence [R-HSA-2559583]	R-HSA-2559583	197	195
reactome:SUMOylation [R-HSA-2990846]	R-HSA-2990846	189	189
reactome:SUMOylation of DNA damage response and repair proteins [R-HSA-3108214]	R-HSA-3108214	77	77
reactome:SUMO E3 ligases SUMOylate target proteins [R-HSA-3108232]	R-HSA-3108232	183	183
reactome:SUMOylation of transcription cofactors [R-HSA-3899300]	R-HSA-3899300	45	45
reactome:SUMOylation of chromatin organization proteins [R-HSA-4551638]	R-HSA-4551638	71	71
reactome:SUMOylation of RNA binding proteins [R-HSA-4570464]	R-HSA-4570464	47	47
reactome:SUMOylation of DNA methylation proteins [R-HSA-4655427]	R-HSA-4655427	17	17
reactome:RUNX1 interacts with co-factors whose precise effect on RUNX1 targets is not known [R-HSA-8939243]	R-HSA-8939243	38	38
reactome:Transcriptional Regulation by E2F6 [R-HSA-8953750]	R-HSA-8953750	35	35
reactome:Stimuli-sensing channels [R-HSA-2672351]	R-HSA-2672351	109	109
reactome:Transport of small molecules [R-HSA-382551]	R-HSA-382551	738	738
reactome:Ion channel transport [R-HSA-983712]	R-HSA-983712	186	186
reactome:Formation of TC-NER Pre-Incision Complex [R-HSA-6781823]	R-HSA-6781823	52	52
reactome:Transcription-Coupled Nucleotide Excision Repair (TC-NER) [R-HSA-6781827]	R-HSA-6781827	77	77
reactome:Dual incision in TC-NER [R-HSA-6782135]	R-HSA-6782135	64	64
reactome:Gap-filling DNA repair synthesis and ligation in TC-NER [R-HSA-6782210]	R-HSA-6782210	63	63
reactome:mRNA Splicing - Major Pathway [R-HSA-72163]	R-HSA-72163	207	207
reactome:mRNA Splicing [R-HSA-72172]	R-HSA-72172	215	215
reactome:Processing of Capped Intron-Containing Pre-mRNA [R-HSA-72203]	R-HSA-72203	285	285
reactome:Metabolism of RNA [R-HSA-8953854]	R-HSA-8953854	729	726
reactome:SUMO is conjugated to E1 (UBA2:SAE1) [R-HSA-3065676]	R-HSA-3065676	5	5
reactome:SUMO is transferred from E1 to E2 (UBE2I, UBC9) [R-HSA-3065678]	R-HSA-3065678	7	7
reactome:Processing and activation of SUMO [R-HSA-3215018]	R-HSA-3215018	10	10
reactome:Cytosolic tRNA aminoacylation [R-HSA-379716]	R-HSA-379716	24	24
reactome:tRNA Aminoacylation [R-HSA-379724]	R-HSA-379724	42	42
reactome:Translation [R-HSA-72766]	R-HSA-72766	292	292
reactome:Glycosaminoglycan metabolism [R-HSA-1630316]	R-HSA-1630316	126	126
reactome:Hyaluronan metabolism [R-HSA-2142845]	R-HSA-2142845	17	17
reactome:Hyaluronan biosynthesis and export [R-HSA-2142850]	R-HSA-2142850	5	5
reactome:ABC-family proteins mediated transport [R-HSA-382556]	R-HSA-382556	103	103
reactome:Azathioprine ADME [R-HSA-9748787]	R-HSA-9748787	24	24
reactome:Mitochondrial ABC transporters [R-HSA-1369007]	R-HSA-1369007	4	4
reactome:ABC transporter disorders [R-HSA-5619084]	R-HSA-5619084	78	78
reactome:Disorders of transmembrane transporters [R-HSA-5619115]	R-HSA-5619115	176	176
reactome:Defective ABCB6 causes MCOPCB7 [R-HSA-5683371]	R-HSA-5683371	1	1
reactome:Regulation of CDH11 Expression and Function [R-HSA-9759475]	R-HSA-9759475	28	28
reactome:Regulation of Homotypic Cell-Cell Adhesion [R-HSA-9759476]	R-HSA-9759476	31	31
reactome:Regulation of CDH11 function [R-HSA-9762292]	R-HSA-9762292	11	11
reactome:Regulation of Expression and Function of Type II Classical Cadherins [R-HSA-9764260]	R-HSA-9764260	31	31
reactome:CDH11 homotypic and heterotypic interactions [R-HSA-9833576]	R-HSA-9833576	7	7
reactome:ATP sensitive Potassium channels [R-HSA-1296025]	R-HSA-1296025	4	4
reactome:Inwardly rectifying K+ channels [R-HSA-1296065]	R-HSA-1296065	35	35
reactome:Ion homeostasis [R-HSA-5578775]	R-HSA-5578775	56	56
reactome:Defective ABCC9 causes CMD10, ATFB12 and Cantu syndrome [R-HSA-5678420]	R-HSA-5678420	2	2
reactome:Nuclear events mediated by NFE2L2 [R-HSA-9759194]	R-HSA-9759194	97	97
reactome:NFE2L2 regulating MDR associated enzymes [R-HSA-9818032]	R-HSA-9818032	9	9
reactome:Plasma lipoprotein assembly, remodeling, and clearance [R-HSA-174824]	R-HSA-174824	75	75
reactome:SUMOylation of intracellular receptors [R-HSA-4090294]	R-HSA-4090294	30	30
reactome:VLDLR internalisation and degradation [R-HSA-8866427]	R-HSA-8866427	16	16
reactome:Plasma lipoprotein clearance [R-HSA-8964043]	R-HSA-8964043	37	37
reactome:NR1H2 and NR1H3-mediated signaling [R-HSA-9024446]	R-HSA-9024446	47	47
reactome:NR1H2 & NR1H3 regulate gene expression linked to lipogenesis [R-HSA-9029558]	R-HSA-9029558	9	9
reactome:NR1H3 & NR1H2 regulate gene expression linked to cholesterol transport and efflux [R-HSA-9029569]	R-HSA-9029569	37	37
reactome:NR1H2 & NR1H3 regulate gene expression to limit cholesterol uptake [R-HSA-9031525]	R-HSA-9031525	5	5
reactome:NR1H2 & NR1H3 regulate gene expression linked to triglyceride lipolysis in adipose [R-HSA-9031528]	R-HSA-9031528	5	5
reactome:NR1H2 & NR1H3 regulate gene expression to control bile acid homeostasis [R-HSA-9623433]	R-HSA-9623433	9	9
reactome:NR1H2 & NR1H3 regulate gene expression linked to gluconeogenesis [R-HSA-9632974]	R-HSA-9632974	5	5
reactome:Formation of the cornified envelope [R-HSA-6809371]	R-HSA-6809371	129	129
reactome:Interleukin-1 family signaling [R-HSA-446652]	R-HSA-446652	153	153
reactome:Signaling by Interleukins [R-HSA-449147]	R-HSA-449147	473	473
reactome:Interleukin-37 signaling [R-HSA-9008059]	R-HSA-9008059	21	21
reactome:Interleukin-18 signaling [R-HSA-9012546]	R-HSA-9012546	8	8
reactome:Diseases associated with O-glycosylation of proteins [R-HSA-3906995]	R-HSA-3906995	69	69
reactome:Defective GALNT3 causes HFTC [R-HSA-5083625]	R-HSA-5083625	18	18
reactome:Defective C1GALT1C1 causes TNPS [R-HSA-5083632]	R-HSA-5083632	19	19
reactome:Defective GALNT12 causes CRCS1 [R-HSA-5083636]	R-HSA-5083636	18	18
reactome:Dectin-2 family [R-HSA-5621480]	R-HSA-5621480	29	28
reactome:C-type lectin receptors (CLRs) [R-HSA-5621481]	R-HSA-5621481	144	143
reactome:Termination of O-glycan biosynthesis [R-HSA-977068]	R-HSA-977068	25	25
reactome:snRNP Assembly [R-HSA-191859]	R-HSA-191859	53	53
reactome:Metabolism of non-coding RNA [R-HSA-194441]	R-HSA-194441	53	53
reactome:Ion transport by P-type ATPases [R-HSA-936837]	R-HSA-936837	57	57
reactome:mRNA Splicing - Minor Pathway [R-HSA-72165]	R-HSA-72165	50	50
reactome:Heparan sulfate/heparin (HS-GAG) metabolism [R-HSA-1638091]	R-HSA-1638091	57	57
reactome:Chondroitin sulfate/dermatan sulfate metabolism [R-HSA-1793185]	R-HSA-1793185	50	50
reactome:Metabolism of vitamins and cofactors [R-HSA-196854]	R-HSA-196854	200	200
reactome:A tetrasaccharide linker sequence is required for GAG synthesis [R-HSA-1971475]	R-HSA-1971475	26	26
reactome:HS-GAG biosynthesis [R-HSA-2022928]	R-HSA-2022928	31	31
reactome:HS-GAG degradation [R-HSA-2024096]	R-HSA-2024096	24	24
reactome:Diseases associated with glycosaminoglycan metabolism [R-HSA-3560782]	R-HSA-3560782	41	41
reactome:Defective B4GALT7 causes EDS, progeroid type [R-HSA-3560783]	R-HSA-3560783	20	20
reactome:Defective B3GAT3 causes JDSSDHD [R-HSA-3560801]	R-HSA-3560801	20	20
reactome:Defective EXT2 causes exostoses 2 [R-HSA-3656237]	R-HSA-3656237	14	14
reactome:Defective EXT1 causes exostoses 1, TRPS2 and CHDS [R-HSA-3656253]	R-HSA-3656253	14	14
reactome:Defective B3GALT6 causes EDSP2 and SEMDJL1 [R-HSA-4420332]	R-HSA-4420332	20	20
reactome:Metabolism of fat-soluble vitamins [R-HSA-6806667]	R-HSA-6806667	48	48
reactome:Attachment and Entry [R-HSA-9694614]	R-HSA-9694614	20	19
reactome:Retinoid metabolism and transport [R-HSA-975634]	R-HSA-975634	44	44
reactome:Respiratory syncytial virus (RSV) attachment and entry [R-HSA-9820960]	R-HSA-9820960	24	23
reactome:Sensory processing of sound [R-HSA-9659379]	R-HSA-9659379	76	76
reactome:Sensory processing of sound by inner hair cells of the cochlea [R-HSA-9662360]	R-HSA-9662360	69	69
reactome:Sensory processing of sound by outer hair cells of the cochlea [R-HSA-9662361]	R-HSA-9662361	54	54
reactome:Epigenetic regulation of gene expression [R-HSA-212165]	R-HSA-212165	258	254
reactome:NoRC negatively regulates rRNA expression [R-HSA-427413]	R-HSA-427413	108	106
reactome:Negative epigenetic regulation of rRNA expression [R-HSA-5250941]	R-HSA-5250941	111	109
reactome:rRNA modification in the nucleus and cytosol [R-HSA-6790901]	R-HSA-6790901	63	61
reactome:Major pathway of rRNA processing in the nucleolus and cytosol [R-HSA-6791226]	R-HSA-6791226	187	185
reactome:rRNA processing [R-HSA-72312]	R-HSA-72312	208	205
reactome:RNA Polymerase I Transcription Termination [R-HSA-73863]	R-HSA-73863	34	32
reactome:RNA Polymerase I Transcription [R-HSA-73864]	R-HSA-73864	113	111
reactome:rRNA processing in the nucleus and cytosol [R-HSA-8868773]	R-HSA-8868773	197	195
reactome:Cytochrome P450 - arranged by substrate type [R-HSA-211897]	R-HSA-211897	66	66
reactome:Phase I - Functionalization of compounds [R-HSA-211945]	R-HSA-211945	106	106
reactome:Xenobiotics [R-HSA-211981]	R-HSA-211981	25	25
reactome:Sphingolipid de novo biosynthesis [R-HSA-1660661]	R-HSA-1660661	37	37
reactome:Sphingolipid metabolism [R-HSA-428157]	R-HSA-428157	106	106
reactome:Tandem pore domain potassium channels [R-HSA-1296346]	R-HSA-1296346	12	12
reactome:Tandem of pore domain in a weak inwardly rectifying K+ channels (TWIK) [R-HSA-1299308]	R-HSA-1299308	3	3
reactome:Phase 4 - resting membrane potential [R-HSA-5576886]	R-HSA-5576886	19	19
reactome:Regulation of CDH11 mRNA translation by microRNAs [R-HSA-9759811]	R-HSA-9759811	9	9
reactome:Dermatan sulfate biosynthesis [R-HSA-2022923]	R-HSA-2022923	11	11
reactome:mRNA Editing: C to U Conversion [R-HSA-72200]	R-HSA-72200	9	9
reactome:mRNA Editing [R-HSA-75072]	R-HSA-75072	11	11
reactome:Formation of the Editosome [R-HSA-75094]	R-HSA-75094	9	9
reactome:EPH-Ephrin signaling [R-HSA-2682334]	R-HSA-2682334	92	92
reactome:EPHB-mediated forward signaling [R-HSA-3928662]	R-HSA-3928662	42	42
reactome:Clathrin-mediated endocytosis [R-HSA-8856828]	R-HSA-8856828	146	146
reactome:Amyloid fiber formation [R-HSA-977225]	R-HSA-977225	110	110
reactome:Complex I biogenesis [R-HSA-6799198]	R-HSA-6799198	68	68
reactome:Degradation of the extracellular matrix [R-HSA-1474228]	R-HSA-1474228	140	140
reactome:Extracellular matrix organization [R-HSA-1474244]	R-HSA-1474244	300	300
reactome:Cytosolic iron-sulfur cluster assembly [R-HSA-2564830]	R-HSA-2564830	13	13
reactome:Mitochondrial translation [R-HSA-5368287]	R-HSA-5368287	93	93
reactome:Mitochondrial translation elongation [R-HSA-5389840]	R-HSA-5389840	87	87
reactome:CDC42 GTPase cycle [R-HSA-9013148]	R-HSA-9013148	155	155
reactome:RHOD GTPase cycle [R-HSA-9013405]	R-HSA-9013405	54	54
reactome:The retinoid cycle in cones (daylight vision) [R-HSA-2187335]	R-HSA-2187335	8	8
reactome:Retinoid cycle disease events [R-HSA-2453864]	R-HSA-2453864	14	14
reactome:Diseases associated with visual transduction [R-HSA-2474795]	R-HSA-2474795	14	14
reactome:Opsins [R-HSA-419771]	R-HSA-419771	10	10
reactome:Diseases of the neuronal system [R-HSA-9675143]	R-HSA-9675143	14	14
reactome:Interferon gamma signaling [R-HSA-877300]	R-HSA-877300	96	96
reactome:Reproduction [R-HSA-1474165]	R-HSA-1474165	156	156
reactome:Meiosis [R-HSA-1500620]	R-HSA-1500620	119	119
reactome:DNA Damage/Telomere Stress Induced Senescence [R-HSA-2559586]	R-HSA-2559586	79	79
reactome:HDR through Single Strand Annealing (SSA) [R-HSA-5685938]	R-HSA-5685938	37	37
reactome:HDR through Homologous Recombination (HRR) [R-HSA-5685942]	R-HSA-5685942	70	70
reactome:Resolution of D-Loop Structures [R-HSA-5693537]	R-HSA-5693537	37	37
reactome:Sensing of DNA Double Strand Breaks [R-HSA-5693548]	R-HSA-5693548	6	6
reactome:Resolution of D-loop Structures through Synthesis-Dependent Strand Annealing (SDSA) [R-HSA-5693554]	R-HSA-5693554	27	27
reactome:Recruitment and ATM-mediated phosphorylation of repair and signaling proteins at DNA double strand breaks [R-HSA-5693565]	R-HSA-5693565	77	77
reactome:HDR through Homologous Recombination (HRR) or Single Strand Annealing (SSA) [R-HSA-5693567]	R-HSA-5693567	134	134
reactome:Resolution of D-loop Structures through Holliday Junction Intermediates [R-HSA-5693568]	R-HSA-5693568	36	36
reactome:Nonhomologous End-Joining (NHEJ) [R-HSA-5693571]	R-HSA-5693571	68	68
reactome:Homologous DNA Pairing and Strand Exchange [R-HSA-5693579]	R-HSA-5693579	43	43
reactome:DNA Double Strand Break Response [R-HSA-5693606]	R-HSA-5693606	78	78
reactome:Processing of DNA double-strand break ends [R-HSA-5693607]	R-HSA-5693607	97	97
reactome:Presynaptic phase of homologous DNA pairing and strand exchange [R-HSA-5693616]	R-HSA-5693616	40	40
reactome:Regulation of TP53 Activity through Phosphorylation [R-HSA-6804756]	R-HSA-6804756	92	92
reactome:G2/M DNA damage checkpoint [R-HSA-69473]	R-HSA-69473	94	94
reactome:G2/M Checkpoints [R-HSA-69481]	R-HSA-69481	167	167
reactome:Meiotic recombination [R-HSA-912446]	R-HSA-912446	87	87
reactome:Diseases of DNA repair [R-HSA-9675135]	R-HSA-9675135	51	51
reactome:Diseases of DNA Double-Strand Break Repair [R-HSA-9675136]	R-HSA-9675136	41	41
reactome:Defective homologous recombination repair (HRR) due to BRCA2 loss of function [R-HSA-9701190]	R-HSA-9701190	41	41
reactome:Defective homologous recombination repair (HRR) due to BRCA1 loss of function [R-HSA-9701192]	R-HSA-9701192	25	25
reactome:Defective homologous recombination repair (HRR) due to PALB2 loss of function [R-HSA-9701193]	R-HSA-9701193	25	25
reactome:Defective HDR through Homologous Recombination Repair (HRR) due to PALB2 loss of BRCA1 binding function [R-HSA-9704331]	R-HSA-9704331	25	25
reactome:Defective HDR through Homologous Recombination Repair (HRR) due to PALB2 loss of BRCA2/RAD51/RAD51C binding function [R-HSA-9704646]	R-HSA-9704646	25	25
reactome:Impaired BRCA2 binding to RAD51 [R-HSA-9709570]	R-HSA-9709570	35	35
reactome:Impaired BRCA2 binding to PALB2 [R-HSA-9709603]	R-HSA-9709603	24	24
reactome:Mitotic Telophase/Cytokinesis [R-HSA-68884]	R-HSA-68884	13	13
reactome:Kinesins [R-HSA-983189]	R-HSA-983189	59	59
reactome:COPII-mediated vesicle transport [R-HSA-204005]	R-HSA-204005	69	69
reactome:Cargo concentration in the ER [R-HSA-5694530]	R-HSA-5694530	33	33
reactome:Regulation of PLK1 Activity at G2/M Transition [R-HSA-2565942]	R-HSA-2565942	88	88
reactome:HSP90 chaperone cycle for steroid hormone receptors (SHR) in the presence of ligand [R-HSA-3371497]	R-HSA-3371497	55	55
reactome:Loss of Nlp from mitotic centrosomes [R-HSA-380259]	R-HSA-380259	70	70
reactome:Recruitment of mitotic centrosome proteins and complexes [R-HSA-380270]	R-HSA-380270	82	82
reactome:Loss of proteins required for interphase microtubule organization from the centrosome [R-HSA-380284]	R-HSA-380284	70	70
reactome:Centrosome maturation [R-HSA-380287]	R-HSA-380287	82	82
reactome:Recruitment of NuMA to mitotic centrosomes [R-HSA-380320]	R-HSA-380320	94	94
reactome:Mitotic G2-G2/M phases [R-HSA-453274]	R-HSA-453274	199	199
reactome:Anchoring of the basal body to the plasma membrane [R-HSA-5620912]	R-HSA-5620912	98	98
reactome:COPI-independent Golgi-to-ER retrograde traffic [R-HSA-6811436]	R-HSA-6811436	51	51
reactome:G2/M Transition [R-HSA-69275]	R-HSA-69275	197	197
reactome:AURKA Activation by TPX2 [R-HSA-8854518]	R-HSA-8854518	73	73
reactome:Effects of PIP2 hydrolysis [R-HSA-114508]	R-HSA-114508	27	27
reactome:Downstream signaling events of B Cell Receptor (BCR) [R-HSA-1168372]	R-HSA-1168372	83	83
reactome:Activation of RAS in B cells [R-HSA-1169092]	R-HSA-1169092	5	5
reactome:Fc epsilon receptor (FCERI) signaling [R-HSA-2454202]	R-HSA-2454202	134	134
reactome:FCERI mediated NF-kB activation [R-HSA-2871837]	R-HSA-2871837	82	82
reactome:Integrin signaling [R-HSA-354192]	R-HSA-354192	27	27
reactome:Rap1 signalling [R-HSA-392517]	R-HSA-392517	16	16
reactome:G alpha (q) signalling events [R-HSA-416476]	R-HSA-416476	216	216
reactome:Platelet Aggregation (Plug Formation) [R-HSA-76009]	R-HSA-76009	39	39
reactome:Signaling by the B Cell Receptor (BCR) [R-HSA-983705]	R-HSA-983705	112	112
reactome:Signaling by NTRKs [R-HSA-166520]	R-HSA-166520	134	134
reactome:Retrograde neurotrophin signalling [R-HSA-177504]	R-HSA-177504	14	14
reactome:Signaling by NTRK1 (TRKA) [R-HSA-187037]	R-HSA-187037	115	115
reactome:Mitochondrial RNA degradation [R-HSA-9836573]	R-HSA-9836573	11	10
reactome:Citric acid cycle (TCA cycle) [R-HSA-71403]	R-HSA-71403	34	34
reactome:TNFR1-induced proapoptotic signaling [R-HSA-5357786]	R-HSA-5357786	25	25
reactome:Regulation of TNFR1 signaling [R-HSA-5357905]	R-HSA-5357905	50	48
reactome:TNFR1-induced NF-kappa-B signaling pathway [R-HSA-5357956]	R-HSA-5357956	33	33
reactome:TNF signaling [R-HSA-75893]	R-HSA-75893	59	57
reactome:TBC/RABGAPs [R-HSA-8854214]	R-HSA-8854214	46	46
reactome:RHOA GTPase cycle [R-HSA-8980692]	R-HSA-8980692	147	147
reactome:Antigen Presentation: Folding, assembly and peptide loading of class I MHC [R-HSA-983170]	R-HSA-983170	29	29
reactome:BMAL1:CLOCK,NPAS2 activates circadian gene expression [R-HSA-1368108]	R-HSA-1368108	27	27
reactome:Nicotinate metabolism [R-HSA-196807]	R-HSA-196807	31	31
reactome:Metabolism of water-soluble vitamins and cofactors [R-HSA-196849]	R-HSA-196849	127	127
reactome:Nicotinamide salvaging [R-HSA-197264]	R-HSA-197264	19	19
reactome:Circadian Clock [R-HSA-400253]	R-HSA-400253	70	70
reactome:Transcriptional Regulation by NPAS4 [R-HSA-9634815]	R-HSA-9634815	34	34
reactome:NPAS4 regulates expression of target genes [R-HSA-9768919]	R-HSA-9768919	22	22
reactome:Retrograde transport at the Trans-Golgi-Network [R-HSA-6811440]	R-HSA-6811440	49	49
reactome:SARS-CoV-2 activates/modulates innate and adaptive immune responses [R-HSA-9705671]	R-HSA-9705671	127	126
reactome:Interleukin-12 family signaling [R-HSA-447115]	R-HSA-447115	57	57
reactome:Interleukin-35 Signalling [R-HSA-8984722]	R-HSA-8984722	12	12
reactome:Interleukin-27 signaling [R-HSA-9020956]	R-HSA-9020956	11	11
reactome:Semaphorin interactions [R-HSA-373755]	R-HSA-373755	65	65
reactome:Other semaphorin interactions [R-HSA-416700]	R-HSA-416700	19	19
reactome:HCMV Early Events [R-HSA-9609690]	R-HSA-9609690	235	135
reactome:Regulation of endogenous retroelements [R-HSA-9842860]	R-HSA-9842860	144	142
reactome:Regulation of endogenous retroelements by KRAB-ZFP proteins [R-HSA-9843940]	R-HSA-9843940	107	107
reactome:Regulation of RAS by GAPs [R-HSA-5658442]	R-HSA-5658442	68	68
reactome:Lysine catabolism [R-HSA-71064]	R-HSA-71064	12	12
reactome:Metabolism of Angiotensinogen to Angiotensins [R-HSA-2022377]	R-HSA-2022377	17	17
reactome:Peptide hormone metabolism [R-HSA-2980736]	R-HSA-2980736	88	88
reactome:RHOF GTPase cycle [R-HSA-9035034]	R-HSA-9035034	42	42
reactome:P2Y receptors [R-HSA-417957]	R-HSA-417957	12	12
reactome:Nucleotide-like (purinergic) receptors [R-HSA-418038]	R-HSA-418038	16	16
reactome:Malate-aspartate shuttle [R-HSA-9856872]	R-HSA-9856872	9	9
reactome:Urea cycle [R-HSA-70635]	R-HSA-70635	10	10
reactome:G0 and Early G1 [R-HSA-1538133]	R-HSA-1538133	27	27
reactome:Telomere Extension By Telomerase [R-HSA-171319]	R-HSA-171319	23	23
reactome:APC/C-mediated degradation of cell cycle proteins [R-HSA-174143]	R-HSA-174143	87	87
reactome:Activation of ATR in response to replication stress [R-HSA-176187]	R-HSA-176187	37	37
reactome:Regulation of APC/C activators between G1/S and early anaphase [R-HSA-176408]	R-HSA-176408	80	80
reactome:SCF(Skp2)-mediated degradation of p27/p21 [R-HSA-187577]	R-HSA-187577	60	60
reactome:Senescence-Associated Secretory Phenotype (SASP) [R-HSA-2559582]	R-HSA-2559582	110	110
reactome:Regulation of mitotic cell cycle [R-HSA-453276]	R-HSA-453276	87	87
reactome:TP53 Regulates Transcription of Cell Cycle Genes [R-HSA-6791312]	R-HSA-6791312	48	48
reactome:TP53 Regulates Transcription of Genes Involved in G1 Cell Cycle Arrest [R-HSA-6804116]	R-HSA-6804116	14	14
reactome:G2 Phase [R-HSA-68911]	R-HSA-68911	5	5
reactome:Orc1 removal from chromatin [R-HSA-68949]	R-HSA-68949	71	71
reactome:Activation of the pre-replicative complex [R-HSA-68962]	R-HSA-68962	33	33
reactome:DNA Replication Pre-Initiation [R-HSA-69002]	R-HSA-69002	158	158
reactome:CDK-mediated phosphorylation and removal of Cdc6 [R-HSA-69017]	R-HSA-69017	72	72
reactome:Switching of origins to a post-replicative state [R-HSA-69052]	R-HSA-69052	91	91
reactome:Phosphorylation of proteins involved in G1/S transition by active Cyclin E:Cdk2 complexes [R-HSA-69200]	R-HSA-69200	4	4
reactome:Cyclin D associated events in G1 [R-HSA-69231]	R-HSA-69231	47	47
reactome:G1 Phase [R-HSA-69236]	R-HSA-69236	47	47
reactome:Synthesis of DNA [R-HSA-69239]	R-HSA-69239	120	120
reactome:Cyclin A/B1/B2 associated events during G2/M transition [R-HSA-69273]	R-HSA-69273	25	25
reactome:DNA Replication [R-HSA-69306]	R-HSA-69306	186	186
reactome:p53-Dependent G1 DNA Damage Response [R-HSA-69563]	R-HSA-69563	66	66
reactome:p53-Dependent G1/S DNA damage checkpoint [R-HSA-69580]	R-HSA-69580	66	66
reactome:G1/S DNA Damage Checkpoints [R-HSA-69615]	R-HSA-69615	68	68
reactome:Signaling by PTK6 [R-HSA-8848021]	R-HSA-8848021	54	54
reactome:PTK6 Regulates Cell Cycle [R-HSA-8849470]	R-HSA-8849470	6	6
reactome:Signaling by Non-Receptor Tyrosine Kinases [R-HSA-9006927]	R-HSA-9006927	54	54
reactome:Transcriptional regulation of granulopoiesis [R-HSA-9616222]	R-HSA-9616222	89	89
reactome:Aberrant regulation of mitotic G1/S transition in cancer due to RB1 defects [R-HSA-9659787]	R-HSA-9659787	17	17
reactome:Defective binding of RB1 mutants to E2F1,(E2F2, E2F3) [R-HSA-9661069]	R-HSA-9661069	17	17
reactome:Diseases of mitotic cell cycle [R-HSA-9675126]	R-HSA-9675126	37	37
reactome:Aberrant regulation of mitotic cell cycle due to RB1 defects [R-HSA-9687139]	R-HSA-9687139	35	35
reactome:Regulation of MITF-M-dependent genes involved in cell cycle and proliferation [R-HSA-9825892]	R-HSA-9825892	17	17
reactome:MITF-M-dependent gene expression [R-HSA-9856651]	R-HSA-9856651	88	88
reactome:The canonical retinoid cycle in rods (twilight vision) [R-HSA-2453902]	R-HSA-2453902	23	23
reactome:Signaling by Retinoic Acid [R-HSA-5362517]	R-HSA-5362517	43	43
reactome:RA biosynthesis pathway [R-HSA-5365859]	R-HSA-5365859	22	22
reactome:Smooth Muscle Contraction [R-HSA-445355]	R-HSA-445355	45	45
reactome:Regulation of endogenous retroelements by the Human Silencing Hub (HUSH) complex [R-HSA-9843970]	R-HSA-9843970	72	70
reactome:Signaling by LTK [R-HSA-9842663]	R-HSA-9842663	12	12
reactome:Transport of the SLBP independent Mature mRNA [R-HSA-159227]	R-HSA-159227	34	34
reactome:Transport of the SLBP Dependant Mature mRNA [R-HSA-159230]	R-HSA-159230	35	35
reactome:Transport of Mature mRNA Derived from an Intronless Transcript [R-HSA-159231]	R-HSA-159231	41	41
reactome:Transport of Mature mRNAs Derived from Intronless Transcripts [R-HSA-159234]	R-HSA-159234	42	42
reactome:Transport of Mature mRNA derived from an Intron-Containing Transcript [R-HSA-159236]	R-HSA-159236	75	75
reactome:mRNA 3'-end processing [R-HSA-72187]	R-HSA-72187	59	59
reactome:Transport of Mature Transcript to Cytoplasm [R-HSA-72202]	R-HSA-72202	84	84
reactome:RNA Polymerase II Transcription Termination [R-HSA-73856]	R-HSA-73856	68	68
reactome:Oncogene Induced Senescence [R-HSA-2559585]	R-HSA-2559585	35	33
reactome:RMTs methylate histone arginines [R-HSA-3214858]	R-HSA-3214858	78	78
reactome:Chromatin modifying enzymes [R-HSA-3247509]	R-HSA-3247509	270	270
reactome:Chromatin organization [R-HSA-4839726]	R-HSA-4839726	270	270
reactome:Ubiquitin-dependent degradation of Cyclin D [R-HSA-75815]	R-HSA-75815	52	52
reactome:Diseases of Cellular Senescence [R-HSA-9630747]	R-HSA-9630747	3	3
reactome:Evasion of Oncogene Induced Senescence Due to p16INK4A Defects [R-HSA-9630750]	R-HSA-9630750	3	3
reactome:Evasion of Oncogene Induced Senescence Due to Defective p16INK4A binding to CDK4 [R-HSA-9630791]	R-HSA-9630791	2	2
reactome:Evasion of Oncogene Induced Senescence Due to Defective p16INK4A binding to CDK4 and CDK6 [R-HSA-9630794]	R-HSA-9630794	3	3
reactome:Evasion of Oxidative Stress Induced Senescence Due to p16INK4A Defects [R-HSA-9632693]	R-HSA-9632693	3	3
reactome:Evasion of Oxidative Stress Induced Senescence Due to Defective p16INK4A binding to CDK4 [R-HSA-9632697]	R-HSA-9632697	2	2
reactome:Evasion of Oxidative Stress Induced Senescence Due to Defective p16INK4A binding to CDK4 and CDK6 [R-HSA-9632700]	R-HSA-9632700	3	3
reactome:Diseases of cellular response to stress [R-HSA-9675132]	R-HSA-9675132	3	3
reactome:Drug-mediated inhibition of CDK4/CDK6 activity [R-HSA-9754119]	R-HSA-9754119	5	5
reactome:Diseases associated with N-glycosylation of proteins [R-HSA-3781860]	R-HSA-3781860	20	20
reactome:Defective ALG3 causes CDG-1d [R-HSA-4720475]	R-HSA-4720475	1	1
reactome:Protein methylation [R-HSA-8876725]	R-HSA-8876725	19	19
reactome:Activation of NF-kappaB in B cells [R-HSA-1169091]	R-HSA-1169091	67	67
reactome:Cellular response to hypoxia [R-HSA-1234174]	R-HSA-1234174	75	75
reactome:Oxygen-dependent proline hydroxylation of Hypoxia-inducible Factor Alpha [R-HSA-1234176]	R-HSA-1234176	66	66
reactome:ER-Phagosome pathway [R-HSA-1236974]	R-HSA-1236974	91	90
reactome:Antigen processing-Cross presentation [R-HSA-1236975]	R-HSA-1236975	106	105
reactome:Cross-presentation of soluble exogenous antigens (endosomes) [R-HSA-1236978]	R-HSA-1236978	49	49
reactome:Regulation of Apoptosis [R-HSA-169911]	R-HSA-169911	53	53
reactome:Autodegradation of Cdh1 by Cdh1:APC/C [R-HSA-174084]	R-HSA-174084	63	63
reactome:SCF-beta-TrCP mediated degradation of Emi1 [R-HSA-174113]	R-HSA-174113	55	55
reactome:APC/C:Cdc20 mediated degradation of Securin [R-HSA-174154]	R-HSA-174154	67	67
reactome:APC/C:Cdh1 mediated degradation of Cdc20 and other APC/C:Cdh1 targeted proteins in late mitosis/early G1 [R-HSA-174178]	R-HSA-174178	73	73
reactome:Cdc20:Phospho-APC/C mediated degradation of Cyclin A [R-HSA-174184]	R-HSA-174184	72	72
reactome:APC/C:Cdc20 mediated degradation of mitotic proteins [R-HSA-176409]	R-HSA-176409	75	75
reactome:Activation of APC/C and APC/C:Cdc20 mediated degradation of mitotic proteins [R-HSA-176814]	R-HSA-176814	76	76
reactome:APC:Cdc20 mediated degradation of cell cycle proteins prior to satisfation of the cell cycle checkpoint [R-HSA-179419]	R-HSA-179419	73	73
reactome:Vpu mediated degradation of CD4 [R-HSA-180534]	R-HSA-180534	53	52
reactome:Vif-mediated degradation of APOBEC3G [R-HSA-180585]	R-HSA-180585	55	54
reactome:TCR signaling [R-HSA-202403]	R-HSA-202403	120	120
reactome:Downstream TCR signaling [R-HSA-202424]	R-HSA-202424	98	98
reactome:Regulation of activated PAK-2p34 by proteasome mediated degradation [R-HSA-211733]	R-HSA-211733	50	50
reactome:Autodegradation of the E3 ubiquitin ligase COP1 [R-HSA-349425]	R-HSA-349425	52	52
reactome:Regulation of ornithine decarboxylase (ODC) [R-HSA-350562]	R-HSA-350562	51	51
reactome:Metabolism of polyamines [R-HSA-351202]	R-HSA-351202	59	59
reactome:Signaling by ROBO receptors [R-HSA-376176]	R-HSA-376176	219	219
reactome:Beta-catenin independent WNT signaling [R-HSA-3858494]	R-HSA-3858494	146	146
reactome:PCP/CE pathway [R-HSA-4086400]	R-HSA-4086400	92	92
reactome:AUF1 (hnRNP D0) binds and destabilizes mRNA [R-HSA-450408]	R-HSA-450408	56	56
reactome:Regulation of mRNA stability by proteins that bind AU-rich elements [R-HSA-450531]	R-HSA-450531	88	88
reactome:Asymmetric localization of PCP proteins [R-HSA-4608870]	R-HSA-4608870	64	64
reactome:Degradation of AXIN [R-HSA-4641257]	R-HSA-4641257	55	55
reactome:Degradation of DVL [R-HSA-4641258]	R-HSA-4641258	57	57
reactome:Hedgehog ligand biogenesis [R-HSA-5358346]	R-HSA-5358346	65	65
reactome:Signaling by Hedgehog [R-HSA-5358351]	R-HSA-5358351	149	149
reactome:Hh mutants are degraded by ERAD [R-HSA-5362768]	R-HSA-5362768	56	56
reactome:Hh mutants abrogate ligand secretion [R-HSA-5387390]	R-HSA-5387390	59	59
reactome:Dectin-1 mediated noncanonical NF-kB signaling [R-HSA-5607761]	R-HSA-5607761	60	60
reactome:CLEC7A (Dectin-1) signaling [R-HSA-5607764]	R-HSA-5607764	101	101
reactome:Degradation of GLI1 by the proteasome [R-HSA-5610780]	R-HSA-5610780	60	60
reactome:Degradation of GLI2 by the proteasome [R-HSA-5610783]	R-HSA-5610783	60	60
reactome:GLI3 is processed to GLI3R by the proteasome [R-HSA-5610785]	R-HSA-5610785	60	60
reactome:Hedgehog 'off' state [R-HSA-5610787]	R-HSA-5610787	113	113
reactome:Hedgehog 'on' state [R-HSA-5632684]	R-HSA-5632684	85	85
reactome:TNFR2 non-canonical NF-kB pathway [R-HSA-5668541]	R-HSA-5668541	102	102
reactome:NIK-->noncanonical NF-kB signaling [R-HSA-5676590]	R-HSA-5676590	59	59
reactome:Defective CFTR causes cystic fibrosis [R-HSA-5678895]	R-HSA-5678895	61	61
reactome:MAPK6/MAPK4 signaling [R-HSA-5687128]	R-HSA-5687128	89	89
reactome:UCH proteinases [R-HSA-5689603]	R-HSA-5689603	102	102
reactome:Assembly of the pre-replicative complex [R-HSA-68867]	R-HSA-68867	141	141
reactome:Stabilization of p53 [R-HSA-69541]	R-HSA-69541	57	57
reactome:Ubiquitin Mediated Degradation of Phosphorylated Cdc25A [R-HSA-69601]	R-HSA-69601	52	52
reactome:p53-Independent DNA Damage Response [R-HSA-69610]	R-HSA-69610	52	52
reactome:p53-Independent G1/S DNA damage checkpoint [R-HSA-69613]	R-HSA-69613	52	52
reactome:The role of GTSE1 in G2/M progression after G2 checkpoint [R-HSA-8852276]	R-HSA-8852276	77	77
reactome:FBXL7 down-regulates AURKA during mitotic entry and in early mitosis [R-HSA-8854050]	R-HSA-8854050	55	55
reactome:RUNX1 regulates transcription of genes involved in differentiation of HSCs [R-HSA-8939236]	R-HSA-8939236	129	129
reactome:Regulation of RUNX2 expression and activity [R-HSA-8939902]	R-HSA-8939902	72	72
reactome:Regulation of RUNX3 expression and activity [R-HSA-8941858]	R-HSA-8941858	55	55
reactome:Regulation of expression of SLITs and ROBOs [R-HSA-9010553]	R-HSA-9010553	172	172
reactome:Interleukin-1 signaling [R-HSA-9020702]	R-HSA-9020702	115	115
reactome:Negative regulation of NOTCH4 signaling [R-HSA-9604323]	R-HSA-9604323	54	54
reactome:GSK3B and BTRC:CUL1-mediated-degradation of NFE2L2 [R-HSA-9762114]	R-HSA-9762114	52	52
reactome:Somitogenesis [R-HSA-9824272]	R-HSA-9824272	55	55
reactome:Collagen degradation [R-HSA-1442490]	R-HSA-1442490	64	64
reactome:Signaling by EGFR [R-HSA-177929]	R-HSA-177929	53	53
reactome:Activated NOTCH1 Transmits Signal to the Nucleus [R-HSA-2122948]	R-HSA-2122948	31	31
reactome:Signaling by NOTCH1 t(7;9)(NOTCH1:M1580_K2555) Translocation Mutant [R-HSA-2660825]	R-HSA-2660825	7	7
reactome:Constitutive Signaling by NOTCH1 t(7;9)(NOTCH1:M1580_K2555) Translocation Mutant [R-HSA-2660826]	R-HSA-2660826	7	7
reactome:Signaling by NOTCH1 HD Domain Mutants in Cancer [R-HSA-2691230]	R-HSA-2691230	15	15
reactome:Constitutive Signaling by NOTCH1 HD Domain Mutants [R-HSA-2691232]	R-HSA-2691232	15	15
reactome:NOTCH2 Activation and Transmission of Signal to the Nucleus [R-HSA-2979096]	R-HSA-2979096	22	22
reactome:EPH-ephrin mediated repulsion of cells [R-HSA-3928665]	R-HSA-3928665	51	51
reactome:NOTCH3 Activation and Transmission of Signal to the Nucleus [R-HSA-9013507]	R-HSA-9013507	25	25
reactome:NOTCH4 Activation and Transmission of Signal to the Nucleus [R-HSA-9013700]	R-HSA-9013700	11	11
reactome:Opioid Signalling [R-HSA-111885]	R-HSA-111885	92	92
reactome:DARPP-32 events [R-HSA-180024]	R-HSA-180024	26	26
reactome:Nuclear Events (kinase and transcription factor activation) [R-HSA-198725]	R-HSA-198725	61	61
reactome:CRMPs in Sema3A signaling [R-HSA-399956]	R-HSA-399956	16	16
reactome:Signaling by NTRK2 (TRKB) [R-HSA-9006115]	R-HSA-9006115	25	25
reactome:NGF-stimulated transcription [R-HSA-9031628]	R-HSA-9031628	39	39
reactome:Activated NTRK2 signals through CDK5 [R-HSA-9032845]	R-HSA-9032845	6	6
reactome:Class B/2 (Secretin family receptors) [R-HSA-373080]	R-HSA-373080	95	95
reactome:G alpha (s) signalling events [R-HSA-418555]	R-HSA-418555	158	158
reactome:Calcitonin-like ligand receptors [R-HSA-419812]	R-HSA-419812	10	10
reactome:N-glycan trimming in the ER and Calnexin/Calreticulin cycle [R-HSA-532668]	R-HSA-532668	35	35
reactome:ER Quality Control Compartment (ERQC) [R-HSA-901032]	R-HSA-901032	21	21
reactome:Calnexin/calreticulin cycle [R-HSA-901042]	R-HSA-901042	26	26
reactome:Regulation of RUNX1 Expression and Activity [R-HSA-8934593]	R-HSA-8934593	17	17
reactome:SUMOylation of SUMOylation proteins [R-HSA-4085377]	R-HSA-4085377	34	34
reactome:SUMOylation of immune response proteins [R-HSA-4755510]	R-HSA-4755510	12	12
reactome:Protein-protein interactions at synapses [R-HSA-6794362]	R-HSA-6794362	86	86
reactome:Synaptic adhesion-like molecules [R-HSA-8849932]	R-HSA-8849932	21	21
reactome:RHOB GTPase cycle [R-HSA-9013026]	R-HSA-9013026	70	70
reactome:RHOC GTPase cycle [R-HSA-9013106]	R-HSA-9013106	74	74
reactome:Metalloprotease DUBs [R-HSA-5689901]	R-HSA-5689901	37	37
reactome:Interconversion of nucleotide di- and triphosphates [R-HSA-499943]	R-HSA-499943	30	30
reactome:Formation of RNA Pol II elongation complex [R-HSA-112382]	R-HSA-112382	58	58
reactome:Formation of the Early Elongation Complex [R-HSA-113418]	R-HSA-113418	33	33
reactome:Formation of HIV elongation complex in the absence of HIV Tat [R-HSA-167152]	R-HSA-167152	45	45
reactome:Formation of the HIV-1 Early Elongation Complex [R-HSA-167158]	R-HSA-167158	33	33
reactome:RNA Pol II CTD phosphorylation and interaction with CE during HIV infection [R-HSA-167160]	R-HSA-167160	27	27
reactome:HIV Transcription Initiation [R-HSA-167161]	R-HSA-167161	47	47
reactome:RNA Polymerase II HIV Promoter Escape [R-HSA-167162]	R-HSA-167162	47	47
reactome:HIV Transcription Elongation [R-HSA-167169]	R-HSA-167169	44	43
reactome:Transcription of the HIV genome [R-HSA-167172]	R-HSA-167172	71	70
reactome:Formation of HIV-1 elongation complex containing HIV-1 Tat [R-HSA-167200]	R-HSA-167200	44	43
reactome:Tat-mediated elongation of the HIV-1 transcript [R-HSA-167246]	R-HSA-167246	44	43
reactome:RNA Polymerase II Pre-transcription Events [R-HSA-674695]	R-HSA-674695	81	81
reactome:TP53 Regulates Transcription of DNA Repair Genes [R-HSA-6796648]	R-HSA-6796648	62	62
reactome:RNA polymerase II transcribes snRNA genes [R-HSA-6807505]	R-HSA-6807505	74	74
reactome:mRNA Capping [R-HSA-72086]	R-HSA-72086	29	29
reactome:RNA Polymerase I Transcription Initiation [R-HSA-73762]	R-HSA-73762	48	47
reactome:RNA Polymerase I Promoter Escape [R-HSA-73772]	R-HSA-73772	90	90
reactome:RNA Polymerase II Promoter Escape [R-HSA-73776]	R-HSA-73776	47	47
reactome:RNA Polymerase II Transcription Pre-Initiation And Promoter Opening [R-HSA-73779]	R-HSA-73779	47	47
reactome:RNA Polymerase I Promoter Clearance [R-HSA-73854]	R-HSA-73854	110	109
reactome:RNA Polymerase II Transcription Initiation [R-HSA-75953]	R-HSA-75953	47	47
reactome:RNA Polymerase II Transcription Elongation [R-HSA-75955]	R-HSA-75955	58	58
reactome:RNA Polymerase II Transcription Initiation And Promoter Clearance [R-HSA-76042]	R-HSA-76042	47	47
reactome:RNA Pol II CTD phosphorylation and interaction with CE [R-HSA-77075]	R-HSA-77075	27	27
reactome:Triglyceride catabolism [R-HSA-163560]	R-HSA-163560	24	24
reactome:Triglyceride metabolism [R-HSA-8979227]	R-HSA-8979227	37	37
reactome:Lipophagy [R-HSA-9613354]	R-HSA-9613354	9	9
reactome:RHOBTB3 ATPase cycle [R-HSA-9706019]	R-HSA-9706019	10	10
reactome:Intra-Golgi traffic [R-HSA-6811438]	R-HSA-6811438	44	44
reactome:Ubiquinol biosynthesis [R-HSA-2142789]	R-HSA-2142789	13	13
reactome:Metabolism of cofactors [R-HSA-8978934]	R-HSA-8978934	27	27
reactome:Chaperonin-mediated protein folding [R-HSA-390466]	R-HSA-390466	90	90
reactome:Association of TriC/CCT with target proteins during biosynthesis [R-HSA-390471]	R-HSA-390471	38	38
reactome:Protein folding [R-HSA-391251]	R-HSA-391251	96	96
reactome:Signaling by TGF-beta Receptor Complex [R-HSA-170834]	R-HSA-170834	94	94
reactome:Transcriptional activity of SMAD2/SMAD3:SMAD4 heterotrimer [R-HSA-2173793]	R-HSA-2173793	51	51
reactome:SMAD2/SMAD3:SMAD4 heterotrimer regulates transcription [R-HSA-2173796]	R-HSA-2173796	36	36
reactome:Signaling by TGFB family members [R-HSA-9006936]	R-HSA-9006936	158	158
reactome:Mitochondrial translation initiation [R-HSA-5368286]	R-HSA-5368286	87	87
reactome:Mitochondrial translation termination [R-HSA-5419276]	R-HSA-5419276	87	87
reactome:Ca2+ activated K+ channels [R-HSA-1296052]	R-HSA-1296052	9	9
reactome:Nitric oxide stimulates guanylate cyclase [R-HSA-392154]	R-HSA-392154	22	22
reactome:Platelet homeostasis [R-HSA-418346]	R-HSA-418346	88	88
reactome:cGMP effects [R-HSA-418457]	R-HSA-418457	16	16
reactome:Molybdenum cofactor biosynthesis [R-HSA-947581]	R-HSA-947581	6	6
reactome:Threonine catabolism [R-HSA-8849175]	R-HSA-8849175	4	4
reactome:tRNA processing in the nucleus [R-HSA-6784531]	R-HSA-6784531	57	57
reactome:tRNA processing [R-HSA-72306]	R-HSA-72306	108	107
reactome:Amino Acid conjugation [R-HSA-156587]	R-HSA-156587	9	9
reactome:Conjugation of carboxylic acids [R-HSA-159424]	R-HSA-159424	9	9
reactome:Conjugation of salicylate with glycine [R-HSA-177128]	R-HSA-177128	8	8
reactome:Conjugation of benzoate with glycine [R-HSA-177135]	R-HSA-177135	6	6
reactome:Aspirin ADME [R-HSA-9749641]	R-HSA-9749641	44	44
reactome:Pausing and recovery of Tat-mediated HIV elongation [R-HSA-167238]	R-HSA-167238	32	31
reactome:Tat-mediated HIV elongation arrest and recovery [R-HSA-167243]	R-HSA-167243	32	31
reactome:HIV elongation arrest and recovery [R-HSA-167287]	R-HSA-167287	33	33
reactome:Pausing and recovery of HIV elongation [R-HSA-167290]	R-HSA-167290	33	33
reactome:Interactions of Tat with host cellular proteins [R-HSA-176034]	R-HSA-176034	3	2
reactome:Estrogen-dependent gene expression [R-HSA-9018519]	R-HSA-9018519	149	149
reactome:RHOBTB2 GTPase cycle [R-HSA-9013418]	R-HSA-9013418	23	23
reactome:RHOBTB1 GTPase cycle [R-HSA-9013422]	R-HSA-9013422	23	23
reactome:RHOBTB GTPase Cycle [R-HSA-9706574]	R-HSA-9706574	35	35
reactome:EGFR downregulation [R-HSA-182971]	R-HSA-182971	31	31
reactome:Spry regulation of FGF signaling [R-HSA-1295596]	R-HSA-1295596	16	16
reactome:Signaling by FGFR [R-HSA-190236]	R-HSA-190236	89	89
reactome:Negative regulation of FGFR1 signaling [R-HSA-5654726]	R-HSA-5654726	33	33
reactome:Negative regulation of FGFR2 signaling [R-HSA-5654727]	R-HSA-5654727	34	34
reactome:Negative regulation of FGFR3 signaling [R-HSA-5654732]	R-HSA-5654732	29	29
reactome:Negative regulation of FGFR4 signaling [R-HSA-5654733]	R-HSA-5654733	31	31
reactome:Signaling by FGFR1 [R-HSA-5654736]	R-HSA-5654736	52	52
reactome:Signaling by FGFR2 [R-HSA-5654738]	R-HSA-5654738	73	73
reactome:Signaling by FGFR3 [R-HSA-5654741]	R-HSA-5654741	40	40
reactome:Signaling by FGFR4 [R-HSA-5654743]	R-HSA-5654743	41	41
reactome:Negative regulation of MET activity [R-HSA-6807004]	R-HSA-6807004	21	21
reactome:Cargo recognition for clathrin-mediated endocytosis [R-HSA-8856825]	R-HSA-8856825	106	106
reactome:InlB-mediated entry of Listeria monocytogenes into host cell [R-HSA-8875360]	R-HSA-8875360	16	15
reactome:Listeria monocytogenes entry into host cells [R-HSA-8876384]	R-HSA-8876384	22	20
reactome:RHOU GTPase cycle [R-HSA-9013420]	R-HSA-9013420	40	40
reactome:MAP2K and MAPK activation [R-HSA-5674135]	R-HSA-5674135	40	40
reactome:Signaling by moderate kinase activity BRAF mutants [R-HSA-6802946]	R-HSA-6802946	47	47
reactome:Signaling by high-kinase activity BRAF mutants [R-HSA-6802948]	R-HSA-6802948	36	36
reactome:Signaling by RAS mutants [R-HSA-6802949]	R-HSA-6802949	47	47
reactome:Paradoxical activation of RAF signaling by kinase inactive BRAF [R-HSA-6802955]	R-HSA-6802955	47	47
reactome:Signaling downstream of RAS mutants [R-HSA-9649948]	R-HSA-9649948	47	47
reactome:Signaling by RAF1 mutants [R-HSA-9656223]	R-HSA-9656223	43	43
reactome:Interleukin-4 and Interleukin-13 signaling [R-HSA-6785807]	R-HSA-6785807	108	108
reactome:Transcriptional activation of p53 responsive genes [R-HSA-69560]	R-HSA-69560	4	4
reactome:Transcriptional  activation of  cell cycle inhibitor p21 [R-HSA-69895]	R-HSA-69895	4	4
reactome:Transcriptional regulation by the AP-2 (TFAP2) family of transcription factors [R-HSA-8864260]	R-HSA-8864260	38	38
reactome:TFAP2 (AP-2) family regulates transcription of cell cycle factors [R-HSA-8866911]	R-HSA-8866911	5	5
reactome:RUNX3 regulates CDKN1A transcription [R-HSA-8941855]	R-HSA-8941855	7	7
reactome:FOXO-mediated transcription of cell cycle genes [R-HSA-9617828]	R-HSA-9617828	17	17
reactome:FLT3 signaling in disease [R-HSA-9682385]	R-HSA-9682385	28	28
reactome:Signaling by ALK in cancer [R-HSA-9700206]	R-HSA-9700206	91	91
reactome:STAT5 activation downstream of FLT3 ITD mutants [R-HSA-9702518]	R-HSA-9702518	10	10
reactome:Signaling by FLT3 fusion proteins [R-HSA-9703465]	R-HSA-9703465	19	19
reactome:Signaling by FLT3 ITD and TKD mutants [R-HSA-9703648]	R-HSA-9703648	16	16
reactome:Signaling by ALK fusions and activated point mutants [R-HSA-9725370]	R-HSA-9725370	91	91
reactome:RHO GTPases activate CIT [R-HSA-5625900]	R-HSA-5625900	20	20
reactome:Signaling by Activin [R-HSA-1502540]	R-HSA-1502540	17	17
reactome:Antagonism of Activin by Follistatin [R-HSA-2473224]	R-HSA-2473224	4	4
reactome:Recognition and association of DNA glycosylase with site containing an affected pyrimidine [R-HSA-110328]	R-HSA-110328	60	60
reactome:Cleavage of the damaged pyrimidine [R-HSA-110329]	R-HSA-110329	60	60
reactome:Recognition and association of DNA glycosylase with site containing an affected purine [R-HSA-110330]	R-HSA-110330	55	55
reactome:Cleavage of the damaged purine [R-HSA-110331]	R-HSA-110331	55	55
reactome:Meiotic synapsis [R-HSA-1221632]	R-HSA-1221632	78	78
reactome:Packaging Of Telomere Ends [R-HSA-171306]	R-HSA-171306	51	51
reactome:Formation of the beta-catenin:TCF transactivating complex [R-HSA-201722]	R-HSA-201722	90	90
reactome:Gene Silencing by RNA [R-HSA-211000]	R-HSA-211000	137	137
reactome:PRC2 methylates histones and DNA [R-HSA-212300]	R-HSA-212300	72	72
reactome:SIRT1 negatively regulates rRNA expression [R-HSA-427359]	R-HSA-427359	67	67
reactome:ERCC6 (CSB) and EHMT2 (G9a) positively regulate rRNA expression [R-HSA-427389]	R-HSA-427389	76	75
reactome:Positive epigenetic regulation of rRNA expression [R-HSA-5250913]	R-HSA-5250913	106	105
reactome:B-WICH complex positively regulates rRNA expression [R-HSA-5250924]	R-HSA-5250924	90	90
reactome:DNA methylation [R-HSA-5334118]	R-HSA-5334118	64	64
reactome:Transcriptional regulation by small RNAs [R-HSA-5578749]	R-HSA-5578749	105	105
reactome:Activation of anterior HOX genes in hindbrain development during early embryogenesis [R-HSA-5617472]	R-HSA-5617472	121	121
reactome:Activation of HOX genes during differentiation [R-HSA-5619507]	R-HSA-5619507	121	121
reactome:RHO GTPases activate PKNs [R-HSA-5625740]	R-HSA-5625740	94	94
reactome:Activated PKN1 stimulates transcription of AR (androgen receptor) regulated genes KLK2 and KLK3 [R-HSA-5625886]	R-HSA-5625886	66	66
reactome:Assembly of the ORC complex at the origin of replication [R-HSA-68616]	R-HSA-68616	68	68
reactome:RNA Polymerase I Promoter Opening [R-HSA-73728]	R-HSA-73728	62	62
reactome:Depurination [R-HSA-73927]	R-HSA-73927	55	55
reactome:Depyrimidination [R-HSA-73928]	R-HSA-73928	60	60
reactome:Base-Excision Repair, AP Site Formation [R-HSA-73929]	R-HSA-73929	62	62
reactome:RUNX1 regulates genes involved in megakaryocyte differentiation and platelet function [R-HSA-8936459]	R-HSA-8936459	94	94
reactome:Inhibition of DNA recombination at telomere [R-HSA-9670095]	R-HSA-9670095	67	67
reactome:Defective pyroptosis [R-HSA-9710421]	R-HSA-9710421	72	72
reactome:Chromatin modifications during the maternal to zygotic transition (MZT) [R-HSA-9821002]	R-HSA-9821002	70	70
reactome:Replacement of protamines by nucleosomes in the male pronucleus [R-HSA-9821993]	R-HSA-9821993	42	42
reactome:Regulation of endogenous retroelements by Piwi-interacting RNAs (piRNAs) [R-HSA-9845323]	R-HSA-9845323	97	97
reactome:Cysteine formation from homocysteine [R-HSA-1614603]	R-HSA-1614603	3	3
reactome:Metabolism of ingested SeMet, Sec, MeSec into H2Se [R-HSA-2408508]	R-HSA-2408508	9	9
reactome:Selenoamino acid metabolism [R-HSA-2408522]	R-HSA-2408522	119	119
reactome:Downregulation of TGF-beta receptor signaling [R-HSA-2173788]	R-HSA-2173788	26	26
reactome:TGF-beta receptor signaling activates SMADs [R-HSA-2173789]	R-HSA-2173789	47	47
reactome:Establishment of Sister Chromatid Cohesion [R-HSA-2468052]	R-HSA-2468052	11	11
reactome:Cohesin Loading onto Chromatin [R-HSA-2470946]	R-HSA-2470946	10	10
reactome:WNT mediated activation of DVL [R-HSA-201688]	R-HSA-201688	9	9
reactome:HDACs deacetylate histones [R-HSA-3214815]	R-HSA-3214815	94	94
reactome:G alpha (z) signalling events [R-HSA-418597]	R-HSA-418597	48	48
reactome:Apoptotic factor-mediated response [R-HSA-111471]	R-HSA-111471	20	20
reactome:SUMOylation of transcription factors [R-HSA-3232118]	R-HSA-3232118	20	20
reactome:Transcriptional Regulation by VENTX [R-HSA-8853884]	R-HSA-8853884	40	38
reactome:Defective Intrinsic Pathway for Apoptosis Due to p14ARF Loss of Function [R-HSA-9645722]	R-HSA-9645722	2	2
reactome:Evasion of Oncogene Induced Senescence Due to p14ARF Defects [R-HSA-9646303]	R-HSA-9646303	1	1
reactome:Evasion of Oxidative Stress Induced Senescence Due to p14ARF Defects [R-HSA-9646304]	R-HSA-9646304	1	1
reactome:Branched-chain amino acid catabolism [R-HSA-70895]	R-HSA-70895	21	21
reactome:Activation of RAC1 [R-HSA-428540]	R-HSA-428540	14	14
reactome:RHOQ GTPase cycle [R-HSA-9013406]	R-HSA-9013406	59	59
reactome:RHOH GTPase cycle [R-HSA-9013407]	R-HSA-9013407	38	38
reactome:RHOG GTPase cycle [R-HSA-9013408]	R-HSA-9013408	74	74
reactome:RHOJ GTPase cycle [R-HSA-9013409]	R-HSA-9013409	55	55
reactome:RHOV GTPase cycle [R-HSA-9013424]	R-HSA-9013424	38	38
reactome:mRNA Editing: A to I Conversion [R-HSA-75064]	R-HSA-75064	2	2
reactome:C6 deamination of adenosine [R-HSA-75102]	R-HSA-75102	2	2
reactome:Formation of editosomes by ADAR proteins [R-HSA-77042]	R-HSA-77042	2	2
reactome:Interferon alpha/beta signaling [R-HSA-909733]	R-HSA-909733	77	77
reactome:RNA Polymerase III Transcription [R-HSA-74158]	R-HSA-74158	41	41
reactome:RNA Polymerase III Abortive And Retractive Initiation [R-HSA-749476]	R-HSA-749476	41	41
reactome:RNA Polymerase III Transcription Initiation [R-HSA-76046]	R-HSA-76046	36	36
reactome:RNA Polymerase III Transcription Initiation From Type 3 Promoter [R-HSA-76071]	R-HSA-76071	28	28
reactome:ROS and RNS production in phagocytes [R-HSA-1222556]	R-HSA-1222556	36	36
reactome:Signaling by Insulin receptor [R-HSA-74752]	R-HSA-74752	82	82
reactome:Insulin receptor recycling [R-HSA-77387]	R-HSA-77387	30	30
reactome:Iron uptake and transport [R-HSA-917937]	R-HSA-917937	58	58
reactome:Transferrin endocytosis and recycling [R-HSA-917977]	R-HSA-917977	31	31
reactome:Amino acids regulate mTORC1 [R-HSA-9639288]	R-HSA-9639288	55	55
reactome:Cellular response to starvation [R-HSA-9711097]	R-HSA-9711097	157	157
reactome:Blood group systems biosynthesis [R-HSA-9033658]	R-HSA-9033658	22	22
reactome:Lewis blood group biosynthesis [R-HSA-9037629]	R-HSA-9037629	18	18
reactome:Ovarian tumor domain proteases [R-HSA-5689896]	R-HSA-5689896	39	39
reactome:Laminin interactions [R-HSA-3000157]	R-HSA-3000157	30	30
reactome:Non-integrin membrane-ECM interactions [R-HSA-3000171]	R-HSA-3000171	59	59
reactome:MET activates PTK2 signaling [R-HSA-8874081]	R-HSA-8874081	30	30
reactome:MET promotes cell motility [R-HSA-8875878]	R-HSA-8875878	41	41
reactome:MTOR signalling [R-HSA-165159]	R-HSA-165159	41	41
reactome:mTORC1-mediated signalling [R-HSA-166208]	R-HSA-166208	24	24
reactome:Energy dependent regulation of mTOR by LKB1-AMPK [R-HSA-380972]	R-HSA-380972	29	29
reactome:Signal regulatory protein family interactions [R-HSA-391160]	R-HSA-391160	16	16
reactome:Glutathione conjugation [R-HSA-156590]	R-HSA-156590	36	36
reactome:Formation of xylulose-5-phosphate [R-HSA-5661270]	R-HSA-5661270	5	5
reactome:Keratan sulfate/keratin metabolism [R-HSA-1638074]	R-HSA-1638074	36	36
reactome:Keratan sulfate biosynthesis [R-HSA-2022854]	R-HSA-2022854	28	28
reactome:MyD88:MAL(TIRAP) cascade initiated on plasma membrane [R-HSA-166058]	R-HSA-166058	114	113
reactome:Toll Like Receptor TLR1:TLR2 Cascade [R-HSA-168179]	R-HSA-168179	117	116
reactome:Toll Like Receptor TLR6:TLR2 Cascade [R-HSA-168188]	R-HSA-168188	114	113
reactome:Toll Like Receptor 2 (TLR2) Cascade [R-HSA-181438]	R-HSA-181438	117	116
reactome:Diseases of Immune System [R-HSA-5260271]	R-HSA-5260271	34	32
reactome:Diseases associated with the TLR signaling cascade [R-HSA-5602358]	R-HSA-5602358	34	32
reactome:MyD88 deficiency (TLR2/4) [R-HSA-5602498]	R-HSA-5602498	18	17
reactome:IRAK4 deficiency (TLR2/4) [R-HSA-5603041]	R-HSA-5603041	19	18
reactome:Regulation of TLR by endogenous ligand [R-HSA-5686938]	R-HSA-5686938	22	22
reactome:ABC transporters in lipid homeostasis [R-HSA-1369062]	R-HSA-1369062	18	18
reactome:Mitochondrial tRNA aminoacylation [R-HSA-379726]	R-HSA-379726	21	21
reactome:Mitochondrial calcium ion transport [R-HSA-8949215]	R-HSA-8949215	23	23
reactome:Processing of SMDT1 [R-HSA-8949664]	R-HSA-8949664	16	16
reactome:Neurotransmitter receptors and postsynaptic signal transmission [R-HSA-112314]	R-HSA-112314	205	205
reactome:Transmission across Chemical Synapses [R-HSA-112315]	R-HSA-112315	270	270
reactome:Trafficking of AMPA receptors [R-HSA-399719]	R-HSA-399719	31	31
reactome:Glutamate binding, activation of AMPA receptors and synaptic plasticity [R-HSA-399721]	R-HSA-399721	31	31
reactome:LGI-ADAM interactions [R-HSA-5682910]	R-HSA-5682910	14	14
reactome:Presynaptic depolarization and calcium channel opening [R-HSA-112308]	R-HSA-112308	12	12
reactome:Regulation of gene expression by Hypoxia-inducible Factor [R-HSA-1234158]	R-HSA-1234158	11	11
reactome:TFAP2 (AP-2) family regulates transcription of other transcription factors [R-HSA-8866906]	R-HSA-8866906	4	4
reactome:Activation of the TFAP2 (AP-2) family of transcription factors [R-HSA-8866907]	R-HSA-8866907	12	12
reactome:Sema3A PAK dependent Axon repulsion [R-HSA-399954]	R-HSA-399954	16	16
reactome:SEMA3A-Plexin repulsion signaling by inhibiting Integrin adhesion [R-HSA-399955]	R-HSA-399955	14	14
reactome:Translocation of SLC2A4 (GLUT4) to the plasma membrane [R-HSA-1445148]	R-HSA-1445148	72	72
reactome:Microtubule-dependent trafficking of connexons from Golgi to the plasma membrane [R-HSA-190840]	R-HSA-190840	18	18
reactome:Transport of connexons to the plasma membrane [R-HSA-190872]	R-HSA-190872	19	19
reactome:Cooperation of Prefoldin and TriC/CCT  in actin and tubulin folding [R-HSA-389958]	R-HSA-389958	32	32
reactome:Formation of tubulin folding intermediates by CCT/TriC [R-HSA-389960]	R-HSA-389960	25	25
reactome:Post-chaperonin tubulin folding pathway [R-HSA-389977]	R-HSA-389977	22	22
reactome:Recycling pathway of L1 [R-HSA-437239]	R-HSA-437239	47	47
reactome:Post NMDA receptor activation events [R-HSA-438064]	R-HSA-438064	80	80
reactome:Activation of NMDA receptors and postsynaptic events [R-HSA-442755]	R-HSA-442755	93	93
reactome:Intraflagellar transport [R-HSA-5620924]	R-HSA-5620924	54	54
reactome:RHO GTPases activate IQGAPs [R-HSA-5626467]	R-HSA-5626467	32	32
reactome:Carboxyterminal post-translational modifications of tubulin [R-HSA-8955332]	R-HSA-8955332	42	42
reactome:Assembly and cell surface presentation of NMDA receptors [R-HSA-9609736]	R-HSA-9609736	41	41
reactome:Activation of AMPK downstream of NMDARs [R-HSA-9619483]	R-HSA-9619483	29	29
reactome:Cytosolic sulfonation of small molecules [R-HSA-156584]	R-HSA-156584	24	24
reactome:Prefoldin mediated transfer of substrate  to CCT/TriC [R-HSA-389957]	R-HSA-389957	28	28
reactome:Butyrophilin (BTN) family interactions [R-HSA-8851680]	R-HSA-8851680	12	12
reactome:Synthesis of PC [R-HSA-1483191]	R-HSA-1483191	28	28
reactome:Synthesis of PE [R-HSA-1483213]	R-HSA-1483213	13	13
reactome:EPHA-mediated growth cone collapse [R-HSA-3928663]	R-HSA-3928663	30	30
reactome:Sema4D in semaphorin signaling [R-HSA-400685]	R-HSA-400685	25	25
reactome:Sema4D induced cell migration and growth-cone collapse [R-HSA-416572]	R-HSA-416572	21	21
reactome:RHO GTPases Activate ROCKs [R-HSA-5627117]	R-HSA-5627117	20	20
reactome:RHO GTPases activate PAKs [R-HSA-5627123]	R-HSA-5627123	24	24
reactome:Toll Like Receptor 10 (TLR10) Cascade [R-HSA-168142]	R-HSA-168142	98	97
reactome:Toll Like Receptor 5 (TLR5) Cascade [R-HSA-168176]	R-HSA-168176	98	97
reactome:NOD1/2 Signaling Pathway [R-HSA-168638]	R-HSA-168638	37	37
reactome:Nucleotide-binding domain, leucine rich repeat containing receptor (NLR) signaling pathways [R-HSA-168643]	R-HSA-168643	60	57
reactome:TAK1-dependent IKK and NF-kappa-B activation [R-HSA-445989]	R-HSA-445989	45	45
reactome:Interleukin-17 signaling [R-HSA-448424]	R-HSA-448424	72	72
reactome:MAP kinase activation [R-HSA-450294]	R-HSA-450294	64	64
reactome:activated TAK1 mediates p38 MAPK activation [R-HSA-450302]	R-HSA-450302	24	24
reactome:JNK (c-Jun kinases) phosphorylation and  activation mediated by activated human TAK1 [R-HSA-450321]	R-HSA-450321	23	23
reactome:MyD88 cascade initiated on plasma membrane [R-HSA-975871]	R-HSA-975871	98	97
reactome:Inhibition of the proteolytic activity of APC/C required for the onset of anaphase by mitotic spindle checkpoint components [R-HSA-141405]	R-HSA-141405	20	20
reactome:Inactivation of APC/C via direct inhibition of the APC/C complex [R-HSA-141430]	R-HSA-141430	20	20
reactome:APC/C:Cdc20 mediated degradation of Cyclin B [R-HSA-174048]	R-HSA-174048	23	23
reactome:Conversion from APC/C:Cdc20 to APC/C:Cdh1 in late anaphase [R-HSA-176407]	R-HSA-176407	19	19
reactome:Phosphorylation of the APC/C [R-HSA-176412]	R-HSA-176412	19	19
reactome:APC-Cdc20 mediated degradation of Nek2A [R-HSA-179409]	R-HSA-179409	25	25
reactome:Aberrant regulation of mitotic exit in cancer due to RB1 defects [R-HSA-9687136]	R-HSA-9687136	19	19
reactome:TP53 Regulates Transcription of Cell Death Genes [R-HSA-5633008]	R-HSA-5633008	44	44
reactome:TP53 regulates transcription of several additional cell death genes whose specific roles in p53-dependent apoptosis remain uncertain [R-HSA-6803205]	R-HSA-6803205	14	14
reactome:TNFR1-mediated ceramide production [R-HSA-5626978]	R-HSA-5626978	6	6
reactome:Synthesis of PI [R-HSA-1483226]	R-HSA-1483226	5	5
reactome:SUMOylation of DNA replication proteins [R-HSA-4615885]	R-HSA-4615885	45	45
reactome:Pre-NOTCH Processing in Golgi [R-HSA-1912420]	R-HSA-1912420	18	18
reactome:Formation of the nephric duct [R-HSA-9830364]	R-HSA-9830364	18	18
reactome:Kidney development [R-HSA-9830369]	R-HSA-9830369	46	46
reactome:Integration of energy metabolism [R-HSA-163685]	R-HSA-163685	108	108
reactome:Glucagon-like Peptide-1 (GLP1) regulates insulin secretion [R-HSA-381676]	R-HSA-381676	42	42
reactome:Regulation of insulin secretion [R-HSA-422356]	R-HSA-422356	78	78
reactome:Signaling by ERBB4 [R-HSA-1236394]	R-HSA-1236394	58	58
reactome:Nuclear signaling by ERBB4 [R-HSA-1251985]	R-HSA-1251985	32	32
reactome:Signaling by Hippo [R-HSA-2028269]	R-HSA-2028269	20	20
reactome:YAP1- and WWTR1 (TAZ)-stimulated gene expression [R-HSA-2032785]	R-HSA-2032785	15	15
reactome:RUNX3 regulates YAP1-mediated transcription [R-HSA-8951671]	R-HSA-8951671	8	8
reactome:EGR2 and SOX10-mediated initiation of Schwann cell myelination [R-HSA-9619665]	R-HSA-9619665	28	28
reactome:Differentiation of keratinocytes in interfollicular epidermis in mammalian skin [R-HSA-9725554]	R-HSA-9725554	40	40
reactome:Developmental Cell Lineages [R-HSA-9734767]	R-HSA-9734767	40	40
reactome:Formation of axial mesoderm [R-HSA-9796292]	R-HSA-9796292	14	14
reactome:Defective B3GALTL causes PpS [R-HSA-5083635]	R-HSA-5083635	37	37
reactome:O-glycosylation of TSR domain-containing proteins [R-HSA-5173214]	R-HSA-5173214	38	38
reactome:Regulation of TP53 Activity through Methylation [R-HSA-6804760]	R-HSA-6804760	19	19
reactome:Heme signaling [R-HSA-9707616]	R-HSA-9707616	48	48
reactome:Regulation of cholesterol biosynthesis by SREBP (SREBF) [R-HSA-1655829]	R-HSA-1655829	55	55
reactome:Metabolism of nitric oxide: NOS3 activation and regulation [R-HSA-202131]	R-HSA-202131	16	16
reactome:eNOS activation [R-HSA-203615]	R-HSA-203615	12	12
reactome:Mitochondrial protein degradation [R-HSA-9837999]	R-HSA-9837999	98	98
reactome:HATs acetylate histones [R-HSA-3214847]	R-HSA-3214847	141	141
reactome:Formation of WDR5-containing histone-modifying complexes [R-HSA-9772755]	R-HSA-9772755	41	41
reactome:Mitochondrial Fatty Acid Beta-Oxidation [R-HSA-77289]	R-HSA-77289	37	37
reactome:Synthesis, secretion, and inactivation of Glucagon-like Peptide-1 (GLP-1) [R-HSA-381771]	R-HSA-381771	21	21
reactome:Incretin synthesis, secretion, and inactivation [R-HSA-400508]	R-HSA-400508	24	24
reactome:GPVI-mediated activation cascade [R-HSA-114604]	R-HSA-114604	35	35
reactome:FCERI mediated MAPK activation [R-HSA-2871796]	R-HSA-2871796	32	32
reactome:FCERI mediated Ca+2 mobilization [R-HSA-2871809]	R-HSA-2871809	33	33
reactome:TICAM1,TRAF6-dependent induction of TAK1 complex [R-HSA-9014325]	R-HSA-9014325	11	11
reactome:IRAK2 mediated activation of TAK1 complex [R-HSA-937042]	R-HSA-937042	10	10
reactome:Alpha-protein kinase 1 signaling pathway [R-HSA-9645460]	R-HSA-9645460	11	11
reactome:PTK6 promotes HIF1A stabilization [R-HSA-8857538]	R-HSA-8857538	6	6
reactome:Translesion synthesis by REV1 [R-HSA-110312]	R-HSA-110312	16	16
reactome:Translesion synthesis by Y family DNA polymerases bypasses lesions on DNA template [R-HSA-110313]	R-HSA-110313	39	39
reactome:Translesion synthesis by POLK [R-HSA-5655862]	R-HSA-5655862	17	17
reactome:Translesion synthesis by POLI [R-HSA-5656121]	R-HSA-5656121	17	17
reactome:DNA Damage Bypass [R-HSA-73893]	R-HSA-73893	48	48
reactome:Cell surface interactions at the vascular wall [R-HSA-202733]	R-HSA-202733	138	137
reactome:SARS-CoV-1-host interactions [R-HSA-9692914]	R-HSA-9692914	98	96
reactome:SARS-CoV-1 activates/modulates innate immune responses [R-HSA-9692916]	R-HSA-9692916	42	40
reactome:Mitochondrial biogenesis [R-HSA-1592230]	R-HSA-1592230	97	97
reactome:Formation of ATP by chemiosmotic coupling [R-HSA-163210]	R-HSA-163210	20	20
reactome:Cristae formation [R-HSA-8949613]	R-HSA-8949613	33	33
reactome:Protein ubiquitination [R-HSA-8852135]	R-HSA-8852135	79	79
reactome:Synthesis of active ubiquitin: roles of E1 and E2 enzymes [R-HSA-8866652]	R-HSA-8866652	30	30
reactome:Alpha-oxidation of phytanate [R-HSA-389599]	R-HSA-389599	6	6
reactome:Class I peroxisomal membrane protein import [R-HSA-9603798]	R-HSA-9603798	20	20
reactome:Transport of inorganic cations/anions and amino acids/oligopeptides [R-HSA-425393]	R-HSA-425393	110	110
reactome:SLC-mediated transmembrane transport [R-HSA-425407]	R-HSA-425407	250	250
reactome:Sodium/Proton exchangers [R-HSA-425986]	R-HSA-425986	9	9
reactome:Defective SLC9A6 causes  X-linked, syndromic mental retardation,, Christianson type (MRXSCH) [R-HSA-5619092]	R-HSA-5619092	1	1
reactome:SLC transporter disorders [R-HSA-5619102]	R-HSA-5619102	98	98
reactome:L13a-mediated translational silencing of Ceruloplasmin expression [R-HSA-156827]	R-HSA-156827	112	112
reactome:Eukaryotic Translation Initiation [R-HSA-72613]	R-HSA-72613	120	120
reactome:Translation initiation complex formation [R-HSA-72649]	R-HSA-72649	59	59
reactome:Activation of the mRNA upon binding of the cap-binding complex and eIFs, and subsequent binding to 43S [R-HSA-72662]	R-HSA-72662	60	60
reactome:Formation of a pool of free 40S subunits [R-HSA-72689]	R-HSA-72689	102	102
reactome:Formation of the ternary complex, and subsequently, the 43S complex [R-HSA-72695]	R-HSA-72695	52	52
reactome:Ribosomal scanning and start codon recognition [R-HSA-72702]	R-HSA-72702	59	59
reactome:GTP hydrolysis and joining of the 60S ribosomal subunit [R-HSA-72706]	R-HSA-72706	113	113
reactome:Cap-dependent Translation Initiation [R-HSA-72737]	R-HSA-72737	120	120
reactome:Role of ABL in ROBO-SLIT signaling [R-HSA-428890]	R-HSA-428890	8	8
reactome:CREB3 factors activate genes [R-HSA-8874211]	R-HSA-8874211	9	9
reactome:Collagen formation [R-HSA-1474290]	R-HSA-1474290	90	90
reactome:Collagen biosynthesis and modifying enzymes [R-HSA-1650814]	R-HSA-1650814	67	67
reactome:Neurotransmitter release cycle [R-HSA-112310]	R-HSA-112310	51	51
reactome:Serotonin Neurotransmitter Release Cycle [R-HSA-181429]	R-HSA-181429	18	18
reactome:Norepinephrine Neurotransmitter Release Cycle [R-HSA-181430]	R-HSA-181430	18	18
reactome:Glutamate Neurotransmitter Release Cycle [R-HSA-210500]	R-HSA-210500	24	24
reactome:Dopamine Neurotransmitter Release Cycle [R-HSA-212676]	R-HSA-212676	23	23
reactome:Acetylcholine Neurotransmitter Release Cycle [R-HSA-264642]	R-HSA-264642	17	17
reactome:RORA activates gene expression [R-HSA-1368082]	R-HSA-1368082	18	18
reactome:Transcriptional activation of mitochondrial biogenesis [R-HSA-2151201]	R-HSA-2151201	56	56
reactome:Activation of gene expression by SREBF (SREBP) [R-HSA-2426168]	R-HSA-2426168	42	42
reactome:TP53 Regulates Transcription of Genes Involved in G2 Cell Cycle Arrest [R-HSA-6804114]	R-HSA-6804114	18	18
reactome:Cytoprotection by HMOX1 [R-HSA-9707564]	R-HSA-9707564	60	60
reactome:Recycling of bile acids and salts [R-HSA-159418]	R-HSA-159418	18	18
reactome:Synthesis of bile acids and bile salts via 27-hydroxycholesterol [R-HSA-193807]	R-HSA-193807	14	14
reactome:Endogenous sterols [R-HSA-211976]	R-HSA-211976	26	26
reactome:RND3 GTPase cycle [R-HSA-9696264]	R-HSA-9696264	42	42
reactome:Sema4D mediated inhibition of cell attachment and migration [R-HSA-416550]	R-HSA-416550	8	8
reactome:ATF4 activates genes in response to endoplasmic reticulum  stress [R-HSA-380994]	R-HSA-380994	27	27
reactome:PERK regulates gene expression [R-HSA-381042]	R-HSA-381042	32	32
reactome:Response of EIF2AK4 (GCN2) to amino acid deficiency [R-HSA-9633012]	R-HSA-9633012	102	102
reactome:Response of EIF2AK1 (HRI) to heme deficiency [R-HSA-9648895]	R-HSA-9648895	15	15
reactome:Nuclear events stimulated by ALK signaling in cancer [R-HSA-9725371]	R-HSA-9725371	33	33
reactome:Elastic fibre formation [R-HSA-1566948]	R-HSA-1566948	44	44
reactome:Molecules associated with elastic fibres [R-HSA-2129379]	R-HSA-2129379	37	37
reactome:Cardiogenesis [R-HSA-9733709]	R-HSA-9733709	27	27
reactome:Binding and Uptake of Ligands by Scavenger Receptors [R-HSA-2173782]	R-HSA-2173782	42	42
reactome:Scavenging by Class F Receptors [R-HSA-3000484]	R-HSA-3000484	6	6
reactome:Common Pathway of Fibrin Clot Formation [R-HSA-140875]	R-HSA-140875	22	22
reactome:Formation of Fibrin Clot (Clotting Cascade) [R-HSA-140877]	R-HSA-140877	39	39
reactome:ChREBP activates metabolic gene expression [R-HSA-163765]	R-HSA-163765	8	8
reactome:Transport of vitamins, nucleosides, and related molecules [R-HSA-425397]	R-HSA-425397	42	42
reactome:Defective SLC35A1 causes congenital disorder of glycosylation 2F (CDG2F) [R-HSA-5619037]	R-HSA-5619037	1	1
reactome:Defective SLC35A1 causes congenital disorder of glycosylation 2F (CDG2F) [R-HSA-5663020]	R-HSA-5663020	1	1
reactome:Transport of nucleotide sugars [R-HSA-727802]	R-HSA-727802	9	9
reactome:Vitamin B1 (thiamin) metabolism [R-HSA-196819]	R-HSA-196819	5	5
reactome:Chemokine receptors bind chemokines [R-HSA-380108]	R-HSA-380108	59	59
reactome:Type II Na+/Pi cotransporters [R-HSA-427589]	R-HSA-427589	3	3
reactome:Sodium-coupled phosphate cotransporters [R-HSA-427652]	R-HSA-427652	5	5
reactome:Defective SLC34A2 causes pulmonary alveolar microlithiasis (PALM) [R-HSA-5619045]	R-HSA-5619045	1	1
reactome:Surfactant metabolism [R-HSA-5683826]	R-HSA-5683826	29	29
reactome:Defective SLC34A2 causes PALM [R-HSA-5687583]	R-HSA-5687583	1	1
reactome:Diseases associated with surfactant metabolism [R-HSA-5687613]	R-HSA-5687613	9	9
reactome:Folding of actin by CCT/TriC [R-HSA-390450]	R-HSA-390450	10	10
reactome:Cooperation of PDCL (PhLP1) and TRiC/CCT in G-protein beta folding [R-HSA-6814122]	R-HSA-6814122	38	38
reactome:Cargo trafficking to the periciliary membrane [R-HSA-5620920]	R-HSA-5620920	51	51
reactome:BBSome-mediated cargo-targeting to cilium [R-HSA-5620922]	R-HSA-5620922	23	23
reactome:LDL clearance [R-HSA-8964038]	R-HSA-8964038	19	19
reactome:Lectin pathway of complement activation [R-HSA-166662]	R-HSA-166662	8	8
reactome:Creation of C4 and C2 activators [R-HSA-166786]	R-HSA-166786	14	14
reactome:Defective POMT2 causes MDDGA2, MDDGB2 and MDDGC2 [R-HSA-5083629]	R-HSA-5083629	3	3
reactome:Defective POMT1 causes MDDGA1, MDDGB1 and MDDGC1 [R-HSA-5083633]	R-HSA-5083633	3	3
reactome:Detoxification of Reactive Oxygen Species [R-HSA-3299685]	R-HSA-3299685	37	37
reactome:Metabolism of folate and pterines [R-HSA-196757]	R-HSA-196757	17	17
reactome:Signaling by NODAL [R-HSA-1181150]	R-HSA-1181150	22	22
reactome:Metabolism of porphyrins [R-HSA-189445]	R-HSA-189445	27	27
reactome:Heme degradation [R-HSA-189483]	R-HSA-189483	15	15
reactome:Defective SLCO1B1 causes hyperbilirubinemia, Rotor type (HBLRR) [R-HSA-5619110]	R-HSA-5619110	1	1
reactome:Transport of organic anions [R-HSA-879518]	R-HSA-879518	11	11
reactome:Atorvastatin ADME [R-HSA-9754706]	R-HSA-9754706	9	9
reactome:Deadenylation-dependent mRNA decay [R-HSA-429914]	R-HSA-429914	55	55
reactome:Deadenylation of mRNA [R-HSA-429947]	R-HSA-429947	24	24
reactome:M-decay: degradation of maternal mRNAs by maternally stored factors [R-HSA-9820841]	R-HSA-9820841	24	24
reactome:Z-decay: degradation of maternal mRNAs by zygotically expressed factors [R-HSA-9820865]	R-HSA-9820865	12	12
reactome:Purine ribonucleoside monophosphate biosynthesis [R-HSA-73817]	R-HSA-73817	11	11
reactome:Nucleotide biosynthesis [R-HSA-8956320]	R-HSA-8956320	14	14
reactome:Maturation of protein 3a [R-HSA-9683673]	R-HSA-9683673	9	9
reactome:Translation of Structural Proteins [R-HSA-9683701]	R-HSA-9683701	30	29
reactome:Maturation of spike protein [R-HSA-9694548]	R-HSA-9694548	37	37
reactome:Translation of Structural Proteins [R-HSA-9694635]	R-HSA-9694635	58	57
reactome:Maturation of protein 3a [R-HSA-9694719]	R-HSA-9694719	9	9
reactome:Late SARS-CoV-2 Infection Events [R-HSA-9772573]	R-HSA-9772573	71	70
reactome:Neurexins and neuroligins [R-HSA-6794361]	R-HSA-6794361	55	55
reactome:Cytosolic sensors of pathogen-associated DNA [R-HSA-1834949]	R-HSA-1834949	64	64
reactome:RNA Polymerase III Chain Elongation [R-HSA-73780]	R-HSA-73780	18	18
reactome:RNA Polymerase III Transcription Termination [R-HSA-73980]	R-HSA-73980	23	23
reactome:RNA Polymerase III Transcription Initiation From Type 1 Promoter [R-HSA-76061]	R-HSA-76061	28	28
reactome:RNA Polymerase III Transcription Initiation From Type 2 Promoter [R-HSA-76066]	R-HSA-76066	27	27
reactome:Ephrin signaling [R-HSA-3928664]	R-HSA-3928664	19	19
reactome:Inflammasomes [R-HSA-622312]	R-HSA-622312	24	21
reactome:The NLRP3 inflammasome [R-HSA-844456]	R-HSA-844456	16	16
reactome:Regulation of FOXO transcriptional activity by acetylation [R-HSA-9617629]	R-HSA-9617629	10	10
reactome:Purinergic signaling in leishmaniasis infection [R-HSA-9660826]	R-HSA-9660826	26	26
reactome:Cell recruitment (pro-inflammatory response) [R-HSA-9664424]	R-HSA-9664424	26	26
reactome:Polo-like kinase mediated events [R-HSA-156711]	R-HSA-156711	16	16
reactome:Specification of primordial germ cells [R-HSA-9827857]	R-HSA-9827857	12	12
reactome:Regulation of signaling by NODAL [R-HSA-1433617]	R-HSA-1433617	11	11
reactome:Insulin processing [R-HSA-264876]	R-HSA-264876	25	25
reactome:VxPx cargo-targeting to cilium [R-HSA-5620916]	R-HSA-5620916	21	21
reactome:Insulin-like Growth Factor-2 mRNA Binding Proteins (IGF2BPs/IMPs/VICKZs) bind RNA [R-HSA-428359]	R-HSA-428359	3	3
reactome:CaMK IV-mediated phosphorylation of CREB [R-HSA-111932]	R-HSA-111932	12	12
reactome:Calmodulin induced events [R-HSA-111933]	R-HSA-111933	37	37
reactome:Ca-dependent events [R-HSA-111996]	R-HSA-111996	39	39
reactome:CaM pathway [R-HSA-111997]	R-HSA-111997	37	37
reactome:G-protein mediated events [R-HSA-112040]	R-HSA-112040	56	56
reactome:PLC beta mediated events [R-HSA-112043]	R-HSA-112043	51	51
reactome:DAG and IP3 signaling [R-HSA-1489509]	R-HSA-1489509	43	43
reactome:CREB1 phosphorylation through the activation of CaMKII/CaMKK/CaMKIV cascasde [R-HSA-442729]	R-HSA-442729	10	10
reactome:Activation of RAC1 downstream of NMDARs [R-HSA-9619229]	R-HSA-9619229	9	9
reactome:TP53 Regulates Transcription of Genes Involved in Cytochrome C Release [R-HSA-6803204]	R-HSA-6803204	20	20
reactome:MET Receptor Activation [R-HSA-6806942]	R-HSA-6806942	6	6
reactome:Signaling by MST1 [R-HSA-8852405]	R-HSA-8852405	5	5
reactome:Cholesterol biosynthesis [R-HSA-191273]	R-HSA-191273	27	27
reactome:PTK6 Regulates Proteins Involved in RNA Processing [R-HSA-8849468]	R-HSA-8849468	5	5
reactome:Physiological factors [R-HSA-5578768]	R-HSA-5578768	14	14
reactome:E3 ubiquitin ligases ubiquitinate target proteins [R-HSA-8866654]	R-HSA-8866654	59	59
reactome:Signal amplification [R-HSA-392518]	R-HSA-392518	33	33
reactome:Thromboxane signalling through TP receptor [R-HSA-428930]	R-HSA-428930	24	24
reactome:Thrombin signalling through proteinase activated receptors (PARs) [R-HSA-456926]	R-HSA-456926	32	32
reactome:TNFs bind their physiological receptors [R-HSA-5669034]	R-HSA-5669034	29	29
reactome:TNF receptor superfamily (TNFSF) members mediating non-canonical NF-kB pathway [R-HSA-5676594]	R-HSA-5676594	18	18
reactome:Chondroitin sulfate biosynthesis [R-HSA-2022870]	R-HSA-2022870	20	20
reactome:CS/DS degradation [R-HSA-2024101]	R-HSA-2024101	14	14
reactome:Defective CHST3 causes SEDCJD [R-HSA-3595172]	R-HSA-3595172	8	8
reactome:Defective CHST14 causes EDS, musculocontractural type [R-HSA-3595174]	R-HSA-3595174	8	8
reactome:Defective CHSY1 causes TPBS [R-HSA-3595177]	R-HSA-3595177	8	8
reactome:Activation of G protein gated Potassium channels [R-HSA-1296041]	R-HSA-1296041	29	29
reactome:G protein gated Potassium channels [R-HSA-1296059]	R-HSA-1296059	29	29
reactome:G-protein activation [R-HSA-202040]	R-HSA-202040	24	24
reactome:ADP signalling through P2Y purinoceptor 12 [R-HSA-392170]	R-HSA-392170	22	22
reactome:Prostacyclin signalling through prostacyclin receptor [R-HSA-392851]	R-HSA-392851	19	19
reactome:Adrenaline,noradrenaline inhibits insulin secretion [R-HSA-400042]	R-HSA-400042	28	28
reactome:Ca2+ pathway [R-HSA-4086398]	R-HSA-4086398	62	62
reactome:G beta:gamma signalling through PLC beta [R-HSA-418217]	R-HSA-418217	20	20
reactome:ADP signalling through P2Y purinoceptor 1 [R-HSA-418592]	R-HSA-418592	25	25
reactome:Glucagon-type ligand receptors [R-HSA-420092]	R-HSA-420092	33	33
reactome:Vasopressin regulates renal water homeostasis via Aquaporins [R-HSA-432040]	R-HSA-432040	43	43
reactome:Aquaporin-mediated transport [R-HSA-445717]	R-HSA-445717	52	52
reactome:Activation of kainate receptors upon glutamate binding [R-HSA-451326]	R-HSA-451326	32	32
reactome:Presynaptic function of Kainate receptors [R-HSA-500657]	R-HSA-500657	21	21
reactome:G beta:gamma signalling through BTK [R-HSA-8964315]	R-HSA-8964315	18	18
reactome:G beta:gamma signalling through CDC42 [R-HSA-8964616]	R-HSA-8964616	20	20
reactome:GPER1 signaling [R-HSA-9634597]	R-HSA-9634597	45	45
reactome:ADORA2B mediated anti-inflammatory cytokines production [R-HSA-9660821]	R-HSA-9660821	43	43
reactome:Anti-inflammatory response favouring Leishmania parasite infection [R-HSA-9662851]	R-HSA-9662851	82	79
reactome:Leishmania parasite growth and survival [R-HSA-9664433]	R-HSA-9664433	82	79
reactome:GABA receptor activation [R-HSA-977443]	R-HSA-977443	60	60
reactome:GABA B receptor activation [R-HSA-977444]	R-HSA-977444	43	43
reactome:Activation of GABAB receptors [R-HSA-991365]	R-HSA-991365	43	43
reactome:Inhibition  of voltage gated Ca2+ channels via Gbeta/gamma subunits [R-HSA-997272]	R-HSA-997272	29	29
reactome:Cholesterol biosynthesis via desmosterol [R-HSA-6807047]	R-HSA-6807047	4	4
reactome:Cholesterol biosynthesis via lathosterol [R-HSA-6807062]	R-HSA-6807062	4	4
reactome:Tight junction interactions [R-HSA-420029]	R-HSA-420029	29	29
reactome:Trafficking and processing of endosomal TLR [R-HSA-1679131]	R-HSA-1679131	13	13
reactome:PKA-mediated phosphorylation of CREB [R-HSA-111931]	R-HSA-111931	22	22
reactome:Glucagon signaling in metabolic regulation [R-HSA-163359]	R-HSA-163359	33	33
reactome:PKA activation [R-HSA-163615]	R-HSA-163615	20	20
reactome:PKA activation in glucagon signalling [R-HSA-164378]	R-HSA-164378	17	17
reactome:Adenylate cyclase activating pathway [R-HSA-170660]	R-HSA-170660	10	10
reactome:Adenylate cyclase inhibitory pathway [R-HSA-170670]	R-HSA-170670	14	14
reactome:CREB1 phosphorylation through the activation of Adenylate Cyclase [R-HSA-442720]	R-HSA-442720	14	14
reactome:FCGR3A-mediated IL10 synthesis [R-HSA-9664323]	R-HSA-9664323	43	40
reactome:Plasma lipoprotein remodeling [R-HSA-8963899]	R-HSA-8963899	34	34
reactome:LDL remodeling [R-HSA-8964041]	R-HSA-8964041	6	6
reactome:HDL remodeling [R-HSA-8964058]	R-HSA-8964058	10	10
reactome:Recognition of DNA damage by PCNA-containing replication complex [R-HSA-110314]	R-HSA-110314	30	30
reactome:Processive synthesis on the C-strand of the telomere [R-HSA-174414]	R-HSA-174414	19	19
reactome:Removal of the Flap Intermediate from the C-strand [R-HSA-174437]	R-HSA-174437	17	17
reactome:Mismatch Repair [R-HSA-5358508]	R-HSA-5358508	15	15
reactome:Mismatch repair (MMR) directed by MSH2:MSH6 (MutSalpha) [R-HSA-5358565]	R-HSA-5358565	14	14
reactome:Mismatch repair (MMR) directed by MSH2:MSH3 (MutSbeta) [R-HSA-5358606]	R-HSA-5358606	14	14
reactome:PCNA-Dependent Long Patch Base Excision Repair [R-HSA-5651801]	R-HSA-5651801	21	21
reactome:Termination of translesion DNA synthesis [R-HSA-5656169]	R-HSA-5656169	32	32
reactome:Gap-filling DNA repair synthesis and ligation in GG-NER [R-HSA-5696397]	R-HSA-5696397	25	25
reactome:Polymerase switching [R-HSA-69091]	R-HSA-69091	14	14
reactome:Leading Strand Synthesis [R-HSA-69109]	R-HSA-69109	14	14
reactome:Removal of the Flap Intermediate [R-HSA-69166]	R-HSA-69166	14	14
reactome:Processive synthesis on the lagging strand [R-HSA-69183]	R-HSA-69183	15	15
reactome:Lagging Strand Synthesis [R-HSA-69186]	R-HSA-69186	20	20
reactome:DNA strand elongation [R-HSA-69190]	R-HSA-69190	32	32
reactome:Signaling by ERBB2 in Cancer [R-HSA-1227990]	R-HSA-1227990	26	26
reactome:SHC1 events in ERBB2 signaling [R-HSA-1250196]	R-HSA-1250196	22	22
reactome:PI3K events in ERBB4 signaling [R-HSA-1250342]	R-HSA-1250342	10	10
reactome:SHC1 events in ERBB4 signaling [R-HSA-1250347]	R-HSA-1250347	14	14
reactome:GRB2 events in ERBB2 signaling [R-HSA-1963640]	R-HSA-1963640	16	16
reactome:PI3K events in ERBB2 signaling [R-HSA-1963642]	R-HSA-1963642	16	16
reactome:Constitutive Signaling by Aberrant PI3K in Cancer [R-HSA-2219530]	R-HSA-2219530	83	83
reactome:ERBB2 Regulates Cell Motility [R-HSA-6785631]	R-HSA-6785631	15	15
reactome:PI5P, PP2A and IER3 Regulate PI3K/AKT Signaling [R-HSA-6811558]	R-HSA-6811558	111	111
reactome:ERBB2 Activates PTK6 Signaling [R-HSA-8847993]	R-HSA-8847993	13	13
reactome:Signaling by ERBB2 KD Mutants [R-HSA-9664565]	R-HSA-9664565	25	25
reactome:Signaling by ERBB2 TMD/JMD mutants [R-HSA-9665686]	R-HSA-9665686	22	22
reactome:Gene and protein expression by JAK-STAT signaling after Interleukin-12 stimulation [R-HSA-8950505]	R-HSA-8950505	38	38
reactome:Interleukin-12 signaling [R-HSA-9020591]	R-HSA-9020591	47	47
reactome:Glucuronidation [R-HSA-156588]	R-HSA-156588	25	25
reactome:Cation-coupled Chloride cotransporters [R-HSA-426117]	R-HSA-426117	7	7
reactome:RND2 GTPase cycle [R-HSA-9696270]	R-HSA-9696270	43	43
reactome:Arachidonic acid metabolism [R-HSA-2142753]	R-HSA-2142753	59	59
reactome:Synthesis of Prostaglandins (PG) and Thromboxanes (TX) [R-HSA-2162123]	R-HSA-2162123	15	15
reactome:Attenuation phase [R-HSA-3371568]	R-HSA-3371568	14	14
reactome:HSF1-dependent transactivation [R-HSA-3371571]	R-HSA-3371571	24	24
reactome:Aryl hydrocarbon receptor signalling [R-HSA-8937144]	R-HSA-8937144	7	7
reactome:Cellular response to mitochondrial stress [R-HSA-9840373]	R-HSA-9840373	9	9
reactome:Formation of the ureteric bud [R-HSA-9830674]	R-HSA-9830674	21	21
reactome:Ficolins bind to repetitive carbohydrate structures on the target cell surface [R-HSA-2855086]	R-HSA-2855086	5	5
reactome:CHL1 interactions [R-HSA-447041]	R-HSA-447041	9	9
reactome:FGFR1 ligand binding and activation [R-HSA-190242]	R-HSA-190242	18	18
reactome:FGFR1b ligand binding and activation [R-HSA-190370]	R-HSA-190370	8	8
reactome:FGFR1c ligand binding and activation [R-HSA-190373]	R-HSA-190373	14	14
reactome:Signaling by TGFBR3 [R-HSA-9839373]	R-HSA-9839373	46	46
reactome:TGFBR3 regulates TGF-beta signaling [R-HSA-9839389]	R-HSA-9839389	8	8
reactome:TGFBR3 regulates FGF2 signaling [R-HSA-9839397]	R-HSA-9839397	3	3
reactome:ISG15 antiviral mechanism [R-HSA-1169408]	R-HSA-1169408	74	73
reactome:Rev-mediated nuclear export of HIV RNA [R-HSA-165054]	R-HSA-165054	35	34
reactome:Influenza Infection [R-HSA-168255]	R-HSA-168255	168	157
reactome:Transport of Ribonucleoproteins into the Host Nucleus [R-HSA-168271]	R-HSA-168271	35	31
reactome:Influenza Viral RNA Transcription and Replication [R-HSA-168273]	R-HSA-168273	147	136
reactome:Export of Viral Ribonucleoproteins from Nucleus [R-HSA-168274]	R-HSA-168274	39	33
reactome:NS1 Mediated Effects on Host Pathways [R-HSA-168276]	R-HSA-168276	41	40
reactome:Viral Messenger RNA Synthesis [R-HSA-168325]	R-HSA-168325	47	43
reactome:NEP/NS2 Interacts with the Cellular Export Machinery [R-HSA-168333]	R-HSA-168333	37	31
reactome:Regulation of Glucokinase by Glucokinase Regulatory Protein [R-HSA-170822]	R-HSA-170822	31	31
reactome:Interactions of Vpr with host cellular proteins [R-HSA-176033]	R-HSA-176033	41	36
reactome:Interactions of Rev with host cellular proteins [R-HSA-177243]	R-HSA-177243	37	36
reactome:Nuclear import of Rev protein [R-HSA-180746]	R-HSA-180746	34	33
reactome:Vpr-mediated nuclear import of PICs [R-HSA-180910]	R-HSA-180910	38	33
reactome:Nuclear Envelope Breakdown [R-HSA-2980766]	R-HSA-2980766	52	52
reactome:SUMOylation of ubiquitinylation proteins [R-HSA-3232142]	R-HSA-3232142	38	38
reactome:Nuclear Pore Complex (NPC) Disassembly [R-HSA-3301854]	R-HSA-3301854	35	35
reactome:Defective TPR may confer susceptibility towards thyroid papillary carcinoma (TPC) [R-HSA-5619107]	R-HSA-5619107	31	31
reactome:HDMs demethylate histones [R-HSA-3214842]	R-HSA-3214842	50	50
reactome:mRNA decay by 3' to 5' exoribonuclease [R-HSA-429958]	R-HSA-429958	16	16
reactome:Role of phospholipids in phagocytosis [R-HSA-2029485]	R-HSA-2029485	25	25
reactome:VEGFR2 mediated cell proliferation [R-HSA-5218921]	R-HSA-5218921	21	21
reactome:CLEC7A (Dectin-1) induces NFAT activation [R-HSA-5607763]	R-HSA-5607763	13	13
reactome:Antigen activates B Cell Receptor (BCR) leading to generation of second messengers [R-HSA-983695]	R-HSA-983695	32	32
reactome:TP53 regulates transcription of additional cell cycle genes whose exact role in the p53 pathway remain uncertain [R-HSA-6804115]	R-HSA-6804115	20	20
reactome:CD163 mediating an anti-inflammatory response [R-HSA-9662834]	R-HSA-9662834	9	9
reactome:MASTL Facilitates Mitotic Progression [R-HSA-2465910]	R-HSA-2465910	10	10
reactome:Activation of NIMA Kinases NEK9, NEK6, NEK7 [R-HSA-2980767]	R-HSA-2980767	7	7
reactome:tRNA modification in the nucleus and cytosol [R-HSA-6782315]	R-HSA-6782315	43	43
reactome:Olfactory Signaling Pathway [R-HSA-381753]	R-HSA-381753	387	387
reactome:Expression and translocation of olfactory receptors [R-HSA-9752946]	R-HSA-9752946	379	379
reactome:RHO GTPases regulate CFTR trafficking [R-HSA-5627083]	R-HSA-5627083	3	3
reactome:Eicosanoid ligand-binding receptors [R-HSA-391903]	R-HSA-391903	15	15
reactome:Leukotriene receptors [R-HSA-391906]	R-HSA-391906	5	5
reactome:LTC4-CYSLTR mediated IL4 production [R-HSA-9664535]	R-HSA-9664535	7	7
reactome:Androgen biosynthesis [R-HSA-193048]	R-HSA-193048	11	11
reactome:Mineralocorticoid biosynthesis [R-HSA-193993]	R-HSA-193993	6	6
reactome:Metabolism of steroid hormones [R-HSA-196071]	R-HSA-196071	36	36
reactome:Metabolism of amine-derived hormones [R-HSA-209776]	R-HSA-209776	18	18
reactome:Glycoprotein hormones [R-HSA-209822]	R-HSA-209822	12	12
reactome:Peptide hormone biosynthesis [R-HSA-209952]	R-HSA-209952	14	14
reactome:Thyroxine biosynthesis [R-HSA-209968]	R-HSA-209968	10	10
reactome:Hormone ligand-binding receptors [R-HSA-375281]	R-HSA-375281	12	12
reactome:TFAP2 (AP-2) family regulates transcription of growth factors and their receptors [R-HSA-8866910]	R-HSA-8866910	15	15
reactome:N-glycan antennae elongation in the medial/trans-Golgi [R-HSA-975576]	R-HSA-975576	26	26
reactome:Reactions specific to the complex N-glycan synthesis pathway [R-HSA-975578]	R-HSA-975578	10	10
reactome:RHO GTPases Activate NADPH Oxidases [R-HSA-5668599]	R-HSA-5668599	24	24
reactome:Killing mechanisms [R-HSA-9664420]	R-HSA-9664420	12	12
reactome:WNT5:FZD7-mediated leishmania damping [R-HSA-9673324]	R-HSA-9673324	12	12
reactome:GABA synthesis, release, reuptake and degradation [R-HSA-888590]	R-HSA-888590	19	19
reactome:Downstream signaling of activated FGFR1 [R-HSA-5654687]	R-HSA-5654687	31	31
reactome:FRS-mediated FGFR1 signaling [R-HSA-5654693]	R-HSA-5654693	23	23
reactome:Downstream signaling of activated FGFR2 [R-HSA-5654696]	R-HSA-5654696	30	30
reactome:FRS-mediated FGFR2 signaling [R-HSA-5654700]	R-HSA-5654700	25	25
reactome:FRS-mediated FGFR3 signaling [R-HSA-5654706]	R-HSA-5654706	20	20
reactome:Downstream signaling of activated FGFR3 [R-HSA-5654708]	R-HSA-5654708	25	25
reactome:FRS-mediated FGFR4 signaling [R-HSA-5654712]	R-HSA-5654712	22	22
reactome:Downstream signaling of activated FGFR4 [R-HSA-5654716]	R-HSA-5654716	27	27
reactome:Activated NTRK2 signals through FRS2 and FRS3 [R-HSA-9028731]	R-HSA-9028731	11	11
reactome:RND1 GTPase cycle [R-HSA-9696273]	R-HSA-9696273	42	42
reactome:PI3K Cascade [R-HSA-109704]	R-HSA-109704	44	44
reactome:IRS-mediated signalling [R-HSA-112399]	R-HSA-112399	48	48
reactome:Signaling by FGFR in disease [R-HSA-1226099]	R-HSA-1226099	63	63
reactome:Prolonged ERK activation events [R-HSA-169893]	R-HSA-169893	14	14
reactome:Frs2-mediated activation [R-HSA-170968]	R-HSA-170968	12	12
reactome:Signalling to ERKs [R-HSA-187687]	R-HSA-187687	34	34
reactome:Signaling by ALK [R-HSA-201556]	R-HSA-201556	30	30
reactome:Signaling by Type 1 Insulin-like Growth Factor 1 Receptor (IGF1R) [R-HSA-2404192]	R-HSA-2404192	54	54
reactome:IGF1R signaling cascade [R-HSA-2428924]	R-HSA-2428924	53	53
reactome:IRS-related events triggered by IGF1R [R-HSA-2428928]	R-HSA-2428928	52	52
reactome:PI-3K cascade:FGFR1 [R-HSA-5654689]	R-HSA-5654689	21	21
reactome:PI-3K cascade:FGFR2 [R-HSA-5654695]	R-HSA-5654695	23	23
reactome:PI-3K cascade:FGFR3 [R-HSA-5654710]	R-HSA-5654710	18	18
reactome:PI-3K cascade:FGFR4 [R-HSA-5654720]	R-HSA-5654720	20	20
reactome:Signaling by FGFR2 in disease [R-HSA-5655253]	R-HSA-5655253	43	43
reactome:Signaling by FGFR4 in disease [R-HSA-5655291]	R-HSA-5655291	11	11
reactome:Signaling by FGFR1 in disease [R-HSA-5655302]	R-HSA-5655302	38	38
reactome:Signaling by FGFR3 in disease [R-HSA-5655332]	R-HSA-5655332	22	22
reactome:Insulin receptor signalling cascade [R-HSA-74751]	R-HSA-74751	54	54
reactome:RET signaling [R-HSA-8853659]	R-HSA-8853659	40	40
reactome:Glycosphingolipid metabolism [R-HSA-1660662]	R-HSA-1660662	58	58
reactome:Glycosphingolipid catabolism [R-HSA-9840310]	R-HSA-9840310	39	39
reactome:Histidine catabolism [R-HSA-70921]	R-HSA-70921	8	8
reactome:Synthesis of bile acids and bile salts via 24-hydroxycholesterol [R-HSA-193775]	R-HSA-193775	13	13
reactome:Transport and synthesis of PAPS [R-HSA-174362]	R-HSA-174362	6	6
reactome:Multifunctional anion exchangers [R-HSA-427601]	R-HSA-427601	9	9
reactome:Transport of bile salts and organic acids, metal ions and amine compounds [R-HSA-425366]	R-HSA-425366	84	84
reactome:Organic cation/anion/zwitterion transport [R-HSA-549132]	R-HSA-549132	15	15
reactome:Organic anion transport [R-HSA-561048]	R-HSA-561048	5	5
reactome:Fibronectin matrix formation [R-HSA-1566977]	R-HSA-1566977	6	6
reactome:Orexin and neuropeptides FF and QRFP bind to their respective receptors [R-HSA-389397]	R-HSA-389397	8	8
reactome:RAB geranylgeranylation [R-HSA-8873719]	R-HSA-8873719	65	65
reactome:Activation of PPARGC1A (PGC-1alpha) by phosphorylation [R-HSA-2151209]	R-HSA-2151209	10	10
reactome:FOXO-mediated transcription of oxidative stress, metabolic and neuronal genes [R-HSA-9615017]	R-HSA-9615017	29	29
reactome:Transcriptional regulation of brown and beige adipocyte differentiation [R-HSA-9843743]	R-HSA-9843743	31	30
reactome:Transcriptional regulation of brown and beige adipocyte differentiation by EBF2 [R-HSA-9844594]	R-HSA-9844594	31	30
reactome:Regulation of MITF-M dependent genes involved in metabolism [R-HSA-9854907]	R-HSA-9854907	3	3
reactome:CLEC7A/inflammasome pathway [R-HSA-5660668]	R-HSA-5660668	6	6
reactome:Activation of Matrix Metalloproteinases [R-HSA-1592389]	R-HSA-1592389	33	33
reactome:Hyaluronan uptake and degradation [R-HSA-2160916]	R-HSA-2160916	12	12
reactome:Inhibition of Host mRNA Processing and RNA Silencing [R-HSA-168315]	R-HSA-168315	3	2
reactome:Processing of Capped Intronless Pre-mRNA [R-HSA-75067]	R-HSA-75067	29	29
reactome:Processing of Intronless Pre-mRNAs [R-HSA-77595]	R-HSA-77595	20	20
reactome:N-glycan trimming and elongation in the cis-Golgi [R-HSA-964739]	R-HSA-964739	5	5
reactome:Progressive trimming of alpha-1,2-linked mannose residues from Man9/8/7GlcNAc2 to produce Man5GlcNAc2 [R-HSA-964827]	R-HSA-964827	3	3
reactome:PI Metabolism [R-HSA-1483255]	R-HSA-1483255	84	84
reactome:Glycerophospholipid catabolism [R-HSA-6814848]	R-HSA-6814848	7	7
reactome:PKMTs methylate histone lysines [R-HSA-3214841]	R-HSA-3214841	69	69
reactome:Nonsense-Mediated Decay (NMD) [R-HSA-927802]	R-HSA-927802	116	116
reactome:Nonsense Mediated Decay (NMD) enhanced by the Exon Junction Complex (EJC) [R-HSA-975957]	R-HSA-975957	116	116
reactome:FASTK family proteins regulate processing and stability of mitochondrial RNAs [R-HSA-9837092]	R-HSA-9837092	4	4
reactome:Pregnenolone biosynthesis [R-HSA-196108]	R-HSA-196108	12	12
reactome:SRP-dependent cotranslational protein targeting to membrane [R-HSA-1799339]	R-HSA-1799339	113	113
reactome:Insertion of tail-anchored proteins into the endoplasmic reticulum membrane [R-HSA-9609523]	R-HSA-9609523	22	22
reactome:Serine biosynthesis [R-HSA-977347]	R-HSA-977347	9	9
reactome:Fatty acyl-CoA biosynthesis [R-HSA-75105]	R-HSA-75105	37	37
reactome:Chk1/Chk2(Cds1) mediated inactivation of Cyclin B:Cdk1 complex [R-HSA-75035]	R-HSA-75035	13	13
reactome:SARS-CoV-1 targets host intracellular signalling and regulatory pathways [R-HSA-9735871]	R-HSA-9735871	15	15
reactome:ALKBH3 mediated reversal of alkylation damage [R-HSA-112126]	R-HSA-112126	4	4
reactome:DNA Damage Reversal [R-HSA-73942]	R-HSA-73942	8	8
reactome:Reversal of alkylation damage by DNA dioxygenases [R-HSA-73943]	R-HSA-73943	7	7
reactome:Complex III assembly [R-HSA-9865881]	R-HSA-9865881	25	25
reactome:Cell-extracellular matrix interactions [R-HSA-446353]	R-HSA-446353	18	18
reactome:Amino acid transport across the plasma membrane [R-HSA-352230]	R-HSA-352230	33	33
reactome:Defective SLC27A4 causes ichthyosis prematurity syndrome (IPS) [R-HSA-5619108]	R-HSA-5619108	1	1
reactome:Transport of fatty acids [R-HSA-804914]	R-HSA-804914	7	7
reactome:Synthesis of very long-chain fatty acyl-CoAs [R-HSA-75876]	R-HSA-75876	24	24
reactome:Interleukin-20 family signaling [R-HSA-8854691]	R-HSA-8854691	25	25
reactome:Protein lipoylation [R-HSA-9857492]	R-HSA-9857492	10	10
reactome:PIWI-interacting RNA (piRNA) biogenesis [R-HSA-5601884]	R-HSA-5601884	29	29
reactome:ZBP1(DAI) mediated induction of type I IFNs [R-HSA-1606322]	R-HSA-1606322	21	21
reactome:TICAM1, RIP1-mediated IKK complex recruitment [R-HSA-168927]	R-HSA-168927	20	20
reactome:RIP-mediated NFkB activation via ZBP1 [R-HSA-1810476]	R-HSA-1810476	17	17
reactome:TRP channels [R-HSA-3295583]	R-HSA-3295583	28	28
reactome:TLR3-mediated TICAM1-dependent programmed cell death [R-HSA-9013957]	R-HSA-9013957	6	6
reactome:Microbial modulation of RIPK1-mediated regulated necrosis [R-HSA-9686347]	R-HSA-9686347	8	4
reactome:SARS-CoV-1-mediated effects on programmed cell death [R-HSA-9692913]	R-HSA-9692913	3	3
reactome:Defective RIPK1-mediated regulated necrosis [R-HSA-9693928]	R-HSA-9693928	11	7
reactome:Postmitotic nuclear pore complex (NPC) reformation [R-HSA-9615933]	R-HSA-9615933	27	27
reactome:Defective LARGE causes MDDGA6 and MDDGB6 [R-HSA-5083627]	R-HSA-5083627	2	2
reactome:Signaling by cytosolic FGFR1 fusion mutants [R-HSA-1839117]	R-HSA-1839117	18	18
reactome:FGFR1 mutant receptor activation [R-HSA-1839124]	R-HSA-1839124	31	31
reactome:Downregulation of ERBB4 signaling [R-HSA-1253288]	R-HSA-1253288	9	9
reactome:Keratan sulfate degradation [R-HSA-2022857]	R-HSA-2022857	15	15
reactome:Defective CHST6 causes MCDC1 [R-HSA-3656225]	R-HSA-3656225	8	8
reactome:Defective ST3GAL3 causes MCT12 and EIEE15 [R-HSA-3656243]	R-HSA-3656243	8	8
reactome:Defective B4GALT1 causes B4GALT1-CDG (CDG-2d) [R-HSA-3656244]	R-HSA-3656244	8	8
reactome:Fertilization [R-HSA-1187000]	R-HSA-1187000	25	25
reactome:Interaction With Cumulus Cells And The Zona Pellucida [R-HSA-2534343]	R-HSA-2534343	11	11
reactome:Platelet Adhesion to exposed collagen [R-HSA-75892]	R-HSA-75892	16	16
reactome:Diseases of hemostasis [R-HSA-9671793]	R-HSA-9671793	19	19
reactome:Defects of platelet adhesion to exposed collagen [R-HSA-9823587]	R-HSA-9823587	8	8
reactome:Enhanced cleavage of VWF variant by ADAMTS13 [R-HSA-9845619]	R-HSA-9845619	4	4
reactome:Defective VWF cleavage by ADAMTS13 variant [R-HSA-9845621]	R-HSA-9845621	4	4
reactome:p75NTR negatively regulates cell cycle via SC1 [R-HSA-193670]	R-HSA-193670	6	6
reactome:Activation of SMO [R-HSA-5635838]	R-HSA-5635838	18	18
reactome:Basigin interactions [R-HSA-210991]	R-HSA-210991	25	25
reactome:Defective SLC3A1 causes cystinuria (CSNU) [R-HSA-5619113]	R-HSA-5619113	2	2
reactome:Defective SLC7A9 causes cystinuria (CSNU) [R-HSA-5660883]	R-HSA-5660883	2	2
reactome:Constitutive Signaling by Ligand-Responsive EGFR Cancer Variants [R-HSA-1236382]	R-HSA-1236382	19	19
reactome:Signaling by EGFR in Cancer [R-HSA-1643713]	R-HSA-1643713	25	25
reactome:Constitutive Signaling by EGFRvIII [R-HSA-5637810]	R-HSA-5637810	15	15
reactome:Signaling by EGFRvIII in Cancer [R-HSA-5637812]	R-HSA-5637812	15	15
reactome:Signaling by Ligand-Responsive EGFR Variants in Cancer [R-HSA-5637815]	R-HSA-5637815	19	19
reactome:Constitutive Signaling by Overexpressed ERBB2 [R-HSA-9634285]	R-HSA-9634285	11	11
reactome:Drug-mediated inhibition of ERBB2 signaling [R-HSA-9652282]	R-HSA-9652282	4	4
reactome:Drug resistance in ERBB2 KD mutants [R-HSA-9665230]	R-HSA-9665230	4	4
reactome:Resistance of ERBB2 KD mutants to trastuzumab [R-HSA-9665233]	R-HSA-9665233	4	4
reactome:Resistance of ERBB2 KD mutants to sapitinib [R-HSA-9665244]	R-HSA-9665244	4	4
reactome:Resistance of ERBB2 KD mutants to tesevatinib [R-HSA-9665245]	R-HSA-9665245	4	4
reactome:Resistance of ERBB2 KD mutants to neratinib [R-HSA-9665246]	R-HSA-9665246	4	4
reactome:Resistance of ERBB2 KD mutants to osimertinib [R-HSA-9665247]	R-HSA-9665247	4	4
reactome:Resistance of ERBB2 KD mutants to afatinib [R-HSA-9665249]	R-HSA-9665249	4	4
reactome:Resistance of ERBB2 KD mutants to AEE788 [R-HSA-9665250]	R-HSA-9665250	4	4
reactome:Resistance of ERBB2 KD mutants to lapatinib [R-HSA-9665251]	R-HSA-9665251	4	4
reactome:Signaling by ERBB2 ECD mutants [R-HSA-9665348]	R-HSA-9665348	16	16
reactome:Drug resistance in ERBB2 TMD/JMD mutants [R-HSA-9665737]	R-HSA-9665737	4	4
reactome:Receptor-type tyrosine-protein phosphatases [R-HSA-388844]	R-HSA-388844	20	20
reactome:Interleukin-38 signaling [R-HSA-9007892]	R-HSA-9007892	4	4
reactome:Acyl chain remodelling of PI [R-HSA-1482922]	R-HSA-1482922	17	17
reactome:Infection with Mycobacterium tuberculosis [R-HSA-9635486]	R-HSA-9635486	111	27
reactome:Prevention of phagosomal-lysosomal fusion [R-HSA-9636383]	R-HSA-9636383	24	9
reactome:Suppression of phagosomal maturation [R-HSA-9637687]	R-HSA-9637687	29	13
reactome:Response of Mtb to phagocytosis [R-HSA-9637690]	R-HSA-9637690	46	23
reactome:mRNA decay by 5' to 3' exoribonuclease [R-HSA-430039]	R-HSA-430039	15	15
reactome:Signaling by plasma membrane FGFR1 fusions [R-HSA-8853336]	R-HSA-8853336	3	3
reactome:Inositol phosphate metabolism [R-HSA-1483249]	R-HSA-1483249	50	50
reactome:Synthesis of pyrophosphates in the cytosol [R-HSA-1855167]	R-HSA-1855167	10	10
reactome:Phosphate bond hydrolysis by NUDT proteins [R-HSA-2393930]	R-HSA-2393930	7	7
reactome:Signaling by BMP [R-HSA-201451]	R-HSA-201451	31	31
reactome:Integration of provirus [R-HSA-162592]	R-HSA-162592	14	9
reactome:Early Phase of HIV Life Cycle [R-HSA-162594]	R-HSA-162594	21	14
reactome:2-LTR circle formation [R-HSA-164843]	R-HSA-164843	12	7
reactome:Integration of viral DNA into host genomic DNA [R-HSA-175567]	R-HSA-175567	8	3
reactome:Autointegration results in viral DNA circles [R-HSA-177539]	R-HSA-177539	8	3
reactome:APOBEC3G mediated resistance to HIV-1 infection [R-HSA-180689]	R-HSA-180689	10	5
reactome:Digestion of dietary carbohydrate [R-HSA-189085]	R-HSA-189085	11	11
reactome:Digestion [R-HSA-8935690]	R-HSA-8935690	22	22
reactome:Digestion and absorption [R-HSA-8963743]	R-HSA-8963743	27	27
reactome:Cellular hexose transport [R-HSA-189200]	R-HSA-189200	21	21
reactome:Methylation of MeSeH for excretion [R-HSA-2408552]	R-HSA-2408552	1	1
reactome:Negative regulation of TCF-dependent signaling by WNT ligand antagonists [R-HSA-3772470]	R-HSA-3772470	15	15
reactome:SARS-CoV-2 modulates host translation machinery [R-HSA-9754678]	R-HSA-9754678	51	51
reactome:RAF-independent MAPK1/3 activation [R-HSA-112409]	R-HSA-112409	23	23
reactome:Negative regulation of MAPK pathway [R-HSA-5675221]	R-HSA-5675221	43	43
reactome:Signaling by MAPK mutants [R-HSA-9652817]	R-HSA-9652817	7	7
reactome:Eukaryotic Translation Elongation [R-HSA-156842]	R-HSA-156842	94	94
reactome:Peptide chain elongation [R-HSA-156902]	R-HSA-156902	90	90
reactome:Viral mRNA Translation [R-HSA-192823]	R-HSA-192823	101	90
reactome:Selenocysteine synthesis [R-HSA-2408557]	R-HSA-2408557	94	94
reactome:Eukaryotic Translation Termination [R-HSA-72764]	R-HSA-72764	94	94
reactome:Nonsense Mediated Decay (NMD) independent of the Exon Junction Complex (EJC) [R-HSA-975956]	R-HSA-975956	96	96
reactome:Reversible hydration of carbon dioxide [R-HSA-1475029]	R-HSA-1475029	12	12
reactome:Prostanoid ligand receptors [R-HSA-391908]	R-HSA-391908	9	9
reactome:Defective MAN1B1 causes MRT15 [R-HSA-4793950]	R-HSA-4793950	1	1
reactome:Na+/Cl- dependent neurotransmitter transporters [R-HSA-442660]	R-HSA-442660	19	19
reactome:Variant SLC6A14 may confer susceptibility towards obesity [R-HSA-5619094]	R-HSA-5619094	1	1
reactome:Amine ligand-binding receptors [R-HSA-375280]	R-HSA-375280	42	42
reactome:Histamine receptors [R-HSA-390650]	R-HSA-390650	4	4
reactome:Regulation of IFNA/IFNB signaling [R-HSA-912694]	R-HSA-912694	26	26
reactome:Regulation of NF-kappa B signaling [R-HSA-9758274]	R-HSA-9758274	18	18
reactome:Neurotoxicity of clostridium toxins [R-HSA-168799]	R-HSA-168799	14	10
reactome:Toxicity of botulinum toxin type C (botC) [R-HSA-5250971]	R-HSA-5250971	4	3
reactome:STING mediated induction of host immune responses [R-HSA-1834941]	R-HSA-1834941	16	16
reactome:Regulation of innate immune responses to cytosolic DNA [R-HSA-3134975]	R-HSA-3134975	15	15
reactome:Regulation by TREX1 [R-HSA-3248023]	R-HSA-3248023	1	1
reactome:IRF3-mediated induction of type I IFN [R-HSA-3270619]	R-HSA-3270619	13	13
reactome:Muscarinic acetylcholine receptors [R-HSA-390648]	R-HSA-390648	5	5
reactome:Interaction between L1 and Ankyrins [R-HSA-445095]	R-HSA-445095	31	31
reactome:Phase 0 - rapid depolarisation [R-HSA-5576892]	R-HSA-5576892	34	34
reactome:Mitochondrial iron-sulfur cluster biogenesis [R-HSA-1362409]	R-HSA-1362409	13	13
reactome:Electron transport from NADPH to Ferredoxin [R-HSA-2395516]	R-HSA-2395516	3	3
reactome:Defective CYP11A1 causes AICSR [R-HSA-5579026]	R-HSA-5579026	4	4
reactome:Metabolic disorders of biological oxidation enzymes [R-HSA-5579029]	R-HSA-5579029	34	34
reactome:Glyoxylate metabolism and glycine degradation [R-HSA-389661]	R-HSA-389661	19	19
reactome:N-Glycan antennae elongation [R-HSA-975577]	R-HSA-975577	15	15
reactome:Fatty acids [R-HSA-211935]	R-HSA-211935	15	15
reactome:Eicosanoids [R-HSA-211979]	R-HSA-211979	12	12
reactome:Synthesis of Leukotrienes (LT) and Eoxins (EX) [R-HSA-2142691]	R-HSA-2142691	21	21
reactome:APEX1-Independent Resolution of AP Sites via the Single Nucleotide Replacement Pathway [R-HSA-5649702]	R-HSA-5649702	7	7
reactome:Synthesis of IP3 and IP4 in the cytosol [R-HSA-1855204]	R-HSA-1855204	28	28
reactome:Acetylcholine regulates insulin secretion [R-HSA-399997]	R-HSA-399997	10	10
reactome:SARS-CoV-2 modulates autophagy [R-HSA-9754560]	R-HSA-9754560	11	11
reactome:Acrosome Reaction and Sperm:Oocyte Membrane Binding [R-HSA-1300645]	R-HSA-1300645	5	5
reactome:Vitamin B2 (riboflavin) metabolism [R-HSA-196843]	R-HSA-196843	7	7
reactome:Acetylcholine binding and downstream events [R-HSA-181431]	R-HSA-181431	15	15
reactome:Presynaptic nicotinic acetylcholine receptors [R-HSA-622323]	R-HSA-622323	12	12
reactome:Postsynaptic nicotinic acetylcholine receptors [R-HSA-622327]	R-HSA-622327	15	15
reactome:Highly calcium permeable postsynaptic nicotinic acetylcholine receptors [R-HSA-629594]	R-HSA-629594	12	12
reactome:Highly calcium permeable nicotinic acetylcholine receptors [R-HSA-629597]	R-HSA-629597	9	9
reactome:Butyrate Response Factor 1 (BRF1) binds and destabilizes mRNA [R-HSA-450385]	R-HSA-450385	17	17
reactome:Tristetraprolin (TTP, ZFP36) binds and destabilizes mRNA [R-HSA-450513]	R-HSA-450513	17	17
reactome:KSRP (KHSRP) binds and destabilizes mRNA [R-HSA-450604]	R-HSA-450604	17	17
reactome:Acyl chain remodeling of DAG and TAG [R-HSA-1482883]	R-HSA-1482883	7	7
reactome:Arachidonate production from DAG [R-HSA-426048]	R-HSA-426048	5	5
reactome:Agmatine biosynthesis [R-HSA-351143]	R-HSA-351143	2	2
reactome:Highly sodium permeable postsynaptic acetylcholine nicotinic receptors [R-HSA-629587]	R-HSA-629587	7	7
reactome:Miscellaneous substrates [R-HSA-211958]	R-HSA-211958	12	12
reactome:Synthesis of (16-20)-hydroxyeicosatetraenoic acids (HETE) [R-HSA-2142816]	R-HSA-2142816	9	9
reactome:Defective CYP2U1 causes SPG56 [R-HSA-5579011]	R-HSA-5579011	1	1
reactome:Inositol transporters [R-HSA-429593]	R-HSA-429593	3	3
reactome:IKBKB deficiency causes SCID [R-HSA-5602636]	R-HSA-5602636	3	3
reactome:IKBKG deficiency causes anhidrotic ectodermal dysplasia with immunodeficiency (EDA-ID) (via TLR) [R-HSA-5603027]	R-HSA-5603027	3	3
reactome:IkBA variant leads to EDA-ID [R-HSA-5603029]	R-HSA-5603029	7	7
reactome:MAP3K8 (TPL2)-dependent MAPK1/3 activation [R-HSA-5684264]	R-HSA-5684264	16	16
reactome:TRAF6 mediated NF-kB activation [R-HSA-933542]	R-HSA-933542	25	25
reactome:NF-kB activation through FADD/RIP-1 pathway mediated by caspase-8 and -10 [R-HSA-933543]	R-HSA-933543	13	13
reactome:IRAK1 recruits IKK complex [R-HSA-937039]	R-HSA-937039	15	15
reactome:IRAK1 recruits IKK complex upon TLR7/8 or 9 stimulation [R-HSA-975144]	R-HSA-975144	15	15
reactome:SLC15A4:TASL-dependent IRF5 activation [R-HSA-9860276]	R-HSA-9860276	6	6
reactome:Intracellular oxygen transport [R-HSA-8981607]	R-HSA-8981607	3	3
reactome:Transcriptional Regulation by MECP2 [R-HSA-8986944]	R-HSA-8986944	62	62
reactome:MECP2 regulates neuronal receptors and channels [R-HSA-9022699]	R-HSA-9022699	17	17
reactome:RHO GTPases Activate Rhotekin and Rhophilins [R-HSA-5666185]	R-HSA-5666185	9	9
reactome:Lipid particle organization [R-HSA-8964572]	R-HSA-8964572	6	6
reactome:Synthesis of PG [R-HSA-1483148]	R-HSA-1483148	8	8
reactome:Creatine metabolism [R-HSA-71288]	R-HSA-71288	11	11
reactome:Interleukin-7 signaling [R-HSA-1266695]	R-HSA-1266695	36	36
reactome:Growth hormone receptor signaling [R-HSA-982772]	R-HSA-982772	24	24
reactome:NOSTRIN mediated eNOS trafficking [R-HSA-203641]	R-HSA-203641	5	5
reactome:Activation of TRKA receptors [R-HSA-187015]	R-HSA-187015	6	6
reactome:NGF-independant TRKA activation [R-HSA-187024]	R-HSA-187024	5	5
reactome:Defective SLC22A12 causes renal hypouricemia 1 (RHUC1) [R-HSA-5619071]	R-HSA-5619071	1	1
reactome:Synthesis of Dolichyl-phosphate [R-HSA-446199]	R-HSA-446199	6	6
reactome:Defective DHDDS causes RP59 [R-HSA-4755609]	R-HSA-4755609	2	2
reactome:Triglyceride biosynthesis [R-HSA-75109]	R-HSA-75109	13	13
reactome:Conjugation of phenylacetate with glutamine [R-HSA-177162]	R-HSA-177162	2	2
reactome:Assembly of active LPL and LIPC lipase complexes [R-HSA-8963889]	R-HSA-8963889	19	19
reactome:Chylomicron remodeling [R-HSA-8963901]	R-HSA-8963901	10	10
reactome:PTK6 Regulates RTKs and Their Effectors AKT1 and DOK1 [R-HSA-8849469]	R-HSA-8849469	9	9
reactome:Netrin-1 signaling [R-HSA-373752]	R-HSA-373752	44	44
reactome:Sperm Motility And Taxes [R-HSA-1300642]	R-HSA-1300642	9	9
reactome:Activation of AKT2 [R-HSA-165158]	R-HSA-165158	4	4
reactome:Scavenging by Class A Receptors [R-HSA-3000480]	R-HSA-3000480	19	19
reactome:Nef mediated downregulation of CD28 cell surface expression [R-HSA-164939]	R-HSA-164939	3	2
reactome:Nef Mediated CD4 Down-regulation [R-HSA-167590]	R-HSA-167590	10	9
reactome:Nef Mediated CD8 Down-regulation [R-HSA-182218]	R-HSA-182218	8	7
reactome:Gap junction degradation [R-HSA-190873]	R-HSA-190873	12	12
reactome:Formation of annular gap junctions [R-HSA-196025]	R-HSA-196025	11	11
reactome:Trafficking of GluR2-containing AMPA receptors [R-HSA-416993]	R-HSA-416993	17	17
reactome:WNT5A-dependent internalization of FZD4 [R-HSA-5099900]	R-HSA-5099900	15	15
reactome:WNT5A-dependent internalization of FZD2, FZD5 and ROR2 [R-HSA-5140745]	R-HSA-5140745	13	13
reactome:Caspase-mediated cleavage of cytoskeletal proteins [R-HSA-264870]	R-HSA-264870	12	12
reactome:Miscellaneous transport and binding events [R-HSA-5223345]	R-HSA-5223345	26	26
reactome:Terminal pathway of complement [R-HSA-166665]	R-HSA-166665	8	8
reactome:Vitamin C (ascorbate) metabolism [R-HSA-196836]	R-HSA-196836	8	8
reactome:Sensory perception of taste [R-HSA-9717189]	R-HSA-9717189	47	47
reactome:Sensory perception of sweet, bitter, and umami (glutamate) taste [R-HSA-9717207]	R-HSA-9717207	41	41
reactome:Sensory perception of salty taste [R-HSA-9730628]	R-HSA-9730628	6	6
reactome:Digestion of dietary lipid [R-HSA-192456]	R-HSA-192456	6	6
reactome:Glycosphingolipid transport [R-HSA-9845576]	R-HSA-9845576	8	8
reactome:Tryptophan catabolism [R-HSA-71240]	R-HSA-71240	14	14
reactome:Vitamin D (calciferol) metabolism [R-HSA-196791]	R-HSA-196791	12	12
reactome:Vitamins [R-HSA-211916]	R-HSA-211916	6	6
reactome:Defective CYP27B1 causes VDDR1B [R-HSA-5579027]	R-HSA-5579027	1	1
reactome:Synthesis of diphthamide-EEF2 [R-HSA-5358493]	R-HSA-5358493	8	8
reactome:Entry of Influenza Virion into Host Cell via Endocytosis [R-HSA-168275]	R-HSA-168275	11	2
reactome:Proton/oligopeptide cotransporters [R-HSA-427975]	R-HSA-427975	4	4
reactome:Serotonin and melatonin biosynthesis [R-HSA-209931]	R-HSA-209931	5	5
reactome:ALK mutants bind TKIs [R-HSA-9700645]	R-HSA-9700645	12	12
reactome:Induction of Cell-Cell Fusion [R-HSA-9733458]	R-HSA-9733458	14	13
reactome:ALKBH2 mediated reversal of alkylation damage [R-HSA-112122]	R-HSA-112122	1	1
reactome:RUNX1 regulates transcription of genes involved in differentiation of keratinocytes [R-HSA-8939242]	R-HSA-8939242	8	8
reactome:Maturation of TCA enzymes and regulation of TCA cycle [R-HSA-9854311]	R-HSA-9854311	20	20
reactome:Interleukin-10 signaling [R-HSA-6783783]	R-HSA-6783783	47	47
reactome:Sodium/Calcium exchangers [R-HSA-425561]	R-HSA-425561	13	13
reactome:Defective SLC24A4 causes hypomineralized amelogenesis imperfecta (AI) [R-HSA-5619055]	R-HSA-5619055	1	1
reactome:Binding and entry of HIV virion [R-HSA-173107]	R-HSA-173107	11	4
reactome:Abacavir ADME [R-HSA-2161522]	R-HSA-2161522	9	9
reactome:Abacavir metabolism [R-HSA-2161541]	R-HSA-2161541	4	4
reactome:Ethanol oxidation [R-HSA-71384]	R-HSA-71384	12	12
reactome:Defective ABCC2 causes DJS [R-HSA-5679001]	R-HSA-5679001	1	1
reactome:TP53 Regulates Transcription of Death Receptors and Ligands [R-HSA-6803211]	R-HSA-6803211	12	12
reactome:Glutathione synthesis and recycling [R-HSA-174403]	R-HSA-174403	12	12
reactome:Aflatoxin activation and detoxification [R-HSA-5423646]	R-HSA-5423646	19	19
reactome:The IPAF inflammasome [R-HSA-844623]	R-HSA-844623	5	2
reactome:Activation of the phototransduction cascade [R-HSA-2485179]	R-HSA-2485179	11	11
reactome:Sphingolipid catabolism [R-HSA-9845614]	R-HSA-9845614	11	11
reactome:Josephin domain DUBs [R-HSA-5689877]	R-HSA-5689877	12	12
reactome:Defective CYP4F22 causes ARCI5 [R-HSA-5579005]	R-HSA-5579005	1	1
reactome:Interleukin-6 family signaling [R-HSA-6783589]	R-HSA-6783589	24	24
reactome:IL-6-type cytokine receptor ligand interactions [R-HSA-6788467]	R-HSA-6788467	17	17
reactome:Neurofascin interactions [R-HSA-447043]	R-HSA-447043	7	7
reactome:Synthesis of wybutosine at G37 of tRNA(Phe) [R-HSA-6782861]	R-HSA-6782861	6	6
reactome:Assembly of collagen fibrils and other multimeric structures [R-HSA-2022090]	R-HSA-2022090	61	61
reactome:Integrin cell surface interactions [R-HSA-216083]	R-HSA-216083	85	85
reactome:Anchoring fibril formation [R-HSA-2214320]	R-HSA-2214320	15	15
reactome:Crosslinking of collagen fibrils [R-HSA-2243919]	R-HSA-2243919	18	18
reactome:Syndecan interactions [R-HSA-3000170]	R-HSA-3000170	27	27
reactome:ECM proteoglycans [R-HSA-3000178]	R-HSA-3000178	76	76
reactome:GP1b-IX-V activation signalling [R-HSA-430116]	R-HSA-430116	12	12
reactome:Collagen chain trimerization [R-HSA-8948216]	R-HSA-8948216	44	44
reactome:Enhanced binding of GP1BA variant to VWF multimer:collagen [R-HSA-9845620]	R-HSA-9845620	7	7
reactome:Defective VWF binding to collagen type I [R-HSA-9845622]	R-HSA-9845622	3	3
reactome:Defective binding of VWF variant to GPIb:IX:V [R-HSA-9846298]	R-HSA-9846298	7	7
reactome:Toxicity of botulinum toxin type B (botB) [R-HSA-5250958]	R-HSA-5250958	4	3
reactome:Signaling by PDGF [R-HSA-186797]	R-HSA-186797	58	58
reactome:NCAM signaling for neurite out-growth [R-HSA-375165]	R-HSA-375165	63	63
reactome:NCAM1 interactions [R-HSA-419037]	R-HSA-419037	42	42
reactome:Formation of intermediate mesoderm [R-HSA-9761174]	R-HSA-9761174	8	8
reactome:Type I hemidesmosome assembly [R-HSA-446107]	R-HSA-446107	11	11
reactome:rRNA modification in the mitochondrion [R-HSA-6793080]	R-HSA-6793080	6	6
reactome:rRNA processing in the mitochondrion [R-HSA-8868766]	R-HSA-8868766	11	10
reactome:Voltage gated Potassium channels [R-HSA-1296072]	R-HSA-1296072	43	43
reactome:Neurotransmitter clearance [R-HSA-112311]	R-HSA-112311	10	10
reactome:Methylation [R-HSA-156581]	R-HSA-156581	14	14
reactome:Enzymatic degradation of dopamine by COMT [R-HSA-379397]	R-HSA-379397	3	3
reactome:Enzymatic degradation of Dopamine by monoamine oxidase [R-HSA-379398]	R-HSA-379398	2	2
reactome:Dopamine clearance from the synaptic cleft [R-HSA-379401]	R-HSA-379401	4	4
reactome:Metal ion SLC transporters [R-HSA-425410]	R-HSA-425410	24	24
reactome:Fructose metabolism [R-HSA-5652084]	R-HSA-5652084	7	7
reactome:Fructose catabolism [R-HSA-70350]	R-HSA-70350	5	5
reactome:Transcription of E2F targets under negative control by DREAM complex [R-HSA-1362277]	R-HSA-1362277	19	19
reactome:Transcription of E2F targets under negative control by p107 (RBL1) and p130 (RBL2) in complex with HDAC1 [R-HSA-1362300]	R-HSA-1362300	16	16
reactome:G1/S-Specific Transcription [R-HSA-69205]	R-HSA-69205	28	28
reactome:Sensory perception of sour taste [R-HSA-9729555]	R-HSA-9729555	2	2
reactome:Proton-coupled monocarboxylate transport [R-HSA-433692]	R-HSA-433692	6	6
reactome:Adenosine P1 receptors [R-HSA-417973]	R-HSA-417973	4	4
reactome:SLBP independent Processing of Histone Pre-mRNAs [R-HSA-111367]	R-HSA-111367	10	10
reactome:SLBP Dependent Processing of Replication-Dependent Histone Pre-mRNAs [R-HSA-77588]	R-HSA-77588	11	11
reactome:Heme biosynthesis [R-HSA-189451]	R-HSA-189451	14	14
reactome:Defective SLC40A1 causes hemochromatosis 4 (HFE4) (macrophages) [R-HSA-5619049]	R-HSA-5619049	2	2
reactome:Defective CP causes aceruloplasminemia (ACERULOP) [R-HSA-5619060]	R-HSA-5619060	2	2
reactome:Carnitine metabolism [R-HSA-200425]	R-HSA-200425	14	14
reactome:Membrane binding and targetting of GAG proteins [R-HSA-174490]	R-HSA-174490	15	14
reactome:Synthesis And Processing Of GAG, GAGPOL Polyproteins [R-HSA-174495]	R-HSA-174495	15	14
reactome:Assembly Of The HIV Virion [R-HSA-175474]	R-HSA-175474	23	16
reactome:RUNX1 and FOXP3 control the development of regulatory T lymphocytes (Tregs) [R-HSA-8877330]	R-HSA-8877330	10	10
reactome:Interconversion of 2-oxoglutarate and 2-hydroxyglutarate [R-HSA-880009]	R-HSA-880009	3	3
reactome:Netrin mediated repulsion signals [R-HSA-418886]	R-HSA-418886	8	8
reactome:Mucopolysaccharidoses [R-HSA-2206281]	R-HSA-2206281	11	11
reactome:MPS IIIC - Sanfilippo syndrome C [R-HSA-2206291]	R-HSA-2206291	1	1
reactome:Diseases of carbohydrate metabolism [R-HSA-5663084]	R-HSA-5663084	34	34
reactome:CREB phosphorylation [R-HSA-199920]	R-HSA-199920	7	7
reactome:CREB1 phosphorylation through NMDA receptor-mediated activation of RAS signaling [R-HSA-442742]	R-HSA-442742	29	29
reactome:MAPK targets/ Nuclear events mediated by MAP kinases [R-HSA-450282]	R-HSA-450282	31	31
reactome:Gastrin-CREB signalling pathway via PKC and MAPK [R-HSA-881907]	R-HSA-881907	18	18
reactome:Regulation of MECP2 expression and activity [R-HSA-9022692]	R-HSA-9022692	33	33
reactome:MECP2 regulates transcription of neuronal ligands [R-HSA-9022702]	R-HSA-9022702	8	8
reactome:MECP2 regulates transcription factors [R-HSA-9022707]	R-HSA-9022707	5	5
reactome:Regulation of MITF-M-dependent genes involved in pigmentation [R-HSA-9824585]	R-HSA-9824585	42	42
reactome:Activation of the AP-1 family of transcription factors [R-HSA-450341]	R-HSA-450341	10	10
reactome:LRR FLII-interacting protein 1 (LRRFIP1) activates type I IFN production [R-HSA-3134973]	R-HSA-3134973	5	5
reactome:CD209 (DC-SIGN) signaling [R-HSA-5621575]	R-HSA-5621575	21	21
reactome:RUNX1 regulates transcription of genes involved in differentiation of myeloid cells [R-HSA-8939246]	R-HSA-8939246	7	7
reactome:TRAF3-dependent IRF activation pathway [R-HSA-918233]	R-HSA-918233	15	15
reactome:NFE2L2 regulating inflammation associated genes [R-HSA-9818026]	R-HSA-9818026	5	5
reactome:NFE2L2 regulating anti-oxidant/detoxification enzymes [R-HSA-9818027]	R-HSA-9818027	19	19
reactome:NFE2L2 regulates pentose phosphate pathway genes [R-HSA-9818028]	R-HSA-9818028	8	8
reactome:NFE2L2 regulating tumorigenic genes [R-HSA-9818030]	R-HSA-9818030	11	11
reactome:NFE2L2 regulating ER-stress associated genes [R-HSA-9818035]	R-HSA-9818035	5	5
reactome:Regulation of NFE2L2 gene expression [R-HSA-9818749]	R-HSA-9818749	8	8
reactome:Evasion by RSV of host interferon responses [R-HSA-9833109]	R-HSA-9833109	35	35
reactome:ATF6B (ATF6-beta) activates chaperones [R-HSA-8874177]	R-HSA-8874177	4	4
reactome:Signaling by WNT in cancer [R-HSA-4791275]	R-HSA-4791275	34	34
reactome:Signaling by AXIN mutants [R-HSA-4839735]	R-HSA-4839735	14	14
reactome:Signaling by CTNNB1 phospho-site mutants [R-HSA-4839743]	R-HSA-4839743	15	15
reactome:Signaling by APC mutants [R-HSA-4839744]	R-HSA-4839744	14	14
reactome:Signaling by AMER1 mutants [R-HSA-4839748]	R-HSA-4839748	14	14
reactome:Signaling by GSK3beta mutants [R-HSA-5339716]	R-HSA-5339716	15	15
reactome:CTNNB1 S33 mutants aren't phosphorylated [R-HSA-5358747]	R-HSA-5358747	15	15
reactome:CTNNB1 S37 mutants aren't phosphorylated [R-HSA-5358749]	R-HSA-5358749	15	15
reactome:CTNNB1 S45 mutants aren't phosphorylated [R-HSA-5358751]	R-HSA-5358751	15	15
reactome:CTNNB1 T41 mutants aren't phosphorylated [R-HSA-5358752]	R-HSA-5358752	15	15
reactome:APC truncation mutants have impaired AXIN binding [R-HSA-5467337]	R-HSA-5467337	14	14
reactome:AXIN missense mutants destabilize the destruction complex [R-HSA-5467340]	R-HSA-5467340	14	14
reactome:Truncations of AMER1 destabilize the destruction complex [R-HSA-5467348]	R-HSA-5467348	14	14
reactome:Receptor Mediated Mitophagy [R-HSA-8934903]	R-HSA-8934903	11	11
reactome:Synthesis, secretion, and deacylation of Ghrelin [R-HSA-422085]	R-HSA-422085	19	19
reactome:Signaling by CSF1 (M-CSF) in myeloid cells [R-HSA-9680350]	R-HSA-9680350	31	31
reactome:Synthesis, secretion, and inactivation of Glucose-dependent Insulinotropic Polypeptide (GIP) [R-HSA-400511]	R-HSA-400511	13	13
reactome:ARMS-mediated activation [R-HSA-170984]	R-HSA-170984	7	7
reactome:Downstream signal transduction [R-HSA-186763]	R-HSA-186763	29	29
reactome:p130Cas linkage to MAPK signaling for integrins [R-HSA-372708]	R-HSA-372708	15	15
reactome:Interleukin-3, Interleukin-5 and GM-CSF signaling [R-HSA-512988]	R-HSA-512988	48	48
reactome:PTK6 Regulates RHO GTPases, RAS GTPase and MAP kinases [R-HSA-8849471]	R-HSA-8849471	14	14
reactome:MET activates RAP1 and RAC1 [R-HSA-8875555]	R-HSA-8875555	11	11
reactome:MET receptor recycling [R-HSA-8875656]	R-HSA-8875656	10	10
reactome:Regulation of signaling by CBL [R-HSA-912631]	R-HSA-912631	22	22
reactome:Signaling by Erythropoietin [R-HSA-9006335]	R-HSA-9006335	25	25
reactome:Erythropoietin activates RAS [R-HSA-9027284]	R-HSA-9027284	14	14
reactome:SARS-CoV-1 modulates host translation machinery [R-HSA-9735869]	R-HSA-9735869	38	37
reactome:Classical antibody-mediated complement activation [R-HSA-173623]	R-HSA-173623	6	6
reactome:Activation of BMF and translocation to mitochondria [R-HSA-139910]	R-HSA-139910	3	3
reactome:vRNA Synthesis [R-HSA-192814]	R-HSA-192814	5	1
reactome:Downregulation of SMAD2/3:SMAD4 transcriptional activity [R-HSA-2173795]	R-HSA-2173795	30	30
reactome:Defective SLC34A3 causes Hereditary hypophosphatemic rickets with hypercalciuria (HHRH) [R-HSA-5619097]	R-HSA-5619097	1	1
reactome:mitochondrial fatty acid beta-oxidation of saturated fatty acids [R-HSA-77286]	R-HSA-77286	11	11
reactome:Beta oxidation of butanoyl-CoA to acetyl-CoA [R-HSA-77352]	R-HSA-77352	5	5
reactome:Maturation of nucleoprotein [R-HSA-9683610]	R-HSA-9683610	11	11
reactome:Maturation of nucleoprotein [R-HSA-9694631]	R-HSA-9694631	15	15
reactome:Signalling to RAS [R-HSA-167044]	R-HSA-167044	20	20
reactome:p38MAPK events [R-HSA-171007]	R-HSA-171007	13	13
reactome:ERK/MAPK targets [R-HSA-198753]	R-HSA-198753	22	22
reactome:Platelet sensitization by LDL [R-HSA-432142]	R-HSA-432142	17	17
reactome:FGFR2 ligand binding and activation [R-HSA-190241]	R-HSA-190241	20	20
reactome:FGFR2b ligand binding and activation [R-HSA-190377]	R-HSA-190377	10	10
reactome:Other interleukin signaling [R-HSA-449836]	R-HSA-449836	24	24
reactome:Interleukin-2 family signaling [R-HSA-451927]	R-HSA-451927	44	44
reactome:Interleukin receptor SHC signaling [R-HSA-912526]	R-HSA-912526	27	27
reactome:Defective CSF2RB causes SMDP5 [R-HSA-5688849]	R-HSA-5688849	7	7
reactome:Defective CSF2RA causes SMDP4 [R-HSA-5688890]	R-HSA-5688890	7	7
reactome:Signaling by CSF3 (G-CSF) [R-HSA-9674555]	R-HSA-9674555	30	30
reactome:Inactivation of CSF3 (G-CSF) signaling [R-HSA-9705462]	R-HSA-9705462	25	25
reactome:Prolactin receptor signaling [R-HSA-1170546]	R-HSA-1170546	15	15
reactome:MicroRNA (miRNA) biogenesis [R-HSA-203927]	R-HSA-203927	24	24
reactome:GAB1 signalosome [R-HSA-180292]	R-HSA-180292	17	17
reactome:Phosphorylation of CD3 and TCR zeta chains [R-HSA-202427]	R-HSA-202427	22	22
reactome:PD-1 signaling [R-HSA-389948]	R-HSA-389948	23	23
reactome:Germ layer formation at gastrulation [R-HSA-9754189]	R-HSA-9754189	17	17
reactome:Formation of definitive endoderm [R-HSA-9823730]	R-HSA-9823730	16	15
reactome:Signal transduction by L1 [R-HSA-445144]	R-HSA-445144	21	21
reactome:Respiratory syncytial virus (RSV) genome replication, transcription and translation [R-HSA-9820965]	R-HSA-9820965	19	16
reactome:Maturation of hRSV A proteins [R-HSA-9828806]	R-HSA-9828806	14	13
reactome:Adrenoceptors [R-HSA-390696]	R-HSA-390696	9	9
reactome:MTF1 activates gene expression [R-HSA-5660489]	R-HSA-5660489	3	3
reactome:Response to metal ions [R-HSA-5660526]	R-HSA-5660526	14	14
reactome:Organic anion transporters [R-HSA-428643]	R-HSA-428643	12	12
reactome:Synthesis of PIPs at the plasma membrane [R-HSA-1660499]	R-HSA-1660499	53	53
reactome:Release of Hh-Np from the secreting cell [R-HSA-5362798]	R-HSA-5362798	8	8
reactome:RHO GTPases activate KTN1 [R-HSA-5625970]	R-HSA-5625970	11	11
reactome:IRF3 mediated activation of type 1 IFN [R-HSA-1606341]	R-HSA-1606341	5	5
reactome:TICAM1 deficiency - HSE [R-HSA-5602566]	R-HSA-5602566	2	2
reactome:TRAF3 deficiency - HSE [R-HSA-5602571]	R-HSA-5602571	3	3
reactome:Deactivation of the beta-catenin transactivating complex [R-HSA-3769402]	R-HSA-3769402	42	42
reactome:Repression of WNT target genes [R-HSA-4641265]	R-HSA-4641265	12	12
reactome:Signaling by TCF7L2 mutants [R-HSA-5339700]	R-HSA-5339700	3	3
reactome:Mitochondrial Uncoupling [R-HSA-166187]	R-HSA-166187	7	7
reactome:Oleoyl-phe metabolism [R-HSA-9673163]	R-HSA-9673163	1	1
reactome:SARS-CoV-1 Genome Replication and Transcription [R-HSA-9679514]	R-HSA-9679514	6	4
reactome:Replication of the SARS-CoV-1 genome [R-HSA-9682706]	R-HSA-9682706	6	4
reactome:Interleukin-23 signaling [R-HSA-9020933]	R-HSA-9020933	9	9
reactome:Regulation of CDH19 Expression and Function [R-HSA-9764302]	R-HSA-9764302	7	7
reactome:Binding of TCF/LEF:CTNNB1 to target gene promoters [R-HSA-4411364]	R-HSA-4411364	8	8
reactome:InlA-mediated entry of Listeria monocytogenes into host cells [R-HSA-8876493]	R-HSA-8876493	10	9
reactome:RUNX3 regulates WNT signaling [R-HSA-8951430]	R-HSA-8951430	8	8
reactome:Specification of the neural plate border [R-HSA-9834899]	R-HSA-9834899	17	17
reactome:Adrenaline signalling through Alpha-2 adrenergic receptor [R-HSA-392023]	R-HSA-392023	3	3
reactome:Cobalamin (Cbl, vitamin B12) transport and metabolism [R-HSA-196741]	R-HSA-196741	22	22
reactome:Uptake of dietary cobalamins into enterocytes [R-HSA-9758881]	R-HSA-9758881	10	10
reactome:Interleukin-1 processing [R-HSA-448706]	R-HSA-448706	9	9
reactome:Suppression of apoptosis [R-HSA-9635465]	R-HSA-9635465	13	7
reactome:Endosomal/Vacuolar pathway [R-HSA-1236977]	R-HSA-1236977	11	11
reactome:Attachment and Entry [R-HSA-9678110]	R-HSA-9678110	5	4
reactome:Pyrimidine salvage [R-HSA-73614]	R-HSA-73614	11	11
reactome:Pyrimidine catabolism [R-HSA-73621]	R-HSA-73621	12	12
reactome:betaKlotho-mediated ligand binding [R-HSA-1307965]	R-HSA-1307965	3	3
reactome:FGFR4 ligand binding and activation [R-HSA-190322]	R-HSA-190322	14	14
reactome:Phospholipase C-mediated cascade; FGFR4 [R-HSA-5654228]	R-HSA-5654228	15	15
reactome:SHC-mediated cascade:FGFR4 [R-HSA-5654719]	R-HSA-5654719	20	20
reactome:Proton-coupled neutral amino acid transporters [R-HSA-428559]	R-HSA-428559	2	2
reactome:Defective SLC36A2 causes iminoglycinuria (IG) and hyperglycinuria (HG) [R-HSA-5619041]	R-HSA-5619041	1	1
reactome:Cross-presentation of particulate exogenous antigens (phagosomes) [R-HSA-1236973]	R-HSA-1236973	8	8
reactome:Nephron development [R-HSA-9831926]	R-HSA-9831926	12	12
reactome:The activation of arylsulfatases [R-HSA-1663150]	R-HSA-1663150	13	13
reactome:Negative regulators of DDX58/IFIH1 signaling [R-HSA-936440]	R-HSA-936440	35	35
reactome:Synthesis of epoxy (EET) and dihydroxyeicosatrienoic acids (DHET) [R-HSA-2142670]	R-HSA-2142670	8	8
reactome:Biosynthesis of DHA-derived SPMs [R-HSA-9018677]	R-HSA-9018677	17	17
reactome:Biosynthesis of specialized proresolving mediators (SPMs) [R-HSA-9018678]	R-HSA-9018678	19	19
reactome:Biosynthesis of protectins [R-HSA-9018681]	R-HSA-9018681	4	4
reactome:Aromatic amines can be N-hydroxylated or N-dealkylated by CYP1A2 [R-HSA-211957]	R-HSA-211957	1	1
reactome:Biosynthesis of maresins [R-HSA-9018682]	R-HSA-9018682	8	8
reactome:Biosynthesis of maresin-like SPMs [R-HSA-9027307]	R-HSA-9027307	6	6
reactome:Defective CYP1B1 causes Glaucoma [R-HSA-5579000]	R-HSA-5579000	1	1
reactome:CYP2E1 reactions [R-HSA-211999]	R-HSA-211999	11	11
reactome:Metabolism of vitamin K [R-HSA-6806664]	R-HSA-6806664	3	3
reactome:Uncoating of the HIV Virion [R-HSA-162585]	R-HSA-162585	7	1
reactome:Reverse Transcription of HIV RNA [R-HSA-162589]	R-HSA-162589	6	1
reactome:Minus-strand DNA synthesis [R-HSA-164516]	R-HSA-164516	6	1
reactome:Plus-strand DNA synthesis [R-HSA-164525]	R-HSA-164525	6	1
reactome:Synthesis and processing of ENV and VPU [R-HSA-171286]	R-HSA-171286	3	1
reactome:Alpha-defensins [R-HSA-1462054]	R-HSA-1462054	11	10
reactome:Nef and signal transduction [R-HSA-164944]	R-HSA-164944	9	8
reactome:Prednisone ADME [R-HSA-9757110]	R-HSA-9757110	10	10
reactome:Sterols are 12-hydroxylated by CYP8B1 [R-HSA-211994]	R-HSA-211994	1	1
reactome:Glucocorticoid biosynthesis [R-HSA-194002]	R-HSA-194002	10	10
reactome:Defective CYP11B1 causes AH4 [R-HSA-5579017]	R-HSA-5579017	1	1
reactome:Defective CYP11B2 causes CMO-1 deficiency [R-HSA-5579009]	R-HSA-5579009	1	1
reactome:Defective CYP17A1 causes AH5 [R-HSA-5579028]	R-HSA-5579028	1	1
reactome:Estrogen biosynthesis [R-HSA-193144]	R-HSA-193144	6	6
reactome:Defective CYP19A1 causes AEXS [R-HSA-5579030]	R-HSA-5579030	1	1
reactome:Wax and plasmalogen biosynthesis [R-HSA-8848584]	R-HSA-8848584	7	7
reactome:Wax biosynthesis [R-HSA-9640463]	R-HSA-9640463	4	4
reactome:Defective CYP21A2 causes AH3 [R-HSA-5579021]	R-HSA-5579021	1	1
reactome:Defective CYP24A1 causes HCAI [R-HSA-5579010]	R-HSA-5579010	1	1
reactome:Defective CYP27A1 causes CTX [R-HSA-5578996]	R-HSA-5578996	1	1
reactome:Defective CYP27B1 causes VDDR1A [R-HSA-5579014]	R-HSA-5579014	1	1
reactome:Reelin signalling pathway [R-HSA-8866376]	R-HSA-8866376	5	5
reactome:Defective POMGNT1 causes MDDGA3, MDDGB3 and MDDGC3 [R-HSA-5083628]	R-HSA-5083628	2	2
reactome:Caspase activation via Dependence Receptors in the absence of ligand [R-HSA-418889]	R-HSA-418889	10	10
reactome:Alternative Lengthening of Telomeres (ALT) [R-HSA-9006821]	R-HSA-9006821	2	2
reactome:Defective Inhibition of DNA Recombination at Telomere Due to DAXX Mutations [R-HSA-9670613]	R-HSA-9670613	2	2
reactome:Defective Inhibition of DNA Recombination at Telomere Due to ATRX Mutations [R-HSA-9670615]	R-HSA-9670615	2	2
reactome:Defective Inhibition of DNA Recombination at Telomere [R-HSA-9670621]	R-HSA-9670621	2	2
reactome:Diseases of Telomere Maintenance [R-HSA-9673013]	R-HSA-9673013	2	2
reactome:FGFRL1 modulation of FGFR1 signaling [R-HSA-5658623]	R-HSA-5658623	13	13
reactome:RAS signaling downstream of NF1 loss-of-function variants [R-HSA-6802953]	R-HSA-6802953	7	7
reactome:Catecholamine biosynthesis [R-HSA-209905]	R-HSA-209905	4	4
reactome:BCKDH synthesizes BCAA-CoA from KIC, KMVA, KIV [R-HSA-9859138]	R-HSA-9859138	4	4
reactome:DSCAM interactions [R-HSA-376172]	R-HSA-376172	4	4
reactome:DCC mediated attractive signaling [R-HSA-418885]	R-HSA-418885	14	14
reactome:Role of second messengers in netrin-1 signaling [R-HSA-418890]	R-HSA-418890	10	10
reactome:Regulation of commissural axon pathfinding by SLIT and ROBO [R-HSA-428542]	R-HSA-428542	10	10
reactome:mitochondrial fatty acid beta-oxidation of unsaturated fatty acids [R-HSA-77288]	R-HSA-77288	6	6
reactome:Lysosphingolipid and LPA receptors [R-HSA-419408]	R-HSA-419408	13	13
reactome:Melanin biosynthesis [R-HSA-5662702]	R-HSA-5662702	5	5
reactome:ATF6 (ATF6-alpha) activates chaperones [R-HSA-381033]	R-HSA-381033	12	12
reactome:ATF6 (ATF6-alpha) activates chaperone genes [R-HSA-381183]	R-HSA-381183	10	10
reactome:Advanced glycosylation endproduct receptor signaling [R-HSA-879415]	R-HSA-879415	13	13
reactome:SARS-CoV-2 Genome Replication and Transcription [R-HSA-9694682]	R-HSA-9694682	5	4
reactome:Replication of the SARS-CoV-2 genome [R-HSA-9694686]	R-HSA-9694686	5	4
reactome:DEx/H-box helicases activate type I IFN and inflammatory cytokines production [R-HSA-3134963]	R-HSA-3134963	7	7
reactome:Defects in cobalamin (B12) metabolism [R-HSA-3296469]	R-HSA-3296469	14	14
reactome:Defects in vitamin and cofactor metabolism [R-HSA-3296482]	R-HSA-3296482	22	22
reactome:Defective MMAA causes MMA, cblA type [R-HSA-3359475]	R-HSA-3359475	2	2
reactome:Defective MUT causes MMAM [R-HSA-3359478]	R-HSA-3359478	2	2
reactome:Propionyl-CoA catabolism [R-HSA-71032]	R-HSA-71032	5	5
reactome:Cobalamin (Cbl) metabolism [R-HSA-9759218]	R-HSA-9759218	7	7
reactome:Diseases of mitochondrial beta oxidation [R-HSA-9759774]	R-HSA-9759774	2	2
reactome:Diseases of propionyl-CoA catabolism [R-HSA-9759785]	R-HSA-9759785	2	2
reactome:Striated Muscle Contraction [R-HSA-390522]	R-HSA-390522	36	36
reactome:Alternative complement activation [R-HSA-173736]	R-HSA-173736	5	5
reactome:Apoptosis induced DNA fragmentation [R-HSA-140342]	R-HSA-140342	13	13
reactome:Release of apoptotic factors from the mitochondria [R-HSA-111457]	R-HSA-111457	7	7
reactome:Zinc transporters [R-HSA-435354]	R-HSA-435354	15	15
reactome:Zinc efflux and compartmentalization by the SLC30 family [R-HSA-435368]	R-HSA-435368	5	5
reactome:Tetrahydrobiopterin (BH4) synthesis, recycling, salvage and regulation [R-HSA-1474151]	R-HSA-1474151	12	12
reactome:Pyrimidine biosynthesis [R-HSA-500753]	R-HSA-500753	3	3
reactome:Hypusine synthesis from eIF5A-lysine [R-HSA-204626]	R-HSA-204626	4	4
reactome:Regulation of MITF-M dependent genes involved in invasion [R-HSA-9854909]	R-HSA-9854909	4	4
reactome:Regulation of thyroid hormone activity [R-HSA-350864]	R-HSA-350864	3	3
reactome:Regulation of pyruvate dehydrogenase (PDH) complex [R-HSA-204174]	R-HSA-204174	15	15
reactome:PDH complex synthesizes acetyl-CoA from PYR [R-HSA-9861559]	R-HSA-9861559	6	6
reactome:Glycine degradation [R-HSA-6783984]	R-HSA-6783984	7	7
reactome:OGDH complex synthesizes succinyl-CoA from 2-OG [R-HSA-9853506]	R-HSA-9853506	4	4
reactome:OADH complex synthesizes glutaryl-CoA from 2-OA [R-HSA-9858328]	R-HSA-9858328	3	3
reactome:Unblocking of NMDA receptors, glutamate binding and activation [R-HSA-438066]	R-HSA-438066	22	22
reactome:Ras activation upon Ca2+ influx through NMDA receptor [R-HSA-442982]	R-HSA-442982	21	21
reactome:NrCAM interactions [R-HSA-447038]	R-HSA-447038	7	7
reactome:Ionotropic activity of kainate receptors [R-HSA-451306]	R-HSA-451306	12	12
reactome:Activation of Ca-permeable Kainate Receptor [R-HSA-451308]	R-HSA-451308	12	12
reactome:Negative regulation of NMDA receptor-mediated neuronal transmission [R-HSA-9617324]	R-HSA-9617324	22	22
reactome:Long-term potentiation [R-HSA-9620244]	R-HSA-9620244	24	24
reactome:Choline catabolism [R-HSA-6798163]	R-HSA-6798163	6	6
reactome:Transcriptional regulation of testis differentiation [R-HSA-9690406]	R-HSA-9690406	11	11
reactome:Glycogen breakdown (glycogenolysis) [R-HSA-70221]	R-HSA-70221	16	16
reactome:Glycogen metabolism [R-HSA-8982491]	R-HSA-8982491	27	27
reactome:STAT3 nuclear events downstream of ALK signaling [R-HSA-9701898]	R-HSA-9701898	11	11
reactome:Activated NTRK2 signals through FYN [R-HSA-9032500]	R-HSA-9032500	7	7
reactome:NTRK2 activates RAC1 [R-HSA-9032759]	R-HSA-9032759	5	5
reactome:Defective DPAGT1 causes CDG-1j, CMSTA2 [R-HSA-4549356]	R-HSA-4549356	1	1
reactome:Degradation of GABA [R-HSA-916853]	R-HSA-916853	2	2
reactome:Defective SLC26A3 causes congenital secretory chloride diarrhea 1 (DIAR1) [R-HSA-5619085]	R-HSA-5619085	1	1
reactome:Dopamine receptors [R-HSA-390651]	R-HSA-390651	5	5
reactome:Defective SLC26A2 causes chondrodysplasias [R-HSA-3560792]	R-HSA-3560792	1	1
reactome:GRB2 events in EGFR signaling [R-HSA-179812]	R-HSA-179812	13	13
reactome:SHC1 events in EGFR signaling [R-HSA-180336]	R-HSA-180336	14	14
reactome:EGFR interacts with phospholipase C-gamma [R-HSA-212718]	R-HSA-212718	9	9
reactome:EGFR Transactivation by Gastrin [R-HSA-2179392]	R-HSA-2179392	9	9
reactome:Uptake and function of diphtheria toxin [R-HSA-5336415]	R-HSA-5336415	6	6
reactome:Signaling by Overexpressed Wild-Type EGFR in Cancer [R-HSA-5638302]	R-HSA-5638302	8	8
reactome:Inhibition of Signaling by Overexpressed EGFR [R-HSA-5638303]	R-HSA-5638303	8	8
reactome:ERKs are inactivated [R-HSA-202670]	R-HSA-202670	13	13
reactome:Negative regulation of TCF-dependent signaling by DVL-interacting proteins [R-HSA-5368598]	R-HSA-5368598	4	4
reactome:Activation of NOXA and translocation to mitochondria [R-HSA-111448]	R-HSA-111448	5	5
reactome:Inhibition of replication initiation of damaged DNA by RB1/E2F1 [R-HSA-113501]	R-HSA-113501	13	13
reactome:E2F mediated regulation of DNA replication [R-HSA-113510]	R-HSA-113510	22	22
reactome:Activation of PUMA and translocation to mitochondria [R-HSA-139915]	R-HSA-139915	9	9
reactome:Beta oxidation of lauroyl-CoA to decanoyl-CoA-CoA [R-HSA-77310]	R-HSA-77310	5	5
reactome:Beta oxidation of decanoyl-CoA to octanoyl-CoA-CoA [R-HSA-77346]	R-HSA-77346	6	6
reactome:Beta oxidation of octanoyl-CoA to hexanoyl-CoA [R-HSA-77348]	R-HSA-77348	5	5
reactome:Beta oxidation of hexanoyl-CoA to butanoyl-CoA [R-HSA-77350]	R-HSA-77350	5	5
reactome:Defective ABCA1 causes TGD [R-HSA-5682113]	R-HSA-5682113	2	2
reactome:HDL assembly [R-HSA-8963896]	R-HSA-8963896	8	8
reactome:Plasma lipoprotein assembly [R-HSA-8963898]	R-HSA-8963898	19	19
reactome:Defective AHCY causes HMAHCHD [R-HSA-5578997]	R-HSA-5578997	1	1
reactome:Trafficking of myristoylated proteins to the cilium [R-HSA-5624138]	R-HSA-5624138	5	5
reactome:Small interfering RNA (siRNA) biogenesis [R-HSA-426486]	R-HSA-426486	9	9
reactome:Post-transcriptional silencing by small RNAs [R-HSA-426496]	R-HSA-426496	7	7
reactome:Regulation of PTEN mRNA translation [R-HSA-8943723]	R-HSA-8943723	9	9
reactome:Competing endogenous RNAs (ceRNAs) regulate PTEN translation [R-HSA-8948700]	R-HSA-8948700	8	8
reactome:Regulation of NPAS4 gene expression [R-HSA-9768759]	R-HSA-9768759	13	13
reactome:Regulation of NPAS4 mRNA translation [R-HSA-9768778]	R-HSA-9768778	9	9
reactome:Regulation of MITF-M-dependent genes involved in apoptosis [R-HSA-9824594]	R-HSA-9824594	18	18
reactome:TGFBR3 expression [R-HSA-9839394]	R-HSA-9839394	25	25
reactome:PLCG1 events in ERBB2 signaling [R-HSA-1251932]	R-HSA-1251932	4	4
reactome:Recycling of eIF2:GDP [R-HSA-72731]	R-HSA-72731	8	8
reactome:Amine Oxidase reactions [R-HSA-140179]	R-HSA-140179	4	4
reactome:PAOs oxidise polyamines to amines [R-HSA-141334]	R-HSA-141334	2	2
reactome:Interconversion of polyamines [R-HSA-351200]	R-HSA-351200	3	3
reactome:GDP-fucose biosynthesis [R-HSA-6787639]	R-HSA-6787639	6	6
reactome:HuR (ELAVL1) binds and stabilizes mRNA [R-HSA-450520]	R-HSA-450520	8	8
reactome:RUNX1 regulates transcription of genes involved in BCR signaling [R-HSA-8939245]	R-HSA-8939245	6	6
reactome:RUNX1 regulates transcription of genes involved in interleukin signaling [R-HSA-8939247]	R-HSA-8939247	5	5
reactome:Defective ALG14 causes ALG14-CMS [R-HSA-5633231]	R-HSA-5633231	2	2
reactome:Intrinsic Pathway of Fibrin Clot Formation [R-HSA-140837]	R-HSA-140837	23	23
reactome:TET1,2,3 and TDG demethylate DNA [R-HSA-5221030]	R-HSA-5221030	4	4
reactome:Synthesis of PIPs at the Golgi membrane [R-HSA-1660514]	R-HSA-1660514	18	18
reactome:Synthesis of PIPs at the early endosome membrane [R-HSA-1660516]	R-HSA-1660516	16	16
reactome:Synthesis of PIPs at the late endosome membrane [R-HSA-1660517]	R-HSA-1660517	11	11
reactome:RUNX1 regulates estrogen receptor mediated transcription [R-HSA-8931987]	R-HSA-8931987	6	6
reactome:ARL13B-mediated ciliary trafficking of INPP5E [R-HSA-5624958]	R-HSA-5624958	3	3
reactome:Initiation of Nuclear Envelope (NE) Reformation [R-HSA-2995383]	R-HSA-2995383	19	19
reactome:Depolymerization of the Nuclear Lamina [R-HSA-4419969]	R-HSA-4419969	15	15
reactome:OAS antiviral response [R-HSA-8983711]	R-HSA-8983711	10	9
reactome:Gluconeogenesis [R-HSA-70263]	R-HSA-70263	26	26
reactome:Manipulation of host energy metabolism [R-HSA-9636667]	R-HSA-9636667	4	2
reactome:Transport of nucleosides and free purine and pyrimidine bases across the plasma membrane [R-HSA-83936]	R-HSA-83936	12	12
reactome:PI5P Regulates TP53 Acetylation [R-HSA-6811555]	R-HSA-6811555	9	9
reactome:RUNX3 regulates p14-ARF [R-HSA-8951936]	R-HSA-8951936	10	9
reactome:Transcriptional regulation of pluripotent stem cells [R-HSA-452723]	R-HSA-452723	25	24
reactome:PTK6 Expression [R-HSA-8849473]	R-HSA-8849473	5	5
reactome:Pexophagy [R-HSA-9664873]	R-HSA-9664873	11	11
reactome:POU5F1 (OCT4), SOX2, NANOG activate genes related to proliferation [R-HSA-2892247]	R-HSA-2892247	13	13
reactome:SUMO is proteolytically processed [R-HSA-3065679]	R-HSA-3065679	6	6
reactome:Erythropoietin activates Phosphoinositide-3-kinase (PI3K) [R-HSA-9027276]	R-HSA-9027276	12	12
reactome:Erythropoietin activates Phospholipase C gamma (PLCG) [R-HSA-9027277]	R-HSA-9027277	7	7
reactome:Erythropoietin activates STAT5 [R-HSA-9027283]	R-HSA-9027283	7	7
reactome:GRB7 events in ERBB2 signaling [R-HSA-1306955]	R-HSA-1306955	5	5
reactome:PKB-mediated events [R-HSA-109703]	R-HSA-109703	2	2
reactome:PDE3B signalling [R-HSA-165160]	R-HSA-165160	2	2
reactome:Inhibition of TSC complex formation by PKB [R-HSA-165181]	R-HSA-165181	3	3
reactome:RUNX1 regulates transcription of genes involved in WNT signaling [R-HSA-8939256]	R-HSA-8939256	6	6
reactome:Defective ABCA3 causes SMDP3 [R-HSA-5683678]	R-HSA-5683678	1	1
reactome:Defective ABCA3 causes SMDP3 [R-HSA-5688399]	R-HSA-5688399	1	1
reactome:Signaling by PDGFR in disease [R-HSA-9671555]	R-HSA-9671555	20	20
reactome:Signaling by membrane-tethered fusions of PDGFRA or PDGFRB [R-HSA-9673768]	R-HSA-9673768	5	5
reactome:Scavenging of heme from plasma [R-HSA-2168880]	R-HSA-2168880	13	13
reactome:Ciprofloxacin ADME [R-HSA-9793528]	R-HSA-9793528	5	5
reactome:Gamma-carboxylation of protein precursors [R-HSA-159740]	R-HSA-159740	10	10
reactome:Transport of gamma-carboxylated protein precursors from the endoplasmic reticulum to the Golgi apparatus [R-HSA-159763]	R-HSA-159763	9	9
reactome:Removal of aminoterminal propeptides from gamma-carboxylated proteins [R-HSA-159782]	R-HSA-159782	10	10
reactome:Gamma-carboxylation, transport, and amino-terminal cleavage of proteins [R-HSA-159854]	R-HSA-159854	11	11
reactome:Defects of contact activation system (CAS) and kallikrein/kinin system (KKS) [R-HSA-9651496]	R-HSA-9651496	16	16
reactome:Defective factor XII causes hereditary angioedema [R-HSA-9657688]	R-HSA-9657688	3	3
reactome:Defective factor VIII causes hemophilia A [R-HSA-9662001]	R-HSA-9662001	7	7
reactome:Defective F8 cleavage by thrombin [R-HSA-9672391]	R-HSA-9672391	3	3
reactome:Linoleic acid (LA) metabolism [R-HSA-2046105]	R-HSA-2046105	8	8
reactome:Defective ABCD1 causes ALD [R-HSA-5684045]	R-HSA-5684045	1	1
reactome:Extrinsic Pathway of Fibrin Clot Formation [R-HSA-140834]	R-HSA-140834	5	5
reactome:Defective factor IX causes hemophilia B [R-HSA-9668250]	R-HSA-9668250	9	9
reactome:Defective factor IX causes thrombophilia [R-HSA-9672383]	R-HSA-9672383	3	3
reactome:Defective F8 accelerates dissociation of the A2 domain [R-HSA-9672387]	R-HSA-9672387	1	1
reactome:Defective F8 binding to von Willebrand factor [R-HSA-9672393]	R-HSA-9672393	2	2
reactome:Defective F8 binding to the cell membrane [R-HSA-9672395]	R-HSA-9672395	1	1
reactome:Defective cofactor function of FVIIIa variant [R-HSA-9672396]	R-HSA-9672396	3	3
reactome:Defective F8 secretion [R-HSA-9672397]	R-HSA-9672397	1	1
reactome:Defective F9 variant does not activate FX [R-HSA-9673202]	R-HSA-9673202	3	3
reactome:Defective F8 sulfation at Y1699 [R-HSA-9674519]	R-HSA-9674519	3	3
reactome:Defective F9 secretion [R-HSA-9673218]	R-HSA-9673218	1	1
reactome:Defective F9 activation [R-HSA-9673221]	R-HSA-9673221	6	6
reactome:Defective gamma-carboxylation of F9 [R-HSA-9673240]	R-HSA-9673240	2	2
reactome:Defective SERPING1 causes hereditary angioedema [R-HSA-9657689]	R-HSA-9657689	3	3
reactome:Metabolism of serotonin [R-HSA-380612]	R-HSA-380612	2	2
reactome:Serotonin clearance from the synaptic cleft [R-HSA-380615]	R-HSA-380615	3	3
reactome:Free fatty acids regulate insulin secretion [R-HSA-400451]	R-HSA-400451	11	11
reactome:Intracellular metabolism of fatty acids regulates insulin secretion [R-HSA-434313]	R-HSA-434313	3	3
reactome:Tyrosine catabolism [R-HSA-8963684]	R-HSA-8963684	5	5
reactome:Phenylalanine and tyrosine metabolism [R-HSA-8963691]	R-HSA-8963691	11	11
reactome:Interleukin-2 signaling [R-HSA-9020558]	R-HSA-9020558	12	12
reactome:Vitamin B5 (pantothenate) metabolism [R-HSA-199220]	R-HSA-199220	20	20
reactome:TYSND1 cleaves peroxisomal proteins [R-HSA-9033500]	R-HSA-9033500	7	7
reactome:Role of LAT2/NTAL/LAB on calcium mobilization [R-HSA-2730905]	R-HSA-2730905	16	16
reactome:FCGR activation [R-HSA-2029481]	R-HSA-2029481	12	12
reactome:Pentose phosphate pathway [R-HSA-71336]	R-HSA-71336	15	15
reactome:5-Phosphoribose 1-diphosphate biosynthesis [R-HSA-73843]	R-HSA-73843	3	3
reactome:SDK interactions [R-HSA-373756]	R-HSA-373756	2	2
reactome:Biosynthesis of A2E, implicated in retinal degradation [R-HSA-2466712]	R-HSA-2466712	1	1
reactome:Class C/3 (Metabotropic glutamate/pheromone receptors) [R-HSA-420499]	R-HSA-420499	39	39
reactome:Carnitine synthesis [R-HSA-71262]	R-HSA-71262	4	4
reactome:GRB2:SOS provides linkage to MAPK signaling for Integrins [R-HSA-354194]	R-HSA-354194	15	15
reactome:Signaling by activated point mutants of FGFR1 [R-HSA-1839122]	R-HSA-1839122	11	11
reactome:FGFR2 mutant receptor activation [R-HSA-1839126]	R-HSA-1839126	33	33
reactome:Signaling by activated point mutants of FGFR3 [R-HSA-1839130]	R-HSA-1839130	12	12
reactome:FGFR3 ligand binding and activation [R-HSA-190239]	R-HSA-190239	13	13
reactome:FGFR3b ligand binding and activation [R-HSA-190371]	R-HSA-190371	7	7
reactome:FGFR3c ligand binding and activation [R-HSA-190372]	R-HSA-190372	13	13
reactome:FGFR2c ligand binding and activation [R-HSA-190375]	R-HSA-190375	13	13
reactome:FGFR3 mutant receptor activation [R-HSA-2033514]	R-HSA-2033514	12	12
reactome:Activated point mutants of FGFR2 [R-HSA-2033519]	R-HSA-2033519	17	17
reactome:Phospholipase C-mediated cascade: FGFR1 [R-HSA-5654219]	R-HSA-5654219	16	16
reactome:Phospholipase C-mediated cascade; FGFR2 [R-HSA-5654221]	R-HSA-5654221	18	18
reactome:Phospholipase C-mediated cascade; FGFR3 [R-HSA-5654227]	R-HSA-5654227	13	13
reactome:SHC-mediated cascade:FGFR1 [R-HSA-5654688]	R-HSA-5654688	21	21
reactome:SHC-mediated cascade:FGFR2 [R-HSA-5654699]	R-HSA-5654699	23	23
reactome:SHC-mediated cascade:FGFR3 [R-HSA-5654704]	R-HSA-5654704	18	18
reactome:Signaling by FGFR2 IIIa TM [R-HSA-8851708]	R-HSA-8851708	19	19
reactome:Formation of the posterior neural plate [R-HSA-9832991]	R-HSA-9832991	10	10
reactome:Regulation of gene expression in early pancreatic precursor cells [R-HSA-210747]	R-HSA-210747	8	8
reactome:Signaling by FGFR1 amplification mutants [R-HSA-1839120]	R-HSA-1839120	1	1
reactome:FGFR1c and Klotho ligand binding and activation [R-HSA-190374]	R-HSA-190374	3	3
reactome:Epithelial-Mesenchymal Transition (EMT) during gastrulation [R-HSA-9758919]	R-HSA-9758919	4	4
reactome:t(4;14) translocations of FGFR3 [R-HSA-2033515]	R-HSA-2033515	1	1
reactome:Signaling by FGFR3 fusions in cancer [R-HSA-8853334]	R-HSA-8853334	1	1
reactome:Signaling by FGFR2 amplification mutants [R-HSA-2023837]	R-HSA-2023837	1	1
reactome:Signaling by FGFR2 fusions [R-HSA-8853333]	R-HSA-8853333	1	1
reactome:FGFR4 mutant receptor activation [R-HSA-1839128]	R-HSA-1839128	1	1
reactome:VEGF ligand-receptor interactions [R-HSA-194313]	R-HSA-194313	8	8
reactome:VEGF binds to VEGFR leading to receptor dimerization [R-HSA-195399]	R-HSA-195399	8	8
reactome:Calcineurin activates NFAT [R-HSA-2025928]	R-HSA-2025928	11	11
reactome:TGF-beta receptor signaling in EMT (epithelial to mesenchymal transition) [R-HSA-2173791]	R-HSA-2173791	16	16
reactome:Signaling by TGF-beta Receptor Complex in Cancer [R-HSA-3304351]	R-HSA-3304351	8	8
reactome:Loss of Function of TGFBR1 in Cancer [R-HSA-3656534]	R-HSA-3656534	7	7
reactome:TGFBR1 LBD Mutants in Cancer [R-HSA-3656535]	R-HSA-3656535	4	4
reactome:RAF activation [R-HSA-5673000]	R-HSA-5673000	36	36
reactome:Signaling by MRAS-complex mutants [R-HSA-9660537]	R-HSA-9660537	8	8
reactome:SHOC2 M1731 mutant abolishes MRAS complex function [R-HSA-9726840]	R-HSA-9726840	8	8
reactome:Gain-of-function MRAS complexes activate RAF signaling [R-HSA-9726842]	R-HSA-9726842	8	8
reactome:Interaction between PHLDA1 and AURKA [R-HSA-8854521]	R-HSA-8854521	2	2
reactome:Defective DOLK causes DOLK-CDG [R-HSA-4755583]	R-HSA-4755583	1	1
reactome:The NLRP1 inflammasome [R-HSA-844455]	R-HSA-844455	3	3
reactome:Hereditary fructose intolerance [R-HSA-5657560]	R-HSA-5657560	1	1
reactome:Formation of apoptosome [R-HSA-111458]	R-HSA-111458	11	11
reactome:Cytochrome c-mediated apoptotic response [R-HSA-111461]	R-HSA-111461	13	13
reactome:Regulation of the apoptosome activity [R-HSA-9627069]	R-HSA-9627069	11	11
reactome:RHOT2 GTPase cycle [R-HSA-9013419]	R-HSA-9013419	7	7
reactome:RHOT1 GTPase cycle [R-HSA-9013425]	R-HSA-9013425	5	5
reactome:Miro GTPase Cycle [R-HSA-9715370]	R-HSA-9715370	8	8
reactome:Synthesis of PIPs at the ER membrane [R-HSA-1483248]	R-HSA-1483248	5	5
reactome:Abortive elongation of HIV-1 transcript in the absence of Tat [R-HSA-167242]	R-HSA-167242	23	23
reactome:FGFR2 alternative splicing [R-HSA-6803529]	R-HSA-6803529	26	26
reactome:Protein repair [R-HSA-5676934]	R-HSA-5676934	6	6
reactome:RPIA deficiency: failed conversion of R5P to RU5P [R-HSA-5659996]	R-HSA-5659996	1	1
reactome:RPIA deficiency: failed conversion of RU5P to R5P [R-HSA-6791461]	R-HSA-6791461	1	1
reactome:Pentose phosphate pathway disease [R-HSA-6791465]	R-HSA-6791465	2	2
reactome:Formation of lateral plate mesoderm [R-HSA-9758920]	R-HSA-9758920	5	5
reactome:Regulation of CDH11 gene transcription [R-HSA-9762293]	R-HSA-9762293	9	9
reactome:Signaling by LRP5 mutants [R-HSA-5339717]	R-HSA-5339717	6	6
reactome:Synthesis of Lipoxins (LX) [R-HSA-2142700]	R-HSA-2142700	6	6
reactome:Elevation of cytosolic Ca2+ levels [R-HSA-139853]	R-HSA-139853	16	16
reactome:Platelet calcium homeostasis [R-HSA-418360]	R-HSA-418360	30	30
reactome:Toxicity of botulinum toxin type D (botD) [R-HSA-5250955]	R-HSA-5250955	5	5
reactome:Toxicity of botulinum toxin type A (botA) [R-HSA-5250968]	R-HSA-5250968	6	4
reactome:Toxicity of botulinum toxin type F (botF) [R-HSA-5250981]	R-HSA-5250981	5	5
reactome:Fructose biosynthesis [R-HSA-5652227]	R-HSA-5652227	2	2
reactome:Scavenging by Class H Receptors [R-HSA-3000497]	R-HSA-3000497	4	4
reactome:Formation of the active cofactor, UDP-glucuronate [R-HSA-173599]	R-HSA-173599	3	3
reactome:Defective SLC35D1 causes SCHBCKD [R-HSA-5579020]	R-HSA-5579020	1	1
reactome:Maturation of spike protein [R-HSA-9683686]	R-HSA-9683686	5	5
reactome:Neurophilin interactions with VEGF and VEGFR [R-HSA-194306]	R-HSA-194306	4	4
reactome:STAT5 Activation [R-HSA-9645135]	R-HSA-9645135	7	7
reactome:Drug resistance of FLT3 mutants [R-HSA-9702506]	R-HSA-9702506	1	1
reactome:FLT3 mutants bind TKIs [R-HSA-9702509]	R-HSA-9702509	1	1
reactome:KW2449-resistant FLT3 mutants [R-HSA-9702569]	R-HSA-9702569	1	1
reactome:semaxanib-resistant FLT3 mutants [R-HSA-9702577]	R-HSA-9702577	1	1
reactome:crenolanib-resistant FLT3 mutants [R-HSA-9702581]	R-HSA-9702581	1	1
reactome:gilteritinib-resistant FLT3 mutants [R-HSA-9702590]	R-HSA-9702590	1	1
reactome:lestaurtinib-resistant FLT3 mutants [R-HSA-9702596]	R-HSA-9702596	1	1
reactome:midostaurin-resistant FLT3 mutants [R-HSA-9702600]	R-HSA-9702600	1	1
reactome:pexidartinib-resistant FLT3 mutants [R-HSA-9702605]	R-HSA-9702605	1	1
reactome:ponatinib-resistant FLT3 mutants [R-HSA-9702614]	R-HSA-9702614	1	1
reactome:quizartinib-resistant FLT3 mutants [R-HSA-9702620]	R-HSA-9702620	1	1
reactome:sorafenib-resistant FLT3 mutants [R-HSA-9702624]	R-HSA-9702624	1	1
reactome:sunitinib-resistant FLT3 mutants [R-HSA-9702632]	R-HSA-9702632	1	1
reactome:tandutinib-resistant FLT3 mutants [R-HSA-9702636]	R-HSA-9702636	1	1
reactome:linifanib-resistant FLT3 mutants [R-HSA-9702998]	R-HSA-9702998	1	1
reactome:tamatinib-resistant FLT3 mutants [R-HSA-9703009]	R-HSA-9703009	1	1
reactome:FLT3 signaling through SRC family kinases [R-HSA-9706374]	R-HSA-9706374	6	6
reactome:FLT3 signaling by CBL mutants [R-HSA-9706377]	R-HSA-9706377	7	7
reactome:Fatty Acids bound to GPR40 (FFAR1) regulate insulin secretion [R-HSA-434316]	R-HSA-434316	8	8
reactome:FMO oxidises nucleophiles [R-HSA-217271]	R-HSA-217271	3	3
reactome:Defective FMO3 causes TMAU [R-HSA-5579019]	R-HSA-5579019	1	1
reactome:Lysosomal oligosaccharide catabolism [R-HSA-8853383]	R-HSA-8853383	4	4
reactome:Inactivation of CDC42 and RAC1 [R-HSA-428543]	R-HSA-428543	8	8
reactome:Bicarbonate transporters [R-HSA-425381]	R-HSA-425381	10	10
reactome:Regulated proteolysis of p75NTR [R-HSA-193692]	R-HSA-193692	11	11
reactome:NRIF signals cell death from the nucleus [R-HSA-205043]	R-HSA-205043	16	16
reactome:Noncanonical activation of NOTCH3 [R-HSA-9017802]	R-HSA-9017802	8	8
reactome:TGFBR3 PTM regulation [R-HSA-9839383]	R-HSA-9839383	11	11
reactome:tRNA-derived small RNA (tsRNA or tRNA-related fragment, tRF) biogenesis [R-HSA-9708296]	R-HSA-9708296	3	3
reactome:Defective SLC35A3 causes arthrogryposis, mental retardation, and seizures (AMRS) [R-HSA-5619083]	R-HSA-5619083	1	1
reactome:Maturation of replicase proteins [R-HSA-9694301]	R-HSA-9694301	1	1
reactome:Pre-NOTCH Processing in the Endoplasmic Reticulum [R-HSA-1912399]	R-HSA-1912399	6	6
reactome:Zinc influx into cells by the SLC39 gene family [R-HSA-442380]	R-HSA-442380	10	10
reactome:Formation of Senescence-Associated Heterochromatin Foci (SAHF) [R-HSA-2559584]	R-HSA-2559584	16	16
reactome:Synthesis of glycosylphosphatidylinositol (GPI) [R-HSA-162710]	R-HSA-162710	18	18
reactome:Formyl peptide receptors bind formyl peptides and many other ligands [R-HSA-444473]	R-HSA-444473	8	8
reactome:Displacement of DNA glycosylase by APEX1 [R-HSA-110357]	R-HSA-110357	9	9
reactome:E2F-enabled inhibition of pre-replication complex formation [R-HSA-113507]	R-HSA-113507	9	9
reactome:CDC6 association with the ORC:origin complex [R-HSA-68689]	R-HSA-68689	8	8
reactome:Nephrin family interactions [R-HSA-373753]	R-HSA-373753	23	23
reactome:DNA replication initiation [R-HSA-68952]	R-HSA-68952	8	8
reactome:Nectin/Necl  trans heterodimerization [R-HSA-420597]	R-HSA-420597	7	7
reactome:PI and PC transport between ER and Golgi membranes [R-HSA-1483196]	R-HSA-1483196	1	1
reactome:Drug resistance of ALK mutants [R-HSA-9700649]	R-HSA-9700649	1	1
reactome:ASP-3026-resistant ALK mutants [R-HSA-9717264]	R-HSA-9717264	1	1
reactome:NVP-TAE684-resistant ALK mutants [R-HSA-9717301]	R-HSA-9717301	1	1
reactome:alectinib-resistant ALK mutants [R-HSA-9717316]	R-HSA-9717316	1	1
reactome:brigatinib-resistant ALK mutants [R-HSA-9717319]	R-HSA-9717319	1	1
reactome:ceritinib-resistant ALK mutants [R-HSA-9717323]	R-HSA-9717323	1	1
reactome:crizotinib-resistant ALK mutants [R-HSA-9717326]	R-HSA-9717326	1	1
reactome:lorlatinib-resistant ALK mutants [R-HSA-9717329]	R-HSA-9717329	1	1
reactome:MDK and PTN in ALK signaling [R-HSA-9851151]	R-HSA-9851151	4	4
reactome:Synthesis of Hepoxilins (HX) and Trioxilins (TrX) [R-HSA-2142696]	R-HSA-2142696	1	1
reactome:Synthesis of 12-eicosatetraenoic acid derivatives [R-HSA-2142712]	R-HSA-2142712	7	7
reactome:Biosynthesis of DPA-derived SPMs [R-HSA-9018683]	R-HSA-9018683	4	4
reactome:Biosynthesis of DPAn-3 SPMs [R-HSA-9025094]	R-HSA-9025094	4	4
reactome:Biosynthesis of DPAn-6 SPMs [R-HSA-9025106]	R-HSA-9025106	2	2
reactome:Biosynthesis of DPAn-3-derived maresins [R-HSA-9026290]	R-HSA-9026290	2	2
reactome:Synthesis of 5-eicosatetraenoic acids [R-HSA-2142688]	R-HSA-2142688	9	9
reactome:Biosynthesis of D-series resolvins [R-HSA-9018676]	R-HSA-9018676	4	4
reactome:Biosynthesis of EPA-derived SPMs [R-HSA-9018679]	R-HSA-9018679	6	6
reactome:Biosynthesis of E-series 18(S)-resolvins [R-HSA-9018896]	R-HSA-9018896	5	5
reactome:Biosynthesis of aspirin-triggered D-series resolvins [R-HSA-9020265]	R-HSA-9020265	3	3
reactome:Biosynthesis of E-series 18(R)-resolvins [R-HSA-9023661]	R-HSA-9023661	4	4
reactome:Biosynthesis of DPAn-3-derived protectins and resolvins [R-HSA-9026286]	R-HSA-9026286	2	2
reactome:Biosynthesis of DPAn-3-derived 13-series resolvins [R-HSA-9026403]	R-HSA-9026403	1	1
reactome:Biosynthesis of electrophilic -3 PUFA oxo-derivatives [R-HSA-9027604]	R-HSA-9027604	2	2
reactome:Toxicity of tetanus toxin (tetX) [R-HSA-5250982]	R-HSA-5250982	2	1
reactome:Synthesis of 15-eicosatetraenoic acid derivatives [R-HSA-2142770]	R-HSA-2142770	6	6
reactome:Defective SLC17A8 causes autosomal dominant deafness 25 (DFNA25) [R-HSA-5619076]	R-HSA-5619076	1	1
reactome:ABO blood group biosynthesis [R-HSA-9033807]	R-HSA-9033807	3	3
reactome:Glycosphingolipid biosynthesis [R-HSA-9840309]	R-HSA-9840309	19	19
reactome:Generation of second messenger molecules [R-HSA-202433]	R-HSA-202433	34	34
reactome:PECAM1 interactions [R-HSA-210990]	R-HSA-210990	12	12
reactome:CD28 dependent Vav1 pathway [R-HSA-389359]	R-HSA-389359	12	12
reactome:Signaling by KIT in disease [R-HSA-9669938]	R-HSA-9669938	20	20
reactome:Signaling by phosphorylated juxtamembrane, extracellular and kinase domain KIT mutants [R-HSA-9670439]	R-HSA-9670439	20	20
reactome:Synthesis of IPs in the nucleus [R-HSA-1855191]	R-HSA-1855191	4	4
reactome:Acyl chain remodeling of CL [R-HSA-1482798]	R-HSA-1482798	6	6
reactome:Glycogen storage diseases [R-HSA-3229121]	R-HSA-3229121	16	16
reactome:Glycogen storage disease type Ia (G6PC) [R-HSA-3274531]	R-HSA-3274531	1	1
reactome:Glycogen storage disease type Ib (SLC37A4) [R-HSA-3229133]	R-HSA-3229133	1	1
reactome:Glycogen storage disease type II (GAA) [R-HSA-5357609]	R-HSA-5357609	2	2
reactome:MET activates PI3K/AKT signaling [R-HSA-8851907]	R-HSA-8851907	6	6
reactome:MET activates PTPN11 [R-HSA-8865999]	R-HSA-8865999	5	5
reactome:Activated NTRK2 signals through PI3K [R-HSA-9028335]	R-HSA-9028335	7	7
reactome:Synthesis of dolichyl-phosphate-glucose [R-HSA-480985]	R-HSA-480985	2	2
reactome:GABA synthesis [R-HSA-888568]	R-HSA-888568	2	2
reactome:MECP2 regulates transcription of genes involved in GABA signaling [R-HSA-9022927]	R-HSA-9022927	3	3
reactome:Defective GALE causes EDG [R-HSA-5609977]	R-HSA-5609977	1	1
reactome:Galactose catabolism [R-HSA-70370]	R-HSA-70370	4	4
reactome:tRNA modification in the mitochondrion [R-HSA-6787450]	R-HSA-6787450	9	9
reactome:Defective GALK1 causes GALCT2 [R-HSA-5609976]	R-HSA-5609976	1	1
reactome:MPS IV - Morquio syndrome A [R-HSA-2206290]	R-HSA-2206290	1	1
reactome:Translesion Synthesis by POLH [R-HSA-110320]	R-HSA-110320	19	19
reactome:Defective GALT can cause GALCT [R-HSA-5609978]	R-HSA-5609978	1	1
reactome:Signaling by NTRK3 (TRKC) [R-HSA-9034015]	R-HSA-9034015	17	17
reactome:NTRK3 as a dependence receptor [R-HSA-9603505]	R-HSA-9603505	3	3
reactome:Formation of the anterior neural plate [R-HSA-9823739]	R-HSA-9823739	11	11
reactome:Phenylalanine metabolism [R-HSA-8964208]	R-HSA-8964208	6	6
reactome:Loss of function of MECP2 in Rett syndrome [R-HSA-9005891]	R-HSA-9005891	14	14
reactome:Pervasive developmental disorders [R-HSA-9005895]	R-HSA-9005895	14	14
reactome:Loss of MECP2 binding ability to 5mC-DNA [R-HSA-9022538]	R-HSA-9022538	3	3
reactome:Disorders of Developmental Biology [R-HSA-9675151]	R-HSA-9675151	14	14
reactome:Disorders of Nervous System Development [R-HSA-9697154]	R-HSA-9697154	14	14
reactome:Signaling by Leptin [R-HSA-2586552]	R-HSA-2586552	11	11
reactome:Defective MMADHC causes MMAHCD [R-HSA-3359473]	R-HSA-3359473	2	2
reactome:Defective MMACHC causes MAHCC [R-HSA-3359474]	R-HSA-3359474	1	1
reactome:Plasmalogen biosynthesis [R-HSA-75896]	R-HSA-75896	3	3
reactome:Golgi Cisternae Pericentriolar Stack Reorganization [R-HSA-162658]	R-HSA-162658	14	14
reactome:Chylomicron clearance [R-HSA-8964026]	R-HSA-8964026	5	5
reactome:Transport of RCbl within the body [R-HSA-9758890]	R-HSA-9758890	8	8
reactome:Defective ABCA12 causes ARCI4B [R-HSA-5682294]	R-HSA-5682294	1	1
reactome:Ligand-receptor interactions [R-HSA-5632681]	R-HSA-5632681	8	8
reactome:Translocation of ZAP-70 to Immunological synapse [R-HSA-202430]	R-HSA-202430	19	19
reactome:Sodium-coupled sulphate, di- and tri-carboxylate transporters [R-HSA-433137]	R-HSA-433137	5	5
reactome:Phosphorylation of Emi1 [R-HSA-176417]	R-HSA-176417	6	6
reactome:Mitotic Metaphase/Anaphase Transition [R-HSA-68881]	R-HSA-68881	2	2
reactome:Glycogen synthesis [R-HSA-3322077]	R-HSA-3322077	14	14
reactome:Glycogen storage disease type IV (GBE1) [R-HSA-3878781]	R-HSA-3878781	3	3
reactome:Defective GCK causes maturity-onset diabetes of the young 2 (MODY2) [R-HSA-5619073]	R-HSA-5619073	1	1
reactome:Defective SLC17A5 causes Salla disease (SD) and ISSD [R-HSA-5619035]	R-HSA-5619035	1	1
reactome:Interleukin-36 pathway [R-HSA-9014826]	R-HSA-9014826	7	7
reactome:Defective GFPT1 causes CMSTA1 [R-HSA-4085023]	R-HSA-4085023	1	1
reactome:Synthesis of UDP-N-acetyl-glucosamine [R-HSA-446210]	R-HSA-446210	8	8
reactome:Defective GGT1 causes GLUTH [R-HSA-5579022]	R-HSA-5579022	1	1
reactome:Defective GGT1 in aflatoxin detoxification causes GLUTH [R-HSA-9035968]	R-HSA-9035968	1	1
reactome:Defective B4GALT1 causes CDG-2d [R-HSA-4793953]	R-HSA-4793953	1	1
reactome:Lactose synthesis [R-HSA-5653890]	R-HSA-5653890	3	3
reactome:Defective OPLAH causes OPLAHD [R-HSA-5578998]	R-HSA-5578998	1	1
reactome:Defective CBLIF causes IFD [R-HSA-3359457]	R-HSA-3359457	1	1
reactome:Defective AMN causes MGA1 [R-HSA-3359462]	R-HSA-3359462	3	3
reactome:Defective CUBN causes MGA1 [R-HSA-3359463]	R-HSA-3359463	3	3
reactome:Oligomerization of connexins into connexons [R-HSA-190704]	R-HSA-190704	3	3
reactome:Transport of connexins along the secretory pathway [R-HSA-190827]	R-HSA-190827	3	3
reactome:Regulation of gap junction activity [R-HSA-191650]	R-HSA-191650	3	3
reactome:SARS-CoV-2 targets PDZ proteins in cell-cell junction [R-HSA-9705677]	R-HSA-9705677	4	4
reactome:NADE modulates death signalling [R-HSA-205025]	R-HSA-205025	6	6
reactome:Pyrophosphate hydrolysis [R-HSA-71737]	R-HSA-71737	3	3
reactome:Synthesis of IP2, IP, and Ins in the cytosol [R-HSA-1855183]	R-HSA-1855183	14	14
reactome:Glutamate and glutamine metabolism [R-HSA-8964539]	R-HSA-8964539	14	14
reactome:Hydroxycarboxylic acid-binding receptors [R-HSA-3296197]	R-HSA-3296197	3	3
reactome:MPS IV - Morquio syndrome B [R-HSA-2206308]	R-HSA-2206308	1	1
reactome:Defective NEU1 causes sialidosis [R-HSA-4341670]	R-HSA-4341670	3	3
reactome:Defective GCLC causes HAGGSD [R-HSA-5578999]	R-HSA-5578999	2	2
reactome:RSK activation [R-HSA-444257]	R-HSA-444257	7	7
reactome:GLI proteins bind promoters of Hh responsive genes to promote transcription [R-HSA-5635851]	R-HSA-5635851	3	3
reactome:RUNX2 regulates chondrocyte maturation [R-HSA-8941284]	R-HSA-8941284	5	5
reactome:Neurotransmitter uptake and metabolism In glial cells [R-HSA-112313]	R-HSA-112313	4	4
reactome:Astrocytic Glutamate-Glutamine Uptake And Metabolism [R-HSA-210455]	R-HSA-210455	4	4
reactome:MPS IIID - Sanfilippo syndrome D [R-HSA-2206305]	R-HSA-2206305	1	1
reactome:Methionine salvage pathway [R-HSA-1237112]	R-HSA-1237112	6	6
reactome:Defective SLCO1B3 causes hyperbilirubinemia, Rotor type (HBLRR) [R-HSA-5619058]	R-HSA-5619058	1	1
reactome:Passive transport by Aquaporins [R-HSA-432047]	R-HSA-432047	13	13
reactome:Defective SLC24A5 causes oculocutaneous albinism 6 (OCA6) [R-HSA-5619036]	R-HSA-5619036	1	1
reactome:Tie2 Signaling [R-HSA-210993]	R-HSA-210993	18	18
reactome:Negative regulation of activity of TFAP2 (AP-2) family transcription factors [R-HSA-8866904]	R-HSA-8866904	10	10
reactome:Scavenging by Class B Receptors [R-HSA-3000471]	R-HSA-3000471	6	6
reactome:Regulation of FZD by ubiquitination [R-HSA-4641263]	R-HSA-4641263	21	21
reactome:Defective SLC9A9 causes autism 16 (AUTS16) [R-HSA-5619052]	R-HSA-5619052	1	1
reactome:Free fatty acid receptors [R-HSA-444209]	R-HSA-444209	5	5
reactome:Loss of MECP2 binding ability to the NCoR/SMRT complex [R-HSA-9022537]	R-HSA-9022537	7	7
reactome:Alanine metabolism [R-HSA-8964540]	R-HSA-8964540	2	2
reactome:SOS-mediated signalling [R-HSA-112412]	R-HSA-112412	7	7
reactome:SHC-related events triggered by IGF1R [R-HSA-2428933]	R-HSA-2428933	9	9
reactome:Signal attenuation [R-HSA-74749]	R-HSA-74749	10	10
reactome:Interleukin-15 signaling [R-HSA-8983432]	R-HSA-8983432	14	14
reactome:Activated NTRK2 signals through RAS [R-HSA-9026519]	R-HSA-9026519	9	9
reactome:Activated NTRK3 signals through RAS [R-HSA-9034864]	R-HSA-9034864	8	8
reactome:Signaling by PDGFRA transmembrane, juxtamembrane and kinase domain mutants [R-HSA-9673767]	R-HSA-9673767	12	12
reactome:Signaling by PDGFRA extracellular domain mutants [R-HSA-9673770]	R-HSA-9673770	12	12
reactome:IRS activation [R-HSA-74713]	R-HSA-74713	5	5
reactome:Activation of AMPA receptors [R-HSA-399710]	R-HSA-399710	4	4
reactome:Activation of Na-permeable kainate receptors [R-HSA-451307]	R-HSA-451307	2	2
reactome:Regulation of NPAS4 gene transcription [R-HSA-9768777]	R-HSA-9768777	4	4
reactome:Vpr-mediated induction of apoptosis by mitochondrial outer membrane permeabilization [R-HSA-180897]	R-HSA-180897	3	3
reactome:The AIM2 inflammasome [R-HSA-844615]	R-HSA-844615	3	3
reactome:STAT6-mediated induction of chemokines [R-HSA-3249367]	R-HSA-3249367	3	3
reactome:Influenza Virus Induced Apoptosis [R-HSA-168277]	R-HSA-168277	4	2
reactome:Metabolism of ingested H2SeO4 and H2SeO3 into H2Se [R-HSA-2408550]	R-HSA-2408550	4	4
reactome:Defective GSS causes GSS deficiency [R-HSA-5579006]	R-HSA-5579006	1	1
reactome:Biosynthesis of DHA-derived sulfido conjugates [R-HSA-9026395]	R-HSA-9026395	2	2
reactome:Biosynthesis of maresin conjugates in tissue regeneration (MCTR) [R-HSA-9026762]	R-HSA-9026762	2	2
reactome:Diseases of Mismatch Repair (MMR) [R-HSA-5423599]	R-HSA-5423599	5	5
reactome:Defective Mismatch Repair Associated With MSH2 [R-HSA-5632928]	R-HSA-5632928	3	3
reactome:Defective Mismatch Repair Associated With MSH6 [R-HSA-5632968]	R-HSA-5632968	2	2
reactome:Regulation of cytoskeletal remodeling and cell spreading by IPP complex components [R-HSA-446388]	R-HSA-446388	8	8
reactome:Intestinal infectious diseases [R-HSA-8942233]	R-HSA-8942233	2	2
reactome:Intestinal absorption [R-HSA-8963676]	R-HSA-8963676	5	5
reactome:Intestinal lipid absorption [R-HSA-8963678]	R-HSA-8963678	1	1
reactome:MPS VII - Sly syndrome [R-HSA-2206292]	R-HSA-2206292	1	1
reactome:Myoclonic epilepsy of Lafora [R-HSA-3785653]	R-HSA-3785653	9	9
reactome:Glycogen storage disease type XV (GYG1) [R-HSA-3814836]	R-HSA-3814836	2	2
reactome:Glycogen storage disease type 0 (muscle GYS1) [R-HSA-3828062]	R-HSA-3828062	2	2
reactome:Synthesis of GDP-mannose [R-HSA-446205]	R-HSA-446205	6	6
reactome:Defective ALG6 causes CDG-1c [R-HSA-4724289]	R-HSA-4724289	1	1
reactome:Glycogen storage disease type 0 (liver GYS2) [R-HSA-3858516]	R-HSA-3858516	2	2
reactome:Activation, myristolyation of BID and translocation to mitochondria [R-HSA-75108]	R-HSA-75108	4	4
reactome:Defective SLC40A1 causes hemochromatosis 4 (HFE4) (duodenum) [R-HSA-5655799]	R-HSA-5655799	2	2
reactome:Dissolution of Fibrin Clot [R-HSA-75205]	R-HSA-75205	13	13
reactome:tRNA processing in the mitochondrion [R-HSA-6785470]	R-HSA-6785470	6	5
reactome:Beta oxidation of myristoyl-CoA to lauroyl-CoA [R-HSA-77285]	R-HSA-77285	3	3
reactome:Beta oxidation of palmitoyl-CoA to myristoyl-CoA [R-HSA-77305]	R-HSA-77305	3	3
reactome:Erythrocytes take up carbon dioxide and release oxygen [R-HSA-1237044]	R-HSA-1237044	13	13
reactome:Erythrocytes take up oxygen and release carbon dioxide [R-HSA-1247673]	R-HSA-1247673	9	9
reactome:O2/CO2 exchange in erythrocytes [R-HSA-1480926]	R-HSA-1480926	13	13
reactome:HDL clearance [R-HSA-8964011]	R-HSA-8964011	5	5
reactome:Defective HEXA causes GM2G1 [R-HSA-3656234]	R-HSA-3656234	1	1
reactome:Defective HEXB causes GM2G2 [R-HSA-3656248]	R-HSA-3656248	1	1
reactome:Phase 1 - inactivation of fast Na+ channels [R-HSA-5576894]	R-HSA-5576894	7	7
reactome:MET interacts with TNS proteins [R-HSA-8875513]	R-HSA-8875513	5	5
reactome:MET activates STAT3 [R-HSA-8875791]	R-HSA-8875791	3	3
reactome:Drug-mediated inhibition of MET activation [R-HSA-9734091]	R-HSA-9734091	2	2
reactome:Defective HK1 causes hexokinase deficiency (HK deficiency) [R-HSA-5619056]	R-HSA-5619056	1	1
reactome:Biotin transport and metabolism [R-HSA-196780]	R-HSA-196780	11	11
reactome:Defects in biotin (Btn) metabolism [R-HSA-3323169]	R-HSA-3323169	8	8
reactome:Defective HLCS causes multiple carboxylase deficiency [R-HSA-3371599]	R-HSA-3371599	7	7
reactome:Ketone body metabolism [R-HSA-74182]	R-HSA-74182	10	10
reactome:Synthesis of Ketone Bodies [R-HSA-77111]	R-HSA-77111	8	8
reactome:Vitamin B6 activation to pyridoxal phosphate [R-HSA-964975]	R-HSA-964975	3	3
reactome:Regulation of HMOX1 expression and activity [R-HSA-9707587]	R-HSA-9707587	5	5
reactome:Activation of caspases through apoptosome-mediated cleavage [R-HSA-111459]	R-HSA-111459	6	6
reactome:SMAC (DIABLO) binds to IAPs [R-HSA-111463]	R-HSA-111463	7	7
reactome:SMAC(DIABLO)-mediated dissociation of IAP:caspase complexes [R-HSA-111464]	R-HSA-111464	7	7
reactome:SMAC, XIAP-regulated apoptotic response [R-HSA-111469]	R-HSA-111469	8	8
reactome:TP53 Regulates Transcription of Caspase Activators and Caspases [R-HSA-6803207]	R-HSA-6803207	12	12
reactome:APC truncation mutants are not K63 polyubiquitinated [R-HSA-5467333]	R-HSA-5467333	1	1
reactome:Defective HPRT1 disrupts guanine and hypoxanthine salvage [R-HSA-9734281]	R-HSA-9734281	1	1
reactome:Estrogen-stimulated signaling through PRKCZ [R-HSA-9634635]	R-HSA-9634635	6	6
reactome:RAS GTPase cycle mutants [R-HSA-9649913]	R-HSA-9649913	3	3
reactome:Signaling by RAS GAP mutants [R-HSA-9753510]	R-HSA-9753510	3	3
reactome:Signaling by RAS GTPase mutants [R-HSA-9753512]	R-HSA-9753512	3	3
reactome:Defective MMAB causes MMA, cblB type [R-HSA-3359471]	R-HSA-3359471	1	1
reactome:Resolution of AP sites via the single-nucleotide replacement pathway [R-HSA-110381]	R-HSA-110381	4	4
reactome:Abasic sugar-phosphate removal via the single-nucleotide replacement pathway [R-HSA-73930]	R-HSA-73930	2	2
reactome:Viral RNP Complexes in the Host Cell Nucleus [R-HSA-168330]	R-HSA-168330	8	2
reactome:Regulation of PTEN localization [R-HSA-8948747]	R-HSA-8948747	9	9
reactome:Respiratory syncytial virus genome transcription [R-HSA-9828642]	R-HSA-9828642	2	1
reactome:vRNP Assembly [R-HSA-192905]	R-HSA-192905	6	2
reactome:Assembly and release of respiratory syncytial virus (RSV) virions [R-HSA-9820962]	R-HSA-9820962	3	2
reactome:Respiratory syncytial virus genome replication [R-HSA-9834752]	R-HSA-9834752	4	2
reactome:TFAP2A acts as a transcriptional repressor during retinoic acid induced cell differentiation [R-HSA-8869496]	R-HSA-8869496	5	5
reactome:Chylomicron assembly [R-HSA-8963888]	R-HSA-8963888	10	10
reactome:Serotonin receptors [R-HSA-390666]	R-HSA-390666	12	12
reactome:MPS IX - Natowicz syndrome [R-HSA-2206280]	R-HSA-2206280	1	1
reactome:VLDL assembly [R-HSA-8866423]	R-HSA-8866423	5	5
reactome:VLDL clearance [R-HSA-8964046]	R-HSA-8964046	6	6
reactome:Metal sequestration by antimicrobial proteins [R-HSA-6799990]	R-HSA-6799990	6	6
reactome:TWIK-related spinal cord K+ channel (TRESK) [R-HSA-1299344]	R-HSA-1299344	1	1
reactome:Defective SLC6A19 causes Hartnup disorder (HND) [R-HSA-5619044]	R-HSA-5619044	1	1
reactome:Defective SLC6A19 causes Hartnup disorder (HND) [R-HSA-5659735]	R-HSA-5659735	1	1
reactome:Defective CYP26C1 causes FFDD4 [R-HSA-5579004]	R-HSA-5579004	1	1
reactome:Abnormal conversion of 2-oxoglutarate to 2-hydroxyglutarate [R-HSA-2978092]	R-HSA-2978092	1	1
reactome:NADPH regeneration [R-HSA-389542]	R-HSA-389542	2	2
reactome:NFE2L2 regulating TCA cycle genes [R-HSA-9818025]	R-HSA-9818025	3	3
reactome:MPS II - Hunter syndrome [R-HSA-2206296]	R-HSA-2206296	1	1
reactome:MPS I - Hurler syndrome [R-HSA-2206302]	R-HSA-2206302	1	1
reactome:Regulation of IFNG signaling [R-HSA-877312]	R-HSA-877312	14	14
reactome:IFNG signaling activates MAPKs [R-HSA-9732724]	R-HSA-9732724	8	8
reactome:Defective SLC6A18 may confer susceptibility to iminoglycinuria and/or hyperglycinuria [R-HSA-5619079]	R-HSA-5619079	1	1
reactome:Defective SLC6A18 may confer susceptibility to iminoglycinuria and/or hyperglycinuria [R-HSA-5659729]	R-HSA-5659729	1	1
reactome:Defective APRT disrupts adenine salvage [R-HSA-9734195]	R-HSA-9734195	1	1
reactome:HHAT G278V doesn't palmitoylate Hh-Np [R-HSA-5658034]	R-HSA-5658034	4	4
reactome:Regulation by c-FLIP [R-HSA-3371378]	R-HSA-3371378	11	11
reactome:CASP8 activity is inhibited [R-HSA-5218900]	R-HSA-5218900	11	11
reactome:Dimerization of procaspase-8 [R-HSA-69416]	R-HSA-69416	11	11
reactome:FasL/ CD95L signaling [R-HSA-75157]	R-HSA-75157	5	5
reactome:p75NTR signals via NF-kB [R-HSA-193639]	R-HSA-193639	16	16
reactome:p75NTR recruits signalling complexes [R-HSA-209543]	R-HSA-209543	13	13
reactome:NF-kB is activated and signals survival [R-HSA-209560]	R-HSA-209560	13	13
reactome:Interleukin-33 signaling [R-HSA-9014843]	R-HSA-9014843	3	3
reactome:Interleukin-9 signaling [R-HSA-8985947]	R-HSA-8985947	9	9
reactome:Interleukin-21 signaling [R-HSA-9020958]	R-HSA-9020958	10	10
reactome:Interleukin-6 signaling [R-HSA-1059683]	R-HSA-1059683	11	11
reactome:MAPK3 (ERK1) activation [R-HSA-110056]	R-HSA-110056	10	10
reactome:MAPK1 (ERK2) activation [R-HSA-112411]	R-HSA-112411	9	9
reactome:Localization of the PINCH-ILK-PARVIN complex to focal adhesions [R-HSA-446343]	R-HSA-446343	4	4
reactome:TGFBR3 regulates activin signaling [R-HSA-9839406]	R-HSA-9839406	4	4
reactome:Transport of glycerol from adipocytes to the liver by Aquaporins [R-HSA-432030]	R-HSA-432030	2	2
reactome:Regulation of gene expression in endocrine-committed (NEUROG3+) progenitor cells [R-HSA-210746]	R-HSA-210746	4	4
reactome:TRAF6 mediated IRF7 activation in TLR7/8 or 9 signaling [R-HSA-975110]	R-HSA-975110	14	14
reactome:PI3K/AKT activation [R-HSA-198203]	R-HSA-198203	9	9
reactome:Activated NTRK3 signals through PI3K [R-HSA-9603381]	R-HSA-9603381	6	6
reactome:RUNX3 Regulates Immune Response and Cell Migration [R-HSA-8949275]	R-HSA-8949275	6	6
reactome:Defective ABCC6 causes PXE [R-HSA-5690338]	R-HSA-5690338	1	1
reactome:Potassium transport channels [R-HSA-1296067]	R-HSA-1296067	3	3
reactome:Classical Kir channels [R-HSA-1296053]	R-HSA-1296053	4	4
reactome:Defective ABCC8 can cause hypo- and hyper-glycemias [R-HSA-5683177]	R-HSA-5683177	2	2
reactome:TWIK related potassium channel (TREK) [R-HSA-1299503]	R-HSA-1299503	3	3
reactome:TWIK-releated acid-sensitive K+ channel (TASK) [R-HSA-1299316]	R-HSA-1299316	2	2
reactome:Acetylcholine inhibits contraction of outer hair cells [R-HSA-9667769]	R-HSA-9667769	5	5
reactome:Phosphate bond hydrolysis by NTPDase proteins [R-HSA-8850843]	R-HSA-8850843	8	8
reactome:Essential fructosuria [R-HSA-5657562]	R-HSA-5657562	1	1
reactome:Utilization of Ketone Bodies [R-HSA-77108]	R-HSA-77108	4	4
reactome:Dasatinib-resistant KIT mutants [R-HSA-9669914]	R-HSA-9669914	1	1
reactome:Imatinib-resistant KIT mutants [R-HSA-9669917]	R-HSA-9669917	1	1
reactome:KIT mutants bind TKIs [R-HSA-9669921]	R-HSA-9669921	1	1
reactome:Masitinib-resistant KIT mutants [R-HSA-9669924]	R-HSA-9669924	1	1
reactome:Nilotinib-resistant KIT mutants [R-HSA-9669926]	R-HSA-9669926	1	1
reactome:Regorafenib-resistant KIT mutants [R-HSA-9669929]	R-HSA-9669929	1	1
reactome:Signaling by kinase domain mutants of KIT [R-HSA-9669933]	R-HSA-9669933	1	1
reactome:Sunitinib-resistant KIT mutants [R-HSA-9669934]	R-HSA-9669934	1	1
reactome:Signaling by juxtamembrane domain KIT mutants [R-HSA-9669935]	R-HSA-9669935	1	1
reactome:Sorafenib-resistant KIT mutants [R-HSA-9669936]	R-HSA-9669936	1	1
reactome:Drug resistance of KIT mutants [R-HSA-9669937]	R-HSA-9669937	1	1
reactome:Signaling by extracellular domain mutants of KIT [R-HSA-9680187]	R-HSA-9680187	1	1
reactome:Inhibition of nitric oxide production [R-HSA-9636249]	R-HSA-9636249	4	3
reactome:Axonal growth inhibition (RHOA activation) [R-HSA-193634]	R-HSA-193634	9	9
reactome:p75NTR regulates axonogenesis [R-HSA-193697]	R-HSA-193697	10	10
reactome:Axonal growth stimulation [R-HSA-209563]	R-HSA-209563	4	4
reactome:SLIT2:ROBO1 increases RHOA activity [R-HSA-8985586]	R-HSA-8985586	4	4
reactome:Transfer of LPS from LBP carrier to CD14 [R-HSA-166020]	R-HSA-166020	2	2
reactome:Intestinal saccharidase deficiencies [R-HSA-5659898]	R-HSA-5659898	2	2
reactome:Defective LFNG causes SCDO3 [R-HSA-5083630]	R-HSA-5083630	5	5
reactome:RUNX2 regulates genes involved in differentiation of myeloid cells [R-HSA-8941333]	R-HSA-8941333	4	4
reactome:Regulation of MITF-M-dependent genes involved in DNA damage repair and senescence [R-HSA-9825895]	R-HSA-9825895	3	3
reactome:Breakdown of the nuclear lamina [R-HSA-352238]	R-HSA-352238	3	3
reactome:Events associated with phagocytolytic activity of PMN cells [R-HSA-8941413]	R-HSA-8941413	2	2
reactome:Signaling by RNF43 mutants [R-HSA-5340588]	R-HSA-5340588	8	8
reactome:Biosynthesis of protectin and resolvin conjugates in tissue regeneration (PCTR and RCTR) [R-HSA-9026766]	R-HSA-9026766	1	1
reactome:Mtb iron assimilation by chelation [R-HSA-1222449]	R-HSA-1222449	10	1
reactome:Latent infection - Other responses of Mtb to phagocytosis [R-HSA-1222499]	R-HSA-1222499	55	1
reactome:CD22 mediated BCR regulation [R-HSA-5690714]	R-HSA-5690714	5	5
reactome:Loss of Function of SMAD4 in Cancer [R-HSA-3304347]	R-HSA-3304347	3	3
reactome:Loss of Function of SMAD2/3 in Cancer [R-HSA-3304349]	R-HSA-3304349	7	7
reactome:SMAD2/3 Phosphorylation Motif Mutants in Cancer [R-HSA-3304356]	R-HSA-3304356	6	6
reactome:SMAD4 MH2 Domain Mutants in Cancer [R-HSA-3311021]	R-HSA-3311021	3	3
reactome:SMAD2/3 MH2 Domain Mutants in Cancer [R-HSA-3315487]	R-HSA-3315487	3	3
reactome:TGFBR1 KD Mutants in Cancer [R-HSA-3656532]	R-HSA-3656532	6	6
reactome:MPS VI - Maroteaux-Lamy syndrome [R-HSA-2206285]	R-HSA-2206285	1	1
reactome:Biogenic amines are oxidatively deaminated to aldehydes by MAOA and MAOB [R-HSA-141333]	R-HSA-141333	2	2
reactome:Defective MAOA causes BRUNS [R-HSA-5579012]	R-HSA-5579012	1	1
reactome:Defective MAT1A causes MATD [R-HSA-5579024]	R-HSA-5579024	1	1
reactome:Defective ACTH causes obesity and POMCD [R-HSA-5579031]	R-HSA-5579031	2	2
reactome:Unwinding of DNA [R-HSA-176974]	R-HSA-176974	12	12
reactome:Loss of MECP2 binding ability to 5hmC-DNA [R-HSA-9022534]	R-HSA-9022534	1	1
reactome:Loss of phosphorylation of MECP2 at T308 [R-HSA-9022535]	R-HSA-9022535	6	6
reactome:Defective MGAT2 causes CDG-2a [R-HSA-4793952]	R-HSA-4793952	1	1
reactome:Reactions specific to the hybrid N-glycan synthesis pathway [R-HSA-975574]	R-HSA-975574	1	1
reactome:MGMT-mediated DNA damage reversal [R-HSA-5657655]	R-HSA-5657655	1	1
reactome:Regulation of MITF-M-dependent genes involved in lysosome biogenesis and autophagy [R-HSA-9857377]	R-HSA-9857377	12	12
reactome:Defective Mismatch Repair Associated With MLH1 [R-HSA-5545483]	R-HSA-5545483	2	2
reactome:Defective Mismatch Repair Associated With PMS2 [R-HSA-5632987]	R-HSA-5632987	2	2
reactome:Defective MPI causes MPI-CDG [R-HSA-4043916]	R-HSA-4043916	1	1
reactome:Modulation by Mtb of host immune system [R-HSA-9637628]	R-HSA-9637628	14	7
reactome:Defective ALG11 causes CDG-1p [R-HSA-4551295]	R-HSA-4551295	1	1
reactome:Defective Mismatch Repair Associated With MSH3 [R-HSA-5632927]	R-HSA-5632927	2	2
reactome:Metallothioneins bind metals [R-HSA-5661231]	R-HSA-5661231	11	11
reactome:Inhibition of membrane repair [R-HSA-9635644]	R-HSA-9635644	5	1
reactome:Blockage of phagosome acidification [R-HSA-9636467]	R-HSA-9636467	3	1
reactome:Defective MTRR causes HMAE [R-HSA-3359467]	R-HSA-3359467	2	2
reactome:Defective MTR causes HMAG [R-HSA-3359469]	R-HSA-3359469	2	2
reactome:Diseases of Base Excision Repair [R-HSA-9605308]	R-HSA-9605308	5	5
reactome:Defective Base Excision Repair Associated with MUTYH [R-HSA-9605310]	R-HSA-9605310	1	1
reactome:Defective MUTYH substrate binding [R-HSA-9608287]	R-HSA-9608287	1	1
reactome:Defective MUTYH substrate processing [R-HSA-9608290]	R-HSA-9608290	1	1
reactome:MyD88 deficiency (TLR5) [R-HSA-5602680]	R-HSA-5602680	3	2
reactome:IRAK4 deficiency (TLR5) [R-HSA-5603037]	R-HSA-5603037	5	4
reactome:MPS IIIB - Sanfilippo syndrome B [R-HSA-2206282]	R-HSA-2206282	1	1
reactome:Ion influx/efflux at host-pathogen interface [R-HSA-6803544]	R-HSA-6803544	4	4
reactome:PLC-gamma1 signalling [R-HSA-167021]	R-HSA-167021	3	3
reactome:NGF processing [R-HSA-167060]	R-HSA-167060	4	4
reactome:TRKA activation by NGF [R-HSA-187042]	R-HSA-187042	2	2
reactome:Signalling to p38 via RIT and RIN [R-HSA-187706]	R-HSA-187706	5	5
reactome:Ceramide signalling [R-HSA-193681]	R-HSA-193681	3	3
reactome:Signalling to STAT3 [R-HSA-198745]	R-HSA-198745	3	3
reactome:NFG and proNGF binds to p75NTR [R-HSA-205017]	R-HSA-205017	2	2
reactome:Expression and Processing of Neurotrophins [R-HSA-9036866]	R-HSA-9036866	4	4
reactome:NOSIP mediated eNOS trafficking [R-HSA-203754]	R-HSA-203754	2	2
reactome:FBXW7 Mutants and NOTCH1 in Cancer [R-HSA-2644605]	R-HSA-2644605	5	5
reactome:Loss of Function of FBXW7 in Cancer and NOTCH1 Signaling [R-HSA-2644607]	R-HSA-2644607	5	5
reactome:Defective PNP disrupts phosphorolysis of (deoxy)guanosine and (deoxy)inosine [R-HSA-9735763]	R-HSA-9735763	1	1
reactome:Nucleotide catabolism defects [R-HSA-9735786]	R-HSA-9735786	1	1
reactome:Reduction of cytosolic Ca++ levels [R-HSA-418359]	R-HSA-418359	14	14
reactome:Defective SLC11A2 causes hypochromic microcytic anemia, with iron overload 1 (AHMIO1) [R-HSA-5619048]	R-HSA-5619048	1	1
reactome:NTF3 activates NTRK2 (TRKB) signaling [R-HSA-9025046]	R-HSA-9025046	2	2
reactome:NTF3 activates NTRK3 signaling [R-HSA-9034013]	R-HSA-9034013	2	2
reactome:Activated NTRK3 signals through PLCG1 [R-HSA-9034793]	R-HSA-9034793	3	3
reactome:NTF4 activates NTRK2 (TRKB) signaling [R-HSA-9026357]	R-HSA-9026357	2	2
reactome:Activated NTRK2 signals through PLCG1 [R-HSA-9026527]	R-HSA-9026527	4	4
reactome:Defective Base Excision Repair Associated with NTHL1 [R-HSA-9616333]	R-HSA-9616333	1	1
reactome:Defective NTHL1 substrate processing [R-HSA-9630221]	R-HSA-9630221	1	1
reactome:Defective NTHL1 substrate binding [R-HSA-9630222]	R-HSA-9630222	1	1
reactome:BDNF activates NTRK2 (TRKB) signaling [R-HSA-9024909]	R-HSA-9024909	2	2
reactome:Defective Base Excision Repair Associated with OGG1 [R-HSA-9656249]	R-HSA-9656249	1	1
reactome:Defective OGG1 Substrate Binding [R-HSA-9656255]	R-HSA-9656255	1	1
reactome:Defective OGG1 Substrate Processing [R-HSA-9656256]	R-HSA-9656256	1	1
reactome:Defective OGG1 Localization [R-HSA-9657050]	R-HSA-9657050	1	1
reactome:Organic cation transport [R-HSA-549127]	R-HSA-549127	10	10
reactome:Defective SLC22A18 causes lung cancer (LNCR) and embryonal rhabdomyosarcoma 1 (RMSE1) [R-HSA-5619066]	R-HSA-5619066	1	1
reactome:Vasopressin-like receptors [R-HSA-388479]	R-HSA-388479	6	6
reactome:Phenylketonuria [R-HSA-2160456]	R-HSA-2160456	1	1
reactome:Regulation of PAK-2p34 activity by PS-GAP/RHG10 [R-HSA-211728]	R-HSA-211728	2	2
reactome:Stimulation of the cell death response by PAK-2p34 [R-HSA-211736]	R-HSA-211736	2	2
reactome:WNT ligand biogenesis and trafficking [R-HSA-3238698]	R-HSA-3238698	26	26
reactome:PKA-mediated phosphorylation of key metabolic factors [R-HSA-163358]	R-HSA-163358	5	5
reactome:AMPK inhibits chREBP transcriptional activation activity [R-HSA-163680]	R-HSA-163680	8	8
reactome:PP2A-mediated dephosphorylation of key metabolic factors [R-HSA-163767]	R-HSA-163767	7	7
reactome:Essential pentosuria [R-HSA-5662853]	R-HSA-5662853	1	1
reactome:Defective regulation of TLR7 by endogenous ligand [R-HSA-9824856]	R-HSA-9824856	1	1
reactome:Defective CD320 causes MMATC [R-HSA-3359485]	R-HSA-3359485	2	2
reactome:Cam-PDE 1 activation [R-HSA-111957]	R-HSA-111957	6	6
reactome:Rhesus glycoproteins mediate ammonium transport. [R-HSA-444411]	R-HSA-444411	3	3
reactome:Imatinib-resistant PDGFR mutants [R-HSA-9674396]	R-HSA-9674396	1	1
reactome:Sunitinib-resistant PDGFR mutants [R-HSA-9674401]	R-HSA-9674401	1	1
reactome:Regorafenib-resistant PDGFR mutants [R-HSA-9674403]	R-HSA-9674403	1	1
reactome:Sorafenib-resistant PDGFR mutants [R-HSA-9674404]	R-HSA-9674404	1	1
reactome:Drug resistance of PDGFR mutants [R-HSA-9674415]	R-HSA-9674415	1	1
reactome:PDGFR mutants bind TKIs [R-HSA-9674428]	R-HSA-9674428	1	1
reactome:Defective SLC26A4 causes Pendred syndrome (PDS) [R-HSA-5619046]	R-HSA-5619046	1	1
reactome:Regulation of glycolysis by fructose 2,6-bisphosphate metabolism [R-HSA-9634600]	R-HSA-9634600	12	12
reactome:Defective PGM1 causes PGM1-CDG [R-HSA-5609974]	R-HSA-5609974	1	1
reactome:Abacavir transmembrane transport [R-HSA-2161517]	R-HSA-2161517	5	5
reactome:Defective ABCB4 causes PFIC3, ICP3 and GBD1 [R-HSA-5678771]	R-HSA-5678771	1	1
reactome:Signaling by LTK in cancer [R-HSA-9842640]	R-HSA-9842640	7	7
reactome:Synthesis of PIPs in the nucleus [R-HSA-8847453]	R-HSA-8847453	4	4
reactome:phospho-PLA2 pathway [R-HSA-111995]	R-HSA-111995	2	2
reactome:Coenzyme A biosynthesis [R-HSA-196783]	R-HSA-196783	7	7
reactome:Defective PMM2 causes PMM2-CDG [R-HSA-4043911]	R-HSA-4043911	1	1
reactome:Synthesis of dolichyl-phosphate mannose [R-HSA-162699]	R-HSA-162699	3	3
reactome:Defective DPM1 causes DPM1-CDG [R-HSA-4717374]	R-HSA-4717374	3	3
reactome:Defective DPM3 causes DPM3-CDG [R-HSA-4719360]	R-HSA-4719360	3	3
reactome:Defective DPM2 causes DPM2-CDG [R-HSA-4719377]	R-HSA-4719377	3	3
reactome:Mitochondrial transcription initiation [R-HSA-163282]	R-HSA-163282	3	3
reactome:Transcription from mitochondrial promoters [R-HSA-75944]	R-HSA-75944	4	4
reactome:POU5F1 (OCT4), SOX2, NANOG repress genes related to differentiation [R-HSA-2892245]	R-HSA-2892245	3	3
reactome:Defective UGT1A4 causes hyperbilirubinemia [R-HSA-5579016]	R-HSA-5579016	1	1
reactome:Defective UGT1A1 causes hyperbilirubinemia [R-HSA-5579002]	R-HSA-5579002	1	1
reactome:Synthesis of CL [R-HSA-1483076]	R-HSA-1483076	1	1
reactome:Variant SLC6A20 contributes towards hyperglycinuria (HG) and iminoglycinuria (IG) [R-HSA-5619101]	R-HSA-5619101	1	1
reactome:Variant SLC6A20 contributes towards hyperglycinuria (HG) and iminoglycinuria (IG) [R-HSA-5660686]	R-HSA-5660686	1	1
reactome:Defective AVP does not bind AVPR1A,B and causes neurohypophyseal diabetes insipidus (NDI) [R-HSA-5619099]	R-HSA-5619099	3	3
reactome:Defective AVP does not bind AVPR2 and causes neurohypophyseal diabetes insipidus (NDI) [R-HSA-9036092]	R-HSA-9036092	2	2
reactome:Defective Base Excision Repair Associated with NEIL3 [R-HSA-9629232]	R-HSA-9629232	1	1
reactome:NEIL3-mediated resolution of ICLs [R-HSA-9636003]	R-HSA-9636003	1	1
reactome:Defective SLC29A3 causes histiocytosis-lymphadenopathy plus syndrome (HLAS) [R-HSA-5619063]	R-HSA-5619063	1	1
reactome:ROBO receptors bind AKAP5 [R-HSA-9010642]	R-HSA-9010642	9	9
reactome:Defective SLC35C1 causes congenital disorder of glycosylation 2C (CDG2C) [R-HSA-5619078]	R-HSA-5619078	1	1
reactome:PTK6 Activates STAT3 [R-HSA-8849474]	R-HSA-8849474	4	4
reactome:Defective SLC39A4 causes acrodermatitis enteropathica, zinc-deficiency type (AEZ) [R-HSA-5619088]	R-HSA-5619088	1	1
reactome:Disinhibition of SNARE formation [R-HSA-114516]	R-HSA-114516	5	5
reactome:Defective ABCD4 causes MAHCJ [R-HSA-5683329]	R-HSA-5683329	2	2
reactome:Negative feedback regulation of MAPK pathway [R-HSA-5674499]	R-HSA-5674499	6	6
reactome:Signaling by MAP2K mutants [R-HSA-9652169]	R-HSA-9652169	4	4
reactome:Signalling to ERK5 [R-HSA-198765]	R-HSA-198765	2	2
reactome:Defective ALG1 causes CDG-1k [R-HSA-4549380]	R-HSA-4549380	1	1
reactome:Inhibition of PKR [R-HSA-169131]	R-HSA-169131	2	1
reactome:Proline catabolism [R-HSA-70688]	R-HSA-70688	3	3
reactome:Hydrolysis of LPE [R-HSA-1483152]	R-HSA-1483152	2	2
reactome:Defective CYP26B1 causes RHFCA [R-HSA-5579015]	R-HSA-5579015	1	1
reactome:Defective SLC2A9 causes hypouricemia renal 2 (RHUC2) [R-HSA-5619047]	R-HSA-5619047	1	1
reactome:Tandem pore domain halothane-inhibited K+ channel (THIK) [R-HSA-1299287]	R-HSA-1299287	1	1
reactome:Regulation of BACH1 activity [R-HSA-9708530]	R-HSA-9708530	11	11
reactome:PTEN Loss of Function in Cancer [R-HSA-5674404]	R-HSA-5674404	1	1
reactome:COX reactions [R-HSA-140180]	R-HSA-140180	1	1
reactome:PTK6 Down-Regulation [R-HSA-8849472]	R-HSA-8849472	3	3
reactome:Signaling by cytosolic PDGFRA and PDGFRB fusion proteins [R-HSA-9673766]	R-HSA-9673766	3	3
reactome:Activation and oligomerization of BAK protein [R-HSA-111452]	R-HSA-111452	2	2
reactome:Defective DNA double strand break response due to BRCA1 loss of function [R-HSA-9663199]	R-HSA-9663199	2	2
reactome:Defective DNA double strand break response due to BARD1 loss of function [R-HSA-9699150]	R-HSA-9699150	2	2
reactome:Activation, translocation and oligomerization of BAX [R-HSA-114294]	R-HSA-114294	2	2
reactome:SUMOylation of nuclear envelope proteins [R-HSA-9793242]	R-HSA-9793242	3	3
reactome:Defective translocation of RB1 mutants to the nucleus [R-HSA-9661070]	R-HSA-9661070	1	1
reactome:Retinoid metabolism disease events [R-HSA-6809583]	R-HSA-6809583	1	1
reactome:Defective RHAG causes regulator type Rh-null hemolytic anemia (RHN) [R-HSA-5619042]	R-HSA-5619042	1	1
reactome:Rhesus blood group biosynthesis [R-HSA-9037628]	R-HSA-9037628	2	2
reactome:Defective SLC5A7 causes distal hereditary motor neuronopathy 7A (HMN7A) [R-HSA-5619114]	R-HSA-5619114	1	1
reactome:Defective SLC5A7 causes distal hereditary motor neuronopathy 7A (HMN7A) [R-HSA-5658471]	R-HSA-5658471	1	1
reactome:Regulation of cortical dendrite branching [R-HSA-8985801]	R-HSA-8985801	4	4
reactome:Maturation of protein E [R-HSA-9683683]	R-HSA-9683683	4	4
reactome:Maturation of protein E [R-HSA-9694493]	R-HSA-9694493	4	4
reactome:Intestinal hexose absorption [R-HSA-8981373]	R-HSA-8981373	4	4
reactome:Regulation of TP53 Expression [R-HSA-6804754]	R-HSA-6804754	2	2
reactome:Defective ABCG8 causes GBD4 and sitosterolemia [R-HSA-5679090]	R-HSA-5679090	2	2
reactome:Defective ABCG5 causes sitosterolemia [R-HSA-5679096]	R-HSA-5679096	2	2
reactome:Defective pro-SFTPB causes SMDP1 and RDS [R-HSA-5688031]	R-HSA-5688031	1	1
reactome:SARS-CoV-1 targets PDZ proteins in cell-cell junction [R-HSA-9692912]	R-HSA-9692912	1	1
reactome:Defective pro-SFTPC causes SMDP2 and RDS [R-HSA-5688354]	R-HSA-5688354	1	1
reactome:MPS IIIA - Sanfilippo syndrome A [R-HSA-2206307]	R-HSA-2206307	1	1
reactome:LGK974 inhibits PORCN [R-HSA-5340573]	R-HSA-5340573	1	1
reactome:Defective SLC1A1 is implicated in schizophrenia 18 (SCZD18) and dicarboxylic aminoaciduria (DCBXA) [R-HSA-5619067]	R-HSA-5619067	1	1
reactome:Defective SLC1A3 causes episodic ataxia 6 (EA6) [R-HSA-5619062]	R-HSA-5619062	1	1
reactome:Defective SLC2A1 causes GLUT1 deficiency syndrome 1 (GLUT1DS1) [R-HSA-5619043]	R-HSA-5619043	1	1
reactome:Defective SLC2A2 causes Fanconi-Bickel syndrome (FBS) [R-HSA-5619098]	R-HSA-5619098	1	1
reactome:Defective SLC7A7 causes lysinuric protein intolerance (LPI) [R-HSA-5660862]	R-HSA-5660862	2	2
reactome:Defective SLC4A1 causes hereditary spherocytosis type 4 (HSP4),  distal renal tubular acidosis (dRTA) and dRTA with hemolytic anemia (dRTA-HA) [R-HSA-5619050]	R-HSA-5619050	1	1
reactome:Defective SLC5A1 causes congenital glucose/galactose malabsorption (GGM) [R-HSA-5656364]	R-HSA-5656364	1	1
reactome:Defective SLC5A2 causes renal glucosuria (GLYS1) [R-HSA-5658208]	R-HSA-5658208	1	1
reactome:Defective SLC5A5 causes thyroid dyshormonogenesis 1 (TDH1) [R-HSA-5619096]	R-HSA-5619096	1	1
reactome:Reuptake of GABA [R-HSA-888593]	R-HSA-888593	4	4
reactome:Defective SLC6A2 causes orthostatic intolerance (OI) [R-HSA-5619109]	R-HSA-5619109	1	1
reactome:Defective SLC6A3 causes Parkinsonism-dystonia infantile (PKDYS) [R-HSA-5619081]	R-HSA-5619081	1	1
reactome:Defective SLC6A3 causes Parkinsonism-dystonia infantile (PKDYS) [R-HSA-5660724]	R-HSA-5660724	1	1
reactome:Defective SLC12A1 causes Bartter syndrome 1 (BS1) [R-HSA-5619104]	R-HSA-5619104	1	1
reactome:Defective SLC12A3 causes Gitelman syndrome (GS) [R-HSA-5619087]	R-HSA-5619087	1	1
reactome:Defective SLC16A1 causes symptomatic deficiency in lactate transport (SDLT) [R-HSA-5619070]	R-HSA-5619070	2	2
reactome:Defective SLC34A1 causes hypophosphatemic nephrolithiasis/osteoporosis 1 (NPHLOP1) [R-HSA-5619040]	R-HSA-5619040	1	1
reactome:Defective SLC20A2 causes idiopathic basal ganglia calcification 1 (IBGC1) [R-HSA-5619111]	R-HSA-5619111	1	1
reactome:Defective SLCO2A1 causes primary, autosomal recessive hypertrophic osteoarthropathy 2 (PHOAR2) [R-HSA-5619095]	R-HSA-5619095	1	1
reactome:Defective SLC22A5 causes systemic primary carnitine deficiency (CDSP) [R-HSA-5619053]	R-HSA-5619053	1	1
reactome:Toxicity of botulinum toxin type E (botE) [R-HSA-5250992]	R-HSA-5250992	3	3
reactome:Impaired BRCA2 translocation to the nucleus [R-HSA-9709275]	R-HSA-9709275	2	2
reactome:Impaired BRCA2 binding to SEM1 (DSS1) [R-HSA-9763198]	R-HSA-9763198	2	2
reactome:Toxicity of botulinum toxin type G (botG) [R-HSA-5250989]	R-HSA-5250989	3	3
reactome:Defective BTD causes biotidinase deficiency [R-HSA-3371598]	R-HSA-3371598	1	1
reactome:Tachykinin receptors bind tachykinins [R-HSA-380095]	R-HSA-380095	5	5
reactome:Insulin effects increased synthesis of Xylulose-5-Phosphate [R-HSA-163754]	R-HSA-163754	2	2
reactome:TALDO1 deficiency: failed conversion of SH7P, GA3P to Fru(6)P, E4P [R-HSA-6791055]	R-HSA-6791055	1	1
reactome:TALDO1 deficiency: failed conversion of  Fru(6)P, E4P to SH7P, GA3P [R-HSA-6791462]	R-HSA-6791462	1	1
reactome:Defective TBXAS1 causes GHDD [R-HSA-5579032]	R-HSA-5579032	1	1
reactome:Defective TCN2 causes TCN2 deficiency [R-HSA-3359454]	R-HSA-3359454	1	1
reactome:Loss of Function of TGFBR2 in Cancer [R-HSA-3642278]	R-HSA-3642278	3	3
reactome:TGFBR2 MSI Frameshift Mutants in Cancer [R-HSA-3642279]	R-HSA-3642279	2	2
reactome:TGFBR2 Kinase Domain Mutants in Cancer [R-HSA-3645790]	R-HSA-3645790	3	3
reactome:TLR3 deficiency - HSE [R-HSA-5602410]	R-HSA-5602410	1	1
reactome:UNC93B1 deficiency - HSE [R-HSA-5602415]	R-HSA-5602415	2	2
reactome:Loss of function of TP53 in cancer due to loss of tetramerization ability [R-HSA-9723905]	R-HSA-9723905	1	1
reactome:Loss of Function of TP53 in Cancer [R-HSA-9723907]	R-HSA-9723907	1	1
reactome:Defective TPMT causes TPMT deficiency [R-HSA-5578995]	R-HSA-5578995	1	1
reactome:Vitamin E [R-HSA-8877627]	R-HSA-8877627	1	1
reactome:Defective SFTPA2 causes IPF [R-HSA-5687868]	R-HSA-5687868	1	1
reactome:Metabolism of ingested MeSeO2H into MeSeH [R-HSA-5263617]	R-HSA-5263617	1	1
reactome:The fatty acid cycling model [R-HSA-167826]	R-HSA-167826	5	5
reactome:Defective SLC35A2 causes congenital disorder of glycosylation 2M (CDG2M) [R-HSA-5619072]	R-HSA-5619072	1	1
reactome:G2/M DNA replication checkpoint [R-HSA-69478]	R-HSA-69478	5	5
reactome:Defective MOGS causes CDG-2b [R-HSA-4793954]	R-HSA-4793954	1	1
reactome:Suppression of autophagy [R-HSA-9636569]	R-HSA-9636569	4	2
reactome:Defective ALG8 causes CDG-1h [R-HSA-4724325]	R-HSA-4724325	1	1
reactome:Defective ALG12 causes CDG-1g [R-HSA-4720489]	R-HSA-4720489	1	1
reactome:Defective SRD5A3 causes SRD5A3-CDG, KHRZ [R-HSA-4755579]	R-HSA-4755579	1	1
reactome:Defective Base Excision Repair Associated with NEIL1 [R-HSA-9616334]	R-HSA-9616334	1	1
reactome:Mitochondrial transcription termination [R-HSA-163316]	R-HSA-163316	1	1
reactome:Defective ALG9 causes CDG-1l [R-HSA-4720454]	R-HSA-4720454	1	1
reactome:XAV939 stabilizes AXIN [R-HSA-5545619]	R-HSA-5545619	2	2
reactome:Invadopodia formation [R-HSA-8941237]	R-HSA-8941237	4	4
reactome:Defective SLC2A10 causes arterial tortuosity syndrome (ATS) [R-HSA-5619068]	R-HSA-5619068	1	1
reactome:Virus Assembly and Release [R-HSA-168268]	R-HSA-168268	11	2
reactome:Assembly of Viral Components at the Budding Site [R-HSA-168316]	R-HSA-168316	7	2
reactome:Synthesis of PS [R-HSA-1483101]	R-HSA-1483101	2	2
reactome:TWIK-related alkaline pH activated K+ channel (TALK) [R-HSA-1299361]	R-HSA-1299361	2	2
reactome:TRAIL  signaling [R-HSA-75158]	R-HSA-75158	8	8
reactome:Defective ALG2 causes CDG-1i [R-HSA-4549349]	R-HSA-4549349	1	1
reactome:RUNX3 regulates RUNX1-mediated transcription [R-HSA-8951911]	R-HSA-8951911	2	2
reactome:Defective ABCB11 causes PFIC2 and BRIC2 [R-HSA-5678520]	R-HSA-5678520	1	1
reactome:Defective SLC4A4 causes renal tubular acidosis, proximal, with ocular abnormalities and mental retardation (pRTA-OA) [R-HSA-5619054]	R-HSA-5619054	1	1
reactome:NR1D1 (REV-ERBA) represses gene expression [R-HSA-1368071]	R-HSA-1368071	3	3
reactome:Phosphorylation of proteins involved in the G2/M transition by Cyclin A:Cdc2 complexes [R-HSA-170145]	R-HSA-170145	3	3
reactome:Defective PAPSS2 causes SEMD-PA [R-HSA-3560796]	R-HSA-3560796	1	1
reactome:Defective SLC6A5 causes hyperekplexia 3 (HKPX3) [R-HSA-5619089]	R-HSA-5619089	1	1
reactome:Defective RFT1 causes CDG-1n [R-HSA-4570571]	R-HSA-4570571	1	1
reactome:Defective SLC24A1 causes congenital stationary night blindness 1D (CSNB1D) [R-HSA-5619077]	R-HSA-5619077	1	1
reactome:Defective SLC33A1 causes spastic paraplegia 42 (SPG42) [R-HSA-5619061]	R-HSA-5619061	1	1
reactome:Severe congenital neutropenia type 4 (G6PC3) [R-HSA-3282872]	R-HSA-3282872	1	1
reactome:Defective CYP7B1 causes SPG5A and CBAS3 [R-HSA-5579013]	R-HSA-5579013	1	1
reactome:Defective ACY1 causes encephalopathy [R-HSA-5579007]	R-HSA-5579007	1	1
reactome:Defective MPDU1 causes CDG-1f [R-HSA-4687000]	R-HSA-4687000	1	1
reactome:Synthesis of IPs in the ER lumen [R-HSA-1855231]	R-HSA-1855231	1	1
reactome:Defective SLC12A6 causes agenesis of the corpus callosum, with peripheral neuropathy (ACCPN) [R-HSA-5619039]	R-HSA-5619039	1	1
