library	direction	term	n_genes	query_size	background_size	overlap_n	overlap_genes	p	adj_p
GO_CC	combined	Neuron Projection (GO:0043005)	524	674	33010	25	CXADR,ELFN1,EPHA10,GABRA1,GHSR,GRIA1,HTR1A,HTR1B,INSRR,KCNC2,KLHL1,NEFM,NPBWR1,NRSN1,NTRK1,PENK,RAB27A,RPH3A,SKOR1,SLC12A5,SLC4A10,SLC6A3,SSTR4,SYT1,TENM3	9.291785441691732e-05	0.04404306299361881
GO_CC	combined	AMPA Glutamate Receptor Complex (GO:0032281)	18	674	33010	4	CACNG7,CACNG8,GRIA1,SHISA6	0.00041963858047432893	0.09945434357241596
GO_CC	combined	Actin-Based Cell Projection (GO:0098858)	80	674	33010	7	ATP6V1B1,CD44,CXADR,DNALI1,EZR,MYO3A,WWOX	0.0012557751997178776	0.18684055727348411
GO_CC	combined	Dendrite Membrane (GO:0032590)	26	674	33010	4	GABRA1,GRIA1,KCNC2,SHISA6	0.001801344345611175	0.18684055727348411
GO_CC	combined	Polymeric Cytoskeletal Fiber (GO:0099513)	249	674	33010	13	CCT5,CCT6A,COTL1,DCDC2C,DST,EZR,FSD1,HCK,KIF28P,MACF1,NEFM,RADIL,TUBB2B	0.001970891954361647	0.18684055727348411
GO_CC	combined	Voltage-Gated Calcium Channel Complex (GO:0005891)	48	674	33010	5	CACNA2D2,CACNG7,CACNG8,CATSPERG,SCN1A	0.0029006106560602292	0.21045483786479247
GO_CC	combined	Ionotropic Glutamate Receptor Complex (GO:0008328)	32	674	33010	4	CACNG7,CACNG8,GRIA1,SHISA6	0.00393406523302329	0.21045483786479247
GO_CC	combined	Postsynaptic Density Membrane (GO:0098839)	32	674	33010	4	CACNG7,CACNG8,GRIA1,GRM1	0.00393406523302329	0.21045483786479247
GO_CC	combined	Nuclear Stress Granule (GO:0097165)	5	674	33010	2	HSF1,RBFOX1	0.003995977934141629	0.21045483786479247
GO_CC	combined	Postsynaptic Specialization Membrane (GO:0099634)	36	674	33010	4	CACNG7,CACNG8,GRIA1,GRM1	0.0060439790841351525	0.24362535429452645
GO_CC	combined	Microvillus (GO:0005902)	57	674	33010	5	ATP6V1B1,CD44,EZR,SLC38A4,WWOX	0.006107116608661673	0.24362535429452645
GO_CC	combined	Dendrite (GO:0030425)	253	674	33010	12	ELFN1,EPHA10,GABRA1,GRIA1,HTR1A,HTR1B,KCNC2,KLHL1,PENK,RAB27A,SKOR1,SLC4A10	0.006167730488469024	0.24362535429452645
GO_CC	combined	Dendritic Spine Membrane (GO:0032591)	7	674	33010	2	GRIA1,SHISA6	0.008166651091865373	0.2977686628880144
GO_CC	combined	Microtubule (GO:0005874)	175	674	33010	9	CCT5,CCT6A,DCDC2C,FSD1,KIF28P,MACF1,PARP4,RADIL,TUBB2B	0.010133663013945544	0.3430968763292991
GO_CC	combined	Glutamatergic Synapse (GO:0098978)	67	674	33010	5	DLGAP1,DLGAP2,NPTX2,SHISA6,SLITRK1	0.011939447443698596	0.356840508925728
GO_CC	combined	Nucleus (GO:0005634)	4109	674	33010	104	ALX1,ASIC2,BTBD3,CDK15,CDKN2A,CDX2,CELF4,CFTR,CIDEA,COPS5,CREM,CRYGD,CUX1,DST,DZIP1,EVX1,EVX2,FERD3L,FEZF2,FMN2,FOXA1,FOXA2,FOXE3,GATA3,GATAD2B,GFI1,GON4L,GRHL2,HENMT1,HOXB7,HOXC4,HOXD10,HSF1,JARID2,LHX1,LHX8,LHX9,LINC-PINT,MAML3,MDC1,MEIG1,MYT1L,NEUROD1,NFE2L3,NKAPL,NKX2-1,NKX2-6,NSMCE2,ONECUT2,OTX1,OTX2,PARP1,PARP4,PAX6,PDE4C,PDX1,PHACTR1,POU4F2,PRDM13,PRDM16,PRMT2,RARG,RB1,RBFOX1,RBFOX3,RERE,RPS2,SIX3,SIX6,SKI,SKOR1,SMC4,SOX1,SPAG6,SPHK2,SPRY2,SRSF7,ST18,SUB1,TAL1,TBL1XR1,TBX20,TBXT,TCERG1L,TCF20,TFAP2B,TFAP2D,THRA,TLX1,TMPO,TRH,TRIM15,TUBB2B,VSTM2A,WT1,WWOX,ZBTB16,ZCCHC8,ZCWPW1,ZIC1,ZIC4,ZNF217,ZNF536,ZNF709	0.012045249246438076	0.356840508925728
GO_CC	combined	Microtubule Cytoskeleton (GO:0015630)	326	674	33010	13	CCT5,CCT6A,CSPP1,DCDC2C,DST,FSD1,KIF28P,MACF1,NAV1,RADIL,SPAG6,SPRY2,TUBB2B	0.01738910844283685	0.4848492589355686
GO_CC	combined	Exocytic Vesicle Membrane (GO:0099501)	50	674	33010	4	PTPRN2,RPH3A,SYNGR2,SYT1	0.018908831202780276	0.49793255500654726
GO_CC	combined	Synaptic Vesicle Membrane (GO:0030672)	51	674	33010	4	PTPRN2,RPH3A,SYNGR2,SYT1	0.020195937786045715	0.5038355005571404
GO_CC	combined	Synaptic Membrane (GO:0097060)	30	674	33010	3	GRIA1,SHISA6,TMEM240	0.02285409485829476	0.5416420481415858
GO_CC	combined	Filopodium (GO:0030175)	55	674	33010	4	CXADR,DNALI1,EZR,MYO3A	0.02587537027566045	0.5840440719363359
GO_CC	combined	Platelet Dense Granule Lumen (GO:0031089)	13	674	33010	2	RARRES2,SELENOP	0.027975072799296917	0.5984625680007787
GO_CC	combined	Calcium Channel Complex (GO:0034704)	57	674	33010	4	CACNA2D2,CACNG7,CACNG8,SCN1A	0.029039322919869007	0.5984625680007787
GO_CC	combined	GABA-ergic Synapse (GO:0098982)	14	674	33010	2	CBLN4,SLITRK1	0.03220299898892391	0.6360092300312473
GO_CC	combined	Intracellular Membrane-Bounded Organelle (GO:0043231)	4741	674	33010	114	ALX1,ASIC2,BCL9,BTBD3,CDK15,CDKN2A,CDX2,CELF4,CFTR,CIDEA,COPS5,CREM,CRYGD,CUX1,CYP27C1,DST,DZIP1,EVX1,EVX2,FERD3L,FEZF2,FMN2,FOXA1,FOXA2,FOXE3,GATA3,GATAD2B,GFI1,GON4L,GRHL2,HCK,HENMT1,HLA-DPA1,HOXA2,HOXB7,HOXC4,HOXD10,HSF1,JARID2,L1TD1,LHX1,LHX8,LHX9,LINC-PINT,MAML3,MDC1,MEIG1,MYT1L,NEUROD1,NFE2L3,NKAPL,NKX2-1,NKX2-6,NSMCE2,ONECUT2,OSBPL5,OTX1,OTX2,PARP1,PARP4,PAX6,PDE4C,PDX1,PHACTR1,PMEPA1,POU4F2,PRDM13,PRDM16,PRMT2,RARG,RB1,RBFOX1,RBFOX3,RERE,RFX1,RPS2,SIX3,SIX6,SKI,SKOR1,SMC4,SOX1,SPAG6,SPHK2,SPRY2,SRSF7,ST18,SUB1,TAL1,TBL1XR1,TBX20,TBXT,TCERG1L,TCF20,TFAP2B,TFAP2D,THRA,TLX1,TMPO,TRH,TRIM15,TUBB2B,VSTM2A,WT1,WWOX,ZBTB16,ZCCHC8,ZCWPW1,ZIC1,ZIC4,ZNF217,ZNF536,ZNF709,ZNRF2	0.03401610539603907	0.6449453583089008
GO_CC	combined	Cortical Cytoskeleton (GO:0030863)	61	674	33010	4	AKAP13,COTL1,EZR,RIMS3	0.036027125372163335	0.6568022087079008
GO_CC	combined	Cytoplasmic Vesicle Membrane (GO:0030659)	367	674	33010	13	ANTXR2,CACNG8,CD44,CD58,CFTR,FMN2,GRIA1,HLA-DPA1,NTRK1,PMEPA1,PTPRN2,SYCN,ZNRF2	0.03984745706026147	0.675778696599428
GO_CC	combined	Asymmetric, Glutamatergic, Excitatory Synapse (GO:0098985)	2	674	33010	1	SHISA6	0.040419819224575264	0.675778696599428
GO_CC	combined	Dense Core Granule (GO:0031045)	16	674	33010	2	NPY,SYT1	0.04134511012950087	0.675778696599428
GO_CC	combined	Connexin Complex (GO:0005922)	17	674	33010	2	GJA3,GJB2	0.0462372021299611	0.7305477936533855
GO_CC	combined	Basolateral Plasma Membrane (GO:0016323)	163	674	33010	7	AJAP1,ATP6V1B1,CD44,CXADR,EZR,KCNC2,SLC4A10	0.05054645645689671	0.7728716245344852
GO_CC	combined	Excitatory Synapse (GO:0060076)	19	674	33010	2	ELFN1,SHISA6	0.05661086938679428	0.8131379421012268
GO_CC	combined	Platelet Dense Granule (GO:0042827)	19	674	33010	2	RARRES2,SELENOP	0.05661086938679428	0.8131379421012268
GO_CC	combined	Gap Junction (GO:0005921)	20	674	33010	2	GJA3,GJB2	0.06207242499059811	0.8653626307512795
GO_CC	combined	Clathrin-Coated Endocytic Vesicle (GO:0045334)	76	674	33010	4	CFTR,HLA-DPA1,SFTA3,SYT1	0.07010765968612354	0.949458019749216
GO_CC	combined	Postsynaptic Density (GO:0014069)	144	674	33010	6	CACNG7,CACNG8,GRIA1,GRM1,SHISA6,SRGAP3	0.07551495555822459	0.9880181055809111
GO_CC	combined	Potassium Channel Complex (GO:0034705)	79	674	33010	4	ABCC9,DPP6,KCNC2,KCNQ4	0.07838231463328897	0.9880181055809111
GO_CC	combined	Intracellular Cyclic Nucleotide Activated Cation Channel Complex (GO:0017071)	4	674	33010	1	CNGA3	0.07920820255711945	0.9880181055809111
GO_CC	combined	ER To Golgi Transport Vesicle Membrane (GO:0012507)	52	674	33010	3	GRIA1,HLA-DPA1,SAR1A	0.08995046418534247	1.0
GO_CC	combined	Hrd1p Ubiquitin Ligase ERAD-L Complex (GO:0000839)	5	674	33010	1	SEL1L	0.0980112587128639	1.0
GO_CC	combined	Apicolateral Plasma Membrane (GO:0016327)	5	674	33010	1	CXADR	0.0980112587128639	1.0
GO_CC	combined	Neuronal Dense Core Vesicle (GO:0098992)	5	674	33010	1	NPY	0.0980112587128639	1.0
GO_CC	combined	Condensed Nuclear Chromosome (GO:0000794)	26	674	33010	2	IHO1,SMC4	0.09810711555729469	1.0
GO_CC	combined	Sperm Flagellum (GO:0036126)	55	674	33010	3	CCDC181,DCDC2C,DNALI1	0.10223053406054661	1.0
GO_CC	combined	Acrosomal Vesicle (GO:0001669)	56	674	33010	3	CXADR,PPFIA3,SPAG6	0.10646452399129486	1.0
GO_CC	combined	Transport Vesicle Membrane (GO:0030658)	56	674	33010	3	GRIA1,HLA-DPA1,SYT1	0.10646452399129486	1.0
GO_CC	combined	Catenin Complex (GO:0016342)	28	674	33010	2	CDH9,PCDHGB4	0.11116091056613008	1.0
GO_CC	combined	Condensed Chromosome (GO:0000793)	58	674	33010	3	IHO1,NSMCE2,SMC4	0.11513296714697899	1.0
GO_CC	combined	Membrane Raft (GO:0045121)	162	674	33010	6	CXADR,EZR,GHSR,S100A10,SLC6A3,TNFRSF10A	0.11542935285707923	1.0
GO_CC	combined	G Protein-Coupled Receptor Dimeric Complex (GO:0038037)	6	674	33010	1	GRM1	0.11643090457341625	1.0
GO_CC	combined	Chloride Channel Complex (GO:0034707)	6	674	33010	1	OSTM1	0.11643090457341625	1.0
GO_CC	combined	Flotillin Complex (GO:0016600)	6	674	33010	1	SLC6A3	0.11643090457341625	1.0
GO_CC	combined	Hemidesmosome (GO:0030056)	6	674	33010	1	DST	0.11643090457341625	1.0
GO_CC	combined	Clathrin-Coated Endocytic Vesicle Membrane (GO:0030669)	60	674	33010	3	CFTR,HLA-DPA1,SYT1	0.12405685676455465	1.0
GO_CC	combined	Hrd1p Ubiquitin Ligase Complex (GO:0000836)	7	674	33010	1	SEL1L	0.1344749468203414	1.0
GO_CC	combined	Clathrin-Sculpted Gamma-Aminobutyric Acid Transport Vesicle (GO:0061200)	7	674	33010	1	SYT1	0.1344749468203414	1.0
GO_CC	combined	Clathrin-Sculpted Gamma-Aminobutyric Acid Transport Vesicle Membrane (GO:0061202)	7	674	33010	1	SYT1	0.1344749468203414	1.0
GO_CC	combined	Cytoskeleton Of Presynaptic Active Zone (GO:0048788)	7	674	33010	1	RIMS3	0.1344749468203414	1.0
GO_CC	combined	9+2 Motile Cilium (GO:0097729)	64	674	33010	3	CCDC181,DCDC2C,DNALI1	0.14261355581968693	1.0
GO_CC	combined	Actin Filament (GO:0005884)	64	674	33010	3	COTL1,EZR,HCK	0.14261355581968693	1.0
GO_CC	combined	Smc5-Smc6 Complex (GO:0030915)	8	674	33010	1	NSMCE2	0.15215103341377506	1.0
GO_CC	combined	Perineuronal Net (GO:0072534)	8	674	33010	1	TNR	0.15215103341377506	1.0
GO_CC	combined	Intermediate Filament (GO:0005882)	68	674	33010	3	DST,MACF1,NEFM	0.1620193130723164	1.0
GO_CC	combined	Adherens Junction (GO:0005912)	142	674	33010	5	AJAP1,CDH9,CXADR,EZR,PCDHGB4	0.16587155396933614	1.0
GO_CC	combined	Perisynaptic Extracellular Matrix (GO:0098966)	9	674	33010	1	TNR	0.1694666568147542	1.0
GO_CC	combined	Voltage-Gated Potassium Channel Complex (GO:0008076)	71	674	33010	3	DPP6,KCNC2,KCNQ4	0.17706171281858174	1.0
GO_CC	combined	Endocytic Vesicle Membrane (GO:0030666)	148	674	33010	5	CACNG8,CFTR,GRIA1,HLA-DPA1,SYT1	0.18632107092088482	1.0
GO_CC	combined	Proton-Transporting V-type ATPase, V1 Domain (GO:0033180)	10	674	33010	1	ATP6V1B1	0.18642915714222474	1.0
GO_CC	combined	Vacuolar Proton-Transporting V-type ATPase, V1 Domain (GO:0000221)	10	674	33010	1	ATP6V1B1	0.18642915714222474	1.0
GO_CC	combined	Actin Cytoskeleton (GO:0015629)	313	674	33010	9	AKAP13,CAPZB,COTL1,EZR,FMN2,HCK,MACF1,ONECUT2,SPRY2	0.1927886239367397	1.0
GO_CC	combined	Cortical Actin Cytoskeleton (GO:0030864)	42	674	33010	2	AKAP13,COTL1	0.2114396414299922	1.0
GO_CC	combined	Axon (GO:0030424)	197	674	33010	6	INSRR,KCNC2,NEFM,NTRK1,SLC6A3,SYT1	0.2163018419004691	1.0
GO_CC	combined	Cell-Cell Junction (GO:0005911)	281	674	33010	8	AJAP1,CDH9,CLDN4,CXADR,EZR,GJB2,GRHL2,PCDHGB4	0.21829487815255885	1.0
GO_CC	combined	Intermediate Filament Cytoskeleton (GO:0045111)	79	674	33010	3	DST,MACF1,NEFM	0.2188341514888397	1.0
GO_CC	combined	MHC Class II Protein Complex (GO:0042613)	12	674	33010	1	HLA-DPA1	0.21932340583729723	1.0
GO_CC	combined	SUMO Ligase Complex (GO:0106068)	12	674	33010	1	NSMCE2	0.21932340583729723	1.0
GO_CC	combined	Cell-Cell Contact Zone (GO:0044291)	45	674	33010	2	AJAP1,CXADR	0.23405957751702697	1.0
GO_CC	combined	Clathrin-Coated Vesicle Membrane (GO:0030665)	82	674	33010	3	CFTR,HLA-DPA1,SYT1	0.23499076450628215	1.0
GO_CC	combined	CatSper Complex (GO:0036128)	13	674	33010	1	CATSPERG	0.23526910025713071	1.0
GO_CC	combined	Chitosome (GO:0045009)	13	674	33010	1	RAB27A	0.23526910025713071	1.0
GO_CC	combined	Exocytic Vesicle (GO:0070382)	13	674	33010	1	RAB27A	0.23526910025713071	1.0
GO_CC	combined	Lamellar Body (GO:0042599)	13	674	33010	1	SFTA3	0.23526910025713071	1.0
GO_CC	combined	Melanosome Membrane (GO:0033162)	13	674	33010	1	RAB27A	0.23526910025713071	1.0
GO_CC	combined	Microvillus Membrane (GO:0031528)	13	674	33010	1	SLC38A4	0.23526910025713071	1.0
GO_CC	combined	Pigment Granule Membrane (GO:0090741)	13	674	33010	1	RAB27A	0.23526910025713071	1.0
GO_CC	combined	Secretory Vesicle (GO:0099503)	13	674	33010	1	RAB27A	0.23526910025713071	1.0
GO_CC	combined	Spindle (GO:0005819)	203	674	33010	6	CSPP1,PARP4,TAF1D,TBL1XR1,TUBB2B,WRAP73	0.23602260743698578	1.0
GO_CC	combined	Multivesicular Body (GO:0005771)	46	674	33010	2	CST7,RAB27A	0.2416331790255194	1.0
GO_CC	combined	Germ Plasm (GO:0060293)	14	674	33010	1	HENMT1	0.2508895695854541	1.0
GO_CC	combined	Asymmetric Synapse (GO:0032279)	125	674	33010	4	CACNG8,GRIA1,SHISA6,SRGAP3	0.25244592964886264	1.0
GO_CC	combined	COPII Vesicle Coat (GO:0030127)	15	674	33010	1	SAR1A	0.2661914373906248	1.0
GO_CC	combined	Cation-Transporting ATPase Complex (GO:0090533)	15	674	33010	1	ABCC9	0.2661914373906248	1.0
GO_CC	combined	Mitochondrial Respiratory Chain Complex IV (GO:0005751)	15	674	33010	1	COX4I2	0.2661914373906248	1.0
GO_CC	combined	Coated Vesicle Membrane (GO:0030662)	51	674	33010	2	GRIA1,HLA-DPA1	0.2795888450561169	1.0
GO_CC	combined	Collagen-Containing Extracellular Matrix (GO:0062023)	351	674	33010	9	CBLN4,CLEC14A,COL11A1,DST,MMP9,MXRA7,RARRES2,S100A10,TNR	0.2911203611921166	1.0
GO_CC	combined	Ficolin-1-Rich Granule (GO:0101002)	177	674	33010	5	ALOX5,CD58,COTL1,MMP9,PTPRN2	0.2952540906613972	1.0
GO_CC	combined	Protein Kinase Complex (GO:1902911)	17	674	33010	1	INSRR	0.29586519194207894	1.0
GO_CC	combined	Respiratory Chain Complex IV (GO:0045277)	17	674	33010	1	COX4I2	0.29586519194207894	1.0
GO_CC	combined	Mitotic Spindle (GO:0072686)	137	674	33010	4	TAF1D,TBL1XR1,TUBB2B,WRAP73	0.30687537386053154	1.0
GO_CC	combined	MHC Protein Complex (GO:0042611)	18	674	33010	1	HLA-DPA1	0.31024966321268294	1.0
GO_CC	combined	Endocytic Vesicle (GO:0030139)	181	674	33010	5	CACNG8,GRIA1,HLA-DPA1,SFTA3,SRGAP3	0.31115338080413135	1.0
GO_CC	combined	Multivesicular Body Membrane (GO:0032585)	19	674	33010	1	RAB27A	0.3243407073141216	1.0
GO_CC	combined	Ficolin-1-Rich Granule Membrane (GO:0101003)	57	674	33010	2	CD58,PTPRN2	0.324913500163587	1.0
GO_CC	combined	Proton-Transporting V-type ATPase Complex (GO:0033176)	20	674	33010	1	ATP6V1B1	0.3381443011206227	1.0
GO_CC	combined	P Granule (GO:0043186)	21	674	33010	1	HENMT1	0.3516662999398012	1.0
GO_CC	combined	Caveola (GO:0005901)	61	674	33010	2	HCK,SLC6A3	0.3547295088439902	1.0
GO_CC	combined	Early Endosome Membrane (GO:0031901)	104	674	33010	3	ATP13A3,GRIA1,PMEPA1	0.35708457853023545	1.0
GO_CC	combined	Pigment Granule (GO:0048770)	22	674	33010	1	RAB27A	0.36491243998165085	1.0
GO_CC	combined	U12-type Spliceosomal Complex (GO:0005689)	24	674	33010	1	RBMXL2	0.39059950754970946	1.0
GO_CC	combined	Lumenal Side Of Endoplasmic Reticulum Membrane (GO:0098553)	24	674	33010	1	HLA-DPA1	0.39059950754970946	1.0
GO_CC	combined	Vacuolar Proton-Transporting V-type ATPase Complex (GO:0016471)	24	674	33010	1	ATP6V1B1	0.39059950754970946	1.0
GO_CC	combined	Recycling Endosome Membrane (GO:0055038)	66	674	33010	2	ATP13A3,GRIA1	0.3913099719599604	1.0
GO_CC	combined	Vesicle Membrane (GO:0012506)	66	674	33010	2	FMN2,ZNRF2	0.3913099719599604	1.0
GO_CC	combined	Motile Cilium (GO:0031514)	68	674	33010	2	CATSPERG,DNALI1	0.40568318395267666	1.0
GO_CC	combined	Lytic Vacuole (GO:0000323)	209	674	33010	5	CD1D,CST7,HCK,MFSD1,RAB27A	0.4239324086077925	1.0
GO_CC	combined	Cytoplasmic Stress Granule (GO:0010494)	71	674	33010	2	RBFOX1,ZFAND1	0.42692934223097945	1.0
GO_CC	combined	COPII-coated ER To Golgi Transport Vesicle (GO:0030134)	72	674	33010	2	GRIA1,HLA-DPA1	0.43392277060138695	1.0
GO_CC	combined	Lipid Droplet (GO:0005811)	72	674	33010	2	CIDEA,PNPLA1	0.43392277060138695	1.0
GO_CC	combined	Cytoplasmic Side Of Plasma Membrane (GO:0009898)	118	674	33010	3	AJAP1,EZR,HCK	0.43400943375316087	1.0
GO_CC	combined	Melanosome (GO:0042470)	28	674	33010	1	RAB27A	0.43890306675291785	1.0
GO_CC	combined	Ficolin-1-Rich Granule Lumen (GO:1904813)	119	674	33010	3	ALOX5,COTL1,MMP9	0.4393880153336807	1.0
GO_CC	combined	Bicellular Tight Junction (GO:0005923)	74	674	33010	2	CLDN4,CXADR	0.44777002594009574	1.0
GO_CC	combined	SWI/SNF Complex (GO:0016514)	29	674	33010	1	RB1	0.4503693008505627	1.0
GO_CC	combined	Intercalated Disc (GO:0014704)	30	674	33010	1	CXADR	0.46160155855126106	1.0
GO_CC	combined	Late Endosome Membrane (GO:0031902)	78	674	33010	2	ATP13A3,RAB27A	0.47487937396623975	1.0
GO_CC	combined	Aggresome (GO:0016235)	33	674	33010	1	PRDM16	0.4939416652345478	1.0
GO_CC	combined	Plasma Membrane Raft (GO:0044853)	81	674	33010	2	EZR,HCK	0.49467373798893144	1.0
GO_CC	combined	Cytoskeleton (GO:0005856)	569	674	33010	12	AKAP13,CAPZB,DST,EZR,FMN2,MACF1,NAV1,NEFM,ONECUT2,SPAG6,SPRY2,TUBB2B	0.4954447730024284	1.0
GO_CC	combined	Lysosome (GO:0005764)	472	674	33010	10	CD1D,CFTR,CST7,GPR137B,HCK,HLA-DPA1,MFSD1,OSTM1,RAB27A,SPHK2	0.4973826438360451	1.0
GO_CC	combined	Monoatomic Ion Channel Complex (GO:0034702)	34	674	33010	1	OSTM1	0.504284732148819	1.0
GO_CC	combined	Tight Junction (GO:0070160)	84	674	33010	2	CLDN4,CXADR	0.5139875224111043	1.0
GO_CC	combined	Supramolecular Fiber (GO:0099512)	35	674	33010	1	CTPS1	0.5144167096637294	1.0
GO_CC	combined	Cytosolic Small Ribosomal Subunit (GO:0022627)	36	674	33010	1	RPS2	0.5243418995859933	1.0
GO_CC	combined	Small Ribosomal Subunit (GO:0015935)	37	674	33010	1	RPS2	0.5340645161832834	1.0
GO_CC	combined	Vesicle Coat (GO:0030120)	37	674	33010	1	SAR1A	0.5340645161832834	1.0
GO_CC	combined	Late Endosome (GO:0005770)	188	674	33010	4	ATP13A3,CST7,NTRK1,RAB27A	0.5366141727318801	1.0
GO_CC	combined	Euchromatin (GO:0000791)	38	674	33010	1	TCF23	0.5435886879629959	1.0
GO_CC	combined	Neuromuscular Junction (GO:0031594)	38	674	33010	1	SYNGR2	0.5435886879629959	1.0
GO_CC	combined	Nuclear Chromosome (GO:0000228)	92	674	33010	2	IHO1,SMC4	0.5630479888705338	1.0
GO_CC	combined	trans-Golgi Network Membrane (GO:0032588)	94	674	33010	2	CALN1,HLA-DPA1	0.5747449153618553	1.0
GO_CC	combined	Golgi-associated Vesicle (GO:0005798)	42	674	33010	1	CFTR	0.5797805920495943	1.0
GO_CC	combined	Recycling Endosome (GO:0055037)	147	674	33010	3	ATP13A3,CFTR,GRIA1	0.5799455063771508	1.0
GO_CC	combined	Apical Junction Complex (GO:0043296)	96	674	33010	2	CLDN4,CXADR	0.5862118164884373	1.0
GO_CC	combined	Basement Membrane (GO:0005604)	43	674	33010	1	DST	0.5883715857695221	1.0
GO_CC	combined	cis-Golgi Network (GO:0005801)	44	674	33010	1	BCL9	0.5967871999046075	1.0
GO_CC	combined	Tertiary Granule (GO:0070820)	154	674	33010	3	CD58,MMP9,PTPRN2	0.6114488780087876	1.0
GO_CC	combined	Heterochromatin (GO:0000792)	46	674	33010	1	CDKN2A	0.6131065168482978	1.0
GO_CC	combined	Endoplasmic reticulum-Golgi Intermediate Compartment Membrane (GO:0033116)	47	674	33010	1	GRIA1	0.6210171529253592	1.0
GO_CC	combined	Secretory Granule Membrane (GO:0030667)	266	674	33010	5	CD44,CD58,DEGS1,PTPRN2,SYCN	0.6349219514121749	1.0
GO_CC	combined	Microbody Lumen (GO:0031907)	49	674	33010	1	PEX7	0.6363571874449729	1.0
GO_CC	combined	Peroxisomal Matrix (GO:0005782)	49	674	33010	1	PEX7	0.6363571874449729	1.0
GO_CC	combined	Lytic Vacuole Membrane (GO:0098852)	269	674	33010	5	CFTR,GPR137B,HLA-DPA1,OSTM1,SPHK2	0.6446603956072341	1.0
GO_CC	combined	Cation Channel Complex (GO:0034703)	51	674	33010	1	CNGA3	0.6510771894911764	1.0
GO_CC	combined	Tertiary Granule Lumen (GO:1904724)	51	674	33010	1	MMP9	0.6510771894911764	1.0
GO_CC	combined	Focal Adhesion (GO:0005925)	377	674	33010	7	CD44,DST,EZR,HCK,LPP,MDC1,RPS2	0.6518916129431747	1.0
GO_CC	combined	Cytoplasmic Vesicle Lumen (GO:0060205)	111	674	33010	2	ALOX5,COTL1	0.6648899727488781	1.0
GO_CC	combined	Microbody Membrane (GO:0031903)	53	674	33010	1	PEX7	0.6652021845714569	1.0
GO_CC	combined	Peroxisomal Membrane (GO:0005778)	53	674	33010	1	PEX7	0.6652021845714569	1.0
GO_CC	combined	Cell-Substrate Junction (GO:0030055)	383	674	33010	7	CD44,DST,EZR,HCK,LPP,MDC1,RPS2	0.6679141411593972	1.0
GO_CC	combined	Endosome Membrane (GO:0010008)	330	674	33010	6	ANTXR2,ATP13A3,CFTR,GRIA1,NTRK1,PMEPA1	0.6682368180039753	1.0
GO_CC	combined	Specific Granule Lumen (GO:0035580)	58	674	33010	1	RAB27A	0.6980667549220152	1.0
GO_CC	combined	Vacuolar Membrane (GO:0005774)	58	674	33010	1	ATP6V1B1	0.6980667549220152	1.0
GO_CC	combined	Early Endosome (GO:0005769)	287	674	33010	5	ATP13A3,CFTR,GRIA1,NTRK1,PMEPA1	0.6995868762612623	1.0
GO_CC	combined	SCF Ubiquitin Ligase Complex (GO:0019005)	59	674	33010	1	DAW1	0.7042424956109737	1.0
GO_CC	combined	Secretory Granule Lumen (GO:0034774)	294	674	33010	5	ALOX5,COTL1,RAB27A,RARRES2,SELENOP	0.719289142608412	1.0
GO_CC	combined	Cilium (GO:0005929)	241	674	33010	4	CATSPERG,DNALI1,PDE4C,TULP1	0.7275559673676606	1.0
GO_CC	combined	Organelle Envelope Lumen (GO:0031970)	64	674	33010	1	ALOX5	0.7332798443079901	1.0
GO_CC	combined	Spindle Microtubule (GO:0005876)	64	674	33010	1	PARP4	0.7332798443079901	1.0
GO_CC	combined	Mitochondrial Envelope (GO:0005740)	135	674	33010	2	CIDEA,KIF28P	0.7651899752794522	1.0
GO_CC	combined	Extrinsic Component Of Cytoplasmic Side Of Plasma Membrane (GO:0031234)	75	674	33010	1	HCK	0.7875309160570594	1.0
GO_CC	combined	Clathrin-Coated Vesicle (GO:0030136)	76	674	33010	1	SFTA3	0.7918790005440047	1.0
GO_CC	combined	Endoplasmic Reticulum Lumen (GO:0005788)	268	674	33010	4	COL11A1,ERAP1,PENK,SPARCL1	0.7991817894576361	1.0
GO_CC	combined	Bounding Membrane Of Organelle (GO:0098588)	776	674	33010	13	ANTXR2,CACNG8,CD44,CD58,CFTR,CSGALNACT1,GRIA1,HLA-DPA1,NTRK1,PMEPA1,PTPRN2,ST8SIA3,SYCN	0.8022436472181536	1.0
GO_CC	combined	Lysosomal Membrane (GO:0005765)	334	674	33010	5	CFTR,GPR137B,HLA-DPA1,OSTM1,SPHK2	0.8141678679037938	1.0
GO_CC	combined	Specific Granule (GO:0042581)	152	674	33010	2	DEGS1,RAB27A	0.8194745145708884	1.0
GO_CC	combined	Specific Granule Membrane (GO:0035579)	86	674	33010	1	DEGS1	0.8307602709316776	1.0
GO_CC	combined	trans-Golgi Network (GO:0005802)	226	674	33010	3	CALN1,HLA-DPA1,RBFOX1	0.8426673937785906	1.0
GO_CC	combined	Phagocytic Vesicle (GO:0045335)	92	674	33010	1	SRGAP3	0.8505138552738946	1.0
GO_CC	combined	cullin-RING Ubiquitin Ligase Complex (GO:0031461)	164	674	33010	2	ANAPC1,DAW1	0.8507312918681865	1.0
GO_CC	combined	Nucleolus (GO:0005730)	716	674	33010	11	ADARB2,ASIC2,CPT2,FMN2,LIN28B,NKX2-1,PARP1,RPS2,SUB1,TAF1D,ZCCHC8	0.8671984258370978	1.0
GO_CC	combined	Intracellular Non-Membrane-Bounded Organelle (GO:0043232)	1113	674	33010	18	ADARB2,ASIC2,CAPZB,CIDEA,CPT2,CSPP1,FMN2,LIN28B,MACF1,MDC1,NKX2-1,PARP1,PNPLA1,RPS2,SPRY2,SUB1,TAF1D,ZCCHC8	0.8724548520692998	1.0
GO_CC	combined	Cell Projection Membrane (GO:0031253)	100	674	33010	1	SLC38A4	0.8733173932841058	1.0
GO_CC	combined	Nuclear Lumen (GO:0031981)	724	674	33010	11	ADARB2,ASIC2,CPT2,FMN2,LIN28B,NKX2-1,PARP1,RPS2,SUB1,TAF1D,ZCCHC8	0.8758868781141887	1.0
GO_CC	combined	Peroxisome (GO:0005777)	128	674	33010	1	PEX7	0.929044828981861	1.0
GO_CC	combined	Nuclear Membrane (GO:0031965)	214	674	33010	2	ALOX5,GRK5	0.9345319506170516	1.0
GO_CC	combined	Endoplasmic Reticulum Membrane (GO:0005789)	752	674	33010	10	CFTR,CYP26A1,DEGS1,FMN2,GRIA1,HLA-DPA1,LMF1,PIGB,SEL1L,SFTA3	0.944666648044905	1.0
GO_CC	combined	Mitochondrial Outer Membrane (GO:0005741)	142	674	33010	1	PIGBOS1	0.9469071121551649	1.0
GO_CC	combined	Chromosome (GO:0005694)	153	674	33010	1	MDC1	0.9577293032844553	1.0
GO_CC	combined	Organelle Outer Membrane (GO:0031968)	158	674	33010	1	PIGBOS1	0.9618908093892956	1.0
GO_CC	combined	Golgi Membrane (GO:0000139)	408	674	33010	4	CSGALNACT1,HLA-DPA1,PMEPA1,ST8SIA3	0.9681684229549312	1.0
GO_CC	combined	Intracellular Organelle Lumen (GO:0070013)	808	674	33010	9	ALOX5,COL11A1,COQ3,COTL1,ERAP1,MMP9,PENK,PPTC7,SPARCL1	0.9850181581105413	1.0
GO_CC	combined	Vesicle (GO:0031982)	225	674	33010	1	EZR	0.9905107631593135	1.0
GO_CC	combined	Mitochondrial Membrane (GO:0031966)	507	674	33010	4	COQ3,CPT2,KIF28P,PIGBOS1	0.9927777869608465	1.0
GO_CC	combined	Mitochondrial Matrix (GO:0005759)	340	674	33010	2	COQ3,PPTC7	0.9929247676609427	1.0
GO_CC	combined	Mitochondrial Inner Membrane (GO:0005743)	349	674	33010	2	COQ3,CPT2	0.9939975394138594	1.0
GO_CC	combined	Organelle Inner Membrane (GO:0019866)	373	674	33010	2	COQ3,CPT2	0.996138791702355	1.0
GO_CC	combined	9+0 Non-Motile Cilium (GO:0097731)	6	674	33010	0		1.0	1.0
GO_CC	combined	90S Preribosome (GO:0030686)	12	674	33010	0		1.0	1.0
GO_CC	combined	AP-1 Adaptor Complex (GO:0030121)	10	674	33010	0		1.0	1.0
GO_CC	combined	AP-2 Adaptor Complex (GO:0030122)	8	674	33010	0		1.0	1.0
GO_CC	combined	AP-3 Adaptor Complex (GO:0030123)	6	674	33010	0		1.0	1.0
GO_CC	combined	ATAC Complex (GO:0140672)	13	674	33010	0		1.0	1.0
GO_CC	combined	ATP-binding Cassette (ABC) Transporter Complex (GO:0043190)	5	674	33010	0		1.0	1.0
GO_CC	combined	ATPase Dependent Transmembrane Transport Complex (GO:0098533)	6	674	33010	0		1.0	1.0
GO_CC	combined	B-WICH Complex (GO:0110016)	6	674	33010	0		1.0	1.0
GO_CC	combined	BLOC-1 Complex (GO:0031083)	8	674	33010	0		1.0	1.0
GO_CC	combined	CD40 Receptor Complex (GO:0035631)	10	674	33010	0		1.0	1.0
GO_CC	combined	CMG Complex (GO:0071162)	10	674	33010	0		1.0	1.0
GO_CC	combined	COPI Vesicle Coat (GO:0030126)	12	674	33010	0		1.0	1.0
GO_CC	combined	COPI-coated Vesicle (GO:0030137)	6	674	33010	0		1.0	1.0
GO_CC	combined	COPI-coated Vesicle Membrane (GO:0030663)	16	674	33010	0		1.0	1.0
GO_CC	combined	Cdc73/Paf1 Complex (GO:0016593)	4	674	33010	0		1.0	1.0
GO_CC	combined	Cul2-RING Ubiquitin Ligase Complex (GO:0031462)	21	674	33010	0		1.0	1.0
GO_CC	combined	Cul3-RING Ubiquitin Ligase Complex (GO:0031463)	34	674	33010	0		1.0	1.0
GO_CC	combined	Cul4-RING E3 Ubiquitin Ligase Complex (GO:0080008)	30	674	33010	0		1.0	1.0
GO_CC	combined	Cul4A-RING E3 Ubiquitin Ligase Complex (GO:0031464)	11	674	33010	0		1.0	1.0
GO_CC	combined	Cul5-RING Ubiquitin Ligase Complex (GO:0031466)	8	674	33010	0		1.0	1.0
GO_CC	combined	ESC/E(Z) Complex (GO:0035098)	6	674	33010	0		1.0	1.0
GO_CC	combined	GABA-A Receptor Complex (GO:1902711)	15	674	33010	0		1.0	1.0
GO_CC	combined	GBAF Complex (GO:0140288)	13	674	33010	0		1.0	1.0
GO_CC	combined	Golgi Cis Cisterna (GO:0000137)	10	674	33010	0		1.0	1.0
GO_CC	combined	Golgi Cisterna (GO:0031985)	31	674	33010	0		1.0	1.0
GO_CC	combined	Golgi Cisterna Membrane (GO:0032580)	9	674	33010	0		1.0	1.0
GO_CC	combined	Golgi Lumen (GO:0005796)	87	674	33010	0		1.0	1.0
GO_CC	combined	Golgi Medial Cisterna (GO:0005797)	9	674	33010	0		1.0	1.0
GO_CC	combined	Golgi Stack (GO:0005795)	29	674	33010	0		1.0	1.0
GO_CC	combined	Golgi Trans Cisterna (GO:0000138)	7	674	33010	0		1.0	1.0
GO_CC	combined	Golgi-associated Vesicle Membrane (GO:0030660)	21	674	33010	0		1.0	1.0
GO_CC	combined	H3 Histone Acetyltransferase Complex (GO:0070775)	6	674	33010	0		1.0	1.0
GO_CC	combined	H4 Histone Acetyltransferase Complex (GO:1902562)	12	674	33010	0		1.0	1.0
GO_CC	combined	H4/H2A Histone Acetyltransferase Complex (GO:0043189)	24	674	33010	0		1.0	1.0
GO_CC	combined	HFE-transferrin Receptor Complex (GO:1990712)	7	674	33010	0		1.0	1.0
GO_CC	combined	INO80-type Complex (GO:0097346)	25	674	33010	0		1.0	1.0
GO_CC	combined	ISWI-type Complex (GO:0031010)	10	674	33010	0		1.0	1.0
GO_CC	combined	Ino80 Complex (GO:0031011)	14	674	33010	0		1.0	1.0
GO_CC	combined	MHC Class I Protein Complex (GO:0042612)	5	674	33010	0		1.0	1.0
GO_CC	combined	MIB Complex (GO:0140275)	11	674	33010	0		1.0	1.0
GO_CC	combined	MICOS Complex (GO:0061617)	6	674	33010	0		1.0	1.0
GO_CC	combined	MLL1 Complex (GO:0071339)	26	674	33010	0		1.0	1.0
GO_CC	combined	MLL1/2 Complex (GO:0044665)	27	674	33010	0		1.0	1.0
GO_CC	combined	MLL3/4 Complex (GO:0044666)	9	674	33010	0		1.0	1.0
GO_CC	combined	MOZ/MORF Histone Acetyltransferase Complex (GO:0070776)	6	674	33010	0		1.0	1.0
GO_CC	combined	NADPH Oxidase Complex (GO:0043020)	12	674	33010	0		1.0	1.0
GO_CC	combined	NMDA Selective Glutamate Receptor Complex (GO:0017146)	7	674	33010	0		1.0	1.0
GO_CC	combined	NSL Complex (GO:0044545)	9	674	33010	0		1.0	1.0
GO_CC	combined	NURF Complex (GO:0016589)	3	674	33010	0		1.0	1.0
GO_CC	combined	NuA4 Histone Acetyltransferase Complex (GO:0035267)	24	674	33010	0		1.0	1.0
GO_CC	combined	P-body (GO:0000932)	81	674	33010	0		1.0	1.0
GO_CC	combined	PAR Polarity Complex (GO:0120157)	5	674	33010	0		1.0	1.0
GO_CC	combined	PRC1 Complex (GO:0035102)	15	674	33010	0		1.0	1.0
GO_CC	combined	PTW/PP1 Phosphatase Complex (GO:0072357)	6	674	33010	0		1.0	1.0
GO_CC	combined	RISC Complex (GO:0016442)	13	674	33010	0		1.0	1.0
GO_CC	combined	RISC-loading Complex (GO:0070578)	7	674	33010	0		1.0	1.0
GO_CC	combined	RNA N6-methyladenosine Methyltransferase Complex (GO:0036396)	8	674	33010	0		1.0	1.0
GO_CC	combined	RNA Polymerase I Complex (GO:0005736)	12	674	33010	0		1.0	1.0
GO_CC	combined	RNA Polymerase II, Core Complex (GO:0005665)	12	674	33010	0		1.0	1.0
GO_CC	combined	RNA Polymerase III Complex (GO:0005666)	17	674	33010	0		1.0	1.0
GO_CC	combined	RSC-type Complex (GO:0016586)	14	674	33010	0		1.0	1.0
GO_CC	combined	SAGA Complex (GO:0000124)	21	674	33010	0		1.0	1.0
GO_CC	combined	SAGA-type Complex (GO:0070461)	35	674	33010	0		1.0	1.0
GO_CC	combined	SAM Complex (GO:0001401)	11	674	33010	0		1.0	1.0
GO_CC	combined	Set1C/COMPASS Complex (GO:0048188)	11	674	33010	0		1.0	1.0
GO_CC	combined	Sin3 Complex (GO:0016580)	19	674	33010	0		1.0	1.0
GO_CC	combined	Sin3-type Complex (GO:0070822)	19	674	33010	0		1.0	1.0
GO_CC	combined	Swr1 Complex (GO:0000812)	12	674	33010	0		1.0	1.0
GO_CC	combined	T Cell Receptor Complex (GO:0042101)	12	674	33010	0		1.0	1.0
GO_CC	combined	THO Complex Part Of Transcription Export Complex (GO:0000445)	4	674	33010	0		1.0	1.0
GO_CC	combined	TIM22 Mitochondrial Import Inner Membrane Insertion Complex (GO:0042721)	6	674	33010	0		1.0	1.0
GO_CC	combined	TIM23 Mitochondrial Import Inner Membrane Translocase Complex (GO:0005744)	12	674	33010	0		1.0	1.0
GO_CC	combined	TORC2 Complex (GO:0031932)	7	674	33010	0		1.0	1.0
GO_CC	combined	TRAPPII Protein Complex (GO:1990071)	9	674	33010	0		1.0	1.0
GO_CC	combined	TRAPPIII Protein Complex (GO:1990072)	10	674	33010	0		1.0	1.0
GO_CC	combined	U1 snRNP (GO:0005685)	17	674	33010	0		1.0	1.0
GO_CC	combined	U2 snRNP (GO:0005686)	22	674	33010	0		1.0	1.0
GO_CC	combined	U2-type Catalytic Step 1 Spliceosome (GO:0071006)	11	674	33010	0		1.0	1.0
GO_CC	combined	U2-type Catalytic Step 2 Spliceosome (GO:0071007)	29	674	33010	0		1.0	1.0
GO_CC	combined	U2-type Precatalytic Spliceosome (GO:0071005)	47	674	33010	0		1.0	1.0
GO_CC	combined	U2-type Prespliceosome (GO:0071004)	14	674	33010	0		1.0	1.0
GO_CC	combined	U2-type Spliceosomal Complex (GO:0005684)	85	674	33010	0		1.0	1.0
GO_CC	combined	U4 snRNP (GO:0005687)	9	674	33010	0		1.0	1.0
GO_CC	combined	U4/U6 X U5 tri-snRNP Complex (GO:0046540)	35	674	33010	0		1.0	1.0
GO_CC	combined	U5 snRNP (GO:0005682)	18	674	33010	0		1.0	1.0
GO_CC	combined	U6 snRNP (GO:0005688)	7	674	33010	0		1.0	1.0
GO_CC	combined	U7 snRNP (GO:0005683)	6	674	33010	0		1.0	1.0
GO_CC	combined	X Chromosome (GO:0000805)	6	674	33010	0		1.0	1.0
GO_CC	combined	Acetylcholine-Gated Channel Complex (GO:0005892)	13	674	33010	0		1.0	1.0
GO_CC	combined	Acrosomal Membrane (GO:0002080)	14	674	33010	0		1.0	1.0
GO_CC	combined	Activin Receptor Complex (GO:0048179)	5	674	33010	0		1.0	1.0
GO_CC	combined	Alpha-Beta T Cell Receptor Complex (GO:0042105)	6	674	33010	0		1.0	1.0
GO_CC	combined	Alveolar Lamellar Body (GO:0097208)	5	674	33010	0		1.0	1.0
GO_CC	combined	Amphisome (GO:0044753)	11	674	33010	0		1.0	1.0
GO_CC	combined	Amphisome Membrane (GO:1904930)	9	674	33010	0		1.0	1.0
GO_CC	combined	Anaphase-Promoting Complex (GO:0005680)	20	674	33010	0		1.0	1.0
GO_CC	combined	Apical Dendrite (GO:0097440)	9	674	33010	0		1.0	1.0
GO_CC	combined	Astral Microtubule (GO:0000235)	6	674	33010	0		1.0	1.0
GO_CC	combined	Astrocyte Projection (GO:0097449)	7	674	33010	0		1.0	1.0
GO_CC	combined	Autolysosome (GO:0044754)	8	674	33010	0		1.0	1.0
GO_CC	combined	Autophagosome (GO:0005776)	80	674	33010	0		1.0	1.0
GO_CC	combined	Autophagosome Membrane (GO:0000421)	35	674	33010	0		1.0	1.0
GO_CC	combined	Axonal Growth Cone (GO:0044295)	14	674	33010	0		1.0	1.0
GO_CC	combined	Azurophil Granule (GO:0042582)	145	674	33010	0		1.0	1.0
GO_CC	combined	Azurophil Granule Lumen (GO:0035578)	82	674	33010	0		1.0	1.0
GO_CC	combined	Azurophil Granule Membrane (GO:0035577)	55	674	33010	0		1.0	1.0
GO_CC	combined	bBAF Complex (GO:0140092)	9	674	33010	0		1.0	1.0
GO_CC	combined	beta-catenin-TCF Complex (GO:1990907)	12	674	33010	0		1.0	1.0
GO_CC	combined	Box C/D RNP Complex (GO:0031428)	5	674	33010	0		1.0	1.0
GO_CC	combined	Brahma Complex (GO:0035060)	13	674	33010	0		1.0	1.0
GO_CC	combined	Brush Border Membrane (GO:0031526)	39	674	33010	0		1.0	1.0
GO_CC	combined	Chromatoid Body (GO:0033391)	8	674	33010	0		1.0	1.0
GO_CC	combined	Chromocenter (GO:0010369)	5	674	33010	0		1.0	1.0
GO_CC	combined	Chylomicron (GO:0042627)	8	674	33010	0		1.0	1.0
GO_CC	combined	Ciliary Membrane (GO:0060170)	35	674	33010	0		1.0	1.0
GO_CC	combined	cis-Golgi Network Membrane (GO:0033106)	7	674	33010	0		1.0	1.0
GO_CC	combined	Clathrin Adaptor Complex (GO:0030131)	18	674	33010	0		1.0	1.0
GO_CC	combined	Clathrin Coat (GO:0030118)	16	674	33010	0		1.0	1.0
GO_CC	combined	Clathrin Coat Of Coated Pit (GO:0030132)	12	674	33010	0		1.0	1.0
GO_CC	combined	Clathrin Coat Of Endocytic Vesicle (GO:0030128)	8	674	33010	0		1.0	1.0
GO_CC	combined	Clathrin Coat Of trans-Golgi Network Vesicle (GO:0030130)	12	674	33010	0		1.0	1.0
GO_CC	combined	Clathrin Vesicle Coat (GO:0030125)	12	674	33010	0		1.0	1.0
GO_CC	combined	Coated Vesicle (GO:0030135)	77	674	33010	0		1.0	1.0
GO_CC	combined	Condensed Chromosome, Centromeric Region (GO:0000779)	9	674	33010	0		1.0	1.0
GO_CC	combined	Core Mediator Complex (GO:0070847)	22	674	33010	0		1.0	1.0
GO_CC	combined	Cornified Envelope (GO:0001533)	40	674	33010	0		1.0	1.0
GO_CC	combined	Cortical Endoplasmic Reticulum (GO:0032541)	4	674	33010	0		1.0	1.0
GO_CC	combined	Cortical Granule (GO:0060473)	5	674	33010	0		1.0	1.0
GO_CC	combined	Cyclin-Dependent Protein Kinase Holoenzyme Complex (GO:0000307)	37	674	33010	0		1.0	1.0
GO_CC	combined	cyclin/CDK Positive Transcription Elongation Factor Complex (GO:0008024)	5	674	33010	0		1.0	1.0
GO_CC	combined	Cytolytic Granule (GO:0044194)	7	674	33010	0		1.0	1.0
GO_CC	combined	Cytoplasmic Dynein Complex (GO:0005868)	16	674	33010	0		1.0	1.0
GO_CC	combined	Cytoplasmic Side Of Endoplasmic Reticulum Membrane (GO:0098554)	13	674	33010	0		1.0	1.0
GO_CC	combined	Cytoplasmic Side Of Endosome Membrane (GO:0010009)	5	674	33010	0		1.0	1.0
GO_CC	combined	Cytoplasmic Side Of Lysosomal Membrane (GO:0098574)	12	674	33010	0		1.0	1.0
GO_CC	combined	Cytosolic Large Ribosomal Subunit (GO:0022625)	49	674	33010	0		1.0	1.0
GO_CC	combined	Death-Inducing Signaling Complex (GO:0031264)	7	674	33010	0		1.0	1.0
GO_CC	combined	Dendrite Cytoplasm (GO:0032839)	8	674	33010	0		1.0	1.0
GO_CC	combined	Desmosome (GO:0030057)	16	674	33010	0		1.0	1.0
GO_CC	combined	Dihydrolipoyl Dehydrogenase Complex (GO:0045240)	7	674	33010	0		1.0	1.0
GO_CC	combined	Dystroglycan Complex (GO:0016011)	6	674	33010	0		1.0	1.0
GO_CC	combined	Early Phagosome (GO:0032009)	10	674	33010	0		1.0	1.0
GO_CC	combined	Endocytic Vesicle Lumen (GO:0071682)	21	674	33010	0		1.0	1.0
GO_CC	combined	Endolysosome (GO:0036019)	25	674	33010	0		1.0	1.0
GO_CC	combined	Endolysosome Membrane (GO:0036020)	16	674	33010	0		1.0	1.0
GO_CC	combined	Endopeptidase Complex (GO:1905369)	14	674	33010	0		1.0	1.0
GO_CC	combined	Endoplasmic Reticulum Tubular Network (GO:0071782)	25	674	33010	0		1.0	1.0
GO_CC	combined	Endoribonuclease Complex (GO:1902555)	17	674	33010	0		1.0	1.0
GO_CC	combined	Endosome Lumen (GO:0031904)	23	674	33010	0		1.0	1.0
GO_CC	combined	External Side Of Apical Plasma Membrane (GO:0098591)	5	674	33010	0		1.0	1.0
GO_CC	combined	Extracellular Membrane-Bounded Organelle (GO:0065010)	56	674	33010	0		1.0	1.0
GO_CC	combined	Extracellular Vesicle (GO:1903561)	58	674	33010	0		1.0	1.0
GO_CC	combined	Extrinsic Component Of Endoplasmic Reticulum Membrane (GO:0042406)	5	674	33010	0		1.0	1.0
GO_CC	combined	Extrinsic Component Of Endosome Membrane (GO:0031313)	6	674	33010	0		1.0	1.0
GO_CC	combined	Filopodium Membrane (GO:0031527)	10	674	33010	0		1.0	1.0
GO_CC	combined	Gamma-Delta T Cell Receptor Complex (GO:0042106)	2	674	33010	0		1.0	1.0
GO_CC	combined	Glial Cell Projection (GO:0097386)	12	674	33010	0		1.0	1.0
GO_CC	combined	Heterotrimeric G-protein Complex (GO:0005834)	24	674	33010	0		1.0	1.0
GO_CC	combined	High-Density Lipoprotein Particle (GO:0034364)	18	674	33010	0		1.0	1.0
GO_CC	combined	Histone Acetyltransferase Complex (GO:0000123)	24	674	33010	0		1.0	1.0
GO_CC	combined	Inhibitory Synapse (GO:0060077)	5	674	33010	0		1.0	1.0
GO_CC	combined	Insulin-Responsive Compartment (GO:0032593)	5	674	33010	0		1.0	1.0
GO_CC	combined	Intracellular Vesicle (GO:0097708)	11	674	33010	0		1.0	1.0
GO_CC	combined	Junctional Sarcoplasmic Reticulum Membrane (GO:0014701)	8	674	33010	0		1.0	1.0
GO_CC	combined	Keratin Filament (GO:0045095)	38	674	33010	0		1.0	1.0
GO_CC	combined	Kinetochore Microtubule (GO:0005828)	18	674	33010	0		1.0	1.0
GO_CC	combined	Large Ribosomal Subunit (GO:0015934)	49	674	33010	0		1.0	1.0
GO_CC	combined	Late Endosome Lumen (GO:0031906)	6	674	33010	0		1.0	1.0
GO_CC	combined	Low-Density Lipoprotein Particle (GO:0034362)	6	674	33010	0		1.0	1.0
GO_CC	combined	Lysosomal Lumen (GO:0043202)	78	674	33010	0		1.0	1.0
GO_CC	combined	mRNA Cleavage And Polyadenylation Specificity Factor Complex (GO:0005847)	12	674	33010	0		1.0	1.0
GO_CC	combined	Macropinosome (GO:0044354)	6	674	33010	0		1.0	1.0
GO_CC	combined	Membrane Attack Complex (GO:0005579)	6	674	33010	0		1.0	1.0
GO_CC	combined	Microfibril (GO:0001527)	11	674	33010	0		1.0	1.0
GO_CC	combined	Mitochondrial Alpha-Ketoglutarate Dehydrogenase Complex (GO:0005947)	5	674	33010	0		1.0	1.0
GO_CC	combined	Mitochondrial Intermembrane Space (GO:0005758)	58	674	33010	0		1.0	1.0
GO_CC	combined	Mitochondrial Outer Membrane Translocase Complex (GO:0005742)	20	674	33010	0		1.0	1.0
GO_CC	combined	Mitochondrial Proton-Transporting ATP Synthase Complex (GO:0005753)	16	674	33010	0		1.0	1.0
GO_CC	combined	Mitochondrial Proton-Transporting ATP Synthase Complex, Coupling Factor F(o) (GO:0000276)	7	674	33010	0		1.0	1.0
GO_CC	combined	Mitochondrial Respiratory Chain Complex I (GO:0005747)	39	674	33010	0		1.0	1.0
GO_CC	combined	Mitochondrial Respiratory Chain Complex III (GO:0005750)	11	674	33010	0		1.0	1.0
GO_CC	combined	Mitochondrial Ribosome (GO:0005761)	22	674	33010	0		1.0	1.0
GO_CC	combined	Mitotic Spindle Microtubule (GO:1990498)	12	674	33010	0		1.0	1.0
GO_CC	combined	Multimeric Ribonuclease P Complex (GO:0030681)	9	674	33010	0		1.0	1.0
GO_CC	combined	Multivesicular Body Lumen (GO:0097486)	4	674	33010	0		1.0	1.0
GO_CC	combined	Multivesicular Body, Internal Vesicle (GO:0097487)	5	674	33010	0		1.0	1.0
GO_CC	combined	Muscle Myosin Complex (GO:0005859)	13	674	33010	0		1.0	1.0
GO_CC	combined	Myofibril (GO:0030016)	28	674	33010	0		1.0	1.0
GO_CC	combined	Myosin Filament (GO:0032982)	15	674	33010	0		1.0	1.0
GO_CC	combined	nBAF Complex (GO:0071565)	14	674	33010	0		1.0	1.0
GO_CC	combined	Neuron Projection Cytoplasm (GO:0120111)	9	674	33010	0		1.0	1.0
GO_CC	combined	Neuron To Neuron Synapse (GO:0098984)	9	674	33010	0		1.0	1.0
GO_CC	combined	Neurotransmitter Receptor Complex (GO:0098878)	6	674	33010	0		1.0	1.0
GO_CC	combined	Non-Motile Cilium (GO:0097730)	27	674	33010	0		1.0	1.0
GO_CC	combined	npBAF Complex (GO:0071564)	12	674	33010	0		1.0	1.0
GO_CC	combined	Nuclear Envelope Lumen (GO:0005641)	5	674	33010	0		1.0	1.0
GO_CC	combined	Nuclear Inclusion Body (GO:0042405)	10	674	33010	0		1.0	1.0
GO_CC	combined	Nuclear Inner Membrane (GO:0005637)	27	674	33010	0		1.0	1.0
GO_CC	combined	Nuclear Outer Membrane (GO:0005640)	16	674	33010	0		1.0	1.0
GO_CC	combined	Nucleolar Exosome (RNase Complex) (GO:0101019)	9	674	33010	0		1.0	1.0
GO_CC	combined	Outer Dynein Arm (GO:0036157)	7	674	33010	0		1.0	1.0
GO_CC	combined	Pericentric Heterochromatin (GO:0005721)	21	674	33010	0		1.0	1.0
GO_CC	combined	Phagocytic Vesicle Membrane (GO:0030670)	43	674	33010	0		1.0	1.0
GO_CC	combined	Phosphatidylinositol 3-Kinase Complex, Class I (GO:0097651)	8	674	33010	0		1.0	1.0
GO_CC	combined	Phosphatidylinositol 3-Kinase Complex, Class IA (GO:0005943)	8	674	33010	0		1.0	1.0
GO_CC	combined	Phosphatidylinositol 3-Kinase Complex, Class III (GO:0035032)	6	674	33010	0		1.0	1.0
GO_CC	combined	Pi-Body (GO:0071546)	9	674	33010	0		1.0	1.0
GO_CC	combined	Pinosome (GO:0044352)	6	674	33010	0		1.0	1.0
GO_CC	combined	Platelet Alpha Granule (GO:0031091)	78	674	33010	0		1.0	1.0
GO_CC	combined	Platelet Alpha Granule Lumen (GO:0031093)	57	674	33010	0		1.0	1.0
GO_CC	combined	Platelet Alpha Granule Membrane (GO:0031092)	15	674	33010	0		1.0	1.0
GO_CC	combined	Platelet Dense Granule Membrane (GO:0031088)	4	674	33010	0		1.0	1.0
GO_CC	combined	Platelet Dense Tubular Network (GO:0031094)	10	674	33010	0		1.0	1.0
GO_CC	combined	Platelet Dense Tubular Network Membrane (GO:0031095)	8	674	33010	0		1.0	1.0
GO_CC	combined	Podosome (GO:0002102)	12	674	33010	0		1.0	1.0
GO_CC	combined	Polysomal Ribosome (GO:0042788)	26	674	33010	0		1.0	1.0
GO_CC	combined	post-mRNA Release Spliceosomal Complex (GO:0071014)	8	674	33010	0		1.0	1.0
GO_CC	combined	Postsynaptic Recycling Endosome (GO:0098837)	4	674	33010	0		1.0	1.0
GO_CC	combined	Precatalytic Spliceosome (GO:0071011)	49	674	33010	0		1.0	1.0
GO_CC	combined	Preribosome, Large Subunit Precursor (GO:0030687)	17	674	33010	0		1.0	1.0
GO_CC	combined	Preribosome, Small Subunit Precursor (GO:0030688)	10	674	33010	0		1.0	1.0
GO_CC	combined	Prespliceosome (GO:0071010)	14	674	33010	0		1.0	1.0
GO_CC	combined	Primary Lysosome (GO:0005766)	10	674	33010	0		1.0	1.0
GO_CC	combined	Protein Phosphatase 4 Complex (GO:0030289)	4	674	33010	0		1.0	1.0
GO_CC	combined	Protein Phosphatase Type 2A Complex (GO:0000159)	15	674	33010	0		1.0	1.0
GO_CC	combined	Protein Serine/Threonine Phosphatase Complex (GO:0008287)	27	674	33010	0		1.0	1.0
GO_CC	combined	Proton-Transporting ATP Synthase Complex (GO:0045259)	16	674	33010	0		1.0	1.0
GO_CC	combined	Proton-Transporting V-type ATPase, V0 Domain (GO:0033179)	6	674	33010	0		1.0	1.0
GO_CC	combined	Pseudopodium (GO:0031143)	6	674	33010	0		1.0	1.0
GO_CC	combined	Respiratory Chain Complex I (GO:0045271)	39	674	33010	0		1.0	1.0
GO_CC	combined	Respiratory Chain Complex III (GO:0045275)	11	674	33010	0		1.0	1.0
GO_CC	combined	Ribonuclease MRP Complex (GO:0000172)	7	674	33010	0		1.0	1.0
GO_CC	combined	Ribosome (GO:0005840)	58	674	33010	0		1.0	1.0
GO_CC	combined	Rough Endoplasmic Reticulum (GO:0005791)	29	674	33010	0		1.0	1.0
GO_CC	combined	Rough Endoplasmic Reticulum Membrane (GO:0030867)	4	674	33010	0		1.0	1.0
GO_CC	combined	Sarcoglycan Complex (GO:0016012)	5	674	33010	0		1.0	1.0
GO_CC	combined	Sarcolemma (GO:0042383)	51	674	33010	0		1.0	1.0
GO_CC	combined	Sarcoplasmic Reticulum (GO:0016529)	43	674	33010	0		1.0	1.0
GO_CC	combined	Sarcoplasmic Reticulum Membrane (GO:0033017)	26	674	33010	0		1.0	1.0
GO_CC	combined	Secondary Lysosome (GO:0005767)	13	674	33010	0		1.0	1.0
GO_CC	combined	Septin Cytoskeleton (GO:0032156)	11	674	33010	0		1.0	1.0
GO_CC	combined	Septin Ring (GO:0005940)	11	674	33010	0		1.0	1.0
GO_CC	combined	Serine C-palmitoyltransferase Complex (GO:0017059)	7	674	33010	0		1.0	1.0
GO_CC	combined	Serine Protease Inhibitor Complex (GO:0097180)	5	674	33010	0		1.0	1.0
GO_CC	combined	Serine-Type Endopeptidase Complex (GO:1905370)	10	674	33010	0		1.0	1.0
GO_CC	combined	Serine-Type Peptidase Complex (GO:1905286)	12	674	33010	0		1.0	1.0
GO_CC	combined	Serine/Threonine Protein Kinase Complex (GO:1902554)	56	674	33010	0		1.0	1.0
GO_CC	combined	Sex Chromosome (GO:0000803)	5	674	33010	0		1.0	1.0
GO_CC	combined	Shelterin Complex (GO:0070187)	5	674	33010	0		1.0	1.0
GO_CC	combined	Signal Recognition Particle, Endoplasmic Reticulum Targeting (GO:0005786)	5	674	33010	0		1.0	1.0
GO_CC	combined	Small-Subunit Processome (GO:0032040)	68	674	33010	0		1.0	1.0
GO_CC	combined	Smooth Endoplasmic Reticulum (GO:0005790)	18	674	33010	0		1.0	1.0
GO_CC	combined	Sodium Channel Complex (GO:0034706)	18	674	33010	0		1.0	1.0
GO_CC	combined	Sodium:Potassium-Exchanging ATPase Complex (GO:0005890)	9	674	33010	0		1.0	1.0
GO_CC	combined	Spectrin-Associated Cytoskeleton (GO:0014731)	7	674	33010	0		1.0	1.0
GO_CC	combined	Spherical High-Density Lipoprotein Particle (GO:0034366)	7	674	33010	0		1.0	1.0
GO_CC	combined	Spliceosomal snRNP Complex (GO:0097525)	54	674	33010	0		1.0	1.0
GO_CC	combined	Spliceosomal tri-snRNP Complex (GO:0097526)	35	674	33010	0		1.0	1.0
GO_CC	combined	Symmetric Synapse (GO:0032280)	2	674	33010	0		1.0	1.0
GO_CC	combined	tRNA Methyltransferase Complex (GO:0043527)	6	674	33010	0		1.0	1.0
GO_CC	combined	Tertiary Granule Membrane (GO:0070821)	67	674	33010	0		1.0	1.0
GO_CC	combined	trans-Golgi Network Transport Vesicle (GO:0030140)	15	674	33010	0		1.0	1.0
GO_CC	combined	Transcription Factor TFIID Complex (GO:0005669)	30	674	33010	0		1.0	1.0
GO_CC	combined	Transcription Factor TFIIH Core Complex (GO:0000439)	8	674	33010	0		1.0	1.0
GO_CC	combined	Transcription Factor TFIIH Holo Complex (GO:0005675)	9	674	33010	0		1.0	1.0
GO_CC	combined	Transcription Factor TFIIIC Complex (GO:0000127)	5	674	33010	0		1.0	1.0
GO_CC	combined	Transcription Factor TFTC Complex (GO:0033276)	16	674	33010	0		1.0	1.0
GO_CC	combined	Transferase Complex, Transferring Phosphorus-Containing Groups (GO:0061695)	7	674	33010	0		1.0	1.0
GO_CC	combined	Triglyceride-Rich Plasma Lipoprotein Particle (GO:0034385)	14	674	33010	0		1.0	1.0
GO_CC	combined	Uniplex Complex (GO:1990246)	5	674	33010	0		1.0	1.0
GO_CC	combined	Vacuolar Lumen (GO:0005775)	147	674	33010	0		1.0	1.0
GO_CC	combined	Vacuolar Proton-Transporting V-type ATPase, V0 Domain (GO:0000220)	6	674	33010	0		1.0	1.0
GO_CC	combined	Very-Low-Density Lipoprotein Particle (GO:0034361)	14	674	33010	0		1.0	1.0
GO_CC	combined	Voltage-Gated Sodium Channel Complex (GO:0001518)	7	674	33010	0		1.0	1.0
GO_CC	combined	Zonula Adherens (GO:0005915)	5	674	33010	0		1.0	1.0
GO_CC	combined	Zymogen Granule (GO:0042588)	6	674	33010	0		1.0	1.0
GO_CC	combined	Zymogen Granule Membrane (GO:0042589)	6	674	33010	0		1.0	1.0
GO_CC	hypermethylated	Neuron Projection (GO:0043005)	524	483	33010	20	EPHA10,GABRA1,GHSR,HTR1A,HTR1B,INSRR,KCNC2,KLHL1,NEFM,NPBWR1,NRSN1,NTRK1,PENK,RPH3A,SKOR1,SLC12A5,SLC4A10,SLC6A3,SSTR4,TENM3	0.00010923161589446532	0.05177578593397656
GO_CC	hypermethylated	Nuclear Stress Granule (GO:0097165)	5	483	33010	2	HSF1,RBFOX1	0.0020749733134620553	0.4917686752905071
GO_CC	hypermethylated	Postsynaptic Density Membrane (GO:0098839)	32	483	33010	3	CACNG7,CACNG8,GRM1	0.011272456883490541	1.0
GO_CC	hypermethylated	Dendrite (GO:0030425)	253	483	33010	9	EPHA10,GABRA1,HTR1A,HTR1B,KCNC2,KLHL1,PENK,SKOR1,SLC4A10	0.012725534013544522	1.0
GO_CC	hypermethylated	Platelet Dense Granule Lumen (GO:0031089)	13	483	33010	2	RARRES2,SELENOP	0.014978135688580635	1.0
GO_CC	hypermethylated	Postsynaptic Specialization Membrane (GO:0099634)	36	483	33010	3	CACNG7,CACNG8,GRM1	0.01554589075753974	1.0
GO_CC	hypermethylated	GABA-ergic Synapse (GO:0098982)	14	483	33010	2	CBLN4,SLITRK1	0.017307001008163892	1.0
GO_CC	hypermethylated	Nucleus (GO:0005634)	4109	483	33010	76	ALX1,BTBD3,CDK15,CDKN2A,CDX2,CELF4,CFTR,CIDEA,CRYGD,CUX1,DST,DZIP1,EVX1,EVX2,FERD3L,FEZF2,FMN2,FOXA1,FOXA2,FOXE3,GATA3,GFI1,HOXB7,HOXC4,HOXD10,HSF1,JARID2,LHX1,LHX8,LHX9,MAML3,MEIG1,NEUROD1,NKAPL,NKX2-1,NKX2-6,ONECUT2,OTX1,OTX2,PAX6,PDE4C,PDX1,POU4F2,PRDM13,PRMT2,RARG,RB1,RBFOX1,RERE,SIX3,SIX6,SKI,SKOR1,SOX1,SPAG6,SPHK2,SPRY2,ST18,TAL1,TBX20,TBXT,TCERG1L,TCF20,TFAP2B,TFAP2D,THRA,TLX1,TRH,TUBB2B,VSTM2A,WT1,ZCWPW1,ZIC1,ZIC4,ZNF536,ZNF709	0.018677159858064906	1.0
GO_CC	hypermethylated	Connexin Complex (GO:0005922)	17	483	33010	2	GJA3,GJB2	0.025130587368316044	1.0
GO_CC	hypermethylated	AMPA Glutamate Receptor Complex (GO:0032281)	18	483	33010	2	CACNG7,CACNG8	0.02800228445771109	1.0
GO_CC	hypermethylated	Potassium Channel Complex (GO:0034705)	79	483	33010	4	ABCC9,DPP6,KCNC2,KCNQ4	0.028796846099053343	1.0
GO_CC	hypermethylated	Platelet Dense Granule (GO:0042827)	19	483	33010	2	RARRES2,SELENOP	0.030998574812092526	1.0
GO_CC	hypermethylated	Polymeric Cytoskeletal Fiber (GO:0099513)	249	483	33010	8	DCDC2C,DST,FSD1,HCK,KIF28P,MACF1,NEFM,TUBB2B	0.03102982827012178	1.0
GO_CC	hypermethylated	Voltage-Gated Calcium Channel Complex (GO:0005891)	48	483	33010	3	CACNA2D2,CACNG7,CACNG8	0.03314067331771489	1.0
GO_CC	hypermethylated	Gap Junction (GO:0005921)	20	483	33010	2	GJA3,GJB2	0.03411521367487639	1.0
GO_CC	hypermethylated	Sperm Flagellum (GO:0036126)	55	483	33010	3	CCDC181,DCDC2C,DNALI1	0.046684465958968996	1.0
GO_CC	hypermethylated	Calcium Channel Complex (GO:0034704)	57	483	33010	3	CACNA2D2,CACNG7,CACNG8	0.05098259001972627	1.0
GO_CC	hypermethylated	Dendrite Membrane (GO:0032590)	26	483	33010	2	GABRA1,KCNC2	0.05511665328804184	1.0
GO_CC	hypermethylated	Intracellular Cyclic Nucleotide Activated Cation Channel Complex (GO:0017071)	4	483	33010	1	CNGA3	0.057258187909557744	1.0
GO_CC	hypermethylated	Intracellular Membrane-Bounded Organelle (GO:0043231)	4741	483	33010	82	ALX1,BTBD3,CDK15,CDKN2A,CDX2,CELF4,CFTR,CIDEA,CRYGD,CUX1,DST,DZIP1,EVX1,EVX2,FERD3L,FEZF2,FMN2,FOXA1,FOXA2,FOXE3,GATA3,GFI1,HCK,HLA-DPA1,HOXA2,HOXB7,HOXC4,HOXD10,HSF1,JARID2,L1TD1,LHX1,LHX8,LHX9,MAML3,MEIG1,NEUROD1,NKAPL,NKX2-1,NKX2-6,ONECUT2,OSBPL5,OTX1,OTX2,PAX6,PDE4C,PDX1,POU4F2,PRDM13,PRMT2,RARG,RB1,RBFOX1,RERE,RFX1,SIX3,SIX6,SKI,SKOR1,SOX1,SPAG6,SPHK2,SPRY2,ST18,TAL1,TBX20,TBXT,TCERG1L,TCF20,TFAP2B,TFAP2D,THRA,TLX1,TRH,TUBB2B,VSTM2A,WT1,ZCWPW1,ZIC1,ZIC4,ZNF536,ZNF709	0.058821550040203605	1.0
GO_CC	hypermethylated	Catenin Complex (GO:0016342)	28	483	33010	2	CDH9,PCDHGB4	0.06290266787730323	1.0
GO_CC	hypermethylated	9+2 Motile Cilium (GO:0097729)	64	483	33010	3	CCDC181,DCDC2C,DNALI1	0.06745716275002807	1.0
GO_CC	hypermethylated	Hrd1p Ubiquitin Ligase ERAD-L Complex (GO:0000839)	5	483	33010	1	SEL1L	0.07105399155858168	1.0
GO_CC	hypermethylated	Neuronal Dense Core Vesicle (GO:0098992)	5	483	33010	1	NPY	0.07105399155858168	1.0
GO_CC	hypermethylated	Glutamatergic Synapse (GO:0098978)	67	483	33010	3	DLGAP1,NPTX2,SLITRK1	0.0751698771067291	1.0
GO_CC	hypermethylated	Intermediate Filament (GO:0005882)	68	483	33010	3	DST,MACF1,NEFM	0.07782383274871583	1.0
GO_CC	hypermethylated	Ionotropic Glutamate Receptor Complex (GO:0008328)	32	483	33010	2	CACNG7,CACNG8	0.07948390007077537	1.0
GO_CC	hypermethylated	G Protein-Coupled Receptor Dimeric Complex (GO:0038037)	6	483	33010	1	GRM1	0.08464832338943172	1.0
GO_CC	hypermethylated	Chloride Channel Complex (GO:0034707)	6	483	33010	1	OSTM1	0.08464832338943172	1.0
GO_CC	hypermethylated	Flotillin Complex (GO:0016600)	6	483	33010	1	SLC6A3	0.08464832338943172	1.0
GO_CC	hypermethylated	Hemidesmosome (GO:0030056)	6	483	33010	1	DST	0.08464832338943172	1.0
GO_CC	hypermethylated	Voltage-Gated Potassium Channel Complex (GO:0008076)	71	483	33010	3	DPP6,KCNC2,KCNQ4	0.08602684477871099	1.0
GO_CC	hypermethylated	Hrd1p Ubiquitin Ligase Complex (GO:0000836)	7	483	33010	1	SEL1L	0.09804411965057892	1.0
GO_CC	hypermethylated	Cytoskeleton Of Presynaptic Active Zone (GO:0048788)	7	483	33010	1	RIMS3	0.09804411965057892	1.0
GO_CC	hypermethylated	Clathrin-Coated Endocytic Vesicle (GO:0045334)	76	483	33010	3	CFTR,HLA-DPA1,SFTA3	0.10046647641993768	1.0
GO_CC	hypermethylated	Microtubule Cytoskeleton (GO:0015630)	326	483	33010	8	DCDC2C,DST,FSD1,KIF28P,MACF1,SPAG6,SPRY2,TUBB2B	0.10787148021600247	1.0
GO_CC	hypermethylated	Intermediate Filament Cytoskeleton (GO:0045111)	79	483	33010	3	DST,MACF1,NEFM	0.10956381381325697	1.0
GO_CC	hypermethylated	Actin-Based Cell Projection (GO:0098858)	80	483	33010	3	ATP6V1B1,DNALI1,MYO3A	0.1126647117584216	1.0
GO_CC	hypermethylated	Microtubule (GO:0005874)	175	483	33010	5	DCDC2C,FSD1,KIF28P,MACF1,TUBB2B	0.11505429108044735	1.0
GO_CC	hypermethylated	Proton-Transporting V-type ATPase, V1 Domain (GO:0033180)	10	483	33010	1	ATP6V1B1	0.13706902063275012	1.0
GO_CC	hypermethylated	Vacuolar Proton-Transporting V-type ATPase, V1 Domain (GO:0000221)	10	483	33010	1	ATP6V1B1	0.13706902063275012	1.0
GO_CC	hypermethylated	Postsynaptic Density (GO:0014069)	144	483	33010	4	CACNG7,CACNG8,GRM1,SRGAP3	0.16104836120888244	1.0
GO_CC	hypermethylated	MHC Class II Protein Complex (GO:0042613)	12	483	33010	1	HLA-DPA1	0.16214488120461368	1.0
GO_CC	hypermethylated	Axon (GO:0030424)	197	483	33010	5	INSRR,KCNC2,NEFM,NTRK1,SLC6A3	0.16351145764784847	1.0
GO_CC	hypermethylated	Exocytic Vesicle Membrane (GO:0099501)	50	483	33010	2	PTPRN2,RPH3A	0.16607565430598747	1.0
GO_CC	hypermethylated	Synaptic Vesicle Membrane (GO:0030672)	51	483	33010	2	PTPRN2,RPH3A	0.17127648121152417	1.0
GO_CC	hypermethylated	Cytoplasmic Vesicle Membrane (GO:0030659)	367	483	33010	8	ANTXR2,CACNG8,CFTR,FMN2,HLA-DPA1,NTRK1,PTPRN2,SYCN	0.1722153295204579	1.0
GO_CC	hypermethylated	Lamellar Body (GO:0042599)	13	483	33010	1	SFTA3	0.17440877666428306	1.0
GO_CC	hypermethylated	Microvillus Membrane (GO:0031528)	13	483	33010	1	SLC38A4	0.17440877666428306	1.0
GO_CC	hypermethylated	Actin Cytoskeleton (GO:0015629)	313	483	33010	7	AKAP13,CAPZB,FMN2,HCK,MACF1,ONECUT2,SPRY2	0.17702148700875156	1.0
GO_CC	hypermethylated	Filopodium (GO:0030175)	55	483	33010	2	DNALI1,MYO3A	0.19232715282896642	1.0
GO_CC	hypermethylated	Acrosomal Vesicle (GO:0001669)	56	483	33010	2	PPFIA3,SPAG6	0.19764259488903307	1.0
GO_CC	hypermethylated	Cation-Transporting ATPase Complex (GO:0090533)	15	483	33010	1	ABCC9	0.19840174859382323	1.0
GO_CC	hypermethylated	Mitochondrial Respiratory Chain Complex IV (GO:0005751)	15	483	33010	1	COX4I2	0.19840174859382323	1.0
GO_CC	hypermethylated	Microvillus (GO:0005902)	57	483	33010	2	ATP6V1B1,SLC38A4	0.2029756859751896	1.0
GO_CC	hypermethylated	Dense Core Granule (GO:0031045)	16	483	33010	1	NPY	0.21013601001007354	1.0
GO_CC	hypermethylated	Clathrin-Coated Endocytic Vesicle Membrane (GO:0030669)	60	483	33010	2	CFTR,HLA-DPA1	0.21906457351165476	1.0
GO_CC	hypermethylated	Protein Kinase Complex (GO:1902911)	17	483	33010	1	INSRR	0.22169884892518343	1.0
GO_CC	hypermethylated	Respiratory Chain Complex IV (GO:0045277)	17	483	33010	1	COX4I2	0.22169884892518343	1.0
GO_CC	hypermethylated	Caveola (GO:0005901)	61	483	33010	2	HCK,SLC6A3	0.22445219867957622	1.0
GO_CC	hypermethylated	Cortical Cytoskeleton (GO:0030863)	61	483	33010	2	AKAP13,RIMS3	0.22445219867957622	1.0
GO_CC	hypermethylated	MHC Protein Complex (GO:0042611)	18	483	33010	1	HLA-DPA1	0.23309276448209354	1.0
GO_CC	hypermethylated	Proton-Transporting V-type ATPase Complex (GO:0033176)	20	483	33010	1	ATP6V1B1	0.25538364082106985	1.0
GO_CC	hypermethylated	Collagen-Containing Extracellular Matrix (GO:0062023)	351	483	33010	7	CBLN4,CLEC14A,COL11A1,DST,MMP9,MXRA7,RARRES2	0.25625969015202504	1.0
GO_CC	hypermethylated	Endocytic Vesicle (GO:0030139)	181	483	33010	4	CACNG8,HLA-DPA1,SFTA3,SRGAP3	0.27376461529594953	1.0
GO_CC	hypermethylated	Lipid Droplet (GO:0005811)	72	483	33010	2	CIDEA,PNPLA1	0.2840677823153126	1.0
GO_CC	hypermethylated	Lumenal Side Of Endoplasmic Reticulum Membrane (GO:0098553)	24	483	33010	1	HLA-DPA1	0.29804430382668357	1.0
GO_CC	hypermethylated	Vacuolar Proton-Transporting V-type ATPase Complex (GO:0016471)	24	483	33010	1	ATP6V1B1	0.29804430382668357	1.0
GO_CC	hypermethylated	Condensed Nuclear Chromosome (GO:0000794)	26	483	33010	1	IHO1	0.31845098679911066	1.0
GO_CC	hypermethylated	Cytoskeleton (GO:0005856)	569	483	33010	10	AKAP13,CAPZB,DST,FMN2,MACF1,NEFM,ONECUT2,SPAG6,SPRY2,TUBB2B	0.3230806157863706	1.0
GO_CC	hypermethylated	Clathrin-Coated Vesicle Membrane (GO:0030665)	82	483	33010	2	CFTR,HLA-DPA1	0.33791949876523564	1.0
GO_CC	hypermethylated	SWI/SNF Complex (GO:0016514)	29	483	33010	1	RB1	0.3479562867932384	1.0
GO_CC	hypermethylated	Synaptic Membrane (GO:0097060)	30	483	33010	1	TMEM240	0.35750533362259057	1.0
GO_CC	hypermethylated	Endocytic Vesicle Membrane (GO:0030666)	148	483	33010	3	CACNG8,CFTR,HLA-DPA1	0.36844473150712237	1.0
GO_CC	hypermethylated	Monoatomic Ion Channel Complex (GO:0034702)	34	483	33010	1	OSTM1	0.39432614252821435	1.0
GO_CC	hypermethylated	trans-Golgi Network Membrane (GO:0032588)	94	483	33010	2	CALN1,HLA-DPA1	0.40078584844732	1.0
GO_CC	hypermethylated	Basolateral Plasma Membrane (GO:0016323)	163	483	33010	3	ATP6V1B1,KCNC2,SLC4A10	0.42735207175840334	1.0
GO_CC	hypermethylated	Euchromatin (GO:0000791)	38	483	33010	1	TCF23	0.4290409008628602	1.0
GO_CC	hypermethylated	Golgi-associated Vesicle (GO:0005798)	42	483	33010	1	CFTR	0.4617698334295479	1.0
GO_CC	hypermethylated	Cortical Actin Cytoskeleton (GO:0030864)	42	483	33010	1	AKAP13	0.4617698334295479	1.0
GO_CC	hypermethylated	Basement Membrane (GO:0005604)	43	483	33010	1	DST	0.4696552122955239	1.0
GO_CC	hypermethylated	Ficolin-1-Rich Granule (GO:0101002)	177	483	33010	3	ALOX5,MMP9,PTPRN2	0.4805055070423663	1.0
GO_CC	hypermethylated	Heterochromatin (GO:0000792)	46	483	33010	1	CDKN2A	0.49262631539848495	1.0
GO_CC	hypermethylated	Ficolin-1-Rich Granule Lumen (GO:1904813)	119	483	33010	2	ALOX5,MMP9	0.5215118107139132	1.0
GO_CC	hypermethylated	Cation Channel Complex (GO:0034703)	51	483	33010	1	CNGA3	0.5287260773998711	1.0
GO_CC	hypermethylated	Coated Vesicle Membrane (GO:0030662)	51	483	33010	1	HLA-DPA1	0.5287260773998711	1.0
GO_CC	hypermethylated	Tertiary Granule Lumen (GO:1904724)	51	483	33010	1	MMP9	0.5287260773998711	1.0
GO_CC	hypermethylated	ER To Golgi Transport Vesicle Membrane (GO:0012507)	52	483	33010	1	HLA-DPA1	0.5356323944791472	1.0
GO_CC	hypermethylated	Asymmetric Synapse (GO:0032279)	125	483	33010	2	CACNG8,SRGAP3	0.5479853125230534	1.0
GO_CC	hypermethylated	Endoplasmic Reticulum Lumen (GO:0005788)	268	483	33010	4	COL11A1,ERAP1,PENK,SPARCL1	0.5531113396927346	1.0
GO_CC	hypermethylated	Lytic Vacuole Membrane (GO:0098852)	269	483	33010	4	CFTR,HLA-DPA1,OSTM1,SPHK2	0.556048883508801	1.0
GO_CC	hypermethylated	Transport Vesicle Membrane (GO:0030658)	56	483	33010	1	HLA-DPA1	0.5622622705180891	1.0
GO_CC	hypermethylated	Ficolin-1-Rich Granule Membrane (GO:0101003)	57	483	33010	1	PTPRN2	0.5686781023849267	1.0
GO_CC	hypermethylated	Condensed Chromosome (GO:0000793)	58	483	33010	1	IHO1	0.5750000905665209	1.0
GO_CC	hypermethylated	Vacuolar Membrane (GO:0005774)	58	483	33010	1	ATP6V1B1	0.5750000905665209	1.0
GO_CC	hypermethylated	SCF Ubiquitin Ligase Complex (GO:0019005)	59	483	33010	1	DAW1	0.5812296048981659	1.0
GO_CC	hypermethylated	Mitochondrial Envelope (GO:0005740)	135	483	33010	2	CIDEA,KIF28P	0.5897832753630686	1.0
GO_CC	hypermethylated	Mitotic Spindle (GO:0072686)	137	483	33010	2	TUBB2B,WRAP73	0.5977902681385772	1.0
GO_CC	hypermethylated	Actin Filament (GO:0005884)	64	483	33010	1	HCK	0.6110366323542443	1.0
GO_CC	hypermethylated	Organelle Envelope Lumen (GO:0031970)	64	483	33010	1	ALOX5	0.6110366323542443	1.0
GO_CC	hypermethylated	Adherens Junction (GO:0005912)	142	483	33010	2	CDH9,PCDHGB4	0.6172923518980886	1.0
GO_CC	hypermethylated	Vesicle Membrane (GO:0012506)	66	483	33010	1	FMN2	0.6223578853636778	1.0
GO_CC	hypermethylated	Motile Cilium (GO:0031514)	68	483	33010	1	DNALI1	0.6333502818825125	1.0
GO_CC	hypermethylated	trans-Golgi Network (GO:0005802)	226	483	33010	3	CALN1,HLA-DPA1,RBFOX1	0.644764762772027	1.0
GO_CC	hypermethylated	Cytoplasmic Stress Granule (GO:0010494)	71	483	33010	1	RBFOX1	0.649243049168314	1.0
GO_CC	hypermethylated	COPII-coated ER To Golgi Transport Vesicle (GO:0030134)	72	483	33010	1	HLA-DPA1	0.6543863627859621	1.0
GO_CC	hypermethylated	Tertiary Granule (GO:0070820)	154	483	33010	2	MMP9,PTPRN2	0.66111379341875	1.0
GO_CC	hypermethylated	Extrinsic Component Of Cytoplasmic Side Of Plasma Membrane (GO:0031234)	75	483	33010	1	HCK	0.6693690944450243	1.0
GO_CC	hypermethylated	Clathrin-Coated Vesicle (GO:0030136)	76	483	33010	1	SFTA3	0.6742178792448741	1.0
GO_CC	hypermethylated	Cilium (GO:0005929)	241	483	33010	3	DNALI1,PDE4C,TULP1	0.6870641686933019	1.0
GO_CC	hypermethylated	Membrane Raft (GO:0045121)	162	483	33010	2	GHSR,SLC6A3	0.688030804114885	1.0
GO_CC	hypermethylated	Plasma Membrane Raft (GO:0044853)	81	483	33010	1	HCK	0.6974178534230902	1.0
GO_CC	hypermethylated	Specific Granule Membrane (GO:0035579)	86	483	33010	1	DEGS1	0.7189688602133532	1.0
GO_CC	hypermethylated	Lysosomal Membrane (GO:0005765)	334	483	33010	4	CFTR,HLA-DPA1,OSTM1,SPHK2	0.7222056052480925	1.0
GO_CC	hypermethylated	Nuclear Chromosome (GO:0000228)	92	483	33010	1	IHO1	0.742817544691355	1.0
GO_CC	hypermethylated	Phagocytic Vesicle (GO:0045335)	92	483	33010	1	SRGAP3	0.742817544691355	1.0
GO_CC	hypermethylated	Secretory Granule Membrane (GO:0030667)	266	483	33010	3	DEGS1,PTPRN2,SYCN	0.7489861708856624	1.0
GO_CC	hypermethylated	Cell Projection Membrane (GO:0031253)	100	483	33010	1	SLC38A4	0.7715035130741826	1.0
GO_CC	hypermethylated	Cell-Cell Junction (GO:0005911)	281	483	33010	3	CDH9,GJB2,PCDHGB4	0.7811887702355008	1.0
GO_CC	hypermethylated	Spindle (GO:0005819)	203	483	33010	2	TUBB2B,WRAP73	0.7994960743646693	1.0
GO_CC	hypermethylated	Bounding Membrane Of Organelle (GO:0098588)	776	483	33010	9	ANTXR2,CACNG8,CFTR,CSGALNACT1,HLA-DPA1,NTRK1,PTPRN2,ST8SIA3,SYCN	0.8031437133583144	1.0
GO_CC	hypermethylated	Cytoplasmic Vesicle Lumen (GO:0060205)	111	483	33010	1	ALOX5	0.8058056920633947	1.0
GO_CC	hypermethylated	Secretory Granule Lumen (GO:0034774)	294	483	33010	3	ALOX5,RARRES2,SELENOP	0.806274490060682	1.0
GO_CC	hypermethylated	Lysosome (GO:0005764)	472	483	33010	5	CFTR,HCK,HLA-DPA1,OSTM1,SPHK2	0.8222903812647853	1.0
GO_CC	hypermethylated	Cytoplasmic Side Of Plasma Membrane (GO:0009898)	118	483	33010	1	HCK	0.8249067316156251	1.0
GO_CC	hypermethylated	Endosome Membrane (GO:0010008)	330	483	33010	3	ANTXR2,CFTR,NTRK1	0.8633947949519091	1.0
GO_CC	hypermethylated	Recycling Endosome (GO:0055037)	147	483	33010	1	CFTR	0.8860079303431727	1.0
GO_CC	hypermethylated	Specific Granule (GO:0042581)	152	483	33010	1	DEGS1	0.8941426895850992	1.0
GO_CC	hypermethylated	cullin-RING Ubiquitin Ligase Complex (GO:0031461)	164	483	33010	1	DAW1	0.9113800175529831	1.0
GO_CC	hypermethylated	Focal Adhesion (GO:0005925)	377	483	33010	3	DST,HCK,LPP	0.9154179040993546	1.0
GO_CC	hypermethylated	Cell-Substrate Junction (GO:0030055)	383	483	33010	3	DST,HCK,LPP	0.9205715322467005	1.0
GO_CC	hypermethylated	Early Endosome (GO:0005769)	287	483	33010	2	CFTR,NTRK1	0.9243276279535544	1.0
GO_CC	hypermethylated	Endoplasmic Reticulum Membrane (GO:0005789)	752	483	33010	7	CFTR,CYP26A1,DEGS1,FMN2,HLA-DPA1,SEL1L,SFTA3	0.9253459455796355	1.0
GO_CC	hypermethylated	Late Endosome (GO:0005770)	188	483	33010	1	NTRK1	0.9379033742287336	1.0
GO_CC	hypermethylated	Golgi Membrane (GO:0000139)	408	483	33010	3	CSGALNACT1,HLA-DPA1,ST8SIA3	0.9390987054880436	1.0
GO_CC	hypermethylated	Lytic Vacuole (GO:0000323)	209	483	33010	1	HCK	0.9545201595254967	1.0
GO_CC	hypermethylated	Nuclear Membrane (GO:0031965)	214	483	33010	1	ALOX5	0.9577716691213316	1.0
GO_CC	hypermethylated	Intracellular Organelle Lumen (GO:0070013)	808	483	33010	6	ALOX5,COL11A1,ERAP1,MMP9,PENK,SPARCL1	0.97912744090206	1.0
GO_CC	hypermethylated	Intracellular Non-Membrane-Bounded Organelle (GO:0043232)	1113	483	33010	9	CAPZB,CIDEA,CPT2,FMN2,LIN28B,MACF1,NKX2-1,PNPLA1,SPRY2	0.9832256244996125	1.0
GO_CC	hypermethylated	Nucleolus (GO:0005730)	716	483	33010	4	CPT2,FMN2,LIN28B,NKX2-1	0.9934386474733974	1.0
GO_CC	hypermethylated	Nuclear Lumen (GO:0031981)	724	483	33010	4	CPT2,FMN2,LIN28B,NKX2-1	0.9940020776977129	1.0
GO_CC	hypermethylated	Mitochondrial Inner Membrane (GO:0005743)	349	483	33010	1	CPT2	0.9943255602362624	1.0
GO_CC	hypermethylated	Mitochondrial Membrane (GO:0031966)	507	483	33010	2	CPT2,KIF28P	0.9953655028445402	1.0
GO_CC	hypermethylated	Organelle Inner Membrane (GO:0019866)	373	483	33010	1	CPT2	0.9960319462243987	1.0
GO_CC	hypermethylated	9+0 Non-Motile Cilium (GO:0097731)	6	483	33010	0		1.0	1.0
GO_CC	hypermethylated	90S Preribosome (GO:0030686)	12	483	33010	0		1.0	1.0
GO_CC	hypermethylated	AP-1 Adaptor Complex (GO:0030121)	10	483	33010	0		1.0	1.0
GO_CC	hypermethylated	AP-2 Adaptor Complex (GO:0030122)	8	483	33010	0		1.0	1.0
GO_CC	hypermethylated	AP-3 Adaptor Complex (GO:0030123)	6	483	33010	0		1.0	1.0
GO_CC	hypermethylated	ATAC Complex (GO:0140672)	13	483	33010	0		1.0	1.0
GO_CC	hypermethylated	ATP-binding Cassette (ABC) Transporter Complex (GO:0043190)	5	483	33010	0		1.0	1.0
GO_CC	hypermethylated	ATPase Dependent Transmembrane Transport Complex (GO:0098533)	6	483	33010	0		1.0	1.0
GO_CC	hypermethylated	B-WICH Complex (GO:0110016)	6	483	33010	0		1.0	1.0
GO_CC	hypermethylated	BLOC-1 Complex (GO:0031083)	8	483	33010	0		1.0	1.0
GO_CC	hypermethylated	CD40 Receptor Complex (GO:0035631)	10	483	33010	0		1.0	1.0
GO_CC	hypermethylated	CMG Complex (GO:0071162)	10	483	33010	0		1.0	1.0
GO_CC	hypermethylated	COPI Vesicle Coat (GO:0030126)	12	483	33010	0		1.0	1.0
GO_CC	hypermethylated	COPI-coated Vesicle (GO:0030137)	6	483	33010	0		1.0	1.0
GO_CC	hypermethylated	COPI-coated Vesicle Membrane (GO:0030663)	16	483	33010	0		1.0	1.0
GO_CC	hypermethylated	COPII Vesicle Coat (GO:0030127)	15	483	33010	0		1.0	1.0
GO_CC	hypermethylated	CatSper Complex (GO:0036128)	13	483	33010	0		1.0	1.0
GO_CC	hypermethylated	Cdc73/Paf1 Complex (GO:0016593)	4	483	33010	0		1.0	1.0
GO_CC	hypermethylated	Cul2-RING Ubiquitin Ligase Complex (GO:0031462)	21	483	33010	0		1.0	1.0
GO_CC	hypermethylated	Cul3-RING Ubiquitin Ligase Complex (GO:0031463)	34	483	33010	0		1.0	1.0
GO_CC	hypermethylated	Cul4-RING E3 Ubiquitin Ligase Complex (GO:0080008)	30	483	33010	0		1.0	1.0
GO_CC	hypermethylated	Cul4A-RING E3 Ubiquitin Ligase Complex (GO:0031464)	11	483	33010	0		1.0	1.0
GO_CC	hypermethylated	Cul5-RING Ubiquitin Ligase Complex (GO:0031466)	8	483	33010	0		1.0	1.0
GO_CC	hypermethylated	ESC/E(Z) Complex (GO:0035098)	6	483	33010	0		1.0	1.0
GO_CC	hypermethylated	GABA-A Receptor Complex (GO:1902711)	15	483	33010	0		1.0	1.0
GO_CC	hypermethylated	GBAF Complex (GO:0140288)	13	483	33010	0		1.0	1.0
GO_CC	hypermethylated	Golgi Cis Cisterna (GO:0000137)	10	483	33010	0		1.0	1.0
GO_CC	hypermethylated	Golgi Cisterna (GO:0031985)	31	483	33010	0		1.0	1.0
GO_CC	hypermethylated	Golgi Cisterna Membrane (GO:0032580)	9	483	33010	0		1.0	1.0
GO_CC	hypermethylated	Golgi Lumen (GO:0005796)	87	483	33010	0		1.0	1.0
GO_CC	hypermethylated	Golgi Medial Cisterna (GO:0005797)	9	483	33010	0		1.0	1.0
GO_CC	hypermethylated	Golgi Stack (GO:0005795)	29	483	33010	0		1.0	1.0
GO_CC	hypermethylated	Golgi Trans Cisterna (GO:0000138)	7	483	33010	0		1.0	1.0
GO_CC	hypermethylated	Golgi-associated Vesicle Membrane (GO:0030660)	21	483	33010	0		1.0	1.0
GO_CC	hypermethylated	H3 Histone Acetyltransferase Complex (GO:0070775)	6	483	33010	0		1.0	1.0
GO_CC	hypermethylated	H4 Histone Acetyltransferase Complex (GO:1902562)	12	483	33010	0		1.0	1.0
GO_CC	hypermethylated	H4/H2A Histone Acetyltransferase Complex (GO:0043189)	24	483	33010	0		1.0	1.0
GO_CC	hypermethylated	HFE-transferrin Receptor Complex (GO:1990712)	7	483	33010	0		1.0	1.0
GO_CC	hypermethylated	INO80-type Complex (GO:0097346)	25	483	33010	0		1.0	1.0
GO_CC	hypermethylated	ISWI-type Complex (GO:0031010)	10	483	33010	0		1.0	1.0
GO_CC	hypermethylated	Ino80 Complex (GO:0031011)	14	483	33010	0		1.0	1.0
GO_CC	hypermethylated	MHC Class I Protein Complex (GO:0042612)	5	483	33010	0		1.0	1.0
GO_CC	hypermethylated	MIB Complex (GO:0140275)	11	483	33010	0		1.0	1.0
GO_CC	hypermethylated	MICOS Complex (GO:0061617)	6	483	33010	0		1.0	1.0
GO_CC	hypermethylated	MLL1 Complex (GO:0071339)	26	483	33010	0		1.0	1.0
GO_CC	hypermethylated	MLL1/2 Complex (GO:0044665)	27	483	33010	0		1.0	1.0
GO_CC	hypermethylated	MLL3/4 Complex (GO:0044666)	9	483	33010	0		1.0	1.0
GO_CC	hypermethylated	MOZ/MORF Histone Acetyltransferase Complex (GO:0070776)	6	483	33010	0		1.0	1.0
GO_CC	hypermethylated	NADPH Oxidase Complex (GO:0043020)	12	483	33010	0		1.0	1.0
GO_CC	hypermethylated	NMDA Selective Glutamate Receptor Complex (GO:0017146)	7	483	33010	0		1.0	1.0
GO_CC	hypermethylated	NSL Complex (GO:0044545)	9	483	33010	0		1.0	1.0
GO_CC	hypermethylated	NURF Complex (GO:0016589)	3	483	33010	0		1.0	1.0
GO_CC	hypermethylated	NuA4 Histone Acetyltransferase Complex (GO:0035267)	24	483	33010	0		1.0	1.0
GO_CC	hypermethylated	P Granule (GO:0043186)	21	483	33010	0		1.0	1.0
GO_CC	hypermethylated	P-body (GO:0000932)	81	483	33010	0		1.0	1.0
GO_CC	hypermethylated	PAR Polarity Complex (GO:0120157)	5	483	33010	0		1.0	1.0
GO_CC	hypermethylated	PRC1 Complex (GO:0035102)	15	483	33010	0		1.0	1.0
GO_CC	hypermethylated	PTW/PP1 Phosphatase Complex (GO:0072357)	6	483	33010	0		1.0	1.0
GO_CC	hypermethylated	RISC Complex (GO:0016442)	13	483	33010	0		1.0	1.0
GO_CC	hypermethylated	RISC-loading Complex (GO:0070578)	7	483	33010	0		1.0	1.0
GO_CC	hypermethylated	RNA N6-methyladenosine Methyltransferase Complex (GO:0036396)	8	483	33010	0		1.0	1.0
GO_CC	hypermethylated	RNA Polymerase I Complex (GO:0005736)	12	483	33010	0		1.0	1.0
GO_CC	hypermethylated	RNA Polymerase II, Core Complex (GO:0005665)	12	483	33010	0		1.0	1.0
GO_CC	hypermethylated	RNA Polymerase III Complex (GO:0005666)	17	483	33010	0		1.0	1.0
GO_CC	hypermethylated	RSC-type Complex (GO:0016586)	14	483	33010	0		1.0	1.0
GO_CC	hypermethylated	SAGA Complex (GO:0000124)	21	483	33010	0		1.0	1.0
GO_CC	hypermethylated	SAGA-type Complex (GO:0070461)	35	483	33010	0		1.0	1.0
GO_CC	hypermethylated	SAM Complex (GO:0001401)	11	483	33010	0		1.0	1.0
GO_CC	hypermethylated	SUMO Ligase Complex (GO:0106068)	12	483	33010	0		1.0	1.0
GO_CC	hypermethylated	Set1C/COMPASS Complex (GO:0048188)	11	483	33010	0		1.0	1.0
GO_CC	hypermethylated	Sin3 Complex (GO:0016580)	19	483	33010	0		1.0	1.0
GO_CC	hypermethylated	Sin3-type Complex (GO:0070822)	19	483	33010	0		1.0	1.0
GO_CC	hypermethylated	Smc5-Smc6 Complex (GO:0030915)	8	483	33010	0		1.0	1.0
GO_CC	hypermethylated	Swr1 Complex (GO:0000812)	12	483	33010	0		1.0	1.0
GO_CC	hypermethylated	T Cell Receptor Complex (GO:0042101)	12	483	33010	0		1.0	1.0
GO_CC	hypermethylated	THO Complex Part Of Transcription Export Complex (GO:0000445)	4	483	33010	0		1.0	1.0
GO_CC	hypermethylated	TIM22 Mitochondrial Import Inner Membrane Insertion Complex (GO:0042721)	6	483	33010	0		1.0	1.0
GO_CC	hypermethylated	TIM23 Mitochondrial Import Inner Membrane Translocase Complex (GO:0005744)	12	483	33010	0		1.0	1.0
GO_CC	hypermethylated	TORC2 Complex (GO:0031932)	7	483	33010	0		1.0	1.0
GO_CC	hypermethylated	TRAPPII Protein Complex (GO:1990071)	9	483	33010	0		1.0	1.0
GO_CC	hypermethylated	TRAPPIII Protein Complex (GO:1990072)	10	483	33010	0		1.0	1.0
GO_CC	hypermethylated	U1 snRNP (GO:0005685)	17	483	33010	0		1.0	1.0
GO_CC	hypermethylated	U12-type Spliceosomal Complex (GO:0005689)	24	483	33010	0		1.0	1.0
GO_CC	hypermethylated	U2 snRNP (GO:0005686)	22	483	33010	0		1.0	1.0
GO_CC	hypermethylated	U2-type Catalytic Step 1 Spliceosome (GO:0071006)	11	483	33010	0		1.0	1.0
GO_CC	hypermethylated	U2-type Catalytic Step 2 Spliceosome (GO:0071007)	29	483	33010	0		1.0	1.0
GO_CC	hypermethylated	U2-type Precatalytic Spliceosome (GO:0071005)	47	483	33010	0		1.0	1.0
GO_CC	hypermethylated	U2-type Prespliceosome (GO:0071004)	14	483	33010	0		1.0	1.0
GO_CC	hypermethylated	U2-type Spliceosomal Complex (GO:0005684)	85	483	33010	0		1.0	1.0
GO_CC	hypermethylated	U4 snRNP (GO:0005687)	9	483	33010	0		1.0	1.0
GO_CC	hypermethylated	U4/U6 X U5 tri-snRNP Complex (GO:0046540)	35	483	33010	0		1.0	1.0
GO_CC	hypermethylated	U5 snRNP (GO:0005682)	18	483	33010	0		1.0	1.0
GO_CC	hypermethylated	U6 snRNP (GO:0005688)	7	483	33010	0		1.0	1.0
GO_CC	hypermethylated	U7 snRNP (GO:0005683)	6	483	33010	0		1.0	1.0
GO_CC	hypermethylated	X Chromosome (GO:0000805)	6	483	33010	0		1.0	1.0
GO_CC	hypermethylated	Acetylcholine-Gated Channel Complex (GO:0005892)	13	483	33010	0		1.0	1.0
GO_CC	hypermethylated	Acrosomal Membrane (GO:0002080)	14	483	33010	0		1.0	1.0
GO_CC	hypermethylated	Activin Receptor Complex (GO:0048179)	5	483	33010	0		1.0	1.0
GO_CC	hypermethylated	Aggresome (GO:0016235)	33	483	33010	0		1.0	1.0
GO_CC	hypermethylated	Alpha-Beta T Cell Receptor Complex (GO:0042105)	6	483	33010	0		1.0	1.0
GO_CC	hypermethylated	Alveolar Lamellar Body (GO:0097208)	5	483	33010	0		1.0	1.0
GO_CC	hypermethylated	Amphisome (GO:0044753)	11	483	33010	0		1.0	1.0
GO_CC	hypermethylated	Amphisome Membrane (GO:1904930)	9	483	33010	0		1.0	1.0
GO_CC	hypermethylated	Anaphase-Promoting Complex (GO:0005680)	20	483	33010	0		1.0	1.0
GO_CC	hypermethylated	Apical Dendrite (GO:0097440)	9	483	33010	0		1.0	1.0
GO_CC	hypermethylated	Apical Junction Complex (GO:0043296)	96	483	33010	0		1.0	1.0
GO_CC	hypermethylated	Apicolateral Plasma Membrane (GO:0016327)	5	483	33010	0		1.0	1.0
GO_CC	hypermethylated	Astral Microtubule (GO:0000235)	6	483	33010	0		1.0	1.0
GO_CC	hypermethylated	Astrocyte Projection (GO:0097449)	7	483	33010	0		1.0	1.0
GO_CC	hypermethylated	Asymmetric, Glutamatergic, Excitatory Synapse (GO:0098985)	2	483	33010	0		1.0	1.0
GO_CC	hypermethylated	Autolysosome (GO:0044754)	8	483	33010	0		1.0	1.0
GO_CC	hypermethylated	Autophagosome (GO:0005776)	80	483	33010	0		1.0	1.0
GO_CC	hypermethylated	Autophagosome Membrane (GO:0000421)	35	483	33010	0		1.0	1.0
GO_CC	hypermethylated	Axonal Growth Cone (GO:0044295)	14	483	33010	0		1.0	1.0
GO_CC	hypermethylated	Azurophil Granule (GO:0042582)	145	483	33010	0		1.0	1.0
GO_CC	hypermethylated	Azurophil Granule Lumen (GO:0035578)	82	483	33010	0		1.0	1.0
GO_CC	hypermethylated	Azurophil Granule Membrane (GO:0035577)	55	483	33010	0		1.0	1.0
GO_CC	hypermethylated	bBAF Complex (GO:0140092)	9	483	33010	0		1.0	1.0
GO_CC	hypermethylated	beta-catenin-TCF Complex (GO:1990907)	12	483	33010	0		1.0	1.0
GO_CC	hypermethylated	Bicellular Tight Junction (GO:0005923)	74	483	33010	0		1.0	1.0
GO_CC	hypermethylated	Box C/D RNP Complex (GO:0031428)	5	483	33010	0		1.0	1.0
GO_CC	hypermethylated	Brahma Complex (GO:0035060)	13	483	33010	0		1.0	1.0
GO_CC	hypermethylated	Brush Border Membrane (GO:0031526)	39	483	33010	0		1.0	1.0
GO_CC	hypermethylated	Cell-Cell Contact Zone (GO:0044291)	45	483	33010	0		1.0	1.0
GO_CC	hypermethylated	Chitosome (GO:0045009)	13	483	33010	0		1.0	1.0
GO_CC	hypermethylated	Chromatoid Body (GO:0033391)	8	483	33010	0		1.0	1.0
GO_CC	hypermethylated	Chromocenter (GO:0010369)	5	483	33010	0		1.0	1.0
GO_CC	hypermethylated	Chromosome (GO:0005694)	153	483	33010	0		1.0	1.0
GO_CC	hypermethylated	Chylomicron (GO:0042627)	8	483	33010	0		1.0	1.0
GO_CC	hypermethylated	Ciliary Membrane (GO:0060170)	35	483	33010	0		1.0	1.0
GO_CC	hypermethylated	cis-Golgi Network (GO:0005801)	44	483	33010	0		1.0	1.0
GO_CC	hypermethylated	cis-Golgi Network Membrane (GO:0033106)	7	483	33010	0		1.0	1.0
GO_CC	hypermethylated	Clathrin Adaptor Complex (GO:0030131)	18	483	33010	0		1.0	1.0
GO_CC	hypermethylated	Clathrin Coat (GO:0030118)	16	483	33010	0		1.0	1.0
GO_CC	hypermethylated	Clathrin Coat Of Coated Pit (GO:0030132)	12	483	33010	0		1.0	1.0
GO_CC	hypermethylated	Clathrin Coat Of Endocytic Vesicle (GO:0030128)	8	483	33010	0		1.0	1.0
GO_CC	hypermethylated	Clathrin Coat Of trans-Golgi Network Vesicle (GO:0030130)	12	483	33010	0		1.0	1.0
GO_CC	hypermethylated	Clathrin Vesicle Coat (GO:0030125)	12	483	33010	0		1.0	1.0
GO_CC	hypermethylated	Clathrin-Sculpted Gamma-Aminobutyric Acid Transport Vesicle (GO:0061200)	7	483	33010	0		1.0	1.0
GO_CC	hypermethylated	Clathrin-Sculpted Gamma-Aminobutyric Acid Transport Vesicle Membrane (GO:0061202)	7	483	33010	0		1.0	1.0
GO_CC	hypermethylated	Coated Vesicle (GO:0030135)	77	483	33010	0		1.0	1.0
GO_CC	hypermethylated	Condensed Chromosome, Centromeric Region (GO:0000779)	9	483	33010	0		1.0	1.0
GO_CC	hypermethylated	Core Mediator Complex (GO:0070847)	22	483	33010	0		1.0	1.0
GO_CC	hypermethylated	Cornified Envelope (GO:0001533)	40	483	33010	0		1.0	1.0
GO_CC	hypermethylated	Cortical Endoplasmic Reticulum (GO:0032541)	4	483	33010	0		1.0	1.0
GO_CC	hypermethylated	Cortical Granule (GO:0060473)	5	483	33010	0		1.0	1.0
GO_CC	hypermethylated	Cyclin-Dependent Protein Kinase Holoenzyme Complex (GO:0000307)	37	483	33010	0		1.0	1.0
GO_CC	hypermethylated	cyclin/CDK Positive Transcription Elongation Factor Complex (GO:0008024)	5	483	33010	0		1.0	1.0
GO_CC	hypermethylated	Cytolytic Granule (GO:0044194)	7	483	33010	0		1.0	1.0
GO_CC	hypermethylated	Cytoplasmic Dynein Complex (GO:0005868)	16	483	33010	0		1.0	1.0
GO_CC	hypermethylated	Cytoplasmic Side Of Endoplasmic Reticulum Membrane (GO:0098554)	13	483	33010	0		1.0	1.0
GO_CC	hypermethylated	Cytoplasmic Side Of Endosome Membrane (GO:0010009)	5	483	33010	0		1.0	1.0
GO_CC	hypermethylated	Cytoplasmic Side Of Lysosomal Membrane (GO:0098574)	12	483	33010	0		1.0	1.0
GO_CC	hypermethylated	Cytosolic Large Ribosomal Subunit (GO:0022625)	49	483	33010	0		1.0	1.0
GO_CC	hypermethylated	Cytosolic Small Ribosomal Subunit (GO:0022627)	36	483	33010	0		1.0	1.0
GO_CC	hypermethylated	Death-Inducing Signaling Complex (GO:0031264)	7	483	33010	0		1.0	1.0
GO_CC	hypermethylated	Dendrite Cytoplasm (GO:0032839)	8	483	33010	0		1.0	1.0
GO_CC	hypermethylated	Dendritic Spine Membrane (GO:0032591)	7	483	33010	0		1.0	1.0
GO_CC	hypermethylated	Desmosome (GO:0030057)	16	483	33010	0		1.0	1.0
GO_CC	hypermethylated	Dihydrolipoyl Dehydrogenase Complex (GO:0045240)	7	483	33010	0		1.0	1.0
GO_CC	hypermethylated	Dystroglycan Complex (GO:0016011)	6	483	33010	0		1.0	1.0
GO_CC	hypermethylated	Early Endosome Membrane (GO:0031901)	104	483	33010	0		1.0	1.0
GO_CC	hypermethylated	Early Phagosome (GO:0032009)	10	483	33010	0		1.0	1.0
GO_CC	hypermethylated	Endocytic Vesicle Lumen (GO:0071682)	21	483	33010	0		1.0	1.0
GO_CC	hypermethylated	Endolysosome (GO:0036019)	25	483	33010	0		1.0	1.0
GO_CC	hypermethylated	Endolysosome Membrane (GO:0036020)	16	483	33010	0		1.0	1.0
GO_CC	hypermethylated	Endopeptidase Complex (GO:1905369)	14	483	33010	0		1.0	1.0
GO_CC	hypermethylated	Endoplasmic Reticulum Tubular Network (GO:0071782)	25	483	33010	0		1.0	1.0
GO_CC	hypermethylated	Endoplasmic reticulum-Golgi Intermediate Compartment Membrane (GO:0033116)	47	483	33010	0		1.0	1.0
GO_CC	hypermethylated	Endoribonuclease Complex (GO:1902555)	17	483	33010	0		1.0	1.0
GO_CC	hypermethylated	Endosome Lumen (GO:0031904)	23	483	33010	0		1.0	1.0
GO_CC	hypermethylated	Excitatory Synapse (GO:0060076)	19	483	33010	0		1.0	1.0
GO_CC	hypermethylated	Exocytic Vesicle (GO:0070382)	13	483	33010	0		1.0	1.0
GO_CC	hypermethylated	External Side Of Apical Plasma Membrane (GO:0098591)	5	483	33010	0		1.0	1.0
GO_CC	hypermethylated	Extracellular Membrane-Bounded Organelle (GO:0065010)	56	483	33010	0		1.0	1.0
GO_CC	hypermethylated	Extracellular Vesicle (GO:1903561)	58	483	33010	0		1.0	1.0
GO_CC	hypermethylated	Extrinsic Component Of Endoplasmic Reticulum Membrane (GO:0042406)	5	483	33010	0		1.0	1.0
GO_CC	hypermethylated	Extrinsic Component Of Endosome Membrane (GO:0031313)	6	483	33010	0		1.0	1.0
GO_CC	hypermethylated	Filopodium Membrane (GO:0031527)	10	483	33010	0		1.0	1.0
GO_CC	hypermethylated	Gamma-Delta T Cell Receptor Complex (GO:0042106)	2	483	33010	0		1.0	1.0
GO_CC	hypermethylated	Germ Plasm (GO:0060293)	14	483	33010	0		1.0	1.0
GO_CC	hypermethylated	Glial Cell Projection (GO:0097386)	12	483	33010	0		1.0	1.0
GO_CC	hypermethylated	Heterotrimeric G-protein Complex (GO:0005834)	24	483	33010	0		1.0	1.0
GO_CC	hypermethylated	High-Density Lipoprotein Particle (GO:0034364)	18	483	33010	0		1.0	1.0
GO_CC	hypermethylated	Histone Acetyltransferase Complex (GO:0000123)	24	483	33010	0		1.0	1.0
GO_CC	hypermethylated	Inhibitory Synapse (GO:0060077)	5	483	33010	0		1.0	1.0
GO_CC	hypermethylated	Insulin-Responsive Compartment (GO:0032593)	5	483	33010	0		1.0	1.0
GO_CC	hypermethylated	Intercalated Disc (GO:0014704)	30	483	33010	0		1.0	1.0
GO_CC	hypermethylated	Intracellular Vesicle (GO:0097708)	11	483	33010	0		1.0	1.0
GO_CC	hypermethylated	Junctional Sarcoplasmic Reticulum Membrane (GO:0014701)	8	483	33010	0		1.0	1.0
GO_CC	hypermethylated	Keratin Filament (GO:0045095)	38	483	33010	0		1.0	1.0
GO_CC	hypermethylated	Kinetochore Microtubule (GO:0005828)	18	483	33010	0		1.0	1.0
GO_CC	hypermethylated	Large Ribosomal Subunit (GO:0015934)	49	483	33010	0		1.0	1.0
GO_CC	hypermethylated	Late Endosome Lumen (GO:0031906)	6	483	33010	0		1.0	1.0
GO_CC	hypermethylated	Late Endosome Membrane (GO:0031902)	78	483	33010	0		1.0	1.0
GO_CC	hypermethylated	Low-Density Lipoprotein Particle (GO:0034362)	6	483	33010	0		1.0	1.0
GO_CC	hypermethylated	Lysosomal Lumen (GO:0043202)	78	483	33010	0		1.0	1.0
GO_CC	hypermethylated	mRNA Cleavage And Polyadenylation Specificity Factor Complex (GO:0005847)	12	483	33010	0		1.0	1.0
GO_CC	hypermethylated	Macropinosome (GO:0044354)	6	483	33010	0		1.0	1.0
GO_CC	hypermethylated	Melanosome (GO:0042470)	28	483	33010	0		1.0	1.0
GO_CC	hypermethylated	Melanosome Membrane (GO:0033162)	13	483	33010	0		1.0	1.0
GO_CC	hypermethylated	Membrane Attack Complex (GO:0005579)	6	483	33010	0		1.0	1.0
GO_CC	hypermethylated	Microbody Lumen (GO:0031907)	49	483	33010	0		1.0	1.0
GO_CC	hypermethylated	Microbody Membrane (GO:0031903)	53	483	33010	0		1.0	1.0
GO_CC	hypermethylated	Microfibril (GO:0001527)	11	483	33010	0		1.0	1.0
GO_CC	hypermethylated	Mitochondrial Alpha-Ketoglutarate Dehydrogenase Complex (GO:0005947)	5	483	33010	0		1.0	1.0
GO_CC	hypermethylated	Mitochondrial Intermembrane Space (GO:0005758)	58	483	33010	0		1.0	1.0
GO_CC	hypermethylated	Mitochondrial Matrix (GO:0005759)	340	483	33010	0		1.0	1.0
GO_CC	hypermethylated	Mitochondrial Outer Membrane (GO:0005741)	142	483	33010	0		1.0	1.0
GO_CC	hypermethylated	Mitochondrial Outer Membrane Translocase Complex (GO:0005742)	20	483	33010	0		1.0	1.0
GO_CC	hypermethylated	Mitochondrial Proton-Transporting ATP Synthase Complex (GO:0005753)	16	483	33010	0		1.0	1.0
GO_CC	hypermethylated	Mitochondrial Proton-Transporting ATP Synthase Complex, Coupling Factor F(o) (GO:0000276)	7	483	33010	0		1.0	1.0
GO_CC	hypermethylated	Mitochondrial Respiratory Chain Complex I (GO:0005747)	39	483	33010	0		1.0	1.0
GO_CC	hypermethylated	Mitochondrial Respiratory Chain Complex III (GO:0005750)	11	483	33010	0		1.0	1.0
GO_CC	hypermethylated	Mitochondrial Ribosome (GO:0005761)	22	483	33010	0		1.0	1.0
GO_CC	hypermethylated	Mitotic Spindle Microtubule (GO:1990498)	12	483	33010	0		1.0	1.0
GO_CC	hypermethylated	Multimeric Ribonuclease P Complex (GO:0030681)	9	483	33010	0		1.0	1.0
GO_CC	hypermethylated	Multivesicular Body (GO:0005771)	46	483	33010	0		1.0	1.0
GO_CC	hypermethylated	Multivesicular Body Lumen (GO:0097486)	4	483	33010	0		1.0	1.0
GO_CC	hypermethylated	Multivesicular Body Membrane (GO:0032585)	19	483	33010	0		1.0	1.0
GO_CC	hypermethylated	Multivesicular Body, Internal Vesicle (GO:0097487)	5	483	33010	0		1.0	1.0
GO_CC	hypermethylated	Muscle Myosin Complex (GO:0005859)	13	483	33010	0		1.0	1.0
GO_CC	hypermethylated	Myofibril (GO:0030016)	28	483	33010	0		1.0	1.0
GO_CC	hypermethylated	Myosin Filament (GO:0032982)	15	483	33010	0		1.0	1.0
GO_CC	hypermethylated	nBAF Complex (GO:0071565)	14	483	33010	0		1.0	1.0
GO_CC	hypermethylated	Neuromuscular Junction (GO:0031594)	38	483	33010	0		1.0	1.0
GO_CC	hypermethylated	Neuron Projection Cytoplasm (GO:0120111)	9	483	33010	0		1.0	1.0
GO_CC	hypermethylated	Neuron To Neuron Synapse (GO:0098984)	9	483	33010	0		1.0	1.0
GO_CC	hypermethylated	Neurotransmitter Receptor Complex (GO:0098878)	6	483	33010	0		1.0	1.0
GO_CC	hypermethylated	Non-Motile Cilium (GO:0097730)	27	483	33010	0		1.0	1.0
GO_CC	hypermethylated	npBAF Complex (GO:0071564)	12	483	33010	0		1.0	1.0
GO_CC	hypermethylated	Nuclear Envelope Lumen (GO:0005641)	5	483	33010	0		1.0	1.0
GO_CC	hypermethylated	Nuclear Inclusion Body (GO:0042405)	10	483	33010	0		1.0	1.0
GO_CC	hypermethylated	Nuclear Inner Membrane (GO:0005637)	27	483	33010	0		1.0	1.0
GO_CC	hypermethylated	Nuclear Outer Membrane (GO:0005640)	16	483	33010	0		1.0	1.0
GO_CC	hypermethylated	Nucleolar Exosome (RNase Complex) (GO:0101019)	9	483	33010	0		1.0	1.0
GO_CC	hypermethylated	Organelle Outer Membrane (GO:0031968)	158	483	33010	0		1.0	1.0
GO_CC	hypermethylated	Outer Dynein Arm (GO:0036157)	7	483	33010	0		1.0	1.0
GO_CC	hypermethylated	Pericentric Heterochromatin (GO:0005721)	21	483	33010	0		1.0	1.0
GO_CC	hypermethylated	Perineuronal Net (GO:0072534)	8	483	33010	0		1.0	1.0
GO_CC	hypermethylated	Perisynaptic Extracellular Matrix (GO:0098966)	9	483	33010	0		1.0	1.0
GO_CC	hypermethylated	Peroxisomal Matrix (GO:0005782)	49	483	33010	0		1.0	1.0
GO_CC	hypermethylated	Peroxisomal Membrane (GO:0005778)	53	483	33010	0		1.0	1.0
GO_CC	hypermethylated	Peroxisome (GO:0005777)	128	483	33010	0		1.0	1.0
GO_CC	hypermethylated	Phagocytic Vesicle Membrane (GO:0030670)	43	483	33010	0		1.0	1.0
GO_CC	hypermethylated	Phosphatidylinositol 3-Kinase Complex, Class I (GO:0097651)	8	483	33010	0		1.0	1.0
GO_CC	hypermethylated	Phosphatidylinositol 3-Kinase Complex, Class IA (GO:0005943)	8	483	33010	0		1.0	1.0
GO_CC	hypermethylated	Phosphatidylinositol 3-Kinase Complex, Class III (GO:0035032)	6	483	33010	0		1.0	1.0
GO_CC	hypermethylated	Pi-Body (GO:0071546)	9	483	33010	0		1.0	1.0
GO_CC	hypermethylated	Pigment Granule (GO:0048770)	22	483	33010	0		1.0	1.0
GO_CC	hypermethylated	Pigment Granule Membrane (GO:0090741)	13	483	33010	0		1.0	1.0
GO_CC	hypermethylated	Pinosome (GO:0044352)	6	483	33010	0		1.0	1.0
GO_CC	hypermethylated	Platelet Alpha Granule (GO:0031091)	78	483	33010	0		1.0	1.0
GO_CC	hypermethylated	Platelet Alpha Granule Lumen (GO:0031093)	57	483	33010	0		1.0	1.0
GO_CC	hypermethylated	Platelet Alpha Granule Membrane (GO:0031092)	15	483	33010	0		1.0	1.0
GO_CC	hypermethylated	Platelet Dense Granule Membrane (GO:0031088)	4	483	33010	0		1.0	1.0
GO_CC	hypermethylated	Platelet Dense Tubular Network (GO:0031094)	10	483	33010	0		1.0	1.0
GO_CC	hypermethylated	Platelet Dense Tubular Network Membrane (GO:0031095)	8	483	33010	0		1.0	1.0
GO_CC	hypermethylated	Podosome (GO:0002102)	12	483	33010	0		1.0	1.0
GO_CC	hypermethylated	Polysomal Ribosome (GO:0042788)	26	483	33010	0		1.0	1.0
GO_CC	hypermethylated	post-mRNA Release Spliceosomal Complex (GO:0071014)	8	483	33010	0		1.0	1.0
GO_CC	hypermethylated	Postsynaptic Recycling Endosome (GO:0098837)	4	483	33010	0		1.0	1.0
GO_CC	hypermethylated	Precatalytic Spliceosome (GO:0071011)	49	483	33010	0		1.0	1.0
GO_CC	hypermethylated	Preribosome, Large Subunit Precursor (GO:0030687)	17	483	33010	0		1.0	1.0
GO_CC	hypermethylated	Preribosome, Small Subunit Precursor (GO:0030688)	10	483	33010	0		1.0	1.0
GO_CC	hypermethylated	Prespliceosome (GO:0071010)	14	483	33010	0		1.0	1.0
GO_CC	hypermethylated	Primary Lysosome (GO:0005766)	10	483	33010	0		1.0	1.0
GO_CC	hypermethylated	Protein Phosphatase 4 Complex (GO:0030289)	4	483	33010	0		1.0	1.0
GO_CC	hypermethylated	Protein Phosphatase Type 2A Complex (GO:0000159)	15	483	33010	0		1.0	1.0
GO_CC	hypermethylated	Protein Serine/Threonine Phosphatase Complex (GO:0008287)	27	483	33010	0		1.0	1.0
GO_CC	hypermethylated	Proton-Transporting ATP Synthase Complex (GO:0045259)	16	483	33010	0		1.0	1.0
GO_CC	hypermethylated	Proton-Transporting V-type ATPase, V0 Domain (GO:0033179)	6	483	33010	0		1.0	1.0
GO_CC	hypermethylated	Pseudopodium (GO:0031143)	6	483	33010	0		1.0	1.0
GO_CC	hypermethylated	Recycling Endosome Membrane (GO:0055038)	66	483	33010	0		1.0	1.0
GO_CC	hypermethylated	Respiratory Chain Complex I (GO:0045271)	39	483	33010	0		1.0	1.0
GO_CC	hypermethylated	Respiratory Chain Complex III (GO:0045275)	11	483	33010	0		1.0	1.0
GO_CC	hypermethylated	Ribonuclease MRP Complex (GO:0000172)	7	483	33010	0		1.0	1.0
GO_CC	hypermethylated	Ribosome (GO:0005840)	58	483	33010	0		1.0	1.0
GO_CC	hypermethylated	Rough Endoplasmic Reticulum (GO:0005791)	29	483	33010	0		1.0	1.0
GO_CC	hypermethylated	Rough Endoplasmic Reticulum Membrane (GO:0030867)	4	483	33010	0		1.0	1.0
GO_CC	hypermethylated	Sarcoglycan Complex (GO:0016012)	5	483	33010	0		1.0	1.0
GO_CC	hypermethylated	Sarcolemma (GO:0042383)	51	483	33010	0		1.0	1.0
GO_CC	hypermethylated	Sarcoplasmic Reticulum (GO:0016529)	43	483	33010	0		1.0	1.0
GO_CC	hypermethylated	Sarcoplasmic Reticulum Membrane (GO:0033017)	26	483	33010	0		1.0	1.0
GO_CC	hypermethylated	Secondary Lysosome (GO:0005767)	13	483	33010	0		1.0	1.0
GO_CC	hypermethylated	Secretory Vesicle (GO:0099503)	13	483	33010	0		1.0	1.0
GO_CC	hypermethylated	Septin Cytoskeleton (GO:0032156)	11	483	33010	0		1.0	1.0
GO_CC	hypermethylated	Septin Ring (GO:0005940)	11	483	33010	0		1.0	1.0
GO_CC	hypermethylated	Serine C-palmitoyltransferase Complex (GO:0017059)	7	483	33010	0		1.0	1.0
GO_CC	hypermethylated	Serine Protease Inhibitor Complex (GO:0097180)	5	483	33010	0		1.0	1.0
GO_CC	hypermethylated	Serine-Type Endopeptidase Complex (GO:1905370)	10	483	33010	0		1.0	1.0
GO_CC	hypermethylated	Serine-Type Peptidase Complex (GO:1905286)	12	483	33010	0		1.0	1.0
GO_CC	hypermethylated	Serine/Threonine Protein Kinase Complex (GO:1902554)	56	483	33010	0		1.0	1.0
GO_CC	hypermethylated	Sex Chromosome (GO:0000803)	5	483	33010	0		1.0	1.0
GO_CC	hypermethylated	Shelterin Complex (GO:0070187)	5	483	33010	0		1.0	1.0
GO_CC	hypermethylated	Signal Recognition Particle, Endoplasmic Reticulum Targeting (GO:0005786)	5	483	33010	0		1.0	1.0
GO_CC	hypermethylated	Small Ribosomal Subunit (GO:0015935)	37	483	33010	0		1.0	1.0
GO_CC	hypermethylated	Small-Subunit Processome (GO:0032040)	68	483	33010	0		1.0	1.0
GO_CC	hypermethylated	Smooth Endoplasmic Reticulum (GO:0005790)	18	483	33010	0		1.0	1.0
GO_CC	hypermethylated	Sodium Channel Complex (GO:0034706)	18	483	33010	0		1.0	1.0
GO_CC	hypermethylated	Sodium:Potassium-Exchanging ATPase Complex (GO:0005890)	9	483	33010	0		1.0	1.0
GO_CC	hypermethylated	Specific Granule Lumen (GO:0035580)	58	483	33010	0		1.0	1.0
GO_CC	hypermethylated	Spectrin-Associated Cytoskeleton (GO:0014731)	7	483	33010	0		1.0	1.0
GO_CC	hypermethylated	Spherical High-Density Lipoprotein Particle (GO:0034366)	7	483	33010	0		1.0	1.0
GO_CC	hypermethylated	Spindle Microtubule (GO:0005876)	64	483	33010	0		1.0	1.0
GO_CC	hypermethylated	Spliceosomal snRNP Complex (GO:0097525)	54	483	33010	0		1.0	1.0
GO_CC	hypermethylated	Spliceosomal tri-snRNP Complex (GO:0097526)	35	483	33010	0		1.0	1.0
GO_CC	hypermethylated	Supramolecular Fiber (GO:0099512)	35	483	33010	0		1.0	1.0
GO_CC	hypermethylated	Symmetric Synapse (GO:0032280)	2	483	33010	0		1.0	1.0
GO_CC	hypermethylated	tRNA Methyltransferase Complex (GO:0043527)	6	483	33010	0		1.0	1.0
GO_CC	hypermethylated	Tertiary Granule Membrane (GO:0070821)	67	483	33010	0		1.0	1.0
GO_CC	hypermethylated	Tight Junction (GO:0070160)	84	483	33010	0		1.0	1.0
GO_CC	hypermethylated	trans-Golgi Network Transport Vesicle (GO:0030140)	15	483	33010	0		1.0	1.0
GO_CC	hypermethylated	Transcription Factor TFIID Complex (GO:0005669)	30	483	33010	0		1.0	1.0
GO_CC	hypermethylated	Transcription Factor TFIIH Core Complex (GO:0000439)	8	483	33010	0		1.0	1.0
GO_CC	hypermethylated	Transcription Factor TFIIH Holo Complex (GO:0005675)	9	483	33010	0		1.0	1.0
GO_CC	hypermethylated	Transcription Factor TFIIIC Complex (GO:0000127)	5	483	33010	0		1.0	1.0
GO_CC	hypermethylated	Transcription Factor TFTC Complex (GO:0033276)	16	483	33010	0		1.0	1.0
GO_CC	hypermethylated	Transferase Complex, Transferring Phosphorus-Containing Groups (GO:0061695)	7	483	33010	0		1.0	1.0
GO_CC	hypermethylated	Triglyceride-Rich Plasma Lipoprotein Particle (GO:0034385)	14	483	33010	0		1.0	1.0
GO_CC	hypermethylated	Uniplex Complex (GO:1990246)	5	483	33010	0		1.0	1.0
GO_CC	hypermethylated	Vacuolar Lumen (GO:0005775)	147	483	33010	0		1.0	1.0
GO_CC	hypermethylated	Vacuolar Proton-Transporting V-type ATPase, V0 Domain (GO:0000220)	6	483	33010	0		1.0	1.0
GO_CC	hypermethylated	Very-Low-Density Lipoprotein Particle (GO:0034361)	14	483	33010	0		1.0	1.0
GO_CC	hypermethylated	Vesicle (GO:0031982)	225	483	33010	0		1.0	1.0
GO_CC	hypermethylated	Vesicle Coat (GO:0030120)	37	483	33010	0		1.0	1.0
GO_CC	hypermethylated	Voltage-Gated Sodium Channel Complex (GO:0001518)	7	483	33010	0		1.0	1.0
GO_CC	hypermethylated	Zonula Adherens (GO:0005915)	5	483	33010	0		1.0	1.0
GO_CC	hypermethylated	Zymogen Granule (GO:0042588)	6	483	33010	0		1.0	1.0
GO_CC	hypermethylated	Zymogen Granule Membrane (GO:0042589)	6	483	33010	0		1.0	1.0
GO_CC	hypomethylated	Dendritic Spine Membrane (GO:0032591)	7	199	33010	2	GRIA1,SHISA6	0.0007444075781420411	0.3359334224987596
GO_CC	hypomethylated	Actin-Based Cell Projection (GO:0098858)	80	199	33010	4	CD44,CXADR,EZR,WWOX	0.0014174406012605891	0.3359334224987596
GO_CC	hypomethylated	Exocytic Vesicle Membrane (GO:0099501)	50	199	33010	3	PTPRN2,SYNGR2,SYT1	0.0034341574108332365	0.39137712000944924
GO_CC	hypomethylated	Synaptic Vesicle Membrane (GO:0030672)	51	199	33010	3	PTPRN2,SYNGR2,SYT1	0.0036327571115226803	0.39137712000944924
GO_CC	hypomethylated	Microvillus (GO:0005902)	57	199	33010	3	CD44,EZR,WWOX	0.0049711957291986115	0.39137712000944924
GO_CC	hypomethylated	AMPA Glutamate Receptor Complex (GO:0032281)	18	199	33010	2	GRIA1,SHISA6	0.005191926787434936	0.39137712000944924
GO_CC	hypomethylated	Excitatory Synapse (GO:0060076)	19	199	33010	2	ELFN1,SHISA6	0.005779830886215495	0.39137712000944924
GO_CC	hypomethylated	Dendrite Membrane (GO:0032590)	26	199	33010	2	GRIA1,SHISA6	0.010685606337804463	0.6037783135755213
GO_CC	hypomethylated	Asymmetric, Glutamatergic, Excitatory Synapse (GO:0098985)	2	199	33010	1	SHISA6	0.012020791443428597	0.6037783135755213
GO_CC	hypomethylated	Synaptic Membrane (GO:0097060)	30	199	33010	2	GRIA1,SHISA6	0.014078768050241572	0.6037783135755213
GO_CC	hypomethylated	Ionotropic Glutamate Receptor Complex (GO:0008328)	32	199	33010	2	GRIA1,SHISA6	0.01592729229036731	0.6037783135755213
GO_CC	hypomethylated	Membrane Raft (GO:0045121)	162	199	33010	4	CXADR,EZR,S100A10,TNFRSF10A	0.01694416921067716	0.6037783135755213
GO_CC	hypomethylated	Basolateral Plasma Membrane (GO:0016323)	163	199	33010	4	AJAP1,CD44,CXADR,EZR	0.0172908154273397	0.6037783135755213
GO_CC	hypomethylated	Polymeric Cytoskeletal Fiber (GO:0099513)	249	199	33010	5	CCT5,CCT6A,COTL1,EZR,RADIL	0.017833114746956324	0.6037783135755213
GO_CC	hypomethylated	Microtubule (GO:0005874)	175	199	33010	4	CCT5,CCT6A,PARP4,RADIL	0.021798137149339335	0.6522715296929595
GO_CC	hypomethylated	Cytoplasmic Vesicle Membrane (GO:0030659)	367	199	33010	6	CD44,CD58,GRIA1,PMEPA1,PTPRN2,ZNRF2	0.024357553519460232	0.6522715296929595
GO_CC	hypomethylated	Early Endosome Membrane (GO:0031901)	104	199	33010	3	ATP13A3,GRIA1,PMEPA1	0.02520084414687056	0.6522715296929595
GO_CC	hypomethylated	Cell-Cell Junction (GO:0005911)	281	199	33010	5	AJAP1,CLDN4,CXADR,EZR,GRHL2	0.02818087688346395	0.6522715296929595
GO_CC	hypomethylated	Apicolateral Plasma Membrane (GO:0016327)	5	199	33010	1	CXADR	0.029782922922809332	0.6522715296929595
GO_CC	hypomethylated	Nuclear Stress Granule (GO:0097165)	5	199	33010	1	RBFOX1	0.029782922922809332	0.6522715296929595
GO_CC	hypomethylated	Cell-Cell Contact Zone (GO:0044291)	45	199	33010	2	AJAP1,CXADR	0.03021205221756865	0.6522715296929595
GO_CC	hypomethylated	Multivesicular Body (GO:0005771)	46	199	33010	2	CST7,RAB27A	0.03146228062942064	0.6522715296929595
GO_CC	hypomethylated	Voltage-Gated Calcium Channel Complex (GO:0005891)	48	199	33010	2	CATSPERG,SCN1A	0.03402288732659031	0.6522715296929595
GO_CC	hypomethylated	Spindle (GO:0005819)	203	199	33010	4	CSPP1,PARP4,TAF1D,TBL1XR1	0.034897150753492166	0.6522715296929595
GO_CC	hypomethylated	Lytic Vacuole (GO:0000323)	209	199	33010	4	CD1D,CST7,MFSD1,RAB27A	0.03818633484109745	0.6522715296929595
GO_CC	hypomethylated	ER To Golgi Transport Vesicle Membrane (GO:0012507)	52	199	33010	2	GRIA1,SAR1A	0.039376794812706804	0.6522715296929595
GO_CC	hypomethylated	Clathrin-Sculpted Gamma-Aminobutyric Acid Transport Vesicle (GO:0061200)	7	199	33010	1	SYT1	0.04144746156503158	0.6522715296929595
GO_CC	hypomethylated	Clathrin-Sculpted Gamma-Aminobutyric Acid Transport Vesicle Membrane (GO:0061202)	7	199	33010	1	SYT1	0.04144746156503158	0.6522715296929595
GO_CC	hypomethylated	Filopodium (GO:0030175)	55	199	33010	2	CXADR,EZR	0.04358714661760625	0.6522715296929595
GO_CC	hypomethylated	Transport Vesicle Membrane (GO:0030658)	56	199	33010	2	GRIA1,SYT1	0.045026288894920156	0.6522715296929595
GO_CC	hypomethylated	Ficolin-1-Rich Granule Membrane (GO:0101003)	57	199	33010	2	CD58,PTPRN2	0.046482837737310045	0.6522715296929595
GO_CC	hypomethylated	Smc5-Smc6 Complex (GO:0030915)	8	199	33010	1	NSMCE2	0.04722729840254813	0.6522715296929595
GO_CC	hypomethylated	Perineuronal Net (GO:0072534)	8	199	33010	1	TNR	0.04722729840254813	0.6522715296929595
GO_CC	hypomethylated	Condensed Chromosome (GO:0000793)	58	199	33010	2	NSMCE2,SMC4	0.04795653333148714	0.6522715296929595
GO_CC	hypomethylated	Microtubule Cytoskeleton (GO:0015630)	326	199	33010	5	CCT5,CCT6A,CSPP1,NAV1,RADIL	0.048163509576484353	0.6522715296929595
GO_CC	hypomethylated	Cortical Cytoskeleton (GO:0030863)	61	199	33010	2	COTL1,EZR	0.05247793944846608	0.6786201417296779
GO_CC	hypomethylated	Perisynaptic Extracellular Matrix (GO:0098966)	9	199	33010	1	TNR	0.05297245832067106	0.6786201417296779
GO_CC	hypomethylated	Adherens Junction (GO:0005912)	142	199	33010	3	AJAP1,CXADR,EZR	0.05489211830980006	0.6847069494432955
GO_CC	hypomethylated	Actin Filament (GO:0005884)	64	199	33010	2	COTL1,EZR	0.057144548066462374	0.6945260457308504
GO_CC	hypomethylated	Recycling Endosome Membrane (GO:0055038)	66	199	33010	2	ATP13A3,GRIA1	0.06033301002959081	0.7149461688506511
GO_CC	hypomethylated	Glutamatergic Synapse (GO:0098978)	67	199	33010	2	DLGAP2,SHISA6	0.06194973607292541	0.7161993877699181
GO_CC	hypomethylated	Cytoplasmic Stress Granule (GO:0010494)	71	199	33010	2	RBFOX1,ZFAND1	0.06856112746553657	0.7167870706368423
GO_CC	hypomethylated	SUMO Ligase Complex (GO:0106068)	12	199	33010	1	NSMCE2	0.07000194046281684	0.7167870706368423
GO_CC	hypomethylated	Bicellular Tight Junction (GO:0005923)	74	199	33010	2	CLDN4,CXADR	0.07366496435825641	0.7167870706368423
GO_CC	hypomethylated	CatSper Complex (GO:0036128)	13	199	33010	1	CATSPERG	0.07561045048911838	0.7167870706368423
GO_CC	hypomethylated	Chitosome (GO:0045009)	13	199	33010	1	RAB27A	0.07561045048911838	0.7167870706368423
GO_CC	hypomethylated	Exocytic Vesicle (GO:0070382)	13	199	33010	1	RAB27A	0.07561045048911838	0.7167870706368423
GO_CC	hypomethylated	Melanosome Membrane (GO:0033162)	13	199	33010	1	RAB27A	0.07561045048911838	0.7167870706368423
GO_CC	hypomethylated	Pigment Granule Membrane (GO:0090741)	13	199	33010	1	RAB27A	0.07561045048911838	0.7167870706368423
GO_CC	hypomethylated	Secretory Vesicle (GO:0099503)	13	199	33010	1	RAB27A	0.07561045048911838	0.7167870706368423
GO_CC	hypomethylated	Late Endosome Membrane (GO:0031902)	78	199	33010	2	ATP13A3,RAB27A	0.08065237674641873	0.7400352929155319
GO_CC	hypomethylated	Germ Plasm (GO:0060293)	14	199	33010	1	HENMT1	0.08118530639579676	0.7400352929155319
GO_CC	hypomethylated	COPII Vesicle Coat (GO:0030127)	15	199	33010	1	SAR1A	0.08672670911210287	0.7756313230025803
GO_CC	hypomethylated	Tight Junction (GO:0070160)	84	199	33010	2	CLDN4,CXADR	0.09149636997276825	0.7807021940917505
GO_CC	hypomethylated	Ficolin-1-Rich Granule (GO:0101002)	177	199	33010	3	CD58,COTL1,PTPRN2	0.09198830670407354	0.7807021940917505
GO_CC	hypomethylated	Dense Core Granule (GO:0031045)	16	199	33010	1	SYT1	0.09223485837370891	0.7807021940917505
GO_CC	hypomethylated	Late Endosome (GO:0005770)	188	199	33010	3	ATP13A3,CST7,RAB27A	0.105331703041677	0.8759162673992086
GO_CC	hypomethylated	Multivesicular Body Membrane (GO:0032585)	19	199	33010	1	RAB27A	0.10856176503121515	0.8872116659447582
GO_CC	hypomethylated	Nucleus (GO:0005634)	4109	199	33010	31	ASIC2,CDKN2A,COPS5,CREM,GATAD2B,GON4L,GRHL2,HENMT1,LINC-PINT,MDC1,MYT1L,NFE2L3,NSMCE2,PARP1,PARP4,PHACTR1,PRDM16,RBFOX1,RBFOX3,RPS2,SMC4,SRSF7,SUB1,TBL1XR1,TCERG1L,TMPO,TRIM15,WWOX,ZBTB16,ZCCHC8,ZNF217	0.1107608252378405	0.8898412061480745
GO_CC	hypomethylated	Apical Junction Complex (GO:0043296)	96	199	33010	2	CLDN4,CXADR	0.11433165718150828	0.9032200917339155
GO_CC	hypomethylated	Intracellular Membrane-Bounded Organelle (GO:0043231)	4741	199	33010	35	ASIC2,BCL9,CDKN2A,COPS5,CREM,CYP27C1,GATAD2B,GON4L,GRHL2,HENMT1,LINC-PINT,MDC1,MYT1L,NFE2L3,NSMCE2,PARP1,PARP4,PHACTR1,PMEPA1,PRDM16,RBFOX1,RBFOX3,RPS2,SMC4,SRSF7,SUB1,TBL1XR1,TCERG1L,TMPO,TRIM15,WWOX,ZBTB16,ZCCHC8,ZNF217,ZNRF2	0.11674898706025258	0.9071970469927824
GO_CC	hypomethylated	P Granule (GO:0043186)	21	199	33010	1	HENMT1	0.11928371094460652	0.9119432094797337
GO_CC	hypomethylated	Pigment Granule (GO:0048770)	22	199	33010	1	RAB27A	0.12459646797034314	0.9374400923482961
GO_CC	hypomethylated	U12-type Spliceosomal Complex (GO:0005689)	24	199	33010	1	RBMXL2	0.1351265080458341	1.0
GO_CC	hypomethylated	Nucleolus (GO:0005730)	716	199	33010	7	ADARB2,ASIC2,PARP1,RPS2,SUB1,TAF1D,ZCCHC8	0.14332442396889322	1.0
GO_CC	hypomethylated	Condensed Nuclear Chromosome (GO:0000794)	26	199	33010	1	SMC4	0.14553051341915846	1.0
GO_CC	hypomethylated	Nuclear Lumen (GO:0031981)	724	199	33010	7	ADARB2,ASIC2,PARP1,RPS2,SUB1,TAF1D,ZCCHC8	0.1491644422394304	1.0
GO_CC	hypomethylated	Melanosome (GO:0042470)	28	199	33010	1	RAB27A	0.15580998507950578	1.0
GO_CC	hypomethylated	Lysosome (GO:0005764)	472	199	33010	5	CD1D,CST7,GPR137B,MFSD1,RAB27A	0.15757977417695293	1.0
GO_CC	hypomethylated	Cytoplasmic Side Of Plasma Membrane (GO:0009898)	118	199	33010	2	AJAP1,EZR	0.15927137593563795	1.0
GO_CC	hypomethylated	Intercalated Disc (GO:0014704)	30	199	33010	1	CXADR	0.16596640622994988	1.0
GO_CC	hypomethylated	Asymmetric Synapse (GO:0032279)	125	199	33010	2	GRIA1,SHISA6	0.17418331263996226	1.0
GO_CC	hypomethylated	Postsynaptic Density Membrane (GO:0098839)	32	199	33010	1	GRIA1	0.17600124249714516	1.0
GO_CC	hypomethylated	Aggresome (GO:0016235)	33	199	33010	1	PRDM16	0.18097351955285096	1.0
GO_CC	hypomethylated	Supramolecular Fiber (GO:0099512)	35	199	33010	1	CTPS1	0.1908286886061268	1.0
GO_CC	hypomethylated	Focal Adhesion (GO:0005925)	377	199	33010	4	CD44,EZR,MDC1,RPS2	0.19383341860114922	1.0
GO_CC	hypomethylated	Cytosolic Small Ribosomal Subunit (GO:0022627)	36	199	33010	1	RPS2	0.1957119362472908	1.0
GO_CC	hypomethylated	Postsynaptic Specialization Membrane (GO:0099634)	36	199	33010	1	GRIA1	0.1957119362472908	1.0
GO_CC	hypomethylated	Dendrite (GO:0030425)	253	199	33010	3	ELFN1,GRIA1,RAB27A	0.1966699439459947	1.0
GO_CC	hypomethylated	Mitotic Spindle (GO:0072686)	137	199	33010	2	TAF1D,TBL1XR1	0.2002185118426728	1.0
GO_CC	hypomethylated	Small Ribosomal Subunit (GO:0015935)	37	199	33010	1	RPS2	0.20056586129996218	1.0
GO_CC	hypomethylated	Vesicle Coat (GO:0030120)	37	199	33010	1	SAR1A	0.20056586129996218	1.0
GO_CC	hypomethylated	Cell-Substrate Junction (GO:0030055)	383	199	33010	4	CD44,EZR,MDC1,RPS2	0.2012032053885974	1.0
GO_CC	hypomethylated	Neuromuscular Junction (GO:0031594)	38	199	33010	1	SYNGR2	0.20539063895444634	1.0
GO_CC	hypomethylated	Neuron Projection (GO:0043005)	524	199	33010	5	CXADR,ELFN1,GRIA1,RAB27A,SYT1	0.21045565662992136	1.0
GO_CC	hypomethylated	Postsynaptic Density (GO:0014069)	144	199	33010	2	GRIA1,SHISA6	0.21561064813051564	1.0
GO_CC	hypomethylated	Secretory Granule Membrane (GO:0030667)	266	199	33010	3	CD44,CD58,PTPRN2	0.21682973497592176	1.0
GO_CC	hypomethylated	Recycling Endosome (GO:0055037)	147	199	33010	2	ATP13A3,GRIA1	0.22224111330977547	1.0
GO_CC	hypomethylated	Cortical Actin Cytoskeleton (GO:0030864)	42	199	33010	1	COTL1	0.22440174307642854	1.0
GO_CC	hypomethylated	Endocytic Vesicle Membrane (GO:0030666)	148	199	33010	2	GRIA1,SYT1	0.22445500544176952	1.0
GO_CC	hypomethylated	Intracellular Non-Membrane-Bounded Organelle (GO:0043232)	1113	199	33010	9	ADARB2,ASIC2,CSPP1,MDC1,PARP1,RPS2,SUB1,TAF1D,ZCCHC8	0.23063430752719627	1.0
GO_CC	hypomethylated	cis-Golgi Network (GO:0005801)	44	199	33010	1	BCL9	0.23373688973214063	1.0
GO_CC	hypomethylated	Tertiary Granule (GO:0070820)	154	199	33010	2	CD58,PTPRN2	0.2377705534543621	1.0
GO_CC	hypomethylated	Heterochromatin (GO:0000792)	46	199	33010	1	CDKN2A	0.24296023585647858	1.0
GO_CC	hypomethylated	Endoplasmic reticulum-Golgi Intermediate Compartment Membrane (GO:0033116)	47	199	33010	1	GRIA1	0.24753040067460041	1.0
GO_CC	hypomethylated	Early Endosome (GO:0005769)	287	199	33010	3	ATP13A3,GRIA1,PMEPA1	0.2502214697921697	1.0
GO_CC	hypomethylated	Microbody Lumen (GO:0031907)	49	199	33010	1	PEX7	0.2565885390740155	1.0
GO_CC	hypomethylated	Peroxisomal Matrix (GO:0005782)	49	199	33010	1	PEX7	0.2565885390740155	1.0
GO_CC	hypomethylated	Coated Vesicle Membrane (GO:0030662)	51	199	33010	1	GRIA1	0.26553817806977814	1.0
GO_CC	hypomethylated	Microbody Membrane (GO:0031903)	53	199	33010	1	PEX7	0.274380610794546	1.0
GO_CC	hypomethylated	Peroxisomal Membrane (GO:0005778)	53	199	33010	1	PEX7	0.274380610794546	1.0
GO_CC	hypomethylated	Acrosomal Vesicle (GO:0001669)	56	199	33010	1	CXADR	0.28744603915813177	1.0
GO_CC	hypomethylated	Calcium Channel Complex (GO:0034704)	57	199	33010	1	SCN1A	0.2917489534692179	1.0
GO_CC	hypomethylated	Specific Granule Lumen (GO:0035580)	58	199	33010	1	RAB27A	0.29602601347163454	1.0
GO_CC	hypomethylated	Clathrin-Coated Endocytic Vesicle Membrane (GO:0030669)	60	199	33010	1	SYT1	0.30450318789990943	1.0
GO_CC	hypomethylated	Endosome Membrane (GO:0010008)	330	199	33010	3	ATP13A3,GRIA1,PMEPA1	0.32041920623622705	1.0
GO_CC	hypomethylated	Spindle Microtubule (GO:0005876)	64	199	33010	1	PARP4	0.3211540247137567	1.0
GO_CC	hypomethylated	Vesicle Membrane (GO:0012506)	66	199	33010	1	ZNRF2	0.32933009473472064	1.0
GO_CC	hypomethylated	Motile Cilium (GO:0031514)	68	199	33010	1	CATSPERG	0.3374081804823596	1.0
GO_CC	hypomethylated	COPII-coated ER To Golgi Transport Vesicle (GO:0030134)	72	199	33010	1	GRIA1	0.3532750589373228	1.0
GO_CC	hypomethylated	Clathrin-Coated Endocytic Vesicle (GO:0045334)	76	199	33010	1	SYT1	0.36876384198998835	1.0
GO_CC	hypomethylated	Plasma Membrane Raft (GO:0044853)	81	199	33010	1	EZR	0.38760676200451694	1.0
GO_CC	hypomethylated	Clathrin-Coated Vesicle Membrane (GO:0030665)	82	199	33010	1	SYT1	0.39130764130121853	1.0
GO_CC	hypomethylated	Nuclear Chromosome (GO:0000228)	92	199	33010	1	SMC4	0.4271141828690136	1.0
GO_CC	hypomethylated	Cytoplasmic Vesicle Lumen (GO:0060205)	111	199	33010	1	COTL1	0.4894722187460747	1.0
GO_CC	hypomethylated	Bounding Membrane Of Organelle (GO:0098588)	776	199	33010	5	CD44,CD58,GRIA1,PMEPA1,PTPRN2	0.5032025922684958	1.0
GO_CC	hypomethylated	Ficolin-1-Rich Granule Lumen (GO:1904813)	119	199	33010	1	COTL1	0.5136627071169648	1.0
GO_CC	hypomethylated	Secretory Granule Lumen (GO:0034774)	294	199	33010	2	COTL1,RAB27A	0.5306316620423001	1.0
GO_CC	hypomethylated	Peroxisome (GO:0005777)	128	199	33010	1	PEX7	0.5395161623695965	1.0
GO_CC	hypomethylated	Actin Cytoskeleton (GO:0015629)	313	199	33010	2	COTL1,EZR	0.5644909742829718	1.0
GO_CC	hypomethylated	Mitochondrial Outer Membrane (GO:0005741)	142	199	33010	1	PIGBOS1	0.5770405655376154	1.0
GO_CC	hypomethylated	Specific Granule (GO:0042581)	152	199	33010	1	RAB27A	0.6019654968161244	1.0
GO_CC	hypomethylated	Chromosome (GO:0005694)	153	199	33010	1	MDC1	0.6043761385512753	1.0
GO_CC	hypomethylated	Mitochondrial Matrix (GO:0005759)	340	199	33010	2	COQ3,PPTC7	0.6095424002113207	1.0
GO_CC	hypomethylated	Organelle Outer Membrane (GO:0031968)	158	199	33010	1	PIGBOS1	0.6162131794666126	1.0
GO_CC	hypomethylated	Collagen-Containing Extracellular Matrix (GO:0062023)	351	199	33010	2	S100A10,TNR	0.6268584963210723	1.0
GO_CC	hypomethylated	cullin-RING Ubiquitin Ligase Complex (GO:0031461)	164	199	33010	1	ANAPC1	0.6299533362129148	1.0
GO_CC	hypomethylated	Endocytic Vesicle (GO:0030139)	181	199	33010	1	GRIA1	0.6662825087730659	1.0
GO_CC	hypomethylated	Axon (GO:0030424)	197	199	33010	1	SYT1	0.6972250068336533	1.0
GO_CC	hypomethylated	Nuclear Membrane (GO:0031965)	214	199	33010	1	GRK5	0.7269782801892202	1.0
GO_CC	hypomethylated	Vesicle (GO:0031982)	225	199	33010	1	EZR	0.7446610589848222	1.0
GO_CC	hypomethylated	trans-Golgi Network (GO:0005802)	226	199	33010	1	RBFOX1	0.7462109278047704	1.0
GO_CC	hypomethylated	Cilium (GO:0005929)	241	199	33010	1	CATSPERG	0.7683665983923951	1.0
GO_CC	hypomethylated	Lytic Vacuole Membrane (GO:0098852)	269	199	33010	1	GPR137B	0.8047016724434589	1.0
GO_CC	hypomethylated	Mitochondrial Membrane (GO:0031966)	507	199	33010	2	COQ3,PIGBOS1	0.8122952526284452	1.0
GO_CC	hypomethylated	Endoplasmic Reticulum Membrane (GO:0005789)	752	199	33010	3	GRIA1,LMF1,PIGB	0.8341933132337356	1.0
GO_CC	hypomethylated	Cytoskeleton (GO:0005856)	569	199	33010	2	EZR,NAV1	0.8596933288815048	1.0
GO_CC	hypomethylated	Intracellular Organelle Lumen (GO:0070013)	808	199	33010	3	COQ3,COTL1,PPTC7	0.8680506126569607	1.0
GO_CC	hypomethylated	Lysosomal Membrane (GO:0005765)	334	199	33010	1	GPR137B	0.8686502827995842	1.0
GO_CC	hypomethylated	Mitochondrial Inner Membrane (GO:0005743)	349	199	33010	1	COQ3	0.8801533615069335	1.0
GO_CC	hypomethylated	Organelle Inner Membrane (GO:0019866)	373	199	33010	1	COQ3	0.8965090324746143	1.0
GO_CC	hypomethylated	Golgi Membrane (GO:0000139)	408	199	33010	1	PMEPA1	0.9164612120100033	1.0
GO_CC	hypomethylated	9+0 Non-Motile Cilium (GO:0097731)	6	199	33010	0		1.0	1.0
GO_CC	hypomethylated	9+2 Motile Cilium (GO:0097729)	64	199	33010	0		1.0	1.0
GO_CC	hypomethylated	90S Preribosome (GO:0030686)	12	199	33010	0		1.0	1.0
GO_CC	hypomethylated	AP-1 Adaptor Complex (GO:0030121)	10	199	33010	0		1.0	1.0
GO_CC	hypomethylated	AP-2 Adaptor Complex (GO:0030122)	8	199	33010	0		1.0	1.0
GO_CC	hypomethylated	AP-3 Adaptor Complex (GO:0030123)	6	199	33010	0		1.0	1.0
GO_CC	hypomethylated	ATAC Complex (GO:0140672)	13	199	33010	0		1.0	1.0
GO_CC	hypomethylated	ATP-binding Cassette (ABC) Transporter Complex (GO:0043190)	5	199	33010	0		1.0	1.0
GO_CC	hypomethylated	ATPase Dependent Transmembrane Transport Complex (GO:0098533)	6	199	33010	0		1.0	1.0
GO_CC	hypomethylated	B-WICH Complex (GO:0110016)	6	199	33010	0		1.0	1.0
GO_CC	hypomethylated	BLOC-1 Complex (GO:0031083)	8	199	33010	0		1.0	1.0
GO_CC	hypomethylated	CD40 Receptor Complex (GO:0035631)	10	199	33010	0		1.0	1.0
GO_CC	hypomethylated	CMG Complex (GO:0071162)	10	199	33010	0		1.0	1.0
GO_CC	hypomethylated	COPI Vesicle Coat (GO:0030126)	12	199	33010	0		1.0	1.0
GO_CC	hypomethylated	COPI-coated Vesicle (GO:0030137)	6	199	33010	0		1.0	1.0
GO_CC	hypomethylated	COPI-coated Vesicle Membrane (GO:0030663)	16	199	33010	0		1.0	1.0
GO_CC	hypomethylated	Cdc73/Paf1 Complex (GO:0016593)	4	199	33010	0		1.0	1.0
GO_CC	hypomethylated	Cul2-RING Ubiquitin Ligase Complex (GO:0031462)	21	199	33010	0		1.0	1.0
GO_CC	hypomethylated	Cul3-RING Ubiquitin Ligase Complex (GO:0031463)	34	199	33010	0		1.0	1.0
GO_CC	hypomethylated	Cul4-RING E3 Ubiquitin Ligase Complex (GO:0080008)	30	199	33010	0		1.0	1.0
GO_CC	hypomethylated	Cul4A-RING E3 Ubiquitin Ligase Complex (GO:0031464)	11	199	33010	0		1.0	1.0
GO_CC	hypomethylated	Cul5-RING Ubiquitin Ligase Complex (GO:0031466)	8	199	33010	0		1.0	1.0
GO_CC	hypomethylated	ESC/E(Z) Complex (GO:0035098)	6	199	33010	0		1.0	1.0
GO_CC	hypomethylated	G Protein-Coupled Receptor Dimeric Complex (GO:0038037)	6	199	33010	0		1.0	1.0
GO_CC	hypomethylated	GABA-A Receptor Complex (GO:1902711)	15	199	33010	0		1.0	1.0
GO_CC	hypomethylated	GABA-ergic Synapse (GO:0098982)	14	199	33010	0		1.0	1.0
GO_CC	hypomethylated	GBAF Complex (GO:0140288)	13	199	33010	0		1.0	1.0
GO_CC	hypomethylated	Golgi Cis Cisterna (GO:0000137)	10	199	33010	0		1.0	1.0
GO_CC	hypomethylated	Golgi Cisterna (GO:0031985)	31	199	33010	0		1.0	1.0
GO_CC	hypomethylated	Golgi Cisterna Membrane (GO:0032580)	9	199	33010	0		1.0	1.0
GO_CC	hypomethylated	Golgi Lumen (GO:0005796)	87	199	33010	0		1.0	1.0
GO_CC	hypomethylated	Golgi Medial Cisterna (GO:0005797)	9	199	33010	0		1.0	1.0
GO_CC	hypomethylated	Golgi Stack (GO:0005795)	29	199	33010	0		1.0	1.0
GO_CC	hypomethylated	Golgi Trans Cisterna (GO:0000138)	7	199	33010	0		1.0	1.0
GO_CC	hypomethylated	Golgi-associated Vesicle (GO:0005798)	42	199	33010	0		1.0	1.0
GO_CC	hypomethylated	Golgi-associated Vesicle Membrane (GO:0030660)	21	199	33010	0		1.0	1.0
GO_CC	hypomethylated	H3 Histone Acetyltransferase Complex (GO:0070775)	6	199	33010	0		1.0	1.0
GO_CC	hypomethylated	H4 Histone Acetyltransferase Complex (GO:1902562)	12	199	33010	0		1.0	1.0
GO_CC	hypomethylated	H4/H2A Histone Acetyltransferase Complex (GO:0043189)	24	199	33010	0		1.0	1.0
GO_CC	hypomethylated	HFE-transferrin Receptor Complex (GO:1990712)	7	199	33010	0		1.0	1.0
GO_CC	hypomethylated	Hrd1p Ubiquitin Ligase ERAD-L Complex (GO:0000839)	5	199	33010	0		1.0	1.0
GO_CC	hypomethylated	Hrd1p Ubiquitin Ligase Complex (GO:0000836)	7	199	33010	0		1.0	1.0
GO_CC	hypomethylated	INO80-type Complex (GO:0097346)	25	199	33010	0		1.0	1.0
GO_CC	hypomethylated	ISWI-type Complex (GO:0031010)	10	199	33010	0		1.0	1.0
GO_CC	hypomethylated	Ino80 Complex (GO:0031011)	14	199	33010	0		1.0	1.0
GO_CC	hypomethylated	MHC Class I Protein Complex (GO:0042612)	5	199	33010	0		1.0	1.0
GO_CC	hypomethylated	MHC Class II Protein Complex (GO:0042613)	12	199	33010	0		1.0	1.0
GO_CC	hypomethylated	MHC Protein Complex (GO:0042611)	18	199	33010	0		1.0	1.0
GO_CC	hypomethylated	MIB Complex (GO:0140275)	11	199	33010	0		1.0	1.0
GO_CC	hypomethylated	MICOS Complex (GO:0061617)	6	199	33010	0		1.0	1.0
GO_CC	hypomethylated	MLL1 Complex (GO:0071339)	26	199	33010	0		1.0	1.0
GO_CC	hypomethylated	MLL1/2 Complex (GO:0044665)	27	199	33010	0		1.0	1.0
GO_CC	hypomethylated	MLL3/4 Complex (GO:0044666)	9	199	33010	0		1.0	1.0
GO_CC	hypomethylated	MOZ/MORF Histone Acetyltransferase Complex (GO:0070776)	6	199	33010	0		1.0	1.0
GO_CC	hypomethylated	NADPH Oxidase Complex (GO:0043020)	12	199	33010	0		1.0	1.0
GO_CC	hypomethylated	NMDA Selective Glutamate Receptor Complex (GO:0017146)	7	199	33010	0		1.0	1.0
GO_CC	hypomethylated	NSL Complex (GO:0044545)	9	199	33010	0		1.0	1.0
GO_CC	hypomethylated	NURF Complex (GO:0016589)	3	199	33010	0		1.0	1.0
GO_CC	hypomethylated	NuA4 Histone Acetyltransferase Complex (GO:0035267)	24	199	33010	0		1.0	1.0
GO_CC	hypomethylated	P-body (GO:0000932)	81	199	33010	0		1.0	1.0
GO_CC	hypomethylated	PAR Polarity Complex (GO:0120157)	5	199	33010	0		1.0	1.0
GO_CC	hypomethylated	PRC1 Complex (GO:0035102)	15	199	33010	0		1.0	1.0
GO_CC	hypomethylated	PTW/PP1 Phosphatase Complex (GO:0072357)	6	199	33010	0		1.0	1.0
GO_CC	hypomethylated	RISC Complex (GO:0016442)	13	199	33010	0		1.0	1.0
GO_CC	hypomethylated	RISC-loading Complex (GO:0070578)	7	199	33010	0		1.0	1.0
GO_CC	hypomethylated	RNA N6-methyladenosine Methyltransferase Complex (GO:0036396)	8	199	33010	0		1.0	1.0
GO_CC	hypomethylated	RNA Polymerase I Complex (GO:0005736)	12	199	33010	0		1.0	1.0
GO_CC	hypomethylated	RNA Polymerase II, Core Complex (GO:0005665)	12	199	33010	0		1.0	1.0
GO_CC	hypomethylated	RNA Polymerase III Complex (GO:0005666)	17	199	33010	0		1.0	1.0
GO_CC	hypomethylated	RSC-type Complex (GO:0016586)	14	199	33010	0		1.0	1.0
GO_CC	hypomethylated	SAGA Complex (GO:0000124)	21	199	33010	0		1.0	1.0
GO_CC	hypomethylated	SAGA-type Complex (GO:0070461)	35	199	33010	0		1.0	1.0
GO_CC	hypomethylated	SAM Complex (GO:0001401)	11	199	33010	0		1.0	1.0
GO_CC	hypomethylated	SCF Ubiquitin Ligase Complex (GO:0019005)	59	199	33010	0		1.0	1.0
GO_CC	hypomethylated	SWI/SNF Complex (GO:0016514)	29	199	33010	0		1.0	1.0
GO_CC	hypomethylated	Set1C/COMPASS Complex (GO:0048188)	11	199	33010	0		1.0	1.0
GO_CC	hypomethylated	Sin3 Complex (GO:0016580)	19	199	33010	0		1.0	1.0
GO_CC	hypomethylated	Sin3-type Complex (GO:0070822)	19	199	33010	0		1.0	1.0
GO_CC	hypomethylated	Swr1 Complex (GO:0000812)	12	199	33010	0		1.0	1.0
GO_CC	hypomethylated	T Cell Receptor Complex (GO:0042101)	12	199	33010	0		1.0	1.0
GO_CC	hypomethylated	THO Complex Part Of Transcription Export Complex (GO:0000445)	4	199	33010	0		1.0	1.0
GO_CC	hypomethylated	TIM22 Mitochondrial Import Inner Membrane Insertion Complex (GO:0042721)	6	199	33010	0		1.0	1.0
GO_CC	hypomethylated	TIM23 Mitochondrial Import Inner Membrane Translocase Complex (GO:0005744)	12	199	33010	0		1.0	1.0
GO_CC	hypomethylated	TORC2 Complex (GO:0031932)	7	199	33010	0		1.0	1.0
GO_CC	hypomethylated	TRAPPII Protein Complex (GO:1990071)	9	199	33010	0		1.0	1.0
GO_CC	hypomethylated	TRAPPIII Protein Complex (GO:1990072)	10	199	33010	0		1.0	1.0
GO_CC	hypomethylated	U1 snRNP (GO:0005685)	17	199	33010	0		1.0	1.0
GO_CC	hypomethylated	U2 snRNP (GO:0005686)	22	199	33010	0		1.0	1.0
GO_CC	hypomethylated	U2-type Catalytic Step 1 Spliceosome (GO:0071006)	11	199	33010	0		1.0	1.0
GO_CC	hypomethylated	U2-type Catalytic Step 2 Spliceosome (GO:0071007)	29	199	33010	0		1.0	1.0
GO_CC	hypomethylated	U2-type Precatalytic Spliceosome (GO:0071005)	47	199	33010	0		1.0	1.0
GO_CC	hypomethylated	U2-type Prespliceosome (GO:0071004)	14	199	33010	0		1.0	1.0
GO_CC	hypomethylated	U2-type Spliceosomal Complex (GO:0005684)	85	199	33010	0		1.0	1.0
GO_CC	hypomethylated	U4 snRNP (GO:0005687)	9	199	33010	0		1.0	1.0
GO_CC	hypomethylated	U4/U6 X U5 tri-snRNP Complex (GO:0046540)	35	199	33010	0		1.0	1.0
GO_CC	hypomethylated	U5 snRNP (GO:0005682)	18	199	33010	0		1.0	1.0
GO_CC	hypomethylated	U6 snRNP (GO:0005688)	7	199	33010	0		1.0	1.0
GO_CC	hypomethylated	U7 snRNP (GO:0005683)	6	199	33010	0		1.0	1.0
GO_CC	hypomethylated	X Chromosome (GO:0000805)	6	199	33010	0		1.0	1.0
GO_CC	hypomethylated	Acetylcholine-Gated Channel Complex (GO:0005892)	13	199	33010	0		1.0	1.0
GO_CC	hypomethylated	Acrosomal Membrane (GO:0002080)	14	199	33010	0		1.0	1.0
GO_CC	hypomethylated	Activin Receptor Complex (GO:0048179)	5	199	33010	0		1.0	1.0
GO_CC	hypomethylated	Alpha-Beta T Cell Receptor Complex (GO:0042105)	6	199	33010	0		1.0	1.0
GO_CC	hypomethylated	Alveolar Lamellar Body (GO:0097208)	5	199	33010	0		1.0	1.0
GO_CC	hypomethylated	Amphisome (GO:0044753)	11	199	33010	0		1.0	1.0
GO_CC	hypomethylated	Amphisome Membrane (GO:1904930)	9	199	33010	0		1.0	1.0
GO_CC	hypomethylated	Anaphase-Promoting Complex (GO:0005680)	20	199	33010	0		1.0	1.0
GO_CC	hypomethylated	Apical Dendrite (GO:0097440)	9	199	33010	0		1.0	1.0
GO_CC	hypomethylated	Astral Microtubule (GO:0000235)	6	199	33010	0		1.0	1.0
GO_CC	hypomethylated	Astrocyte Projection (GO:0097449)	7	199	33010	0		1.0	1.0
GO_CC	hypomethylated	Autolysosome (GO:0044754)	8	199	33010	0		1.0	1.0
GO_CC	hypomethylated	Autophagosome (GO:0005776)	80	199	33010	0		1.0	1.0
GO_CC	hypomethylated	Autophagosome Membrane (GO:0000421)	35	199	33010	0		1.0	1.0
GO_CC	hypomethylated	Axonal Growth Cone (GO:0044295)	14	199	33010	0		1.0	1.0
GO_CC	hypomethylated	Azurophil Granule (GO:0042582)	145	199	33010	0		1.0	1.0
GO_CC	hypomethylated	Azurophil Granule Lumen (GO:0035578)	82	199	33010	0		1.0	1.0
GO_CC	hypomethylated	Azurophil Granule Membrane (GO:0035577)	55	199	33010	0		1.0	1.0
GO_CC	hypomethylated	bBAF Complex (GO:0140092)	9	199	33010	0		1.0	1.0
GO_CC	hypomethylated	Basement Membrane (GO:0005604)	43	199	33010	0		1.0	1.0
GO_CC	hypomethylated	beta-catenin-TCF Complex (GO:1990907)	12	199	33010	0		1.0	1.0
GO_CC	hypomethylated	Box C/D RNP Complex (GO:0031428)	5	199	33010	0		1.0	1.0
GO_CC	hypomethylated	Brahma Complex (GO:0035060)	13	199	33010	0		1.0	1.0
GO_CC	hypomethylated	Brush Border Membrane (GO:0031526)	39	199	33010	0		1.0	1.0
GO_CC	hypomethylated	Catenin Complex (GO:0016342)	28	199	33010	0		1.0	1.0
GO_CC	hypomethylated	Cation Channel Complex (GO:0034703)	51	199	33010	0		1.0	1.0
GO_CC	hypomethylated	Cation-Transporting ATPase Complex (GO:0090533)	15	199	33010	0		1.0	1.0
GO_CC	hypomethylated	Caveola (GO:0005901)	61	199	33010	0		1.0	1.0
GO_CC	hypomethylated	Cell Projection Membrane (GO:0031253)	100	199	33010	0		1.0	1.0
GO_CC	hypomethylated	Chloride Channel Complex (GO:0034707)	6	199	33010	0		1.0	1.0
GO_CC	hypomethylated	Chromatoid Body (GO:0033391)	8	199	33010	0		1.0	1.0
GO_CC	hypomethylated	Chromocenter (GO:0010369)	5	199	33010	0		1.0	1.0
GO_CC	hypomethylated	Chylomicron (GO:0042627)	8	199	33010	0		1.0	1.0
GO_CC	hypomethylated	Ciliary Membrane (GO:0060170)	35	199	33010	0		1.0	1.0
GO_CC	hypomethylated	cis-Golgi Network Membrane (GO:0033106)	7	199	33010	0		1.0	1.0
GO_CC	hypomethylated	Clathrin Adaptor Complex (GO:0030131)	18	199	33010	0		1.0	1.0
GO_CC	hypomethylated	Clathrin Coat (GO:0030118)	16	199	33010	0		1.0	1.0
GO_CC	hypomethylated	Clathrin Coat Of Coated Pit (GO:0030132)	12	199	33010	0		1.0	1.0
GO_CC	hypomethylated	Clathrin Coat Of Endocytic Vesicle (GO:0030128)	8	199	33010	0		1.0	1.0
GO_CC	hypomethylated	Clathrin Coat Of trans-Golgi Network Vesicle (GO:0030130)	12	199	33010	0		1.0	1.0
GO_CC	hypomethylated	Clathrin Vesicle Coat (GO:0030125)	12	199	33010	0		1.0	1.0
GO_CC	hypomethylated	Clathrin-Coated Vesicle (GO:0030136)	76	199	33010	0		1.0	1.0
GO_CC	hypomethylated	Coated Vesicle (GO:0030135)	77	199	33010	0		1.0	1.0
GO_CC	hypomethylated	Condensed Chromosome, Centromeric Region (GO:0000779)	9	199	33010	0		1.0	1.0
GO_CC	hypomethylated	Connexin Complex (GO:0005922)	17	199	33010	0		1.0	1.0
GO_CC	hypomethylated	Core Mediator Complex (GO:0070847)	22	199	33010	0		1.0	1.0
GO_CC	hypomethylated	Cornified Envelope (GO:0001533)	40	199	33010	0		1.0	1.0
GO_CC	hypomethylated	Cortical Endoplasmic Reticulum (GO:0032541)	4	199	33010	0		1.0	1.0
GO_CC	hypomethylated	Cortical Granule (GO:0060473)	5	199	33010	0		1.0	1.0
GO_CC	hypomethylated	Cyclin-Dependent Protein Kinase Holoenzyme Complex (GO:0000307)	37	199	33010	0		1.0	1.0
GO_CC	hypomethylated	cyclin/CDK Positive Transcription Elongation Factor Complex (GO:0008024)	5	199	33010	0		1.0	1.0
GO_CC	hypomethylated	Cytolytic Granule (GO:0044194)	7	199	33010	0		1.0	1.0
GO_CC	hypomethylated	Cytoplasmic Dynein Complex (GO:0005868)	16	199	33010	0		1.0	1.0
GO_CC	hypomethylated	Cytoplasmic Side Of Endoplasmic Reticulum Membrane (GO:0098554)	13	199	33010	0		1.0	1.0
GO_CC	hypomethylated	Cytoplasmic Side Of Endosome Membrane (GO:0010009)	5	199	33010	0		1.0	1.0
GO_CC	hypomethylated	Cytoplasmic Side Of Lysosomal Membrane (GO:0098574)	12	199	33010	0		1.0	1.0
GO_CC	hypomethylated	Cytoskeleton Of Presynaptic Active Zone (GO:0048788)	7	199	33010	0		1.0	1.0
GO_CC	hypomethylated	Cytosolic Large Ribosomal Subunit (GO:0022625)	49	199	33010	0		1.0	1.0
GO_CC	hypomethylated	Death-Inducing Signaling Complex (GO:0031264)	7	199	33010	0		1.0	1.0
GO_CC	hypomethylated	Dendrite Cytoplasm (GO:0032839)	8	199	33010	0		1.0	1.0
GO_CC	hypomethylated	Desmosome (GO:0030057)	16	199	33010	0		1.0	1.0
GO_CC	hypomethylated	Dihydrolipoyl Dehydrogenase Complex (GO:0045240)	7	199	33010	0		1.0	1.0
GO_CC	hypomethylated	Dystroglycan Complex (GO:0016011)	6	199	33010	0		1.0	1.0
GO_CC	hypomethylated	Early Phagosome (GO:0032009)	10	199	33010	0		1.0	1.0
GO_CC	hypomethylated	Endocytic Vesicle Lumen (GO:0071682)	21	199	33010	0		1.0	1.0
GO_CC	hypomethylated	Endolysosome (GO:0036019)	25	199	33010	0		1.0	1.0
GO_CC	hypomethylated	Endolysosome Membrane (GO:0036020)	16	199	33010	0		1.0	1.0
GO_CC	hypomethylated	Endopeptidase Complex (GO:1905369)	14	199	33010	0		1.0	1.0
GO_CC	hypomethylated	Endoplasmic Reticulum Lumen (GO:0005788)	268	199	33010	0		1.0	1.0
GO_CC	hypomethylated	Endoplasmic Reticulum Tubular Network (GO:0071782)	25	199	33010	0		1.0	1.0
GO_CC	hypomethylated	Endoribonuclease Complex (GO:1902555)	17	199	33010	0		1.0	1.0
GO_CC	hypomethylated	Endosome Lumen (GO:0031904)	23	199	33010	0		1.0	1.0
GO_CC	hypomethylated	Euchromatin (GO:0000791)	38	199	33010	0		1.0	1.0
GO_CC	hypomethylated	External Side Of Apical Plasma Membrane (GO:0098591)	5	199	33010	0		1.0	1.0
GO_CC	hypomethylated	Extracellular Membrane-Bounded Organelle (GO:0065010)	56	199	33010	0		1.0	1.0
GO_CC	hypomethylated	Extracellular Vesicle (GO:1903561)	58	199	33010	0		1.0	1.0
GO_CC	hypomethylated	Extrinsic Component Of Cytoplasmic Side Of Plasma Membrane (GO:0031234)	75	199	33010	0		1.0	1.0
GO_CC	hypomethylated	Extrinsic Component Of Endoplasmic Reticulum Membrane (GO:0042406)	5	199	33010	0		1.0	1.0
GO_CC	hypomethylated	Extrinsic Component Of Endosome Membrane (GO:0031313)	6	199	33010	0		1.0	1.0
GO_CC	hypomethylated	Filopodium Membrane (GO:0031527)	10	199	33010	0		1.0	1.0
GO_CC	hypomethylated	Flotillin Complex (GO:0016600)	6	199	33010	0		1.0	1.0
GO_CC	hypomethylated	Gamma-Delta T Cell Receptor Complex (GO:0042106)	2	199	33010	0		1.0	1.0
GO_CC	hypomethylated	Gap Junction (GO:0005921)	20	199	33010	0		1.0	1.0
GO_CC	hypomethylated	Glial Cell Projection (GO:0097386)	12	199	33010	0		1.0	1.0
GO_CC	hypomethylated	Hemidesmosome (GO:0030056)	6	199	33010	0		1.0	1.0
GO_CC	hypomethylated	Heterotrimeric G-protein Complex (GO:0005834)	24	199	33010	0		1.0	1.0
GO_CC	hypomethylated	High-Density Lipoprotein Particle (GO:0034364)	18	199	33010	0		1.0	1.0
GO_CC	hypomethylated	Histone Acetyltransferase Complex (GO:0000123)	24	199	33010	0		1.0	1.0
GO_CC	hypomethylated	Inhibitory Synapse (GO:0060077)	5	199	33010	0		1.0	1.0
GO_CC	hypomethylated	Insulin-Responsive Compartment (GO:0032593)	5	199	33010	0		1.0	1.0
GO_CC	hypomethylated	Intermediate Filament (GO:0005882)	68	199	33010	0		1.0	1.0
GO_CC	hypomethylated	Intermediate Filament Cytoskeleton (GO:0045111)	79	199	33010	0		1.0	1.0
GO_CC	hypomethylated	Intracellular Cyclic Nucleotide Activated Cation Channel Complex (GO:0017071)	4	199	33010	0		1.0	1.0
GO_CC	hypomethylated	Intracellular Vesicle (GO:0097708)	11	199	33010	0		1.0	1.0
GO_CC	hypomethylated	Junctional Sarcoplasmic Reticulum Membrane (GO:0014701)	8	199	33010	0		1.0	1.0
GO_CC	hypomethylated	Keratin Filament (GO:0045095)	38	199	33010	0		1.0	1.0
GO_CC	hypomethylated	Kinetochore Microtubule (GO:0005828)	18	199	33010	0		1.0	1.0
GO_CC	hypomethylated	Lamellar Body (GO:0042599)	13	199	33010	0		1.0	1.0
GO_CC	hypomethylated	Large Ribosomal Subunit (GO:0015934)	49	199	33010	0		1.0	1.0
GO_CC	hypomethylated	Late Endosome Lumen (GO:0031906)	6	199	33010	0		1.0	1.0
GO_CC	hypomethylated	Lipid Droplet (GO:0005811)	72	199	33010	0		1.0	1.0
GO_CC	hypomethylated	Low-Density Lipoprotein Particle (GO:0034362)	6	199	33010	0		1.0	1.0
GO_CC	hypomethylated	Lumenal Side Of Endoplasmic Reticulum Membrane (GO:0098553)	24	199	33010	0		1.0	1.0
GO_CC	hypomethylated	Lysosomal Lumen (GO:0043202)	78	199	33010	0		1.0	1.0
GO_CC	hypomethylated	mRNA Cleavage And Polyadenylation Specificity Factor Complex (GO:0005847)	12	199	33010	0		1.0	1.0
GO_CC	hypomethylated	Macropinosome (GO:0044354)	6	199	33010	0		1.0	1.0
GO_CC	hypomethylated	Membrane Attack Complex (GO:0005579)	6	199	33010	0		1.0	1.0
GO_CC	hypomethylated	Microfibril (GO:0001527)	11	199	33010	0		1.0	1.0
GO_CC	hypomethylated	Microvillus Membrane (GO:0031528)	13	199	33010	0		1.0	1.0
GO_CC	hypomethylated	Mitochondrial Alpha-Ketoglutarate Dehydrogenase Complex (GO:0005947)	5	199	33010	0		1.0	1.0
GO_CC	hypomethylated	Mitochondrial Envelope (GO:0005740)	135	199	33010	0		1.0	1.0
GO_CC	hypomethylated	Mitochondrial Intermembrane Space (GO:0005758)	58	199	33010	0		1.0	1.0
GO_CC	hypomethylated	Mitochondrial Outer Membrane Translocase Complex (GO:0005742)	20	199	33010	0		1.0	1.0
GO_CC	hypomethylated	Mitochondrial Proton-Transporting ATP Synthase Complex (GO:0005753)	16	199	33010	0		1.0	1.0
GO_CC	hypomethylated	Mitochondrial Proton-Transporting ATP Synthase Complex, Coupling Factor F(o) (GO:0000276)	7	199	33010	0		1.0	1.0
GO_CC	hypomethylated	Mitochondrial Respiratory Chain Complex I (GO:0005747)	39	199	33010	0		1.0	1.0
GO_CC	hypomethylated	Mitochondrial Respiratory Chain Complex III (GO:0005750)	11	199	33010	0		1.0	1.0
GO_CC	hypomethylated	Mitochondrial Respiratory Chain Complex IV (GO:0005751)	15	199	33010	0		1.0	1.0
GO_CC	hypomethylated	Mitochondrial Ribosome (GO:0005761)	22	199	33010	0		1.0	1.0
GO_CC	hypomethylated	Mitotic Spindle Microtubule (GO:1990498)	12	199	33010	0		1.0	1.0
GO_CC	hypomethylated	Monoatomic Ion Channel Complex (GO:0034702)	34	199	33010	0		1.0	1.0
GO_CC	hypomethylated	Multimeric Ribonuclease P Complex (GO:0030681)	9	199	33010	0		1.0	1.0
GO_CC	hypomethylated	Multivesicular Body Lumen (GO:0097486)	4	199	33010	0		1.0	1.0
GO_CC	hypomethylated	Multivesicular Body, Internal Vesicle (GO:0097487)	5	199	33010	0		1.0	1.0
GO_CC	hypomethylated	Muscle Myosin Complex (GO:0005859)	13	199	33010	0		1.0	1.0
GO_CC	hypomethylated	Myofibril (GO:0030016)	28	199	33010	0		1.0	1.0
GO_CC	hypomethylated	Myosin Filament (GO:0032982)	15	199	33010	0		1.0	1.0
GO_CC	hypomethylated	nBAF Complex (GO:0071565)	14	199	33010	0		1.0	1.0
GO_CC	hypomethylated	Neuron Projection Cytoplasm (GO:0120111)	9	199	33010	0		1.0	1.0
GO_CC	hypomethylated	Neuron To Neuron Synapse (GO:0098984)	9	199	33010	0		1.0	1.0
GO_CC	hypomethylated	Neuronal Dense Core Vesicle (GO:0098992)	5	199	33010	0		1.0	1.0
GO_CC	hypomethylated	Neurotransmitter Receptor Complex (GO:0098878)	6	199	33010	0		1.0	1.0
GO_CC	hypomethylated	Non-Motile Cilium (GO:0097730)	27	199	33010	0		1.0	1.0
GO_CC	hypomethylated	npBAF Complex (GO:0071564)	12	199	33010	0		1.0	1.0
GO_CC	hypomethylated	Nuclear Envelope Lumen (GO:0005641)	5	199	33010	0		1.0	1.0
GO_CC	hypomethylated	Nuclear Inclusion Body (GO:0042405)	10	199	33010	0		1.0	1.0
GO_CC	hypomethylated	Nuclear Inner Membrane (GO:0005637)	27	199	33010	0		1.0	1.0
GO_CC	hypomethylated	Nuclear Outer Membrane (GO:0005640)	16	199	33010	0		1.0	1.0
GO_CC	hypomethylated	Nucleolar Exosome (RNase Complex) (GO:0101019)	9	199	33010	0		1.0	1.0
GO_CC	hypomethylated	Organelle Envelope Lumen (GO:0031970)	64	199	33010	0		1.0	1.0
GO_CC	hypomethylated	Outer Dynein Arm (GO:0036157)	7	199	33010	0		1.0	1.0
GO_CC	hypomethylated	Pericentric Heterochromatin (GO:0005721)	21	199	33010	0		1.0	1.0
GO_CC	hypomethylated	Phagocytic Vesicle (GO:0045335)	92	199	33010	0		1.0	1.0
GO_CC	hypomethylated	Phagocytic Vesicle Membrane (GO:0030670)	43	199	33010	0		1.0	1.0
GO_CC	hypomethylated	Phosphatidylinositol 3-Kinase Complex, Class I (GO:0097651)	8	199	33010	0		1.0	1.0
GO_CC	hypomethylated	Phosphatidylinositol 3-Kinase Complex, Class IA (GO:0005943)	8	199	33010	0		1.0	1.0
GO_CC	hypomethylated	Phosphatidylinositol 3-Kinase Complex, Class III (GO:0035032)	6	199	33010	0		1.0	1.0
GO_CC	hypomethylated	Pi-Body (GO:0071546)	9	199	33010	0		1.0	1.0
GO_CC	hypomethylated	Pinosome (GO:0044352)	6	199	33010	0		1.0	1.0
GO_CC	hypomethylated	Platelet Alpha Granule (GO:0031091)	78	199	33010	0		1.0	1.0
GO_CC	hypomethylated	Platelet Alpha Granule Lumen (GO:0031093)	57	199	33010	0		1.0	1.0
GO_CC	hypomethylated	Platelet Alpha Granule Membrane (GO:0031092)	15	199	33010	0		1.0	1.0
GO_CC	hypomethylated	Platelet Dense Granule (GO:0042827)	19	199	33010	0		1.0	1.0
GO_CC	hypomethylated	Platelet Dense Granule Lumen (GO:0031089)	13	199	33010	0		1.0	1.0
GO_CC	hypomethylated	Platelet Dense Granule Membrane (GO:0031088)	4	199	33010	0		1.0	1.0
GO_CC	hypomethylated	Platelet Dense Tubular Network (GO:0031094)	10	199	33010	0		1.0	1.0
GO_CC	hypomethylated	Platelet Dense Tubular Network Membrane (GO:0031095)	8	199	33010	0		1.0	1.0
GO_CC	hypomethylated	Podosome (GO:0002102)	12	199	33010	0		1.0	1.0
GO_CC	hypomethylated	Polysomal Ribosome (GO:0042788)	26	199	33010	0		1.0	1.0
GO_CC	hypomethylated	post-mRNA Release Spliceosomal Complex (GO:0071014)	8	199	33010	0		1.0	1.0
GO_CC	hypomethylated	Postsynaptic Recycling Endosome (GO:0098837)	4	199	33010	0		1.0	1.0
GO_CC	hypomethylated	Potassium Channel Complex (GO:0034705)	79	199	33010	0		1.0	1.0
GO_CC	hypomethylated	Precatalytic Spliceosome (GO:0071011)	49	199	33010	0		1.0	1.0
GO_CC	hypomethylated	Preribosome, Large Subunit Precursor (GO:0030687)	17	199	33010	0		1.0	1.0
GO_CC	hypomethylated	Preribosome, Small Subunit Precursor (GO:0030688)	10	199	33010	0		1.0	1.0
GO_CC	hypomethylated	Prespliceosome (GO:0071010)	14	199	33010	0		1.0	1.0
GO_CC	hypomethylated	Primary Lysosome (GO:0005766)	10	199	33010	0		1.0	1.0
GO_CC	hypomethylated	Protein Kinase Complex (GO:1902911)	17	199	33010	0		1.0	1.0
GO_CC	hypomethylated	Protein Phosphatase 4 Complex (GO:0030289)	4	199	33010	0		1.0	1.0
GO_CC	hypomethylated	Protein Phosphatase Type 2A Complex (GO:0000159)	15	199	33010	0		1.0	1.0
GO_CC	hypomethylated	Protein Serine/Threonine Phosphatase Complex (GO:0008287)	27	199	33010	0		1.0	1.0
GO_CC	hypomethylated	Proton-Transporting ATP Synthase Complex (GO:0045259)	16	199	33010	0		1.0	1.0
GO_CC	hypomethylated	Proton-Transporting V-type ATPase Complex (GO:0033176)	20	199	33010	0		1.0	1.0
GO_CC	hypomethylated	Proton-Transporting V-type ATPase, V0 Domain (GO:0033179)	6	199	33010	0		1.0	1.0
GO_CC	hypomethylated	Proton-Transporting V-type ATPase, V1 Domain (GO:0033180)	10	199	33010	0		1.0	1.0
GO_CC	hypomethylated	Pseudopodium (GO:0031143)	6	199	33010	0		1.0	1.0
GO_CC	hypomethylated	Respiratory Chain Complex I (GO:0045271)	39	199	33010	0		1.0	1.0
GO_CC	hypomethylated	Respiratory Chain Complex III (GO:0045275)	11	199	33010	0		1.0	1.0
GO_CC	hypomethylated	Respiratory Chain Complex IV (GO:0045277)	17	199	33010	0		1.0	1.0
GO_CC	hypomethylated	Ribonuclease MRP Complex (GO:0000172)	7	199	33010	0		1.0	1.0
GO_CC	hypomethylated	Ribosome (GO:0005840)	58	199	33010	0		1.0	1.0
GO_CC	hypomethylated	Rough Endoplasmic Reticulum (GO:0005791)	29	199	33010	0		1.0	1.0
GO_CC	hypomethylated	Rough Endoplasmic Reticulum Membrane (GO:0030867)	4	199	33010	0		1.0	1.0
GO_CC	hypomethylated	Sarcoglycan Complex (GO:0016012)	5	199	33010	0		1.0	1.0
GO_CC	hypomethylated	Sarcolemma (GO:0042383)	51	199	33010	0		1.0	1.0
GO_CC	hypomethylated	Sarcoplasmic Reticulum (GO:0016529)	43	199	33010	0		1.0	1.0
GO_CC	hypomethylated	Sarcoplasmic Reticulum Membrane (GO:0033017)	26	199	33010	0		1.0	1.0
GO_CC	hypomethylated	Secondary Lysosome (GO:0005767)	13	199	33010	0		1.0	1.0
GO_CC	hypomethylated	Septin Cytoskeleton (GO:0032156)	11	199	33010	0		1.0	1.0
GO_CC	hypomethylated	Septin Ring (GO:0005940)	11	199	33010	0		1.0	1.0
GO_CC	hypomethylated	Serine C-palmitoyltransferase Complex (GO:0017059)	7	199	33010	0		1.0	1.0
GO_CC	hypomethylated	Serine Protease Inhibitor Complex (GO:0097180)	5	199	33010	0		1.0	1.0
GO_CC	hypomethylated	Serine-Type Endopeptidase Complex (GO:1905370)	10	199	33010	0		1.0	1.0
GO_CC	hypomethylated	Serine-Type Peptidase Complex (GO:1905286)	12	199	33010	0		1.0	1.0
GO_CC	hypomethylated	Serine/Threonine Protein Kinase Complex (GO:1902554)	56	199	33010	0		1.0	1.0
GO_CC	hypomethylated	Sex Chromosome (GO:0000803)	5	199	33010	0		1.0	1.0
GO_CC	hypomethylated	Shelterin Complex (GO:0070187)	5	199	33010	0		1.0	1.0
GO_CC	hypomethylated	Signal Recognition Particle, Endoplasmic Reticulum Targeting (GO:0005786)	5	199	33010	0		1.0	1.0
GO_CC	hypomethylated	Small-Subunit Processome (GO:0032040)	68	199	33010	0		1.0	1.0
GO_CC	hypomethylated	Smooth Endoplasmic Reticulum (GO:0005790)	18	199	33010	0		1.0	1.0
GO_CC	hypomethylated	Sodium Channel Complex (GO:0034706)	18	199	33010	0		1.0	1.0
GO_CC	hypomethylated	Sodium:Potassium-Exchanging ATPase Complex (GO:0005890)	9	199	33010	0		1.0	1.0
GO_CC	hypomethylated	Specific Granule Membrane (GO:0035579)	86	199	33010	0		1.0	1.0
GO_CC	hypomethylated	Spectrin-Associated Cytoskeleton (GO:0014731)	7	199	33010	0		1.0	1.0
GO_CC	hypomethylated	Sperm Flagellum (GO:0036126)	55	199	33010	0		1.0	1.0
GO_CC	hypomethylated	Spherical High-Density Lipoprotein Particle (GO:0034366)	7	199	33010	0		1.0	1.0
GO_CC	hypomethylated	Spliceosomal snRNP Complex (GO:0097525)	54	199	33010	0		1.0	1.0
GO_CC	hypomethylated	Spliceosomal tri-snRNP Complex (GO:0097526)	35	199	33010	0		1.0	1.0
GO_CC	hypomethylated	Symmetric Synapse (GO:0032280)	2	199	33010	0		1.0	1.0
GO_CC	hypomethylated	tRNA Methyltransferase Complex (GO:0043527)	6	199	33010	0		1.0	1.0
GO_CC	hypomethylated	Tertiary Granule Lumen (GO:1904724)	51	199	33010	0		1.0	1.0
GO_CC	hypomethylated	Tertiary Granule Membrane (GO:0070821)	67	199	33010	0		1.0	1.0
GO_CC	hypomethylated	trans-Golgi Network Membrane (GO:0032588)	94	199	33010	0		1.0	1.0
GO_CC	hypomethylated	trans-Golgi Network Transport Vesicle (GO:0030140)	15	199	33010	0		1.0	1.0
GO_CC	hypomethylated	Transcription Factor TFIID Complex (GO:0005669)	30	199	33010	0		1.0	1.0
GO_CC	hypomethylated	Transcription Factor TFIIH Core Complex (GO:0000439)	8	199	33010	0		1.0	1.0
GO_CC	hypomethylated	Transcription Factor TFIIH Holo Complex (GO:0005675)	9	199	33010	0		1.0	1.0
GO_CC	hypomethylated	Transcription Factor TFIIIC Complex (GO:0000127)	5	199	33010	0		1.0	1.0
GO_CC	hypomethylated	Transcription Factor TFTC Complex (GO:0033276)	16	199	33010	0		1.0	1.0
GO_CC	hypomethylated	Transferase Complex, Transferring Phosphorus-Containing Groups (GO:0061695)	7	199	33010	0		1.0	1.0
GO_CC	hypomethylated	Triglyceride-Rich Plasma Lipoprotein Particle (GO:0034385)	14	199	33010	0		1.0	1.0
GO_CC	hypomethylated	Uniplex Complex (GO:1990246)	5	199	33010	0		1.0	1.0
GO_CC	hypomethylated	Vacuolar Lumen (GO:0005775)	147	199	33010	0		1.0	1.0
GO_CC	hypomethylated	Vacuolar Membrane (GO:0005774)	58	199	33010	0		1.0	1.0
GO_CC	hypomethylated	Vacuolar Proton-Transporting V-type ATPase Complex (GO:0016471)	24	199	33010	0		1.0	1.0
GO_CC	hypomethylated	Vacuolar Proton-Transporting V-type ATPase, V0 Domain (GO:0000220)	6	199	33010	0		1.0	1.0
GO_CC	hypomethylated	Vacuolar Proton-Transporting V-type ATPase, V1 Domain (GO:0000221)	10	199	33010	0		1.0	1.0
GO_CC	hypomethylated	Very-Low-Density Lipoprotein Particle (GO:0034361)	14	199	33010	0		1.0	1.0
GO_CC	hypomethylated	Voltage-Gated Potassium Channel Complex (GO:0008076)	71	199	33010	0		1.0	1.0
GO_CC	hypomethylated	Voltage-Gated Sodium Channel Complex (GO:0001518)	7	199	33010	0		1.0	1.0
GO_CC	hypomethylated	Zonula Adherens (GO:0005915)	5	199	33010	0		1.0	1.0
GO_CC	hypomethylated	Zymogen Granule (GO:0042588)	6	199	33010	0		1.0	1.0
GO_CC	hypomethylated	Zymogen Granule Membrane (GO:0042589)	6	199	33010	0		1.0	1.0
