library	direction	term	n_genes	query_size	background_size	overlap_n	overlap_genes	p	adj_p
GO_CC	combined	Neuron Projection (GO:0043005)	524	8503	33010	249	ABL1,ADCY2,ADCY8,ADCYAP1,ADCYAP1R1,ADGRB1,ADGRL1,ADGRL2,ANK1,ANK2,ANK3,ANKS1A,APOD,APOE,APP,ARHGAP44,ARHGEF7,ATXN10,AVIL,BNIP3,BOC,BRINP3,BSN,CALB1,CALCR,CAPN2,CCK,CCR2,CCSAP,CDC42,CDH13,CDH2,CDK5R2,CHAT,CHRM1,CHRM2,CHRNA4,CHRNA6,CHRNB2,CHRND,CLDN11,CNIH3,CNTN4,CNTNAP2,COBL,CPEB1,CPEB2,CPT1C,CRHBP,CRHR1,CRHR2,CTNNA2,CXADR,CYFIP1,CYFIP2,DAB2IP,DCTN1,DIP2B,DLG2,DRD2,DRD4,DSCAM,DSCAML1,DTNBP1,DYRK1A,ELAVL4,ELFN1,EPHA10,EPHA3,EPHA5,EPHA6,EPHA7,EPHB1,EPHB2,EPHB3,FAM107A,FARP1,FBXW11,FEZ1,FEZ2,FYN,GABRA1,GABRA2,GABRA4,GABRA5,GABRB1,GABRB2,GABRB3,GABRD,GABRG1,GABRG2,GABRP,GABRR1,GHRL,GHSR,GLRA1,GNA12,GRIA1,GRIK3,GRIN1,GRIN2B,GRM3,GRM7,HCN1,HCN2,HEPACAM,HRH2,HTR1A,HTR1B,HTR1E,HTR2A,HTR3A,HTR3B,HTR3D,HTR3E,HTR4,HTR5A,HTR6,HTR7,IGF1R,IGSF9B,INPP5A,INSR,INSRR,IQGAP1,KCNA1,KCNA4,KCNB2,KCNC1,KCNC2,KCNC3,KCNN1,KCNN3,KCNN4,KIF13B,KIF17,KIF1A,KIF1B,KIRREL3,KLHL1,KLHL14,KNDC1,LDLRAP1,LRP2,LRP4,LRRTM1,MAGI2,MAP1A,MAP7,MAPK8IP3,MAPT,MARK4,MAST1,MLPH,MTMR2,MYO1D,NCOA2,NEFH,NEFL,NEFM,NELL1,NELL2,NF1,NLGN1,NPBWR1,NPTX1,NR1D1,NRCAM,NRSN1,NSG2,NSMF,NTRK1,OLFM1,OPA1,OPRM1,PACRG,PAK1,PALLD,PCSK1,PDYN,PENK,PLPPR1,PRKCG,PRKN,PRLHR,PRSS12,PTGDR2,PTK7,RAB13,RAB17,RAB27A,RAB5A,RAPGEF2,RASGRF1,RELN,RGS12,RGS14,RGS6,RGS7,RIN3,ROBO1,ROBO3,ROBO4,RPH3A,RTN1,RTN3,RTN4,RUFY3,SCN10A,SCN11A,SCN2A,SHANK1,SHANK2,SHANK3,SHTN1,SKOR1,SLC12A5,SLC17A6,SLC32A1,SLC4A10,SLC5A7,SLC6A1,SLC6A3,SLC8A1,SLC8A3,SLC9A5,SNAP25,SNCA,SORBS2,SPTBN4,SSTR1,SSTR4,STAT1,STMN2,STX1A,SYT1,SYT11,SYT4,SYT5,TENM2,TENM3,TENM4,TRAK1,TRAPPC4,UNC13A,VIM,VIP,ZACN,ZNF385A	3.179899854956924e-27	1.507272531249582e-24
GO_CC	combined	Dendrite (GO:0030425)	253	8503	33010	122	ABL1,ADCY2,ADCY8,ADGRB1,ANK3,APOD,APOE,ARHGAP44,ATXN10,BNIP3,BRINP3,BSN,CALB1,CAPN2,CCR2,CHRM1,CHRM2,CHRNA4,CNIH3,CNTNAP2,COBL,CPT1C,CRHBP,CRHR2,DAGLA,DIP2B,DRD2,DRD4,DSCAM,DYRK1A,ELAVL4,ELFN1,EPHA10,EPHA3,EPHA5,EPHA6,EPHA7,EPHB1,EPHB2,EPHB3,FARP1,FYN,GABRA1,GABRA2,GABRA4,GABRA5,GABRG1,GABRG2,GRIA1,GRIK3,GRIN1,GRM7,HCN1,HCN2,HRH2,HTR1A,HTR1B,HTR1E,HTR2A,HTR4,HTR5A,HTR6,HTR7,INPP5A,INSR,KCNA1,KCNB2,KCNC1,KCNC2,KCNC3,KIF1A,KIF1B,KIRREL3,KLHL1,KNDC1,LRP2,LRP4,MAGI2,MAP1A,MAPK8IP3,MAPT,MARK4,MLPH,MTMR2,MYO1D,NF1,NLGN1,NR1D1,NSG2,NSMF,OPA1,OPRM1,PAK1,PDYN,PENK,PRKCG,PRSS12,RAB17,RAB27A,RAB5A,RELN,RGS12,RGS14,RIN3,RUFY3,SHANK1,SKOR1,SLC32A1,SLC4A10,SLC5A7,SLC8A1,SLC8A3,SOD1,SORBS2,STAT1,SYT11,TENM2,THY1,TRAK1,TRAPPC4,ZNF385A,ZNF804A	1.1617514192928714e-14	2.7166676450885487e-12
GO_CC	combined	Intracellular Membrane-Bounded Organelle (GO:0043231)	4741	8503	33010	1436	AASS,AATF,ABCA2,ABCA4,ABL1,ACKR3,ACOX2,ACP3,ACRBP,ACTB,ACTL6B,ACTR3,ADAM19,ADAMTS9,ADAP1,ADAR,ADAT3,ADCYAP1R1,ADD1,ADIRF,ADNP,ADNP2,ADRA1B,AFF3,AGAP2,AGAP3,AGBL5,AGO2,AHDC1,AHNAK,AHR,AIRE,AKAP8,AKNA,AKT1,AKT2,ALKBH3,ALKBH5,ALPK3,ALX1,ALX4,AMBRA1,ANAPC7,ANKFY1,ANKLE1,ANKRD11,ANKRD13B,ANKRD17,ANP32A,ANXA2,ANXA4,AP1S3,AP3B2,APBB2,APCS,APOB,APOBEC1,APOBEC3A,APOE,ARFGEF2,ARID3A,ARID3B,ARID3C,ARID5A,ARL4A,ARNT,ARNT2,ARRB1,ASCL2,ASF1A,ASIC2,ASPSCR1,ATF1,ATF5,ATF6B,ATF7IP,ATF7IP2,ATOH1,ATOH8,ATP11A,ATP8A1,ATXN1,AURKA,AXIN2,AZGP1,B3GAT1,B4GALNT3,BABAM2,BACH1,BACH2,BAG3,BARHL2,BASP1,BATF,BCAS3,BCL11A,BCL11B,BCL6,BCL9,BCL9L,BCLAF1,BHLHE23,BNIP3,BNIP3L,BNIPL,BORCS8-MEF2B,BRCA2,BRD4,BRD8,BRD9,BRMS1,BRSK1,BRWD1,BSN,BTBD3,C1D,C2CD2,CACNA1A,CADPS2,CALB1,CALM2,CAMK1D,CAMTA1,CAPG,CAVIN1,CBFA2T2,CBFA2T3,CCDC92,CCL13,CCNA1,CCND1,CCND2,CCND3,CCNP,CD1B,CD1C,CD84,CDC25B,CDC6,CDCA2,CDCA5,CDK14,CDK15,CDK17,CDK18,CDK19,CDK6,CDKL1,CDKL2,CDKN1B,CDKN2A,CDT1,CDX2,CEBPG,CECR2,CELF2,CELF3,CELF4,CENPA,CEP43,CFAP410,CFAP45,CFAP74,CFTR,CGAS,CHAT,CHD2,CHD6,CHD7,CHFR,CHML,CHTOP,CIC,CIDEA,CIRBP,CLCC1,CLIC3,CLIP1,CLIP3,CLK1,CLN6,CLSPN,CLUAP1,CMAHP,CMYA5,CNOT6,CNST,COMMD1,COPS5,COPS7A,CPEB1,CPEB2,CPNE1,CPNE7,CPQ,CRABP1,CRADD,CRAMP1,CREB3L2,CREB3L3,CREB3L4,CREBBP,CREBZF,CREM,CRHBP,CRLF3,CRTC1,CRY2,CRYAB,CRYGD,CSNK1E,CSNK1G2,CSNK2B,CSRNP1,CSRP1,CSRP3,CTBP1,CTBP2,CTDSP1,CTNNA1,CTNND2,CTSC,CTSG,CTSK,CTTN,CUX1,CUX2,CXCR4,CXXC5,CYB561A3,CYP1A1,CYP1B1,CYP27C1,CYP2C18,CYP2E1,CYP2F1,CYP2W1,DAB1,DAB2,DAPK1,DAPK2,DAXX,DBNL,DBP,DDX17,DDX25,DDX39B,DDX49,DDX56,DEK,DENND1A,DENND1C,DEPDC1,DEPP1,DES,DGAT2,DGKI,DGKQ,DHRS2,DHRS9,DHX9,DIDO1,DIO3,DIP2B,DLGAP5,DLX1,DLX4,DMRT1,DMRTA2,DNAJB1,DNAJB6,DNAJC2,DNASE1L3,DNMT3A,DRG1,DSG2,DSP,DST,DTNBP1,DTX3L,DTYMK,DUSP1,DUSP2,DUT,DYNC1I1,DYRK1A,DYRK4,DZIP1,E2F3,E2F6,EAPP,EEF1A1,EEF1A2,EGFR,EHD2,EHD4,EHF,EID3,EIF4A1,EIF4ENIF1,EIF5A,ELAC1,ELF1,ELF2,ELF3,ELF5,ELL3,EMP2,EMX1,EN1,EN2,ENDOG,ENO1,EPAS1,EPC1,EPHX3,ERBB2,ERCC3,ERCC4,ERCC6,ERCC6L2,ERFL,ERG,ERGIC1,ERI1,ESR1,ESR2,ESRRA,ESRRG,ETS1,ETS2,ETV2,ETV6,EVA1A,EVC2,EVX1,EVX2,EXOSC10,EXOSC9,EYA1,F2R,FADS1,FAF1,FAM107A,FAM110A,FAM241A,FAM50B,FAM53B,FANCA,FANK1,FAT1,FBXL21P,FBXO32,FBXO5,FBXW11,FEM1B,FERD3L,FERMT2,FEV,FEZF2,FGF10,FGF12,FGFR1,FHIT,FHL3,FHOD1,FIGNL1,FLG2,FLI1,FLII,FMN2,FMNL3,FNBP1,FOXA1,FOXA2,FOXB1,FOXC1,FOXD1,FOXE1,FOXE3,FOXF1,FOXG1,FOXH1,FOXI1,FOXJ2,FOXK1,FOXL1,FOXL2,FOXN2,FOXN3,FOXP1,FOXP4,FOXR1,FUBP1,FYCO1,FYN,GAPT,GATA2,GATA3,GATA4,GATAD2B,GBP4,GBX2,GCFC2,GCM2,GDAP1,GDF15,GFI1,GINS1,GJA1,GLI2,GLI3,GLIS1,GLIS3,GLMP,GLRA1,GLRX2,GON4L,GORASP2,GPATCH8,GPC6,GPRC5B,GRB14,GRHL1,GRHL2,GRHL3,GSC2,GSN,GTF2B,GTF2F2,GTF2H3,GTF2I,H2BC11,H2BC12,H2BC14,H2BC15,H2BC17,H2BC3,H2BC5,H3C1,H4C9,HACE1,HCK,HCRTR1,HDAC1,HDAC11,HDAC4,HDAC9,HDGFL3,HDLBP,HEATR5B,HELLS,HENMT1,HES3,HIC1,HINT3,HIP1,HIVEP2,HIVEP3,HLA-DMA,HLA-DMB,HLA-DPA1,HLTF,HMGA1,HMGA2,HMGB1,HMGB2,HMGB4,HMX2,HNF1B,HNRNPA2B1,HNRNPAB,HNRNPF,HNRNPU,HOOK2,HOPX,HORMAD1,HORMAD2,HOXA10,HOXA11,HOXA2,HOXA3,HOXA4,HOXA5,HOXA6,HOXA7,HOXA9,HOXB3,HOXB6,HOXB7,HOXB9,HOXC11,HOXC4,HOXC6,HOXC9,HOXD10,HOXD11,HOXD3,HOXD8,HOXD9,HPF1,HPGDS,HRNR,HSF1,HSP90AA1,HSP90AB1,HSPA2,HSPA4,HSPA7,HSPB2,HSPB3,HSPB6,HSPB8,HSPB9,HTATIP2,HUS1,ID4,IER5,IFI16,IGF1R,IGF2BP1,IGF2BP2,IGF2BP3,IGFBP3,IKZF1,IKZF4,ILRUN,INAVA,INO80,INPP4A,INTS3,IQGAP1,IQSEC1,IRAK4,IRF1,IRF2,IRF4,IRF5,IRF6,IRF7,IRF8,IRS1,IRX2,IRX3,IRX4,ISG20,ISL1,ISL2,ITK,ITM2B,ITPKA,ITPKB,ITPR1,IWS1,JAK1,JARID2,JDP2,JPT1,JRK,KANSL3,KAT2A,KAT5,KCNA6,KCNH1,KDELR2,KDM1A,KDM4A,KDM4B,KDM5B,KHDC4,KHDRBS2,KHDRBS3,KHNYN,KIAA1614,KIF18B,KIFC1,KLF6,KLF7,KLHL12,KLHL22,KLHL31,KPNA4,KRT15,KRT8,KSR1,L1TD1,LAMA5,LBR,LDB1,LDB2,LDHC,LDLRAD4,LEF1,LEUTX,LHX1,LHX2,LHX3,LHX4,LHX5,LHX6,LHX8,LHX9,LIN28A,LINC-PINT,LITAF,LMO1,LMO2,LMX1A,LMX1B,LOXL3,LPIN1,LRPAP1,LSM4,LTC4S,LTO1,LUC7L3,LURAP1,LYN,LYZL4,MAB21L2,MACROD1,MACROD2,MACROH2A1,MAEA,MAF,MAFF,MAFG,MAGI2,MAK,MAML1,MAML3,MAMSTR,MAN2B1,MAP1LC3B2,MAP3K14,MAP3K7CL,MAP6D1,MAPK10,MAPK13,MAPK14,MAPK15,MAPK3,MAPRE3,MAPT,MARCHF1,MARCHF3,MATR3,MBD5,MBNL2,MCIDAS,MCL1,MCM2,MCM3,MCM5,MCM6,MCM7,MCM9,MCUB,MDC1,MECOM,MED1,MED15,MED9,MEF2A,MEF2D,MEIG1,MELTF,MEOX1,MEOX2,MESP1,METTL3,METTL5,MFAP1,MFAP3L,MGMT,MGRN1,MGST2,MICAL2,MICAL3,MIR9-1HG,MITF,MKNK1,MKNK2,MKX,MLF1,MLH3,MLXIP,MNDA,MNX1,MOB1A,MOB3C,MOCS1,MORC1,MORC2,MPO,MRE11,MRTFB,MSC,MSH4,MSI2,MSRA,MSX2,MT1A,MT1E,MT1M,MTMR2,MTOR,MTUS1,MUC1,MUC5B,MVB12B,MXI1,MYF6,MYH10,MYOCD,MYOD1,MYOF,MYRF,MYT1,MYT1L,N4BP1,NABP1,NANOS3,NASP,NCAPG,NCOA1,NCOA2,NCOA7,NCOR2,NDFIP2,NDUFAF3,NEDD4,NEDD9,NEK1,NEK7,NEU1,NEUROD1,NEUROD6,NF1,NFATC1,NFATC2,NFATC4,NFE2L1,NFE2L2,NFE2L3,NFIA,NFIB,NFIC,NFIX,NFKBIL1,NHLRC1,NISCH,NKAPL,NKX1-1,NKX2-1,NKX2-2,NKX2-3,NKX2-4,NKX2-5,NKX2-6,NKX2-8,NKX3-2,NKX6-1,NKX6-2,NLRP1,NLRP12,NLRP3,NLRP5,NMD3,NME8,NMNAT1,NMRAL1,NOS1,NOS1AP,NOTCH2,NOTCH4,NOVA1,NOVA2,NOX4,NPLOC4,NPM1,NPPB,NR1D1,NR1H2,NR2F2,NR2F6,NR3C1,NR4A3,NR5A1,NR5A2,NREP,NSD1,NSMCE2,NSMF,NTAN1,NTHL1,NUCKS1,NUDT3,NUDT4,NUMA1,NUP42,NXF1,NXN,OAZ2,ODF1,OGDH,OLIG1,OLIG2,OLIG3,ONECUT1,ONECUT2,ONECUT3,ORC5,OSBPL10,OSBPL5,OSBPL6,OSR2,OTX1,OTX2,OVOL1,P3H2,P4HA2,PABPC1,PACRG,PAK2,PALLD,PANK1,PAPOLB,PARP1,PARP10,PARP15,PARP4,PARP9,PASK,PATL2,PAX2,PAX6,PAX8,PBRM1,PBX1,PBX2P1,PBX4,PBXIP1,PCBP3,PCDH1,PCGF3,PCNA,PCSK2,PCYT1A,PDCD11,PDCD4,PDE2A,PDE4A,PDE4B,PDE4C,PDE4D,PDS5B,PDX1,PDXDC1,PDXK,PER1,PER2,PERM1,PEX2,PFDN2,PFKP,PFN1,PGD,PGR,PHACTR1,PHC2,PHC3,PHF12,PHF24,PHLDB1,PHLPP1,PIAS1,PIH1D1,PIK3C2B,PIK3R1,PIP,PIP4K2B,PIP5K1A,PITPNA,PITX1,PITX2,PITX3,PIWIL4,PKD2L1,PKIA,PKM,PKN1,PLAAT1,PLAGL1,PLCH1,PLD1,PLK1,PMEPA1,POLE4,POLR2C,POLR2L,POLR3H,POR,POU2F2,POU3F1,POU3F3,POU4F1,POU4F2,POU4F3,PPARD,PPIE,PPIL4,PPM1H,PPP1R10,PPP1R13L,PPP1R7,PPP2R5A,PPP2R5C,PPP4R2,PPT2,PRAME,PRC1,PRDM1,PRDM11,PRDM13,PRDM14,PRDM16,PRDM6,PRDM8,PRDX1,PRDX3,PRDX5,PRIMPOL,PRKCB,PRKCE,PRKD2,PRKN,PRMT2,PRMT3,PRMT8,PROX1,PRPF3,PRPF31,PRSS23,PRTN3,PSEN2,PSMA1,PSMB2,PSMB8,PSMC2,PSMG2,PTBP1,PTBP3,PTF1A,PTH1R,PTK2,PTK6,PTP4A2,PTP4A3,PTPN14,PTPN18,PTPN2,PTPN22,PTPRE,PTPRK,PTPRN,PTTG1,PTTG1IP,PUS1,PUS3,PUS7,PUS7L,PXT1,QKI,QSOX1,RAB11FIP1,RAB11FIP3,RAB29,RAB30,RAB5A,RABEP2,RABGAP1L,RAC1,RACGAP1,RAD21,RAD23A,RAD51B,RAD52,RAD9A,RAE1,RALYL,RAPGEF1,RAPGEF5,RARA,RARB,RARG,RASSF5,RB1,RBBP4,RBBP6,RBFOX1,RBFOX2,RBFOX3,RBM20,RBM26,RBM47,RBM5,RBM6,RBMS1,RBP7,RBPJ,RCAN3,RCC1,RDH5,RERE,REST,REXO1,RFC4,RFX1,RFX2,RFX3,RGS10,RGS12,RGS14,RGS22,RGS3,RIPPLY3,RMI2,RNF111,RNF13,RNF144A,RNF165,RNF216,RNF220,RNF4,RORA,RPL13,RPL15,RPL17,RPL23A,RPL3,RPL30,RPL4,RPL6,RPS18,RPS2,RPS3A,RPS6KA2,RPS7,RRAGD,RREB1,RSBN1,RSRC1,RUNX1,RUNX1T1,RUNX2,RUNX3,RUVBL1,RXRA,RXRB,RYBP,RYK,S100A1,S100A12,S100A13,S100A16,S100A5,S100A8,S100A9,S100P,S1PR1,SAE1,SALL1,SALL2,SALL3,SALL4,SAP18,SAYSD1,SBNO2,SCARB1,SCNM1,SDR16C5,SDR39U1,SEC16B,SEC24D,SENP3,SERF2,SERGEF,SERINC5,SERPINB6,SERPINB9,SETD2,SETDB1,SETDB2,SF3A3,SF3B2,SF3B3,SF3B5,SFI1,SFMBT1,SFMBT2,SFRP4,SGK1,SGMS1,SGTA,SH3RF2,SHOX2,SIAH2,SIN3B,SINHCAF,SIRT6,SIX1,SIX3,SIX6,SKI,SKOR1,SKOR2,SLC11A2,SLC15A3,SLC25A42,SLC2A14,SLC35F6,SLC39A11,SLC4A1AP,SLC7A14,SLC7A5,SLC9A3R1,SLCO5A1,SLF1,SLFN12,SLU7,SMAD2,SMAD3,SMAD5,SMARCA4,SMARCAL1,SMARCD3,SMC4,SMC5,SMG6,SMYD2,SMYD3,SMYD4,SNAI2,SNCA,SND1,SNRNP25,SNRNP27,SNRPA,SNU13,SNX27,SNX8,SOBP,SOD1,SORBS2,SORCS2,SOX1,SOX11,SOX15,SOX17,SOX5,SOX6,SOX8,SOX9,SPAG6,SPARC,SPDYA,SPHK2,SPIB,SPRTN,SPRY2,SPTBN2,SQLE,SQSTM1,SREBF1,SRPK2,SRRM2,SRRM4,SRSF10,SRSF2,SRSF7,SSBP1,SSBP3,SSBP4,SSUH2,ST18,STAG1,STAG3,STAT1,STAT2,STAT3,STAT4,STK11,STK17B,STK3,STK33,STON1,STOX2,STPG4,STRA8,STRADA,STRIP1,SUB1,SUFU,SULT2B1,SUMO3,SUN1,SUPT7L,SUZ12,SVIL,SYBU,SYCP2,SYK,SYNDIG1,SYNDIG1L,SYNE1,SYNE2,SYNPO,SYNPO2,SYNPO2L,TADA2B,TAF15,TAF1B,TAF4,TAF7,TAFA2,TAL1,TARBP1,TARDBP,TBC1D5,TBL1XR1,TBPL2,TBR1,TBX1,TBX18,TBX2,TBX20,TBX3,TBX5,TBXT,TCEA2,TCERG1L,TCF12,TCF20,TCF21,TCF4,TCF7L1,TCF7L2,TDRP,TEAD1,TEAD4,TECPR1,TECR,TENM2,TENM4,TERT,TET3,TFAP2B,TFAP2D,TFEB,TFPT,TGFB1,TGFB1I1,TGFB3,THAP2,THRA,THRB,TIAL1,TIGD6,TIPARP,TIPIN,TLE1,TLE2,TLE7,TLK1,TLX1,TLX2,TMEM190,TMEM63A,TMPO,TNFAIP3,TNK2,TNKS,TNNI3K,TNRC6A,TOP2B,TOX,TOX2,TOX4,TP53,TP53BP2,TP53INP1,TP63,TP73,TPPP,TRAF7,TRAK1,TRERF1,TRH,TRIM15,TRIM24,TRIM27,TRIM66,TRIM7,TRIM8,TRNT1,TRPS1,TSBP1,TSC2,TSC22D1,TSHZ2,TSHZ3,TSPYL5,TSSK6,TTBK1,TTI1,TUBA1A,TUBA1C,TUBB2B,TUBB6,TWIST1,TYR,U2SURP,UACA,UBA7,UBAP1,UBD,UBE2F,UBE2I,UBE2J2,UBE2L3,UBE2O,UBE2QL1,UBE2V2,UBE2Z,UBTF,UHRF1,UPF1,UPF2,USP13,USP18,USP24,USP29,USP31,USP35,USP36,USP38,USP42,USP44,USP5,USP7,UTF1,VAC14,VCP,VEZF1,VGLL2,VGLL4,VHL,VPS25,VPS51,VRK2,VSTM2A,VSX1,VSX2,VTI1A,WDR59,WDR70,WT1,WWC1,WWOX,WWP2,XAB2,XPO1,XRCC3,XRN1,YAP1,YBX1,YBX3,ZBED2,ZBTB10,ZBTB16,ZBTB32,ZBTB4,ZBTB40,ZBTB5,ZBTB7A,ZBTB8OS,ZC3H12A,ZC3H12D,ZC3H3,ZCCHC8,ZCWPW1,ZEB2,ZFC3H1,ZFHX2,ZFHX3,ZFHX4,ZFP64,ZFPM1,ZFPM2,ZHX2,ZIC1,ZIC2,ZIC4,ZIC5,ZMIZ1,ZNF217,ZNF232,ZNF263,ZNF300,ZNF366,ZNF385A,ZNF385B,ZNF423,ZNF438,ZNF502,ZNF503,ZNF517,ZNF536,ZNF540,ZNF572,ZNF608,ZNF609,ZNF625,ZNF627,ZNF696,ZNF709,ZNF750,ZNF76,ZNF787,ZNF804A,ZNHIT6,ZNRF2,ZPBP2,ZXDC,ZYX	1.7194099019547775e-14	2.7166676450885487e-12
GO_CC	combined	Nucleus (GO:0005634)	4109	8503	33010	1258	AASS,AATF,ABL1,ACP3,ACRBP,ACTB,ACTL6B,ACTR3,ADAM19,ADAP1,ADAR,ADAT3,ADD1,ADIRF,ADNP,ADNP2,ADRA1B,AFF3,AGAP2,AGAP3,AGBL5,AGO2,AHDC1,AHNAK,AHR,AIRE,AKAP8,AKT1,AKT2,ALKBH3,ALKBH5,ALPK3,ALX1,ALX4,AMBRA1,ANAPC7,ANKLE1,ANKRD11,ANKRD17,ANP32A,ANXA2,ANXA4,APBB2,APCS,APOBEC1,APOBEC3A,APOE,ARID3A,ARID3B,ARID3C,ARID5A,ARL4A,ARNT,ARNT2,ARRB1,ASCL2,ASF1A,ASIC2,ASPSCR1,ATF1,ATF5,ATF6B,ATF7IP,ATF7IP2,ATOH1,ATOH8,ATXN1,AURKA,AXIN2,AZGP1,BABAM2,BACH1,BACH2,BAG3,BARHL2,BASP1,BATF,BCAS3,BCL11A,BCL11B,BCL6,BCL9L,BCLAF1,BHLHE23,BNIP3,BNIP3L,BNIPL,BORCS8-MEF2B,BRCA2,BRD4,BRD8,BRD9,BRMS1,BRSK1,BRWD1,BSN,BTBD3,C1D,C2CD2,CACNA1A,CALB1,CALM2,CAMK1D,CAMTA1,CAPG,CAVIN1,CBFA2T2,CBFA2T3,CCNA1,CCND1,CCND2,CCND3,CCNP,CDC25B,CDC6,CDCA2,CDCA5,CDK14,CDK15,CDK17,CDK18,CDK19,CDK6,CDKL1,CDKL2,CDKN1B,CDKN2A,CDT1,CDX2,CEBPG,CECR2,CELF2,CELF3,CELF4,CENPA,CEP43,CFAP45,CFAP74,CFTR,CGAS,CHAT,CHD2,CHD6,CHD7,CHFR,CHML,CHTOP,CIC,CIDEA,CIRBP,CLIC3,CLIP1,CLIP3,CLK1,CLSPN,CMAHP,CMYA5,CNOT6,COMMD1,COPS5,COPS7A,CPEB1,CPEB2,CPNE1,CPNE7,CRABP1,CRADD,CRAMP1,CREB3L2,CREB3L3,CREB3L4,CREBBP,CREBZF,CREM,CRHBP,CRLF3,CRTC1,CRY2,CRYAB,CRYGD,CSNK1E,CSNK1G2,CSNK2B,CSRNP1,CSRP1,CSRP3,CTBP1,CTBP2,CTDSP1,CTNND2,CTSG,CUX1,CUX2,CXCR4,CXXC5,CYP1A1,DAPK1,DAPK2,DAXX,DBP,DDX17,DDX25,DDX39B,DDX49,DDX56,DEK,DEPDC1,DES,DGKI,DGKQ,DHRS2,DHX9,DIDO1,DIP2B,DLGAP5,DLX1,DLX4,DMRT1,DMRTA2,DNAJB1,DNAJB6,DNAJC2,DNASE1L3,DNMT3A,DRG1,DSP,DST,DTNBP1,DTX3L,DTYMK,DUSP1,DUSP2,DUT,DYNC1I1,DYRK1A,DYRK4,DZIP1,E2F3,E2F6,EAPP,EEF1A1,EEF1A2,EGFR,EHD2,EHD4,EHF,EID3,EIF4A1,EIF4ENIF1,EIF5A,ELAC1,ELF1,ELF2,ELF3,ELF5,ELL3,EMP2,EMX1,EN1,EN2,ENDOG,ENO1,EPAS1,EPC1,ERBB2,ERCC3,ERCC4,ERCC6,ERCC6L2,ERFL,ERG,ERI1,ESR1,ESR2,ESRRA,ESRRG,ETS1,ETS2,ETV2,ETV6,EVC2,EVX1,EVX2,EXOSC10,EXOSC9,EYA1,FAF1,FAM107A,FAM110A,FAM50B,FAM53B,FANCA,FANK1,FAT1,FBXL21P,FBXO32,FBXO5,FBXW11,FEM1B,FERD3L,FERMT2,FEV,FEZF2,FGF10,FGF12,FGFR1,FHIT,FHL3,FHOD1,FIGNL1,FLG2,FLI1,FLII,FMN2,FOXA1,FOXA2,FOXB1,FOXC1,FOXD1,FOXE1,FOXE3,FOXF1,FOXG1,FOXH1,FOXI1,FOXJ2,FOXK1,FOXL1,FOXL2,FOXN2,FOXN3,FOXP1,FOXP4,FOXR1,FUBP1,FYN,GATA2,GATA3,GATA4,GATAD2B,GBP4,GBX2,GCFC2,GCM2,GDAP1,GDF15,GFI1,GINS1,GLI2,GLI3,GLIS1,GLIS3,GLMP,GLRX2,GON4L,GPATCH8,GPC6,GRHL1,GRHL2,GRHL3,GSC2,GSN,GTF2B,GTF2F2,GTF2H3,GTF2I,H2BC11,H2BC12,H2BC14,H2BC15,H2BC17,H2BC3,H2BC5,H3C1,H4C9,HACE1,HCRTR1,HDAC1,HDAC11,HDAC4,HDAC9,HDGFL3,HDLBP,HELLS,HENMT1,HES3,HIC1,HINT3,HIP1,HIVEP2,HIVEP3,HLTF,HMGA1,HMGA2,HMGB1,HMGB2,HMGB4,HMX2,HNF1B,HNRNPA2B1,HNRNPAB,HNRNPF,HNRNPU,HOPX,HORMAD1,HORMAD2,HOXA10,HOXA11,HOXA3,HOXA4,HOXA5,HOXA6,HOXA7,HOXA9,HOXB3,HOXB6,HOXB7,HOXB9,HOXC11,HOXC4,HOXC6,HOXC9,HOXD10,HOXD11,HOXD3,HOXD8,HOXD9,HPF1,HRNR,HSF1,HSP90AA1,HSP90AB1,HSPA2,HSPA4,HSPA7,HSPB2,HSPB3,HSPB6,HSPB8,HSPB9,HTATIP2,HUS1,ID4,IER5,IFI16,IGF2BP1,IGF2BP2,IGF2BP3,IGFBP3,IKZF1,IKZF4,ILRUN,INAVA,INO80,INPP4A,INSR,INTS3,IQGAP1,IRAK4,IRF1,IRF2,IRF4,IRF5,IRF6,IRF7,IRF8,IRS1,IRX2,IRX3,IRX4,ISG20,ISL1,ISL2,ITK,ITPKA,ITPKB,IWS1,JAK1,JARID2,JDP2,JPT1,JRK,KAT2A,KAT5,KDM1A,KDM4A,KDM4B,KDM5B,KHDC4,KHDRBS2,KHDRBS3,KHNYN,KIAA1614,KIF18B,KIFC1,KLF6,KLF7,KLHL22,KLHL31,KPNA4,KRT15,KRT8,LAMA5,LBR,LDB1,LDB2,LDHC,LEF1,LEUTX,LHX1,LHX2,LHX3,LHX4,LHX5,LHX6,LHX8,LHX9,LIN28A,LINC-PINT,LITAF,LMO1,LMO2,LMX1A,LMX1B,LOXL3,LPIN1,LSM4,LTO1,LUC7L3,LYN,LYZL4,MAB21L2,MACROD1,MACROD2,MACROH2A1,MAEA,MAF,MAFF,MAFG,MAGI2,MAK,MAML1,MAML3,MAMSTR,MAP3K7CL,MAPK10,MAPK13,MAPK14,MAPK15,MAPK3,MAPRE3,MAPT,MATR3,MBD5,MBNL2,MCIDAS,MCL1,MCM2,MCM3,MCM5,MCM6,MCM7,MCM9,MDC1,MECOM,MED1,MED15,MED9,MEF2A,MEF2D,MEIG1,MELTF,MEOX1,MEOX2,MESP1,METTL3,METTL5,MFAP1,MFAP3L,MGMT,MGRN1,MICAL2,MICAL3,MIR9-1HG,MITF,MKNK1,MKNK2,MKX,MLF1,MLH3,MLXIP,MNX1,MOB1A,MOB3C,MOCS1,MORC1,MORC2,MPO,MRE11,MRTFB,MSC,MSH4,MSX2,MT1A,MT1E,MT1M,MTMR2,MTOR,MTUS1,MVB12B,MXI1,MYF6,MYH10,MYOCD,MYOD1,MYRF,MYT1,MYT1L,N4BP1,NABP1,NANOS3,NARF,NASP,NCAPG,NCOA1,NCOA2,NCOA7,NCOR2,NDUFAF3,NEDD4,NEDD9,NEK1,NEK7,NEUROD1,NEUROD6,NF1,NFATC1,NFATC2,NFATC4,NFE2L1,NFE2L2,NFE2L3,NFIA,NFIB,NFIC,NFIX,NFKBIL1,NHLRC1,NKAPL,NKX1-1,NKX2-1,NKX2-2,NKX2-3,NKX2-4,NKX2-5,NKX2-6,NKX2-8,NKX3-2,NKX6-1,NKX6-2,NLRP1,NLRP12,NLRP3,NLRP5,NMD3,NME8,NMNAT1,NMRAL1,NOS1,NOS1AP,NOTCH2,NOTCH4,NOVA1,NOVA2,NOX4,NPLOC4,NPM1,NPPB,NR1D1,NR1H2,NR2F2,NR2F6,NR3C1,NR4A3,NR5A1,NR5A2,NREP,NSD1,NSMCE2,NSMF,NTAN1,NTHL1,NUCKS1,NUDT3,NUDT4,NUMA1,NUP153,NUP42,NXF1,NXN,OAZ2,ODF1,OGDH,OLIG1,OLIG2,OLIG3,ONECUT1,ONECUT2,ONECUT3,ORC5,OSR2,OTX1,OTX2,OVOL1,PABPC1,PACRG,PAK2,PALLD,PANK1,PAPOLB,PARP1,PARP10,PARP15,PARP4,PARP9,PASK,PATL2,PAX2,PAX6,PAX8,PBRM1,PBX1,PBX2P1,PBX4,PBXIP1,PCBP3,PCGF3,PCNA,PCYT1A,PDCD11,PDCD4,PDE2A,PDE4A,PDE4B,PDE4C,PDE4D,PDS5B,PDX1,PDXK,PER1,PER2,PERM1,PFDN2,PFKP,PFN1,PGD,PGR,PHACTR1,PHC2,PHC3,PHF12,PHF24,PIAS1,PIH1D1,PIK3R1,PIP,PIP4K2B,PIP5K1A,PITPNA,PITX1,PITX2,PITX3,PIWIL4,PKIA,PKM,PKN1,PLAAT1,PLK1,POLE4,POLR2C,POLR2L,POU2F2,POU3F1,POU3F3,POU4F1,POU4F2,POU4F3,PPARD,PPIE,PPIL4,PPM1H,PPP1R10,PPP1R13L,PPP1R7,PPP2R5A,PPP2R5C,PPP4R2,PRAME,PRC1,PRDM1,PRDM11,PRDM13,PRDM14,PRDM16,PRDM6,PRDM8,PRDX1,PRDX5,PRIMPOL,PRKCB,PRKD2,PRKN,PRMT2,PRMT3,PRMT8,PROX1,PRPF3,PRPF31,PRSS23,PSEN2,PSMA1,PSMB2,PSMB8,PSMC2,PSMG2,PTBP1,PTBP3,PTF1A,PTH1R,PTK2,PTK6,PTP4A2,PTP4A3,PTPN14,PTPN18,PTPN2,PTPN22,PTPRE,PTPRN,PTTG1,PTTG1IP,PUS1,PUS3,PUS7,PUS7L,PXT1,QKI,RABGAP1L,RAC1,RACGAP1,RAD21,RAD23A,RAD51B,RAD52,RAD9A,RAE1,RALYL,RAPGEF5,RARA,RARB,RARG,RASSF5,RB1,RBBP4,RBBP6,RBFOX1,RBFOX2,RBFOX3,RBM20,RBM26,RBM47,RBM5,RBM6,RBMS1,RBP7,RBPJ,RCAN3,RCC1,RERE,REST,REXO1,RFC4,RFX2,RFX3,RGS10,RGS12,RGS14,RGS22,RGS3,RIPPLY3,RMI2,RNF111,RNF165,RNF216,RNF220,RNF4,RORA,RPL13,RPL15,RPL17,RPL23A,RPL3,RPL30,RPL4,RPL6,RPS18,RPS2,RPS3A,RPS6KA2,RPS7,RRAGD,RREB1,RSBN1,RSRC1,RUNX1,RUNX1T1,RUNX2,RUNX3,RUVBL1,RXRA,RXRB,RYBP,RYK,S100A1,S100A12,S100A13,S100A16,S100A5,S100A8,S100A9,S100P,SAE1,SALL1,SALL2,SALL3,SALL4,SAP18,SBNO2,SCNM1,SDR16C5,SDR39U1,SENP3,SERF2,SERGEF,SERPINB6,SERPINB9,SETD2,SETDB1,SETDB2,SF3A3,SF3B2,SF3B3,SF3B5,SFI1,SFMBT1,SFMBT2,SFRP4,SGK1,SGMS1,SGTA,SH3RF2,SHOX2,SIN3B,SINHCAF,SIRT6,SIX1,SIX3,SIX6,SKI,SKOR1,SKOR2,SLC11A2,SLC25A42,SLC2A14,SLC39A11,SLC9A3R1,SLF1,SLFN12,SLU7,SMAD2,SMAD3,SMAD5,SMARCA4,SMARCAL1,SMARCD3,SMC4,SMC5,SMG6,SMYD2,SMYD3,SMYD4,SNAI2,SNCA,SND1,SNRNP25,SNRNP27,SNRPA,SNU13,SOBP,SOD1,SORBS2,SOX1,SOX11,SOX15,SOX17,SOX5,SOX6,SOX8,SOX9,SPAG6,SPDYA,SPHK2,SPIB,SPRTN,SPRY2,SREBF1,SRPK2,SRRM2,SRRM4,SRSF10,SRSF2,SRSF7,SSBP1,SSBP3,SSBP4,SSUH2,ST18,STAG1,STAG3,STAT1,STAT2,STAT3,STAT4,STK11,STK17B,STK3,STK33,STON1,STOX2,STPG4,STRA8,STRADA,STRIP1,SUB1,SUFU,SUMO3,SUPT7L,SUZ12,SVIL,SYCP2,SYK,SYMPK,SYNE1,SYNE2,SYNPO,SYNPO2,SYNPO2L,TADA2B,TAF15,TAF1B,TAF4,TAF7,TAFA2,TAL1,TARBP1,TARDBP,TBL1XR1,TBPL2,TBR1,TBX1,TBX18,TBX2,TBX20,TBX3,TBX5,TBXT,TCEA2,TCERG1L,TCF12,TCF20,TCF21,TCF4,TCF7L1,TCF7L2,TDRP,TEAD1,TEAD4,TECR,TENM2,TENM4,TERT,TET3,TFAP2B,TFAP2D,TFEB,TFPT,TGFB1,THAP2,THRA,THRB,TIAL1,TIGD6,TIPARP,TIPIN,TLE1,TLE2,TLE7,TLK1,TLX1,TLX2,TMEM190,TMPO,TNFAIP3,TNK2,TNKS,TNNI3K,TOP2B,TOX,TOX2,TOX4,TP53,TP53BP2,TP53INP1,TP63,TP73,TPPP,TRAK1,TRERF1,TRH,TRIM15,TRIM24,TRIM27,TRIM66,TRIM7,TRIM8,TRNT1,TRPS1,TSBP1,TSC2,TSC22D1,TSHZ2,TSHZ3,TSPYL5,TSSK6,TTBK1,TTI1,TUBA1A,TUBA1C,TUBB2B,TUBB6,TWIST1,U2SURP,UACA,UBA7,UBD,UBE2F,UBE2I,UBE2J2,UBE2L3,UBE2O,UBE2QL1,UBE2V2,UBE2Z,UBTF,UHRF1,UPF1,UPF2,USP13,USP18,USP24,USP29,USP31,USP35,USP36,USP38,USP42,USP44,USP5,USP7,UTF1,VCP,VEZF1,VGLL2,VGLL4,VHL,VPS25,VRK2,VSTM2A,VSX1,VSX2,WDR70,WT1,WWC1,WWOX,WWP2,XAB2,XPO1,XRCC3,XRN1,YAP1,YBX1,YBX3,ZBED2,ZBTB10,ZBTB16,ZBTB32,ZBTB4,ZBTB40,ZBTB5,ZBTB7A,ZBTB8OS,ZC3H12A,ZC3H12D,ZC3H3,ZCCHC8,ZCWPW1,ZEB2,ZFC3H1,ZFHX2,ZFHX3,ZFHX4,ZFP64,ZFPM1,ZFPM2,ZHX2,ZIC1,ZIC2,ZIC4,ZIC5,ZMIZ1,ZNF217,ZNF263,ZNF300,ZNF366,ZNF385A,ZNF385B,ZNF423,ZNF438,ZNF502,ZNF503,ZNF517,ZNF536,ZNF540,ZNF572,ZNF608,ZNF609,ZNF625,ZNF627,ZNF696,ZNF709,ZNF750,ZNF76,ZNF787,ZNF804A,ZNHIT6,ZPBP2,ZXDC,ZYX	3.9732140521948434e-14	4.70825865185089e-12
GO_CC	combined	Collagen-Containing Extracellular Matrix (GO:0062023)	351	8503	33010	146	A2M,ACHE,ADAM19,ADAMTS10,ADAMTS20,ADAMTS9,AEBP1,AGRN,ANGPT1,ANGPT2,ANGPTL2,ANGPTL5,ANXA2,ANXA4,APCS,APOE,AZGP1,CBLN1,CBLN4,CDH13,CDH2,CLEC14A,COCH,COL11A1,COL11A2,COL12A1,COL14A1,COL16A1,COL18A1,COL20A1,COL21A1,COL23A1,COL24A1,COL25A1,COL26A1,COL3A1,COL4A1,COL4A2,COL5A1,COL5A2,COL5A3,COL6A3,COL6A5,COL8A1,COL8A2,COL9A1,COL9A2,COL9A3,COLQ,CPA3,CTHRC1,CTSC,CTSG,DCN,DST,EFEMP1,EGFL7,ELANE,ELN,EMILIN1,FBLN2,FBLN5,FBN1,FBN2,FCN1,FCN2,FGF10,FGFR1,FGL2,FIBCD1,FMOD,FN1,GDF15,HAPLN1,HMCN1,HRNR,HSPG2,IGFBP7,IL7,ITIH2,ITIH5,LAMA1,LAMA3,LAMA4,LAMA5,LAMB1,LAMC1,LAMC2,LEFTY2,LOXL1,LOXL3,LTBP1,LTBP2,MATN2,MATN4,MFAP2,MMP2,MMP23B,MMP9,MMRN2,MXRA7,NCAM1,NID1,NID2,NRG1,P3H2,PCOLCE,PCSK6,PKM,PLAT,POSTN,PRTN3,RARRES2,S100A10,S100A8,S100A9,SBSPON,SDC2,SDC3,SERPINB6,SERPINB9,SERPINE2,SERPING1,SFRP1,SHH,SLPI,SMOC2,SPARC,SSC5D,SULF1,TGFB1,TGFB1I1,TGFB3,THBS1,THBS2,THBS4,THSD4,TIMP2,TINAG,TNN,TNR,TNXB,VIT,VWA2,VWF,WNT5B	6.103219510627405e-11	5.7858520960747795e-09
GO_CC	combined	Postsynaptic Density (GO:0014069)	144	8503	33010	73	ADCY8,ADD1,ADD2,ADD3,ADGRA1,ADGRB1,ADGRL1,ARHGAP32,ARHGAP44,CACNA1C,CACNG2,CACNG3,CACNG7,CACNG8,CDH2,CTNND2,DAGLA,DISC1,DLG2,DLG5,DNM3,DTNBP1,FYN,GRIA1,GRIA4,GRID1,GRID2,GRIK2,GRIK3,GRIK4,GRIK5,GRIN1,GRIN2A,GRIN2B,GRIN2D,GRIN3B,GRM1,GRM5,INPP4A,INSYN1,INSYN2B,IQSEC3,KALRN,KCND3,LRP4,LZTS3,MAGI2,MTMR2,NETO1,NLGN1,NOS1,NSMF,RGS14,RPL30,RPS18,RTN1,RTN3,RTN4,SHANK1,SHANK2,SHANK3,SHISA6,SHISA7,SHISA9,SIPA1L1,SLC8A1,SLC8A3,SPOCK1,SRGAP3,SYNDIG1,SYT11,TSC2,USP50	1.2779585931330475e-10	1.0095872885751075e-08
GO_CC	combined	Axon (GO:0030424)	197	8503	33010	92	ADCY8,ADGRL1,APP,BOC,BSN,CALB1,CALCR,CCK,CCSAP,CLDN11,CNTN4,CNTNAP2,COBL,CPT1C,CTNNA2,DAB2IP,DCTN1,DIP2B,DRD2,DSCAM,DSCAML1,DTNBP1,DYRK1A,ELAVL4,EPHA5,EPHB2,FEZ1,FEZ2,GHRL,GRIK3,GRM3,GRM7,HCN1,HCN2,HEPACAM,IGF1R,INSR,INSRR,IQGAP1,KCNA4,KCNC1,KCNC2,KCNC3,KIF13B,KIF1A,KIF1B,KIRREL3,LDLRAP1,LRP2,LRRTM1,MAP1A,MAP7,MAPK8IP3,MAPT,MTMR2,MYO1D,NEFH,NEFL,NEFM,NELL1,NELL2,NF1,NFIB,NRCAM,NTRK1,OLFM1,OPRM1,PAK1,PALLD,PRSS12,PTK7,RAB5A,RIN3,ROBO3,ROBO4,RUFY3,SCN10A,SCN11A,SCN2A,SHTN1,SLC5A7,SLC6A1,SLC6A3,SLC8A1,SLC8A3,SNCA,STAT1,SYT1,SYT11,SYT4,SYT5,VIM	1.771143323417593e-10	1.1993170504284844e-08
GO_CC	combined	Cell-Substrate Junction (GO:0030055)	383	8503	33010	154	ACTB,ACTC1,ACTN1,ACTN2,ACTN3,ACTR3,ADD1,ADGRB1,AHNAK,AKAP12,ARHGAP22,ARHGAP24,ARHGEF7,ARPC1B,AVIL,B2M,BCAR1,BCAR3,CAPN1,CAPN2,CASS4,CD44,CD81,CD9,CDC42,CDH13,CDH2,CLASP1,CLASP2,CLTC,CNN1,CORO2B,CSRP1,CTNNA1,CTTN,CXCR4,CYFIP1,DAB2,DDR2,DNM2,DPP4,DST,EGFR,ENG,EPPK1,EVL,EZR,FAM107A,FAT1,FERMT2,FHL3,FLNB,FLNC,FLOT1,FLRT2,FLT1,GJA1,GNA12,GSN,HCK,HMCN1,HMGA1,HSPG2,IL16,IQGAP1,IRF2,ITGA11,ITGA2,ITGA3,ITGA4,ITGA5,ITGA6,ITGA8,ITGB2,ITGB5,ITGB7,ITGB8,ITGBL1,JAK1,KRAS,LASP1,LCP1,LIMA1,LIMS1,LIMS2,LMLN,LPP,LRP1,MAP4K4,MAPK3,MAPRE1,MDC1,MPRIP,MRC2,NEDD9,NELL1,NPM1,P4HB,PABPC1,PALLD,PARVB,PARVG,PDLIM1,PEAK1,PFN1,PHLDB2,PIP5K1A,PIP5K1C,PLAU,PLAUR,PLEC,PPFIA1,PPFIBP1,PTK2,PTK7,PTPRC,PXN,RAC1,RND3,RPL17,RPL3,RPL30,RPL31,RPL4,RPL6,RPS10,RPS18,RPS2,RPS29,RPS3A,RPS7,SCARB2,SCARF2,SLC9A1,SLC9A3R2,SLC9A5,SNTB1,SNTB2,SRC,SRP68,SVIL,SYNE2,SYNPO2,TGFB1I1,THY1,TLE2,TLN2,TNS1,TNS2,TPM4,TSPAN4,VIM,YWHAG,ZYX	3.6602953839324007e-10	1.9876377342750188e-08
GO_CC	combined	Focal Adhesion (GO:0005925)	377	8503	33010	152	ACTB,ACTC1,ACTN1,ACTN2,ACTN3,ACTR3,ADD1,ADGRB1,AHNAK,AKAP12,ARHGAP22,ARHGAP24,ARHGEF7,ARPC1B,AVIL,B2M,BCAR1,BCAR3,CAPN1,CAPN2,CASS4,CD44,CD81,CD9,CDC42,CDH13,CDH2,CLASP1,CLASP2,CLTC,CNN1,CORO2B,CSRP1,CTNNA1,CTTN,CXCR4,CYFIP1,DAB2,DDR2,DNM2,DPP4,DST,EGFR,ENG,EVL,EZR,FAM107A,FAT1,FERMT2,FHL3,FLNB,FLNC,FLOT1,FLRT2,FLT1,GJA1,GNA12,GSN,HCK,HMGA1,HSPG2,IL16,IQGAP1,IRF2,ITGA11,ITGA2,ITGA3,ITGA4,ITGA5,ITGA6,ITGA8,ITGB2,ITGB5,ITGB7,ITGB8,ITGBL1,JAK1,KRAS,LASP1,LCP1,LIMA1,LIMS1,LIMS2,LMLN,LPP,LRP1,MAP4K4,MAPK3,MAPRE1,MDC1,MPRIP,MRC2,NEDD9,NELL1,NPM1,P4HB,PABPC1,PALLD,PARVB,PARVG,PDLIM1,PEAK1,PFN1,PHLDB2,PIP5K1A,PIP5K1C,PLAU,PLAUR,PLEC,PPFIA1,PPFIBP1,PTK2,PTK7,PTPRC,PXN,RAC1,RND3,RPL17,RPL3,RPL30,RPL31,RPL4,RPL6,RPS10,RPS18,RPS2,RPS29,RPS3A,RPS7,SCARB2,SCARF2,SLC9A1,SLC9A3R2,SLC9A5,SNTB1,SNTB2,SRC,SRP68,SVIL,SYNE2,SYNPO2,TGFB1I1,THY1,TLE2,TLN2,TNS1,TNS2,TPM4,TSPAN4,VIM,YWHAG,ZYX	3.773995697990542e-10	1.9876377342750188e-08
GO_CC	combined	Membrane Raft (GO:0045121)	162	8503	33010	78	ADCY2,ADCY8,ADD2,AHNAK,ANGPT1,ANXA2,APP,ARID3A,ARID3C,ATP1A1,CAPN2,CARD11,CAVIN1,CAVIN2,CD177,CD55,CD8A,CHRNB2,CLIP3,CLN6,CXADR,DLL1,EGFR,EMP2,ERLIN1,EZR,FAIM2,FLOT1,FURIN,FYN,GHSR,GJA1,GP6,HYAL2,IL6ST,ITGB2,KCNA5,KCNQ1,LCK,LDHB,LRP4,LYN,MAL,MAL2,MALL,MAPT,MS4A1,NOS1,NPHS2,NTSR1,PAG1,PDPN,PPP2R1B,PRKAR1A,PRTN3,PSEN2,PTPRC,RFTN1,S100A10,SELE,SELPLG,SHH,SKAP1,SLC1A2,SLC6A3,SLC9A1,SRC,STIM1,SULF1,TEK,TGFBR2,THY1,TLR1,TNF,TNFRSF10A,TNFRSF11A,TNFRSF1B,ZAP70	7.129830923290969e-10	3.379539857639919e-08
GO_CC	combined	Postsynaptic Specialization Membrane (GO:0099634)	36	8503	33010	26	CACNG2,CACNG3,CACNG7,CACNG8,DAGLA,DLG2,GRIA1,GRIA4,GRID1,GRID2,GRIK2,GRIK3,GRIK4,GRIK5,GRIN2A,GRIN2B,GRIN2D,GRIN3B,GRM1,GRM5,LRRTM1,LRRTM2,NETO1,NLGN1,SLITRK3,SYNDIG1	6.9976748678609435e-09	3.0153617157873523e-07
GO_CC	combined	Actin Cytoskeleton (GO:0015629)	313	8503	33010	125	ABL2,ABLIM2,ACTA1,ACTB,ACTC1,ACTN1,ACTN2,ACTN3,ACTR3,ADAM8,ADCY8,AHNAK,AKAP13,AMPH,APC2,ARHGAP32,ARPC1B,ASAP1,AUTS2,AVIL,BAIAP2,BAIAP2L1,BIN2,CALD1,CAPG,CAPN2,CAPZB,CARMIL2,CDC42EP3,CDH2,CLIC4,CLIC5,CNN1,COBL,CORO2B,COTL1,CTTN,DAPK1,DBNL,DDR2,DENND2A,DHX9,EEF1A1,EPHA3,EZR,FAM107A,FGR,FHDC1,FILIP1,FLII,FLNB,FLOT1,FLT1,FMN2,FSCN2,FYB1,GAS7,GCOM1,GSN,HCK,INF2,IQCG,IQGAP1,KALRN,KLHL14,KPTN,LASP1,LCP1,LIMA1,LMOD1,LSP1,MACF1,MICAL2,MLPH,MPRIP,MSRA,MTSS2,MYLK,MYO19,MYO1B,MYO1D,MYO1E,MYO1G,MYRIP,NOTCH3,NTN1,ONECUT2,PAK1,PALLD,PARVB,PARVG,PEAK1,PKD2L1,PLS1,PSTPIP1,RAC1,RAPGEF3,RARA,RGS22,SEPTIN9,SH3PXD2A,SH3PXD2B,SHROOM3,SIPA1L1,SLC2A1,SLC9A3R1,SNCA,SORBS2,SPRY2,SPTA1,SPTBN1,SPTBN2,SPTBN4,STK38L,SVIL,SYNPO,SYNPO2,SYNPO2L,TEK,TLN2,TPM1,TPM4,WASF2,WIPF1,ZYX	2.5204234652890055e-08	9.955672687891572e-07
GO_CC	combined	Cytoskeleton (GO:0005856)	569	8503	33010	204	ABL1,ABL2,ABLIM2,ACTA1,ACTB,ACTN2,ACTR3,ADCY8,ADD1,ADD2,ADD3,AGBL5,AHNAK,AKAP13,AKT1,AMBRA1,AMPH,ANAPC7,ANK1,ANK3,APC2,ARHGAP32,ARPC1B,AURKA,AUTS2,AVIL,BAIAP2,BAIAP2L1,BASP1,BCAS3,BMERB1,CALD1,CAPG,CAPZB,CARMIL2,CASP8,CCDC146,CCNA1,CDC42BPB,CDC42EP3,CDH26,CKAP5,CLIC4,CLIC5,CLIP1,CMAHP,CNN1,CORO2B,CTTN,DAPK1,DCDC2,DCTN1,DDR2,DENND2A,DES,DGKQ,DHX9,DISC1,DST,DTNBP1,DYRK1A,DYRK4,EHD2,EML1,EPB41,EPB41L1,EPB41L3,EPB41L5,EPHA3,EPPK1,ESRRA,EZR,FAM107A,FGR,FHOD1,FILIP1,FLII,FLNB,FLT1,FMN2,FSCN2,FYB1,GSN,GTF2F2,HIP1,HOXA13,IFT43,IGF2BP2,IQCG,IQGAP1,ITPKA,ITPKB,KALRN,KLHL14,KLHL22,KRT77,KRT8,KRT80,LCP1,LIMA1,LRRC10,LRRC25,LRRC27,LRRFIP1,LSP1,MACF1,MAEA,MAP7,MAP7D1,MAPK3,MAPT,MARK4,MFHAS1,MPRIP,MSRA,MTCL1,MTRR,MTSS2,MTUS1,MYLK,MYO19,MYO1B,MYO1D,MYO1E,MYO1G,NAV1,NEFH,NEFM,NES,NISCH,NOD2,NOS1,NOTCH3,NR1I2,NSMF,NTN1,ONECUT2,P4HB,PALLD,PARVB,PARVG,PDLIM1,PEAK1,PHLDB2,PKD2L1,PLEC,PLEKHN1,PLK1,PRC1,PRKCE,PTK2,RAC1,RARA,RGS22,RHOF,RIPK2,RIPOR2,RUSC1,S100A12,S100A8,S100A9,SELE,SEPTIN1,SEPTIN11,SEPTIN8,SEPTIN9,SHROOM3,SHTN1,SIPA1L1,SLC1A6,SLC9A3R1,SNAP25,SNCA,SNTG1,SORBS2,SOX9,SPAG6,SPATA7,SPRY2,SPTA1,SPTBN1,STK38L,STON1,SVIL,SYNE2,SYNPO,SYNPO2,SYNPO2L,TBCA,TCHH,TEC,TLN2,TPM1,TPM4,TTLL3,TUBA1A,TUBA1C,TUBB2B,TUBB6,VIM,WASF2,WIPF1,ZC3H12A,ZYX	5.089236632811631e-08	1.8556139722713177e-06
GO_CC	combined	Asymmetric Synapse (GO:0032279)	125	8503	33010	60	ADCY8,ADD1,ADD2,ADD3,ADGRA1,ADGRB1,ADGRL1,ARFGEF2,ARHGAP32,ARHGAP44,CACNA1C,CACNG8,CDH2,CTNND2,DISC1,DLG2,DLG5,DNM3,DTNBP1,FYN,GRIA1,GRIN1,GRIN2A,GRIN2B,GRM7,INPP4A,INSYN1,INSYN2B,IQSEC3,KALRN,KCND3,LRP4,LZTS3,MAGI2,MTMR2,NETO1,NLGN1,NOS1,NSMF,RGS14,RPL30,RPS18,RTN1,RTN3,RTN4,SHANK1,SHANK2,SHANK3,SHISA6,SHISA7,SHISA9,SIPA1L1,SLC8A1,SLC8A3,SPOCK1,SRGAP3,SYNDIG1,SYT11,TSC2,USP50	7.167752342114099e-08	2.4267961501157737e-06
GO_CC	combined	Postsynaptic Density Membrane (GO:0098839)	32	8503	33010	22	CACNG2,CACNG3,CACNG7,CACNG8,DAGLA,DLG2,GRIA1,GRIA4,GRID1,GRID2,GRIK2,GRIK3,GRIK4,GRIK5,GRIN2A,GRIN2B,GRIN2D,GRIN3B,GRM1,GRM5,NETO1,SYNDIG1	4.163764256784506e-07	1.3157495051439039e-05
GO_CC	combined	Cell-Cell Junction (GO:0005911)	281	8503	33010	110	ACTN1,ADD1,ADGRB1,AHNAK,AJAP1,ANXA2,BAIAP2,BAIAP2L1,CADM3,CCDC85A,CCDC85C,CDC42BPB,CDCA3,CDH11,CDH12,CDH13,CDH18,CDH2,CDH22,CDH26,CDH3,CDH4,CDH7,CDH8,CDH9,CDHR3,CLDN1,CLDN11,CLDN19,CLDN4,CLIC4,CRB1,CRB2,CTNNA1,CTNNA2,CTNNA3,CTNND2,CXADR,CYTH3,DCHS1,DES,DLG2,DLG5,DLL1,DNMBP,DSG2,DSP,EPB41L3,EZR,F11R,FAT1,FERMT2,FLOT1,FLRT2,FRMD4A,FRMD4B,FRS2,GAB1,GJA1,GJA5,GJB2,GJC2,GRHL2,HEG1,HEPACAM,HMCN1,IGSF11,IGSF21,ILDR1,ILDR2,ITGA5,JAM3,JCAD,KAZN,KIRREL3,KLHL24,LIMS1,LIMS2,MAGI1,MAPK15,MYO1E,NECTIN1,NECTIN3,NECTIN4,NPHP1,NPHS1,NPHS2,OCLN,PAK1,PAK2,PARD3,PARD3B,PCDH1,PCDHGB4,PDLIM1,PRKCZ,PTK7,PTPRK,PTPRM,PTPRU,PXN,RAPGEF2,RASIP1,SDCCAG8,SHROOM3,SPTBN4,TEK,TIAM1,VSIG10,ZYX	5.44019033248995e-07	1.6116563860001475e-05
GO_CC	combined	Potassium Channel Complex (GO:0034705)	79	8503	33010	41	ABCC9,CNTNAP2,DPP10,DPP6,GRIK2,GRIK3,GRIK4,GRIK5,HCN2,KCNA1,KCNA4,KCNA5,KCNA6,KCNAB1,KCNAB2,KCNAB3,KCNB2,KCNC1,KCNC2,KCNC3,KCND3,KCNH1,KCNIP2,KCNIP4,KCNJ3,KCNJ5,KCNJ6,KCNJ8,KCNMA1,KCNN1,KCNN4,KCNQ1,KCNQ2,KCNQ4,KCNS1,KCNS2,KCNS3,KCNV1,LRRC38,LRRC52,LRRC55	6.112504492472582e-07	1.704310076136473e-05
GO_CC	combined	Actin-Based Cell Projection (GO:0098858)	80	8503	33010	41	ACTC1,ACTG2,ACTN2,ANGPT1,ANKS4B,AOC3,ATP6V1B1,CD302,CD44,CDC42,CLIC4,CXADR,DNALI1,ENPP7,ERMN,EZR,HYAL2,ICAM2,JAM3,LCP1,MYO10,MYO1B,MYO1D,MYO1E,MYO1G,MYO3A,PDGFA,PDPN,PROM1,RAPGEF3,RIPOR2,RUFY3,SHTN1,SLC9A3R1,SPATA13,SPN,TEK,TENM2,TGFB1,UTRN,WWOX	9.424287187990394e-07	2.481728959504137e-05
GO_CC	combined	Calcium Channel Complex (GO:0034704)	57	8503	33010	32	CACNA1A,CACNA1B,CACNA1C,CACNA1E,CACNA1G,CACNA1H,CACNA1I,CACNA2D1,CACNA2D2,CACNA2D3,CACNA2D4,CACNB2,CACNG3,CACNG6,CACNG7,CACNG8,CALM2,CASQ2,MCU,MCUB,PDE4B,PDE4D,PKD1L1,PKD2L1,RYR1,RYR2,RYR3,SCN10A,SCN11A,SCN1A,SCN2A,SCN4A	1.0754171307463061e-06	2.6828827367039427e-05
GO_CC	combined	Voltage-Gated Potassium Channel Complex (GO:0008076)	71	8503	33010	37	CNTNAP2,DPP10,DPP6,HCN1,HCN2,KCNA1,KCNA4,KCNA5,KCNA6,KCNAB1,KCNAB2,KCNAB3,KCNB2,KCNC1,KCNC2,KCNC3,KCND3,KCNH1,KCNIP2,KCNIP4,KCNJ3,KCNJ5,KCNJ6,KCNJ8,KCNMA1,KCNN1,KCNN4,KCNQ1,KCNQ2,KCNQ4,KCNS1,KCNS2,KCNS3,KCNV1,LRRC38,LRRC52,LRRC55	1.8713596685964861e-06	4.435122414573672e-05
GO_CC	combined	Extrinsic Component Of Cytoplasmic Side Of Plasma Membrane (GO:0031234)	75	8503	33010	38	BLK,CARMIL2,CYTH1,ESYT3,FARP1,FERMT2,FGR,FYN,GCOM1,GNA11,GNA12,GNA14,GNA15,GNAL,GNAO1,GNAS,GNAZ,GNB1,GNG2,HCK,IQGAP1,JAK1,JAK3,KCNAB1,KCNAB2,KRAS,LCK,LYN,PLEKHA4,PTK6,RACGAP1,RGS1,SNX18,SRC,SYK,TIAM1,TRAF3IP2,ZAP70	3.334789558897085e-06	7.527096432939134e-05
GO_CC	combined	Catenin Complex (GO:0016342)	28	8503	33010	19	APC2,CDH11,CDH12,CDH13,CDH18,CDH2,CDH22,CDH23,CDH26,CDH3,CDH4,CDH7,CDH8,CDH9,CDHR3,CTNNA1,CTNNA2,DCHS1,PCDHGB4	3.546132435708779e-06	7.640303520572551e-05
GO_CC	combined	Exocytic Vesicle Membrane (GO:0099501)	50	8503	33010	28	DTNBP1,DYSF,FER1L5,GABRA2,MCTP1,MCTP2,MYOF,PTPRN2,RPH3A,SLC17A6,SLC17A7,SLC32A1,SV2A,SV2B,SV2C,SYN3,SYNDIG1,SYNGR1,SYNGR2,SYNGR3,SYNPR,SYPL1,SYT1,SYT4,SYT5,TMEM163,UNC13A,UNC13C	5.362691919366584e-06	0.0001105180856425983
GO_CC	combined	Polymeric Cytoskeletal Fiber (GO:0099513)	249	8503	33010	96	ACTA1,ACTC1,ACTN1,ACTN2,ACTN3,AKNA,APC2,AVIL,BFSP1,BFSP2,CCT4,CCT5,CCT6A,CLASP2,CLIP1,COBL,COTL1,CRHBP,CTTN,DCDC2,DCDC2C,DCTN1,DISC1,DNM2,DNM3,DPYSL2,DSP,DST,DYNC2H1,EML1,EPPK1,EZR,FHDC1,FLACC1,FSD1,GAS7,HCK,HLA-DRB1,INF2,IQGAP1,KCNAB2,KIF13A,KIF13B,KIF16B,KIF17,KIF1A,KIF1B,KIF21B,KIF24,KIF25,KIF28P,KIF5A,KIF5C,KIFC1,KRT3,KRT75,KRT8,LCP1,LMOD1,MACF1,MAP1A,MAP3K11,MAP6D1,MAPRE1,MAPT,MICAL2,MYO1B,NEFL,NEFM,NES,ODF1,OPA1,PAK1,PALLD,PLEC,PLS1,PSTPIP1,RAC1,RADIL,SEPTIN9,SLC1A4,SPTBN4,SYBU,TBCD,TCP11L1,TEK,TPM1,TPM4,TPPP,TRIM55,TUBA1A,TUBA1C,TUBB2B,TUBB6,VIM,WIPF1	5.8821390508948174e-06	0.00011617224625517265
GO_CC	combined	Voltage-Gated Calcium Channel Complex (GO:0005891)	48	8503	33010	27	CACNA1A,CACNA1B,CACNA1C,CACNA1E,CACNA1G,CACNA1H,CACNA1I,CACNA2D1,CACNA2D2,CACNA2D3,CACNA2D4,CACNB2,CACNG3,CACNG6,CACNG7,CACNG8,CATSPERE,CATSPERG,HSPA2,PDE4B,PDE4D,SCN10A,SCN11A,SCN1A,SCN2A,SCN4A,TMEM249	7.029577403047656e-06	0.00013328078756178355
GO_CC	combined	Cortical Cytoskeleton (GO:0030863)	61	8503	33010	32	ACTN2,ACTN3,AKAP13,BSN,CAPN2,CDH2,CLASP1,COTL1,CTTN,EEF1A1,EPB41,ERC1,ERC2,EZR,FLOT1,GCOM1,GSN,LASP1,MAPRE1,MLPH,MYRIP,NSMF,RAPGEF3,RIMS3,RIMS4,SELE,SHROOM3,SLC2A1,SPTA1,SPTBN1,SPTBN2,SPTBN4	7.609906485929741e-06	0.00013873444901271913
GO_CC	combined	Synaptic Vesicle Membrane (GO:0030672)	51	8503	33010	28	DTNBP1,DYSF,FER1L5,GABRA2,MCTP1,MCTP2,MYOF,PTPRN2,RPH3A,SLC17A6,SLC17A7,SLC32A1,SV2A,SV2B,SV2C,SYN3,SYNDIG1,SYNGR1,SYNGR2,SYNGR3,SYNPR,SYPL1,SYT1,SYT4,SYT5,TMEM163,UNC13A,UNC13C	8.971312487352684e-06	0.00015749637477796934
GO_CC	combined	Glutamatergic Synapse (GO:0098978)	67	8503	33010	34	ACTB,ACTN1,ADGRA1,APOE,ARHGAP22,BCR,BSN,CADPS,CADPS2,CBLN1,CTTNBP2,DISC1,DLGAP1,DLGAP2,DLGAP3,DRD2,LRFN5,LRRC4,LRRC4C,LRRTM3,NELL2,NLGN1,NOS1AP,NPTX1,NPTX2,NRG3,RAC1,SH3GL1,SHISA6,SHISA7,SLITRK1,TANC1,TRIO,WNT3A	1.0307468526182411e-05	0.0001699830844944349
GO_CC	combined	Early Endosome (GO:0005769)	287	8503	33010	107	ANKFY1,ANKRD13B,AOC3,AP1S3,AP3B2,APBB2,APOB,APOC2,APOE,APP,ATP11B,ATP13A3,ATP6V0D1,ATP6V0D2,ATP9A,B2M,BACE1,CFTR,CLIP3,CLN6,CNTNAP2,COMMD1,CXCR4,DAGLA,DTX3L,DYSF,EGFR,EHD2,EHD4,EPHA3,EPHB1,F2R,FLOT1,FZD5,GRIA1,HFE,HGS,HLA-F,HLA-G,IFITM3,KCNH1,KCNQ1,KIF16B,KIR2DL4,KREMEN2,LAPTM4B,LDLR,LDLRAD4,LDLRAP1,LMTK2,LNPEP,LRP1,MAPK3,MARCHF1,MELTF,MGRN1,MVB12B,MYO1B,NAPEPLD,NELL1,NSG2,NTRK1,OR51E2,OSBPL6,PLA2G4E,PLEKHA3,PLEKHF1,PLEKHF2,PLEKHJ1,PMEPA1,PRDX3,PXK,RAB17,RAB29,RAB31,RAB32,RAB5A,RABGAP1L,RAPGEF1,RIN3,RUSC1,SLC11A2,SLC30A10,SLC9A3,SLC9A9,SNX20,SNX27,SNX31,SNX33,SNX8,SORL1,SORT1,SYNDIG1,TBC1D16,TMEM163,TMEM184A,TMEM230,TPCN1,TRAK1,UVRAG,VAC14,VAMP8,WASHC4,WDR81,WDR91,WLS,WNT3A	1.0399808966959098e-05	0.0001699830844944349
GO_CC	combined	Ionotropic Glutamate Receptor Complex (GO:0008328)	32	8503	33010	20	CACNG3,CACNG7,CACNG8,CNIH3,GRIA1,GRIA4,GRID2,GRIK2,GRIK3,GRIK4,GRIK5,GRIN1,GRIN2A,GRIN2B,GRIN2D,GRIN3B,SHISA6,SHISA7,SHISA9,VWC2L	1.2834060111065076e-05	0.0002027781497548282
GO_CC	combined	Excitatory Synapse (GO:0060076)	19	8503	33010	14	BSN,ELFN1,GRIN1,ITGA3,NETO1,NLGN1,PALLD,SHANK1,SHISA6,SHISA7,SLC17A6,SLC17A7,SYNDIG1,SYT11	1.6622943033815565e-05	0.0002541701612267283
GO_CC	combined	Supramolecular Fiber (GO:0099512)	35	8503	33010	21	ADAMTS10,ADAMTSL5,CTPS1,ELN,FBLN5,FBN1,FBN2,LTBP1,MFAP1,MFAP2,MYH1,MYH10,MYH13,MYH4,MYH7B,MYH8,MYO18A,MYO18B,SNCA,THSD4,TNK2	1.9232027552741848e-05	0.0002848744081249886
GO_CC	combined	Tight Junction (GO:0070160)	84	8503	33010	39	AMOTL1,ANK3,CGN,CGNL1,CLDN1,CLDN10,CLDN11,CLDN15,CLDN18,CLDN19,CLDN4,CLDN6,CLDN8,CLMP,CXADR,CYTH1,CYTH3,EPCAM,EPPK1,F11R,FRMD4A,FRMD4B,GJA1,ILDR1,ILDR2,JAM3,JAML,MAGI2,OCEL1,OCLN,PARD3,PRKCZ,RAB13,RAPGEF2,SIPA1L3,TBCD,VAPA,WNK4,YBX3	3.431240999216289e-05	0.0004928509798874306
GO_CC	combined	Microvillus (GO:0005902)	57	8503	33010	29	ANGPT1,ANKS4B,AOC3,ATP6V1B1,CD44,CDHR5,CLIC4,ENPP7,EZR,HYAL2,ICAM2,JAM3,MYO1B,MYO1D,MYO1E,MYO1G,PDGFA,PDPN,PROM1,RAPGEF3,SLC38A4,SLC7A5,SLC7A8,SLC9A3R1,SPN,SYTL1,TEK,TGFB1,WWOX	4.256783754459063e-05	0.0005934457351804693
GO_CC	combined	MHC Class II Protein Complex (GO:0042613)	12	8503	33010	10	GNAO1,HLA-DMA,HLA-DMB,HLA-DOA,HLA-DOB,HLA-DPA1,HLA-DQA2,HLA-DQB2,HLA-DRA,HLA-DRB1	4.965148742334724e-05	0.0006724230011047597
GO_CC	combined	GABA-ergic Synapse (GO:0098982)	14	8503	33010	11	BSN,CBLN4,DISC1,LRFN5,LRRTM1,LRRTM2,MDGA1,NLGN1,NLGN2,SLITRK1,SLITRK3	5.364552922140206e-05	0.000706332801415127
GO_CC	combined	Cytoplasmic Side Of Plasma Membrane (GO:0009898)	118	8503	33010	50	AJAP1,ALOX15,ANK1,AP2M1,BLK,CARMIL2,CHMP4C,CYTH1,ESYT3,EZR,FADD,FARP1,FERMT2,FGR,FRMD1,FYN,GCOM1,HCK,IQGAP1,JAK1,JAK3,KCNAB1,KCNAB2,KRAS,LCK,LDLRAP1,LILRB4,LITAF,LYN,NPHS2,PALM,PLEKHA4,PRMT8,PTK6,PTPN22,PTPRC,RACGAP1,RASA3,RGS1,SAMD12,SNX18,SPTA1,SRC,SYK,TIAM1,TRAF1,TRAF2,TRAF3,TRAF3IP2,ZAP70	6.168946118945305e-05	0.0007902920163189391
GO_CC	combined	Synaptic Membrane (GO:0097060)	30	8503	33010	18	DAGLA,GRIA1,GRIN1,GRIN2A,GRIN2B,ITGA3,LRP4,LRRTM1,LRRTM2,MTMR2,NLGN1,PDE2A,RIMS4,SHISA6,SHISA7,SHISA9,SLITRK3,TMEM240	7.610153758239721e-05	0.0009492665477383231
GO_CC	combined	Basement Membrane (GO:0005604)	43	8503	33010	23	AGRN,COL23A1,COL4A1,COL4A2,COL8A2,COLQ,DST,FBN1,HMCN1,HSPG2,LAMA1,LAMA3,LAMA4,LAMA5,LAMB1,LAMC1,NID1,NID2,P3H2,SMOC2,THBS4,TINAG,VWA2	9.651407392919552e-05	0.0011730172062163762
GO_CC	combined	Adherens Junction (GO:0005912)	142	8503	33010	57	ADD1,AJAP1,ANXA2,BAIAP2,BAIAP2L1,CCDC85A,CCDC85C,CDCA3,CDH11,CDH12,CDH13,CDH18,CDH2,CDH22,CDH26,CDH3,CDH4,CDH7,CDH8,CDH9,CDHR3,CRB1,CTNNA1,CTNNA2,CTNNA3,CTNND2,CXADR,CYTH3,DCHS1,DLG2,DLG5,DLL1,DSP,EZR,FERMT2,FLOT1,FRMD4A,FRMD4B,FRS2,HMCN1,IGSF21,JCAD,KLHL24,MAGI1,MYO1E,NECTIN1,NECTIN3,NECTIN4,PARD3,PARD3B,PCDHGB4,PDLIM1,PLEKHA7,PTPRM,SHROOM3,SPTBN4,ZYX	0.00012108927339979474	0.0014349078897875677
GO_CC	combined	Dendrite Membrane (GO:0032590)	26	8503	33010	16	DAGLA,GABRA1,GABRA2,GABRA4,GABRA5,GABRG1,GABRG2,GRIA1,INSR,KCNC1,KCNC2,KCNC3,SHISA6,SHISA7,SHISA9,THY1	0.0001256019055014572	0.0014520805660412368
GO_CC	combined	Bicellular Tight Junction (GO:0005923)	74	8503	33010	34	AMOTL1,ANK3,CGN,CGNL1,CLDN1,CLDN10,CLDN11,CLDN15,CLDN18,CLDN19,CLDN4,CLDN6,CLDN8,CLMP,CXADR,CYTH1,CYTH3,EPCAM,EPPK1,F11R,FRMD4A,FRMD4B,JAM3,JAML,MAGI2,OCEL1,OCLN,PARD3,RAB13,RAPGEF2,TBCD,VAPA,WNK4,YBX3	0.00013747611359942325	0.001551516139193491
GO_CC	combined	GABA-A Receptor Complex (GO:1902711)	15	8503	33010	11	GABRA2,GABRA4,GABRA5,GABRB1,GABRB2,GABRB3,GABRD,GABRG1,GABRG2,GABRP,GABRR1	0.00015403098067278922	0.0016979229032302813
GO_CC	combined	Actin Filament (GO:0005884)	64	8503	33010	30	ACTA1,ACTC1,ACTN1,ACTN2,ACTN3,APC2,AVIL,COBL,COTL1,CTTN,EZR,FHDC1,GAS7,HCK,INF2,IQGAP1,LCP1,LMOD1,MICAL2,MYO1B,PAK1,PALLD,PLS1,PSTPIP1,RAC1,SPTBN4,TEK,TPM1,TPM4,WIPF1	0.00021506816398705853	0.002316870675678767
GO_CC	combined	Apical Junction Complex (GO:0043296)	96	8503	33010	41	AMOTL1,ANK3,CCDC85C,CGN,CGNL1,CLDN1,CLDN10,CLDN11,CLDN15,CLDN18,CLDN19,CLDN4,CLDN6,CLDN8,CLMP,CRB1,CRB2,CXADR,CYTH1,CYTH3,EPCAM,EPPK1,F11R,FRMD4A,FRMD4B,JAM3,JAML,MAGI2,NECTIN3,OCEL1,OCLN,PARD3,PARD3B,PLEKHA7,RAB13,RAPGEF2,SHROOM3,TBCD,VAPA,WNK4,YBX3	0.00022131206216228892	0.0023311537214427765
GO_CC	combined	Endosome Membrane (GO:0010008)	330	8503	33010	114	ABHD6,ACAP2,ANKFY1,ANTXR1,ANTXR2,ANXA2,AP2M1,APOB,ATG16L1,ATG9B,ATP11B,ATP13A3,ATP6V0D1,ATP6V0D2,ATP9A,B2M,BACE1,CFTR,CHMP6,CLEC16A,CLIP3,CLTC,CYB561A3,DAGLA,ECE1,EGFR,EHD2,EHD4,EPHB1,ERBB2,FZD5,GRIA1,HFE,HLA-DMA,HLA-DMB,HLA-DRA,HLA-DRB1,HLA-F,HLA-G,IFITM3,INSR,IRAK4,IRF7,KCNH1,KIF13A,KIR2DL4,KREMEN2,LAPTM4B,LDLR,LDLRAD4,MARCHF1,MREG,MVB12B,MYO1B,NTRK1,OCA2,OR51E2,OSBPL6,PIP5K1C,PLA2G4E,PLEKHF1,PMEPA1,PXK,RAB11FIP3,RAB12,RAB17,RAB31,RAB5A,RAB7A,RAC1,RFFL,RHOBTB2,RHOU,RNF13,RNF144A,SCAMP4,SCAMP5,SCARB2,SLC11A2,SLC15A3,SLC30A10,SLC48A1,SLC9A3,SLC9A5,SLC9A9,SNX18,SNX20,SNX8,SORL1,SORT1,STEAP3,SYNDIG1,TAB1,TBC1D5,TICAM2,TLR4,TMEM163,TMEM184A,TPCN1,UBAP1,USP50,VAC14,VAMP8,VPS13A,VPS25,VPS37B,VPS37C,VTI1A,WASHC4,WDR81,WDR91,WLS,WNT3A,ZDHHC11	0.0002292064927810904	0.0023618234256138444
GO_CC	combined	Bounding Membrane Of Organelle (GO:0098588)	776	8503	33010	243	ACAP2,ADCY3,ADGRE3,ANKFY1,ANTXR1,ANTXR2,AP1S3,AP2M1,APOB,ARFGEF2,ARL13B,ARMH3,ARRB1,ATG9B,ATP2A2,ATP2A3,ATP2C2,ATP6V0D1,ATP6V0D2,B2M,B3GALNT1,B3GALT4,B3GAT1,B3GNT2,B3GNT3,B3GNT5,B3GNTL1,B4GALT6,B4GAT1,BACE1,BBS9,C5AR1,CACNG2,CACNG3,CACNG8,CASQ2,CD177,CD44,CD55,CD58,CD9,CDC42,CFTR,CHERP,CHMP6,CHST11,CHST13,CHST2,CHST3,CHST8,CNGB1,CNIH3,COG5,COPE,CREB3L3,CSF3R,CSGALNACT1,CTSC,CXCR1,CYTH1,CYTH2,CYTH3,DMPK,DNM2,DRD2,DRD5,DSE,ECE1,ECE2,EEF1AKMT4-ECE2,EGFR,EHD2,ERBB2,EVC2,EXT1,FPR1,FURIN,FUT3,FUT4,FUT9,GALNT12,GALNT14,GALNT2,GALNT3,GALNT7,GALNT8,GALNT9,GBP5,GCNT4,GFY,GJA1,GNAO1,GORASP2,GRIA1,GRIA4,HACE1,HFE,HHIP,HLA-DPA1,HLA-DQA2,HLA-DQB2,HLA-DRA,HLA-DRB1,HLA-F,HLA-G,HPD,HS3ST2,HS3ST3B1,HYAL2,IL17RD,INSR,IQGAP1,IRAG1,IRAK4,IRF7,ITM2B,ITPR1,ITPR2,KDELR2,KIF13A,KRAS,LDLR,LDLRAD4,LFNG,LRP1,LYN,MALL,MAN1C1,MAPK8IP3,MGAT3,MGAT4A,MGAT4B,MGAT5,MSR1,MVB12B,MYO1B,NCAM1,NLRP3,NMNAT2,NOS1AP,NOSTRIN,NOTCH2,NOTCH3,NOTCH4,NTRK1,OCA2,ORMDL3,PCSK7,PDGFA,PDGFD,PGAP4,PI4KB,PIP5K1C,PLEKHA3,PLEKHF1,PMEPA1,POMGNT1,PROS1,PTPRC,PTPRN2,QSOX1,RAB1B,RAB24,RAB30,RAB31,RAB5A,RAB7A,RAC1,RFFL,RHO,RHOBTB2,RHOF,RHOU,RNF144A,RTN1,RYR1,RYR2,RYR3,SCAMP5,SCARB1,SCARB2,SCNN1A,SERPINB6,SGMS1,SHANK2,SHANK3,SIGLEC5,SIRPB1,SLC15A3,SLC2A1,SLC35A3,SLC48A1,SORL1,SORT1,SREBF1,ST3GAL3,ST3GAL4,ST3GAL6,ST6GAL1,ST6GALNAC6,ST8SIA1,ST8SIA2,ST8SIA3,ST8SIA6,STEAP3,STIM1,STX5,SYCN,SYT4,TAB1,TAP1,TBC1D5,TICAM2,TLR4,TMEM184A,TPCN1,TPST1,TRAPPC3L,UBAP1,UNC93B1,UVRAG,VAC14,VAMP8,VAPA,VPS13A,VPS13B,VPS25,VPS37B,VPS37C,VTI1A,WDR59,WHAMM,WLS,WNT3A,WNT5B,WSCD1,WSCD2,XYLT2,ZDHHC11,ZDHHC13,ZDHHC19,ZDHHC3,ZDHHC7	0.0002565298357243371	0.002587130683687995
GO_CC	combined	Cation Channel Complex (GO:0034703)	51	8503	33010	25	CALM2,CASQ2,CNGA3,CNGB1,CNGB3,HTR3A,HTR3B,HTR3D,HTR3E,KCNA5,KCNA6,KCNAB1,KCNIP2,MCU,MCUB,PDE4D,PKD1L1,PKD2L1,RYR1,RYR2,RYR3,SCN2A,SCNN1A,TRPC6,TRPM2	0.0002997380342906736	0.002959913088620402
GO_CC	combined	MHC Protein Complex (GO:0042611)	18	8503	33010	12	GNAO1,HFE,HLA-DMA,HLA-DMB,HLA-DOA,HLA-DOB,HLA-DPA1,HLA-DQA2,HLA-DQB2,HLA-DRA,HLA-DRB1,HLA-F	0.00031227465125432035	0.0030207792794805684
GO_CC	combined	Lysosome (GO:0005764)	472	8503	33010	154	ABHD6,ACP3,AGA,AGRN,AHNAK,ANKFY1,ANXA2,AP1S3,AP2M1,APOB,ARRB1,ARSB,ARSG,ATP11A,ATP6V0D1,ATP6V0D2,BACE1,BCAN,BLOC1S1,CD1D,CFTR,CHMP4C,CHMP6,CLTC,CP,CPQ,CRHBP,CSF3R,CST7,CTSC,CTSG,CTSK,CXCR4,CYB561,CYB561A3,DAB2,DAGLB,DCN,DEPDC5,DPP4,DRAM1,DTX3L,ECE1,ENPEP,EPDR1,FLOT1,FMOD,FYCO1,GLMP,GNA11,GNAO1,GNB1,GPC2,GPC5,GPC6,GPR137B,GRIN2B,HCK,HGS,HLA-DMA,HLA-DMB,HLA-DOA,HLA-DOB,HLA-DPA1,HLA-DQA2,HLA-DQB2,HLA-DRA,HLA-DRB1,HLA-F,HSP90AA1,HSPG2,HYAL1,HYAL2,IDUA,IFITM3,ITFG2,KCNQ1,KLHL22,KPTN,LAPTM4B,LDLR,LITAF,LNPEP,LRP1,LRP2,LRRC8E,LYN,MAN2B1,MARCHF1,MARCHF3,MEAK7,MFHAS1,MFSD1,MFSD12,MPO,MTOR,NAPG,NEU1,NEU4,NRG1,OCA2,OCLN,OSTM1,PLA2G4E,PLAAT1,PLD1,PLEKHF1,PPT2,PSEN2,RAB12,RAB27A,RAB7A,RFFL,RILP,RNASET2,RNF13,RPTOR,RRAGD,SCARB1,SCARB2,SDC2,SDC3,SERPINB13,SFTPD,SLC11A2,SLC12A4,SLC15A3,SLC35F6,SLC38A9,SLC48A1,SNCA,SORT1,SPHK2,SRC,SYT11,SZT2,TECPR1,TFEB,TIAL1,TINAG,TM6SF1,TMEM63A,TMEM79,TPCN1,TSC2,TYR,UNC93B1,USP5,USP6,UVRAG,VAMP8,VPS13A,WDR59,WDR81	0.0004697785902502608	0.004453501035572472
GO_CC	combined	Cortical Actin Cytoskeleton (GO:0030864)	42	8503	33010	21	ACTN2,ACTN3,AKAP13,CAPN2,CDH2,COBL,COTL1,EEF1A1,FLOT1,GCOM1,GSN,LASP1,MLPH,MYRIP,RAPGEF3,SHROOM3,SLC2A1,SPTA1,SPTBN1,SPTBN2,SPTBN4	0.0006413129934144386	0.005960438409381252
GO_CC	combined	Endoplasmic Reticulum Lumen (GO:0005788)	268	8503	33010	93	ADAMTS5,ADAMTS7,ADAMTSL1,APOB,APOE,APP,ARSB,ARSG,B2M,BACE1,BDNF,BMP4,C3,CASQ2,CDH2,CLN6,COL11A1,COL11A2,COL12A1,COL14A1,COL16A1,COL18A1,COL20A1,COL21A1,COL23A1,COL24A1,COL25A1,COL26A1,COL3A1,COL4A1,COL4A2,COL5A1,COL5A2,COL5A3,COL6A3,COL8A1,COL8A2,COL9A1,COL9A2,COL9A3,COLGALT2,CP,CSF1,CTSC,CYP2W1,EOGT,ERAP1,EVA1A,FBN1,FGF23,FN1,GHRL,IGFBP3,IGFBP4,IGFBP7,IL12A,IL12B,IL6,ITIH2,KTN1,LAMB1,LAMC1,LRPAP1,LTBP1,MAPK3,MELTF,MGAT4A,MSLN,MXRA8,P3H2,P4HA2,P4HA3,P4HB,PDGFA,PDGFD,PDIA6,PENK,PLAUR,PRSS23,QSOX1,RDH5,RNASET2,SDC2,SERPING1,SHH,SPARCL1,STC2,SUMF1,THBS1,TOR4A,TSPAN33,WNT3A,WNT5B	0.0006888795998237288	0.0062794025060855276
GO_CC	combined	Cytoplasmic Vesicle Membrane (GO:0030659)	367	8503	33010	122	ABCA4,ACAP2,ADGRE3,ANKFY1,ANTXR1,ANTXR2,AP1S3,AP2M1,APOB,ARRB1,ATP6V0D1,ATP6V0D2,BACE1,C5AR1,CACNG2,CACNG3,CACNG8,CD177,CD44,CD55,CD58,CD9,CFTR,CHMP6,CNGB1,CSF3R,CXCR1,DNM2,DYSF,ECE1,ECE2,EEF1AKMT4-ECE2,EGFR,EHD2,ERBB2,FAM170B,FMN2,FPR1,GJA1,GNAO1,GRIA1,GRIA4,HLA-DPA1,HLA-DQA2,HLA-DQB2,HLA-DRA,HLA-DRB1,INSR,IQGAP1,IRAK4,IRF7,ITM2B,ITPR1,ITPR2,IYD,KIF13A,KIF1B,LDLR,LRP1,LYN,MREG,MSR1,MVB12B,MYO1B,NOSTRIN,NSG2,NTRK1,OCA2,ORMDL3,PIP5K1C,PLEKHF1,PMEPA1,PTPRC,PTPRN2,RAB24,RAB31,RAB5A,RAB7A,RAC1,RFFL,RHO,RHOBTB2,RHOF,RHOU,RNF144A,SCARB1,SCARB2,SERPINB6,SH3BP5,SIGLEC5,SIRPB1,SLC15A3,SLC48A1,SNX9,SORL1,SORT1,SPIRE2,STEAP3,SYCN,TAB1,TBC1D5,TICAM2,TLR4,TMEM184A,TMEM190,TPCN1,TRIM72,UBAP1,VAC14,VAMP5,VAMP8,VOPP1,VPS13A,VPS25,VPS37B,VPS37C,WLS,WNT3A,WNT5B,ZDHHC11,ZDHHC13,ZNRF2	0.0007907059462180552	0.007071596575610532
GO_CC	combined	Plasma Membrane Raft (GO:0044853)	81	8503	33010	34	ADD2,CAVIN1,CAVIN2,CD177,CD8A,CDH13,CHRNB2,EHD2,EMP2,EZR,F2R,FLOT1,FXYD1,HCK,INSR,IRS1,ITGB2,KCNA5,KCNMA1,LRP4,LRP8,MAPK3,MS4A1,MYOF,NOS1AP,PRKAR1A,PRTN3,SCARB1,SELE,SELPLG,SKAP1,SRC,STIM1,TGFBR2	0.0010598000831766147	0.00930268961899473
GO_CC	combined	Inhibitory Synapse (GO:0060077)	5	8503	33010	5	IGSF21,LHFPL4,NLGN1,NLGN2,SYT11	0.0011330628479718024	0.009590567677475613
GO_CC	combined	Neuronal Dense Core Vesicle (GO:0098992)	5	8503	33010	5	KIF1A,NPY,PDYN,SYT4,VPS13A	0.0011330628479718024	0.009590567677475613
GO_CC	combined	Intercalated Disc (GO:0014704)	30	8503	33010	16	ANK2,ANK3,CDH2,CTNNA3,CXADR,DES,DSG2,DSP,FXYD1,GJA1,GJA5,KCNA5,OBSL1,PAK1,PIK3CA,SLC8A1	0.0011562485798939	0.00961511976964401
GO_CC	combined	Basolateral Plasma Membrane (GO:0016323)	163	8503	33010	60	ABCC3,ABCC4,ADCY8,AJAP1,ANK1,ANK2,ANK3,ANXA2,ATP1A1,ATP6V1B1,AURKA,C5AR1,CALHM3,CD44,CD81,CLDN1,CLDN19,CXADR,EGFR,EPB41,EPCAM,ERBB2,ERBB3,EZR,FLOT1,KCNC2,KCNQ1,LDLR,LPO,LRP1,MYO1D,NEDD9,NKD2,NOD2,PDPN,PIANP,PTH1R,RAB17,SLC13A3,SLC22A3,SLC22A8,SLC26A1,SLC26A5,SLC29A2,SLC2A1,SLC38A1,SLC3A2,SLC41A1,SLC43A2,SLC46A1,SLC47A1,SLC4A10,SLC51A,SLC6A13,SLC7A5,SLC7A7,SLC7A8,TEK,TSHR,UMOD	0.001177547956140933	0.009623409158806936
GO_CC	combined	Filopodium (GO:0030175)	55	8503	33010	25	ACTC1,ACTG2,ACTN2,ANTXR1,CD302,CDC42,CXADR,DNALI1,ERMN,EZR,ITGA3,LCP1,MYO10,MYO1B,MYO3A,PALM,PDPN,RAPGEF3,RIPOR2,RUFY3,SHTN1,SPATA13,SYNE2,TENM2,UTRN	0.0012267154008532288	0.00985530677973611
GO_CC	combined	Golgi Membrane (GO:0000139)	408	8503	33010	132	AP1S3,ARFGEF2,ARMH3,ARRB1,ATG9B,ATP2C2,B2M,B3GALNT1,B3GALT4,B3GAT1,B3GNT2,B3GNT3,B3GNT5,B3GNTL1,B4GALT6,B4GAT1,CD55,CDC42,CHST11,CHST13,CHST2,CHST3,CHST8,COG5,COPE,CREB3L3,CSGALNACT1,CYTH1,CYTH2,CYTH3,DNM2,DSE,ECE2,EEF1AKMT4-ECE2,EXT1,FURIN,FUT3,FUT4,FUT9,GALNT12,GALNT14,GALNT2,GALNT3,GALNT7,GALNT8,GALNT9,GBP5,GCNT4,GFY,GJA1,GNAO1,GORASP2,HACE1,HFE,HLA-DPA1,HLA-DQA2,HLA-DQB2,HLA-DRA,HLA-DRB1,HLA-F,HLA-G,HPD,HS3ST2,HS3ST3B1,HYAL2,IL17RD,KDELR2,KRAS,LDLRAD4,LFNG,MALL,MAN1C1,MAPK8IP3,MGAT3,MGAT4A,MGAT4B,MGAT5,NCAM1,NLRP3,NMNAT2,NOTCH2,NOTCH3,NOTCH4,PCSK7,PDGFA,PDGFD,PGAP4,PI4KB,PLEKHA3,PMEPA1,POMGNT1,PROS1,QSOX1,RAB1B,RAB30,RFFL,RHO,RTN1,SCAMP5,SCARB2,SGMS1,SLC2A1,SLC35A3,SORL1,SREBF1,ST3GAL3,ST3GAL4,ST3GAL6,ST6GAL1,ST6GALNAC6,ST8SIA1,ST8SIA2,ST8SIA3,ST8SIA6,STX5,SYT4,TPST1,UNC93B1,VAC14,VAPA,VPS13B,VTI1A,WHAMM,WLS,WSCD1,WSCD2,XYLT2,ZDHHC11,ZDHHC13,ZDHHC19,ZDHHC3,ZDHHC7	0.0016170494281241064	0.012774690482180441
GO_CC	combined	Dense Core Granule (GO:0031045)	16	8503	33010	10	CHGA,CRHBP,KIF1A,MYRIP,NPY,PDYN,SYT1,SYT4,SYT5,SYT9	0.0020982478481893505	0.016304417705602495
GO_CC	combined	Sarcolemma (GO:0042383)	51	8503	33010	23	ALOX12,ANK2,ANK3,ATP1A1,DES,DTNBP1,DYSF,FLNC,FXYD1,NOS1,NOS1AP,PLEC,POPDC2,RYR1,RYR2,RYR3,SGCD,SLC2A1,SLC2A5,SLC8A1,SLC8A3,SYNC,TRIM72	0.002152975342085277	0.016459843744329374
GO_CC	combined	Sarcoplasmic Reticulum (GO:0016529)	43	8503	33010	20	ANK3,ATP2A2,ATP2A3,CASQ2,CHERP,CMYA5,DMPK,GSTM2,ITPR1,ITPR2,NOS1,NOS1AP,RYR1,RYR2,RYR3,S100A1,STIM1,SYNE2,THBS1,THBS4	0.002624708808418392	0.019747809130005043
GO_CC	combined	Clathrin-Coated Vesicle Membrane (GO:0030665)	82	8503	33010	33	AP2M1,APOB,APOE,CD9,CFTR,CHRM2,CLTC,DENND1A,EGFR,EPN1,FZD5,GAD1,GAD2,GNAO1,HLA-DPA1,HLA-DQA2,HLA-DQB2,HLA-DRA,HLA-DRB1,LDLR,LDLRAP1,LRP2,MYCBPAP,RAB5A,RASSF9,ROR2,SCARB2,SLC17A7,SLC18A3,SLC32A1,SYT1,SYT9,VAMP8	0.002854357677020767	0.021140086545435057
GO_CC	combined	Transport Vesicle Membrane (GO:0030658)	56	8503	33010	24	B2M,CNIH3,ECE2,EEF1AKMT4-ECE2,GNAO1,GRIA1,HFE,HLA-DPA1,HLA-DQA2,HLA-DQB2,HLA-DRA,HLA-DRB1,HLA-F,HLA-G,RASSF9,SEC16A,SEC16B,SEC24C,SEC24D,SLC17A7,SLC18A3,STX5,SYT1,VTI1A	0.003966197709788165	0.02892273406830139
GO_CC	combined	Cell-Cell Contact Zone (GO:0044291)	45	8503	33010	20	AHNAK,AJAP1,ANK2,ANK3,CDH2,CXADR,DES,DSG2,DSP,FLOT1,FXYD1,GJA1,GJA5,JAM3,KCNA5,OBSL1,PAK1,PIK3CA,SLC8A1,TIAM1	0.005013979078295175	0.036009486107756256
GO_CC	combined	Clathrin-Coated Endocytic Vesicle Membrane (GO:0030669)	60	8503	33010	25	AP2M1,APOB,APOE,CD9,CFTR,CHRM2,CLTC,EGFR,FZD5,GNAO1,HLA-DPA1,HLA-DQA2,HLA-DQB2,HLA-DRA,HLA-DRB1,LDLR,LDLRAP1,LRP2,RAB5A,ROR2,SCARB2,SLC18A3,SYT1,SYT9,VAMP8	0.005176362470980769	0.036620833003654985
GO_CC	combined	Neurotransmitter Receptor Complex (GO:0098878)	6	8503	33010	5	HTR3A,HTR3B,HTR3D,HTR3E,SHISA9	0.005339693845585036	0.03722080710010746
GO_CC	combined	Early Endosome Membrane (GO:0031901)	104	8503	33010	39	ATP11B,ATP13A3,ATP9A,B2M,CLIP3,DAGLA,EGFR,EPHB1,FZD5,GRIA1,HFE,HLA-F,HLA-G,IFITM3,KCNH1,KIR2DL4,KREMEN2,LDLRAD4,LITAF,MARCHF1,OR51E2,OSBPL6,PLA2G4E,PMEPA1,RAB31,RAB5A,SLC30A10,SNX20,SNX8,SYNDIG1,TMEM163,TMEM184A,TPCN1,VAC14,WASHC4,WDR81,WDR91,WLS,WNT3A	0.0054641793184923805	0.03753653618790418
GO_CC	combined	Intermediate Filament Cytoskeleton (GO:0045111)	79	8503	33010	31	BCAS3,BFSP1,BFSP2,CARMIL2,CLIP1,DES,DISC1,DSP,DST,EPPK1,HLA-DRB1,HOXA13,KRT3,KRT75,KRT8,KRT80,MACF1,MTRR,NEFL,NEFM,NES,NR1I2,PHLDB2,PLEC,PRKCE,S100A8,SLC1A4,SLC1A6,STON1,SYNE2,VIM	0.005850835219497348	0.0396185127720249
GO_CC	combined	Recycling Endosome (GO:0055037)	147	8503	33010	52	APP,ARFGEF2,ATG9B,ATP11A,ATP11B,ATP13A3,ATP9A,B2M,BACE1,CFTR,CLIP3,COMMD1,DENND6B,DYNC1I1,EHD2,EHD4,GRIA1,HFE,HLA-F,HLA-G,LDLRAP1,LMTK2,MCTP1,MELTF,PLEKHA3,PLEKHJ1,RAB11FIP3,RAB12,RAB13,RAB17,RAB29,RAC1,RASSF9,SCAMP4,SCAMP5,SLC11A2,SLC30A10,SLC9A3,SLC9A5,SLC9A9,SLC9B2,SNX18,SORL1,SYT11,TMEM230,TNF,TPCN1,TUBA1A,USP6,VAMP8,VPS51,VPS52	0.006094800520244559	0.04068923164219607
GO_CC	combined	AMPA Glutamate Receptor Complex (GO:0032281)	18	8503	33010	10	CACNG3,CACNG7,CACNG8,CNIH3,GRIA1,GRIA4,SHISA6,SHISA7,SHISA9,VWC2L	0.006803725307100941	0.04428204844126036
GO_CC	combined	ER To Golgi Transport Vesicle Membrane (GO:0012507)	52	8503	33010	22	B2M,CNIH3,GNAO1,GRIA1,HFE,HLA-DPA1,HLA-DQA2,HLA-DQB2,HLA-DRA,HLA-DRB1,HLA-F,HLA-G,KLHL12,SAR1A,SEC16A,SEC16B,SEC23B,SEC24C,SEC24D,SEC31B,STX5,VTI1A	0.006819809148126596	0.04428204844126036
GO_CC	combined	Microtubule Cytoskeleton (GO:0015630)	326	8503	33010	104	AGBL5,AKNA,AKT1,ANAPC7,ANKFN1,ANKRD53,APC2,AURKA,BMERB1,CCNA1,CCSAP,CCT4,CCT5,CCT6A,CDH26,CKAP5,CLASP1,CLASP2,CLIC4,CLIP1,CLTC,CRHBP,CSPP1,DCDC2,DCDC2C,DCTN1,DISC1,DNM2,DNM3,DPYSL2,DST,DTNBP1,DYNC2H1,EHD2,EML1,ESRRA,FBXO5,FHDC1,FSD1,GTF2F2,IFT43,IQGAP1,JTB,KCNAB2,KIF13A,KIF13B,KIF16B,KIF17,KIF1A,KIF1B,KIF21B,KIF24,KIF25,KIF28P,KIF5A,KIF5C,KIFC1,KLHL22,LRRC25,MACF1,MAD1L1,MAEA,MAP1A,MAP3K11,MAP6D1,MAP7,MAP7D1,MAPRE1,MAPT,MARK4,MTUS1,NAV1,NEDD9,NISCH,NUMA1,OPA1,PLK1,PRC1,RACGAP1,RADIL,RGS14,RUSC1,SEPTIN1,SEPTIN11,SEPTIN8,SEPTIN9,SHTN1,SOX9,SPAG6,SPATA7,SPICE1,SPRY2,SYBU,TBCA,TBCD,TCP11L1,TPPP,TRIM55,TTLL3,TUBA1A,TUBA1C,TUBB2B,TUBB6,TUBGCP3	0.0073584951176368825	0.04713414440216057
GO_CC	combined	Lysosomal Membrane (GO:0005765)	334	8503	33010	106	ABCA2,ABHD6,ACP3,AHNAK,ANKFY1,ANXA2,AP1S3,AP2M1,ARRB1,ATG16L1,ATP11A,ATP11B,ATP6V0D1,ATP6V0D2,ATP8A1,BLOC1S1,BRI3,CEACAM8,CFTR,CHMP4C,CHMP6,CLEC16A,CLTC,CP,CPNE1,CSF3R,CYB561,CYB561A3,DAB2,DAGLB,DEPDC5,DPP4,ECE1,EEF1A1,EEF1A2,ENPEP,FLOT1,FPR1,GNA11,GNAO1,GNB1,GPR137B,HFE,HLA-DMA,HLA-DMB,HLA-DOA,HLA-DOB,HLA-DPA1,HLA-DQA2,HLA-DQB2,HLA-DRA,HLA-DRB1,HLA-F,IFITM3,ITFG2,KPTN,LAPTM4B,LDLR,LITAF,LNPEP,LPCAT1,LRP1,LRP2,LRRC8E,LYN,MARCHF1,MEAK7,MFSD12,MGST1,MTOR,NAPG,OCA2,OCLN,OSTM1,PLA2G4E,PLD1,PLEKHF1,PSEN2,RAB37,RAB7A,RILP,RNF13,RPTOR,SCARB1,SCARB2,SLC11A2,SLC12A4,SLC15A3,SLC35F6,SLC38A9,SLC48A1,SNAPIN,SPHK2,SYNGR1,SZT2,TECPR1,TFEB,TM6SF1,TMEM63A,TMEM79,TPCN1,VAMP8,VAPA,VPS13A,WDR59,WDR81	0.008107373188600494	0.051238598551955124
GO_CC	combined	Microfibril (GO:0001527)	11	8503	33010	7	ADAMTSL5,FBN1,FBN2,LTBP1,MFAP1,MFAP2,THSD4	0.009003836420550223	0.05615550609658955
GO_CC	combined	Platelet Alpha Granule (GO:0031091)	78	8503	33010	30	A2M,ACTN1,ACTN2,APP,CD109,CD9,CYRIB,FN1,IGF1,IGF2,ISLR,ITGA2B,LEFTY2,LHFPL2,NRG1,PCDH7,PDGFA,PROS1,QSOX1,SERPINE2,SERPING1,SNCA,SPARC,TGFB1,TGFB3,THBS1,THBS2,TOR4A,VEGFC,VWF	0.009187386625124918	0.056556120263755984
GO_CC	combined	Endocytic Vesicle (GO:0030139)	181	8503	33010	61	AP2M1,APOB,APOE,AVPR1A,CACNG2,CACNG3,CACNG8,CD9,CLTC,CSF3R,CTTN,DAB2IP,DNM2,DPP4,DYSF,EHD2,EHD4,GNAO1,GRIA1,GRIA4,HBB,HEATR5B,HLA-DPA1,HLA-DQA2,HLA-DQB2,HLA-DRA,HLA-DRB1,HSP90AA1,HYAL2,ITGB5,LPAR1,LRP1,LYN,MSR1,MTOR,MYO1E,NOD2,NOSTRIN,PLD1,RAB11FIP3,RAB13,RAB17,RAB31,RAB32,RAB5A,RAB7A,RAPGEF2,RAPGEF6,RIN2,RIN3,SCARB1,SCARB2,SFTA3,SFTPA2,SFTPD,SPARC,SRGAP3,SYT11,WLS,WNT3A,WNT5B	0.01039483930419903	0.06316863884859411
GO_CC	combined	Microtubule (GO:0005874)	175	8503	33010	59	AURKA,CALM2,CCT4,CCT5,CCT6A,CLASP1,CLASP2,CLIP1,CRHBP,DCDC2,DCDC2C,DCTN1,DISC1,DNM2,DNM3,DPYSL2,DYNC2H1,EML1,FAM110A,FHDC1,FSD1,IQGAP1,KCNAB2,KIF13A,KIF13B,KIF16B,KIF17,KIF1A,KIF1B,KIF21B,KIF24,KIF25,KIF28P,KIF5A,KIF5C,KIFC1,MACF1,MAP1A,MAP3K11,MAP6D1,MAPRE1,MAPT,NUMA1,OPA1,PARP4,PLK1,PRC1,RADIL,SEPTIN9,SYBU,TBCD,TCP11L1,TPPP,TRIM55,TUBA1A,TUBA1C,TUBB2B,TUBB6,ZNF804A	0.0114755036866956	0.06814789270430019
GO_CC	combined	Coated Vesicle Membrane (GO:0030662)	51	8503	33010	21	B2M,CNIH3,DENND1A,GNAO1,GRIA1,HFE,HLA-DPA1,HLA-DQA2,HLA-DQB2,HLA-DRA,HLA-DRB1,HLA-F,HLA-G,KDELR2,SEC16A,SEC16B,SEC24C,SEC24D,SEC31B,STX5,VTI1A	0.011568353463874062	0.06814789270430019
GO_CC	combined	Clathrin-Coated Endocytic Vesicle (GO:0045334)	76	8503	33010	29	AP2M1,APOB,APOE,CD9,CFTR,CHRM2,CLTC,EGFR,FZD5,GNAO1,HLA-DPA1,HLA-DQA2,HLA-DQB2,HLA-DRA,HLA-DRB1,LDLR,LDLRAP1,LRP2,MYO1E,RAB5A,ROR2,SCARB2,SFTA3,SFTPA2,SFTPD,SLC18A3,SYT1,SYT9,VAMP8	0.01164552596845636	0.06814789270430019
GO_CC	combined	Axonal Growth Cone (GO:0044295)	14	8503	33010	8	COBL,DCC,HSP90AA1,HSP90AB1,KIF5C,MYO9A,OLFM1,SHTN1	0.012428814388725085	0.07097901229223723
GO_CC	combined	Endopeptidase Complex (GO:1905369)	14	8503	33010	8	CASP9,CFH,CRADD,FCN1,FCN2,PLAU,PLAUR,THBD	0.012428814388725085	0.07097901229223723
GO_CC	combined	Lytic Vacuole Membrane (GO:0098852)	269	8503	33010	86	ABHD6,ACP3,AHNAK,ANKFY1,ANXA2,AP1S3,AP2M1,ARRB1,ATP11A,ATP6V0D1,ATP6V0D2,BLOC1S1,CFTR,CHMP4C,CHMP6,CP,CSF3R,CYB561,CYB561A3,DAB2,DAGLB,DEPDC5,DPP4,ECE1,ENPEP,FLOT1,GNA11,GNAO1,GNB1,GPR137B,HLA-DMA,HLA-DMB,HLA-DOA,HLA-DOB,HLA-DPA1,HLA-DQA2,HLA-DQB2,HLA-DRA,HLA-DRB1,HLA-F,IFITM3,ITFG2,KPTN,LAPTM4B,LITAF,LNPEP,LRP1,LRP2,LRRC8E,LYN,MARCHF1,MEAK7,MFSD12,MTOR,NAPG,OCA2,OCLN,OSTM1,PLA2G4E,PLD1,PLEKHF1,PSEN2,RAB7A,RILP,RNF13,RPTOR,SCARB1,SCARB2,SLC11A2,SLC12A4,SLC15A3,SLC35F6,SLC38A9,SLC48A1,SPHK2,SZT2,TECPR1,TFEB,TM6SF1,TMEM63A,TMEM79,TPCN1,VAMP8,VPS13A,WDR59,WDR81	0.012922363138048586	0.0729190491361313
GO_CC	combined	9+2 Motile Cilium (GO:0097729)	64	8503	33010	25	ATP1A1,CCDC181,CCR6,CFAP251,CFAP45,CFAP74,DCDC2C,DNAH1,DNAH17,DNAH5,DNAH8,DNAH9,DNALI1,DNHD1,FLACC1,IQCG,LYZL4,ODF1,RSPH9,SPATA19,SPEF2,TACR1,TACR2,TCTE1,TTLL3	0.013310649253276977	0.07422644407121513
GO_CC	combined	Dendritic Spine Membrane (GO:0032591)	7	8503	33010	5	DAGLA,GRIA1,SHISA6,SHISA7,SHISA9	0.01471016705133373	0.08014504807278378
GO_CC	combined	Outer Dynein Arm (GO:0036157)	7	8503	33010	5	DNAH17,DNAH5,DNAH8,DNAL1,NME8	0.01471016705133373	0.08014504807278378
GO_CC	combined	Lytic Vacuole (GO:0000323)	209	8503	33010	68	ACP3,AGA,ARSB,ARSG,BACE1,CD1D,CLTC,CPQ,CST7,CTSC,CTSG,CTSK,CXCR4,DEPDC5,DRAM1,DTX3L,EPDR1,FYCO1,GLMP,GRIN2B,HCK,HGS,HLA-DOB,HLA-DRA,HYAL1,HYAL2,KCNQ1,KLHL22,LAPTM4B,LDLR,LRP2,MAN2B1,MARCHF1,MARCHF3,MFHAS1,MFSD1,MFSD12,MPO,MTOR,NEU1,NEU4,PLAAT1,PLEKHF1,PPT2,RAB12,RAB27A,RAB7A,RFFL,RILP,RNASET2,RPTOR,RRAGD,SCARB1,SFTPD,SLC38A9,SNCA,SORT1,SRC,SYT11,TIAL1,TINAG,TPCN1,TSC2,TYR,UNC93B1,USP5,USP6,UVRAG	0.016691098467629378	0.08867798640738862
GO_CC	combined	beta-catenin-TCF Complex (GO:1990907)	12	8503	33010	7	BCL9L,LDB1,LEF1,TCF4,TCF7L1,TCF7L2,TLE1	0.01683759235583328	0.08867798640738862
GO_CC	combined	Podosome (GO:0002102)	12	8503	33010	7	ASAP1,BIN2,DBNL,GSN,LCP1,SH3PXD2A,SH3PXD2B	0.01683759235583328	0.08867798640738862
GO_CC	combined	Secretory Granule Lumen (GO:0034774)	294	8503	33010	92	A2M,ACTN1,ACTN2,AGA,ALOX5,ANXA2,APP,ARHGAP45,ARHGAP9,ARSB,ATG7,B2M,BIN2,BPI,C3,CAMP,CHI3L1,COTL1,CPPED1,CRACR2A,CREG1,CRISP3,CRISPLD2,CSNK2B,CTSC,CTSG,CYFIP1,CYRIB,DBNL,DOCK2,EEF1A1,ELANE,FCN1,FGR,FN1,GHRL,GSN,HK3,HMGB1,HRNR,HSP90AA1,HSP90AB1,IGF1,IGF2,ISLR,LEFTY2,LGALS13,MAN2B1,MAPK14,MNDA,MPO,NAPRT,NEU1,NRG1,OLFM4,PAFAH1B2,PCSK1,PDGFA,PDXK,PGAM1,PITX3,PKM,POMC,PPIE,PROS1,PRSS57,PRTN3,PSMC2,PSMD6,PYGL,QSOX1,RAB27A,RARRES2,RNASET2,S100A12,S100A8,S100A9,S100P,SELENOP,SERPING1,SLPI,SPARC,TCN1,TGFB1,TGFB3,THBS1,TIMP2,TOLLIP,TOR4A,VCP,VEGFC,VWF	0.018777291756127516	0.09780699222422465
GO_CC	combined	Sarcoplasmic Reticulum Membrane (GO:0033017)	26	8503	33010	12	ATP2A2,CASQ2,CHERP,DMPK,ITPR2,JPH3,JPH4,NOS1AP,RYR1,RYR2,RYR3,STIM1	0.01953837226855117	0.10066509190536146
GO_CC	combined	Rough Endoplasmic Reticulum (GO:0005791)	29	8503	33010	13	EPHA5,HGFAC,HM13,LIN28A,LRAT,LRPAP1,PKM,PTGDS,RPL4,SFTPA2,SFTPD,TMCC1,ZC3H12A	0.020157409379991897	0.10273776393673288
GO_CC	combined	Neuromuscular Junction (GO:0031594)	38	8503	33010	16	CHRND,DLG2,F2R,LRP4,NLGN1,PSEN2,SERPINE2,SLC5A7,SLC8A3,SPOCK1,SYNC,SYNGR1,SYNGR2,SYNGR3,UNC13A,UNC13C	0.020527858482944673	0.10323310649778195
GO_CC	combined	Myosin Filament (GO:0032982)	15	8503	33010	8	MYH1,MYH10,MYH13,MYH4,MYH7B,MYH8,MYO18A,MYO18B	0.02069017957234026	0.10323310649778195
GO_CC	combined	Specific Granule Membrane (GO:0035579)	86	8503	33010	31	ADAM8,ANO6,ATP11A,ATP8A1,ATP8B4,CD177,CD33,CEACAM8,CLEC12A,DEGS1,FCAR,FPR2,HMOX2,ITGAL,ITGB2,KCNAB2,LAIR1,MLEC,MS4A3,ORMDL3,PLAU,PLAUR,PLD1,RAB37,SLC2A5,SNAP25,STK10,TMC6,TMEM63A,TNFRSF1B,VAMP8	0.022293529180222513	0.10822639798110525
GO_CC	combined	Platelet Alpha Granule Lumen (GO:0031093)	57	8503	33010	22	A2M,ACTN1,ACTN2,APP,CYRIB,FN1,IGF1,IGF2,ISLR,LEFTY2,NRG1,PDGFA,PROS1,QSOX1,SERPING1,SPARC,TGFB1,TGFB3,THBS1,TOR4A,VEGFC,VWF	0.022510878344301873	0.10822639798110525
GO_CC	combined	CMG Complex (GO:0071162)	10	8503	33010	6	GINS1,MCM2,MCM3,MCM5,MCM6,MCM7	0.022832573413735287	0.10822639798110525
GO_CC	combined	Early Phagosome (GO:0032009)	10	8503	33010	6	PLA2G5,RAB31,RAB5A,SYK,SYT11,UNC93B1	0.022832573413735287	0.10822639798110525
GO_CC	combined	Platelet Dense Tubular Network (GO:0031094)	10	8503	33010	6	ATP2A2,ATP2A3,F2R,IRAG1,ITPR1,ITPR2	0.022832573413735287	0.10822639798110525
GO_CC	combined	Intracellular Non-Membrane-Bounded Organelle (GO:0043232)	1113	8503	33010	316	ABCC4,ABL1,ACTB,ACTN2,ADAM8,ADAR,ADARB2,ADD1,ADD2,ADD3,AKAP8,ALDH3B2,ALOX15,AMBRA1,ANAPC7,ANK1,ANKFN1,ANKRD53,ANXA2,AOPEP,ARID5A,ARL4A,ASAP1,ASIC2,ATXN1,AURKA,BASP1,BCL6,BIN2,BRWD1,C1D,CALD1,CAMTA1,CAPG,CAPZB,CASP8,CCDC146,CCND2,CCSAP,CD180,CD1E,CDC14A,CDC42BPB,CDC6,CDCA2,CDCA5,CHD7,CIDEA,CKAP5,CLDN11,CLN6,CLTC,CMAHP,CNN1,COX10,CPT2,CRADD,CSPP1,CTTN,CYB561A3,DBNL,DCTN1,DDX21,DDX56,DEK,DGAT2,DGKQ,DHX9,DNAJC2,DOCK4,DYRK1A,DYRK4,EBNA1BP2,EEF1A1,EID3,ELL3,EMX1,EN2,EPB41,EPB41L1,EPB41L3,EPB41L5,EPPK1,ERCC4,ERCC6,ERI1,ETV6,EXOSC10,EXOSC9,FANCG,FBXL22,FBXO5,FGR,FHOD1,FILIP1,FMN2,FOXI1,GCFC2,GLI2,GLI3,GPRC5B,GSN,GTF2B,HIP1,HMGB2,HORMAD1,HORMAD2,HOXA13,HOXD9,IER5,IFI16,IGF2BP2,IGF2BP3,IQSEC1,ISG20,ITPKA,ITPKB,JPT1,JTB,KAT5,KIF16B,KLF6,KRT77,LCP1,LDAH,LDB2,LIN28A,LIN28B,LPCAT1,LRRC10,LRRC27,LRRFIP1,MACF1,MACROD2,MACROH2A1,MAD1L1,MAEA,MAGI1,MAPK3,MAPKBP1,MAPRE1,MARS1,MBD5,MCIDAS,MCM2,MCM3,MCM7,MDC1,MEAK7,MED1,METTL5,MFHAS1,MNDA,MNX1,MRPS15,MSH4,MTCL1,MTUS1,MXI1,MYO10,MYO1E,N4BP1,NARF,NEDD4,NEDD9,NEFH,NEK11,NKX2-1,NLRP1,NLRP5,NMD3,NOD2,NOM1,NOP14,NOP56,NOS1,NOVA1,NPM1,NR5A1,NRXN1,NUCKS1,NUMA1,NUP153,OARD1,P4HB,PAFAH1B2,PARP1,PARP10,PARVG,PAX9,PCDH1,PDCD11,PDLIM1,PDS5B,PIH1D1,PKMYT1,PLA2G4C,PLEKHN1,PLK1,PNPLA1,PNPLA5,PPP1R7,PRC1,PRDM1,PTBP1,PTK2,PTPRM,PUM3,PYHIN1,PYM1,RAB40C,RAB7A,RAC1,RACGAP1,RAD21,RARA,RBPJ,RCC1,RGS12,RGS14,RHOF,RIPK2,RIPOR2,RNF213,RORA,RPL13,RPL15,RPL17,RPL23A,RPL26,RPL3,RPL4,RPS10,RPS18,RPS2,RPS3A,RPS7,RRBP1,RUNX3,S100A12,S100A13,S100A16,S100A8,S100A9,SALL1,SDAD1,SDR16C5,SELENBP1,SENP3,SERPINB13,SETD2,SF3B3,SH3PXD2A,SH3PXD2B,SHROOM3,SIRT6,SIX1,SLC29A2,SMARCA4,SMG6,SNAP25,SNTG1,SNU13,SPATA22,SPC24,SPICE1,SPRY2,SPTBN1,SRP68,SRPK2,STAG1,STAG3,STAT1,SUB1,SUZ12,SYCE1,SYCP1,SYNE1,TAF15,TAF1B,TAF1D,TARDBP,TBCA,TCHH,TEC,TERT,THAP2,TOP2B,TP53,TPM1,TPM4,TRAF7,TRIM27,TRIM41,TUBGCP3,TUT4,UBTF,URB1,USP36,UTP25,VCP,VHL,VIM,VMP1,VPS13A,VPS51,WDFY3,WDR82,XPO1,ZAR1,ZAR1L,ZC3H12A,ZCCHC8,ZEB2,ZFC3H1,ZNF300	0.023107148032644867	0.10844344720270957
GO_CC	combined	Sodium Channel Complex (GO:0034706)	18	8503	33010	9	GRIK2,GRIK3,GRIK4,GRIK5,SCN10A,SCN2A,SCN2B,SCN4A,SCNN1A	0.023418421745878746	0.10882678340731888
GO_CC	combined	Tertiary Granule Membrane (GO:0070821)	67	8503	33010	25	ADAM8,ANO6,ATP11A,ATP8B4,CD177,CD33,CEACAM8,CLEC12A,CYSTM1,FCAR,FPR2,ITGB2,KCNAB2,LAIR1,LILRB2,NBEAL2,PLAU,PLD1,SERPINB6,SIGLEC14,SIGLEC5,SNAP25,TMC6,TMEM63A,VAMP8	0.024444307090648553	0.11249127729094577
GO_CC	combined	Aggresome (GO:0016235)	33	8503	33010	14	FGR,HOXC9,HOXD3,KLHL14,PRDM16,PRKCQ,PRKN,RNF32,SFMBT2,SLC2A14,SQSTM1,TRIM66,UBD,UBQLN1	0.027333276041582633	0.12428157493399003
GO_CC	combined	Endocytic Vesicle Membrane (GO:0030666)	148	8503	33010	49	AP2M1,APOB,APOE,ATG5,ATP6V0D1,ATP6V0D2,B2M,CACNG2,CACNG3,CACNG8,CD9,CFTR,CHRM2,CLTC,CSF3R,DNM2,EGFR,FZD5,GNAO1,GRIA1,GRIA4,HFE,HLA-DPA1,HLA-DQA2,HLA-DQB2,HLA-DRA,HLA-DRB1,HLA-F,HLA-G,LDLR,LDLRAP1,LRP1,LRP2,LYN,MSR1,NOSTRIN,RAB5A,RAB7A,ROR2,SCARB1,SCARB2,SLC18A3,SYT1,SYT9,TAP1,VAMP8,WLS,WNT3A,WNT5B	0.027530728624618042	0.12428157493399003
GO_CC	combined	Microvillus Membrane (GO:0031528)	13	8503	33010	7	CDHR5,PDPN,SLC38A4,SLC7A5,SLC7A8,SLC9A3R1,SYTL1	0.028471187599563526	0.12731455586974633
GO_CC	combined	Sperm Flagellum (GO:0036126)	55	8503	33010	21	ATP1A1,CCDC181,CCR6,CFAP251,CFAP74,DCDC2C,DNAH1,DNAH17,DNAH8,DNALI1,DNHD1,FLACC1,IQCG,LYZL4,ODF1,SPATA19,SPEF2,TACR1,TACR2,TCTE1,TTLL3	0.02875815854799961	0.12739595468926931
GO_CC	combined	Specific Granule (GO:0042581)	152	8503	33010	50	ADAM8,ANO6,ATP11A,ATP8A1,ATP8B4,B2M,BPI,CAMP,CD177,CD33,CEACAM8,CHI3L1,CLEC12A,CRACR2A,CRISP3,CYFIP1,DEGS1,DOCK2,ELANE,FCAR,FPR2,HMOX2,ITGAL,ITGB2,KCNAB2,LAIR1,MLEC,MS4A3,NEU1,OLFM4,ORMDL3,PDXK,PITX3,PLAU,PLAUR,PLD1,QSOX1,RAB27A,RAB37,SLC2A5,SLPI,SNAP25,STK10,TCN1,TIMP2,TMC6,TMEM63A,TNFRSF1B,TOLLIP,VAMP8	0.029452941868293694	0.12926568931084453
GO_CC	combined	Junctional Sarcoplasmic Reticulum Membrane (GO:0014701)	8	8503	33010	5	CASQ2,JPH3,JPH4,RYR1,RYR2	0.03094469241113032	0.13096235895424796
GO_CC	combined	Phosphatidylinositol 3-Kinase Complex, Class I (GO:0097651)	8	8503	33010	5	PIK3CD,PIK3CG,PIK3R1,PIK3R3,PIK3R6	0.03094469241113032	0.13096235895424796
GO_CC	combined	Phosphatidylinositol 3-Kinase Complex, Class IA (GO:0005943)	8	8503	33010	5	PIK3CD,PIK3CG,PIK3R1,PIK3R3,PIK3R6	0.03094469241113032	0.13096235895424796
GO_CC	combined	Platelet Dense Tubular Network Membrane (GO:0031095)	8	8503	33010	5	ATP2A2,ATP2A3,IRAG1,ITPR1,ITPR2	0.03094469241113032	0.13096235895424796
GO_CC	combined	Pigment Granule (GO:0048770)	22	8503	33010	10	MFSD12,MREG,RAB17,RAB27A,RAB29,RAB32,SYTL1,SYTL2,TMEM33,TYR	0.03585248822459979	0.15039008334920623
GO_CC	combined	Melanosome (GO:0042470)	28	8503	33010	12	APOE,MFSD12,MREG,OCA2,RAB17,RAB27A,RAB29,RAB32,SYTL1,SYTL2,TMEM33,TYR	0.03655661074449155	0.15198213730393645
GO_CC	combined	Recycling Endosome Membrane (GO:0055038)	66	8503	33010	24	ATG9B,ATP13A3,ATP9A,B2M,CLIP3,EHD2,EHD4,GRIA1,HFE,HLA-F,HLA-G,RAB11FIP3,RAB12,RAB17,RAC1,SCAMP4,SCAMP5,SLC30A10,SLC9A3,SLC9A5,SLC9A9,SNX18,TPCN1,VAMP8	0.036873303354330575	0.15198213730393645
GO_CC	combined	Cell Projection Membrane (GO:0031253)	100	8503	33010	34	ADCY3,ANTXR1,ARL13B,BBS9,CDHR5,CNGB1,DRD2,DRD5,EVC2,GNA12,HHIP,ITGA3,LIMA1,LRP2,PALM,PDPN,PEX19,RHO,SCNN1A,SHANK2,SHANK3,SLC11A2,SLC17A3,SLC20A2,SLC22A5,SLC26A4,SLC38A4,SLC7A5,SLC7A8,SLC9A3,SLC9A3R1,SYNE2,SYTL1,UTRN	0.04095096685130293	0.16733412316825508
GO_CC	combined	Membrane Attack Complex (GO:0005579)	6	8503	33010	4	C6,C7,C8B,C9	0.04172786865233051	0.16905136530944154
GO_CC	combined	Cytoplasmic Vesicle Lumen (GO:0060205)	111	8503	33010	37	ALOX5,ARHGAP45,ARHGAP9,ATG7,BACE1,BIN2,C3,COTL1,CRISPLD2,CSNK2B,CYFIP1,DBNL,EEF1A1,FCN1,FGR,GHRL,GSN,HK3,HMGB1,HSP90AA1,HSP90AB1,MAPK14,PAFAH1B2,PCSK1,PDXK,PGAM1,PKM,POMC,PPIE,PSMC2,PSMD6,PYGL,S100A12,S100A8,S100A9,S100P,VCP	0.045491762375564807	0.18273809632218407
GO_CC	combined	Protein Kinase Complex (GO:1902911)	17	8503	33010	8	IGF1R,INSR,INSRR,IRS1,STK11,STRADA,TBKBP1,TRAF3	0.04737526891228123	0.18664083396129197
GO_CC	combined	Cilium (GO:0005929)	241	8503	33010	74	ADCY3,ADCY5,ARL13B,BBS9,CATSPERG,CCDC39,CCSAP,CEP41,CFAP100,CFAP20,CFAP251,CFAP69,CLUAP1,CNGB1,CYRIB,CYS1,DAAM1,DCDC2,DNAAF5,DNAH17,DNAH5,DNAH9,DNALI1,DRD2,DRD5,DYNC2H1,DYNC2I1,EVC2,FANK1,FFAR4,FHDC1,FUZ,GALR2,GALR3,GLI2,GLI3,HHIP,HOATZ,IFT140,IFT43,IQCE,IQCG,IQUB,KIF17,MAK,MLF1,NME5,NPHP1,NPY2R,PDE4C,PKD1L1,PKD2L1,PRLHR,PROM1,RHO,RILPL1,RSPH3,RSPH9,SCNN1A,SEPTIN9,SHANK2,SHANK3,TMEM138,TMEM216,TTC23,TTLL11,TTLL3,TTLL4,TTLL5,TULP1,TULP2,UMOD,WDPCP,WDR35	0.047556326693898525	0.18664083396129197
GO_CC	combined	Secretory Granule Membrane (GO:0030667)	266	8503	33010	81	ABCC4,ACP3,ACRBP,ADAM8,ADGRE3,ANO6,ATP11A,ATP11B,ATP8A1,ATP8B4,BRI3,C5AR1,CD109,CD177,CD33,CD44,CD55,CD58,CD9,CEACAM8,CLEC12A,CPNE1,CXCR1,CYB561,CYSTM1,DEGS1,DSP,FCAR,FPR1,FPR2,GP2,HFE,HMOX2,IQGAP1,ITGA2B,ITGAL,ITGB2,ITPR1,ITPR2,KCNAB2,LAIR1,LHFPL2,LILRB2,LPCAT1,MGST1,MLEC,MS4A3,NBEAL2,ORMDL3,PCDH7,PLAU,PLAUR,PLD1,PTPRC,PTPRN2,RAB24,RAB31,RAB37,RAB7A,RAC1,RHOF,SERPINB6,SIGLEC14,SIGLEC5,SIRPB1,SLC2A5,SNAP25,SNCA,SPARC,STK10,SYCN,SYNGR1,SYT4,TICAM2,TMC6,TMEM184A,TMEM63A,TNFRSF1B,VAMP8,VAPA,VPS13B	0.04764488169665092	0.18664083396129197
GO_CC	combined	Late Endosome (GO:0005770)	188	8503	33010	59	ABHD6,ANKRD13B,ANXA2,ATP13A3,BACE1,CHMP4C,CHMP6,CLEC16A,CRHBP,CST7,CXCR4,CYB561A3,DYSF,EXOC8,F2R,FYCO1,GRIN2B,HLA-DMA,HLA-DMB,HLA-DRA,HLA-DRB1,IL12A,IL12B,KCNQ1,KIDINS220,LAPTM4B,LDLR,LRAT,MAGI2,MAPK3,MARCHF1,MFSD12,MREG,MVB12B,NSG2,NTRK1,PXK,RAB27A,RAB7A,RAPGEF2,RILP,RNF13,SCARB2,SFTPA2,SFTPD,SLC11A2,SLC38A9,SLC9A9,SORL1,SRC,STEAP3,TMEM230,UVRAG,VAC14,VAMP5,VAMP8,VTI1A,WDR81,WDR91	0.048143035296861626	0.18664083396129197
GO_CC	combined	Caveola (GO:0005901)	61	8503	33010	22	CAVIN1,CAVIN2,CDH13,EHD2,EMP2,F2R,FLOT1,FXYD1,HCK,INSR,IRS1,KCNA5,KCNMA1,LRP8,MAPK3,MYOF,NOS1AP,SCARB1,SELE,SLC6A3,SRC,TGFBR2	0.04843211514185425	0.18664083396129197
GO_CC	combined	Intracellular Cyclic Nucleotide Activated Cation Channel Complex (GO:0017071)	4	8503	33010	3	CNGA3,CNGB1,CNGB3	0.05514725672615929	0.20979820377600517
GO_CC	combined	Vesicle (GO:0031982)	225	8503	33010	69	ACP3,ACTB,AHNAK,AKT1,ANXA2,ANXA4,AP3B2,APOE,ASPSCR1,ATP1A1,BASP1,C8B,CALM2,CD81,CD9,CLEC16A,CLTC,COL12A1,COL6A3,CST2,CST5,DCTN2,DDR2,DGKQ,DYNC1I1,ECE1,EGFR,EPS8,EZR,FBLN2,GAD1,GNB1,GRIA4,HEXD,ITGB2,KCNN4,LFNG,LZTS2,MUC1,MVB12B,MYL6,MYO19,MYO1B,MYO1D,MYO1E,MYO1G,NOD2,NOS1,NRXN1,PACRG,PCMT1,PKM,PRKCZ,PROM1,RAB29,RIN3,RIPK2,SERPINE2,SLC11A2,SLC9A3R1,SNAP25,STX5,SYBU,SYT11,TSPAN4,TUBA1C,VAMP8,VAPA,WDR54	0.05532653053164693	0.20979820377600517
GO_CC	combined	Vesicle Membrane (GO:0012506)	66	8503	33010	23	ACP3,ANXA4,AP1S3,ARRB1,ASPSCR1,DGKQ,DYSF,ECE2,FMN2,GAD1,IYD,KIF1B,MREG,NOS1,NSG2,SH3BP5,SNX9,SPIRE2,TMEM184A,TRIM72,VAMP5,VOPP1,ZNRF2	0.06382333755205377	0.24009731745772608
GO_CC	combined	Platelet Alpha Granule Membrane (GO:0031092)	15	8503	33010	7	CD109,CD9,ITGA2B,LHFPL2,PCDH7,SNCA,SPARC	0.06535901939370595	0.24026345809376315
GO_CC	combined	Protein Phosphatase Type 2A Complex (GO:0000159)	15	8503	33010	7	PPP2CB,PPP2R1B,PPP2R2B,PPP2R2C,PPP2R3A,PPP2R5A,PPP2R5C	0.06535901939370595	0.24026345809376315
GO_CC	combined	Lumenal Side Of Endoplasmic Reticulum Membrane (GO:0098553)	24	8503	33010	10	GNAO1,HFE,HLA-DPA1,HLA-DQA2,HLA-DQB2,HLA-DRA,HLA-DRB1,HLA-F,HLA-G,HM13	0.06538815631665706	0.24026345809376315
GO_CC	combined	Asymmetric, Glutamatergic, Excitatory Synapse (GO:0098985)	2	8503	33010	2	SHISA6,SHISA7	0.06634609827844865	0.2419080814152666
GO_CC	combined	NMDA Selective Glutamate Receptor Complex (GO:0017146)	7	8503	33010	4	GRIN2A,GRIN2B,GRIN2D,GRIN3B	0.07775147078699288	0.26900873834331845
GO_CC	combined	TORC2 Complex (GO:0031932)	7	8503	33010	4	MTOR,PRR5,PRR5L,TTI1	0.07775147078699288	0.26900873834331845
GO_CC	combined	Clathrin-Sculpted Gamma-Aminobutyric Acid Transport Vesicle (GO:0061200)	7	8503	33010	4	GAD1,GAD2,SLC32A1,SYT1	0.07775147078699288	0.26900873834331845
GO_CC	combined	Clathrin-Sculpted Gamma-Aminobutyric Acid Transport Vesicle Membrane (GO:0061202)	7	8503	33010	4	GAD1,GAD2,SLC32A1,SYT1	0.07775147078699288	0.26900873834331845
GO_CC	combined	Cytoskeleton Of Presynaptic Active Zone (GO:0048788)	7	8503	33010	4	ERC1,ERC2,RIMS3,RIMS4	0.07775147078699288	0.26900873834331845
GO_CC	combined	Death-Inducing Signaling Complex (GO:0031264)	7	8503	33010	4	CASP8,CFLAR,FADD,FAF1	0.07775147078699288	0.26900873834331845
GO_CC	combined	Spectrin-Associated Cytoskeleton (GO:0014731)	7	8503	33010	4	ANK3,EPB41,SPTA1,SPTBN1	0.07775147078699288	0.26900873834331845
GO_CC	combined	Late Endosome Membrane (GO:0031902)	78	8503	33010	26	ABHD6,ANXA2,ATP13A3,CHMP4C,CHMP6,CYB561A3,HLA-DMA,HLA-DMB,HLA-DRA,HLA-DRB1,LAPTM4B,LITAF,MARCHF1,MREG,NSG2,RAB27A,RAB7A,RNF13,SCARB2,SLC11A2,SLC9A9,VAC14,VAMP8,VTI1A,WDR81,WDR91	0.08299771696311503	0.2850791147863516
GO_CC	combined	Nuclear Chromosome (GO:0000228)	92	8503	33010	30	BRD4,BRD8,BRMS1,EP400,EXOSC9,FIGNL1,GINS1,HMGA2,HNRNPU,IHO1,INO80,KAT5,MACROH2A1,MCM2,MCM3,MCM5,MCM6,MCM7,NCAPG,PBRM1,PHF12,RCC1,RGS12,RUVBL1,SF3B3,SMC4,SMCHD1,SPIDR,TFPT,TTN	0.08530000299248361	0.29087914689523187
GO_CC	combined	Filopodium Membrane (GO:0031527)	10	8503	33010	5	ITGA3,PALM,PDPN,SYNE2,UTRN	0.0872733812426513	0.29338711141146606
GO_CC	combined	Serine-Type Endopeptidase Complex (GO:1905370)	10	8503	33010	5	FCN1,FCN2,PLAU,PLAUR,THBD	0.0872733812426513	0.29338711141146606
GO_CC	combined	SWI/SNF Complex (GO:0016514)	29	8503	33010	11	ACTL6B,ARID1B,BCL11A,BCL11B,BICRAL,BRD9,DPF3,PBRM1,RB1,SMARCA4,SMARCD3	0.10191728757460276	0.34020277683353317
GO_CC	combined	trans-Golgi Network (GO:0005802)	226	8503	33010	67	AP1S3,AP4E1,APP,ARFGEF2,ARL5C,ATG9B,ATP2C2,ATP8A1,ATP8B3,ATP8B4,ATP9A,ATXN2,BACE1,CALN1,CHST2,CLASP2,CLIP3,CLTC,CLVS1,CNST,COG5,CORO7,FURIN,FUT4,FUT9,GNAO1,HLA-DPA1,HLA-DQA2,HLA-DQB2,HLA-DRA,HLA-DRB1,HOOK2,HTR7,KIF13A,MARCHF1,MS4A6A,MS4A6E,MYO18A,MYO1B,NBEA,NSG2,PCSK2,PCSK7,PLEKHA3,PLEKHJ1,POSTN,PRKD1,RAB13,RAB29,RAB30,RAB31,RAB32,RAC1,RBFOX1,RGS20,SCAMP4,SCAMP5,SNX9,SORL1,SYT11,TMEM230,TMEM79,TRAPPC9,VPS51,VPS52,VTI1A,WLS	0.10418237454342251	0.3453317869481278
GO_CC	combined	Golgi Lumen (GO:0005796)	87	8503	33010	28	AGRN,APP,BCAN,CGA,DCN,FGF23,FMOD,FURIN,GPC2,GPC5,GPC6,HS3ST1,HSPG2,MUC1,MUC13,MUC15,MUC5B,MUC6,NGF,PCSK6,PDGFA,PROS1,SDC2,SDC3,TGFB1,UMOD,WNT3A,WNT5B	0.10743161937229448	0.35217291685491836
GO_CC	combined	Apicolateral Plasma Membrane (GO:0016327)	5	8503	33010	3	CXADR,MTCL1,NEDD4	0.11166451364364798	0.35217291685491836
GO_CC	combined	External Side Of Apical Plasma Membrane (GO:0098591)	5	8503	33010	3	ABCC4,SLC38A1,SLC7A5	0.11166451364364798	0.35217291685491836
GO_CC	combined	Nuclear Envelope Lumen (GO:0005641)	5	8503	33010	3	APP,PLAAT1,SORL1	0.11166451364364798	0.35217291685491836
GO_CC	combined	Nuclear Stress Granule (GO:0097165)	5	8503	33010	3	HSF1,RBFOX1,SYMPK	0.11166451364364798	0.35217291685491836
GO_CC	combined	Serine Protease Inhibitor Complex (GO:0097180)	5	8503	33010	3	PLAT,PLAU,SERPINB6	0.11166451364364798	0.35217291685491836
GO_CC	combined	Sex Chromosome (GO:0000803)	5	8503	33010	3	MACROH2A1,PCGF3,SMC5	0.11166451364364798	0.35217291685491836
GO_CC	combined	Endosome Lumen (GO:0031904)	23	8503	33010	9	AP4E1,APOB,APP,B2M,CTSK,IL12A,IL12B,LNPEP,RAB32	0.11219010642424614	0.35217291685491836
GO_CC	combined	Intracellular Organelle Lumen (GO:0070013)	808	8503	33010	223	AASS,ACP6,ACSF2,ACSF3,ACSM5,ADAMTS5,ADAMTS7,ADAMTSL1,ADHFE1,AGRN,AK4,AKR1B15,ALDH1L2,ALDH2,ALOX5,AP4E1,APOB,APOE,APP,ARSB,ARSG,ATG7,AUH,B2M,BACE1,BCAN,BCKDK,BDNF,BIN2,BLOC1S1,BMP4,C3,CALML5,CAMP,CAPN1,CBR4,CDH2,CGA,CLN6,COL11A1,COL11A2,COL12A1,COL14A1,COL16A1,COL18A1,COL20A1,COL21A1,COL23A1,COL24A1,COL25A1,COL26A1,COL3A1,COL4A1,COL4A2,COL5A1,COL5A2,COL5A3,COL6A3,COL8A1,COL8A2,COL9A1,COL9A2,COL9A3,COLGALT2,COQ3,COTL1,CP,CRISP3,CRISPLD2,CSF1,CSNK2B,CTSC,CYFIP1,CYP11A1,CYP2W1,D2HGDH,DBNL,DCN,DGLUCY,DMGDH,EEF1A1,EGFR,EOGT,ERAP1,ETFBKMT,EVA1A,FAHD1,FARS2,FBN1,FCN1,FGF23,FGL2,FLG2,FMOD,FN1,FURIN,GHRL,GLDC,GLS,GPC2,GPC5,GPC6,GSN,HBB,HK3,HMGB1,HMGCL,HS3ST1,HSD17B8,HSP90AA1,HSP90AB1,HSPG2,IBA57,IDH2,IGFBP3,IGFBP4,IGFBP7,IL12A,IL12B,IL6,INSR,ITIH2,KTN1,LAMB1,LAMC1,LIAS,LTBP1,LYRM4,MAIP1,MAPK14,MAPK3,MCAT,MCCC1,MCCC2,ME3,MELTF,MGAT4A,MMP9,MNDA,MRM3,MSLN,MTHFD1L,MUC1,MUC13,MUC15,MUC5B,MUC6,MXRA8,NARF,NAXD,NDUFS8,NGF,NMNAT3,NR3C1,NSUN4,NUBPL,NUDT13,OGDH,OGDHL,OLFM4,P3H2,P4HA2,P4HA3,P4HB,PAFAH1B2,PCCA,PCSK6,PDAP1,PDE2A,PDGFA,PDGFD,PDIA6,PDSS1,PENK,PGAM1,PITX3,PKM,PLAUR,PPIE,PPTC7,PRDX3,PRDX5,PRIMPOL,PROS1,PRSS23,PSMC2,PSMD6,PUS1,PYCR1,PYCR2,PYGL,QSOX1,RDH5,RNASET2,SDC2,SDC3,SERPING1,SHH,SOD1,SPARC,SPARCL1,SSBP1,STC2,SUCLA2,SUCLG1,SUMF1,SYNE2,TBRG4,TCN1,TFB2M,TGFB1,THBS1,TIMP2,TK1,TOR4A,TP53AIP1,TRNT1,TSPAN33,UMOD,VCP,WARS2,WNT3A,WNT5B	0.12137475367848137	0.3784654493794454
GO_CC	combined	AP-2 Adaptor Complex (GO:0030122)	8	8503	33010	4	AP2M1,SGIP1,SLC18A3,STON1	0.12455824916285545	0.3784654493794454
GO_CC	combined	Chylomicron (GO:0042627)	8	8503	33010	4	APOB,APOC1,APOC2,APOE	0.12455824916285545	0.3784654493794454
GO_CC	combined	Clathrin Coat Of Endocytic Vesicle (GO:0030128)	8	8503	33010	4	AP2M1,SGIP1,SLC18A3,STON1	0.12455824916285545	0.3784654493794454
GO_CC	combined	Perineuronal Net (GO:0072534)	8	8503	33010	4	BCAN,HAPLN1,HAPLN4,TNR	0.12455824916285545	0.3784654493794454
GO_CC	combined	nBAF Complex (GO:0071565)	14	8503	33010	6	ACTL6B,ARID1B,DPF1,DPF3,SMARCA4,SMARCD3	0.1254617485725178	0.37878260397053143
GO_CC	combined	Heterotrimeric G-protein Complex (GO:0005834)	24	8503	33010	9	GNA12,GNA14,GNA15,GNAL,GNAO1,GNAS,GNAZ,GNB1,GNG2	0.14027127648879964	0.42081382946639895
GO_CC	combined	Specific Granule Lumen (GO:0035580)	58	8503	33010	19	B2M,BPI,CAMP,CHI3L1,CRACR2A,CRISP3,CYFIP1,DOCK2,ELANE,NEU1,OLFM4,PDXK,PITX3,QSOX1,RAB27A,SLPI,TCN1,TIMP2,TOLLIP	0.14283755084293612	0.4258176043996963
GO_CC	combined	Clathrin-Coated Vesicle (GO:0030136)	76	8503	33010	24	AP2M1,CLTC,CLVS1,DAB2,DENND1A,ECE1,FCHO1,FURIN,HIP1,MALL,MYO1E,RAB12,RAB13,SFTA3,SFTPA2,SFTPD,SGIP1,SNAP91,SNX18,SNX9,SORT1,TNK2,VTI1A,VWF	0.151551404019257	0.4489710344070489
GO_CC	combined	Mitotic Spindle (GO:0072686)	137	8503	33010	41	AGBL5,AURKA,CAPG,CCSAP,CD180,CDC14A,CDC42,CDC6,CLASP1,CLASP2,CLTC,DCDC2,DCTN1,DLGAP5,EFHC1,EML1,EML2,EPB41,HAUS6,HNF4G,HNRNPU,KAT2A,KIF18B,KIFC1,KLHL22,MAD1L1,MAK,MYF6,NEDD9,NUMA1,NUP62,PYCR3,RACGAP1,SGF29,TAF1D,TBL1XR1,TPPP,TUBB2B,TUBB6,USP44,WRAP73	0.1538994236224381	0.4530951974971159
GO_CC	combined	trans-Golgi Network Membrane (GO:0032588)	94	8503	33010	29	AP1S3,AP4E1,APP,ATP2C2,ATP9A,CALN1,CLIP3,CLTC,CLVS1,COG5,FUT9,GNAO1,HLA-DPA1,HLA-DQA2,HLA-DQB2,HLA-DRA,HLA-DRB1,HTR7,KIF13A,MARCHF1,MYO1B,NSG2,RAB31,SCAMP4,SCAMP5,TMEM79,VPS51,VPS52,VTI1A	0.155623954976842	0.4553441645618711
GO_CC	combined	COPII Vesicle Coat (GO:0030127)	15	8503	33010	6	KLHL12,SAR1A,SEC23B,SEC24C,SEC24D,SEC31B	0.16553023469172573	0.4784227514870609
GO_CC	combined	Cation-Transporting ATPase Complex (GO:0090533)	15	8503	33010	6	ABCC9,ATP1A1,ATP4B,FXYD1,KCNJ8,SLC9A1	0.16553023469172573	0.4784227514870609
GO_CC	combined	Golgi-associated Vesicle (GO:0005798)	42	8503	33010	14	APP,BACE1,CCDC115,CFTR,CNGB1,FURIN,GJA1,ITM2B,MAP6D1,RAB12,RAB13,RHO,TYR,ZDHHC13	0.17093517737825656	0.489084938596441
GO_CC	combined	Serine/Threonine Protein Kinase Complex (GO:1902554)	56	8503	33010	18	ACVR1B,ACVR1C,CCND1,CCND2,CCND3,CCNP,CDK14,CDK5R2,CDK6,DAPK1,MCM2,PARD3,PRKCZ,STK11,STRADA,TBKBP1,TGFBR2,TRAF3	0.1726113876141208	0.489084938596441
GO_CC	combined	Serine-Type Peptidase Complex (GO:1905286)	12	8503	33010	5	FCN1,FCN2,PLAU,PLAUR,THBD	0.17366588471519248	0.489084938596441
GO_CC	combined	Perisynaptic Extracellular Matrix (GO:0098966)	9	8503	33010	4	BCAN,HAPLN1,HAPLN4,TNR	0.18016246663058522	0.489084938596441
GO_CC	combined	B-WICH Complex (GO:0110016)	6	8503	33010	3	DDX21,DEK,ERCC6	0.18160115863496543	0.489084938596441
GO_CC	combined	MICOS Complex (GO:0061617)	6	8503	33010	3	CHCHD6,IMMT,MICOS10	0.18160115863496543	0.489084938596441
GO_CC	combined	PTW/PP1 Phosphatase Complex (GO:0072357)	6	8503	33010	3	PPP1R10,TOX4,WDR82	0.18160115863496543	0.489084938596441
GO_CC	combined	X Chromosome (GO:0000805)	6	8503	33010	3	MACROH2A1,PCGF3,SMCHD1	0.18160115863496543	0.489084938596441
GO_CC	combined	Extrinsic Component Of Endosome Membrane (GO:0031313)	6	8503	33010	3	USP50,WDR81,WDR91	0.18160115863496543	0.489084938596441
GO_CC	combined	Hemidesmosome (GO:0030056)	6	8503	33010	3	DST,EPPK1,PLEC	0.18160115863496543	0.489084938596441
GO_CC	combined	Low-Density Lipoprotein Particle (GO:0034362)	6	8503	33010	3	APOB,APOC2,APOE	0.18160115863496543	0.489084938596441
GO_CC	combined	Pseudopodium (GO:0031143)	6	8503	33010	3	ACTN2,ACTN3,CAPN2	0.18160115863496543	0.489084938596441
GO_CC	combined	Tertiary Granule (GO:0070820)	154	8503	33010	45	ADAM8,ADGRE3,ANO6,ATP11A,ATP8B4,B2M,CAMP,CD177,CD33,CD55,CD58,CEACAM8,CLEC12A,CRISP3,CYFIP1,CYSTM1,DBNL,DSP,FCAR,FLG2,FPR1,FPR2,HBB,ITGB2,KCNAB2,LAIR1,LILRB2,MMP9,NBEAL2,OLFM4,PITX3,PLAU,PLD1,PTPRN2,QSOX1,RAC1,SERPINB6,SIGLEC14,SIGLEC5,SNAP25,TCN1,TIMP2,TMC6,TMEM63A,VAMP8	0.18526251408993533	0.4961267326476234
GO_CC	combined	Sin3 Complex (GO:0016580)	19	8503	33010	7	BRMS1,HDAC1,PHF12,RBBP4,SF3B3,SIN3B,SINHCAF	0.19613296949265308	0.5193688689358523
GO_CC	combined	Sin3-type Complex (GO:0070822)	19	8503	33010	7	BRMS1,HDAC1,PHF12,RBBP4,SF3B3,SIN3B,SINHCAF	0.19613296949265308	0.5193688689358523
GO_CC	combined	Spindle (GO:0005819)	203	8503	33010	58	AGBL5,ANAPC7,ANKFN1,ANKRD53,AURKA,CALM2,CAPG,CCSAP,CD180,CDC14A,CDC42,CDC6,CLASP1,CLASP2,CLTC,CSPP1,DCDC2,DCTN1,DLGAP5,EFHC1,EML1,EML2,EPB41,FAM110A,FBXO5,HNF4G,HNRNPU,HSPA2,JTB,KAT2A,KIF16B,KIFC1,KLHL22,MAD1L1,MAEA,MAK,MAPRE1,MYF6,NEDD9,NUMA1,NUP62,PARP4,PLK1,PRC1,PYCR3,RACGAP1,RGS14,SGF29,SHCBP1L,SPICE1,TAF1D,TBL1XR1,TPPP,TUBB2B,TUBB6,TUBGCP3,USP44,WRAP73	0.1997455191821486	0.5259965338463247
GO_CC	combined	Desmosome (GO:0030057)	16	8503	33010	6	CDH2,DSG2,DSP,JAM3,KAZN,KLHL24	0.21015507661997332	0.5503508636346263
GO_CC	combined	Extracellular Vesicle (GO:1903561)	58	8503	33010	18	APOE,ATP1A1,C8B,CD9,CLTC,COL12A1,COL6A3,FBLN2,GNB1,GRIA4,HEXD,ITGB2,LFNG,PCMT1,PKM,PROM1,SERPINE2,SLC11A2	0.2179584340880607	0.5676499876798944
GO_CC	combined	Chitosome (GO:0045009)	13	8503	33010	5	MREG,OCA2,RAB27A,RAB32,TYR	0.22547602009778805	0.571527452012575
GO_CC	combined	Exocytic Vesicle (GO:0070382)	13	8503	33010	5	IGF1,NKD2,RAB27A,SYTL1,SYTL2	0.22547602009778805	0.571527452012575
GO_CC	combined	Melanosome Membrane (GO:0033162)	13	8503	33010	5	MREG,OCA2,RAB27A,RAB32,TYR	0.22547602009778805	0.571527452012575
GO_CC	combined	Pigment Granule Membrane (GO:0090741)	13	8503	33010	5	MREG,OCA2,RAB27A,RAB32,TYR	0.22547602009778805	0.571527452012575
GO_CC	combined	Secretory Vesicle (GO:0099503)	13	8503	33010	5	IGF1,NKD2,RAB27A,SYTL1,SYTL2	0.22547602009778805	0.571527452012575
GO_CC	combined	Gap Junction (GO:0005921)	20	8503	33010	7	GJA1,GJA3,GJA5,GJB2,GJC2,GJD2,GJD4	0.23863340732072275	0.6016608248405456
GO_CC	combined	Protein Serine/Threonine Phosphatase Complex (GO:0008287)	27	8503	33010	9	PPP2CB,PPP2R1B,PPP2R2B,PPP2R2C,PPP2R3A,PPP2R5A,PPP2R5C,PPP4R2,PPP4R4	0.2423201022996804	0.6076287580039431
GO_CC	combined	Vacuolar Lumen (GO:0005775)	147	8503	33010	42	AGA,AGRN,ANXA2,APOB,ARHGAP45,ARSB,BCAN,BPI,C3,CPPED1,CREG1,CTSC,CTSG,CTSK,DCN,ELANE,FMOD,GPC2,GPC5,GPC6,HRNR,HSP90AA1,HSPG2,HYAL1,IDUA,LGALS13,MAN2B1,MNDA,MPO,NAPRT,NEU1,NEU4,PPT2,PRSS57,PRTN3,RNASET2,SCARB2,SDC2,SDC3,SERPINB13,TOLLIP,VCP	0.24356427008596876	0.6076287580039431
GO_CC	combined	Extracellular Membrane-Bounded Organelle (GO:0065010)	56	8503	33010	17	APOE,ATP1A1,C8B,CD9,CLTC,COL12A1,COL6A3,FBLN2,GNB1,GRIA4,HEXD,ITGB2,LFNG,PCMT1,PKM,SERPINE2,SLC11A2	0.2581755551168867	0.6329177705326403
GO_CC	combined	Connexin Complex (GO:0005922)	17	8503	33010	6	GJA3,GJA5,GJB2,GJC2,GJD2,GJD4	0.2583478500814305	0.6329177705326403
GO_CC	combined	HFE-transferrin Receptor Complex (GO:1990712)	7	8503	33010	3	HFE,HJV,TFR2	0.2594884245209449	0.6329177705326403
GO_CC	combined	Dihydrolipoyl Dehydrogenase Complex (GO:0045240)	7	8503	33010	3	BCKDK,OGDH,OGDHL	0.2594884245209449	0.6329177705326403
GO_CC	combined	H4/H2A Histone Acetyltransferase Complex (GO:0043189)	24	8503	33010	8	ACTL6B,ACTL9,BRD8,EP400,EPC1,KAT5,POTEKP,RUVBL1	0.26171283338480483	0.6329177705326403
GO_CC	combined	NuA4 Histone Acetyltransferase Complex (GO:0035267)	24	8503	33010	8	ACTL6B,ACTL9,BRD8,EP400,EPC1,KAT5,POTEKP,RUVBL1	0.26171283338480483	0.6329177705326403
GO_CC	combined	Cdc73/Paf1 Complex (GO:0016593)	4	8503	33010	2	PEX2,RTF1	0.2745812741145408	0.6601314342658593
GO_CC	combined	Ciliary Membrane (GO:0060170)	35	8503	33010	11	ARL13B,BBS9,CNGB1,DRD2,DRD5,EVC2,HHIP,RHO,SCNN1A,SHANK2,SHANK3	0.276129843714859	0.6601314342658593
GO_CC	combined	Organelle Envelope Lumen (GO:0031970)	64	8503	33010	19	ALOX5,ALPL,APP,BLOC1S1,CHCHD4,CHCHD5,CLPB,COX17,COX19,CPOX,NLN,OPA1,PLAAT1,PRELID2,PRELID3A,PRELID3B,SOD1,SORL1,TIMM13	0.27714378780359916	0.6601314342658593
GO_CC	combined	Germ Plasm (GO:0060293)	14	8503	33010	5	HELZ,HENMT1,MOV10L1,PIWIL1,PIWIL4	0.2810395042784938	0.6624611167916697
GO_CC	combined	Multivesicular Body (GO:0005771)	46	8503	33010	14	APOE,BACE1,CHMP4C,CHMP6,CRHBP,CST7,LAPTM4B,LRAT,NSG2,RAB27A,SFTPA2,SFTPD,SORL1,STEAP3	0.28255435331829865	0.6624611167916697
GO_CC	combined	Golgi-associated Vesicle Membrane (GO:0030660)	21	8503	33010	7	CNGB1,GJA1,ITM2B,KDELR2,RASSF9,RHO,ZDHHC13	0.2837122504403143	0.6624611167916697
GO_CC	combined	Endocytic Vesicle Lumen (GO:0071682)	21	8503	33010	7	APOB,APOE,HBB,HGS,HSP90AA1,MPO,SPARC	0.2837122504403143	0.6624611167916697
GO_CC	combined	Intermediate Filament (GO:0005882)	68	8503	33010	20	BFSP1,BFSP2,CLIP1,DSP,DST,EPPK1,HLA-DRB1,KRT3,KRT75,KRT77,KRT8,KRT80,KRT86,MACF1,NEFL,NEFM,NES,PLEC,SLC1A4,VIM	0.28571925061832026	0.6638770823190383
GO_CC	combined	Brush Border Membrane (GO:0031526)	39	8503	33010	12	CDHR5,GNA12,LIMA1,LRP2,PEX19,SHANK2,SLC11A2,SLC17A3,SLC20A2,SLC22A5,SLC26A4,SLC9A3	0.2900229523788605	0.6705896557442922
GO_CC	combined	COPII-coated ER To Golgi Transport Vesicle (GO:0030134)	72	8503	33010	21	B2M,CNIH3,CTSC,ERGIC1,GNAO1,GRIA1,HFE,HLA-DPA1,HLA-DQA2,HLA-DQB2,HLA-DRA,HLA-DRB1,HLA-F,HLA-G,KLHL12,SEC16A,SEC16B,SEC24C,SEC24D,STX5,VTI1A	0.2937776214547556	0.6759737503376415
GO_CC	combined	Endolysosome (GO:0036019)	25	8503	33010	8	AP2M1,ATG16L1,CLEC16A,CLTC,CTSK,LDLR,NRG1,TPCN1	0.3041440276517496	0.6964457444779194
GO_CC	combined	Endoplasmic Reticulum Membrane (GO:0005789)	752	8503	33010	200	ABHD12B,ACER1,ACSL1,ACSL6,ADPGK,AGMO,AGPAT1,AMFR,ANKS4B,APOB,ATF6B,ATG14,ATG9B,ATP13A1,ATP2A2,ATP2A3,B3GAT1,CASQ2,CDC42,CDKAL1,CDS1,CERS6,CFTR,CHERP,CNIH3,COPE,CREB3L3,CYP19A1,CYP1A1,CYP1B1,CYP26A1,CYP26B1,CYP2C18,CYP2E1,CYP2F1,CYP2W1,CYP3A43,DDR2,DEGS1,DEGS2,DGAT2,DHCR7,DHRS9,DMPK,DTNBP1,ELOVL5,ERLIN1,ESYT3,EXT1,EXTL3,FAAH,FADS1,FITM1,FMN2,FMO2,GALNT2,GJA1,GNAO1,GORASP2,GPAT3,GRAMD1B,GRIA1,GRIN1,GRIN2A,GRIN2B,GRIN2D,GUCY2D,HFE,HHAT,HLA-DPA1,HLA-DQA2,HLA-DQB2,HLA-DRA,HLA-DRB1,HLA-F,HLA-G,HM13,HMOX2,HPD,HSD17B12,ILVBL,IRAG1,ITPR1,ITPR2,JPH3,JPH4,KDELR2,KRAS,KTN1,LBR,LMF1,LPCAT1,LPGAT1,LPIN1,LRAT,LRIT1,LRRC8E,LTC4S,MARCHF1,MBOAT2,MCTP1,MGLL,MGST1,MGST2,MLEC,MMP27,MOGAT3,MPDU1,MUC1,MYORG,MYRF,NCEH1,NOS1AP,NOTCH2,NOTCH3,NOTCH4,NOX4,OCA2,OSBPL6,PCYT1A,PDIA6,PGAP3,PIGB,PIGC,PIGH,PIGL,PIGQ,PIGV,PIGW,PIGY,PLA2G4C,PLAUR,PLD1,PLOD2,POMT1,PON3,POR,PPM1L,PPP1R15A,PROS1,PTDSS1,PTGDS,PYURF,RAB1B,RAC1,RDH5,REEP1,RTN1,RTN3,RTN4,RYR1,RYR2,RYR3,SBF1,SCARB2,SDR16C5,SEC16A,SEC24C,SEC24D,SEL1L,SFTA3,SFTPA2,SFTPD,SGPP2,SLC17A3,SLC35D1,SLC37A1,SLC37A4,SLC39A7,SLC51A,SLC8A3,SQLE,SRD5A3,SREBF1,SRPRB,STIM1,STX5,TAP1,TECR,THADA,TMEM238L,TMEM258,TMEM33,TMEM39A,TRIM13,UBE2J2,UGT2B7,UNC93B1,VAPA,VCP,VKORC1,VMP1,VPS13A,VRK2,VTI1A,WDR81,XXYLT1,ZC3H12A,ZDHHC1,ZNF177	0.31079215165114105	0.7082474994357734
GO_CC	combined	Vacuolar Membrane (GO:0005774)	58	8503	33010	17	ATG16L1,ATP6V0D1,ATP6V0D2,ATP6V1B1,ATP6V1G2,CCDC115,CHMP4C,CHMP6,MAP1LC3B2,PRKD1,TECPR1,UVRAG,VAC14,VMP1,WDFY3,WDR59,WDR81	0.31304672213336976	0.709971991824006
GO_CC	combined	Cornified Envelope (GO:0001533)	40	8503	33010	12	DSG2,DSP,FGFR1,FLG2,HRNR,IVL,KAZN,LCE1D,PI3,SPRR1A,SPRR2A,TCHH	0.3241933809514407	0.7317507741475375
GO_CC	combined	BLOC-1 Complex (GO:0031083)	8	8503	33010	3	BLOC1S1,DTNBP1,SNAPIN	0.34044652973579853	0.7602317857213587
GO_CC	combined	Smc5-Smc6 Complex (GO:0030915)	8	8503	33010	3	NSMCE2,SLF1,SMC5	0.34044652973579853	0.7602317857213587
GO_CC	combined	SCF Ubiquitin Ligase Complex (GO:0019005)	59	8503	33010	17	DAW1,FBXL14,FBXL15,FBXL16,FBXL18,FBXL19,FBXL20,FBXL21P,FBXL6,FBXL7,FBXO31,FBXO32,FBXO6,FBXW11,NCCRP1,PRKN,SPSB4	0.3416231442165599	0.7602317857213587
GO_CC	combined	Lysosomal Lumen (GO:0043202)	78	8503	33010	22	AGRN,APOB,ARSB,BCAN,CTSK,DCN,FMOD,GPC2,GPC5,GPC6,HSP90AA1,HSPG2,HYAL1,IDUA,MAN2B1,NEU1,NEU4,PPT2,SCARB2,SDC2,SDC3,SERPINB13	0.3509375358273841	0.7773102429073834
GO_CC	combined	Ficolin-1-Rich Granule (GO:0101002)	177	8503	33010	48	ADAM8,ADGRE3,ALOX5,ARSB,ATG7,BIN2,CALML5,CAPN1,CD55,CD58,COTL1,CRISPLD2,CSNK2B,DBNL,DSP,EEF1A1,FCAR,FCN1,FGL2,FPR1,FPR2,GSN,HBB,HK3,HMGB1,HSP90AA1,HSP90AB1,ITGB2,LILRB2,MAPK14,MMP9,MNDA,NBEAL2,PAFAH1B2,PDAP1,PGAM1,PKM,PPIE,PSMC2,PSMD6,PTPRN2,PYGL,RAC1,SERPINB6,SIGLEC14,SIGLEC5,TIMP2,VCP	0.36663503646077156	0.7931581669829453
GO_CC	combined	Monoatomic Ion Channel Complex (GO:0034702)	34	8503	33010	10	CHRNA4,CHRNB2,CHRND,GRID2,KCNQ1,LRRC8E,OSTM1,SHISA9,TRPC6,TRPM2	0.3745970305981913	0.7931581669829453
GO_CC	combined	SUMO Ligase Complex (GO:0106068)	12	8503	33010	4	NSMCE2,SLF1,SMC5,UBE2I	0.3748225910753396	0.7931581669829453
GO_CC	combined	Swr1 Complex (GO:0000812)	12	8503	33010	4	BRD8,EP400,KAT5,RUVBL1	0.3748225910753396	0.7931581669829453
GO_CC	combined	T Cell Receptor Complex (GO:0042101)	12	8503	33010	4	CD8A,NCOR2,SYK,ZAP70	0.3748225910753396	0.7931581669829453
GO_CC	combined	Clathrin Coat Of Coated Pit (GO:0030132)	12	8503	33010	4	AP2M1,SGIP1,SLC18A3,STON1	0.3748225910753396	0.7931581669829453
GO_CC	combined	Cytoplasmic Side Of Lysosomal Membrane (GO:0098574)	12	8503	33010	4	EEF1A1,EEF1A2,LITAF,SNAPIN	0.3748225910753396	0.7931581669829453
GO_CC	combined	Glial Cell Projection (GO:0097386)	12	8503	33010	4	FYN,GRM3,MAPT,SLC1A2	0.3748225910753396	0.7931581669829453
GO_CC	combined	Activin Receptor Complex (GO:0048179)	5	8503	33010	2	ACVR1B,ACVR1C	0.38319244776180267	0.7931581669829453
GO_CC	combined	Box C/D RNP Complex (GO:0031428)	5	8503	33010	2	NOP56,SNU13	0.38319244776180267	0.7931581669829453
GO_CC	combined	Chromocenter (GO:0010369)	5	8503	33010	2	MBD5,SALL1	0.38319244776180267	0.7931581669829453
GO_CC	combined	Cytoplasmic Side Of Endosome Membrane (GO:0010009)	5	8503	33010	2	LITAF,RAB5A	0.38319244776180267	0.7931581669829453
GO_CC	combined	Extrinsic Component Of Endoplasmic Reticulum Membrane (GO:0042406)	5	8503	33010	2	MMP27,ZC3H12A	0.38319244776180267	0.7931581669829453
GO_CC	combined	Mitochondrial Alpha-Ketoglutarate Dehydrogenase Complex (GO:0005947)	5	8503	33010	2	BCKDK,MRPS36	0.38319244776180267	0.7931581669829453
GO_CC	combined	Multivesicular Body, Internal Vesicle (GO:0097487)	5	8503	33010	2	EGFR,LAPTM4B	0.38319244776180267	0.7931581669829453
GO_CC	combined	Non-Motile Cilium (GO:0097730)	27	8503	33010	8	ARL13B,CFAP69,DRD2,DRD5,PHYH,PKD1L1,PKD2L1,SEPTIN9	0.3923529351404958	0.8085882228547608
GO_CC	combined	Endolysosome Membrane (GO:0036020)	16	8503	33010	5	AP2M1,ATG16L1,CLEC16A,CLTC,LDLR	0.3972664401863801	0.8151700980447799
GO_CC	combined	Autophagosome (GO:0005776)	80	8503	33010	22	ATG14,ATG16L1,ATG5,ATG9B,CHMP4C,CHMP6,FYCO1,MAP1LC3B2,MAPK15,PIP4K2B,PRKD1,RAB24,SQSTM1,TBC1D5,TECPR1,TP53INP1,UBQLN1,UVRAG,VMP1,VTI1A,WDFY3,WDR81	0.4021034283700004	0.8200673010225927
GO_CC	combined	Heterochromatin (GO:0000792)	46	8503	33010	13	CDKN2A,FOXC1,HELLS,HMGA1,HMGA2,IKZF1,MACROH2A1,MORC2,SALL1,SIRT6,TASOR,UHRF1,ZNF618	0.40311325134654874	0.8200673010225927
GO_CC	combined	TRAPPII Protein Complex (GO:1990071)	9	8503	33010	3	TRAPPC4,TRAPPC5,TRAPPC9	0.4205885612884051	0.8409013800794908
GO_CC	combined	bBAF Complex (GO:0140092)	9	8503	33010	3	ACTL6B,ARID1B,SMARCA4	0.4205885612884051	0.8409013800794908
GO_CC	combined	Condensed Chromosome, Centromeric Region (GO:0000779)	9	8503	33010	3	CENPA,SGO1,SYCP2L	0.4205885612884051	0.8409013800794908
GO_CC	combined	Neuron To Neuron Synapse (GO:0098984)	9	8503	33010	3	GRM7,NLGN1,PDYN	0.4205885612884051	0.8409013800794908
GO_CC	combined	Ficolin-1-Rich Granule Lumen (GO:1904813)	119	8503	33010	32	ALOX5,ARSB,ATG7,BIN2,CALML5,CAPN1,COTL1,CRISPLD2,CSNK2B,DBNL,EEF1A1,FCN1,FGL2,GSN,HBB,HK3,HMGB1,HSP90AA1,HSP90AB1,MAPK14,MMP9,MNDA,PAFAH1B2,PDAP1,PGAM1,PKM,PPIE,PSMC2,PSMD6,PYGL,TIMP2,VCP	0.4230520886218234	0.8409013800794908
GO_CC	combined	Condensed Chromosome (GO:0000793)	58	8503	33010	16	BRD4,CENPA,EID3,HMGB1,HMGB2,IHO1,NCAPG,NSMCE2,RCC1,RGS12,SGO1,SLF1,SMC4,SMC5,SYCP2L,TTN	0.42399879712868843	0.8409013800794908
GO_CC	combined	CatSper Complex (GO:0036128)	13	8503	33010	4	CATSPERE,CATSPERG,HSPA2,TMEM249	0.44119884484314	0.8641663324613568
GO_CC	combined	GBAF Complex (GO:0140288)	13	8503	33010	4	ACTL6B,BICRAL,BRD9,SMARCA4	0.44119884484314	0.8641663324613568
GO_CC	combined	Brahma Complex (GO:0035060)	13	8503	33010	4	ACTL6B,ARID1B,DPF3,SMARCD3	0.44119884484314	0.8641663324613568
GO_CC	combined	Symmetric Synapse (GO:0032280)	2	8503	33010	1	NLGN2	0.44883112074608944	0.8754977417022486
GO_CC	combined	Azurophil Granule Lumen (GO:0035578)	82	8503	33010	22	AGA,ANXA2,ARHGAP45,ARSB,BPI,C3,CPPED1,CREG1,CTSC,CTSG,ELANE,HRNR,LGALS13,MAN2B1,MNDA,MPO,NAPRT,PRSS57,PRTN3,RNASET2,TOLLIP,VCP	0.45396159449035245	0.8769947731466318
GO_CC	combined	RNA Polymerase III Complex (GO:0005666)	17	8503	33010	5	POLR1C,POLR1D,POLR2L,POLR3H,POLR3K	0.4551491860634418	0.8769947731466318
GO_CC	combined	U1 snRNP (GO:0005685)	17	8503	33010	5	LUC7L,LUC7L3,PRPF40B,SNRPA,SNRPN	0.4551491860634418	0.8769947731466318
GO_CC	combined	Cul2-RING Ubiquitin Ligase Complex (GO:0031462)	21	8503	33010	6	COMMD1,FEM1B,PRAME,ZSWIM4,ZSWIM5,ZYG11B	0.46563087422981997	0.8891874254347089
GO_CC	combined	SAGA Complex (GO:0000124)	21	8503	33010	6	KAT2A,SF3B3,SF3B5,SGF29,SUPT7L,TADA2B	0.46563087422981997	0.8891874254347089
GO_CC	combined	Cytoplasmic Stress Granule (GO:0010494)	71	8503	33010	19	CIRBP,CTSG,DDX25,IGF2BP1,IGF2BP2,IGF2BP3,LARP1,LIN28A,NANOS3,PABPC1,PUM2,RBFOX1,RBPMS,RPTOR,TIAL1,VCP,YBX1,ZFAND1,ZNFX1	0.46841657965766065	0.8891874254347089
GO_CC	combined	ATPase Dependent Transmembrane Transport Complex (GO:0098533)	6	8503	33010	2	ABCG8,SLC9A1	0.4839880923252213	0.8891874254347089
GO_CC	combined	ESC/E(Z) Complex (GO:0035098)	6	8503	33010	2	RBBP4,SUZ12	0.4839880923252213	0.8891874254347089
GO_CC	combined	G Protein-Coupled Receptor Dimeric Complex (GO:0038037)	6	8503	33010	2	GABBR1,GRM1	0.4839880923252213	0.8891874254347089
GO_CC	combined	Astral Microtubule (GO:0000235)	6	8503	33010	2	KIF18B,NUMA1	0.4839880923252213	0.8891874254347089
GO_CC	combined	Flotillin Complex (GO:0016600)	6	8503	33010	2	FLOT1,SLC6A3	0.4839880923252213	0.8891874254347089
GO_CC	combined	Late Endosome Lumen (GO:0031906)	6	8503	33010	2	IL12A,IL12B	0.4839880923252213	0.8891874254347089
GO_CC	combined	Macropinosome (GO:0044354)	6	8503	33010	2	CARMIL2,CLIP1	0.4839880923252213	0.8891874254347089
GO_CC	combined	Phosphatidylinositol 3-Kinase Complex, Class III (GO:0035032)	6	8503	33010	2	UVRAG,VAC14	0.4839880923252213	0.8891874254347089
GO_CC	combined	Pinosome (GO:0044352)	6	8503	33010	2	CARMIL2,CLIP1	0.4839880923252213	0.8891874254347089
GO_CC	combined	Vesicle Coat (GO:0030120)	37	8503	33010	10	CCL13,COPE,EPN1,KLHL12,MYCBPAP,SAR1A,SEC23B,SEC24C,SEC24D,SEC31B	0.4923164100865869	0.898381838255496
GO_CC	combined	Motile Cilium (GO:0031514)	68	8503	33010	18	ARL13B,CATSPERG,CFAP100,CFAP20,CFAP251,CFAP45,DAAM1,DNAAF5,DNAH17,DNAH5,DNAH9,DNALI1,DYNC2H1,IQCG,IQUB,NPHP1,RSPH9,SCNN1A	0.49278328680681216	0.898381838255496
GO_CC	combined	CD40 Receptor Complex (GO:0035631)	10	8503	33010	3	CD40,TRAF2,TRAF3	0.4970885774594897	0.9003551256643062
GO_CC	combined	RSC-type Complex (GO:0016586)	14	8503	33010	4	ACTL6B,PBRM1,SMARCA4,SUZ12	0.5052625810689988	0.9003551256643062
GO_CC	combined	U2-type Prespliceosome (GO:0071004)	14	8503	33010	4	LUC7L,LUC7L3,PRPF40B,SNRPN	0.5052625810689988	0.9003551256643062
GO_CC	combined	Prespliceosome (GO:0071010)	14	8503	33010	4	LUC7L,LUC7L3,PRPF40B,SNRPN	0.5052625810689988	0.9003551256643062
GO_CC	combined	Triglyceride-Rich Plasma Lipoprotein Particle (GO:0034385)	14	8503	33010	4	APOB,APOC1,APOC2,APOE	0.5052625810689988	0.9003551256643062
GO_CC	combined	Very-Low-Density Lipoprotein Particle (GO:0034361)	14	8503	33010	4	APOB,APOC1,APOC2,APOE	0.5052625810689988	0.9003551256643062
GO_CC	combined	Phagocytic Vesicle (GO:0045335)	92	8503	33010	24	ADAM8,ATG5,ATP6V0D1,ATP6V0D2,B2M,HFE,HGS,HLA-F,HLA-G,ITGB5,MPO,MTOR,NOD2,PLA2G5,RAB31,RAB32,RAB5A,RAB7A,SRGAP3,SYK,SYT11,TAP1,UNC93B1,VAMP8	0.511161373270563	0.9025714884800653
GO_CC	combined	Clathrin Adaptor Complex (GO:0030131)	18	8503	33010	5	AP1S3,AP2M1,SGIP1,SLC18A3,STON1	0.5113458236355071	0.9025714884800653
GO_CC	combined	Ficolin-1-Rich Granule Membrane (GO:0101003)	57	8503	33010	15	ADGRE3,CD55,CD58,DSP,FCAR,FPR1,FPR2,ITGB2,LILRB2,NBEAL2,PTPRN2,RAC1,SERPINB6,SIGLEC14,SIGLEC5	0.512218840508729	0.9025714884800653
GO_CC	combined	Nuclear Membrane (GO:0031965)	214	8503	33010	55	ADRA1B,ALOX5,ANKRD17,ANXA4,ATP11B,CCND2,CEP128,CPNE1,CREB3L4,DHCR7,DISP3,DMPK,DNAJC2,DUSP2,ENO1,EPC1,EPHA3,GRK5,GUCY2D,HOXA7,INPP4A,JPT1,KPNA4,LBR,LMNB2,LPIN1,LTC4S,MAJIN,MATR3,MRPS14,MYORG,NOS1AP,NRXN1,NSMF,NUP153,NUP62,NUP93,OSBPL6,PAK1,PAK6,PSEN2,PUM2,RAP1GAP2,RNF123,SMAD3,SUN1,SUN2,SYNE1,SYNE2,TMC6,TMC8,TMEM201,TNKS,TRIM27,XPO1	0.534019400101762	0.9375007246230932
GO_CC	combined	Mitochondrial Intermembrane Space (GO:0005758)	58	8503	33010	15	ALPL,BLOC1S1,CHCHD4,CHCHD5,CLPB,COX17,COX19,CPOX,NLN,OPA1,PRELID2,PRELID3A,PRELID3B,SOD1,TIMM13	0.542993274245953	0.9378465268201577
GO_CC	combined	Azurophil Granule (GO:0042582)	145	8503	33010	37	ACP3,AGA,ANXA2,ARHGAP45,ARSB,ATP11B,ATP8A1,BPI,BRI3,C3,CEACAM8,CPNE1,CPPED1,CREG1,CTSC,CTSG,ELANE,FPR1,HFE,HRNR,LGALS13,LPCAT1,MAN2B1,MGST1,MNDA,MPO,NAPRT,OLFM4,PRSS57,PRTN3,RAB37,RNASET2,SYNGR1,TOLLIP,VAMP8,VAPA,VCP	0.5583564193024766	0.9378465268201577
GO_CC	combined	Multivesicular Body Membrane (GO:0032585)	19	8503	33010	5	CHMP4C,CHMP6,LAPTM4B,NSG2,RAB27A	0.5649879358627632	0.9378465268201577
GO_CC	combined	trans-Golgi Network Transport Vesicle (GO:0030140)	15	8503	33010	4	FURIN,RAB12,RAB13,RASSF9	0.5657965599770429	0.9378465268201577
GO_CC	combined	SAGA-type Complex (GO:0070461)	35	8503	33010	9	KAT2A,POLE4,SF3B3,SF3B5,SGF29,SUPT7L,TADA2B,TAF4,TAF7	0.5668041375964059	0.9378465268201577
GO_CC	combined	Autophagosome Membrane (GO:0000421)	35	8503	33010	9	CHMP4C,CHMP6,MAP1LC3B2,PRKD1,TECPR1,UVRAG,VMP1,WDFY3,WDR81	0.5668041375964059	0.9378465268201577
GO_CC	combined	MIB Complex (GO:0140275)	11	8503	33010	3	CHCHD6,IMMT,MICOS10	0.5680829106485648	0.9378465268201577
GO_CC	combined	SAM Complex (GO:0001401)	11	8503	33010	3	CHCHD6,IMMT,MICOS10	0.5680829106485648	0.9378465268201577
GO_CC	combined	Amphisome (GO:0044753)	11	8503	33010	3	CHMP4C,CHMP6,SQSTM1	0.5680829106485648	0.9378465268201577
GO_CC	combined	Intracellular Vesicle (GO:0097708)	11	8503	33010	3	AP3B2,EGFR,RAB29	0.5680829106485648	0.9378465268201577
GO_CC	combined	Septin Cytoskeleton (GO:0032156)	11	8503	33010	3	SEPTIN11,SEPTIN8,SEPTIN9	0.5680829106485648	0.9378465268201577
GO_CC	combined	Septin Ring (GO:0005940)	11	8503	33010	3	SEPTIN11,SEPTIN8,SEPTIN9	0.5680829106485648	0.9378465268201577
GO_CC	combined	Phagocytic Vesicle Membrane (GO:0030670)	43	8503	33010	11	ATG5,ATP6V0D1,ATP6V0D2,B2M,HFE,HLA-F,HLA-G,RAB31,RAB7A,TAP1,VAMP8	0.5687429885924027	0.9378465268201577
GO_CC	combined	Tertiary Granule Lumen (GO:1904724)	51	8503	33010	13	B2M,CAMP,CRISP3,CYFIP1,DBNL,FLG2,HBB,MMP9,OLFM4,PITX3,QSOX1,TCN1,TIMP2	0.570884456173814	0.9378465268201577
GO_CC	combined	Azurophil Granule Membrane (GO:0035577)	55	8503	33010	14	ACP3,ATP11B,ATP8A1,BRI3,CEACAM8,CPNE1,FPR1,HFE,LPCAT1,MGST1,RAB37,SYNGR1,VAMP8,VAPA	0.5719913829647328	0.9378465268201577
GO_CC	combined	RISC-loading Complex (GO:0070578)	7	8503	33010	2	AGO2,DHX9	0.573787959446932	0.9378465268201577
GO_CC	combined	Astrocyte Projection (GO:0097449)	7	8503	33010	2	GRM3,SLC1A2	0.573787959446932	0.9378465268201577
GO_CC	combined	cis-Golgi Network Membrane (GO:0033106)	7	8503	33010	2	HLA-G,TRAPPC3L	0.573787959446932	0.9378465268201577
GO_CC	combined	Transferase Complex, Transferring Phosphorus-Containing Groups (GO:0061695)	7	8503	33010	2	IGF1R,TERT	0.573787959446932	0.9378465268201577
GO_CC	combined	Voltage-Gated Sodium Channel Complex (GO:0001518)	7	8503	33010	2	SCN2B,SCN4A	0.573787959446932	0.9378465268201577
GO_CC	combined	NURF Complex (GO:0016589)	3	8503	33010	1	RBBP4	0.5908145484089591	0.9623577180269643
GO_CC	combined	Nuclear Lumen (GO:0031981)	724	8503	33010	184	ABCC4,ABL1,ADAR,ADARB2,AKAP8,AOPEP,ARID5A,ARL4A,ASIC2,ATXN1,BCL6,BRWD1,C1D,CAMTA1,CAPG,CCND2,CD180,CD1E,CDC14A,CDC6,CHD7,CKAP5,CLN6,COX10,CPT2,CRADD,CYB561A3,DDX21,DDX56,DEK,DGKQ,DHX9,DNAJC2,DOCK4,EBNA1BP2,EEF1A1,EID3,ELL3,EMX1,EN2,ERCC6,ERI1,ETV6,EXOSC10,EXOSC9,FANCG,FBXL22,FIGNL1,FILIP1,FMN2,FOXI1,GCFC2,GLI2,GLI3,GPRC5B,HMGA2,HMGB2,HNRNPU,HOXD9,IER5,IFI16,IGF2BP3,INSR,IQSEC1,ISG20,JPT1,KAT5,KLF6,LDB2,LIN28A,LIN28B,MACROD2,MACROH2A1,MAGI1,MAPKBP1,MARS1,MCIDAS,MCM2,MCM3,MCM7,MEAK7,MED1,METTL5,MNDA,MNX1,MRPS15,MTUS1,MXI1,MYO10,N4BP1,NARF,NEDD4,NEK11,NKX2-1,NLRP1,NLRP5,NMD3,NOM1,NOP14,NOP56,NOVA1,NPM1,NRXN1,NUCKS1,NUP153,OARD1,PAFAH1B2,PARP1,PARP10,PAX9,PBRM1,PCDH1,PDCD11,PIH1D1,PKMYT1,PRDM1,PTBP1,PUM3,PYHIN1,PYM1,RARA,RBPJ,RGS12,RNF213,RORA,RPL13,RPL17,RPL23A,RPL26,RPL3,RPL4,RPS10,RPS2,RPS3A,RPS7,RUNX3,S100A13,S100A16,SDAD1,SELENBP1,SENP3,SERPINB13,SF3B3,SIRT6,SIX1,SLC29A2,SMARCA4,SMG6,SNU13,SPC24,SPIDR,SPTBN1,SRPK2,STAG3,STAT1,SUB1,SUZ12,SYNE1,SYNE2,TAF15,TAF1B,TAF1D,TBCA,TERT,THAP2,TOP2B,TP53,TRAF7,TRIM27,TRIM41,TUT4,UBTF,URB1,USP36,UTP25,VMP1,VPS51,WDFY3,WDR82,XPO1,ZCCHC8,ZEB2,ZFC3H1,ZNF300	0.5991141495415175	0.9725346126119154
GO_CC	combined	Acrosomal Vesicle (GO:0001669)	56	8503	33010	14	ACTL9,CXADR,FAM170B,IL4I1,IQUB,LYZL4,PPFIA3,PRSS55,SCNN1A,SPACA7,SPAG6,TRIM36,VPS13B,ZPBP2	0.6023390297785118	0.9744324236007325
GO_CC	combined	U12-type Spliceosomal Complex (GO:0005689)	24	8503	33010	6	RBMXL2,SF3B2,SF3B3,SF3B5,SNRNP25,YBX1	0.6111032568995226	0.9789476974551526
GO_CC	combined	Histone Acetyltransferase Complex (GO:0000123)	24	8503	33010	6	CREBBP,JADE2,KANSL3,KAT2A,SGF29,TADA2B	0.6111032568995226	0.9789476974551526
GO_CC	combined	Mitochondrial Outer Membrane Translocase Complex (GO:0005742)	20	8503	33010	5	CHCHD6,IMMT,MICOS10,TOMM20,TOMM5	0.615432539625126	0.9789476974551526
GO_CC	combined	Proton-Transporting V-type ATPase Complex (GO:0033176)	20	8503	33010	5	ATP6V0D1,ATP6V0D2,ATP6V1B1,ATP6V1G2,CCDC115	0.615432539625126	0.9789476974551526
GO_CC	combined	Nuclear Outer Membrane (GO:0005640)	16	8503	33010	4	DHCR7,ENO1,GUCY2D,LTC4S	0.6219732665739303	0.9789476974551526
GO_CC	combined	NADPH Oxidase Complex (GO:0043020)	12	8503	33010	3	DUOX2,NOX4,RAC1	0.6325030171729729	0.9789476974551526
GO_CC	combined	RNA Polymerase I Complex (GO:0005736)	12	8503	33010	3	POLR1C,POLR1D,POLR2L	0.6325030171729729	0.9789476974551526
GO_CC	combined	Clathrin Coat Of trans-Golgi Network Vesicle (GO:0030130)	12	8503	33010	3	AP1S3,NCALD,SLC18A3	0.6325030171729729	0.9789476974551526
GO_CC	combined	Clathrin Vesicle Coat (GO:0030125)	12	8503	33010	3	EPN1,MYCBPAP,NCALD	0.6325030171729729	0.9789476974551526
GO_CC	combined	mRNA Cleavage And Polyadenylation Specificity Factor Complex (GO:0005847)	12	8503	33010	3	CPSF4L,SSU72,SYMPK	0.6325030171729729	0.9789476974551526
GO_CC	combined	Mitotic Spindle Microtubule (GO:1990498)	12	8503	33010	3	CLTC,HAUS6,HNRNPU	0.6325030171729729	0.9789476974551526
GO_CC	combined	npBAF Complex (GO:0071564)	12	8503	33010	3	ARID1B,SMARCA4,SMARCD3	0.6325030171729729	0.9789476974551526
GO_CC	combined	Mitochondrial Outer Membrane (GO:0005741)	142	8503	33010	35	ACSL1,AMBRA1,ATP5MC2,BCL2A1,BCL2L11,BMF,BNIP3,BNIP3L,CASP8,CPT1A,CPT1B,DMPK,FIS1,GDAP1,KRAS,LPIN1,MCL1,MGARP,MIEF1,MIEF2,MYO19,NIPSNAP2,NLRX1,OPA1,PDE2A,PIGBOS1,PPP2R2B,RAB32,RTN4IP1,SLC8A3,SPATA19,TOMM20,TOMM5,VPS13A,ZNFX1	0.6503512534069392	0.9789476974551526
GO_CC	combined	Organelle Outer Membrane (GO:0031968)	158	8503	33010	39	ACSL1,AMBRA1,ATP5MC2,BCL2A1,BCL2L11,BMF,BNIP3,BNIP3L,CASP8,CPT1A,CPT1B,DHCR7,DMPK,ENO1,FIS1,GDAP1,GUCY2D,KRAS,LPIN1,LTC4S,MCL1,MGARP,MIEF1,MIEF2,MYO19,NIPSNAP2,NLRX1,OPA1,PDE2A,PIGBOS1,PPP2R2B,RAB32,RTN4IP1,SLC8A3,SPATA19,TOMM20,TOMM5,VPS13A,ZNFX1	0.6511654590243681	0.9789476974551526
GO_CC	combined	Chromatoid Body (GO:0033391)	8	8503	33010	2	DDX25,PIWIL1	0.6515684360173097	0.9789476974551526
GO_CC	combined	Dendrite Cytoplasm (GO:0032839)	8	8503	33010	2	GRIK3,SOD1	0.6515684360173097	0.9789476974551526
GO_CC	combined	post-mRNA Release Spliceosomal Complex (GO:0071014)	8	8503	33010	2	GCFC2,XAB2	0.6515684360173097	0.9789476974551526
GO_CC	combined	Transcription Factor TFIIH Core Complex (GO:0000439)	8	8503	33010	2	ERCC3,GTF2H3	0.6515684360173097	0.9789476974551526
GO_CC	combined	INO80-type Complex (GO:0097346)	25	8503	33010	6	BRD8,EP400,INO80,KAT5,RUVBL1,TFPT	0.6543933135628572	0.9789476974551526
GO_CC	combined	Ribosome (GO:0005840)	58	8503	33010	14	DHX9,LARP1,NR5A1,RPL15,RPL17,RPL30,RPL31,RPL6,RPS10,RPS18,RPS29,RPS7,RRBP1,SRP68	0.659899145274105	0.9789476974551526
GO_CC	combined	Spliceosomal snRNP Complex (GO:0097525)	54	8503	33010	13	DDX39B,LSM4,LUC7L,LUC7L3,PRPF31,PRPF40B,SF3A3,SF3B2,SF3B3,SF3B5,SNRPA,SNRPN,SNU13	0.6619463705039108	0.9789476974551526
GO_CC	combined	P Granule (GO:0043186)	21	8503	33010	5	HELZ,HENMT1,MOV10L1,PIWIL1,PIWIL4	0.6622455600611588	0.9789476974551526
GO_CC	combined	Pericentric Heterochromatin (GO:0005721)	21	8503	33010	5	HELLS,IKZF1,MACROH2A1,SIRT6,ZNF618	0.6622455600611588	0.9789476974551526
GO_CC	combined	Nucleolus (GO:0005730)	716	8503	33010	180	ABCC4,ABL1,ADAR,ADARB2,AKAP8,AOPEP,ARID5A,ARL4A,ASIC2,ATXN1,BCL6,BRWD1,C1D,CAMTA1,CAPG,CCND2,CD180,CD1E,CDC14A,CDC6,CHD7,CKAP5,CLN6,COX10,CPT2,CRADD,CYB561A3,DDX21,DDX56,DEK,DGKQ,DHX9,DNAJC2,DOCK4,EBNA1BP2,EEF1A1,EID3,ELL3,EMX1,EN2,ERCC6,ERI1,ETV6,EXOSC10,EXOSC9,FANCG,FBXL22,FILIP1,FMN2,FOXI1,GCFC2,GLI2,GLI3,GPRC5B,HMGB2,HOXD9,IER5,IFI16,IGF2BP3,IQSEC1,ISG20,JPT1,KAT5,KLF6,LDB2,LIN28A,LIN28B,MACROD2,MACROH2A1,MAGI1,MAPKBP1,MARS1,MCIDAS,MCM2,MCM3,MCM7,MEAK7,MED1,METTL5,MNDA,MNX1,MRPS15,MTUS1,MXI1,MYO10,N4BP1,NARF,NEDD4,NEK11,NKX2-1,NLRP1,NLRP5,NMD3,NOM1,NOP14,NOP56,NOVA1,NPM1,NRXN1,NUCKS1,NUP153,OARD1,PAFAH1B2,PARP1,PARP10,PAX9,PCDH1,PDCD11,PIH1D1,PKMYT1,POLR1C,POLR1D,POLR2L,PRDM1,PTBP1,PUM3,PYHIN1,PYM1,RARA,RBPJ,RGS12,RNF213,RORA,RPL13,RPL17,RPL23A,RPL26,RPL3,RPL4,RPS10,RPS2,RPS3A,RPS7,RUNX3,S100A13,S100A16,SDAD1,SELENBP1,SENP3,SERPINB13,SF3B3,SIRT6,SIX1,SLC29A2,SMARCA4,SMG6,SNU13,SPC24,SPTBN1,SRPK2,STAG3,STAT1,SUB1,SUZ12,SYNE1,TAF15,TAF1B,TAF1D,TBCA,TERT,THAP2,TOP2B,TP53,TRAF7,TRIM27,TRIM41,TUT4,UBTF,URB1,USP36,UTP25,VMP1,VPS51,WDFY3,WDR82,XPO1,ZCCHC8,ZEB2,ZFC3H1,ZNF300	0.6630252033631723	0.9789476974551526
GO_CC	combined	Respiratory Chain Complex IV (GO:0045277)	17	8503	33010	4	COX4I2,COX6C,COX7B2,NDUFA4	0.6733037528848496	0.9789476974551526
GO_CC	combined	Euchromatin (GO:0000791)	38	8503	33010	9	BCAS3,DNMT3A,ELL,ESR1,EXOSC10,MYOD1,NSMF,TCF23,UHRF1	0.6749132348169062	0.9789476974551526
GO_CC	combined	ATAC Complex (GO:0140672)	13	8503	33010	3	KAT2A,POLE4,SGF29	0.6898942688719227	0.9789476974551526
GO_CC	combined	RISC Complex (GO:0016442)	13	8503	33010	3	AGO2,DHX9,TNRC6A	0.6898942688719227	0.9789476974551526
GO_CC	combined	Acetylcholine-Gated Channel Complex (GO:0005892)	13	8503	33010	3	CHRNA4,CHRNB2,CHRND	0.6898942688719227	0.9789476974551526
GO_CC	combined	Cytoplasmic Side Of Endoplasmic Reticulum Membrane (GO:0098554)	13	8503	33010	3	HM13,RPS29,THADA	0.6898942688719227	0.9789476974551526
GO_CC	combined	Lamellar Body (GO:0042599)	13	8503	33010	3	KRTDAP,SFTA3,SFTPA2	0.6898942688719227	0.9789476974551526
GO_CC	combined	Muscle Myosin Complex (GO:0005859)	13	8503	33010	3	MYH13,MYH4,MYH8	0.6898942688719227	0.9789476974551526
GO_CC	combined	Secondary Lysosome (GO:0005767)	13	8503	33010	3	CRHBP,PLA2G5,SQSTM1	0.6898942688719227	0.9789476974551526
GO_CC	combined	MLL1 Complex (GO:0071339)	26	8503	33010	6	E2F6,PRPF31,RUVBL1,SENP3,TAF4,TAF7	0.6945663811531155	0.9789476974551526
GO_CC	combined	Condensed Nuclear Chromosome (GO:0000794)	26	8503	33010	6	IHO1,NCAPG,RCC1,RGS12,SMC4,TTN	0.6945663811531155	0.9789476974551526
GO_CC	combined	Polysomal Ribosome (GO:0042788)	26	8503	33010	6	DHX9,LARP1,RPL30,RPL31,RPL6,RPS29	0.6945663811531155	0.9789476974551526
GO_CC	combined	Cortical Endoplasmic Reticulum (GO:0032541)	4	8503	33010	1	STIM1	0.6962256398404318	0.9789476974551526
GO_CC	combined	Platelet Dense Granule Membrane (GO:0031088)	4	8503	33010	1	ITPR1	0.6962256398404318	0.9789476974551526
GO_CC	combined	Protein Phosphatase 4 Complex (GO:0030289)	4	8503	33010	1	PPP4R2	0.6962256398404318	0.9789476974551526
GO_CC	combined	Rough Endoplasmic Reticulum Membrane (GO:0030867)	4	8503	33010	1	RPS29	0.6962256398404318	0.9789476974551526
GO_CC	combined	Lipid Droplet (GO:0005811)	72	8503	33010	17	ALDH3B2,ALOX15,ANXA2,CIDEA,CLDN11,DGAT2,LDAH,LPCAT1,PLA2G4C,PNPLA1,PNPLA5,RAB40C,RAB7A,RNF213,SDR16C5,VCP,VPS13A	0.7041132006488457	0.9789476974551526
GO_CC	combined	U2 snRNP (GO:0005686)	22	8503	33010	5	SF3A3,SF3B2,SF3B3,SF3B5,SNRPN	0.7051768960920223	0.9789476974551526
GO_CC	combined	Spindle Microtubule (GO:0005876)	64	8503	33010	15	AURKA,CALM2,CHMP4C,CHMP6,CLASP1,CLASP2,CLTC,FAM110A,HAUS6,HNRNPU,KIF18B,NUMA1,PARP4,PLK1,PRC1	0.7094261962358515	0.9789476974551526
GO_CC	combined	U4 snRNP (GO:0005687)	9	8503	33010	2	PRPF31,SNRPN	0.7175626859398537	0.9789476974551526
GO_CC	combined	Amphisome Membrane (GO:1904930)	9	8503	33010	2	CHMP4C,CHMP6	0.7175626859398537	0.9789476974551526
GO_CC	combined	Apical Dendrite (GO:0097440)	9	8503	33010	2	MYO1D,NSMF	0.7175626859398537	0.9789476974551526
GO_CC	combined	Neuron Projection Cytoplasm (GO:0120111)	9	8503	33010	2	GRIK3,SOD1	0.7175626859398537	0.9789476974551526
GO_CC	combined	Nucleolar Exosome (RNase Complex) (GO:0101019)	9	8503	33010	2	EXOSC10,EXOSC9	0.7175626859398537	0.9789476974551526
GO_CC	combined	Sodium:Potassium-Exchanging ATPase Complex (GO:0005890)	9	8503	33010	2	ATP4B,FXYD1	0.7175626859398537	0.9789476974551526
GO_CC	combined	Transcription Factor TFIIH Holo Complex (GO:0005675)	9	8503	33010	2	ERCC3,GTF2H3	0.7175626859398537	0.9789476974551526
GO_CC	combined	High-Density Lipoprotein Particle (GO:0034364)	18	8503	33010	4	APOC1,APOC2,APOE,LCAT	0.71957744695609	0.9789476974551526
GO_CC	combined	Kinetochore Microtubule (GO:0005828)	18	8503	33010	4	CHMP4C,CHMP6,CLASP1,CLASP2	0.71957744695609	0.9789476974551526
GO_CC	combined	Smooth Endoplasmic Reticulum (GO:0005790)	18	8503	33010	4	MYO1D,RYR1,RYR2,RYR3	0.71957744695609	0.9789476974551526
GO_CC	combined	Coated Vesicle (GO:0030135)	77	8503	33010	18	CCDC115,CLTC,CLVS1,CTSC,DAB2,DENND1A,ERGIC1,FCHO1,HIP1,KLHL12,MALL,SGIP1,SNAP91,SNX18,SNX9,SORT1,TNK2,VTI1A	0.7241418707112046	0.9789476974551526
GO_CC	combined	cis-Golgi Network (GO:0005801)	44	8503	33010	10	BCL9,CCL13,GORASP2,HLA-G,KDELR2,LRPAP1,MAP6D1,RAB29,RAB30,TRAPPC3L	0.7306379119794354	0.9789476974551526
GO_CC	combined	MLL1/2 Complex (GO:0044665)	27	8503	33010	6	E2F6,PRPF31,RUVBL1,SENP3,TAF4,TAF7	0.7314914495241427	0.9789476974551526
GO_CC	combined	Nuclear Inner Membrane (GO:0005637)	27	8503	33010	6	ATP11B,LBR,MAJIN,MATR3,PSEN2,SMAD3	0.7314914495241427	0.9789476974551526
GO_CC	combined	Ino80 Complex (GO:0031011)	14	8503	33010	3	INO80,RUVBL1,TFPT	0.7402483655454476	0.9789476974551526
GO_CC	combined	Acrosomal Membrane (GO:0002080)	14	8503	33010	3	FAM170B,TMEM190,VPS13B	0.7402483655454476	0.9789476974551526
GO_CC	combined	Cytosolic Large Ribosomal Subunit (GO:0022625)	49	8503	33010	11	RPL13,RPL15,RPL17,RPL23A,RPL26,RPL3,RPL30,RPL31,RPL39L,RPL4,RPL6	0.7514551867090078	0.9789476974551526
GO_CC	combined	Large Ribosomal Subunit (GO:0015934)	49	8503	33010	11	RPL13,RPL15,RPL17,RPL23A,RPL26,RPL3,RPL30,RPL31,RPL39L,RPL4,RPL6	0.7514551867090078	0.9789476974551526
GO_CC	combined	Peroxisome (GO:0005777)	128	8503	33010	30	ACBD5,ACOX2,ACOX3,ACOXL,CCDC33,CRYM,DDR2,DEPP1,EHHADH,EPHX2,FAR2,FIS1,GDAP1,HMGCL,KCNIP4,MGAT4A,MGST1,MIEF1,MIEF2,PECR,PEX19,PEX2,PEX5L,PEX7,PHYH,PRDX5,PXT1,SOD1,SZT2,VIM	0.7563170784987305	0.9789476974551526
GO_CC	combined	Myofibril (GO:0030016)	28	8503	33010	6	DES,LMOD1,MYBPC1,MYH4,OBSCN,TNNI3	0.7651340905700674	0.9789476974551526
GO_CC	combined	AP-1 Adaptor Complex (GO:0030121)	10	8503	33010	2	AP1S3,SLC18A3	0.7726812130599447	0.9789476974551526
GO_CC	combined	ISWI-type Complex (GO:0031010)	10	8503	33010	2	CECR2,RBBP4	0.7726812130599447	0.9789476974551526
GO_CC	combined	TRAPPIII Protein Complex (GO:1990072)	10	8503	33010	2	TRAPPC4,TRAPPC5	0.7726812130599447	0.9789476974551526
GO_CC	combined	Nuclear Inclusion Body (GO:0042405)	10	8503	33010	2	NUP153,SLF1	0.7726812130599447	0.9789476974551526
GO_CC	combined	Preribosome, Small Subunit Precursor (GO:0030688)	10	8503	33010	2	NOP14,RIOK3	0.7726812130599447	0.9789476974551526
GO_CC	combined	Primary Lysosome (GO:0005766)	10	8503	33010	2	MPO,OLFM4	0.7726812130599447	0.9789476974551526
GO_CC	combined	Proton-Transporting V-type ATPase, V1 Domain (GO:0033180)	10	8503	33010	2	ATP6V1B1,ATP6V1G2	0.7726812130599447	0.9789476974551526
GO_CC	combined	Vacuolar Proton-Transporting V-type ATPase, V1 Domain (GO:0000221)	10	8503	33010	2	ATP6V1B1,ATP6V1G2	0.7726812130599447	0.9789476974551526
GO_CC	combined	Cyclin-Dependent Protein Kinase Holoenzyme Complex (GO:0000307)	37	8503	33010	8	CCND1,CCND2,CCND3,CCNP,CDK14,CDK5R2,CDK6,MCM2	0.7734367010644299	0.9789476974551526
GO_CC	combined	ATP-binding Cassette (ABC) Transporter Complex (GO:0043190)	5	8503	33010	1	ABCG8	0.7744839378600891	0.9789476974551526
GO_CC	combined	Hrd1p Ubiquitin Ligase ERAD-L Complex (GO:0000839)	5	8503	33010	1	SEL1L	0.7744839378600891	0.9789476974551526
GO_CC	combined	MHC Class I Protein Complex (GO:0042612)	5	8503	33010	1	HFE	0.7744839378600891	0.9789476974551526
GO_CC	combined	PAR Polarity Complex (GO:0120157)	5	8503	33010	1	PRKCZ	0.7744839378600891	0.9789476974551526
GO_CC	combined	Cortical Granule (GO:0060473)	5	8503	33010	1	NLRP5	0.7744839378600891	0.9789476974551526
GO_CC	combined	Insulin-Responsive Compartment (GO:0032593)	5	8503	33010	1	RAB13	0.7744839378600891	0.9789476974551526
GO_CC	combined	Sarcoglycan Complex (GO:0016012)	5	8503	33010	1	SGCD	0.7744839378600891	0.9789476974551526
GO_CC	combined	Signal Recognition Particle, Endoplasmic Reticulum Targeting (GO:0005786)	5	8503	33010	1	SRP68	0.7744839378600891	0.9789476974551526
GO_CC	combined	Uniplex Complex (GO:1990246)	5	8503	33010	1	MCUB	0.7744839378600891	0.9789476974551526
GO_CC	combined	Zonula Adherens (GO:0005915)	5	8503	33010	1	PLEKHA7	0.7744839378600891	0.9789476974551526
GO_CC	combined	Vacuolar Proton-Transporting V-type ATPase Complex (GO:0016471)	24	8503	33010	5	ATP6V0D1,ATP6V0D2,ATP6V1B1,ATP6V1G2,CCDC115	0.7791387722086253	0.9822121756034264
GO_CC	combined	PRC1 Complex (GO:0035102)	15	8503	33010	3	PCGF3,PHC2,PHC3	0.7838613169375489	0.9829372069534343
GO_CC	combined	Mitochondrial Respiratory Chain Complex IV (GO:0005751)	15	8503	33010	3	COX4I2,COX6C,NDUFA4	0.7838613169375489	0.9829372069534343
GO_CC	combined	Golgi Stack (GO:0005795)	29	8503	33010	6	GALNT2,MGAT4A,MGAT4B,RAB30,SORL1,TRAPPC4	0.7955389778844456	0.9888303791273276
GO_CC	combined	P-body (GO:0000932)	81	8503	33010	18	APOBEC3A,CNOT1,EIF4ENIF1,IGF2BP1,IGF2BP2,IGF2BP3,LIN28A,LSM4,NANOS3,PATL2,PSMC2,SAMD4B,SQSTM1,SYNE1,TNRC6A,TRIM71,ZC3H12A,ZC3H12D	0.8024472347650635	0.9888303791273276
GO_CC	combined	U2-type Precatalytic Spliceosome (GO:0071005)	47	8503	33010	10	LSM4,MFAP1,PRPF3,PRPF31,SF3A3,SF3B2,SF3B3,SF3B5,SNU13,SRRM2	0.8060332349699464	0.9888303791273276
GO_CC	combined	Cul4A-RING E3 Ubiquitin Ligase Complex (GO:0031464)	11	8503	33010	2	COP1,TRPC4AP	0.8181475024846958	0.9888303791273276
GO_CC	combined	COPI-coated Vesicle Membrane (GO:0030663)	16	8503	33010	3	CCL13,COPE,KDELR2	0.8212200977906918	0.9888303791273276
GO_CC	combined	Clathrin Coat (GO:0030118)	16	8503	33010	3	CLTC,EPN1,MYCBPAP	0.8212200977906918	0.9888303791273276
GO_CC	combined	Cytoplasmic Dynein Complex (GO:0005868)	16	8503	33010	3	DYNC1I1,DYNC2H1,DYNC2I1	0.8212200977906918	0.9888303791273276
GO_CC	combined	Transcription Factor TFTC Complex (GO:0033276)	16	8503	33010	3	KAT2A,TAF4,TAF7	0.8212200977906918	0.9888303791273276
GO_CC	combined	Cul4-RING E3 Ubiquitin Ligase Complex (GO:0080008)	30	8503	33010	6	CDKN1B,COP1,DCAF16,DCAF4,DCAF5,TRPC4AP	0.8228129696892625	0.9888303791273276
GO_CC	combined	Transcription Factor TFIID Complex (GO:0005669)	30	8503	33010	6	ERCC3,GTF2B,GTF2E2,GTF2H3,TAF4,TAF7	0.8228129696892625	0.9888303791273276
GO_CC	combined	9+0 Non-Motile Cilium (GO:0097731)	6	8503	33010	1	PHYH	0.8325831069670626	0.9888303791273276
GO_CC	combined	AP-3 Adaptor Complex (GO:0030123)	6	8503	33010	1	AP3B2	0.8325831069670626	0.9888303791273276
GO_CC	combined	COPI-coated Vesicle (GO:0030137)	6	8503	33010	1	KDELR2	0.8325831069670626	0.9888303791273276
GO_CC	combined	Alpha-Beta T Cell Receptor Complex (GO:0042105)	6	8503	33010	1	NCOR2	0.8325831069670626	0.9888303791273276
GO_CC	combined	Chloride Channel Complex (GO:0034707)	6	8503	33010	1	OSTM1	0.8325831069670626	0.9888303791273276
GO_CC	combined	Dystroglycan Complex (GO:0016011)	6	8503	33010	1	SGCD	0.8325831069670626	0.9888303791273276
GO_CC	combined	Proton-Transporting V-type ATPase, V0 Domain (GO:0033179)	6	8503	33010	1	ATP6V0D1	0.8325831069670626	0.9888303791273276
GO_CC	combined	Vacuolar Proton-Transporting V-type ATPase, V0 Domain (GO:0000220)	6	8503	33010	1	ATP6V0D1	0.8325831069670626	0.9888303791273276
GO_CC	combined	Zymogen Granule (GO:0042588)	6	8503	33010	1	GP2	0.8325831069670626	0.9888303791273276
GO_CC	combined	Zymogen Granule Membrane (GO:0042589)	6	8503	33010	1	GP2	0.8325831069670626	0.9888303791273276
GO_CC	combined	U4/U6 X U5 tri-snRNP Complex (GO:0046540)	35	8503	33010	7	LSM4,PRPF3,PRPF31,SNRNP27,SNRPA,SNRPN,SNU13	0.8344560161412047	0.9888303791273276
GO_CC	combined	Spliceosomal tri-snRNP Complex (GO:0097526)	35	8503	33010	7	LSM4,PRPF3,PRPF31,SNRNP27,SNRPA,SNRPN,SNU13	0.8344560161412047	0.9888303791273276
GO_CC	combined	Precatalytic Spliceosome (GO:0071011)	49	8503	33010	10	LSM4,MFAP1,PRPF3,PRPF31,SF3A3,SF3B2,SF3B3,SF3B5,SNU13,SRRM2	0.8467799497566633	0.9994993567822638
GO_CC	combined	Mitochondrial Envelope (GO:0005740)	135	8503	33010	30	ALPL,BLOC1S1,BNIP3,CHCHD4,CHCHD5,CIDEA,CLPB,COX17,COX19,CPOX,KIF28P,NDUFA13,NLN,OGDH,OPA1,PLA2G4C,PLEKHN1,PRELID2,PRELID3A,PRELID3B,RNF144B,SDHB,SLC22A3,SLC25A33,SLC9B2,SOD1,TIMM13,TMEM14B,VPS13A,VRK2	0.8512870958901433	0.9994993567822638
GO_CC	combined	Endoribonuclease Complex (GO:1902555)	17	8503	33010	3	AGO2,DHX9,RPP25	0.8529164574133722	0.9994993567822638
GO_CC	combined	COPI Vesicle Coat (GO:0030126)	12	8503	33010	2	CCL13,COPE	0.8552763995470404	0.9994993567822638
GO_CC	combined	RNA Polymerase II, Core Complex (GO:0005665)	12	8503	33010	2	POLR2C,POLR2L	0.8552763995470404	0.9994993567822638
GO_CC	combined	Cytosolic Small Ribosomal Subunit (GO:0022627)	36	8503	33010	7	RPS10,RPS15A,RPS18,RPS2,RPS29,RPS3A,RPS7	0.8561112634042175	0.9994993567822638
GO_CC	combined	Chromosome (GO:0005694)	153	8503	33010	34	CDCA2,CDCA5,DDX21,EBNA1BP2,ELL3,EMX1,ERCC4,EXOSC9,FIGNL1,GTF2B,HMGA2,HMGB1,HMGB2,HNRNPU,HORMAD1,HORMAD2,HOXA13,MACROH2A1,MDC1,MSH4,NCAPG,PBRM1,PDS5B,PPP1R7,PUM3,RAD21,RCC1,SETD2,SMC5,SPATA22,SPIDR,STAG1,SYCE1,SYCP1	0.8640920485744398	1.0
GO_CC	combined	Small Ribosomal Subunit (GO:0015935)	37	8503	33010	7	RPS10,RPS15A,RPS18,RPS2,RPS29,RPS3A,RPS7	0.8754019946168344	1.0
GO_CC	combined	Golgi Trans Cisterna (GO:0000138)	7	8503	33010	1	SGMS1	0.8757156315537511	1.0
GO_CC	combined	Hrd1p Ubiquitin Ligase Complex (GO:0000836)	7	8503	33010	1	SEL1L	0.8757156315537511	1.0
GO_CC	combined	U6 snRNP (GO:0005688)	7	8503	33010	1	LSM4	0.8757156315537511	1.0
GO_CC	combined	Mitochondrial Proton-Transporting ATP Synthase Complex, Coupling Factor F(o) (GO:0000276)	7	8503	33010	1	ATP5MC2	0.8757156315537511	1.0
GO_CC	combined	Ribonuclease MRP Complex (GO:0000172)	7	8503	33010	1	RPP25	0.8757156315537511	1.0
GO_CC	combined	Serine C-palmitoyltransferase Complex (GO:0017059)	7	8503	33010	1	ORMDL3	0.8757156315537511	1.0
GO_CC	combined	Spherical High-Density Lipoprotein Particle (GO:0034366)	7	8503	33010	1	APOC2	0.8757156315537511	1.0
GO_CC	combined	Platelet Dense Granule Lumen (GO:0031089)	13	8503	33010	2	RARRES2,SELENOP	0.8853458778516072	1.0
GO_CC	combined	cullin-RING Ubiquitin Ligase Complex (GO:0031461)	164	8503	33010	36	AMN1,ANAPC1,ANAPC7,COMMD1,CUL7,CUL9,DAW1,DCAF16,DCAF4,DCAF5,FBXL14,FBXL15,FBXL16,FBXL18,FBXL19,FBXL20,FBXL21P,FBXL6,FBXL7,FBXO31,FBXO32,FBXO6,FBXW11,FEM1B,KLHL12,KLHL22,KLHL24,KLHL3,NCCRP1,PRAME,PRKN,SPSB4,TRPC4AP,ZSWIM4,ZSWIM5,ZYG11B	0.8877909670857127	1.0
GO_CC	combined	Endoplasmic reticulum-Golgi Intermediate Compartment Membrane (GO:0033116)	47	8503	33010	9	CD55,CNIH3,CTSC,GRIA1,RAB1B,STX5,TAP1,UVRAG,WHAMM	0.8886645818818462	1.0
GO_CC	combined	Keratin Filament (GO:0045095)	38	8503	33010	7	EPPK1,KRT3,KRT75,KRT77,KRT8,KRT80,KRT86	0.8924938199245157	1.0
GO_CC	combined	Platelet Dense Granule (GO:0042827)	19	8503	33010	3	ITPR1,RARRES2,SELENOP	0.9018560613030507	1.0
GO_CC	combined	Mitochondrial Respiratory Chain Complex I (GO:0005747)	39	8503	33010	7	NDUFA10,NDUFA13,NDUFA4,NDUFC1,NDUFC2-KCTD14,NDUFS4,NDUFS8	0.9075604878707757	1.0
GO_CC	combined	Respiratory Chain Complex I (GO:0045271)	39	8503	33010	7	NDUFA10,NDUFA13,NDUFA4,NDUFC1,NDUFC2-KCTD14,NDUFS4,NDUFS8	0.9075604878707757	1.0
GO_CC	combined	RNA N6-methyladenosine Methyltransferase Complex (GO:0036396)	8	8503	33010	1	METTL3	0.9077366594875285	1.0
GO_CC	combined	Autolysosome (GO:0044754)	8	8503	33010	1	SQSTM1	0.9077366594875285	1.0
GO_CC	combined	Microbody Membrane (GO:0031903)	53	8503	33010	10	ACBD5,FAR2,FIS1,GDAP1,MGST1,PECR,PEX19,PEX2,PEX5L,PEX7	0.9078794607489885	1.0
GO_CC	combined	Peroxisomal Membrane (GO:0005778)	53	8503	33010	10	ACBD5,FAR2,FIS1,GDAP1,MGST1,PECR,PEX19,PEX2,PEX5L,PEX7	0.9078794607489885	1.0
GO_CC	combined	U2-type Spliceosomal Complex (GO:0005684)	85	8503	33010	17	GCFC2,LSM4,LUC7L,LUC7L3,MFAP1,PPIE,PRPF3,PRPF31,PRPF40B,SF3A3,SF3B2,SF3B3,SF3B5,SNRPN,SNU13,SRRM2,XAB2	0.9129216370655214	1.0
GO_CC	combined	Microbody Lumen (GO:0031907)	49	8503	33010	9	ACOX2,ACOX3,ACOXL,CRYM,EHHADH,EPHX2,HMGCL,PEX7,PHYH	0.9154285929827652	1.0
GO_CC	combined	Peroxisomal Matrix (GO:0005782)	49	8503	33010	9	ACOX2,ACOX3,ACOXL,CRYM,EHHADH,EPHX2,HMGCL,PEX7,PHYH	0.9154285929827652	1.0
GO_CC	combined	Golgi Cisterna Membrane (GO:0032580)	9	8503	33010	1	NSG2	0.9315084061809878	1.0
GO_CC	combined	NSL Complex (GO:0044545)	9	8503	33010	1	KANSL3	0.9315084061809878	1.0
GO_CC	combined	Multimeric Ribonuclease P Complex (GO:0030681)	9	8503	33010	1	RPP25	0.9315084061809878	1.0
GO_CC	combined	Pi-Body (GO:0071546)	9	8503	33010	1	MOV10L1	0.9315084061809878	1.0
GO_CC	combined	Mitochondrial Proton-Transporting ATP Synthase Complex (GO:0005753)	16	8503	33010	2	ATP5F1EP2,ATP5MC2	0.9442397060003987	1.0
GO_CC	combined	Proton-Transporting ATP Synthase Complex (GO:0045259)	16	8503	33010	2	ATP5F1EP2,ATP5MC2	0.9442397060003987	1.0
GO_CC	combined	Mitochondrial Ribosome (GO:0005761)	22	8503	33010	3	MRPL34,MRPS14,MRPS22	0.9480820486697527	1.0
GO_CC	combined	Golgi Cis Cisterna (GO:0000137)	10	8503	33010	1	NSG2	0.949155872083326	1.0
GO_CC	combined	Preribosome, Large Subunit Precursor (GO:0030687)	17	8503	33010	2	EBNA1BP2,NEDD4	0.9564161391453356	1.0
GO_CC	combined	Set1C/COMPASS Complex (GO:0048188)	11	8503	33010	1	WDR82	0.9622567090431889	1.0
GO_CC	combined	90S Preribosome (GO:0030686)	12	8503	33010	1	NOP14	0.971982191724657	1.0
GO_CC	combined	H4 Histone Acetyltransferase Complex (GO:1902562)	12	8503	33010	1	KANSL3	0.971982191724657	1.0
GO_CC	combined	Endoplasmic Reticulum Tubular Network (GO:0071782)	25	8503	33010	3	REEP1,RTN4,STIM1	0.9733189533199049	1.0
GO_CC	combined	Anaphase-Promoting Complex (GO:0005680)	20	8503	33010	2	ANAPC7,CUL7	0.9794837363360367	1.0
GO_CC	combined	Cul3-RING Ubiquitin Ligase Complex (GO:0031463)	34	8503	33010	4	KLHL12,KLHL22,KLHL24,KLHL3	0.9868281923883249	1.0
GO_CC	combined	Core Mediator Complex (GO:0070847)	22	8503	33010	2	MED15,MED9	0.9877079004709268	1.0
GO_CC	combined	Mitochondrial Matrix (GO:0005759)	340	8503	33010	70	AASS,ACP6,ACSF2,ACSF3,ACSM5,ADHFE1,AK4,AKR1B15,ALDH1L2,ALDH2,AUH,BCKDK,BLOC1S1,CBR4,COQ3,CYP11A1,D2HGDH,DGLUCY,DMGDH,ETFBKMT,FAHD1,FARS2,GLDC,GLS,HMGCL,HSD17B8,IBA57,IDH2,LIAS,LYRM4,MAIP1,MCAT,MCCC1,MCCC2,ME3,MRM3,MRPL11,MRPL34,MRPS14,MRPS22,MTHFD1L,NAXD,NDUFS8,NMNAT3,NR3C1,NSUN4,NUBPL,NUDT13,OGDH,OGDHL,PCCA,PDE2A,PDSS1,PPTC7,PRDX3,PRDX5,PRIMPOL,PUS1,PYCR1,PYCR2,SOD1,SSBP1,SUCLA2,SUCLG1,TBRG4,TFB2M,TK1,TP53AIP1,TRNT1,WARS2	0.9892617793579022	1.0
GO_CC	combined	U2-type Catalytic Step 2 Spliceosome (GO:0071007)	29	8503	33010	3	PPIE,SRRM2,XAB2	0.9893983474314408	1.0
GO_CC	combined	Small-Subunit Processome (GO:0032040)	68	8503	33010	10	EXOSC10,IGF2BP3,NOP14,NOP56,PDCD11,RPS15A,RPS3A,RPS7,SNU13,UTP25	0.9904828638199574	1.0
GO_CC	combined	Golgi Cisterna (GO:0031985)	31	8503	33010	3	RAB30,SGMS1,SORL1	0.9933995815644933	1.0
GO_CC	combined	U5 snRNP (GO:0005682)	18	8503	33010	1	SNRPN	0.9953128961790811	1.0
GO_CC	combined	Mitochondrial Membrane (GO:0031966)	507	8503	33010	102	ACSL1,ALPL,AMBRA1,ATP5F1EP2,ATP5MC2,BCL2A1,BCL2L11,BMF,BNIP3,BNIP3L,CASP8,CHCHD6,CKMT2,COQ3,COX10,COX6C,CPT1A,CPT1B,CPT2,CYP11A1,CYP11B1,CYP11B2,CYP1A1,CYP2E1,DMPK,ENDOG,FIS1,FLVCR1,GDAP1,GHITM,GPD2,IMMP2L,IMMT,KIF28P,KRAS,LDHB,LPIN1,MAIP1,MCL1,MCU,MCUB,MGARP,MIEF1,MIEF2,MRPL11,MRPL2,MRPL23,MRPL24,MRPL33,MRPL34,MRPL38,MRPL44,MRPS14,MRPS15,MRPS17,MRPS21,MRPS22,MRPS25,MRPS28,MRPS36,MYO19,NDUFA10,NDUFA13,NDUFA4,NDUFAF3,NDUFAF6,NDUFC1,NDUFS4,NIPSNAP2,NLRX1,NNT,OGDH,OPA1,PARL,PDE2A,PGS1,PIGBOS1,PLA2G4C,PLEKHN1,PPP2R2B,PSEN2,RAB32,RNF144B,RTN4IP1,SDHB,SDHC,SLC22A3,SLC25A2,SLC25A33,SLC8A3,SLC9B2,SPATA19,SPG7,SRC,TIMM13,TMEM126B,TMEM14B,TOMM20,TOMM5,VPS13A,VRK2,ZNFX1	0.9988558734778495	1.0
GO_CC	combined	Organelle Inner Membrane (GO:0019866)	373	8503	33010	67	ATP11B,ATP5F1EP2,ATP5MC2,CHCHD6,CKMT2,COQ3,COX10,COX6C,CPT2,CYP11A1,CYP11B1,CYP11B2,CYP1A1,CYP2E1,ENDOG,FLVCR1,GHITM,GPD2,IMMP2L,IMMT,LBR,LDHB,MAIP1,MAJIN,MATR3,MCU,MCUB,MGARP,MRPL11,MRPL2,MRPL23,MRPL24,MRPL33,MRPL34,MRPL38,MRPL44,MRPS14,MRPS15,MRPS17,MRPS21,MRPS22,MRPS25,MRPS28,MRPS36,NDUFA10,NDUFA13,NDUFA4,NDUFAF3,NDUFAF6,NDUFC1,NDUFS4,NEU4,NNT,OPA1,PARL,PDE2A,PGS1,PSEN2,SDHB,SDHC,SLC25A2,SLC9B2,SMAD3,SPG7,SRC,TIMM13,TMEM126B	0.9998696917661669	1.0
GO_CC	combined	Mitochondrial Inner Membrane (GO:0005743)	349	8503	33010	61	ATP5F1EP2,ATP5MC2,CHCHD6,CKMT2,COQ3,COX10,COX6C,CPT2,CYP11A1,CYP11B1,CYP11B2,CYP1A1,CYP2E1,ENDOG,FLVCR1,GHITM,GPD2,IMMP2L,IMMT,LDHB,MAIP1,MCU,MCUB,MGARP,MRPL11,MRPL2,MRPL23,MRPL24,MRPL33,MRPL34,MRPL38,MRPL44,MRPS14,MRPS15,MRPS17,MRPS21,MRPS22,MRPS25,MRPS28,MRPS36,NDUFA10,NDUFA13,NDUFA4,NDUFAF3,NDUFAF6,NDUFC1,NDUFS4,NNT,OPA1,PARL,PDE2A,PGS1,PSEN2,SDHB,SDHC,SLC25A2,SLC9B2,SPG7,SRC,TIMM13,TMEM126B	0.9999154657162158	1.0
GO_CC	combined	Cul5-RING Ubiquitin Ligase Complex (GO:0031466)	8	8503	33010	0		1.0	1.0
GO_CC	combined	Golgi Medial Cisterna (GO:0005797)	9	8503	33010	0		1.0	1.0
GO_CC	combined	H3 Histone Acetyltransferase Complex (GO:0070775)	6	8503	33010	0		1.0	1.0
GO_CC	combined	MLL3/4 Complex (GO:0044666)	9	8503	33010	0		1.0	1.0
GO_CC	combined	MOZ/MORF Histone Acetyltransferase Complex (GO:0070776)	6	8503	33010	0		1.0	1.0
GO_CC	combined	THO Complex Part Of Transcription Export Complex (GO:0000445)	4	8503	33010	0		1.0	1.0
GO_CC	combined	TIM22 Mitochondrial Import Inner Membrane Insertion Complex (GO:0042721)	6	8503	33010	0		1.0	1.0
GO_CC	combined	TIM23 Mitochondrial Import Inner Membrane Translocase Complex (GO:0005744)	12	8503	33010	0		1.0	1.0
GO_CC	combined	U2-type Catalytic Step 1 Spliceosome (GO:0071006)	11	8503	33010	0		1.0	1.0
GO_CC	combined	U7 snRNP (GO:0005683)	6	8503	33010	0		1.0	1.0
GO_CC	combined	Alveolar Lamellar Body (GO:0097208)	5	8503	33010	0		1.0	1.0
GO_CC	combined	cyclin/CDK Positive Transcription Elongation Factor Complex (GO:0008024)	5	8503	33010	0		1.0	1.0
GO_CC	combined	Cytolytic Granule (GO:0044194)	7	8503	33010	0		1.0	1.0
GO_CC	combined	Gamma-Delta T Cell Receptor Complex (GO:0042106)	2	8503	33010	0		1.0	1.0
GO_CC	combined	Mitochondrial Respiratory Chain Complex III (GO:0005750)	11	8503	33010	0		1.0	1.0
GO_CC	combined	Multivesicular Body Lumen (GO:0097486)	4	8503	33010	0		1.0	1.0
GO_CC	combined	Postsynaptic Recycling Endosome (GO:0098837)	4	8503	33010	0		1.0	1.0
GO_CC	combined	Respiratory Chain Complex III (GO:0045275)	11	8503	33010	0		1.0	1.0
GO_CC	combined	Shelterin Complex (GO:0070187)	5	8503	33010	0		1.0	1.0
GO_CC	combined	tRNA Methyltransferase Complex (GO:0043527)	6	8503	33010	0		1.0	1.0
GO_CC	combined	Transcription Factor TFIIIC Complex (GO:0000127)	5	8503	33010	0		1.0	1.0
GO_CC	hypermethylated	Neuron Projection (GO:0043005)	524	4177	33010	156	ABL1,ADCY8,ADCYAP1,ADCYAP1R1,ADGRL1,ANK2,ANKS1A,APOD,ARHGEF7,ATXN10,AVIL,BNIP3,BOC,BRINP3,CALB1,CAPN2,CCK,CDC42,CDK5R2,CHAT,CHRM2,CHRNB2,CHRND,CLDN11,CNIH3,CNTNAP2,COBL,CPEB1,CPEB2,CPT1C,CRHBP,CRHR2,CTNNA2,CYFIP1,DAB2IP,DCTN1,DIP2B,DLG2,DRD2,DRD4,DTNBP1,DYRK1A,ELAVL4,EPHA10,EPHA5,EPHA6,EPHB1,EPHB2,FAM107A,FARP1,FEZ1,FYN,GABRA1,GABRA2,GABRA4,GABRA5,GABRB1,GABRB3,GABRG1,GABRG2,GABRR1,GHSR,GLRA1,GNA12,GRIN1,GRIN2B,GRM3,GRM7,HCN1,HCN2,HEPACAM,HRH2,HTR1A,HTR1B,HTR2A,HTR5A,HTR6,HTR7,IGF1R,IGSF9B,INPP5A,INSRR,KCNA1,KCNA4,KCNC1,KCNC2,KCNC3,KCNN4,KIF13B,KIF1A,KIF1B,KIRREL3,KLHL1,LDLRAP1,LRP2,LRP4,LRRTM1,MAGI2,MAP1A,MAPK8IP3,MAPT,MAST1,MLPH,NEFH,NEFL,NEFM,NELL1,NPBWR1,NR1D1,NRSN1,NSMF,NTRK1,OPRM1,PALLD,PCSK1,PENK,PRKCG,PRLHR,PTGDR2,PTK7,RAPGEF2,RGS12,RGS14,RGS6,RIN3,ROBO1,ROBO3,RPH3A,RTN3,RTN4,RUFY3,SCN11A,SCN2A,SHANK1,SHANK2,SHANK3,SKOR1,SLC12A5,SLC17A6,SLC32A1,SLC4A10,SLC5A7,SLC6A1,SLC6A3,SLC8A3,SLC9A5,SNCA,SPTBN4,SSTR1,SSTR4,STMN2,TENM3,TENM4,TRAK1,TRAPPC4,ZACN	1.4678700357023994e-25	6.957703969229373e-23
GO_CC	hypermethylated	Intracellular Membrane-Bounded Organelle (GO:0043231)	4741	4177	33010	779	AATF,ABL1,ACKR3,ACOX2,ACTB,ACTL6B,ACTR3,ADAM19,ADAMTS9,ADAR,ADCYAP1R1,ADIRF,ADNP2,AFF3,AGAP2,AGAP3,AHDC1,AHNAK,AHR,AIRE,AKAP8,AKNA,AKT1,AKT2,ALKBH3,ALKBH5,ALPK3,ALX1,ALX4,AMBRA1,ANAPC7,ANKFY1,ANKRD11,ANKRD13B,ANKRD17,ANP32A,ANXA2,ARID3C,ARL4A,ARNT2,ARRB1,ASCL2,ASIC2,ATF7IP2,ATOH1,ATP11A,AXIN2,B4GALNT3,BACH1,BAG3,BARHL2,BCAS3,BCL11B,BCL6,BCL9L,BHLHE23,BNIP3,BRD4,BRMS1,BRSK1,BTBD3,C2CD2,CACNA1A,CALB1,CAVIN1,CBFA2T2,CCND2,CCND3,CDC6,CDK14,CDK15,CDK17,CDKL1,CDKL2,CDKN2A,CDT1,CDX2,CECR2,CELF3,CELF4,CENPA,CFAP410,CFAP74,CFTR,CHAT,CHD2,CHD6,CHFR,CIC,CIDEA,CIRBP,CLCC1,CLIP1,CLIP3,CLK1,CLN6,CMAHP,CMYA5,CPEB1,CPEB2,CPNE7,CPQ,CRADD,CRAMP1,CREBBP,CREBZF,CRHBP,CRY2,CRYAB,CRYGD,CSNK1E,CSNK1G2,CSNK2B,CSRNP1,CSRP1,CTBP1,CTBP2,CTDSP1,CTNNA1,CTSK,CUX1,CXXC5,CYP1A1,DAB2,DAPK2,DAXX,DBP,DDX17,DDX25,DENND1A,DENND1C,DES,DIDO1,DIO3,DIP2B,DLX1,DLX4,DMRT1,DMRTA2,DNAJB1,DNMT3A,DST,DTNBP1,DUSP1,DYRK1A,DYRK4,DZIP1,EGFR,EHD2,EHD4,EID3,EIF4A1,ELF2,EMP2,EMX1,EN2,EPAS1,EPC1,EPHX3,ERBB2,ERCC4,ERGIC1,ESR2,ESRRA,ESRRG,ETS1,ETV2,ETV6,EVA1A,EVC2,EVX1,EVX2,EYA1,FAM107A,FAM241A,FAM53B,FBXL21P,FEM1B,FERD3L,FERMT2,FEV,FEZF2,FGF12,FGFR1,FHIT,FHL3,FHOD1,FLI1,FLII,FMN2,FMNL3,FOXA1,FOXA2,FOXB1,FOXD1,FOXE1,FOXE3,FOXF1,FOXG1,FOXJ2,FOXK1,FOXL2,FOXN3,FOXP1,FOXP4,FOXR1,FYCO1,FYN,GATA2,GATA3,GATA4,GBX2,GCM2,GDAP1,GFI1,GLI2,GLI3,GLIS3,GLMP,GLRA1,GPATCH8,GSC2,GSN,GTF2F2,H2BC14,H2BC15,H2BC3,H3C1,H4C9,HCK,HDAC4,HDAC9,HDLBP,HEATR5B,HES3,HLA-DPA1,HMX2,HNF1B,HOOK2,HORMAD2,HOXA11,HOXA2,HOXA3,HOXA4,HOXA5,HOXA6,HOXA7,HOXA9,HOXB3,HOXB6,HOXB7,HOXB9,HOXC4,HOXC6,HOXD10,HOXD11,HOXD3,HOXD8,HOXD9,HPF1,HSF1,HSPA2,HSPA4,HSPA7,HSPB2,HSPB6,HSPB9,IGF1R,IGF2BP1,IKZF1,IKZF4,INO80,INTS3,IQSEC1,IRF2,IRF4,IRF8,IRS1,IRX2,IRX4,ISL1,ISL2,ITM2B,ITPKA,ITPKB,JAK1,JARID2,JDP2,KANSL3,KAT2A,KCNA6,KDM4B,KHDRBS2,KHNYN,KIAA1614,KIFC1,KLF7,KLHL31,KRT8,L1TD1,LAMA5,LDB1,LDB2,LDLRAD4,LEF1,LHX1,LHX2,LHX3,LHX4,LHX5,LHX6,LHX8,LHX9,LIN28A,LINC-PINT,LMO1,LMX1B,LOXL3,LPIN1,LRPAP1,LTC4S,LURAP1,LYN,MAB21L2,MACROD1,MACROH2A1,MAEA,MAF,MAFF,MAFG,MAGI2,MAML1,MAML3,MAMSTR,MAN2B1,MAP3K14,MAP3K7CL,MAPK10,MAPK14,MAPK3,MAPT,MARCHF3,MATR3,MBD5,MBNL2,MCIDAS,MCM7,MECOM,MEF2A,MEF2D,MEIG1,MEOX1,MEOX2,METTL3,MGST2,MICAL2,MICAL3,MIR9-1HG,MKNK1,MKNK2,MKX,MLH3,MNX1,MOB3C,MOCS1,MRE11,MRTFB,MSC,MSI2,MSX2,MT1A,MT1E,MT1M,MTOR,MTUS1,MUC1,MUC5B,MYF6,MYH10,MYOD1,MYOF,MYRF,N4BP1,NANOS3,NCOA7,NCOR2,NDFIP2,NEDD9,NEU1,NEUROD1,NFATC2,NFATC4,NFE2L1,NFIA,NFIB,NFIC,NFIX,NFKBIL1,NISCH,NKAPL,NKX1-1,NKX2-1,NKX2-2,NKX2-3,NKX2-4,NKX2-5,NKX2-6,NKX2-8,NKX3-2,NKX6-1,NKX6-2,NLRP1,NOTCH4,NOVA1,NOX4,NPLOC4,NR1D1,NR1H2,NR2F6,NR3C1,NR4A3,NR5A1,NR5A2,NREP,NSD1,NSMF,NTHL1,NUDT3,NUDT4,NXN,OAZ2,OLIG1,OLIG2,OLIG3,ONECUT1,ONECUT2,ONECUT3,ORC5,OSBPL10,OSBPL5,OSR2,OTX1,OTX2,P3H2,PALLD,PAPOLB,PARP15,PAX2,PAX6,PAX8,PBRM1,PBX1,PBX4,PBXIP1,PCDH1,PCGF3,PCSK2,PDCD11,PDCD4,PDE4A,PDE4C,PDE4D,PDS5B,PDX1,PDXK,PER1,PER2,PFKP,PGR,PHACTR1,PHC2,PHF12,PHLDB1,PIAS1,PIH1D1,PIK3C2B,PIK3R1,PIP4K2B,PITPNA,PITX1,PITX2,PITX3,PKD2L1,POLR2C,POLR2L,POR,POU2F2,POU3F1,POU3F3,POU4F1,POU4F2,POU4F3,PPIE,PPM1H,PPP1R10,PPP1R13L,PPP1R7,PPP2R5C,PPT2,PRDM11,PRDM13,PRDM14,PRDM16,PRDM6,PRDM8,PRKCE,PRKD2,PRMT2,PRMT8,PROX1,PRSS23,PSMA1,PTBP1,PTF1A,PTH1R,PTP4A2,PTPN2,PTPRN,PTTG1IP,PUS3,PUS7,QSOX1,RAB30,RABEP2,RACGAP1,RAD51B,RAD52,RAD9A,RAE1,RALYL,RAPGEF5,RARA,RARG,RB1,RBBP4,RBBP6,RBFOX1,RBFOX2,RBFOX3,RBM20,RBMS1,RBPJ,RDH5,RERE,REXO1,RFX1,RGS12,RGS14,RGS22,RGS3,RIPPLY3,RNF111,RNF220,RNF4,RORA,RPL3,RREB1,RSBN1,RSRC1,RUNX1T1,RUNX2,RUNX3,RUVBL1,RXRA,RXRB,RYK,S100A16,S100A5,S1PR1,SALL1,SALL2,SALL3,SALL4,SBNO2,SCARB1,SDR39U1,SEC24D,SENP3,SERGEF,SERPINB6,SERPINB9,SETD2,SETDB2,SF3B2,SFMBT1,SFMBT2,SGK1,SGMS1,SGTA,SHOX2,SIN3B,SIX1,SIX3,SIX6,SKI,SKOR1,SKOR2,SLC15A3,SLC25A42,SLC2A14,SLC35F6,SLC7A14,SLCO5A1,SLF1,SLFN12,SMAD3,SMAD5,SMARCD3,SMG6,SMYD2,SMYD4,SNAI2,SNCA,SND1,SNU13,SNX27,SNX8,SOBP,SOX1,SOX15,SOX17,SOX5,SOX6,SPAG6,SPARC,SPDYA,SPHK2,SPIB,SPRY2,SQSTM1,SREBF1,SRRM4,SSBP3,ST18,STAG3,STK11,STK3,STOX2,STRIP1,SUFU,SUMO3,SUN1,SVIL,SYNDIG1,SYNDIG1L,SYNE2,SYNPO,SYNPO2,SYNPO2L,TADA2B,TAF7,TAFA2,TAL1,TBL1XR1,TBPL2,TBR1,TBX18,TBX2,TBX20,TBX5,TBXT,TCEA2,TCERG1L,TCF12,TCF20,TCF21,TCF4,TCF7L1,TEAD1,TECR,TENM4,TERT,TET3,TFAP2B,TFAP2D,TGFB1I1,TGFB3,THRA,THRB,TIAL1,TIGD6,TIPARP,TLE7,TLX1,TLX2,TMEM190,TNFAIP3,TNK2,TNKS,TNRC6A,TOX4,TP53INP1,TP63,TRAF7,TRAK1,TRERF1,TRH,TRIM15,TRIM66,TRIM8,TRPS1,TSC2,TSC22D1,TSHZ2,TSHZ3,TSSK6,TTBK1,TUBA1A,TUBA1C,TUBB2B,TUBB6,TWIST1,U2SURP,UACA,UBA7,UBAP1,UBE2F,UBE2I,UBE2J2,UBTF,UHRF1,UPF1,USP31,USP35,USP42,USP44,UTF1,VAC14,VEZF1,VGLL2,VGLL4,VPS51,VSTM2A,VSX1,VSX2,WT1,WWC1,WWP2,XPO1,XRCC3,YBX3,ZBTB10,ZBTB16,ZBTB32,ZBTB4,ZBTB40,ZBTB7A,ZC3H3,ZCWPW1,ZEB2,ZFHX2,ZFHX3,ZFHX4,ZFP64,ZFPM1,ZHX2,ZIC1,ZIC2,ZIC4,ZIC5,ZMIZ1,ZNF232,ZNF263,ZNF300,ZNF366,ZNF423,ZNF502,ZNF503,ZNF536,ZNF540,ZNF609,ZNF625,ZNF709,ZNF76,ZNF787,ZNF804A,ZNHIT6,ZPBP2,ZYX	1.5102612542326297e-16	2.5351530336316155e-14
GO_CC	hypermethylated	Nucleus (GO:0005634)	4109	4177	33010	689	AATF,ABL1,ACTB,ACTL6B,ACTR3,ADAM19,ADAR,ADIRF,ADNP2,AFF3,AGAP2,AGAP3,AHDC1,AHNAK,AHR,AIRE,AKAP8,AKT1,AKT2,ALKBH3,ALKBH5,ALPK3,ALX1,ALX4,AMBRA1,ANAPC7,ANKRD11,ANKRD17,ANP32A,ANXA2,ARID3C,ARL4A,ARNT2,ARRB1,ASCL2,ASIC2,ATF7IP2,ATOH1,AXIN2,BACH1,BAG3,BARHL2,BCAS3,BCL11B,BCL6,BCL9L,BHLHE23,BNIP3,BRD4,BRMS1,BRSK1,BTBD3,C2CD2,CACNA1A,CALB1,CAVIN1,CBFA2T2,CCND2,CCND3,CDC6,CDK14,CDK15,CDK17,CDKL1,CDKL2,CDKN2A,CDT1,CDX2,CECR2,CELF3,CELF4,CENPA,CFAP74,CFTR,CHAT,CHD2,CHD6,CHFR,CIC,CIDEA,CIRBP,CLIP1,CLIP3,CLK1,CMAHP,CMYA5,CPEB1,CPEB2,CPNE7,CRADD,CRAMP1,CREBBP,CREBZF,CRHBP,CRY2,CRYAB,CRYGD,CSNK1E,CSNK1G2,CSNK2B,CSRNP1,CSRP1,CTBP1,CTBP2,CTDSP1,CUX1,CXXC5,CYP1A1,DAPK2,DAXX,DBP,DDX17,DDX25,DES,DIDO1,DIP2B,DLX1,DLX4,DMRT1,DMRTA2,DNAJB1,DNMT3A,DST,DTNBP1,DUSP1,DYRK1A,DYRK4,DZIP1,EGFR,EHD2,EHD4,EID3,EIF4A1,ELF2,EMP2,EMX1,EN2,EPAS1,EPC1,ERBB2,ERCC4,ESR2,ESRRA,ESRRG,ETS1,ETV2,ETV6,EVC2,EVX1,EVX2,EYA1,FAM107A,FAM53B,FBXL21P,FEM1B,FERD3L,FERMT2,FEV,FEZF2,FGF12,FGFR1,FHIT,FHL3,FHOD1,FLI1,FLII,FMN2,FOXA1,FOXA2,FOXB1,FOXD1,FOXE1,FOXE3,FOXF1,FOXG1,FOXJ2,FOXK1,FOXL2,FOXN3,FOXP1,FOXP4,FOXR1,FYN,GATA2,GATA3,GATA4,GBX2,GCM2,GDAP1,GFI1,GLI2,GLI3,GLIS3,GLMP,GPATCH8,GSC2,GSN,GTF2F2,H2BC14,H2BC15,H2BC3,H3C1,H4C9,HDAC4,HDAC9,HDLBP,HES3,HMX2,HNF1B,HORMAD2,HOXA11,HOXA3,HOXA4,HOXA5,HOXA6,HOXA7,HOXA9,HOXB3,HOXB6,HOXB7,HOXB9,HOXC4,HOXC6,HOXD10,HOXD11,HOXD3,HOXD8,HOXD9,HPF1,HSF1,HSPA2,HSPA4,HSPA7,HSPB2,HSPB6,HSPB9,IGF2BP1,IKZF1,IKZF4,INO80,INTS3,IRF2,IRF4,IRF8,IRS1,IRX2,IRX4,ISL1,ISL2,ITPKA,ITPKB,JAK1,JARID2,JDP2,KAT2A,KDM4B,KHDRBS2,KHNYN,KIAA1614,KIFC1,KLF7,KLHL31,KRT8,LAMA5,LDB1,LDB2,LEF1,LHX1,LHX2,LHX3,LHX4,LHX5,LHX6,LHX8,LHX9,LIN28A,LINC-PINT,LMO1,LMX1B,LOXL3,LPIN1,LYN,MAB21L2,MACROD1,MACROH2A1,MAEA,MAF,MAFF,MAFG,MAGI2,MAML1,MAML3,MAMSTR,MAP3K7CL,MAPK10,MAPK14,MAPK3,MAPT,MATR3,MBD5,MBNL2,MCIDAS,MCM7,MECOM,MEF2A,MEF2D,MEIG1,MEOX1,MEOX2,METTL3,MICAL2,MICAL3,MIR9-1HG,MKNK1,MKNK2,MKX,MLH3,MNX1,MOB3C,MOCS1,MRE11,MRTFB,MSC,MSX2,MT1A,MT1E,MT1M,MTOR,MTUS1,MYF6,MYH10,MYOD1,MYRF,N4BP1,NANOS3,NCOA7,NCOR2,NEDD9,NEUROD1,NFATC2,NFATC4,NFE2L1,NFIA,NFIB,NFIC,NFIX,NFKBIL1,NKAPL,NKX1-1,NKX2-1,NKX2-2,NKX2-3,NKX2-4,NKX2-5,NKX2-6,NKX2-8,NKX3-2,NKX6-1,NKX6-2,NLRP1,NOTCH4,NOVA1,NOX4,NPLOC4,NR1D1,NR1H2,NR2F6,NR3C1,NR4A3,NR5A1,NR5A2,NREP,NSD1,NSMF,NTHL1,NUDT3,NUDT4,NXN,OAZ2,OLIG1,OLIG2,OLIG3,ONECUT1,ONECUT2,ONECUT3,ORC5,OSR2,OTX1,OTX2,PALLD,PAPOLB,PARP15,PAX2,PAX6,PAX8,PBRM1,PBX1,PBX4,PBXIP1,PCGF3,PDCD11,PDCD4,PDE4A,PDE4C,PDE4D,PDS5B,PDX1,PDXK,PER1,PER2,PFKP,PGR,PHACTR1,PHC2,PHF12,PIAS1,PIH1D1,PIK3R1,PIP4K2B,PITPNA,PITX1,PITX2,PITX3,POLR2C,POLR2L,POU2F2,POU3F1,POU3F3,POU4F1,POU4F2,POU4F3,PPIE,PPM1H,PPP1R10,PPP1R13L,PPP1R7,PPP2R5C,PRDM11,PRDM13,PRDM14,PRDM16,PRDM6,PRDM8,PRKD2,PRMT2,PRMT8,PROX1,PRSS23,PSMA1,PTBP1,PTF1A,PTH1R,PTP4A2,PTPN2,PTPRN,PTTG1IP,PUS3,PUS7,RACGAP1,RAD51B,RAD52,RAD9A,RAE1,RALYL,RAPGEF5,RARA,RARG,RB1,RBBP4,RBBP6,RBFOX1,RBFOX2,RBFOX3,RBM20,RBMS1,RBPJ,RERE,REXO1,RGS12,RGS14,RGS22,RGS3,RIPPLY3,RNF111,RNF220,RNF4,RORA,RPL3,RREB1,RSBN1,RSRC1,RUNX1T1,RUNX2,RUNX3,RUVBL1,RXRA,RXRB,RYK,S100A16,S100A5,SALL1,SALL2,SALL3,SALL4,SBNO2,SDR39U1,SENP3,SERGEF,SERPINB6,SERPINB9,SETD2,SETDB2,SF3B2,SFMBT1,SFMBT2,SGK1,SGMS1,SGTA,SHOX2,SIN3B,SIX1,SIX3,SIX6,SKI,SKOR1,SKOR2,SLC25A42,SLC2A14,SLF1,SLFN12,SMAD3,SMAD5,SMARCD3,SMG6,SMYD2,SMYD4,SNAI2,SNCA,SND1,SNU13,SOBP,SOX1,SOX15,SOX17,SOX5,SOX6,SPAG6,SPDYA,SPHK2,SPIB,SPRY2,SREBF1,SRRM4,SSBP3,ST18,STAG3,STK11,STK3,STOX2,STRIP1,SUFU,SUMO3,SVIL,SYNE2,SYNPO,SYNPO2,SYNPO2L,TADA2B,TAF7,TAFA2,TAL1,TBL1XR1,TBPL2,TBR1,TBX18,TBX2,TBX20,TBX5,TBXT,TCEA2,TCERG1L,TCF12,TCF20,TCF21,TCF4,TCF7L1,TEAD1,TECR,TENM4,TERT,TET3,TFAP2B,TFAP2D,THRA,THRB,TIAL1,TIGD6,TIPARP,TLE7,TLX1,TLX2,TMEM190,TNFAIP3,TNK2,TNKS,TOX4,TP53INP1,TP63,TRAK1,TRERF1,TRH,TRIM15,TRIM66,TRIM8,TRPS1,TSC2,TSC22D1,TSHZ2,TSHZ3,TSSK6,TTBK1,TUBA1A,TUBA1C,TUBB2B,TUBB6,TWIST1,U2SURP,UACA,UBA7,UBE2F,UBE2I,UBE2J2,UBTF,UHRF1,UPF1,USP31,USP35,USP42,USP44,UTF1,VEZF1,VGLL2,VGLL4,VSTM2A,VSX1,VSX2,WT1,WWC1,WWP2,XPO1,XRCC3,YBX3,ZBTB10,ZBTB16,ZBTB32,ZBTB4,ZBTB40,ZBTB7A,ZC3H3,ZCWPW1,ZEB2,ZFHX2,ZFHX3,ZFHX4,ZFP64,ZFPM1,ZHX2,ZIC1,ZIC2,ZIC4,ZIC5,ZMIZ1,ZNF263,ZNF300,ZNF366,ZNF423,ZNF502,ZNF503,ZNF536,ZNF540,ZNF609,ZNF625,ZNF709,ZNF76,ZNF787,ZNF804A,ZNHIT6,ZPBP2,ZYX	1.604527236475706e-16	2.5351530336316155e-14
GO_CC	hypermethylated	Dendrite (GO:0030425)	253	4177	33010	80	ABL1,ADCY8,APOD,ATXN10,BNIP3,BRINP3,CALB1,CAPN2,CHRM2,CNIH3,CNTNAP2,COBL,CPT1C,CRHBP,CRHR2,DAGLA,DIP2B,DRD2,DRD4,DYRK1A,ELAVL4,EPHA10,EPHA5,EPHA6,EPHB1,EPHB2,FARP1,FYN,GABRA1,GABRA2,GABRA4,GABRA5,GABRG1,GABRG2,GRIN1,GRM7,HCN1,HCN2,HRH2,HTR1A,HTR1B,HTR2A,HTR5A,HTR6,HTR7,INPP5A,KCNA1,KCNC1,KCNC2,KCNC3,KIF1A,KIF1B,KIRREL3,KLHL1,LRP2,LRP4,MAGI2,MAP1A,MAPK8IP3,MAPT,MLPH,NR1D1,NSMF,OPRM1,PENK,PRKCG,RGS12,RGS14,RIN3,RUFY3,SHANK1,SKOR1,SLC32A1,SLC4A10,SLC5A7,SLC8A3,THY1,TRAK1,TRAPPC4,ZNF804A	2.120722292248446e-15	2.5130559163144086e-13
GO_CC	hypermethylated	Axon (GO:0030424)	197	4177	33010	60	ADCY8,ADGRL1,BOC,CALB1,CCK,CLDN11,CNTNAP2,COBL,CPT1C,CTNNA2,DAB2IP,DCTN1,DIP2B,DRD2,DTNBP1,DYRK1A,ELAVL4,EPHA5,EPHB2,FEZ1,GRM3,GRM7,HCN1,HCN2,HEPACAM,IGF1R,INSRR,KCNA4,KCNC1,KCNC2,KCNC3,KIF13B,KIF1A,KIF1B,KIRREL3,LDLRAP1,LRP2,LRRTM1,MAP1A,MAPK8IP3,MAPT,NEFH,NEFL,NEFM,NELL1,NFIB,NTRK1,OPRM1,PALLD,PTK7,RIN3,ROBO3,RUFY3,SCN11A,SCN2A,SLC5A7,SLC6A1,SLC6A3,SLC8A3,SNCA	3.626012125343233e-11	3.4374594948253852e-09
GO_CC	hypermethylated	Cell-Substrate Junction (GO:0030055)	383	4177	33010	94	ACTB,ACTC1,ACTN1,ACTN3,ACTR3,AHNAK,ARHGAP24,ARHGEF7,ARPC1B,AVIL,BCAR1,BCAR3,CAPN2,CASS4,CD81,CDC42,CLASP1,CLASP2,CLTC,CNN1,CORO2B,CSRP1,CTNNA1,CYFIP1,DAB2,DDR2,DNM2,DST,EGFR,ENG,EPPK1,EVL,FAM107A,FERMT2,FHL3,FLNB,FLOT1,FLRT2,FLT1,GNA12,GSN,HCK,HMCN1,HSPG2,IRF2,ITGA2,ITGA5,ITGA6,ITGA8,ITGB5,ITGB7,JAK1,KRAS,LASP1,LIMA1,LIMS1,LIMS2,LPP,LRP1,MAP4K4,MAPK3,MPRIP,MRC2,NEDD9,NELL1,PALLD,PDLIM1,PEAK1,PHLDB2,PIP5K1C,PLAU,PLEC,PPFIA1,PPFIBP1,PTK7,PXN,RPL3,SCARB2,SLC9A1,SLC9A3R2,SLC9A5,SNTB2,SRC,SVIL,SYNE2,SYNPO2,TGFB1I1,THY1,TLN2,TNS1,TNS2,TSPAN4,YWHAG,ZYX	1.314777337104937e-10	1.0386740963129004e-08
GO_CC	hypermethylated	Focal Adhesion (GO:0005925)	377	4177	33010	92	ACTB,ACTC1,ACTN1,ACTN3,ACTR3,AHNAK,ARHGAP24,ARHGEF7,ARPC1B,AVIL,BCAR1,BCAR3,CAPN2,CASS4,CD81,CDC42,CLASP1,CLASP2,CLTC,CNN1,CORO2B,CSRP1,CTNNA1,CYFIP1,DAB2,DDR2,DNM2,DST,EGFR,ENG,EVL,FAM107A,FERMT2,FHL3,FLNB,FLOT1,FLRT2,FLT1,GNA12,GSN,HCK,HSPG2,IRF2,ITGA2,ITGA5,ITGA6,ITGA8,ITGB5,ITGB7,JAK1,KRAS,LASP1,LIMA1,LIMS1,LIMS2,LPP,LRP1,MAP4K4,MAPK3,MPRIP,MRC2,NEDD9,NELL1,PALLD,PDLIM1,PEAK1,PHLDB2,PIP5K1C,PLAU,PLEC,PPFIA1,PPFIBP1,PTK7,PXN,RPL3,SCARB2,SLC9A1,SLC9A3R2,SLC9A5,SNTB2,SRC,SVIL,SYNE2,SYNPO2,TGFB1I1,THY1,TLN2,TNS1,TNS2,TSPAN4,YWHAG,ZYX	2.835222092744915e-10	1.9198503885158422e-08
GO_CC	hypermethylated	Postsynaptic Density (GO:0014069)	144	4177	33010	42	ADCY8,ADD2,ADD3,ADGRA1,ADGRL1,CACNA1C,CACNG3,CACNG7,CACNG8,DAGLA,DLG2,DLG5,DNM3,DTNBP1,FYN,GRIA4,GRIK2,GRIK5,GRIN1,GRIN2B,GRIN2D,GRM1,GRM5,INSYN2B,KALRN,LRP4,MAGI2,NETO1,NSMF,RGS14,RTN3,RTN4,SHANK1,SHANK2,SHANK3,SHISA6,SHISA7,SHISA9,SLC8A3,SRGAP3,SYNDIG1,TSC2	1.1476623913182276e-07	6.799899668560499e-06
GO_CC	hypermethylated	Collagen-Containing Extracellular Matrix (GO:0062023)	351	4177	33010	78	A2M,ACHE,ADAM19,ADAMTS10,ADAMTS20,ADAMTS9,AGRN,ANGPT2,ANGPTL2,ANGPTL5,ANXA2,CBLN1,CBLN4,CLEC14A,COCH,COL11A1,COL14A1,COL21A1,COL23A1,COL24A1,COL26A1,COL3A1,COL4A1,COL4A2,COL5A2,DCN,DST,EFEMP1,ELN,EMILIN1,FBLN2,FBN1,FBN2,FGFR1,FGL2,FMOD,HAPLN1,HMCN1,HSPG2,IGFBP7,ITIH5,LAMA4,LAMA5,LAMB1,LAMC2,LOXL1,LOXL3,LTBP2,MATN2,MATN4,MMP2,MMP23B,MMP9,MMRN2,MXRA7,NID1,NID2,NRG1,P3H2,PLAT,POSTN,RARRES2,SDC3,SERPINB6,SERPINB9,SERPING1,SFRP1,SHH,SPARC,TGFB1I1,TGFB3,THBS1,THBS4,TIMP2,TNR,TNXB,VWA2,VWF	4.1281845470468823e-07	1.965678330030298e-05
GO_CC	hypermethylated	Postsynaptic Specialization Membrane (GO:0099634)	36	4177	33010	17	CACNG3,CACNG7,CACNG8,DAGLA,DLG2,GRIA4,GRIK2,GRIK5,GRIN2B,GRIN2D,GRM1,GRM5,LRRTM1,LRRTM2,NETO1,SLITRK3,SYNDIG1	4.1470006962664515e-07	1.965678330030298e-05
GO_CC	hypermethylated	Dendrite Membrane (GO:0032590)	26	4177	33010	14	DAGLA,GABRA1,GABRA2,GABRA4,GABRA5,GABRG1,GABRG2,KCNC1,KCNC2,KCNC3,SHISA6,SHISA7,SHISA9,THY1	5.715023055532142e-07	2.3588730382406606e-05
GO_CC	hypermethylated	Actin Cytoskeleton (GO:0015629)	313	4177	33010	71	ABLIM2,ACTA1,ACTB,ACTC1,ACTN1,ACTN3,ACTR3,ADCY8,AHNAK,AKAP13,ARPC1B,ASAP1,AVIL,BAIAP2,CALD1,CAPN2,CAPZB,CARMIL2,CNN1,COBL,CORO2B,DDR2,FAM107A,FGR,FILIP1,FLII,FLNB,FLOT1,FLT1,FMN2,GSN,HCK,INF2,KALRN,KPTN,LASP1,LIMA1,LMOD1,MACF1,MICAL2,MLPH,MPRIP,MTSS2,MYLK,MYO1B,NOTCH3,ONECUT2,PALLD,PEAK1,PKD2L1,PSTPIP1,RAPGEF3,RARA,RGS22,SEPTIN9,SH3PXD2A,SH3PXD2B,SNCA,SPRY2,SPTBN1,SPTBN4,SVIL,SYNPO,SYNPO2,SYNPO2L,TEK,TLN2,TPM1,WASF2,WIPF1,ZYX	5.971830476558634e-07	2.3588730382406606e-05
GO_CC	hypermethylated	Calcium Channel Complex (GO:0034704)	57	4177	33010	22	CACNA1A,CACNA1B,CACNA1C,CACNA1E,CACNA1G,CACNA1I,CACNA2D2,CACNA2D4,CACNG3,CACNG6,CACNG7,CACNG8,MCU,PDE4D,PKD1L1,PKD2L1,RYR1,RYR2,RYR3,SCN11A,SCN2A,SCN4A	6.737921765747217e-07	2.456749936126293e-05
GO_CC	hypermethylated	Membrane Raft (GO:0045121)	162	4177	33010	43	ADCY8,ADD2,AHNAK,ANXA2,ARID3C,CAPN2,CARD11,CAVIN1,CAVIN2,CD8A,CHRNB2,CLIP3,CLN6,DLL1,EGFR,EMP2,FAIM2,FLOT1,FYN,GHSR,HYAL2,IL6ST,KCNA5,KCNQ1,LRP4,LYN,MAL,MAPT,NPHS2,PDPN,PPP2R1B,PRKAR1A,SHH,SKAP1,SLC1A2,SLC6A3,SLC9A1,SRC,STIM1,TEK,TGFBR2,THY1,ZAP70	1.4025580205629467e-06	4.74866072676312e-05
GO_CC	hypermethylated	Cytoskeleton (GO:0005856)	569	4177	33010	111	ABL1,ABLIM2,ACTA1,ACTB,ACTR3,ADCY8,ADD2,ADD3,AHNAK,AKAP13,AKT1,AMBRA1,ANAPC7,ARPC1B,AVIL,BAIAP2,BCAS3,CALD1,CAPZB,CARMIL2,CCDC146,CDC42BPB,CKAP5,CLIP1,CMAHP,CNN1,CORO2B,DCDC2,DCTN1,DDR2,DES,DST,DTNBP1,DYRK1A,DYRK4,EHD2,EPPK1,ESRRA,FAM107A,FGR,FHOD1,FILIP1,FLII,FLNB,FLT1,FMN2,GSN,GTF2F2,HOXA13,IFT43,ITPKA,ITPKB,KALRN,KRT77,KRT8,LIMA1,LRRFIP1,MACF1,MAEA,MAP7D1,MAPK3,MAPT,MPRIP,MTSS2,MTUS1,MYLK,MYO1B,NEFH,NEFM,NES,NISCH,NOTCH3,NR1I2,NSMF,ONECUT2,PALLD,PDLIM1,PEAK1,PHLDB2,PKD2L1,PLEC,PLEKHN1,PRKCE,RARA,RGS22,RIPOR2,RUSC1,SEPTIN1,SEPTIN8,SEPTIN9,SLC1A6,SNCA,SNTG1,SPAG6,SPRY2,SPTBN1,SVIL,SYNE2,SYNPO,SYNPO2,SYNPO2L,TBCA,TLN2,TPM1,TUBA1A,TUBA1C,TUBB2B,TUBB6,WASF2,WIPF1,ZYX	1.9957714343386285e-06	6.306637732510066e-05
GO_CC	hypermethylated	Polymeric Cytoskeletal Fiber (GO:0099513)	249	4177	33010	58	ACTA1,ACTC1,ACTN1,ACTN3,AKNA,AVIL,CLASP2,CLIP1,COBL,CRHBP,DCDC2,DCDC2C,DCTN1,DNM2,DNM3,DPYSL2,DST,EPPK1,FLACC1,FSD1,HCK,HLA-DRB1,INF2,KCNAB2,KIF13A,KIF13B,KIF1A,KIF1B,KIF21B,KIF28P,KIF5C,KIFC1,KRT3,KRT8,LMOD1,MACF1,MAP1A,MAP3K11,MAPT,MICAL2,MYO1B,NEFL,NEFM,NES,PALLD,PLEC,PSTPIP1,RADIL,SEPTIN9,SPTBN4,TBCD,TEK,TPM1,TUBA1A,TUBA1C,TUBB2B,TUBB6,WIPF1	2.547140500710623e-06	7.545903733355221e-05
GO_CC	hypermethylated	Extrinsic Component Of Cytoplasmic Side Of Plasma Membrane (GO:0031234)	75	4177	33010	25	CARMIL2,CYTH1,ESYT3,FARP1,FERMT2,FGR,FYN,GNA11,GNA12,GNAL,GNAO1,GNAZ,GNB1,HCK,JAK1,JAK3,KCNAB2,KRAS,LYN,PLEKHA4,RACGAP1,SNX18,SRC,TRAF3IP2,ZAP70	2.9051311452717283e-06	8.100189193287054e-05
GO_CC	hypermethylated	Asymmetric Synapse (GO:0032279)	125	4177	33010	34	ADCY8,ADD2,ADD3,ADGRA1,ADGRL1,CACNA1C,CACNG8,DLG2,DLG5,DNM3,DTNBP1,FYN,GRIN1,GRIN2B,GRM7,INSYN2B,KALRN,LRP4,MAGI2,NETO1,NSMF,RGS14,RTN3,RTN4,SHANK1,SHANK2,SHANK3,SHISA6,SHISA7,SHISA9,SLC8A3,SRGAP3,SYNDIG1,TSC2	9.608451688527234e-06	0.0002530225611312171
GO_CC	hypermethylated	Postsynaptic Density Membrane (GO:0098839)	32	4177	33010	14	CACNG3,CACNG7,CACNG8,DAGLA,DLG2,GRIA4,GRIK2,GRIK5,GRIN2B,GRIN2D,GRM1,GRM5,NETO1,SYNDIG1	1.3252158422813243e-05	0.0003306064785480778
GO_CC	hypermethylated	Potassium Channel Complex (GO:0034705)	79	4177	33010	24	ABCC9,CNTNAP2,DPP10,DPP6,GRIK2,GRIK5,HCN2,KCNA1,KCNA4,KCNA5,KCNA6,KCNAB2,KCNAB3,KCNC1,KCNC2,KCNC3,KCNIP2,KCNJ3,KCNJ8,KCNN4,KCNQ1,KCNQ4,KCNS1,KCNS2	2.6760080701893574e-05	0.0006342139126348777
GO_CC	hypermethylated	Cell-Cell Junction (GO:0005911)	281	4177	33010	60	ACTN1,AHNAK,AJAP1,ANXA2,BAIAP2,CDC42BPB,CDH12,CDH3,CDH7,CDH8,CDH9,CLDN11,CRB1,CTNNA1,CTNNA2,CTNNA3,DCHS1,DES,DLG2,DLG5,DLL1,DNMBP,FERMT2,FLOT1,FLRT2,FRMD4B,FRS2,GAB1,GJB2,GJC2,HEG1,HEPACAM,HMCN1,ILDR2,ITGA5,JAM3,JCAD,KAZN,KIRREL3,LIMS1,LIMS2,MAGI1,NECTIN1,NECTIN3,NPHS1,NPHS2,OCLN,PARD3,PARD3B,PCDH1,PCDHGB4,PDLIM1,PRKCZ,PTK7,PXN,RAPGEF2,RASIP1,SPTBN4,TEK,ZYX	2.989742373169113e-05	0.0006748275642295998
GO_CC	hypermethylated	Basement Membrane (GO:0005604)	43	4177	33010	16	AGRN,COL23A1,COL4A1,COL4A2,DST,FBN1,HMCN1,HSPG2,LAMA4,LAMA5,LAMB1,NID1,NID2,P3H2,THBS4,VWA2	3.773438688173807e-05	0.000813004517361084
GO_CC	hypermethylated	Voltage-Gated Potassium Channel Complex (GO:0008076)	71	4177	33010	22	CNTNAP2,DPP10,DPP6,HCN1,HCN2,KCNA1,KCNA4,KCNA5,KCNA6,KCNAB2,KCNAB3,KCNC1,KCNC2,KCNC3,KCNIP2,KCNJ3,KCNJ8,KCNN4,KCNQ1,KCNQ4,KCNS1,KCNS2	4.077188534451697e-05	0.0008402553762304803
GO_CC	hypermethylated	Voltage-Gated Calcium Channel Complex (GO:0005891)	48	4177	33010	17	CACNA1A,CACNA1B,CACNA1C,CACNA1E,CACNA1G,CACNA1I,CACNA2D2,CACNA2D4,CACNG3,CACNG6,CACNG7,CACNG8,HSPA2,PDE4D,SCN11A,SCN2A,SCN4A	4.5540487095917496e-05	0.0008994246201443705
GO_CC	hypermethylated	Ionotropic Glutamate Receptor Complex (GO:0008328)	32	4177	33010	13	CACNG3,CACNG7,CACNG8,CNIH3,GRIA4,GRIK2,GRIK5,GRIN1,GRIN2B,GRIN2D,SHISA6,SHISA7,SHISA9	6.937226515618767e-05	0.0013152981473613181
GO_CC	hypermethylated	GABA-ergic Synapse (GO:0098982)	14	4177	33010	8	CBLN4,LRFN5,LRRTM1,LRRTM2,MDGA1,NLGN2,SLITRK1,SLITRK3	9.631766539918086e-05	0.0017559451307389124
GO_CC	hypermethylated	Synaptic Membrane (GO:0097060)	30	4177	33010	12	DAGLA,GRIN1,GRIN2B,LRP4,LRRTM1,LRRTM2,RIMS4,SHISA6,SHISA7,SHISA9,SLITRK3,TMEM240	0.00015721705866359215	0.0027002695350372657
GO_CC	hypermethylated	Glutamatergic Synapse (GO:0098978)	67	4177	33010	20	ACTB,ACTN1,ADGRA1,CADPS,CBLN1,CTTNBP2,DLGAP1,DLGAP2,DLGAP3,DRD2,LRFN5,LRRC4,LRRTM3,NPTX2,SH3GL1,SHISA6,SHISA7,SLITRK1,TRIO,WNT3A	0.0001595095927870115	0.0027002695350372657
GO_CC	hypermethylated	GABA-A Receptor Complex (GO:1902711)	15	4177	33010	8	GABRA2,GABRA4,GABRA5,GABRB1,GABRB3,GABRG1,GABRG2,GABRR1	0.00018344638912984234	0.002998399601639492
GO_CC	hypermethylated	Lysosome (GO:0005764)	472	4177	33010	87	AGRN,AHNAK,ANKFY1,ANXA2,AP2M1,ARRB1,ARSB,ARSG,ATP11A,ATP6V0D1,ATP6V0D2,BACE1,BCAN,BLOC1S1,CFTR,CHMP6,CLTC,CPQ,CRHBP,CTSK,CYB561,DAB2,DCN,DEPDC5,ECE1,ENPEP,FLOT1,FMOD,FYCO1,GLMP,GNA11,GNAO1,GNB1,GPC2,GRIN2B,HCK,HLA-DOA,HLA-DPA1,HLA-DQB2,HLA-DRB1,HSPG2,HYAL1,HYAL2,IDUA,IFITM3,ITFG2,KCNQ1,KPTN,LDLR,LRP1,LRP2,LYN,MAN2B1,MARCHF3,MEAK7,MFSD12,MTOR,NEU1,NRG1,OCA2,OCLN,OSTM1,PPT2,RAB12,RAB7A,RILP,RPTOR,SCARB1,SCARB2,SDC3,SLC12A4,SLC15A3,SLC35F6,SLC38A9,SLC48A1,SNCA,SPHK2,SRC,SZT2,TIAL1,TMEM79,TSC2,UNC93B1,USP6,UVRAG,VPS13A,WDR81	0.0001914304913909693	0.003024601763977315
GO_CC	hypermethylated	Actin-Based Cell Projection (GO:0098858)	80	4177	33010	22	ACTC1,ACTG2,ANKS4B,AOC3,ATP6V1B1,CD302,CDC42,DNALI1,HYAL2,ICAM2,JAM3,MYO1B,MYO3A,PDGFA,PDPN,PROM1,RAPGEF3,RIPOR2,RUFY3,SPN,TEK,UTRN	0.0002855956845833488	0.004366850144919591
GO_CC	hypermethylated	Cytoplasmic Side Of Plasma Membrane (GO:0009898)	118	4177	33010	28	AJAP1,ALOX15,AP2M1,CARMIL2,CYTH1,ESYT3,FARP1,FERMT2,FGR,FRMD1,FYN,HCK,JAK1,JAK3,KCNAB2,KRAS,LDLRAP1,LYN,NPHS2,PLEKHA4,PRMT8,RACGAP1,RASA3,SNX18,SRC,TRAF3,TRAF3IP2,ZAP70	0.0006715546334664725	0.009947403008222125
GO_CC	hypermethylated	AMPA Glutamate Receptor Complex (GO:0032281)	18	4177	33010	8	CACNG3,CACNG7,CACNG8,CNIH3,GRIA4,SHISA6,SHISA7,SHISA9	0.0008770673591919552	0.012597876613848083
GO_CC	hypermethylated	Plasma Membrane Raft (GO:0044853)	81	4177	33010	21	ADD2,CAVIN1,CAVIN2,CD8A,CHRNB2,EHD2,EMP2,FLOT1,FXYD1,HCK,IRS1,KCNA5,LRP4,MAPK3,MYOF,PRKAR1A,SCARB1,SKAP1,SRC,STIM1,TGFBR2	0.0009081921043295564	0.012661266395653228
GO_CC	hypermethylated	Exocytic Vesicle Membrane (GO:0099501)	50	4177	33010	15	DTNBP1,FER1L5,GABRA2,MYOF,PTPRN2,RPH3A,SLC17A6,SLC32A1,SV2A,SV2C,SYNDIG1,SYNGR1,SYNGR3,SYNPR,TMEM163	0.0009627874973962374	0.013038893536166187
GO_CC	hypermethylated	Cation Channel Complex (GO:0034703)	51	4177	33010	15	CNGA3,CNGB1,KCNA5,KCNA6,KCNIP2,MCU,PDE4D,PKD1L1,PKD2L1,RYR1,RYR2,RYR3,SCN2A,SCNN1A,TRPC6	0.001206327738080774	0.015454036428386131
GO_CC	hypermethylated	Synaptic Vesicle Membrane (GO:0030672)	51	4177	33010	15	DTNBP1,FER1L5,GABRA2,MYOF,PTPRN2,RPH3A,SLC17A6,SLC32A1,SV2A,SV2C,SYNDIG1,SYNGR1,SYNGR3,SYNPR,TMEM163	0.001206327738080774	0.015454036428386131
GO_CC	hypermethylated	Excitatory Synapse (GO:0060076)	19	4177	33010	8	GRIN1,NETO1,PALLD,SHANK1,SHISA6,SHISA7,SLC17A6,SYNDIG1	0.0013477220753033013	0.016678538314232823
GO_CC	hypermethylated	Bounding Membrane Of Organelle (GO:0098588)	776	4177	33010	127	ANKFY1,ANTXR1,ANTXR2,AP2M1,ARRB1,ATP2A2,ATP2A3,ATP2C2,ATP6V0D1,ATP6V0D2,B4GAT1,BACE1,BBS9,CACNG3,CACNG8,CDC42,CFTR,CHMP6,CHST11,CHST13,CHST3,CNGB1,CNIH3,CSGALNACT1,CYTH1,CYTH2,DMPK,DNM2,DRD2,DRD5,DSE,ECE1,ECE2,EEF1AKMT4-ECE2,EGFR,EHD2,ERBB2,EVC2,FUT9,GALNT12,GALNT7,GALNT8,GALNT9,GBP5,GFY,GNAO1,GRIA4,HFE,HHIP,HLA-DPA1,HLA-DQB2,HLA-DRB1,HLA-G,HPD,HS3ST2,HS3ST3B1,HYAL2,IL17RD,ITM2B,KIF13A,KRAS,LDLR,LDLRAD4,LFNG,LRP1,LYN,MAN1C1,MAPK8IP3,MGAT3,MGAT4B,MGAT5,MYO1B,NMNAT2,NOSTRIN,NOTCH3,NOTCH4,NTRK1,OCA2,ORMDL3,PCSK7,PDGFA,PGAP4,PI4KB,PIP5K1C,POMGNT1,PTPRN2,QSOX1,RAB1B,RAB30,RAB31,RAB7A,RHO,RHOU,RYR1,RYR2,RYR3,SCAMP5,SCARB1,SCARB2,SCNN1A,SERPINB6,SGMS1,SHANK2,SHANK3,SLC15A3,SLC48A1,SREBF1,ST3GAL4,ST6GALNAC6,ST8SIA3,STIM1,SYCN,TAB1,TICAM2,TPST1,UBAP1,UNC93B1,UVRAG,VAC14,VPS13A,VPS37B,VPS37C,WNT3A,XYLT2,ZDHHC19,ZDHHC3,ZDHHC7	0.0013722847980064982	0.016678538314232823
GO_CC	hypermethylated	Microvillus (GO:0005902)	57	4177	33010	16	ANKS4B,AOC3,ATP6V1B1,CDHR5,HYAL2,ICAM2,JAM3,MYO1B,PDGFA,PDPN,PROM1,RAPGEF3,SLC38A4,SLC7A8,SPN,TEK	0.0014558611006844921	0.01725195404311123
GO_CC	hypermethylated	Tight Junction (GO:0070160)	84	4177	33010	21	AMOTL1,CGNL1,CLDN10,CLDN11,CLDN15,CLDN6,CLMP,CYTH1,EPPK1,FRMD4B,ILDR2,JAM3,JAML,MAGI2,OCLN,PARD3,PRKCZ,RAPGEF2,TBCD,WNK4,YBX3	0.0014979682401212331	0.017270652907379485
GO_CC	hypermethylated	Catenin Complex (GO:0016342)	28	4177	33010	10	CDH12,CDH23,CDH3,CDH7,CDH8,CDH9,CTNNA1,CTNNA2,DCHS1,PCDHGB4	0.0015594267025031477	0.017270652907379485
GO_CC	hypermethylated	Adherens Junction (GO:0005912)	142	4177	33010	31	AJAP1,ANXA2,BAIAP2,CDH12,CDH3,CDH7,CDH8,CDH9,CRB1,CTNNA1,CTNNA2,CTNNA3,DCHS1,DLG2,DLG5,DLL1,FERMT2,FLOT1,FRMD4B,FRS2,HMCN1,JCAD,MAGI1,NECTIN1,NECTIN3,PARD3,PARD3B,PCDHGB4,PDLIM1,SPTBN4,ZYX	0.0015667469937074216	0.017270652907379485
GO_CC	hypermethylated	Intermediate Filament Cytoskeleton (GO:0045111)	79	4177	33010	20	BCAS3,CARMIL2,CLIP1,DES,DST,EPPK1,HLA-DRB1,HOXA13,KRT3,KRT8,MACF1,NEFL,NEFM,NES,NR1I2,PHLDB2,PLEC,PRKCE,SLC1A6,SYNE2	0.0016286827452048772	0.0175453550278889
GO_CC	hypermethylated	Bicellular Tight Junction (GO:0005923)	74	4177	33010	19	AMOTL1,CGNL1,CLDN10,CLDN11,CLDN15,CLDN6,CLMP,CYTH1,EPPK1,FRMD4B,JAM3,JAML,MAGI2,OCLN,PARD3,RAPGEF2,TBCD,WNK4,YBX3	0.001763196332967052	0.01857233470725295
GO_CC	hypermethylated	Lytic Vacuole Membrane (GO:0098852)	269	4177	33010	51	AHNAK,ANKFY1,ANXA2,AP2M1,ARRB1,ATP11A,ATP6V0D1,ATP6V0D2,BLOC1S1,CFTR,CHMP6,CYB561,DAB2,DEPDC5,ECE1,ENPEP,FLOT1,GNA11,GNAO1,GNB1,HLA-DOA,HLA-DPA1,HLA-DQB2,HLA-DRB1,IFITM3,ITFG2,KPTN,LRP1,LRP2,LYN,MEAK7,MFSD12,MTOR,OCA2,OCLN,OSTM1,RAB7A,RILP,RPTOR,SCARB1,SCARB2,SLC12A4,SLC15A3,SLC35F6,SLC38A9,SLC48A1,SPHK2,SZT2,TMEM79,VPS13A,WDR81	0.001989621225612829	0.020492047150377713
GO_CC	hypermethylated	Actin Filament (GO:0005884)	64	4177	33010	17	ACTA1,ACTC1,ACTN1,ACTN3,AVIL,COBL,HCK,INF2,LMOD1,MICAL2,MYO1B,PALLD,PSTPIP1,SPTBN4,TEK,TPM1,WIPF1	0.0020319118482442036	0.020492047150377713
GO_CC	hypermethylated	Clathrin-Coated Vesicle Membrane (GO:0030665)	82	4177	33010	20	AP2M1,CFTR,CHRM2,CLTC,DENND1A,EGFR,EPN1,FZD5,GAD1,GAD2,GNAO1,HLA-DPA1,HLA-DQB2,HLA-DRB1,LDLR,LDLRAP1,LRP2,SCARB2,SLC18A3,SLC32A1	0.0026260904418568144	0.02593264311333604
GO_CC	hypermethylated	Cell Projection Membrane (GO:0031253)	100	4177	33010	23	ANTXR1,BBS9,CDHR5,CNGB1,DRD2,DRD5,EVC2,GNA12,HHIP,LIMA1,LRP2,PDPN,RHO,SCNN1A,SHANK2,SHANK3,SLC17A3,SLC20A2,SLC22A5,SLC38A4,SLC7A8,SYNE2,UTRN	0.002975331049614374	0.028781773826881907
GO_CC	hypermethylated	Cortical Cytoskeleton (GO:0030863)	61	4177	33010	16	ACTN3,AKAP13,CAPN2,CLASP1,ERC1,ERC2,FLOT1,GSN,LASP1,MLPH,NSMF,RAPGEF3,RIMS3,RIMS4,SPTBN1,SPTBN4	0.003118975453665911	0.029567887300752833
GO_CC	hypermethylated	Apical Junction Complex (GO:0043296)	96	4177	33010	22	AMOTL1,CGNL1,CLDN10,CLDN11,CLDN15,CLDN6,CLMP,CRB1,CYTH1,EPPK1,FRMD4B,JAM3,JAML,MAGI2,NECTIN3,OCLN,PARD3,PARD3B,RAPGEF2,TBCD,WNK4,YBX3	0.0037938762370133897	0.035260732085183266
GO_CC	hypermethylated	Platelet Alpha Granule Lumen (GO:0031093)	57	4177	33010	15	A2M,ACTN1,CYRIB,IGF1,IGF2,ISLR,NRG1,PDGFA,QSOX1,SERPING1,SPARC,TGFB3,THBS1,TOR4A,VWF	0.00400395763421447	0.03649761381957036
GO_CC	hypermethylated	Sarcoplasmic Reticulum (GO:0016529)	43	4177	33010	12	ATP2A2,ATP2A3,CMYA5,DMPK,GSTM2,RYR1,RYR2,RYR3,STIM1,SYNE2,THBS1,THBS4	0.0057881237245330005	0.05171399034498921
GO_CC	hypermethylated	Endosome Membrane (GO:0010008)	330	4177	33010	58	ANKFY1,ANTXR1,ANTXR2,ANXA2,AP2M1,ATP6V0D1,ATP6V0D2,ATP9A,BACE1,CFTR,CHMP6,CLIP3,CLTC,DAGLA,ECE1,EGFR,EHD2,EHD4,EPHB1,ERBB2,FZD5,HFE,HLA-DRB1,HLA-G,IFITM3,KIF13A,KREMEN2,LDLR,LDLRAD4,MYO1B,NTRK1,OCA2,PIP5K1C,PXK,RAB12,RAB31,RAB7A,RHOU,SCAMP5,SCARB2,SLC15A3,SLC48A1,SLC9A5,SLC9A9,SNX18,SNX20,SNX8,SYNDIG1,TAB1,TICAM2,TMEM163,UBAP1,VAC14,VPS13A,VPS37B,VPS37C,WDR81,WNT3A	0.005891467254492442	0.05171399034498921
GO_CC	hypermethylated	Cytoskeleton Of Presynaptic Active Zone (GO:0048788)	7	4177	33010	4	ERC1,ERC2,RIMS3,RIMS4	0.006518627157876001	0.05517552272916472
GO_CC	hypermethylated	Dendritic Spine Membrane (GO:0032591)	7	4177	33010	4	DAGLA,SHISA6,SHISA7,SHISA9	0.006518627157876001	0.05517552272916472
GO_CC	hypermethylated	Clathrin-Coated Endocytic Vesicle Membrane (GO:0030669)	60	4177	33010	15	AP2M1,CFTR,CHRM2,CLTC,EGFR,FZD5,GNAO1,HLA-DPA1,HLA-DQB2,HLA-DRB1,LDLR,LDLRAP1,LRP2,SCARB2,SLC18A3	0.0066995211400729445	0.05571180737534343
GO_CC	hypermethylated	Microtubule Cytoskeleton (GO:0015630)	326	4177	33010	57	AKNA,AKT1,ANAPC7,ANKRD53,CKAP5,CLASP1,CLASP2,CLIP1,CLTC,CRHBP,DCDC2,DCDC2C,DCTN1,DNM2,DNM3,DPYSL2,DST,DTNBP1,EHD2,ESRRA,FSD1,GTF2F2,IFT43,KCNAB2,KIF13A,KIF13B,KIF1A,KIF1B,KIF21B,KIF28P,KIF5C,KIFC1,MACF1,MAD1L1,MAEA,MAP1A,MAP3K11,MAP7D1,MAPT,MTUS1,NEDD9,NISCH,RACGAP1,RADIL,RGS14,RUSC1,SEPTIN1,SEPTIN8,SEPTIN9,SPAG6,SPRY2,TBCA,TBCD,TUBA1A,TUBA1C,TUBB2B,TUBB6	0.007006480050718008	0.057259854207592
GO_CC	hypermethylated	Cytoplasmic Vesicle Membrane (GO:0030659)	367	4177	33010	63	ANKFY1,ANTXR1,ANTXR2,AP2M1,ARRB1,ATP6V0D1,ATP6V0D2,BACE1,CACNG3,CACNG8,CFTR,CHMP6,CNGB1,DNM2,ECE1,ECE2,EEF1AKMT4-ECE2,EGFR,EHD2,ERBB2,FMN2,GNAO1,GRIA4,HLA-DPA1,HLA-DQB2,HLA-DRB1,ITM2B,KIF13A,KIF1B,LDLR,LRP1,LYN,MYO1B,NOSTRIN,NTRK1,OCA2,ORMDL3,PIP5K1C,PTPRN2,RAB31,RAB7A,RHO,RHOU,SCARB1,SCARB2,SERPINB6,SH3BP5,SLC15A3,SLC48A1,SNX9,SYCN,TAB1,TICAM2,TMEM190,TRIM72,UBAP1,VAC14,VAMP5,VOPP1,VPS13A,VPS37B,VPS37C,WNT3A	0.007220112302467339	0.057784030689667816
GO_CC	hypermethylated	Filopodium (GO:0030175)	55	4177	33010	14	ACTC1,ACTG2,ANTXR1,CD302,CDC42,DNALI1,MYO1B,MYO3A,PDPN,RAPGEF3,RIPOR2,RUFY3,SYNE2,UTRN	0.007314434264514913	0.057784030689667816
GO_CC	hypermethylated	Platelet Alpha Granule (GO:0031091)	78	4177	33010	18	A2M,ACTN1,CYRIB,IGF1,IGF2,ISLR,ITGA2B,LHFPL2,NRG1,PDGFA,QSOX1,SERPING1,SNCA,SPARC,TGFB3,THBS1,TOR4A,VWF	0.00772102960538581	0.059051197991117695
GO_CC	hypermethylated	Cilium (GO:0005929)	241	4177	33010	44	ADCY5,BBS9,CEP41,CFAP100,CFAP20,CFAP69,CNGB1,CYRIB,DAAM1,DCDC2,DNAAF5,DNAH9,DNALI1,DRD2,DRD5,EVC2,FFAR4,GALR2,GALR3,GLI2,GLI3,HHIP,HOATZ,IFT140,IFT43,IQCE,NPY2R,PDE4C,PKD1L1,PKD2L1,PRLHR,PROM1,RHO,RILPL1,RSPH9,SCNN1A,SEPTIN9,SHANK2,SHANK3,TTC23,TTLL4,TTLL5,TULP1,TULP2	0.007723996361707378	0.059051197991117695
GO_CC	hypermethylated	Caveola (GO:0005901)	61	4177	33010	15	CAVIN1,CAVIN2,EHD2,EMP2,FLOT1,FXYD1,HCK,IRS1,KCNA5,MAPK3,MYOF,SCARB1,SLC6A3,SRC,TGFBR2	0.007867090385640452	0.05919048956815197
GO_CC	hypermethylated	Sarcolemma (GO:0042383)	51	4177	33010	13	ALOX12,ANK2,DES,DTNBP1,FXYD1,PLEC,POPDC2,RYR1,RYR2,RYR3,SLC8A3,SYNC,TRIM72	0.009444664535345967	0.06941880705795113
GO_CC	hypermethylated	Ciliary Membrane (GO:0060170)	35	4177	33010	10	BBS9,CNGB1,DRD2,DRD5,EVC2,HHIP,RHO,SCNN1A,SHANK2,SHANK3	0.009519456664065028	0.06941880705795113
GO_CC	hypermethylated	Endocytic Vesicle Membrane (GO:0030666)	148	4177	33010	29	AP2M1,ATP6V0D1,ATP6V0D2,CACNG3,CACNG8,CFTR,CHRM2,CLTC,DNM2,EGFR,FZD5,GNAO1,GRIA4,HFE,HLA-DPA1,HLA-DQB2,HLA-DRB1,HLA-G,LDLR,LDLRAP1,LRP1,LRP2,LYN,NOSTRIN,RAB7A,SCARB1,SCARB2,SLC18A3,WNT3A	0.010657619292210645	0.07654108400769463
GO_CC	hypermethylated	Endocytic Vesicle (GO:0030139)	181	4177	33010	34	AP2M1,AVPR1A,CACNG3,CACNG8,CLTC,DAB2IP,DNM2,EHD2,EHD4,GNAO1,GRIA4,HEATR5B,HLA-DPA1,HLA-DQB2,HLA-DRB1,HYAL2,ITGB5,LPAR1,LRP1,LYN,MTOR,NOSTRIN,RAB31,RAB7A,RAPGEF2,RAPGEF6,RIN2,RIN3,SCARB1,SCARB2,SFTA3,SPARC,SRGAP3,WNT3A	0.011584106079759873	0.08033929261781969
GO_CC	hypermethylated	Perineuronal Net (GO:0072534)	8	4177	33010	4	BCAN,HAPLN1,HAPLN4,TNR	0.011737480562008865	0.08033929261781969
GO_CC	hypermethylated	MHC Class II Protein Complex (GO:0042613)	12	4177	33010	5	GNAO1,HLA-DOA,HLA-DPA1,HLA-DQB2,HLA-DRB1	0.011864452496302486	0.08033929261781969
GO_CC	hypermethylated	beta-catenin-TCF Complex (GO:1990907)	12	4177	33010	5	BCL9L,LDB1,LEF1,TCF4,TCF7L1	0.011864452496302486	0.08033929261781969
GO_CC	hypermethylated	Cortical Actin Cytoskeleton (GO:0030864)	42	4177	33010	11	ACTN3,AKAP13,CAPN2,COBL,FLOT1,GSN,LASP1,MLPH,RAPGEF3,SPTBN1,SPTBN4	0.013276978875979367	0.08863785897484817
GO_CC	hypermethylated	Protein Kinase Complex (GO:1902911)	17	4177	33010	6	IGF1R,INSRR,IRS1,STK11,TBKBP1,TRAF3	0.014607322224864614	0.09616487131369204
GO_CC	hypermethylated	Asymmetric, Glutamatergic, Excitatory Synapse (GO:0098985)	2	4177	33010	2	SHISA6,SHISA7	0.016008368514406155	0.1039447489839523
GO_CC	hypermethylated	Neuronal Dense Core Vesicle (GO:0098992)	5	4177	33010	3	KIF1A,NPY,VPS13A	0.0166015398614318	0.10492173192424897
GO_CC	hypermethylated	Serine Protease Inhibitor Complex (GO:0097180)	5	4177	33010	3	PLAT,PLAU,SERPINB6	0.0166015398614318	0.10492173192424897
GO_CC	hypermethylated	Lysosomal Membrane (GO:0005765)	334	4177	33010	56	AHNAK,ANKFY1,ANXA2,AP2M1,ARRB1,ATP11A,ATP6V0D1,ATP6V0D2,BLOC1S1,CFTR,CHMP6,CLTC,CYB561,DAB2,DEPDC5,ECE1,ENPEP,FLOT1,GNA11,GNAO1,GNB1,HFE,HLA-DOA,HLA-DPA1,HLA-DQB2,HLA-DRB1,IFITM3,ITFG2,KPTN,LDLR,LRP1,LRP2,LYN,MEAK7,MFSD12,MTOR,OCA2,OCLN,OSTM1,RAB37,RAB7A,RILP,RPTOR,SCARB1,SCARB2,SLC12A4,SLC15A3,SLC35F6,SLC38A9,SLC48A1,SPHK2,SYNGR1,SZT2,TMEM79,VPS13A,WDR81	0.01686456851112899	0.10518165097730449
GO_CC	hypermethylated	Perisynaptic Extracellular Matrix (GO:0098966)	9	4177	33010	4	BCAN,HAPLN1,HAPLN4,TNR	0.019031793623653433	0.11619279487725846
GO_CC	hypermethylated	Endoplasmic Reticulum Lumen (GO:0005788)	268	4177	33010	46	ADAMTS5,ADAMTSL1,ARSB,ARSG,BACE1,BDNF,BMP4,CLN6,COL11A1,COL14A1,COL21A1,COL23A1,COL24A1,COL26A1,COL3A1,COL4A1,COL4A2,COL5A2,CSF1,EOGT,ERAP1,EVA1A,FBN1,IGFBP4,IGFBP7,KTN1,LAMB1,LRPAP1,MAPK3,MSLN,MXRA8,P3H2,P4HA3,PDGFA,PENK,PRSS23,QSOX1,RDH5,SERPING1,SHH,SPARCL1,STC2,THBS1,TOR4A,TSPAN33,WNT3A	0.019280428964343097	0.11619279487725846
GO_CC	hypermethylated	MHC Protein Complex (GO:0042611)	18	4177	33010	6	GNAO1,HFE,HLA-DOA,HLA-DPA1,HLA-DQB2,HLA-DRB1	0.019610598291520415	0.11619279487725846
GO_CC	hypermethylated	Sodium Channel Complex (GO:0034706)	18	4177	33010	6	GRIK2,GRIK5,SCN2A,SCN2B,SCN4A,SCNN1A	0.019610598291520415	0.11619279487725846
GO_CC	hypermethylated	Microtubule (GO:0005874)	175	4177	33010	32	CLASP1,CLASP2,CLIP1,CRHBP,DCDC2,DCDC2C,DCTN1,DNM2,DNM3,DPYSL2,FSD1,KCNAB2,KIF13A,KIF13B,KIF1A,KIF1B,KIF21B,KIF28P,KIF5C,KIFC1,MACF1,MAP1A,MAP3K11,MAPT,RADIL,SEPTIN9,TBCD,TUBA1A,TUBA1C,TUBB2B,TUBB6,ZNF804A	0.0201567018179666	0.11795403286069343
GO_CC	hypermethylated	Transport Vesicle Membrane (GO:0030658)	56	4177	33010	13	CNIH3,ECE2,EEF1AKMT4-ECE2,GNAO1,HFE,HLA-DPA1,HLA-DQB2,HLA-DRB1,HLA-G,SEC16A,SEC24C,SEC24D,SLC18A3	0.020590665326049414	0.11902408981155393
GO_CC	hypermethylated	Golgi Membrane (GO:0000139)	408	4177	33010	66	ARRB1,ATP2C2,B4GAT1,CDC42,CHST11,CHST13,CHST3,CSGALNACT1,CYTH1,CYTH2,DNM2,DSE,ECE2,EEF1AKMT4-ECE2,FUT9,GALNT12,GALNT7,GALNT8,GALNT9,GBP5,GFY,GNAO1,HFE,HLA-DPA1,HLA-DQB2,HLA-DRB1,HLA-G,HPD,HS3ST2,HS3ST3B1,HYAL2,IL17RD,KRAS,LDLRAD4,LFNG,MAN1C1,MAPK8IP3,MGAT3,MGAT4B,MGAT5,NMNAT2,NOTCH3,NOTCH4,PCSK7,PDGFA,PGAP4,PI4KB,POMGNT1,QSOX1,RAB1B,RAB30,RHO,SCAMP5,SCARB2,SGMS1,SREBF1,ST3GAL4,ST6GALNAC6,ST8SIA3,TPST1,UNC93B1,VAC14,XYLT2,ZDHHC19,ZDHHC3,ZDHHC7	0.021408687418726143	0.12226166068043605
GO_CC	hypermethylated	Coated Vesicle Membrane (GO:0030662)	51	4177	33010	12	CNIH3,DENND1A,GNAO1,HFE,HLA-DPA1,HLA-DQB2,HLA-DRB1,HLA-G,SEC16A,SEC24C,SEC24D,SEC31B	0.023078772350206427	0.13023021540473628
GO_CC	hypermethylated	Early Endosome (GO:0005769)	287	4177	33010	48	ANKFY1,ANKRD13B,AOC3,ATP6V0D1,ATP6V0D2,ATP9A,BACE1,CFTR,CLIP3,CLN6,CNTNAP2,DAGLA,EGFR,EHD2,EHD4,EPHB1,FLOT1,FZD5,HFE,HLA-G,IFITM3,KCNQ1,KREMEN2,LDLR,LDLRAD4,LDLRAP1,LRP1,MAPK3,MYO1B,NELL1,NTRK1,PXK,RAB31,RIN3,RUSC1,SLC9A9,SNX20,SNX27,SNX33,SNX8,SYNDIG1,TBC1D16,TMEM163,TRAK1,UVRAG,VAC14,WDR81,WNT3A	0.026296974292449305	0.1466443037014232
GO_CC	hypermethylated	Clathrin-Coated Endocytic Vesicle (GO:0045334)	76	4177	33010	16	AP2M1,CFTR,CHRM2,CLTC,EGFR,FZD5,GNAO1,HLA-DPA1,HLA-DQB2,HLA-DRB1,LDLR,LDLRAP1,LRP2,SCARB2,SFTA3,SLC18A3	0.02682028601868809	0.14782343689369948
GO_CC	hypermethylated	Hemidesmosome (GO:0030056)	6	4177	33010	3	DST,EPPK1,PLEC	0.0300983135014446	0.16398391493890505
GO_CC	hypermethylated	Sarcoplasmic Reticulum Membrane (GO:0033017)	26	4177	33010	7	ATP2A2,DMPK,JPH4,RYR1,RYR2,RYR3,STIM1	0.03848009930010858	0.20726780759376667
GO_CC	hypermethylated	trans-Golgi Network Membrane (GO:0032588)	94	4177	33010	18	ATP2C2,ATP9A,CALN1,CLIP3,CLTC,CLVS1,FUT9,GNAO1,HLA-DPA1,HLA-DQB2,HLA-DRB1,HTR7,KIF13A,MYO1B,RAB31,SCAMP5,TMEM79,VPS51	0.04652852090450208	0.2478035832442021
GO_CC	hypermethylated	Clathrin-Sculpted Gamma-Aminobutyric Acid Transport Vesicle (GO:0061200)	7	4177	33010	3	GAD1,GAD2,SLC32A1	0.04778307825912106	0.2488920779650921
GO_CC	hypermethylated	Clathrin-Sculpted Gamma-Aminobutyric Acid Transport Vesicle Membrane (GO:0061202)	7	4177	33010	3	GAD1,GAD2,SLC32A1	0.04778307825912106	0.2488920779650921
GO_CC	hypermethylated	Lytic Vacuole (GO:0000323)	209	4177	33010	35	ARSB,ARSG,BACE1,CLTC,CPQ,CTSK,DEPDC5,FYCO1,GLMP,GRIN2B,HCK,HYAL1,HYAL2,KCNQ1,LDLR,LRP2,MAN2B1,MARCHF3,MFSD12,MTOR,NEU1,PPT2,RAB12,RAB7A,RILP,RPTOR,SCARB1,SLC38A9,SNCA,SRC,TIAL1,TSC2,UNC93B1,USP6,UVRAG	0.05039624181294417	0.25965020238408193
GO_CC	hypermethylated	Cell-Cell Contact Zone (GO:0044291)	45	4177	33010	10	AHNAK,AJAP1,ANK2,DES,FLOT1,FXYD1,JAM3,KCNA5,OBSL1,PIK3CA	0.05153500608042598	0.2623790677282022
GO_CC	hypermethylated	Clathrin-Coated Vesicle (GO:0030136)	76	4177	33010	15	AP2M1,CLTC,CLVS1,DAB2,DENND1A,ECE1,FCHO1,RAB12,SFTA3,SGIP1,SNAP91,SNX18,SNX9,TNK2,VWF	0.05203297967605698	0.2623790677282022
GO_CC	hypermethylated	Glial Cell Projection (GO:0097386)	12	4177	33010	4	FYN,GRM3,MAPT,SLC1A2	0.05484362951126427	0.2707904207118674
GO_CC	hypermethylated	Podosome (GO:0002102)	12	4177	33010	4	ASAP1,GSN,SH3PXD2A,SH3PXD2B	0.05484362951126427	0.2707904207118674
GO_CC	hypermethylated	ER To Golgi Transport Vesicle Membrane (GO:0012507)	52	4177	33010	11	CNIH3,GNAO1,HFE,HLA-DPA1,HLA-DQB2,HLA-DRB1,HLA-G,SEC16A,SEC24C,SEC24D,SEC31B	0.057975106905401065	0.28330103786762995
GO_CC	hypermethylated	Early Endosome Membrane (GO:0031901)	104	4177	33010	19	ATP9A,CLIP3,DAGLA,EGFR,EPHB1,FZD5,HFE,HLA-G,IFITM3,KREMEN2,LDLRAD4,RAB31,SNX20,SNX8,SYNDIG1,TMEM163,VAC14,WDR81,WNT3A	0.06253545116841024	0.30188553152249287
GO_CC	hypermethylated	Lysosomal Lumen (GO:0043202)	78	4177	33010	15	AGRN,ARSB,BCAN,CTSK,DCN,FMOD,GPC2,HSPG2,HYAL1,IDUA,MAN2B1,NEU1,PPT2,SCARB2,SDC3	0.06305204139393839	0.30188553152249287
GO_CC	hypermethylated	Supramolecular Fiber (GO:0099512)	35	4177	33010	8	ADAMTS10,ELN,FBN1,FBN2,MYH10,MYO18A,SNCA,TNK2	0.06697153821224346	0.317445091126034
GO_CC	hypermethylated	AP-2 Adaptor Complex (GO:0030122)	8	4177	33010	3	AP2M1,SGIP1,SLC18A3	0.0694104368773884	0.3194227871833214
GO_CC	hypermethylated	Clathrin Coat Of Endocytic Vesicle (GO:0030128)	8	4177	33010	3	AP2M1,SGIP1,SLC18A3	0.0694104368773884	0.3194227871833214
GO_CC	hypermethylated	Junctional Sarcoplasmic Reticulum Membrane (GO:0014701)	8	4177	33010	3	JPH4,RYR1,RYR2	0.0694104368773884	0.3194227871833214
GO_CC	hypermethylated	Microvillus Membrane (GO:0031528)	13	4177	33010	4	CDHR5,PDPN,SLC38A4,SLC7A8	0.07152982298368042	0.3260109239833127
GO_CC	hypermethylated	Lumenal Side Of Endoplasmic Reticulum Membrane (GO:0098553)	24	4177	33010	6	GNAO1,HFE,HLA-DPA1,HLA-DQB2,HLA-DRB1,HLA-G	0.07369816080267691	0.3326945544806557
GO_CC	hypermethylated	Intercalated Disc (GO:0014704)	30	4177	33010	7	ANK2,CTNNA3,DES,FXYD1,KCNA5,OBSL1,PIK3CA	0.0763769734227652	0.34153476794708215
GO_CC	hypermethylated	Intracellular Cyclic Nucleotide Activated Cation Channel Complex (GO:0017071)	4	4177	33010	2	CNGA3,CNGB1	0.08061988917716201	0.3571385744857457
GO_CC	hypermethylated	Intermediate Filament (GO:0005882)	68	4177	33010	13	CLIP1,DST,EPPK1,HLA-DRB1,KRT3,KRT77,KRT8,KRT86,MACF1,NEFL,NEFM,NES,PLEC	0.08268686098959445	0.3629034454543312
GO_CC	hypermethylated	Basolateral Plasma Membrane (GO:0016323)	163	4177	33010	27	ADCY8,AJAP1,ANK2,ANXA2,ATP6V1B1,CALHM3,CD81,EGFR,ERBB2,FLOT1,KCNC2,KCNQ1,LDLR,LPO,LRP1,NEDD9,PDPN,PTH1R,SLC13A3,SLC38A1,SLC3A2,SLC41A1,SLC46A1,SLC4A10,SLC6A13,SLC7A8,TEK	0.08612050252551695	0.3745056715329819
GO_CC	hypermethylated	Serine/Threonine Protein Kinase Complex (GO:1902554)	56	4177	33010	11	ACVR1C,CCND2,CCND3,CDK14,CDK5R2,PARD3,PRKCZ,STK11,TBKBP1,TGFBR2,TRAF3	0.08996548368357514	0.3876694478728602
GO_CC	hypermethylated	Neuromuscular Junction (GO:0031594)	38	4177	33010	8	CHRND,DLG2,LRP4,SLC5A7,SLC8A3,SYNC,SYNGR1,SYNGR3	0.09949464523560754	0.42486902560070244
GO_CC	hypermethylated	Cation-Transporting ATPase Complex (GO:0090533)	15	4177	33010	4	ABCC9,FXYD1,KCNJ8,SLC9A1	0.11154512815404477	0.46165027801813824
GO_CC	hypermethylated	Platelet Alpha Granule Membrane (GO:0031092)	15	4177	33010	4	ITGA2B,LHFPL2,SNCA,SPARC	0.11154512815404477	0.46165027801813824
GO_CC	hypermethylated	Protein Phosphatase Type 2A Complex (GO:0000159)	15	4177	33010	4	PPP2R1B,PPP2R2C,PPP2R3A,PPP2R5C	0.11154512815404477	0.46165027801813824
GO_CC	hypermethylated	Brush Border Membrane (GO:0031526)	39	4177	33010	8	CDHR5,GNA12,LIMA1,LRP2,SHANK2,SLC17A3,SLC20A2,SLC22A5	0.11200375943478037	0.46165027801813824
GO_CC	hypermethylated	Aggresome (GO:0016235)	33	4177	33010	7	FGR,HOXD3,PRDM16,SFMBT2,SLC2A14,SQSTM1,TRIM66	0.11531604176081625	0.471205205126094
GO_CC	hypermethylated	Non-Motile Cilium (GO:0097730)	27	4177	33010	6	CFAP69,DRD2,DRD5,PKD1L1,PKD2L1,SEPTIN9	0.11736274525744671	0.47515142970524815
GO_CC	hypermethylated	Early Phagosome (GO:0032009)	10	4177	33010	3	PLA2G5,RAB31,UNC93B1	0.12288978075829743	0.47515142970524815
GO_CC	hypermethylated	Filopodium Membrane (GO:0031527)	10	4177	33010	3	PDPN,SYNE2,UTRN	0.12288978075829743	0.47515142970524815
GO_CC	hypermethylated	Chromocenter (GO:0010369)	5	4177	33010	2	MBD5,SALL1	0.12329878872098211	0.47515142970524815
GO_CC	hypermethylated	Inhibitory Synapse (GO:0060077)	5	4177	33010	2	LHFPL4,NLGN2	0.12329878872098211	0.47515142970524815
GO_CC	hypermethylated	Nuclear Stress Granule (GO:0097165)	5	4177	33010	2	HSF1,RBFOX1	0.12329878872098211	0.47515142970524815
GO_CC	hypermethylated	Sex Chromosome (GO:0000803)	5	4177	33010	2	MACROH2A1,PCGF3	0.12329878872098211	0.47515142970524815
GO_CC	hypermethylated	Dense Core Granule (GO:0031045)	16	4177	33010	4	CHGA,CRHBP,KIF1A,NPY	0.13454787240852875	0.5143200929164728
GO_CC	hypermethylated	SWI/SNF Complex (GO:0016514)	29	4177	33010	6	ACTL6B,BCL11B,BICRAL,PBRM1,RB1,SMARCD3	0.15221641281693807	0.5726236482161003
GO_CC	hypermethylated	Rough Endoplasmic Reticulum (GO:0005791)	29	4177	33010	6	EPHA5,LIN28A,LRAT,LRPAP1,PTGDS,TMCC1	0.15221641281693807	0.5726236482161003
GO_CC	hypermethylated	Connexin Complex (GO:0005922)	17	4177	33010	4	GJA3,GJB2,GJC2,GJD2	0.15927822775177464	0.5921480770645285
GO_CC	hypermethylated	trans-Golgi Network (GO:0005802)	226	4177	33010	34	ARL5C,ATP2C2,ATP8B4,ATP9A,ATXN2,BACE1,CALN1,CLASP2,CLIP3,CLTC,CLVS1,CORO7,FUT9,GNAO1,HLA-DPA1,HLA-DQB2,HLA-DRB1,HOOK2,HTR7,KIF13A,MYO18A,MYO1B,NBEA,PCSK2,PCSK7,POSTN,PRKD1,RAB30,RAB31,RBFOX1,SCAMP5,SNX9,TMEM79,VPS51	0.1620896604014257	0.5921480770645285
GO_CC	hypermethylated	G Protein-Coupled Receptor Dimeric Complex (GO:0038037)	6	4177	33010	2	GABBR1,GRM1	0.16989902633075082	0.5921480770645285
GO_CC	hypermethylated	PTW/PP1 Phosphatase Complex (GO:0072357)	6	4177	33010	2	PPP1R10,TOX4	0.16989902633075082	0.5921480770645285
GO_CC	hypermethylated	X Chromosome (GO:0000805)	6	4177	33010	2	MACROH2A1,PCGF3	0.16989902633075082	0.5921480770645285
GO_CC	hypermethylated	Flotillin Complex (GO:0016600)	6	4177	33010	2	FLOT1,SLC6A3	0.16989902633075082	0.5921480770645285
GO_CC	hypermethylated	Macropinosome (GO:0044354)	6	4177	33010	2	CARMIL2,CLIP1	0.16989902633075082	0.5921480770645285
GO_CC	hypermethylated	Phosphatidylinositol 3-Kinase Complex, Class III (GO:0035032)	6	4177	33010	2	UVRAG,VAC14	0.16989902633075082	0.5921480770645285
GO_CC	hypermethylated	Pinosome (GO:0044352)	6	4177	33010	2	CARMIL2,CLIP1	0.16989902633075082	0.5921480770645285
GO_CC	hypermethylated	Pseudopodium (GO:0031143)	6	4177	33010	2	ACTN3,CAPN2	0.16989902633075082	0.5921480770645285
GO_CC	hypermethylated	Heterotrimeric G-protein Complex (GO:0005834)	24	4177	33010	5	GNA12,GNAL,GNAO1,GNAZ,GNB1	0.1791810751996469	0.6146810755944259
GO_CC	hypermethylated	Histone Acetyltransferase Complex (GO:0000123)	24	4177	33010	5	CREBBP,JADE2,KANSL3,KAT2A,TADA2B	0.1791810751996469	0.6146810755944259
GO_CC	hypermethylated	9+2 Motile Cilium (GO:0097729)	64	4177	33010	11	CCDC181,CFAP74,DCDC2C,DNAH1,DNAH8,DNAH9,DNALI1,DNHD1,FLACC1,RSPH9,TACR2	0.18025457702030634	0.6146810755944259
GO_CC	hypermethylated	T Cell Receptor Complex (GO:0042101)	12	4177	33010	3	CD8A,NCOR2,ZAP70	0.18675810296665193	0.6278251121006597
GO_CC	hypermethylated	Clathrin Coat Of Coated Pit (GO:0030132)	12	4177	33010	3	AP2M1,SGIP1,SLC18A3	0.18675810296665193	0.6278251121006597
GO_CC	hypermethylated	Vacuolar Membrane (GO:0005774)	58	4177	33010	10	ATP6V0D1,ATP6V0D2,ATP6V1B1,ATP6V1G2,CHMP6,PRKD1,UVRAG,VAC14,WDFY3,WDR81	0.19239239898971436	0.6422112473318634
GO_CC	hypermethylated	Euchromatin (GO:0000791)	38	4177	33010	7	BCAS3,DNMT3A,ELL,MYOD1,NSMF,TCF23,UHRF1	0.19840364124882748	0.657645636027582
GO_CC	hypermethylated	Endolysosome (GO:0036019)	25	4177	33010	5	AP2M1,CLTC,CTSK,LDLR,NRG1	0.20221648943170217	0.6656292777126863
GO_CC	hypermethylated	Recycling Endosome Membrane (GO:0055038)	66	4177	33010	11	ATP9A,CLIP3,EHD2,EHD4,HFE,HLA-G,RAB12,SCAMP5,SLC9A5,SLC9A9,SNX18	0.20779894093010973	0.6732813132153048
GO_CC	hypermethylated	Sin3 Complex (GO:0016580)	19	4177	33010	4	BRMS1,PHF12,RBBP4,SIN3B	0.21300608705751198	0.6732813132153048
GO_CC	hypermethylated	Sin3-type Complex (GO:0070822)	19	4177	33010	4	BRMS1,PHF12,RBBP4,SIN3B	0.21300608705751198	0.6732813132153048
GO_CC	hypermethylated	HFE-transferrin Receptor Complex (GO:1990712)	7	4177	33010	2	HFE,HJV	0.21874540555940283	0.6732813132153048
GO_CC	hypermethylated	NMDA Selective Glutamate Receptor Complex (GO:0017146)	7	4177	33010	2	GRIN2B,GRIN2D	0.21874540555940283	0.6732813132153048
GO_CC	hypermethylated	TORC2 Complex (GO:0031932)	7	4177	33010	2	MTOR,PRR5	0.21874540555940283	0.6732813132153048
GO_CC	hypermethylated	Astrocyte Projection (GO:0097449)	7	4177	33010	2	GRM3,SLC1A2	0.21874540555940283	0.6732813132153048
GO_CC	hypermethylated	Outer Dynein Arm (GO:0036157)	7	4177	33010	2	DNAH8,DNAL1	0.21874540555940283	0.6732813132153048
GO_CC	hypermethylated	Transferase Complex, Transferring Phosphorus-Containing Groups (GO:0061695)	7	4177	33010	2	IGF1R,TERT	0.21874540555940283	0.6732813132153048
GO_CC	hypermethylated	Voltage-Gated Sodium Channel Complex (GO:0001518)	7	4177	33010	2	SCN2B,SCN4A	0.21874540555940283	0.6732813132153048
GO_CC	hypermethylated	Secondary Lysosome (GO:0005767)	13	4177	33010	3	CRHBP,PLA2G5,SQSTM1	0.2213265869615434	0.6768309820630424
GO_CC	hypermethylated	Symmetric Synapse (GO:0032280)	2	4177	33010	1	NLGN2	0.23706645729595438	0.7200265246883575
GO_CC	hypermethylated	Endoplasmic Reticulum Membrane (GO:0005789)	752	4177	33010	102	ACSL6,ADPGK,AGMO,AGPAT1,AMFR,ANKS4B,ATG14,ATP2A2,ATP2A3,CDC42,CERS6,CFTR,CNIH3,CYP1A1,CYP26A1,DDR2,DEGS1,DEGS2,DMPK,DTNBP1,ESYT3,EXTL3,FITM1,FMN2,FMO2,GNAO1,GRIN1,GRIN2B,GRIN2D,GUCY2D,HFE,HHAT,HLA-DPA1,HLA-DQB2,HLA-DRB1,HLA-G,HMOX2,HPD,HSD17B12,ILVBL,JPH4,KRAS,KTN1,LMF1,LPIN1,LRAT,LRIT1,LTC4S,MGLL,MGST2,MLEC,MMP27,MOGAT3,MPDU1,MUC1,MYORG,MYRF,NOTCH3,NOTCH4,NOX4,OCA2,PGAP3,PIGL,PIGQ,PIGV,PIGY,POR,PPP1R15A,PTGDS,PYURF,RAB1B,RDH5,REEP1,RTN3,RTN4,RYR1,RYR2,RYR3,SCARB2,SEC16A,SEC24C,SEC24D,SEL1L,SFTA3,SGPP2,SLC17A3,SLC35D1,SLC37A4,SLC8A3,SREBF1,SRPRB,STIM1,TECR,THADA,TMEM258,UBE2J2,UNC93B1,VPS13A,WDR81,XXYLT1,ZDHHC1,ZNF177	0.23867705666448893	0.7200265246883575
GO_CC	hypermethylated	Gap Junction (GO:0005921)	20	4177	33010	4	GJA3,GJB2,GJC2,GJD2	0.2415278848638161	0.7200265246883575
GO_CC	hypermethylated	Proton-Transporting V-type ATPase Complex (GO:0033176)	20	4177	33010	4	ATP6V0D1,ATP6V0D2,ATP6V1B1,ATP6V1G2	0.2415278848638161	0.7200265246883575
GO_CC	hypermethylated	Monoatomic Ion Channel Complex (GO:0034702)	34	4177	33010	6	CHRNB2,CHRND,KCNQ1,OSTM1,SHISA9,TRPC6	0.25524188985124957	0.7473857832587754
GO_CC	hypermethylated	Sperm Flagellum (GO:0036126)	55	4177	33010	9	CCDC181,CFAP74,DCDC2C,DNAH1,DNAH8,DNALI1,DNHD1,FLACC1,TACR2	0.2558895960891139	0.7473857832587754
GO_CC	hypermethylated	Axonal Growth Cone (GO:0044295)	14	4177	33010	3	COBL,DCC,KIF5C	0.2570124106986928	0.7473857832587754
GO_CC	hypermethylated	Endopeptidase Complex (GO:1905369)	14	4177	33010	3	CRADD,PLAU,THBD	0.2570124106986928	0.7473857832587754
GO_CC	hypermethylated	BLOC-1 Complex (GO:0031083)	8	4177	33010	2	BLOC1S1,DTNBP1	0.26852372845340766	0.7563845872884637
GO_CC	hypermethylated	Chromatoid Body (GO:0033391)	8	4177	33010	2	DDX25,PIWIL1	0.26852372845340766	0.7563845872884637
GO_CC	hypermethylated	Phosphatidylinositol 3-Kinase Complex, Class I (GO:0097651)	8	4177	33010	2	PIK3CG,PIK3R1	0.26852372845340766	0.7563845872884637
GO_CC	hypermethylated	Phosphatidylinositol 3-Kinase Complex, Class IA (GO:0005943)	8	4177	33010	2	PIK3CG,PIK3R1	0.26852372845340766	0.7563845872884637
GO_CC	hypermethylated	Platelet Dense Tubular Network Membrane (GO:0031095)	8	4177	33010	2	ATP2A2,ATP2A3	0.26852372845340766	0.7563845872884637
GO_CC	hypermethylated	Late Endosome (GO:0005770)	188	4177	33010	27	ANKRD13B,ANXA2,BACE1,CHMP6,CRHBP,FYCO1,GRIN2B,HLA-DRB1,KCNQ1,LDLR,LRAT,MAGI2,MAPK3,MFSD12,NTRK1,PXK,RAB7A,RAPGEF2,RILP,SCARB2,SLC38A9,SLC9A9,SRC,UVRAG,VAC14,VAMP5,WDR81	0.2696814245817518	0.7563845872884637
GO_CC	hypermethylated	Myofibril (GO:0030016)	28	4177	33010	5	DES,LMOD1,MYBPC1,OBSCN,TNNI3	0.27625816327115904	0.770272761120761
GO_CC	hypermethylated	Mitotic Spindle (GO:0072686)	137	4177	33010	20	CD180,CDC14A,CDC42,CDC6,CLASP1,CLASP2,CLTC,DCDC2,DCTN1,KAT2A,KIFC1,MAD1L1,MYF6,NEDD9,RACGAP1,TBL1XR1,TUBB2B,TUBB6,USP44,WRAP73	0.2812486087847698	0.7796014068069058
GO_CC	hypermethylated	COPII Vesicle Coat (GO:0030127)	15	4177	33010	3	SEC24C,SEC24D,SEC31B	0.2933792313348547	0.8084985793762857
GO_CC	hypermethylated	COPII-coated ER To Golgi Transport Vesicle (GO:0030134)	72	4177	33010	11	CNIH3,ERGIC1,GNAO1,HFE,HLA-DPA1,HLA-DQB2,HLA-DRB1,HLA-G,SEC16A,SEC24C,SEC24D	0.29942205053522986	0.820381803200572
GO_CC	hypermethylated	Golgi Lumen (GO:0005796)	87	4177	33010	13	AGRN,BCAN,CGA,DCN,FMOD,GPC2,HS3ST1,HSPG2,MUC1,MUC5B,PDGFA,SDC3,WNT3A	0.3043271964673128	0.82902925934199
GO_CC	hypermethylated	Specific Granule Lumen (GO:0035580)	58	4177	33010	9	CRACR2A,CYFIP1,DOCK2,NEU1,PDXK,PITX3,QSOX1,TIMP2,TOLLIP	0.3094869470064317	0.8382675021774207
GO_CC	hypermethylated	TRAPPII Protein Complex (GO:1990071)	9	4177	33010	2	TRAPPC4,TRAPPC5	0.31821629129602236	0.8570143299676967
GO_CC	hypermethylated	Vesicle Membrane (GO:0012506)	66	4177	33010	10	ARRB1,ECE2,FMN2,GAD1,KIF1B,SH3BP5,SNX9,TRIM72,VAMP5,VOPP1	0.3216819913803801	0.8614534684423739
GO_CC	hypermethylated	Endolysosome Membrane (GO:0036020)	16	4177	33010	3	AP2M1,CLTC,LDLR	0.3300326218563142	0.878850914381421
GO_CC	hypermethylated	NURF Complex (GO:0016589)	3	4177	33010	1	RBBP4	0.33361194347732864	0.8834193363589598
GO_CC	hypermethylated	H4/H2A Histone Acetyltransferase Complex (GO:0043189)	24	4177	33010	4	ACTL6B,ACTL9,EPC1,RUVBL1	0.36126738573369266	0.9205328760478044
GO_CC	hypermethylated	NuA4 Histone Acetyltransferase Complex (GO:0035267)	24	4177	33010	4	ACTL6B,ACTL9,EPC1,RUVBL1	0.36126738573369266	0.9205328760478044
GO_CC	hypermethylated	Vacuolar Proton-Transporting V-type ATPase Complex (GO:0016471)	24	4177	33010	4	ATP6V0D1,ATP6V0D2,ATP6V1B1,ATP6V1G2	0.36126738573369266	0.9205328760478044
GO_CC	hypermethylated	CD40 Receptor Complex (GO:0035631)	10	4177	33010	2	CD40,TRAF3	0.3670479189304537	0.9205328760478044
GO_CC	hypermethylated	ISWI-type Complex (GO:0031010)	10	4177	33010	2	CECR2,RBBP4	0.3670479189304537	0.9205328760478044
GO_CC	hypermethylated	TRAPPIII Protein Complex (GO:1990072)	10	4177	33010	2	TRAPPC4,TRAPPC5	0.3670479189304537	0.9205328760478044
GO_CC	hypermethylated	Platelet Dense Tubular Network (GO:0031094)	10	4177	33010	2	ATP2A2,ATP2A3	0.3670479189304537	0.9205328760478044
GO_CC	hypermethylated	Proton-Transporting V-type ATPase, V1 Domain (GO:0033180)	10	4177	33010	2	ATP6V1B1,ATP6V1G2	0.3670479189304537	0.9205328760478044
GO_CC	hypermethylated	Serine-Type Endopeptidase Complex (GO:1905370)	10	4177	33010	2	PLAU,THBD	0.3670479189304537	0.9205328760478044
GO_CC	hypermethylated	Vacuolar Proton-Transporting V-type ATPase, V1 Domain (GO:0000221)	10	4177	33010	2	ATP6V1B1,ATP6V1G2	0.3670479189304537	0.9205328760478044
GO_CC	hypermethylated	Coated Vesicle (GO:0030135)	77	4177	33010	11	CLTC,CLVS1,DAB2,DENND1A,ERGIC1,FCHO1,SGIP1,SNAP91,SNX18,SNX9,TNK2	0.38239550376374437	0.9539761514948149
GO_CC	hypermethylated	Secretory Granule Lumen (GO:0034774)	294	4177	33010	39	A2M,ACTN1,ALOX5,ANXA2,ARSB,ATG7,CRACR2A,CSNK2B,CYFIP1,CYRIB,DOCK2,FGR,GSN,HK3,IGF1,IGF2,ISLR,MAN2B1,MAPK14,NAPRT,NEU1,NRG1,PAFAH1B2,PCSK1,PDGFA,PDXK,PITX3,PPIE,QSOX1,RARRES2,SELENOP,SERPING1,SPARC,TGFB3,THBS1,TIMP2,TOLLIP,TOR4A,VWF	0.40165611676980656	0.9842719215219762
GO_CC	hypermethylated	Clathrin Adaptor Complex (GO:0030131)	18	4177	33010	3	AP2M1,SGIP1,SLC18A3	0.40284546999000714	0.9842719215219762
GO_CC	hypermethylated	Kinetochore Microtubule (GO:0005828)	18	4177	33010	3	CHMP6,CLASP1,CLASP2	0.40284546999000714	0.9842719215219762
GO_CC	hypermethylated	Smooth Endoplasmic Reticulum (GO:0005790)	18	4177	33010	3	RYR1,RYR2,RYR3	0.40284546999000714	0.9842719215219762
GO_CC	hypermethylated	Amphisome (GO:0044753)	11	4177	33010	2	CHMP6,SQSTM1	0.41444090433659786	0.9905240289384001
GO_CC	hypermethylated	Microfibril (GO:0001527)	11	4177	33010	2	FBN1,FBN2	0.41444090433659786	0.9905240289384001
GO_CC	hypermethylated	Septin Cytoskeleton (GO:0032156)	11	4177	33010	2	SEPTIN8,SEPTIN9	0.41444090433659786	0.9905240289384001
GO_CC	hypermethylated	Septin Ring (GO:0005940)	11	4177	33010	2	SEPTIN8,SEPTIN9	0.41444090433659786	0.9905240289384001
GO_CC	hypermethylated	Cdc73/Paf1 Complex (GO:0016593)	4	4177	33010	1	RTF1	0.41794262824405065	0.9905240289384001
GO_CC	hypermethylated	Cortical Endoplasmic Reticulum (GO:0032541)	4	4177	33010	1	STIM1	0.41794262824405065	0.9905240289384001
GO_CC	hypermethylated	Lipid Droplet (GO:0005811)	72	4177	33010	10	ALOX15,ANXA2,CIDEA,CLDN11,PNPLA1,PNPLA5,RAB40C,RAB7A,RNF213,VPS13A	0.4279920479356199	1.0
GO_CC	hypermethylated	Golgi-associated Vesicle (GO:0005798)	42	4177	33010	6	BACE1,CFTR,CNGB1,ITM2B,RAB12,RHO	0.44265560265621706	1.0
GO_CC	hypermethylated	Protein Serine/Threonine Phosphatase Complex (GO:0008287)	27	4177	33010	4	PPP2R1B,PPP2R2C,PPP2R3A,PPP2R5C	0.45132684516672517	1.0
GO_CC	hypermethylated	Autophagosome Membrane (GO:0000421)	35	4177	33010	5	CHMP6,PRKD1,UVRAG,WDFY3,WDR81	0.4598277832165476	1.0
GO_CC	hypermethylated	NADPH Oxidase Complex (GO:0043020)	12	4177	33010	2	DUOX2,NOX4	0.459977464610587	1.0
GO_CC	hypermethylated	RNA Polymerase I Complex (GO:0005736)	12	4177	33010	2	POLR1D,POLR2L	0.459977464610587	1.0
GO_CC	hypermethylated	RNA Polymerase II, Core Complex (GO:0005665)	12	4177	33010	2	POLR2C,POLR2L	0.459977464610587	1.0
GO_CC	hypermethylated	SUMO Ligase Complex (GO:0106068)	12	4177	33010	2	SLF1,UBE2I	0.459977464610587	1.0
GO_CC	hypermethylated	Serine-Type Peptidase Complex (GO:1905286)	12	4177	33010	2	PLAU,THBD	0.459977464610587	1.0
GO_CC	hypermethylated	Specific Granule (GO:0042581)	152	4177	33010	20	ANO6,ATP11A,ATP8B4,CRACR2A,CYFIP1,DEGS1,DOCK2,HMOX2,ITGAL,KCNAB2,MLEC,NEU1,ORMDL3,PDXK,PITX3,PLAU,QSOX1,RAB37,TIMP2,TOLLIP	0.46205151266097066	1.0
GO_CC	hypermethylated	Phagocytic Vesicle Membrane (GO:0030670)	43	4177	33010	6	ATP6V0D1,ATP6V0D2,HFE,HLA-G,RAB31,RAB7A	0.4660656603485748	1.0
GO_CC	hypermethylated	Hrd1p Ubiquitin Ligase ERAD-L Complex (GO:0000839)	5	4177	33010	1	SEL1L	0.4916035881248178	1.0
GO_CC	hypermethylated	MHC Class I Protein Complex (GO:0042612)	5	4177	33010	1	HFE	0.4916035881248178	1.0
GO_CC	hypermethylated	PAR Polarity Complex (GO:0120157)	5	4177	33010	1	PRKCZ	0.4916035881248178	1.0
GO_CC	hypermethylated	Activin Receptor Complex (GO:0048179)	5	4177	33010	1	ACVR1C	0.4916035881248178	1.0
GO_CC	hypermethylated	Box C/D RNP Complex (GO:0031428)	5	4177	33010	1	SNU13	0.4916035881248178	1.0
GO_CC	hypermethylated	External Side Of Apical Plasma Membrane (GO:0098591)	5	4177	33010	1	SLC38A1	0.4916035881248178	1.0
GO_CC	hypermethylated	Extrinsic Component Of Endoplasmic Reticulum Membrane (GO:0042406)	5	4177	33010	1	MMP27	0.4916035881248178	1.0
GO_CC	hypermethylated	Mitochondrial Alpha-Ketoglutarate Dehydrogenase Complex (GO:0005947)	5	4177	33010	1	BCKDK	0.4916035881248178	1.0
GO_CC	hypermethylated	Multivesicular Body, Internal Vesicle (GO:0097487)	5	4177	33010	1	EGFR	0.4916035881248178	1.0
GO_CC	hypermethylated	Recycling Endosome (GO:0055037)	147	4177	33010	19	ATP11A,ATP9A,BACE1,CFTR,CLIP3,DENND6B,EHD2,EHD4,HFE,HLA-G,LDLRAP1,RAB12,SCAMP5,SLC9A5,SLC9A9,SNX18,TUBA1A,USP6,VPS51	0.49768529097658387	1.0
GO_CC	hypermethylated	GBAF Complex (GO:0140288)	13	4177	33010	2	ACTL6B,BICRAL	0.5033685332740493	1.0
GO_CC	hypermethylated	Acetylcholine-Gated Channel Complex (GO:0005892)	13	4177	33010	2	CHRNB2,CHRND	0.5033685332740493	1.0
GO_CC	hypermethylated	Brahma Complex (GO:0035060)	13	4177	33010	2	ACTL6B,SMARCD3	0.5033685332740493	1.0
GO_CC	hypermethylated	Platelet Dense Granule Lumen (GO:0031089)	13	4177	33010	2	RARRES2,SELENOP	0.5033685332740493	1.0
GO_CC	hypermethylated	Spindle (GO:0005819)	203	4177	33010	26	ANAPC7,ANKRD53,CD180,CDC14A,CDC42,CDC6,CLASP1,CLASP2,CLTC,DCDC2,DCTN1,HSPA2,KAT2A,KIFC1,MAD1L1,MAEA,MYF6,NEDD9,RACGAP1,RGS14,SHCBP1L,TBL1XR1,TUBB2B,TUBB6,USP44,WRAP73	0.5053633883459409	1.0
GO_CC	hypermethylated	Cul2-RING Ubiquitin Ligase Complex (GO:0031462)	21	4177	33010	3	FEM1B,ZSWIM4,ZYG11B	0.506914804947559	1.0
GO_CC	hypermethylated	Golgi-associated Vesicle Membrane (GO:0030660)	21	4177	33010	3	CNGB1,ITM2B,RHO	0.506914804947559	1.0
GO_CC	hypermethylated	Pericentric Heterochromatin (GO:0005721)	21	4177	33010	3	IKZF1,MACROH2A1,ZNF618	0.506914804947559	1.0
GO_CC	hypermethylated	Specific Granule Membrane (GO:0035579)	86	4177	33010	11	ANO6,ATP11A,ATP8B4,DEGS1,HMOX2,ITGAL,KCNAB2,MLEC,ORMDL3,PLAU,RAB37	0.533357123790576	1.0
GO_CC	hypermethylated	Heterochromatin (GO:0000792)	46	4177	33010	6	CDKN2A,IKZF1,MACROH2A1,SALL1,UHRF1,ZNF618	0.5344135672553088	1.0
GO_CC	hypermethylated	Keratin Filament (GO:0045095)	38	4177	33010	5	EPPK1,KRT3,KRT77,KRT8,KRT86	0.5353373784426838	1.0
GO_CC	hypermethylated	Ino80 Complex (GO:0031011)	14	4177	33010	2	INO80,RUVBL1	0.5444278870366086	1.0
GO_CC	hypermethylated	RSC-type Complex (GO:0016586)	14	4177	33010	2	ACTL6B,PBRM1	0.5444278870366086	1.0
GO_CC	hypermethylated	U2-type Prespliceosome (GO:0071004)	14	4177	33010	2	PRPF40B,SNRPN	0.5444278870366086	1.0
GO_CC	hypermethylated	Germ Plasm (GO:0060293)	14	4177	33010	2	MOV10L1,PIWIL1	0.5444278870366086	1.0
GO_CC	hypermethylated	nBAF Complex (GO:0071565)	14	4177	33010	2	ACTL6B,SMARCD3	0.5444278870366086	1.0
GO_CC	hypermethylated	Prespliceosome (GO:0071010)	14	4177	33010	2	PRPF40B,SNRPN	0.5444278870366086	1.0
GO_CC	hypermethylated	Cytoplasmic Stress Granule (GO:0010494)	71	4177	33010	9	CIRBP,DDX25,IGF2BP1,LIN28A,NANOS3,RBFOX1,RBPMS,RPTOR,TIAL1	0.5512555167991383	1.0
GO_CC	hypermethylated	ATPase Dependent Transmembrane Transport Complex (GO:0098533)	6	4177	33010	1	SLC9A1	0.5559445004836313	1.0
GO_CC	hypermethylated	ESC/E(Z) Complex (GO:0035098)	6	4177	33010	1	RBBP4	0.5559445004836313	1.0
GO_CC	hypermethylated	MICOS Complex (GO:0061617)	6	4177	33010	1	MICOS10	0.5559445004836313	1.0
GO_CC	hypermethylated	Alpha-Beta T Cell Receptor Complex (GO:0042105)	6	4177	33010	1	NCOR2	0.5559445004836313	1.0
GO_CC	hypermethylated	Chloride Channel Complex (GO:0034707)	6	4177	33010	1	OSTM1	0.5559445004836313	1.0
GO_CC	hypermethylated	Extrinsic Component Of Endosome Membrane (GO:0031313)	6	4177	33010	1	WDR81	0.5559445004836313	1.0
GO_CC	hypermethylated	Membrane Attack Complex (GO:0005579)	6	4177	33010	1	C9	0.5559445004836313	1.0
GO_CC	hypermethylated	Neurotransmitter Receptor Complex (GO:0098878)	6	4177	33010	1	SHISA9	0.5559445004836313	1.0
GO_CC	hypermethylated	Proton-Transporting V-type ATPase, V0 Domain (GO:0033179)	6	4177	33010	1	ATP6V0D1	0.5559445004836313	1.0
GO_CC	hypermethylated	Vacuolar Proton-Transporting V-type ATPase, V0 Domain (GO:0000220)	6	4177	33010	1	ATP6V0D1	0.5559445004836313	1.0
GO_CC	hypermethylated	Mitochondrial Respiratory Chain Complex I (GO:0005747)	39	4177	33010	5	NDUFA13,NDUFC1,NDUFC2-KCTD14,NDUFS4,NDUFS8	0.5594256241926454	1.0
GO_CC	hypermethylated	Respiratory Chain Complex I (GO:0045271)	39	4177	33010	5	NDUFA13,NDUFC1,NDUFC2-KCTD14,NDUFS4,NDUFS8	0.5594256241926454	1.0
GO_CC	hypermethylated	Autophagosome (GO:0005776)	80	4177	33010	10	ATG14,CHMP6,FYCO1,PIP4K2B,PRKD1,SQSTM1,TP53INP1,UVRAG,WDFY3,WDR81	0.5670048994381852	1.0
GO_CC	hypermethylated	PRC1 Complex (GO:0035102)	15	4177	33010	2	PCGF3,PHC2	0.5830507571445711	1.0
GO_CC	hypermethylated	Myosin Filament (GO:0032982)	15	4177	33010	2	MYH10,MYO18A	0.5830507571445711	1.0
GO_CC	hypermethylated	Vacuolar Lumen (GO:0005775)	147	4177	33010	18	AGRN,ANXA2,ARSB,BCAN,CTSK,DCN,FMOD,GPC2,HSPG2,HYAL1,IDUA,MAN2B1,NAPRT,NEU1,PPT2,SCARB2,SDC3,TOLLIP	0.5966865776783521	1.0
GO_CC	hypermethylated	Golgi Trans Cisterna (GO:0000138)	7	4177	33010	1	SGMS1	0.6121443496376694	1.0
GO_CC	hypermethylated	Hrd1p Ubiquitin Ligase Complex (GO:0000836)	7	4177	33010	1	SEL1L	0.6121443496376694	1.0
GO_CC	hypermethylated	cis-Golgi Network Membrane (GO:0033106)	7	4177	33010	1	HLA-G	0.6121443496376694	1.0
GO_CC	hypermethylated	Dihydrolipoyl Dehydrogenase Complex (GO:0045240)	7	4177	33010	1	BCKDK	0.6121443496376694	1.0
GO_CC	hypermethylated	Mitochondrial Proton-Transporting ATP Synthase Complex, Coupling Factor F(o) (GO:0000276)	7	4177	33010	1	ATP5MC2	0.6121443496376694	1.0
GO_CC	hypermethylated	Serine C-palmitoyltransferase Complex (GO:0017059)	7	4177	33010	1	ORMDL3	0.6121443496376694	1.0
GO_CC	hypermethylated	Spectrin-Associated Cytoskeleton (GO:0014731)	7	4177	33010	1	SPTBN1	0.6121443496376694	1.0
GO_CC	hypermethylated	Intracellular Non-Membrane-Bounded Organelle (GO:0043232)	1113	4177	33010	138	ABL1,ACTB,ADAR,ADD2,ADD3,AKAP8,ALOX15,AMBRA1,ANAPC7,ANKRD53,ANXA2,AOPEP,ARL4A,ASAP1,ASIC2,BCL6,CALD1,CAPZB,CCDC146,CCND2,CD180,CDC14A,CDC42BPB,CDC6,CIDEA,CKAP5,CLDN11,CLN6,CLTC,CMAHP,CNN1,CPT2,CRADD,DCTN1,DYRK1A,DYRK4,EBNA1BP2,EID3,EMX1,EN2,EPPK1,ERCC4,ETV6,FGR,FHOD1,FILIP1,FMN2,GLI2,GLI3,GSN,HORMAD2,HOXA13,HOXD9,IQSEC1,ITPKA,ITPKB,KRT77,LDB2,LIN28A,LIN28B,LRRFIP1,MACF1,MACROH2A1,MAD1L1,MAEA,MAGI1,MAPK3,MAPKBP1,MBD5,MCIDAS,MCM7,MEAK7,MNX1,MTUS1,N4BP1,NEDD9,NEFH,NKX2-1,NLRP1,NOVA1,NR5A1,NRXN1,PAFAH1B2,PAX9,PCDH1,PDCD11,PDLIM1,PDS5B,PIH1D1,PKMYT1,PLEKHN1,PNPLA1,PNPLA5,PPP1R7,PTBP1,PUM3,RAB40C,RAB7A,RACGAP1,RARA,RBPJ,RGS12,RGS14,RIPOR2,RNF213,RORA,RPL3,RRBP1,RUNX3,S100A16,SALL1,SENP3,SETD2,SH3PXD2A,SH3PXD2B,SIX1,SMG6,SNTG1,SNU13,SPATA22,SPC24,SPRY2,SPTBN1,STAG3,SYCE1,SYCP1,TBCA,TERT,TPM1,TRAF7,UBTF,VPS13A,VPS51,WDFY3,XPO1,ZAR1,ZEB2,ZNF300	0.6164927638141724	1.0
GO_CC	hypermethylated	Clathrin Coat (GO:0030118)	16	4177	33010	2	CLTC,EPN1	0.6191962050428935	1.0
GO_CC	hypermethylated	Desmosome (GO:0030057)	16	4177	33010	2	JAM3,KAZN	0.6191962050428935	1.0
GO_CC	hypermethylated	Mitochondrial Proton-Transporting ATP Synthase Complex (GO:0005753)	16	4177	33010	2	ATP5F1EP2,ATP5MC2	0.6191962050428935	1.0
GO_CC	hypermethylated	Nuclear Outer Membrane (GO:0005640)	16	4177	33010	2	GUCY2D,LTC4S	0.6191962050428935	1.0
GO_CC	hypermethylated	Proton-Transporting ATP Synthase Complex (GO:0045259)	16	4177	33010	2	ATP5F1EP2,ATP5MC2	0.6191962050428935	1.0
GO_CC	hypermethylated	Transcription Factor TFTC Complex (GO:0033276)	16	4177	33010	2	KAT2A,TAF7	0.6191962050428935	1.0
GO_CC	hypermethylated	Nuclear Chromosome (GO:0000228)	92	4177	33010	11	BRD4,BRMS1,IHO1,INO80,MACROH2A1,MCM7,PBRM1,PHF12,RGS12,RUVBL1,SPIDR	0.6268019453307208	1.0
GO_CC	hypermethylated	Phagocytic Vesicle (GO:0045335)	92	4177	33010	11	ATP6V0D1,ATP6V0D2,HFE,HLA-G,ITGB5,MTOR,PLA2G5,RAB31,RAB7A,SRGAP3,UNC93B1	0.6268019453307208	1.0
GO_CC	hypermethylated	Endoplasmic Reticulum Tubular Network (GO:0071782)	25	4177	33010	3	REEP1,RTN4,STIM1	0.6292003666730952	1.0
GO_CC	hypermethylated	Motile Cilium (GO:0031514)	68	4177	33010	8	CFAP100,CFAP20,DAAM1,DNAAF5,DNAH9,DNALI1,RSPH9,SCNN1A	0.6419364981653315	1.0
GO_CC	hypermethylated	RNA Polymerase III Complex (GO:0005666)	17	4177	33010	2	POLR1D,POLR2L	0.6528726524933554	1.0
GO_CC	hypermethylated	U1 snRNP (GO:0005685)	17	4177	33010	2	PRPF40B,SNRPN	0.6528726524933554	1.0
GO_CC	hypermethylated	MLL1 Complex (GO:0071339)	26	4177	33010	3	RUVBL1,SENP3,TAF7	0.6562742385529958	1.0
GO_CC	hypermethylated	Cytoplasmic Vesicle Lumen (GO:0060205)	111	4177	33010	13	ALOX5,ATG7,BACE1,CSNK2B,CYFIP1,FGR,GSN,HK3,MAPK14,PAFAH1B2,PCSK1,PDXK,PPIE	0.6600562470325639	1.0
GO_CC	hypermethylated	RNA N6-methyladenosine Methyltransferase Complex (GO:0036396)	8	4177	33010	1	METTL3	0.6612330098068495	1.0
GO_CC	hypermethylated	Smc5-Smc6 Complex (GO:0030915)	8	4177	33010	1	SLF1	0.6612330098068495	1.0
GO_CC	hypermethylated	Autolysosome (GO:0044754)	8	4177	33010	1	SQSTM1	0.6612330098068495	1.0
GO_CC	hypermethylated	Chylomicron (GO:0042627)	8	4177	33010	1	APOC1	0.6612330098068495	1.0
GO_CC	hypermethylated	MLL1/2 Complex (GO:0044665)	27	4177	33010	3	RUVBL1,SENP3,TAF7	0.6818926627262797	1.0
GO_CC	hypermethylated	Nuclear Inner Membrane (GO:0005637)	27	4177	33010	3	MAJIN,MATR3,SMAD3	0.6818926627262797	1.0
GO_CC	hypermethylated	High-Density Lipoprotein Particle (GO:0034364)	18	4177	33010	2	APOC1,LCAT	0.6841260503062738	1.0
GO_CC	hypermethylated	NSL Complex (GO:0044545)	9	4177	33010	1	KANSL3	0.7041100996207028	1.0
GO_CC	hypermethylated	U4 snRNP (GO:0005687)	9	4177	33010	1	SNRPN	0.7041100996207028	1.0
GO_CC	hypermethylated	Amphisome Membrane (GO:1904930)	9	4177	33010	1	CHMP6	0.7041100996207028	1.0
GO_CC	hypermethylated	Apical Dendrite (GO:0097440)	9	4177	33010	1	NSMF	0.7041100996207028	1.0
GO_CC	hypermethylated	bBAF Complex (GO:0140092)	9	4177	33010	1	ACTL6B	0.7041100996207028	1.0
GO_CC	hypermethylated	Condensed Chromosome, Centromeric Region (GO:0000779)	9	4177	33010	1	CENPA	0.7041100996207028	1.0
GO_CC	hypermethylated	Neuron To Neuron Synapse (GO:0098984)	9	4177	33010	1	GRM7	0.7041100996207028	1.0
GO_CC	hypermethylated	Pi-Body (GO:0071546)	9	4177	33010	1	MOV10L1	0.7041100996207028	1.0
GO_CC	hypermethylated	Sodium:Potassium-Exchanging ATPase Complex (GO:0005890)	9	4177	33010	1	FXYD1	0.7041100996207028	1.0
GO_CC	hypermethylated	Cyclin-Dependent Protein Kinase Holoenzyme Complex (GO:0000307)	37	4177	33010	4	CCND2,CCND3,CDK14,CDK5R2	0.7056306151744389	1.0
GO_CC	hypermethylated	Vesicle Coat (GO:0030120)	37	4177	33010	4	EPN1,SEC24C,SEC24D,SEC31B	0.7056306151744389	1.0
GO_CC	hypermethylated	Platelet Dense Granule (GO:0042827)	19	4177	33010	2	RARRES2,SELENOP	0.7130302498376178	1.0
GO_CC	hypermethylated	Vesicle (GO:0031982)	225	4177	33010	26	ACTB,AHNAK,AKT1,ANXA2,CD81,CLTC,DDR2,ECE1,EGFR,EPS8,FBLN2,GAD1,GNB1,GRIA4,KCNN4,LFNG,LZTS2,MUC1,MYL6,MYO1B,NRXN1,PRKCZ,PROM1,RIN3,TSPAN4,TUBA1C	0.7195815415285283	1.0
GO_CC	hypermethylated	Acrosomal Vesicle (GO:0001669)	56	4177	33010	6	ACTL9,PPFIA3,SCNN1A,SPAG6,TRIM36,ZPBP2	0.7279751238158106	1.0
GO_CC	hypermethylated	Golgi Stack (GO:0005795)	29	4177	33010	3	MGAT4B,RAB30,TRAPPC4	0.7287910486694568	1.0
GO_CC	hypermethylated	Anaphase-Promoting Complex (GO:0005680)	20	4177	33010	2	ANAPC7,CUL7	0.7396792094195392	1.0
GO_CC	hypermethylated	AP-1 Adaptor Complex (GO:0030121)	10	4177	33010	1	SLC18A3	0.7415614530307306	1.0
GO_CC	hypermethylated	CMG Complex (GO:0071162)	10	4177	33010	1	MCM7	0.7415614530307306	1.0
GO_CC	hypermethylated	Nuclear Inclusion Body (GO:0042405)	10	4177	33010	1	SLF1	0.7415614530307306	1.0
GO_CC	hypermethylated	Ficolin-1-Rich Granule Lumen (GO:1904813)	119	4177	33010	13	ALOX5,ARSB,ATG7,CSNK2B,FGL2,GSN,HK3,MAPK14,MMP9,PAFAH1B2,PDAP1,PPIE,TIMP2	0.7546220877847414	1.0
GO_CC	hypermethylated	Condensed Chromosome (GO:0000793)	58	4177	33010	6	BRD4,CENPA,EID3,IHO1,RGS12,SLF1	0.7589301405335724	1.0
GO_CC	hypermethylated	Extracellular Vesicle (GO:1903561)	58	4177	33010	6	CLTC,FBLN2,GNB1,GRIA4,LFNG,PROM1	0.7589301405335724	1.0
GO_CC	hypermethylated	Tertiary Granule Membrane (GO:0070821)	67	4177	33010	7	ANO6,ATP11A,ATP8B4,KCNAB2,NBEAL2,PLAU,SERPINB6	0.7596975842433091	1.0
GO_CC	hypermethylated	Intracellular Organelle Lumen (GO:0070013)	808	4177	33010	96	ACSF2,ADAMTS5,ADAMTSL1,ADHFE1,AGRN,AK4,ALOX5,ARSB,ARSG,ATG7,BACE1,BCAN,BCKDK,BDNF,BLOC1S1,BMP4,CBR4,CGA,CLN6,COL11A1,COL14A1,COL21A1,COL23A1,COL24A1,COL26A1,COL3A1,COL4A1,COL4A2,COL5A2,CSF1,CSNK2B,CYFIP1,CYP11A1,DCN,DGLUCY,DMGDH,EGFR,EOGT,ERAP1,EVA1A,FAHD1,FBN1,FGL2,FMOD,GLDC,GPC2,GSN,HK3,HS3ST1,HSD17B8,HSPG2,IGFBP4,IGFBP7,KTN1,LAMB1,LYRM4,MAPK14,MAPK3,ME3,MMP9,MSLN,MTHFD1L,MUC1,MUC5B,MXRA8,NAXD,NDUFS8,NR3C1,NUBPL,P3H2,P4HA3,PAFAH1B2,PDAP1,PDGFA,PENK,PITX3,PPIE,PRSS23,PYCR1,QSOX1,RDH5,SDC3,SERPING1,SHH,SPARC,SPARCL1,STC2,SUCLG1,SYNE2,THBS1,TIMP2,TK1,TOR4A,TP53AIP1,TSPAN33,WNT3A	0.7630860013351839	1.0
GO_CC	hypermethylated	P Granule (GO:0043186)	21	4177	33010	2	MOV10L1,PIWIL1	0.7641807256797475	1.0
GO_CC	hypermethylated	SAGA Complex (GO:0000124)	21	4177	33010	2	KAT2A,TADA2B	0.7641807256797475	1.0
GO_CC	hypermethylated	Nuclear Membrane (GO:0031965)	214	4177	33010	24	ALOX5,ANKRD17,CCND2,DMPK,EPC1,GRK5,GUCY2D,HOXA7,LMNB2,LPIN1,LTC4S,MAJIN,MATR3,MYORG,NRXN1,NSMF,RAP1GAP2,RNF123,SMAD3,SUN1,SYNE2,TMEM201,TNKS,XPO1	0.7662900967537061	1.0
GO_CC	hypermethylated	SCF Ubiquitin Ligase Complex (GO:0019005)	59	4177	33010	6	DAW1,FBXL15,FBXL19,FBXL21P,FBXO31,SPSB4	0.7734019621567501	1.0
GO_CC	hypermethylated	MIB Complex (GO:0140275)	11	4177	33010	1	MICOS10	0.7742735079001438	1.0
GO_CC	hypermethylated	SAM Complex (GO:0001401)	11	4177	33010	1	MICOS10	0.7742735079001438	1.0
GO_CC	hypermethylated	Intracellular Vesicle (GO:0097708)	11	4177	33010	1	EGFR	0.7742735079001438	1.0
GO_CC	hypermethylated	Late Endosome Membrane (GO:0031902)	78	4177	33010	8	ANXA2,CHMP6,HLA-DRB1,RAB7A,SCARB2,SLC9A9,VAC14,WDR81	0.7862428154665138	1.0
GO_CC	hypermethylated	U2 snRNP (GO:0005686)	22	4177	33010	2	SF3B2,SNRPN	0.7866514287625245	1.0
GO_CC	hypermethylated	Tertiary Granule Lumen (GO:1904724)	51	4177	33010	5	CYFIP1,MMP9,PITX3,QSOX1,TIMP2	0.7900117636769252	1.0
GO_CC	hypermethylated	H4 Histone Acetyltransferase Complex (GO:1902562)	12	4177	33010	1	KANSL3	0.8028458754719218	1.0
GO_CC	hypermethylated	Swr1 Complex (GO:0000812)	12	4177	33010	1	RUVBL1	0.8028458754719218	1.0
GO_CC	hypermethylated	Clathrin Coat Of trans-Golgi Network Vesicle (GO:0030130)	12	4177	33010	1	SLC18A3	0.8028458754719218	1.0
GO_CC	hypermethylated	Clathrin Vesicle Coat (GO:0030125)	12	4177	33010	1	EPN1	0.8028458754719218	1.0
GO_CC	hypermethylated	mRNA Cleavage And Polyadenylation Specificity Factor Complex (GO:0005847)	12	4177	33010	1	SSU72	0.8028458754719218	1.0
GO_CC	hypermethylated	Mitotic Spindle Microtubule (GO:1990498)	12	4177	33010	1	CLTC	0.8028458754719218	1.0
GO_CC	hypermethylated	npBAF Complex (GO:0071564)	12	4177	33010	1	SMARCD3	0.8028458754719218	1.0
GO_CC	hypermethylated	P-body (GO:0000932)	81	4177	33010	8	CNOT1,IGF2BP1,LIN28A,NANOS3,SAMD4B,SQSTM1,TNRC6A,TRIM71	0.8198886444683373	1.0
GO_CC	hypermethylated	ATAC Complex (GO:0140672)	13	4177	33010	1	KAT2A	0.8278023206550778	1.0
GO_CC	hypermethylated	CatSper Complex (GO:0036128)	13	4177	33010	1	HSPA2	0.8278023206550778	1.0
GO_CC	hypermethylated	RISC Complex (GO:0016442)	13	4177	33010	1	TNRC6A	0.8278023206550778	1.0
GO_CC	hypermethylated	Chitosome (GO:0045009)	13	4177	33010	1	OCA2	0.8278023206550778	1.0
GO_CC	hypermethylated	Cytoplasmic Side Of Endoplasmic Reticulum Membrane (GO:0098554)	13	4177	33010	1	THADA	0.8278023206550778	1.0
GO_CC	hypermethylated	Exocytic Vesicle (GO:0070382)	13	4177	33010	1	IGF1	0.8278023206550778	1.0
GO_CC	hypermethylated	Lamellar Body (GO:0042599)	13	4177	33010	1	SFTA3	0.8278023206550778	1.0
GO_CC	hypermethylated	Melanosome Membrane (GO:0033162)	13	4177	33010	1	OCA2	0.8278023206550778	1.0
GO_CC	hypermethylated	Pigment Granule Membrane (GO:0090741)	13	4177	33010	1	OCA2	0.8278023206550778	1.0
GO_CC	hypermethylated	Secretory Vesicle (GO:0099503)	13	4177	33010	1	IGF1	0.8278023206550778	1.0
GO_CC	hypermethylated	Organelle Envelope Lumen (GO:0031970)	64	4177	33010	6	ALOX5,BLOC1S1,CHCHD5,COX17,NLN,TIMM13	0.8360666691605567	1.0
GO_CC	hypermethylated	SAGA-type Complex (GO:0070461)	35	4177	33010	3	KAT2A,TADA2B,TAF7	0.8371873376965557	1.0
GO_CC	hypermethylated	INO80-type Complex (GO:0097346)	25	4177	33010	2	INO80,RUVBL1	0.8431001664236379	1.0
GO_CC	hypermethylated	Acrosomal Membrane (GO:0002080)	14	4177	33010	1	TMEM190	0.8496003540103447	1.0
GO_CC	hypermethylated	Triglyceride-Rich Plasma Lipoprotein Particle (GO:0034385)	14	4177	33010	1	APOC1	0.8496003540103447	1.0
GO_CC	hypermethylated	Very-Low-Density Lipoprotein Particle (GO:0034361)	14	4177	33010	1	APOC1	0.8496003540103447	1.0
GO_CC	hypermethylated	Multivesicular Body (GO:0005771)	46	4177	33010	4	BACE1,CHMP6,CRHBP,LRAT	0.8504212155304256	1.0
GO_CC	hypermethylated	Extracellular Membrane-Bounded Organelle (GO:0065010)	56	4177	33010	5	CLTC,FBLN2,GNB1,GRIA4,LFNG	0.852889749651148	1.0
GO_CC	hypermethylated	Condensed Nuclear Chromosome (GO:0000794)	26	4177	33010	2	IHO1,RGS12	0.8586689937461913	1.0
GO_CC	hypermethylated	Organelle Outer Membrane (GO:0031968)	158	4177	33010	16	AMBRA1,ATP5MC2,BNIP3,CPT1A,CPT1B,DMPK,FIS1,GDAP1,GUCY2D,KRAS,LPIN1,LTC4S,MGARP,MIEF1,SLC8A3,VPS13A	0.8609183475937692	1.0
GO_CC	hypermethylated	Mitochondrial Respiratory Chain Complex IV (GO:0005751)	15	4177	33010	1	COX4I2	0.8686396109293286	1.0
GO_CC	hypermethylated	trans-Golgi Network Transport Vesicle (GO:0030140)	15	4177	33010	1	RAB12	0.8686396109293286	1.0
GO_CC	hypermethylated	Mitochondrial Outer Membrane (GO:0005741)	142	4177	33010	14	AMBRA1,ATP5MC2,BNIP3,CPT1A,CPT1B,DMPK,FIS1,GDAP1,KRAS,LPIN1,MGARP,MIEF1,SLC8A3,VPS13A	0.8732253795615003	1.0
GO_CC	hypermethylated	Mitochondrial Intermembrane Space (GO:0005758)	58	4177	33010	5	BLOC1S1,CHCHD5,COX17,NLN,TIMM13	0.8732339435361991	1.0
GO_CC	hypermethylated	Microbody Lumen (GO:0031907)	49	4177	33010	4	ACOX2,ACOX3,CRYM,EPHX2	0.8828653340156166	1.0
GO_CC	hypermethylated	Peroxisomal Matrix (GO:0005782)	49	4177	33010	4	ACOX2,ACOX3,CRYM,EPHX2	0.8828653340156166	1.0
GO_CC	hypermethylated	Chromosome (GO:0005694)	153	4177	33010	15	EBNA1BP2,EMX1,ERCC4,HORMAD2,HOXA13,MACROH2A1,PBRM1,PDS5B,PPP1R7,PUM3,SETD2,SPATA22,SPIDR,SYCE1,SYCP1	0.8849278187059584	1.0
GO_CC	hypermethylated	Melanosome (GO:0042470)	28	4177	33010	2	MFSD12,OCA2	0.8856381704610359	1.0
GO_CC	hypermethylated	Peroxisome (GO:0005777)	128	4177	33010	12	ACBD5,ACOX2,ACOX3,CCDC33,CRYM,DDR2,EPHX2,FIS1,GDAP1,MIEF1,PEX5L,SZT2	0.8987982588390683	1.0
GO_CC	hypermethylated	Preribosome, Large Subunit Precursor (GO:0030687)	17	4177	33010	1	EBNA1BP2	0.8997939537485327	1.0
GO_CC	hypermethylated	Respiratory Chain Complex IV (GO:0045277)	17	4177	33010	1	COX4I2	0.8997939537485327	1.0
GO_CC	hypermethylated	U5 snRNP (GO:0005682)	18	4177	33010	1	SNRPN	0.912480301009842	1.0
GO_CC	hypermethylated	Microbody Membrane (GO:0031903)	53	4177	33010	4	ACBD5,FIS1,GDAP1,PEX5L	0.9164822045033727	1.0
GO_CC	hypermethylated	Peroxisomal Membrane (GO:0005778)	53	4177	33010	4	ACBD5,FIS1,GDAP1,PEX5L	0.9164822045033727	1.0
GO_CC	hypermethylated	Golgi Cisterna (GO:0031985)	31	4177	33010	2	RAB30,SGMS1	0.9172624922165495	1.0
GO_CC	hypermethylated	Spliceosomal snRNP Complex (GO:0097525)	54	4177	33010	4	PRPF40B,SF3B2,SNRPN,SNU13	0.9234091274174563	1.0
GO_CC	hypermethylated	Multivesicular Body Membrane (GO:0032585)	19	4177	33010	1	CHMP6	0.9235608594082989	1.0
GO_CC	hypermethylated	cis-Golgi Network (GO:0005801)	44	4177	33010	3	HLA-G,LRPAP1,RAB30	0.9293733122411401	1.0
GO_CC	hypermethylated	Mitochondrial Outer Membrane Translocase Complex (GO:0005742)	20	4177	33010	1	MICOS10	0.9332388409866547	1.0
GO_CC	hypermethylated	Endocytic Vesicle Lumen (GO:0071682)	21	4177	33010	1	SPARC	0.9416917467520001	1.0
GO_CC	hypermethylated	Ficolin-1-Rich Granule (GO:0101002)	177	4177	33010	16	ALOX5,ARSB,ATG7,CSNK2B,FGL2,GSN,HK3,MAPK14,MMP9,NBEAL2,PAFAH1B2,PDAP1,PPIE,PTPRN2,SERPINB6,TIMP2	0.9465866567742186	1.0
GO_CC	hypermethylated	U4/U6 X U5 tri-snRNP Complex (GO:0046540)	35	4177	33010	2	SNRPN,SNU13	0.9467816231485036	1.0
GO_CC	hypermethylated	Spliceosomal tri-snRNP Complex (GO:0097526)	35	4177	33010	2	SNRPN,SNU13	0.9467816231485036	1.0
GO_CC	hypermethylated	Endoplasmic reticulum-Golgi Intermediate Compartment Membrane (GO:0033116)	47	4177	33010	3	CNIH3,RAB1B,UVRAG	0.9473065024743548	1.0
GO_CC	hypermethylated	Mitochondrial Ribosome (GO:0005761)	22	4177	33010	1	MRPS22	0.9490746190372131	1.0
GO_CC	hypermethylated	Pigment Granule (GO:0048770)	22	4177	33010	1	MFSD12	0.9490746190372131	1.0
GO_CC	hypermethylated	Endosome Lumen (GO:0031904)	23	4177	33010	1	CTSK	0.9555228825355022	1.0
GO_CC	hypermethylated	Nuclear Lumen (GO:0031981)	724	4177	33010	77	ABL1,ADAR,AKAP8,AOPEP,ARL4A,ASIC2,BCL6,CCND2,CD180,CDC14A,CDC6,CKAP5,CLN6,CPT2,CRADD,EBNA1BP2,EID3,EMX1,EN2,ETV6,FILIP1,FMN2,GLI2,GLI3,HOXD9,IQSEC1,LDB2,LIN28A,LIN28B,MACROH2A1,MAGI1,MAPKBP1,MCIDAS,MCM7,MEAK7,MNX1,MTUS1,N4BP1,NKX2-1,NLRP1,NOVA1,NRXN1,PAFAH1B2,PAX9,PBRM1,PCDH1,PDCD11,PIH1D1,PKMYT1,PTBP1,PUM3,RARA,RBPJ,RGS12,RNF213,RORA,RPL3,RUNX3,S100A16,SENP3,SIX1,SMG6,SNU13,SPC24,SPIDR,SPTBN1,STAG3,SYNE2,TBCA,TERT,TRAF7,UBTF,VPS51,WDFY3,XPO1,ZEB2,ZNF300	0.9587802012548077	1.0
GO_CC	hypermethylated	Nucleolus (GO:0005730)	716	4177	33010	76	ABL1,ADAR,AKAP8,AOPEP,ARL4A,ASIC2,BCL6,CCND2,CD180,CDC14A,CDC6,CKAP5,CLN6,CPT2,CRADD,EBNA1BP2,EID3,EMX1,EN2,ETV6,FILIP1,FMN2,GLI2,GLI3,HOXD9,IQSEC1,LDB2,LIN28A,LIN28B,MACROH2A1,MAGI1,MAPKBP1,MCIDAS,MCM7,MEAK7,MNX1,MTUS1,N4BP1,NKX2-1,NLRP1,NOVA1,NRXN1,PAFAH1B2,PAX9,PCDH1,PDCD11,PIH1D1,PKMYT1,POLR1D,POLR2L,PTBP1,PUM3,RARA,RBPJ,RGS12,RNF213,RORA,RPL3,RUNX3,S100A16,SENP3,SIX1,SMG6,SNU13,SPC24,SPTBN1,STAG3,TBCA,TERT,TRAF7,UBTF,VPS51,WDFY3,XPO1,ZEB2,ZNF300	0.9595253832916923	1.0
GO_CC	hypermethylated	Secretory Granule Membrane (GO:0030667)	266	4177	33010	25	ANO6,ATP11A,ATP8B4,CYB561,DEGS1,HFE,HMOX2,ITGA2B,ITGAL,KCNAB2,LHFPL2,MLEC,NBEAL2,ORMDL3,PLAU,PTPRN2,RAB31,RAB37,RAB7A,SERPINB6,SNCA,SPARC,SYCN,SYNGR1,TICAM2	0.9596039648137918	1.0
GO_CC	hypermethylated	U12-type Spliceosomal Complex (GO:0005689)	24	4177	33010	1	SF3B2	0.9611548260177591	1.0
GO_CC	hypermethylated	Tertiary Granule (GO:0070820)	154	4177	33010	13	ANO6,ATP11A,ATP8B4,CYFIP1,KCNAB2,MMP9,NBEAL2,PITX3,PLAU,PTPRN2,QSOX1,SERPINB6,TIMP2	0.9614490555355188	1.0
GO_CC	hypermethylated	Mitochondrial Envelope (GO:0005740)	135	4177	33010	11	BLOC1S1,BNIP3,CHCHD5,CIDEA,COX17,KIF28P,NDUFA13,NLN,PLEKHN1,TIMM13,VPS13A	0.9629109437077544	1.0
GO_CC	hypermethylated	Spindle Microtubule (GO:0005876)	64	4177	33010	4	CHMP6,CLASP1,CLASP2,CLTC	0.9689908896425522	1.0
GO_CC	hypermethylated	Cornified Envelope (GO:0001533)	40	4177	33010	2	FGFR1,KAZN	0.969733710844436	1.0
GO_CC	hypermethylated	Azurophil Granule Membrane (GO:0035577)	55	4177	33010	3	HFE,RAB37,SYNGR1	0.9765337933805545	1.0
GO_CC	hypermethylated	cullin-RING Ubiquitin Ligase Complex (GO:0031461)	164	4177	33010	13	ANAPC7,CUL7,DAW1,DCAF5,FBXL15,FBXL19,FBXL21P,FBXO31,FEM1B,KLHL3,SPSB4,ZSWIM4,ZYG11B	0.9795748000051444	1.0
GO_CC	hypermethylated	U2-type Catalytic Step 2 Spliceosome (GO:0071007)	29	4177	33010	1	PPIE	0.9802616600515687	1.0
GO_CC	hypermethylated	Ficolin-1-Rich Granule Membrane (GO:0101003)	57	4177	33010	3	NBEAL2,PTPRN2,SERPINB6	0.9809350259142752	1.0
GO_CC	hypermethylated	Cul4-RING E3 Ubiquitin Ligase Complex (GO:0080008)	30	4177	33010	1	DCAF5	0.9827614946825561	1.0
GO_CC	hypermethylated	Transcription Factor TFIID Complex (GO:0005669)	30	4177	33010	1	TAF7	0.9827614946825561	1.0
GO_CC	hypermethylated	Azurophil Granule Lumen (GO:0035578)	82	4177	33010	5	ANXA2,ARSB,MAN2B1,NAPRT,TOLLIP	0.9830339305844294	1.0
GO_CC	hypermethylated	U2-type Precatalytic Spliceosome (GO:0071005)	47	4177	33010	2	SF3B2,SNU13	0.9865224576956502	1.0
GO_CC	hypermethylated	U2-type Spliceosomal Complex (GO:0005684)	85	4177	33010	5	PPIE,PRPF40B,SF3B2,SNRPN,SNU13	0.9871093882798047	1.0
GO_CC	hypermethylated	Precatalytic Spliceosome (GO:0071011)	49	4177	33010	2	SF3B2,SNU13	0.989339689932564	1.0
GO_CC	hypermethylated	Cul3-RING Ubiquitin Ligase Complex (GO:0031463)	34	4177	33010	1	KLHL3	0.9899714893364633	1.0
GO_CC	hypermethylated	Ribosome (GO:0005840)	58	4177	33010	2	NR5A1,RRBP1	0.9963438708104991	1.0
GO_CC	hypermethylated	Azurophil Granule (GO:0042582)	145	4177	33010	8	ANXA2,ARSB,HFE,MAN2B1,NAPRT,RAB37,SYNGR1,TOLLIP	0.9986408154286556	1.0
GO_CC	hypermethylated	Cytosolic Large Ribosomal Subunit (GO:0022625)	49	4177	33010	1	RPL3	0.998685600727792	1.0
GO_CC	hypermethylated	Large Ribosomal Subunit (GO:0015934)	49	4177	33010	1	RPL3	0.998685600727792	1.0
GO_CC	hypermethylated	Small-Subunit Processome (GO:0032040)	68	4177	33010	2	PDCD11,SNU13	0.9989119350181204	1.0
GO_CC	hypermethylated	Mitochondrial Matrix (GO:0005759)	340	4177	33010	24	ACSF2,ADHFE1,AK4,BCKDK,BLOC1S1,CBR4,CYP11A1,DGLUCY,DMGDH,FAHD1,GLDC,HSD17B8,LYRM4,ME3,MRPS22,MTHFD1L,NAXD,NDUFS8,NR3C1,NUBPL,PYCR1,SUCLG1,TK1,TP53AIP1	0.9997082363843252	1.0
GO_CC	hypermethylated	Organelle Inner Membrane (GO:0019866)	373	4177	33010	26	ATP5F1EP2,ATP5MC2,CKMT2,CPT2,CYP11A1,CYP1A1,IMMP2L,MAJIN,MATR3,MCU,MGARP,MRPL2,MRPL33,MRPL44,MRPS22,NDUFA13,NDUFAF6,NDUFC1,NDUFS4,PGS1,SLC25A2,SMAD3,SPG7,SRC,TIMM13,TMEM126B	0.9998729811438589	1.0
GO_CC	hypermethylated	Mitochondrial Inner Membrane (GO:0005743)	349	4177	33010	23	ATP5F1EP2,ATP5MC2,CKMT2,CPT2,CYP11A1,CYP1A1,IMMP2L,MCU,MGARP,MRPL2,MRPL33,MRPL44,MRPS22,NDUFA13,NDUFAF6,NDUFC1,NDUFS4,PGS1,SLC25A2,SPG7,SRC,TIMM13,TMEM126B	0.9999275912815613	1.0
GO_CC	hypermethylated	Mitochondrial Membrane (GO:0031966)	507	4177	33010	37	AMBRA1,ATP5F1EP2,ATP5MC2,BNIP3,CKMT2,CPT1A,CPT1B,CPT2,CYP11A1,CYP1A1,DMPK,FIS1,GDAP1,IMMP2L,KIF28P,KRAS,LPIN1,MCU,MGARP,MIEF1,MRPL2,MRPL33,MRPL44,MRPS22,NDUFA13,NDUFAF6,NDUFC1,NDUFS4,PGS1,PLEKHN1,SLC25A2,SLC8A3,SPG7,SRC,TIMM13,TMEM126B,VPS13A	0.9999665470839662	1.0
GO_CC	hypermethylated	9+0 Non-Motile Cilium (GO:0097731)	6	4177	33010	0		1.0	1.0
GO_CC	hypermethylated	90S Preribosome (GO:0030686)	12	4177	33010	0		1.0	1.0
GO_CC	hypermethylated	AP-3 Adaptor Complex (GO:0030123)	6	4177	33010	0		1.0	1.0
GO_CC	hypermethylated	ATP-binding Cassette (ABC) Transporter Complex (GO:0043190)	5	4177	33010	0		1.0	1.0
GO_CC	hypermethylated	B-WICH Complex (GO:0110016)	6	4177	33010	0		1.0	1.0
GO_CC	hypermethylated	COPI Vesicle Coat (GO:0030126)	12	4177	33010	0		1.0	1.0
GO_CC	hypermethylated	COPI-coated Vesicle (GO:0030137)	6	4177	33010	0		1.0	1.0
GO_CC	hypermethylated	COPI-coated Vesicle Membrane (GO:0030663)	16	4177	33010	0		1.0	1.0
GO_CC	hypermethylated	Cul4A-RING E3 Ubiquitin Ligase Complex (GO:0031464)	11	4177	33010	0		1.0	1.0
GO_CC	hypermethylated	Cul5-RING Ubiquitin Ligase Complex (GO:0031466)	8	4177	33010	0		1.0	1.0
GO_CC	hypermethylated	Golgi Cis Cisterna (GO:0000137)	10	4177	33010	0		1.0	1.0
GO_CC	hypermethylated	Golgi Cisterna Membrane (GO:0032580)	9	4177	33010	0		1.0	1.0
GO_CC	hypermethylated	Golgi Medial Cisterna (GO:0005797)	9	4177	33010	0		1.0	1.0
GO_CC	hypermethylated	H3 Histone Acetyltransferase Complex (GO:0070775)	6	4177	33010	0		1.0	1.0
GO_CC	hypermethylated	MLL3/4 Complex (GO:0044666)	9	4177	33010	0		1.0	1.0
GO_CC	hypermethylated	MOZ/MORF Histone Acetyltransferase Complex (GO:0070776)	6	4177	33010	0		1.0	1.0
GO_CC	hypermethylated	RISC-loading Complex (GO:0070578)	7	4177	33010	0		1.0	1.0
GO_CC	hypermethylated	Set1C/COMPASS Complex (GO:0048188)	11	4177	33010	0		1.0	1.0
GO_CC	hypermethylated	THO Complex Part Of Transcription Export Complex (GO:0000445)	4	4177	33010	0		1.0	1.0
GO_CC	hypermethylated	TIM22 Mitochondrial Import Inner Membrane Insertion Complex (GO:0042721)	6	4177	33010	0		1.0	1.0
GO_CC	hypermethylated	TIM23 Mitochondrial Import Inner Membrane Translocase Complex (GO:0005744)	12	4177	33010	0		1.0	1.0
GO_CC	hypermethylated	U2-type Catalytic Step 1 Spliceosome (GO:0071006)	11	4177	33010	0		1.0	1.0
GO_CC	hypermethylated	U6 snRNP (GO:0005688)	7	4177	33010	0		1.0	1.0
GO_CC	hypermethylated	U7 snRNP (GO:0005683)	6	4177	33010	0		1.0	1.0
GO_CC	hypermethylated	Alveolar Lamellar Body (GO:0097208)	5	4177	33010	0		1.0	1.0
GO_CC	hypermethylated	Apicolateral Plasma Membrane (GO:0016327)	5	4177	33010	0		1.0	1.0
GO_CC	hypermethylated	Astral Microtubule (GO:0000235)	6	4177	33010	0		1.0	1.0
GO_CC	hypermethylated	Core Mediator Complex (GO:0070847)	22	4177	33010	0		1.0	1.0
GO_CC	hypermethylated	Cortical Granule (GO:0060473)	5	4177	33010	0		1.0	1.0
GO_CC	hypermethylated	cyclin/CDK Positive Transcription Elongation Factor Complex (GO:0008024)	5	4177	33010	0		1.0	1.0
GO_CC	hypermethylated	Cytolytic Granule (GO:0044194)	7	4177	33010	0		1.0	1.0
GO_CC	hypermethylated	Cytoplasmic Dynein Complex (GO:0005868)	16	4177	33010	0		1.0	1.0
GO_CC	hypermethylated	Cytoplasmic Side Of Endosome Membrane (GO:0010009)	5	4177	33010	0		1.0	1.0
GO_CC	hypermethylated	Cytoplasmic Side Of Lysosomal Membrane (GO:0098574)	12	4177	33010	0		1.0	1.0
GO_CC	hypermethylated	Cytosolic Small Ribosomal Subunit (GO:0022627)	36	4177	33010	0		1.0	1.0
GO_CC	hypermethylated	Death-Inducing Signaling Complex (GO:0031264)	7	4177	33010	0		1.0	1.0
GO_CC	hypermethylated	Dendrite Cytoplasm (GO:0032839)	8	4177	33010	0		1.0	1.0
GO_CC	hypermethylated	Dystroglycan Complex (GO:0016011)	6	4177	33010	0		1.0	1.0
GO_CC	hypermethylated	Endoribonuclease Complex (GO:1902555)	17	4177	33010	0		1.0	1.0
GO_CC	hypermethylated	Gamma-Delta T Cell Receptor Complex (GO:0042106)	2	4177	33010	0		1.0	1.0
GO_CC	hypermethylated	Insulin-Responsive Compartment (GO:0032593)	5	4177	33010	0		1.0	1.0
GO_CC	hypermethylated	Late Endosome Lumen (GO:0031906)	6	4177	33010	0		1.0	1.0
GO_CC	hypermethylated	Low-Density Lipoprotein Particle (GO:0034362)	6	4177	33010	0		1.0	1.0
GO_CC	hypermethylated	Mitochondrial Respiratory Chain Complex III (GO:0005750)	11	4177	33010	0		1.0	1.0
GO_CC	hypermethylated	Multimeric Ribonuclease P Complex (GO:0030681)	9	4177	33010	0		1.0	1.0
GO_CC	hypermethylated	Multivesicular Body Lumen (GO:0097486)	4	4177	33010	0		1.0	1.0
GO_CC	hypermethylated	Muscle Myosin Complex (GO:0005859)	13	4177	33010	0		1.0	1.0
GO_CC	hypermethylated	Neuron Projection Cytoplasm (GO:0120111)	9	4177	33010	0		1.0	1.0
GO_CC	hypermethylated	Nuclear Envelope Lumen (GO:0005641)	5	4177	33010	0		1.0	1.0
GO_CC	hypermethylated	Nucleolar Exosome (RNase Complex) (GO:0101019)	9	4177	33010	0		1.0	1.0
GO_CC	hypermethylated	Platelet Dense Granule Membrane (GO:0031088)	4	4177	33010	0		1.0	1.0
GO_CC	hypermethylated	Polysomal Ribosome (GO:0042788)	26	4177	33010	0		1.0	1.0
GO_CC	hypermethylated	post-mRNA Release Spliceosomal Complex (GO:0071014)	8	4177	33010	0		1.0	1.0
GO_CC	hypermethylated	Postsynaptic Recycling Endosome (GO:0098837)	4	4177	33010	0		1.0	1.0
GO_CC	hypermethylated	Preribosome, Small Subunit Precursor (GO:0030688)	10	4177	33010	0		1.0	1.0
GO_CC	hypermethylated	Primary Lysosome (GO:0005766)	10	4177	33010	0		1.0	1.0
GO_CC	hypermethylated	Protein Phosphatase 4 Complex (GO:0030289)	4	4177	33010	0		1.0	1.0
GO_CC	hypermethylated	Respiratory Chain Complex III (GO:0045275)	11	4177	33010	0		1.0	1.0
GO_CC	hypermethylated	Ribonuclease MRP Complex (GO:0000172)	7	4177	33010	0		1.0	1.0
GO_CC	hypermethylated	Rough Endoplasmic Reticulum Membrane (GO:0030867)	4	4177	33010	0		1.0	1.0
GO_CC	hypermethylated	Sarcoglycan Complex (GO:0016012)	5	4177	33010	0		1.0	1.0
GO_CC	hypermethylated	Shelterin Complex (GO:0070187)	5	4177	33010	0		1.0	1.0
GO_CC	hypermethylated	Signal Recognition Particle, Endoplasmic Reticulum Targeting (GO:0005786)	5	4177	33010	0		1.0	1.0
GO_CC	hypermethylated	Small Ribosomal Subunit (GO:0015935)	37	4177	33010	0		1.0	1.0
GO_CC	hypermethylated	Spherical High-Density Lipoprotein Particle (GO:0034366)	7	4177	33010	0		1.0	1.0
GO_CC	hypermethylated	tRNA Methyltransferase Complex (GO:0043527)	6	4177	33010	0		1.0	1.0
GO_CC	hypermethylated	Transcription Factor TFIIH Core Complex (GO:0000439)	8	4177	33010	0		1.0	1.0
GO_CC	hypermethylated	Transcription Factor TFIIH Holo Complex (GO:0005675)	9	4177	33010	0		1.0	1.0
GO_CC	hypermethylated	Transcription Factor TFIIIC Complex (GO:0000127)	5	4177	33010	0		1.0	1.0
GO_CC	hypermethylated	Uniplex Complex (GO:1990246)	5	4177	33010	0		1.0	1.0
GO_CC	hypermethylated	Zonula Adherens (GO:0005915)	5	4177	33010	0		1.0	1.0
GO_CC	hypermethylated	Zymogen Granule (GO:0042588)	6	4177	33010	0		1.0	1.0
GO_CC	hypermethylated	Zymogen Granule Membrane (GO:0042589)	6	4177	33010	0		1.0	1.0
GO_CC	hypomethylated	Neuron Projection (GO:0043005)	524	5291	33010	140	ADCY2,ADCY8,ADCYAP1R1,ADGRB1,ADGRL2,ANK1,ANK2,ANK3,APOE,APP,ARHGAP44,BNIP3,BOC,BSN,CALCR,CCK,CCR2,CCSAP,CDH13,CDH2,CHRM1,CHRM2,CHRNA4,CHRNA6,CNIH3,CNTN4,CNTNAP2,CPT1C,CRHR1,CRHR2,CTNNA2,CXADR,CYFIP2,DIP2B,DLG2,DRD2,DSCAM,DSCAML1,ELFN1,EPHA3,EPHA7,EPHB1,EPHB2,EPHB3,FARP1,FBXW11,FEZ2,GABRA2,GABRB2,GABRB3,GABRD,GABRP,GHRL,GNA12,GRIA1,GRIK3,HCN2,HTR1E,HTR3A,HTR3B,HTR3D,HTR3E,HTR4,HTR5A,IGF1R,IGSF9B,INPP5A,INSR,IQGAP1,KCNA1,KCNA4,KCNB2,KCNN1,KCNN3,KCNN4,KIF17,KIRREL3,KLHL14,KNDC1,MAGI2,MAP7,MAPK8IP3,MARK4,MTMR2,MYO1D,NCOA2,NEFM,NELL1,NELL2,NF1,NLGN1,NPTX1,NRCAM,NSG2,OLFM1,OPA1,PACRG,PAK1,PALLD,PDYN,PLPPR1,PRKN,PRSS12,RAB13,RAB17,RAB27A,RAB5A,RASGRF1,RELN,RGS7,RIN3,ROBO4,RTN1,SCN10A,SCN11A,SHANK1,SHANK2,SHTN1,SLC12A5,SLC6A3,SLC8A1,SNAP25,SORBS2,SPTBN4,SSTR4,STAT1,STMN2,STX1A,SYT1,SYT11,SYT4,SYT5,TENM2,TENM3,TENM4,UNC13A,VIM,VIP,ZACN,ZNF385A	2.4684160818543393e-10	1.1700292227989569e-07
GO_CC	hypomethylated	Postsynaptic Density (GO:0014069)	144	5291	33010	49	ADCY8,ADD1,ADGRA1,ADGRB1,ARHGAP32,ARHGAP44,CACNA1C,CACNG2,CACNG3,CDH2,CTNND2,DAGLA,DISC1,DLG2,DNM3,GRIA1,GRID1,GRID2,GRIK2,GRIK3,GRIK4,GRIK5,GRIN2A,GRIN3B,GRM1,INPP4A,INSYN1,IQSEC3,KALRN,KCND3,LZTS3,MAGI2,MTMR2,NETO1,NLGN1,NOS1,RPL30,RPS18,RTN1,SHANK1,SHANK2,SHISA6,SHISA9,SIPA1L1,SLC8A1,SPOCK1,SYNDIG1,SYT11,USP50	8.659256101394086e-08	2.0522436960303984e-05
GO_CC	hypomethylated	Potassium Channel Complex (GO:0034705)	79	5291	33010	31	CNTNAP2,DPP10,DPP6,GRIK2,GRIK3,GRIK4,GRIK5,HCN2,KCNA1,KCNA4,KCNA5,KCNA6,KCNAB1,KCNAB2,KCNB2,KCND3,KCNH1,KCNIP4,KCNJ5,KCNJ6,KCNMA1,KCNN1,KCNN4,KCNQ1,KCNQ2,KCNQ4,KCNS3,KCNV1,LRRC38,LRRC52,LRRC55	6.023753366904465e-07	9.517530319709054e-05
GO_CC	hypomethylated	Collagen-Containing Extracellular Matrix (GO:0062023)	351	5291	33010	91	ADAMTS10,AEBP1,ANGPT1,ANXA4,APCS,APOE,AZGP1,CBLN4,CDH13,CDH2,COCH,COL11A2,COL12A1,COL16A1,COL18A1,COL20A1,COL21A1,COL23A1,COL25A1,COL4A2,COL5A1,COL5A2,COL5A3,COL6A3,COL6A5,COL8A1,COL8A2,COL9A1,COL9A2,COL9A3,COLQ,CPA3,CTHRC1,CTSC,CTSG,DST,EGFL7,ELANE,FBLN5,FCN1,FCN2,FGF10,FIBCD1,FN1,GDF15,HMCN1,HRNR,IGFBP7,IL7,ITIH2,ITIH5,LAMA1,LAMA3,LAMA4,LAMC1,LEFTY2,LTBP1,MATN2,MFAP2,NCAM1,NID2,NRG1,P3H2,PCOLCE,PCSK6,PKM,PRTN3,S100A10,S100A8,S100A9,SBSPON,SDC2,SERPINB9,SERPINE2,SFRP1,SLPI,SMOC2,SSC5D,SULF1,TGFB1,TGFB1I1,THBS2,THSD4,TINAG,TNN,TNR,TNXB,VIT,VWA2,VWF,WNT5B	1.2922112823322425e-06	0.00015312703695637074
GO_CC	hypomethylated	Postsynaptic Specialization Membrane (GO:0099634)	36	5291	33010	18	CACNG2,CACNG3,DAGLA,DLG2,GRIA1,GRID1,GRID2,GRIK2,GRIK3,GRIK4,GRIK5,GRIN2A,GRIN3B,GRM1,NETO1,NLGN1,SLITRK3,SYNDIG1	2.2801008013359377e-06	0.0002161535559666469
GO_CC	hypomethylated	Voltage-Gated Potassium Channel Complex (GO:0008076)	71	5291	33010	27	CNTNAP2,DPP10,DPP6,HCN2,KCNA1,KCNA4,KCNA5,KCNA6,KCNAB1,KCNAB2,KCNB2,KCND3,KCNH1,KCNIP4,KCNJ5,KCNJ6,KCNMA1,KCNN1,KCNN4,KCNQ1,KCNQ2,KCNQ4,KCNS3,KCNV1,LRRC38,LRRC52,LRRC55	6.326106973719059e-06	0.0004997624509238057
GO_CC	hypomethylated	Postsynaptic Density Membrane (GO:0098839)	32	5291	33010	16	CACNG2,CACNG3,DAGLA,DLG2,GRIA1,GRID1,GRID2,GRIK2,GRIK3,GRIK4,GRIK5,GRIN2A,GRIN3B,GRM1,NETO1,SYNDIG1	8.349743392290213e-06	0.0005653969097065087
GO_CC	hypomethylated	Membrane Raft (GO:0045121)	162	5291	33010	48	ADCY2,ADCY8,AHNAK,ANGPT1,APP,ARID3A,ARID3C,ATP1A1,CARD11,CD177,CD55,CXADR,EGFR,EMP2,ERLIN1,EZR,FURIN,GJA1,GP6,ITGB2,KCNA5,KCNQ1,LCK,LDHB,LYN,MAL2,MALL,MS4A1,NOS1,NTSR1,PAG1,PRTN3,PSEN2,PTPRC,RFTN1,S100A10,SELE,SELPLG,SLC1A2,SLC6A3,SRC,STIM1,SULF1,TLR1,TNF,TNFRSF10A,TNFRSF11A,TNFRSF1B	1.0010584461600911e-05	0.000593127129349854
GO_CC	hypomethylated	Asymmetric Synapse (GO:0032279)	125	5291	33010	39	ADCY8,ADD1,ADGRA1,ADGRB1,ARFGEF2,ARHGAP32,ARHGAP44,CACNA1C,CDH2,CTNND2,DISC1,DLG2,DNM3,GRIA1,GRIN2A,INPP4A,INSYN1,IQSEC3,KALRN,KCND3,LZTS3,MAGI2,MTMR2,NETO1,NLGN1,NOS1,RPL30,RPS18,RTN1,SHANK1,SHANK2,SHISA6,SHISA9,SIPA1L1,SLC8A1,SPOCK1,SYNDIG1,SYT11,USP50	1.787646452132735e-05	0.0009414937981232405
GO_CC	hypomethylated	Excitatory Synapse (GO:0060076)	19	5291	33010	11	BSN,ELFN1,ITGA3,NETO1,NLGN1,PALLD,SHANK1,SHISA6,SLC17A7,SYNDIG1,SYT11	3.8013576145729524e-05	0.0018018435093075792
GO_CC	hypomethylated	Dendrite (GO:0030425)	253	5291	33010	65	ADCY2,ADCY8,ADGRB1,ANK3,APOE,ARHGAP44,BNIP3,BSN,CCR2,CHRM1,CHRM2,CHRNA4,CNIH3,CNTNAP2,CPT1C,CRHR2,DAGLA,DIP2B,DRD2,DSCAM,ELFN1,EPHA3,EPHA7,EPHB1,EPHB2,EPHB3,FARP1,GABRA2,GRIA1,GRIK3,HCN2,HTR1E,HTR4,HTR5A,INPP5A,INSR,KCNA1,KCNB2,KIRREL3,KNDC1,MAGI2,MAPK8IP3,MARK4,MTMR2,MYO1D,NF1,NLGN1,NSG2,OPA1,PAK1,PDYN,PRSS12,RAB17,RAB27A,RAB5A,RELN,RIN3,SHANK1,SLC8A1,SOD1,SORBS2,STAT1,SYT11,TENM2,ZNF385A	5.2689032620081044e-05	0.002270418314719856
GO_CC	hypomethylated	Voltage-Gated Calcium Channel Complex (GO:0005891)	48	5291	33010	19	CACNA1A,CACNA1C,CACNA1E,CACNA1G,CACNA1H,CACNA1I,CACNA2D1,CACNA2D3,CACNA2D4,CACNB2,CACNG3,CACNG6,CATSPERE,CATSPERG,PDE4B,SCN10A,SCN11A,SCN1A,TMEM249	7.677347848655367e-05	0.0030325524002188698
GO_CC	hypomethylated	Early Endosome (GO:0005769)	287	5291	33010	71	AP1S3,AP3B2,APBB2,APOB,APOC2,APOE,APP,ATP11B,ATP13A3,B2M,CFTR,CNTNAP2,COMMD1,CXCR4,DAGLA,DTX3L,DYSF,EGFR,EHD4,EPHA3,EPHB1,F2R,GRIA1,HGS,HLA-F,KCNH1,KCNQ1,KIF16B,KIR2DL4,LAPTM4B,LDLRAD4,LMTK2,LNPEP,MARCHF1,MELTF,MGRN1,MVB12B,NAPEPLD,NELL1,NSG2,OR51E2,OSBPL6,PLA2G4E,PLEKHA3,PLEKHF1,PLEKHF2,PLEKHJ1,PMEPA1,PRDX3,RAB17,RAB29,RAB32,RAB5A,RABGAP1L,RAPGEF1,RIN3,SLC11A2,SLC30A10,SLC9A3,SNX31,SORL1,SORT1,SYNDIG1,TMEM184A,TMEM230,TPCN1,VAMP8,WASHC4,WDR91,WLS,WNT3A	8.966462384556688e-05	0.0032693101309845154
GO_CC	hypomethylated	Calcium Channel Complex (GO:0034704)	57	5291	33010	21	CACNA1A,CACNA1C,CACNA1E,CACNA1G,CACNA1H,CACNA1I,CACNA2D1,CACNA2D3,CACNA2D4,CACNB2,CACNG3,CACNG6,CALM2,CASQ2,MCUB,PDE4B,RYR1,RYR2,SCN10A,SCN11A,SCN1A	0.00011240050651373171	0.0038055600062506306
GO_CC	hypomethylated	Axon (GO:0030424)	197	5291	33010	52	ADCY8,APP,BOC,BSN,CALCR,CCK,CCSAP,CNTN4,CNTNAP2,CPT1C,CTNNA2,DIP2B,DRD2,DSCAM,DSCAML1,EPHB2,FEZ2,GHRL,GRIK3,HCN2,IGF1R,INSR,IQGAP1,KCNA4,KIRREL3,MAP7,MAPK8IP3,MTMR2,MYO1D,NEFM,NELL1,NELL2,NF1,NRCAM,OLFM1,PAK1,PALLD,PRSS12,RAB5A,RIN3,ROBO4,SCN10A,SCN11A,SHTN1,SLC6A3,SLC8A1,STAT1,SYT1,SYT11,SYT4,SYT5,VIM	0.00013498716510128655	0.004265594417200655
GO_CC	hypomethylated	Supramolecular Fiber (GO:0099512)	35	5291	33010	15	ADAMTS10,ADAMTSL5,CTPS1,FBLN5,LTBP1,MFAP1,MFAP2,MYH1,MYH13,MYH4,MYH7B,MYH8,MYO18B,THSD4,TNK2	0.000150631372479957	0.004335219726678571
GO_CC	hypomethylated	Catenin Complex (GO:0016342)	28	5291	33010	13	APC2,CDH11,CDH13,CDH18,CDH2,CDH22,CDH23,CDH26,CDH4,CDH8,CDHR3,CTNNA2,PCDHGB4	0.00015548256403699514	0.004335219726678571
GO_CC	hypomethylated	Actin Cytoskeleton (GO:0015629)	313	5291	33010	75	ABL2,ABLIM2,ACTB,ACTN2,ADAM8,ADCY8,AHNAK,AKAP13,AMPH,APC2,ARHGAP32,ARPC1B,AUTS2,BAIAP2,BAIAP2L1,BIN2,CALD1,CAPG,CDC42EP3,CDH2,CLIC4,CLIC5,COTL1,CTTN,DAPK1,DBNL,DENND2A,DHX9,EEF1A1,EPHA3,EZR,FHDC1,FLII,FLNB,FMN2,FSCN2,FYB1,GAS7,GCOM1,IQCG,IQGAP1,KALRN,KLHL14,LCP1,LSP1,MACF1,MICAL2,MSRA,MYO19,MYO1D,MYO1E,MYO1G,MYRIP,NTN1,PAK1,PALLD,PARVB,PARVG,PLS1,RAC1,SEPTIN9,SHROOM3,SIPA1L1,SLC2A1,SLC9A3R1,SORBS2,SPTA1,SPTBN1,SPTBN2,SPTBN4,STK38L,SVIL,SYNPO,TLN2,TPM4	0.0001712068761633937	0.004508447738969367
GO_CC	hypomethylated	Glutamatergic Synapse (GO:0098978)	67	5291	33010	23	ACTB,ADGRA1,APOE,ARHGAP22,BCR,BSN,CADPS2,CTTNBP2,DISC1,DLGAP2,DLGAP3,DRD2,LRRC4C,NELL2,NLGN1,NOS1AP,NPTX1,NRG3,RAC1,SHISA6,TANC1,TRIO,WNT3A	0.00018717745697918324	0.004669584979375413
GO_CC	hypomethylated	Cell-Cell Junction (GO:0005911)	281	5291	33010	68	ADD1,ADGRB1,AHNAK,AJAP1,BAIAP2,BAIAP2L1,CADM3,CCDC85A,CCDC85C,CDCA3,CDH11,CDH13,CDH18,CDH2,CDH22,CDH26,CDH4,CDH8,CDHR3,CLDN1,CLDN19,CLDN4,CLIC4,CRB2,CTNNA2,CTNND2,CXADR,CYTH3,DLG2,DSG2,DSP,EPB41L3,EZR,F11R,FAT1,FLRT2,FRMD4A,GJA1,GJA5,GRHL2,HMCN1,IGSF11,IGSF21,ILDR1,ILDR2,JAM3,KAZN,KIRREL3,KLHL24,MAPK15,MYO1E,NECTIN3,NECTIN4,NPHP1,PAK1,PAK2,PARD3,PARD3B,PCDHGB4,PRKCZ,PTPRK,PTPRM,PTPRU,SDCCAG8,SHROOM3,SPTBN4,TIAM1,VSIG10	0.00024748472261914466	0.005723413118775368
GO_CC	hypomethylated	Cytoskeleton (GO:0005856)	569	5291	33010	123	ABL2,ABLIM2,ACTB,ACTN2,ADCY8,ADD1,AGBL5,AHNAK,AKAP13,AMPH,ANK1,ANK3,APC2,ARHGAP32,ARPC1B,AURKA,AUTS2,BAIAP2,BAIAP2L1,BASP1,BMERB1,CALD1,CAPG,CASP8,CCNA1,CDC42EP3,CDH26,CLIC4,CLIC5,CMAHP,CTTN,DAPK1,DENND2A,DGKQ,DHX9,DISC1,DST,EML1,EPB41,EPB41L1,EPB41L3,EPB41L5,EPHA3,EZR,FLII,FLNB,FMN2,FSCN2,FYB1,HIP1,IGF2BP2,IQCG,IQGAP1,ITPKB,KALRN,KLHL14,KLHL22,KRT80,LCP1,LRRC10,LRRC25,LRRC27,LRRFIP1,LSP1,MACF1,MAP7,MARK4,MFHAS1,MSRA,MTCL1,MTRR,MYO19,MYO1D,MYO1E,MYO1G,NAV1,NEFM,NOD2,NOS1,NTN1,P4HB,PALLD,PARVB,PARVG,PLEC,PLK1,PRC1,PTK2,RAC1,RHOF,RIPK2,RIPOR2,S100A12,S100A8,S100A9,SELE,SEPTIN11,SEPTIN9,SHROOM3,SHTN1,SIPA1L1,SLC9A3R1,SNAP25,SNTG1,SORBS2,SOX9,SPATA7,SPTA1,SPTBN1,STK38L,STON1,SVIL,SYNE2,SYNPO,TCHH,TEC,TLN2,TPM4,TTLL3,TUBA1C,TUBB2B,VIM,ZC3H12A	0.0002535689356419467	0.005723413118775368
GO_CC	hypomethylated	Cortical Cytoskeleton (GO:0030863)	61	5291	33010	21	ACTN2,AKAP13,BSN,CDH2,COTL1,CTTN,EEF1A1,EPB41,ERC1,ERC2,EZR,GCOM1,MAPRE1,MYRIP,SELE,SHROOM3,SLC2A1,SPTA1,SPTBN1,SPTBN2,SPTBN4	0.0003353376456795725	0.007159997601182394
GO_CC	hypomethylated	Cell-Cell Contact Zone (GO:0044291)	45	5291	33010	17	AHNAK,AJAP1,ANK2,ANK3,CDH2,CXADR,DSG2,DSP,FXYD1,GJA1,GJA5,JAM3,KCNA5,OBSL1,PAK1,SLC8A1,TIAM1	0.000350039116102859	0.007159997601182394
GO_CC	hypomethylated	Intercalated Disc (GO:0014704)	30	5291	33010	13	ANK2,ANK3,CDH2,CXADR,DSG2,DSP,FXYD1,GJA1,GJA5,KCNA5,OBSL1,PAK1,SLC8A1	0.00036253152411050096	0.007159997601182394
GO_CC	hypomethylated	Secretory Granule Membrane (GO:0030667)	266	5291	33010	64	ABCC4,ACP3,ACRBP,ADAM8,ADGRE3,ATP11B,ATP8A1,ATP8B4,BRI3,C5AR1,CD109,CD177,CD33,CD44,CD55,CD58,CD9,CEACAM8,CLEC12A,CPNE1,CXCR1,CYSTM1,DEGS1,DSP,FCAR,FPR1,FPR2,GP2,HMOX2,IQGAP1,ITGB2,ITPR1,ITPR2,KCNAB2,LAIR1,LHFPL2,LILRB2,LPCAT1,MGST1,MS4A3,PCDH7,PLAUR,PLD1,PTPRC,PTPRN2,RAB24,RAB37,RAB7A,RAC1,RHOF,SIGLEC14,SIGLEC5,SIRPB1,SLC2A5,SNAP25,STK10,SYT4,TMC6,TMEM184A,TMEM63A,TNFRSF1B,VAMP8,VAPA,VPS13B	0.00043532039359468	0.007970791281470388
GO_CC	hypomethylated	Intracellular Membrane-Bounded Organelle (GO:0043231)	4741	5291	33010	839	AASS,ABCA2,ABCA4,ACP3,ACRBP,ACTB,ACTL6B,ADAP1,ADAT3,ADCYAP1R1,ADD1,ADIRF,ADNP,ADRA1B,AFF3,AGAP2,AGBL5,AGO2,AHNAK,AHR,AIRE,ANKLE1,ANXA4,AP1S3,AP3B2,APBB2,APCS,APOB,APOBEC1,APOBEC3A,APOE,ARFGEF2,ARID3A,ARID3B,ARID3C,ARID5A,ARL4A,ARNT,ASF1A,ASIC2,ASPSCR1,ATF1,ATF5,ATF6B,ATF7IP,ATOH8,ATP8A1,ATXN1,AURKA,AZGP1,B3GAT1,BABAM2,BACH2,BASP1,BATF,BCL11A,BCL11B,BCL9,BCLAF1,BNIP3,BNIP3L,BNIPL,BORCS8-MEF2B,BRCA2,BRD4,BRD8,BRD9,BRWD1,BSN,C1D,CACNA1A,CADPS2,CALM2,CAMK1D,CAMTA1,CAPG,CBFA2T2,CBFA2T3,CCDC92,CCL13,CCNA1,CCND1,CCNP,CD1B,CD1C,CD84,CDC25B,CDCA2,CDCA5,CDK14,CDK18,CDK19,CDK6,CDKL1,CDKN1B,CDKN2A,CEBPG,CELF2,CELF4,CEP43,CFAP410,CFAP45,CFAP74,CFTR,CGAS,CHD2,CHD7,CHML,CHTOP,CIDEA,CLCC1,CLIC3,CLSPN,CLUAP1,CMAHP,CNOT6,CNST,COMMD1,COPS5,COPS7A,CPNE1,CRABP1,CRADD,CREB3L2,CREB3L3,CREB3L4,CREM,CRLF3,CRTC1,CRY2,CSRP3,CTBP2,CTNND2,CTSC,CTSG,CTTN,CUX1,CUX2,CXCR4,CYB561A3,CYP1B1,CYP27C1,CYP2C18,CYP2E1,CYP2F1,CYP2W1,DAB1,DAPK1,DAXX,DBNL,DDX39B,DDX49,DDX56,DEK,DEPDC1,DEPP1,DGAT2,DGKI,DGKQ,DHRS2,DHRS9,DHX9,DIP2B,DLGAP5,DLX1,DMRT1,DNAJB6,DNAJC2,DNASE1L3,DNMT3A,DRG1,DSG2,DSP,DST,DTX3L,DTYMK,DUSP2,DUT,DYNC1I1,E2F3,E2F6,EAPP,EEF1A1,EEF1A2,EGFR,EHD4,EHF,EIF4ENIF1,EIF5A,ELAC1,ELF1,ELF3,ELF5,ELL3,EMP2,EN1,ENDOG,ENO1,EPAS1,ERCC3,ERCC6,ERCC6L2,ERFL,ERG,ERI1,ESR1,ETS2,ETV6,EVC2,EXOSC10,EXOSC9,EYA1,F2R,FADS1,FAF1,FAM110A,FAM50B,FAM53B,FANCA,FANK1,FAT1,FBXO32,FBXO5,FBXW11,FGF10,FGF12,FHIT,FIGNL1,FLG2,FLI1,FLII,FMN2,FNBP1,FOXC1,FOXH1,FOXI1,FOXK1,FOXL1,FOXN2,FOXP1,FOXP4,FUBP1,GAPT,GATA4,GATAD2B,GBP4,GCFC2,GDF15,GINS1,GJA1,GLI2,GLIS1,GLIS3,GLRX2,GON4L,GORASP2,GPC6,GPRC5B,GRB14,GRHL1,GRHL2,GRHL3,GTF2B,GTF2H3,GTF2I,H2BC11,H2BC12,H2BC17,H2BC5,HACE1,HCRTR1,HDAC1,HDAC11,HDAC4,HDAC9,HDGFL3,HELLS,HENMT1,HIC1,HINT3,HIP1,HIVEP2,HIVEP3,HLA-DMA,HLA-DMB,HLA-DPA1,HLTF,HMGA1,HMGA2,HMGB1,HMGB2,HMGB4,HNRNPA2B1,HNRNPAB,HNRNPF,HNRNPU,HOOK2,HOPX,HORMAD1,HOXA10,HOXA9,HOXC11,HOXC6,HOXC9,HOXD3,HPGDS,HRNR,HSP90AA1,HSP90AB1,HSPB3,HSPB8,HTATIP2,HUS1,ID4,IER5,IFI16,IGF1R,IGF2BP1,IGF2BP2,IGF2BP3,IGFBP3,IKZF1,ILRUN,INAVA,INPP4A,IQGAP1,IQSEC1,IRAK4,IRF1,IRF5,IRF6,IRF7,IRF8,IRX3,ISG20,ITK,ITPKB,ITPR1,IWS1,JARID2,JPT1,JRK,KAT5,KCNA6,KCNH1,KDELR2,KDM1A,KDM4A,KDM4B,KDM5B,KHDC4,KHDRBS2,KHDRBS3,KIF18B,KLF6,KLHL12,KLHL22,KPNA4,KRT15,KSR1,LBR,LDB2,LDHC,LDLRAD4,LEUTX,LHX3,LINC-PINT,LITAF,LMO2,LMX1A,LPIN1,LSM4,LTO1,LUC7L3,LYN,LYZL4,MACROD1,MACROD2,MAGI2,MAK,MAP1LC3B2,MAP6D1,MAPK13,MAPK15,MAPRE3,MARCHF1,MATR3,MCL1,MCM2,MCM3,MCM5,MCM6,MCM9,MCUB,MDC1,MECOM,MED1,MED15,MED9,MELTF,MESP1,METTL5,MFAP1,MFAP3L,MGMT,MGRN1,MICAL2,MITF,MLF1,MLXIP,MNDA,MOB1A,MORC1,MORC2,MPO,MSH4,MSRA,MTMR2,MTOR,MUC1,MVB12B,MXI1,MYOCD,MYRF,MYT1,MYT1L,NABP1,NASP,NCAPG,NCOA1,NCOA2,NCOA7,NDUFAF3,NEDD4,NEDD9,NEK1,NEK7,NEUROD6,NF1,NFATC1,NFATC2,NFE2L2,NFE2L3,NFIX,NFKBIL1,NHLRC1,NLRP12,NLRP3,NLRP5,NMD3,NME8,NMNAT1,NMRAL1,NOS1,NOS1AP,NOTCH2,NOTCH4,NOVA2,NPM1,NPPB,NR2F2,NR4A3,NR5A2,NSMCE2,NTAN1,NUCKS1,NUMA1,NUP42,NXF1,ODF1,OGDH,ONECUT3,OSBPL6,OVOL1,P3H2,P4HA2,PABPC1,PACRG,PAK2,PALLD,PANK1,PARP1,PARP10,PARP4,PARP9,PASK,PATL2,PBX1,PBX2P1,PBX4,PCBP3,PCNA,PCSK2,PCYT1A,PDE2A,PDE4B,PDS5B,PDXDC1,PDXK,PERM1,PEX2,PFDN2,PFKP,PFN1,PGD,PHACTR1,PHC3,PHF24,PHLPP1,PIP,PIP5K1A,PITX1,PITX3,PIWIL4,PKIA,PKM,PKN1,PLAAT1,PLAGL1,PLCH1,PLD1,PLK1,PMEPA1,POLE4,POLR3H,POR,POU2F2,PPARD,PPIL4,PPM1H,PPP1R7,PPP2R5A,PPP4R2,PRAME,PRC1,PRDM1,PRDM16,PRDX1,PRDX3,PRDX5,PRIMPOL,PRKCB,PRKN,PRMT3,PRMT8,PROX1,PRPF3,PRPF31,PRSS23,PRTN3,PSEN2,PSMB2,PSMB8,PSMC2,PSMG2,PTBP3,PTK2,PTK6,PTP4A2,PTP4A3,PTPN14,PTPN18,PTPN22,PTPRE,PTPRK,PTTG1,PUS1,PUS7L,PXT1,QKI,RAB11FIP1,RAB11FIP3,RAB29,RAB30,RAB5A,RABGAP1L,RAC1,RAD21,RAD23A,RAD51B,RALYL,RAPGEF1,RAPGEF5,RARB,RASSF5,RB1,RBBP4,RBFOX1,RBFOX3,RBM26,RBM47,RBM5,RBM6,RBP7,RBPJ,RCAN3,RCC1,RERE,REST,RFC4,RFX2,RFX3,RGS10,RGS3,RMI2,RNF13,RNF144A,RNF165,RNF216,RNF220,RORA,RPL13,RPL15,RPL17,RPL23A,RPL3,RPL30,RPL4,RPL6,RPS18,RPS2,RPS3A,RPS6KA2,RPS7,RRAGD,RREB1,RUNX1,RUNX1T1,RUNX2,RUNX3,RXRB,RYBP,RYK,S100A1,S100A12,S100A13,S100A16,S100A8,S100A9,S100P,SAE1,SALL1,SAP18,SAYSD1,SCNM1,SDR16C5,SEC16B,SERF2,SERINC5,SERPINB9,SETDB1,SF3A3,SF3B3,SF3B5,SFI1,SFRP4,SH3RF2,SIAH2,SINHCAF,SIRT6,SLC11A2,SLC39A11,SLC4A1AP,SLC7A14,SLC7A5,SLC9A3R1,SLCO5A1,SLU7,SMAD2,SMAD3,SMARCA4,SMARCAL1,SMC4,SMC5,SMYD3,SNRNP25,SNRNP27,SNRPA,SOD1,SORBS2,SORCS2,SOX11,SOX6,SOX8,SOX9,SPRTN,SPTBN2,SQLE,SQSTM1,SRPK2,SRRM2,SRRM4,SRSF10,SRSF2,SRSF7,SSBP1,SSBP4,SSUH2,STAG1,STAT1,STAT2,STAT3,STAT4,STK11,STK17B,STK33,STON1,STPG4,STRA8,STRADA,SUB1,SULT2B1,SUPT7L,SUZ12,SVIL,SYBU,SYCP2,SYK,SYNDIG1,SYNDIG1L,SYNE1,SYNE2,SYNPO,TAF15,TAF1B,TAF4,TARBP1,TARDBP,TBC1D5,TBL1XR1,TBX1,TBX2,TBX3,TCERG1L,TCF7L2,TDRP,TEAD4,TECPR1,TENM2,TENM4,TET3,TFEB,TFPT,TGFB1,TGFB1I1,THAP2,THRB,TIPIN,TLE1,TLE2,TLK1,TMEM190,TMEM63A,TMPO,TNK2,TNNI3K,TOP2B,TOX,TOX2,TP53,TP53BP2,TP73,TPPP,TRAF7,TRERF1,TRIM15,TRIM24,TRIM27,TRIM7,TRNT1,TRPS1,TSBP1,TSHZ3,TSPYL5,TTBK1,TTI1,TUBA1C,TUBB2B,TYR,UBD,UBE2L3,UBE2O,UBE2QL1,UBE2V2,UBE2Z,UHRF1,UPF2,USP13,USP18,USP24,USP29,USP36,USP38,USP5,USP7,VCP,VHL,VPS25,VRK2,VTI1A,WDR59,WDR70,WWOX,WWP2,XAB2,XRN1,YAP1,YBX1,ZBED2,ZBTB16,ZBTB5,ZBTB8OS,ZC3H12A,ZC3H12D,ZCCHC8,ZEB2,ZFC3H1,ZFHX3,ZFHX4,ZFPM1,ZFPM2,ZHX2,ZIC1,ZIC4,ZMIZ1,ZNF217,ZNF385A,ZNF385B,ZNF423,ZNF438,ZNF517,ZNF536,ZNF572,ZNF608,ZNF627,ZNF696,ZNF750,ZNRF2,ZXDC	0.0004372163994055487	0.007970791281470388
GO_CC	hypomethylated	Tight Junction (GO:0070160)	84	5291	33010	26	ANK3,CGN,CLDN1,CLDN10,CLDN18,CLDN19,CLDN4,CLDN8,CXADR,CYTH1,CYTH3,EPCAM,F11R,FRMD4A,GJA1,ILDR1,ILDR2,JAM3,MAGI2,OCEL1,PARD3,PRKCZ,RAB13,SIPA1L3,TBCD,VAPA	0.00048153682096443767	0.008453646412486795
GO_CC	hypomethylated	Neurotransmitter Receptor Complex (GO:0098878)	6	5291	33010	5	HTR3A,HTR3B,HTR3D,HTR3E,SHISA9	0.0005491730956843787	0.009296715976942696
GO_CC	hypomethylated	Nucleus (GO:0005634)	4109	5291	33010	730	AASS,ACP3,ACRBP,ACTB,ACTL6B,ADAP1,ADAT3,ADD1,ADIRF,ADNP,ADRA1B,AFF3,AGAP2,AGBL5,AGO2,AHNAK,AHR,AIRE,ANKLE1,ANXA4,APBB2,APCS,APOBEC1,APOBEC3A,APOE,ARID3A,ARID3B,ARID3C,ARID5A,ARL4A,ARNT,ASF1A,ASIC2,ASPSCR1,ATF1,ATF5,ATF6B,ATF7IP,ATOH8,ATXN1,AURKA,AZGP1,BABAM2,BACH2,BASP1,BATF,BCL11A,BCL11B,BCLAF1,BNIP3,BNIP3L,BNIPL,BORCS8-MEF2B,BRCA2,BRD4,BRD8,BRD9,BRWD1,BSN,C1D,CACNA1A,CALM2,CAMK1D,CAMTA1,CAPG,CBFA2T2,CBFA2T3,CCNA1,CCND1,CCNP,CDC25B,CDCA2,CDCA5,CDK14,CDK18,CDK19,CDK6,CDKL1,CDKN1B,CDKN2A,CEBPG,CELF2,CELF4,CEP43,CFAP45,CFAP74,CFTR,CGAS,CHD2,CHD7,CHML,CHTOP,CIDEA,CLIC3,CLSPN,CMAHP,CNOT6,COMMD1,COPS5,COPS7A,CPNE1,CRABP1,CRADD,CREB3L2,CREB3L3,CREB3L4,CREM,CRLF3,CRTC1,CRY2,CSRP3,CTBP2,CTNND2,CTSG,CUX1,CUX2,CXCR4,DAPK1,DAXX,DDX39B,DDX49,DDX56,DEK,DEPDC1,DGKI,DGKQ,DHRS2,DHX9,DIP2B,DLGAP5,DLX1,DMRT1,DNAJB6,DNAJC2,DNASE1L3,DNMT3A,DRG1,DSP,DST,DTX3L,DTYMK,DUSP2,DUT,DYNC1I1,E2F3,E2F6,EAPP,EEF1A1,EEF1A2,EGFR,EHD4,EHF,EIF4ENIF1,EIF5A,ELAC1,ELF1,ELF3,ELF5,ELL3,EMP2,EN1,ENDOG,ENO1,EPAS1,ERCC3,ERCC6,ERCC6L2,ERFL,ERG,ERI1,ESR1,ETS2,ETV6,EVC2,EXOSC10,EXOSC9,EYA1,FAF1,FAM110A,FAM50B,FAM53B,FANCA,FANK1,FAT1,FBXO32,FBXO5,FBXW11,FGF10,FGF12,FHIT,FIGNL1,FLG2,FLI1,FLII,FMN2,FOXC1,FOXH1,FOXI1,FOXK1,FOXL1,FOXN2,FOXP1,FOXP4,FUBP1,GATA4,GATAD2B,GBP4,GCFC2,GDF15,GINS1,GLI2,GLIS1,GLIS3,GLRX2,GON4L,GPC6,GRHL1,GRHL2,GRHL3,GTF2B,GTF2H3,GTF2I,H2BC11,H2BC12,H2BC17,H2BC5,HACE1,HCRTR1,HDAC1,HDAC11,HDAC4,HDAC9,HDGFL3,HELLS,HENMT1,HIC1,HINT3,HIP1,HIVEP2,HIVEP3,HLTF,HMGA1,HMGA2,HMGB1,HMGB2,HMGB4,HNRNPA2B1,HNRNPAB,HNRNPF,HNRNPU,HOPX,HORMAD1,HOXA10,HOXA9,HOXC11,HOXC6,HOXC9,HOXD3,HRNR,HSP90AA1,HSP90AB1,HSPB3,HSPB8,HTATIP2,HUS1,ID4,IER5,IFI16,IGF2BP1,IGF2BP2,IGF2BP3,IGFBP3,IKZF1,ILRUN,INAVA,INPP4A,INSR,IQGAP1,IRAK4,IRF1,IRF5,IRF6,IRF7,IRF8,IRX3,ISG20,ITK,ITPKB,IWS1,JARID2,JPT1,JRK,KAT5,KDM1A,KDM4A,KDM4B,KDM5B,KHDC4,KHDRBS2,KHDRBS3,KIF18B,KLF6,KLHL22,KPNA4,KRT15,LBR,LDB2,LDHC,LEUTX,LHX3,LINC-PINT,LITAF,LMO2,LMX1A,LPIN1,LSM4,LTO1,LUC7L3,LYN,LYZL4,MACROD1,MACROD2,MAGI2,MAK,MAPK13,MAPK15,MAPRE3,MATR3,MCL1,MCM2,MCM3,MCM5,MCM6,MCM9,MDC1,MECOM,MED1,MED15,MED9,MELTF,MESP1,METTL5,MFAP1,MFAP3L,MGMT,MGRN1,MICAL2,MITF,MLF1,MLXIP,MOB1A,MORC1,MORC2,MPO,MSH4,MTMR2,MTOR,MVB12B,MXI1,MYOCD,MYRF,MYT1,MYT1L,NABP1,NARF,NASP,NCAPG,NCOA1,NCOA2,NCOA7,NDUFAF3,NEDD4,NEDD9,NEK1,NEK7,NEUROD6,NF1,NFATC1,NFATC2,NFE2L2,NFE2L3,NFIX,NFKBIL1,NHLRC1,NLRP12,NLRP3,NLRP5,NMD3,NME8,NMNAT1,NMRAL1,NOS1,NOS1AP,NOTCH2,NOTCH4,NOVA2,NPM1,NPPB,NR2F2,NR4A3,NR5A2,NSMCE2,NTAN1,NUCKS1,NUMA1,NUP153,NUP42,NXF1,ODF1,OGDH,ONECUT3,OVOL1,PABPC1,PACRG,PAK2,PALLD,PANK1,PARP1,PARP10,PARP4,PARP9,PASK,PATL2,PBX1,PBX2P1,PBX4,PCBP3,PCNA,PCYT1A,PDE2A,PDE4B,PDS5B,PDXK,PERM1,PFDN2,PFKP,PFN1,PGD,PHACTR1,PHC3,PHF24,PIP,PIP5K1A,PITX1,PITX3,PIWIL4,PKIA,PKM,PKN1,PLAAT1,PLK1,POLE4,POU2F2,PPARD,PPIL4,PPM1H,PPP1R7,PPP2R5A,PPP4R2,PRAME,PRC1,PRDM1,PRDM16,PRDX1,PRDX5,PRIMPOL,PRKCB,PRKN,PRMT3,PRMT8,PROX1,PRPF3,PRPF31,PRSS23,PSEN2,PSMB2,PSMB8,PSMC2,PSMG2,PTBP3,PTK2,PTK6,PTP4A2,PTP4A3,PTPN14,PTPN18,PTPN22,PTPRE,PTTG1,PUS1,PUS7L,PXT1,QKI,RABGAP1L,RAC1,RAD21,RAD23A,RAD51B,RALYL,RAPGEF5,RARB,RASSF5,RB1,RBBP4,RBFOX1,RBFOX3,RBM26,RBM47,RBM5,RBM6,RBP7,RBPJ,RCAN3,RCC1,RERE,REST,RFC4,RFX2,RFX3,RGS10,RGS3,RMI2,RNF165,RNF216,RNF220,RORA,RPL13,RPL15,RPL17,RPL23A,RPL3,RPL30,RPL4,RPL6,RPS18,RPS2,RPS3A,RPS6KA2,RPS7,RRAGD,RREB1,RUNX1,RUNX1T1,RUNX2,RUNX3,RXRB,RYBP,RYK,S100A1,S100A12,S100A13,S100A16,S100A8,S100A9,S100P,SAE1,SALL1,SAP18,SCNM1,SDR16C5,SERF2,SERPINB9,SETDB1,SF3A3,SF3B3,SF3B5,SFI1,SFRP4,SH3RF2,SINHCAF,SIRT6,SLC11A2,SLC39A11,SLC9A3R1,SLU7,SMAD2,SMAD3,SMARCA4,SMARCAL1,SMC4,SMC5,SMYD3,SNRNP25,SNRNP27,SNRPA,SOD1,SORBS2,SOX11,SOX6,SOX8,SOX9,SPRTN,SRPK2,SRRM2,SRRM4,SRSF10,SRSF2,SRSF7,SSBP1,SSBP4,SSUH2,STAG1,STAT1,STAT2,STAT3,STAT4,STK11,STK17B,STK33,STON1,STPG4,STRA8,STRADA,SUB1,SUPT7L,SUZ12,SVIL,SYCP2,SYK,SYMPK,SYNE1,SYNE2,SYNPO,TAF15,TAF1B,TAF4,TARBP1,TARDBP,TBL1XR1,TBX1,TBX2,TBX3,TCERG1L,TCF7L2,TDRP,TEAD4,TENM2,TENM4,TET3,TFEB,TFPT,TGFB1,THAP2,THRB,TIPIN,TLE1,TLE2,TLK1,TMEM190,TMPO,TNK2,TNNI3K,TOP2B,TOX,TOX2,TP53,TP53BP2,TP73,TPPP,TRERF1,TRIM15,TRIM24,TRIM27,TRIM7,TRNT1,TRPS1,TSBP1,TSHZ3,TSPYL5,TTBK1,TTI1,TUBA1C,TUBB2B,UBD,UBE2L3,UBE2O,UBE2QL1,UBE2V2,UBE2Z,UHRF1,UPF2,USP13,USP18,USP24,USP29,USP36,USP38,USP5,USP7,VCP,VHL,VPS25,VRK2,WDR70,WWOX,WWP2,XAB2,XRN1,YAP1,YBX1,ZBED2,ZBTB16,ZBTB5,ZBTB8OS,ZC3H12A,ZC3H12D,ZCCHC8,ZEB2,ZFC3H1,ZFHX3,ZFHX4,ZFPM1,ZFPM2,ZHX2,ZIC1,ZIC4,ZMIZ1,ZNF217,ZNF385A,ZNF385B,ZNF423,ZNF438,ZNF517,ZNF536,ZNF572,ZNF608,ZNF627,ZNF696,ZNF750,ZXDC	0.0007183638123712645	0.011741532657378598
GO_CC	hypomethylated	Ionotropic Glutamate Receptor Complex (GO:0008328)	32	5291	33010	13	CACNG3,CNIH3,GRIA1,GRID2,GRIK2,GRIK3,GRIK4,GRIK5,GRIN2A,GRIN3B,SHISA6,SHISA9,VWC2L	0.0007672050406726255	0.012121839642627483
GO_CC	hypomethylated	MHC Class II Protein Complex (GO:0042613)	12	5291	33010	7	HLA-DMA,HLA-DMB,HLA-DOA,HLA-DOB,HLA-DPA1,HLA-DQA2,HLA-DRA	0.001013070548343593	0.015490175481124616
GO_CC	hypomethylated	Vesicle (GO:0031982)	225	5291	33010	54	ACP3,ACTB,AHNAK,ANXA4,AP3B2,APOE,ASPSCR1,ATP1A1,BASP1,C8B,CALM2,CD9,CLEC16A,CLTC,COL12A1,COL6A3,CST2,CST5,DCTN2,DGKQ,DYNC1I1,EGFR,EZR,HEXD,ITGB2,KCNN4,MUC1,MVB12B,MYO19,MYO1D,MYO1E,MYO1G,NOD2,NOS1,NRXN1,PACRG,PCMT1,PKM,PRKCZ,PROM1,RAB29,RIN3,RIPK2,SERPINE2,SLC11A2,SLC9A3R1,SNAP25,STX5,SYBU,SYT11,TUBA1C,VAMP8,VAPA,WDR54	0.0012317128270685088	0.017860128521397442
GO_CC	hypomethylated	Actin-Based Cell Projection (GO:0098858)	80	5291	33010	24	ACTN2,ANGPT1,CD44,CLIC4,CXADR,ENPP7,ERMN,EZR,JAM3,LCP1,MYO10,MYO1D,MYO1E,MYO1G,MYO3A,PROM1,RIPOR2,SHTN1,SLC9A3R1,SPATA13,TENM2,TGFB1,UTRN,WWOX	0.0012702497888235742	0.017860128521397442
GO_CC	hypomethylated	Intracellular Non-Membrane-Bounded Organelle (GO:0043232)	1113	5291	33010	216	ABCC4,ACTB,ACTN2,ADAM8,ADARB2,ADD1,ALDH3B2,ANK1,ANKFN1,ARID5A,ARL4A,ASIC2,ATXN1,AURKA,BASP1,BIN2,BRWD1,C1D,CALD1,CAMTA1,CAPG,CASP8,CCSAP,CD1E,CDCA2,CDCA5,CHD7,CIDEA,CLTC,CMAHP,COX10,CRADD,CSPP1,CTTN,CYB561A3,DBNL,DDX21,DDX56,DEK,DGAT2,DGKQ,DHX9,DNAJC2,DOCK4,EEF1A1,ELL3,EPB41,EPB41L1,EPB41L3,EPB41L5,ERCC6,ERI1,ETV6,EXOSC10,EXOSC9,FANCG,FBXL22,FBXO5,FMN2,FOXI1,GCFC2,GLI2,GPRC5B,GTF2B,HIP1,HMGB2,HORMAD1,IER5,IFI16,IGF2BP2,IGF2BP3,IQSEC1,ISG20,ITPKB,JPT1,JTB,KAT5,KIF16B,KLF6,LCP1,LDAH,LDB2,LPCAT1,LRRC10,LRRC27,LRRFIP1,MACF1,MACROD2,MAD1L1,MAPRE1,MARS1,MCM2,MCM3,MDC1,MEAK7,MED1,METTL5,MFHAS1,MNDA,MRPS15,MSH4,MTCL1,MXI1,MYO10,MYO1E,NARF,NEDD4,NEDD9,NEK11,NLRP5,NMD3,NOD2,NOM1,NOP14,NOP56,NOS1,NPM1,NRXN1,NUCKS1,NUMA1,NUP153,OARD1,P4HB,PARP1,PARP10,PARVG,PDS5B,PKMYT1,PLA2G4C,PLK1,PNPLA1,PPP1R7,PRC1,PRDM1,PTK2,PTPRM,PYHIN1,PYM1,RAB7A,RAC1,RAD21,RBPJ,RCC1,RHOF,RIPK2,RIPOR2,RORA,RPL13,RPL15,RPL17,RPL23A,RPL26,RPL3,RPL4,RPS10,RPS18,RPS2,RPS3A,RPS7,RUNX3,S100A12,S100A13,S100A16,S100A8,S100A9,SALL1,SDAD1,SDR16C5,SELENBP1,SERPINB13,SF3B3,SHROOM3,SIRT6,SLC29A2,SMARCA4,SNAP25,SNTG1,SPICE1,SPTBN1,SRP68,SRPK2,STAG1,STAT1,SUB1,SUZ12,SYCE1,SYNE1,TAF15,TAF1B,TAF1D,TARDBP,TCHH,TEC,THAP2,TOP2B,TP53,TPM4,TRAF7,TRIM27,TRIM41,TUBGCP3,TUT4,URB1,USP36,UTP25,VCP,VHL,VIM,VMP1,WDFY3,WDR82,ZAR1L,ZC3H12A,ZCCHC8,ZEB2,ZFC3H1	0.0012811062652479178	0.017860128521397442
GO_CC	hypomethylated	Focal Adhesion (GO:0005925)	377	5291	33010	83	ACTB,ACTN2,ADD1,ADGRB1,AHNAK,AKAP12,ARHGAP22,ARPC1B,B2M,BCAR3,CAPN1,CD44,CD9,CDH13,CDH2,CLTC,CTTN,CXCR4,DPP4,DST,EGFR,EVL,EZR,FAT1,FLNB,FLNC,FLRT2,GJA1,GNA12,HMGA1,IL16,IQGAP1,ITGA11,ITGA3,ITGA4,ITGA8,ITGB2,ITGB8,ITGBL1,LCP1,LMLN,MAPRE1,MDC1,MRC2,NEDD9,NELL1,NPM1,P4HB,PABPC1,PALLD,PARVB,PARVG,PFN1,PIP5K1A,PLAUR,PLEC,PTK2,PTPRC,RAC1,RND3,RPL17,RPL3,RPL30,RPL31,RPL4,RPL6,RPS10,RPS18,RPS2,RPS29,RPS3A,RPS7,SCARF2,SNTB1,SRC,SRP68,SVIL,SYNE2,TGFB1I1,TLE2,TLN2,TPM4,VIM	0.0013487361632264678	0.018149319042290283
GO_CC	hypomethylated	Exocytic Vesicle Membrane (GO:0099501)	50	5291	33010	17	DYSF,GABRA2,MCTP1,MCTP2,PTPRN2,SLC17A7,SV2B,SYN3,SYNDIG1,SYNGR2,SYNPR,SYPL1,SYT1,SYT4,SYT5,UNC13A,UNC13C	0.0014041162866967687	0.018149319042290283
GO_CC	hypomethylated	Cell-Substrate Junction (GO:0030055)	383	5291	33010	84	ACTB,ACTN2,ADD1,ADGRB1,AHNAK,AKAP12,ARHGAP22,ARPC1B,B2M,BCAR3,CAPN1,CD44,CD9,CDH13,CDH2,CLTC,CTTN,CXCR4,DPP4,DST,EGFR,EVL,EZR,FAT1,FLNB,FLNC,FLRT2,GJA1,GNA12,HMCN1,HMGA1,IL16,IQGAP1,ITGA11,ITGA3,ITGA4,ITGA8,ITGB2,ITGB8,ITGBL1,LCP1,LMLN,MAPRE1,MDC1,MRC2,NEDD9,NELL1,NPM1,P4HB,PABPC1,PALLD,PARVB,PARVG,PFN1,PIP5K1A,PLAUR,PLEC,PTK2,PTPRC,RAC1,RND3,RPL17,RPL3,RPL30,RPL31,RPL4,RPL6,RPS10,RPS18,RPS2,RPS29,RPS3A,RPS7,SCARF2,SNTB1,SRC,SRP68,SVIL,SYNE2,TGFB1I1,TLE2,TLN2,TPM4,VIM	0.0014240005543484826	0.018149319042290283
GO_CC	hypomethylated	Adherens Junction (GO:0005912)	142	5291	33010	37	ADD1,AJAP1,BAIAP2,BAIAP2L1,CCDC85A,CCDC85C,CDCA3,CDH11,CDH13,CDH18,CDH2,CDH22,CDH26,CDH4,CDH8,CDHR3,CTNNA2,CTNND2,CXADR,CYTH3,DLG2,DSP,EZR,FRMD4A,HMCN1,IGSF21,KLHL24,MYO1E,NECTIN3,NECTIN4,PARD3,PARD3B,PCDHGB4,PLEKHA7,PTPRM,SHROOM3,SPTBN4	0.0014882051080654362	0.018149319042290283
GO_CC	hypomethylated	Cytoplasmic Side Of Plasma Membrane (GO:0009898)	118	5291	33010	32	AJAP1,ANK1,BLK,CHMP4C,CYTH1,ESYT3,EZR,FADD,FARP1,GCOM1,IQGAP1,JAK3,KCNAB1,KCNAB2,LCK,LILRB4,LITAF,LYN,PALM,PRMT8,PTK6,PTPN22,PTPRC,RASA3,RGS1,SAMD12,SPTA1,SRC,SYK,TIAM1,TRAF1,TRAF2	0.0014932984022137574	0.018149319042290283
GO_CC	hypomethylated	Specific Granule (GO:0042581)	152	5291	33010	39	ADAM8,ATP8A1,ATP8B4,B2M,BPI,CAMP,CD177,CD33,CEACAM8,CHI3L1,CLEC12A,CRACR2A,CRISP3,DEGS1,ELANE,FCAR,FPR2,HMOX2,ITGB2,KCNAB2,LAIR1,MS4A3,OLFM4,PDXK,PITX3,PLAUR,PLD1,RAB27A,RAB37,SLC2A5,SLPI,SNAP25,STK10,TCN1,TMC6,TMEM63A,TNFRSF1B,TOLLIP,VAMP8	0.0015381599746160644	0.018227195699200362
GO_CC	hypomethylated	Specific Granule Membrane (GO:0035579)	86	5291	33010	25	ADAM8,ATP8A1,ATP8B4,CD177,CD33,CEACAM8,CLEC12A,DEGS1,FCAR,FPR2,HMOX2,ITGB2,KCNAB2,LAIR1,MS4A3,PLAUR,PLD1,RAB37,SLC2A5,SNAP25,STK10,TMC6,TMEM63A,TNFRSF1B,VAMP8	0.0016664251891850895	0.019265500967652012
GO_CC	hypomethylated	Synaptic Vesicle Membrane (GO:0030672)	51	5291	33010	17	DYSF,GABRA2,MCTP1,MCTP2,PTPRN2,SLC17A7,SV2B,SYN3,SYNDIG1,SYNGR2,SYNPR,SYPL1,SYT1,SYT4,SYT5,UNC13A,UNC13C	0.0017956444552108663	0.020130415638707926
GO_CC	hypomethylated	Bounding Membrane Of Organelle (GO:0098588)	776	5291	33010	155	ACAP2,ADCY3,ADGRE3,ANTXR1,AP1S3,APOB,ARFGEF2,ARL13B,ARMH3,ATG9B,B2M,B3GALNT1,B3GALT4,B3GAT1,B3GNT2,B3GNT3,B3GNT5,B3GNTL1,B4GALT6,BBS9,C5AR1,CACNG2,CACNG3,CASQ2,CD177,CD44,CD55,CD58,CD9,CFTR,CHERP,CHST11,CHST13,CHST2,CHST8,CNIH3,COG5,COPE,CREB3L3,CSF3R,CSGALNACT1,CTSC,CXCR1,CYTH1,CYTH3,DRD2,EGFR,EVC2,EXT1,FPR1,FURIN,FUT3,FUT4,GALNT14,GALNT2,GALNT3,GALNT8,GALNT9,GCNT4,GJA1,GORASP2,GRIA1,HACE1,HLA-DPA1,HLA-DQA2,HLA-DRA,HLA-F,HS3ST2,HS3ST3B1,INSR,IQGAP1,IRAG1,IRAK4,IRF7,ITPR1,ITPR2,KDELR2,LDLRAD4,LYN,MALL,MAN1C1,MAPK8IP3,MGAT4A,MGAT4B,MGAT5,MSR1,MVB12B,NCAM1,NLRP3,NOS1AP,NOTCH2,NOTCH4,OCA2,PDGFD,PGAP4,PLEKHA3,PLEKHF1,PMEPA1,PROS1,PTPRC,PTPRN2,RAB24,RAB30,RAB5A,RAB7A,RAC1,RFFL,RHOBTB2,RHOF,RNF144A,RTN1,RYR1,RYR2,SCAMP5,SHANK2,SIGLEC5,SIRPB1,SLC2A1,SLC35A3,SORL1,SORT1,ST3GAL3,ST3GAL6,ST6GAL1,ST8SIA1,ST8SIA2,ST8SIA3,ST8SIA6,STEAP3,STIM1,STX5,SYT4,TAP1,TBC1D5,TLR4,TMEM184A,TPCN1,TPST1,TRAPPC3L,UNC93B1,VAMP8,VAPA,VPS13B,VPS25,VPS37B,VTI1A,WDR59,WHAMM,WLS,WNT3A,WNT5B,WSCD1,WSCD2,ZDHHC11,ZDHHC13	0.0018261769461275124	0.020130415638707926
GO_CC	hypomethylated	Apical Junction Complex (GO:0043296)	96	5291	33010	27	ANK3,CCDC85C,CGN,CLDN1,CLDN10,CLDN18,CLDN19,CLDN4,CLDN8,CRB2,CXADR,CYTH1,CYTH3,EPCAM,F11R,FRMD4A,JAM3,MAGI2,NECTIN3,OCEL1,PARD3,PARD3B,PLEKHA7,RAB13,SHROOM3,TBCD,VAPA	0.0019011465485605646	0.02048053327312972
GO_CC	hypomethylated	Basement Membrane (GO:0005604)	43	5291	33010	15	COL23A1,COL4A2,COL8A2,COLQ,DST,HMCN1,LAMA1,LAMA3,LAMA4,LAMC1,NID2,P3H2,SMOC2,TINAG,VWA2	0.0019702786429138105	0.020753601705358803
GO_CC	hypomethylated	Melanosome (GO:0042470)	28	5291	33010	11	APOE,MREG,OCA2,RAB17,RAB27A,RAB29,RAB32,SYTL1,SYTL2,TMEM33,TYR	0.0026564477308601876	0.027372961400602806
GO_CC	hypomethylated	Golgi Membrane (GO:0000139)	408	5291	33010	87	AP1S3,ARFGEF2,ARMH3,ATG9B,B2M,B3GALNT1,B3GALT4,B3GAT1,B3GNT2,B3GNT3,B3GNT5,B3GNTL1,B4GALT6,CD55,CHST11,CHST13,CHST2,CHST8,COG5,COPE,CREB3L3,CSGALNACT1,CYTH1,CYTH3,EXT1,FURIN,FUT3,FUT4,GALNT14,GALNT2,GALNT3,GALNT8,GALNT9,GCNT4,GJA1,GORASP2,HACE1,HLA-DPA1,HLA-DQA2,HLA-DRA,HLA-F,HS3ST2,HS3ST3B1,KDELR2,LDLRAD4,MALL,MAN1C1,MAPK8IP3,MGAT4A,MGAT4B,MGAT5,NCAM1,NLRP3,NOTCH2,NOTCH4,PDGFD,PGAP4,PLEKHA3,PMEPA1,PROS1,RAB30,RFFL,RTN1,SCAMP5,SLC2A1,SLC35A3,SORL1,ST3GAL3,ST3GAL6,ST6GAL1,ST8SIA1,ST8SIA2,ST8SIA3,ST8SIA6,STX5,SYT4,TPST1,UNC93B1,VAPA,VPS13B,VTI1A,WHAMM,WLS,WSCD1,WSCD2,ZDHHC11,ZDHHC13	0.0027869761773597263	0.02780680706397723
GO_CC	hypomethylated	Recycling Endosome (GO:0055037)	147	5291	33010	37	APP,ARFGEF2,ATG9B,ATP11B,ATP13A3,B2M,CFTR,COMMD1,DYNC1I1,EHD4,GRIA1,HLA-F,LMTK2,MCTP1,MELTF,PLEKHA3,PLEKHJ1,RAB11FIP3,RAB12,RAB13,RAB17,RAB29,RAC1,RASSF9,SCAMP4,SCAMP5,SLC11A2,SLC30A10,SLC9A3,SLC9B2,SORL1,SYT11,TMEM230,TNF,TPCN1,VAMP8,VPS52	0.0028512208338511333	0.02780680706397723
GO_CC	hypomethylated	Inhibitory Synapse (GO:0060077)	5	5291	33010	4	IGSF21,LHFPL4,NLGN1,SYT11	0.002874543346276127	0.02780680706397723
GO_CC	hypomethylated	Basolateral Plasma Membrane (GO:0016323)	163	5291	33010	40	ABCC3,ABCC4,ADCY8,AJAP1,ANK1,ANK2,ANK3,ATP1A1,AURKA,C5AR1,CD44,CLDN1,CLDN19,CXADR,EGFR,EPB41,EPCAM,ERBB3,EZR,KCNQ1,LPO,MYO1D,NEDD9,NKD2,NOD2,PIANP,RAB17,SLC22A3,SLC22A8,SLC26A1,SLC26A5,SLC29A2,SLC2A1,SLC43A2,SLC47A1,SLC51A,SLC7A5,SLC7A7,TSHR,UMOD	0.003232367971285796	0.030642848367789348
GO_CC	hypomethylated	Tertiary Granule Membrane (GO:0070821)	67	5291	33010	20	ADAM8,ATP8B4,CD177,CD33,CEACAM8,CLEC12A,CYSTM1,FCAR,FPR2,ITGB2,KCNAB2,LAIR1,LILRB2,PLD1,SIGLEC14,SIGLEC5,SNAP25,TMC6,TMEM63A,VAMP8	0.0033118096039514567	0.030780348083784128
GO_CC	hypomethylated	MHC Protein Complex (GO:0042611)	18	5291	33010	8	HLA-DMA,HLA-DMB,HLA-DOA,HLA-DOB,HLA-DPA1,HLA-DQA2,HLA-DRA,HLA-F	0.004156826554085976	0.037891072819937546
GO_CC	hypomethylated	Pigment Granule (GO:0048770)	22	5291	33010	9	MREG,RAB17,RAB27A,RAB29,RAB32,SYTL1,SYTL2,TMEM33,TYR	0.004683330043435149	0.04188487623751435
GO_CC	hypomethylated	Endosome Membrane (GO:0010008)	330	5291	33010	71	ABHD6,ACAP2,ANTXR1,APOB,ATG16L1,ATG9B,ATP11B,ATP13A3,B2M,CFTR,CLEC16A,CLTC,CYB561A3,DAGLA,EGFR,EHD4,EPHB1,GRIA1,HLA-DMA,HLA-DMB,HLA-DRA,HLA-F,INSR,IRAK4,IRF7,KCNH1,KIR2DL4,LAPTM4B,LDLRAD4,MARCHF1,MREG,MVB12B,OCA2,OR51E2,OSBPL6,PLA2G4E,PLEKHF1,PMEPA1,RAB11FIP3,RAB12,RAB17,RAB5A,RAB7A,RAC1,RFFL,RHOBTB2,RNF13,RNF144A,SCAMP4,SCAMP5,SLC11A2,SLC30A10,SLC9A3,SORL1,SORT1,STEAP3,SYNDIG1,TBC1D5,TLR4,TMEM184A,TPCN1,USP50,VAMP8,VPS25,VPS37B,VTI1A,WASHC4,WDR91,WLS,WNT3A,ZDHHC11	0.005117617397970415	0.04418831322835884
GO_CC	hypomethylated	Bicellular Tight Junction (GO:0005923)	74	5291	33010	21	ANK3,CGN,CLDN1,CLDN10,CLDN18,CLDN19,CLDN4,CLDN8,CXADR,CYTH1,CYTH3,EPCAM,F11R,FRMD4A,JAM3,MAGI2,OCEL1,PARD3,RAB13,TBCD,VAPA	0.005127335923121807	0.04418831322835884
GO_CC	hypomethylated	Extrinsic Component Of Cytoplasmic Side Of Plasma Membrane (GO:0031234)	75	5291	33010	21	BLK,CYTH1,ESYT3,FARP1,GCOM1,GNA12,GNA14,GNA15,GNAS,GNG2,IQGAP1,JAK3,KCNAB1,KCNAB2,LCK,LYN,PTK6,RGS1,SRC,SYK,TIAM1	0.006066662981608464	0.0513499688086145
GO_CC	hypomethylated	9+2 Motile Cilium (GO:0097729)	64	5291	33010	18	ATP1A1,CCR6,CFAP251,CFAP45,CFAP74,DCDC2C,DNAH17,DNAH5,DNAH8,DNAH9,IQCG,LYZL4,ODF1,SPATA19,SPEF2,TACR1,TCTE1,TTLL3	0.010077333527470509	0.08380098407054423
GO_CC	hypomethylated	Filopodium (GO:0030175)	55	5291	33010	16	ACTN2,ANTXR1,CXADR,ERMN,EZR,ITGA3,LCP1,MYO10,MYO3A,PALM,RIPOR2,SHTN1,SPATA13,SYNE2,TENM2,UTRN	0.010570757685771247	0.08638860591475123
GO_CC	hypomethylated	Tertiary Granule (GO:0070820)	154	5291	33010	36	ADAM8,ADGRE3,ATP8B4,B2M,CAMP,CD177,CD33,CD55,CD58,CEACAM8,CLEC12A,CRISP3,CYSTM1,DBNL,DSP,FCAR,FLG2,FPR1,FPR2,HBB,ITGB2,KCNAB2,LAIR1,LILRB2,OLFM4,PITX3,PLD1,PTPRN2,RAC1,SIGLEC14,SIGLEC5,SNAP25,TCN1,TMC6,TMEM63A,VAMP8	0.011117159860471676	0.08931413176039957
GO_CC	hypomethylated	Cation Channel Complex (GO:0034703)	51	5291	33010	15	CALM2,CASQ2,CNGA3,CNGB3,HTR3A,HTR3B,HTR3D,HTR3E,KCNA5,KCNA6,KCNAB1,MCUB,RYR1,RYR2,TRPM2	0.011772674782406858	0.09033230806616525
GO_CC	hypomethylated	Sarcolemma (GO:0042383)	51	5291	33010	15	ANK2,ANK3,ATP1A1,DYSF,FLNC,FXYD1,NOS1,NOS1AP,PLEC,RYR1,RYR2,SGCD,SLC2A1,SLC2A5,SLC8A1	0.011772674782406858	0.09033230806616525
GO_CC	hypomethylated	Cortical Actin Cytoskeleton (GO:0030864)	42	5291	33010	13	ACTN2,AKAP13,CDH2,COTL1,EEF1A1,GCOM1,MYRIP,SHROOM3,SLC2A1,SPTA1,SPTBN1,SPTBN2,SPTBN4	0.011815618354646088	0.09033230806616525
GO_CC	hypomethylated	Early Endosome Membrane (GO:0031901)	104	5291	33010	26	ATP11B,ATP13A3,B2M,DAGLA,EGFR,EPHB1,GRIA1,HLA-F,KCNH1,KIR2DL4,LDLRAD4,LITAF,MARCHF1,OR51E2,OSBPL6,PLA2G4E,PMEPA1,RAB5A,SLC30A10,SYNDIG1,TMEM184A,TPCN1,WASHC4,WDR91,WLS,WNT3A	0.012091890196056384	0.09097707861794803
GO_CC	hypomethylated	Secretory Granule Lumen (GO:0034774)	294	5291	33010	62	ACTN2,AGA,ALOX5,APP,ARHGAP45,ARHGAP9,B2M,BIN2,BPI,C3,CAMP,CHI3L1,COTL1,CPPED1,CRACR2A,CREG1,CRISP3,CRISPLD2,CTSC,CTSG,DBNL,EEF1A1,ELANE,FCN1,FN1,GHRL,HMGB1,HRNR,HSP90AA1,HSP90AB1,IGF1,IGF2,LEFTY2,LGALS13,MNDA,MPO,NRG1,OLFM4,PDXK,PGAM1,PITX3,PKM,POMC,PROS1,PRSS57,PRTN3,PSMC2,PSMD6,PYGL,RAB27A,RNASET2,S100A12,S100A8,S100A9,S100P,SLPI,TCN1,TGFB1,TOLLIP,VCP,VEGFC,VWF	0.012880935163660219	0.0953994260558585
GO_CC	hypomethylated	CMG Complex (GO:0071162)	10	5291	33010	5	GINS1,MCM2,MCM3,MCM5,MCM6	0.013095295204855046	0.09549492195540449
GO_CC	hypomethylated	Endoplasmic Reticulum Lumen (GO:0005788)	268	5291	33010	57	ADAMTS7,APOB,APOE,APP,B2M,BDNF,C3,CASQ2,CDH2,COL11A2,COL12A1,COL16A1,COL18A1,COL20A1,COL21A1,COL23A1,COL25A1,COL4A2,COL5A1,COL5A2,COL5A3,COL6A3,COL8A1,COL8A2,COL9A1,COL9A2,COL9A3,COLGALT2,CP,CTSC,CYP2W1,FGF23,FN1,GHRL,IGFBP3,IGFBP7,IL12A,IL12B,IL6,ITIH2,LAMC1,LTBP1,MELTF,MGAT4A,P3H2,P4HA2,P4HB,PDGFD,PDIA6,PLAUR,PRSS23,RNASET2,SDC2,STC2,SUMF1,WNT3A,WNT5B	0.013980094874274424	0.10040249955160722
GO_CC	hypomethylated	Synaptic Membrane (GO:0097060)	30	5291	33010	10	DAGLA,GRIA1,GRIN2A,ITGA3,MTMR2,NLGN1,PDE2A,SHISA6,SHISA9,SLITRK3	0.015157997349426867	0.10143938241068713
GO_CC	hypomethylated	Death-Inducing Signaling Complex (GO:0031264)	7	5291	33010	4	CASP8,CFLAR,FADD,FAF1	0.01533673545764645	0.10143938241068713
GO_CC	hypomethylated	Dendritic Spine Membrane (GO:0032591)	7	5291	33010	4	DAGLA,GRIA1,SHISA6,SHISA9	0.01533673545764645	0.10143938241068713
GO_CC	hypomethylated	Outer Dynein Arm (GO:0036157)	7	5291	33010	4	DNAH17,DNAH5,DNAH8,NME8	0.01533673545764645	0.10143938241068713
GO_CC	hypomethylated	Spectrin-Associated Cytoskeleton (GO:0014731)	7	5291	33010	4	ANK3,EPB41,SPTA1,SPTBN1	0.01533673545764645	0.10143938241068713
GO_CC	hypomethylated	GABA-ergic Synapse (GO:0098982)	14	5291	33010	6	BSN,CBLN4,DISC1,MDGA1,NLGN1,SLITRK3	0.015836528055676893	0.10143938241068713
GO_CC	hypomethylated	Axonal Growth Cone (GO:0044295)	14	5291	33010	6	DCC,HSP90AA1,HSP90AB1,MYO9A,OLFM1,SHTN1	0.015836528055676893	0.10143938241068713
GO_CC	hypomethylated	Endopeptidase Complex (GO:1905369)	14	5291	33010	6	CASP9,CFH,CRADD,FCN1,FCN2,PLAUR	0.015836528055676893	0.10143938241068713
GO_CC	hypomethylated	Polymeric Cytoskeletal Fiber (GO:0099513)	249	5291	33010	53	ACTN2,APC2,BFSP1,BFSP2,CCT4,CCT5,CCT6A,COTL1,CTTN,DCDC2C,DISC1,DNM3,DSP,DST,DYNC2H1,EML1,EZR,FHDC1,GAS7,IQGAP1,KCNAB2,KIF16B,KIF17,KIF24,KIF25,KIF5A,KRT75,LCP1,MACF1,MAP6D1,MAPRE1,MICAL2,NEFM,ODF1,OPA1,PAK1,PALLD,PLEC,PLS1,RAC1,RADIL,SEPTIN9,SLC1A4,SPTBN4,SYBU,TBCD,TCP11L1,TPM4,TPPP,TRIM55,TUBA1C,TUBB2B,VIM	0.01700125705129582	0.10744794456418959
GO_CC	hypomethylated	Microfibril (GO:0001527)	11	5291	33010	5	ADAMTSL5,LTBP1,MFAP1,MFAP2,THSD4	0.02087817432252939	0.13021387669577542
GO_CC	hypomethylated	Endosome Lumen (GO:0031904)	23	5291	33010	8	AP4E1,APOB,APP,B2M,IL12A,IL12B,LNPEP,RAB32	0.022136857925895887	0.1358262540007086
GO_CC	hypomethylated	Intracellular Organelle Lumen (GO:0070013)	808	5291	33010	151	AASS,ACP6,ACSF3,ACSM5,ADAMTS7,ADHFE1,AKR1B15,ALDH1L2,ALDH2,ALOX5,AP4E1,APOB,APOE,APP,AUH,B2M,BDNF,BIN2,C3,CALML5,CAMP,CAPN1,CDH2,COL11A2,COL12A1,COL16A1,COL18A1,COL20A1,COL21A1,COL23A1,COL25A1,COL4A2,COL5A1,COL5A2,COL5A3,COL6A3,COL8A1,COL8A2,COL9A1,COL9A2,COL9A3,COLGALT2,COQ3,COTL1,CP,CRISP3,CRISPLD2,CTSC,CYP2W1,D2HGDH,DBNL,DGLUCY,EEF1A1,EGFR,ETFBKMT,FAHD1,FARS2,FCN1,FGF23,FLG2,FN1,FURIN,GHRL,GLS,GPC5,GPC6,HBB,HMGB1,HMGCL,HSD17B8,HSP90AA1,HSP90AB1,IBA57,IDH2,IGFBP3,IGFBP7,IL12A,IL12B,IL6,INSR,ITIH2,LAMC1,LIAS,LTBP1,LYRM4,MAIP1,MCAT,MCCC1,MCCC2,ME3,MELTF,MGAT4A,MNDA,MRM3,MTHFD1L,MUC1,MUC13,MUC15,MUC6,NARF,NGF,NMNAT3,NSUN4,NUBPL,NUDT13,OGDH,OGDHL,OLFM4,P3H2,P4HA2,P4HB,PCCA,PCSK6,PDE2A,PDGFD,PDIA6,PDSS1,PGAM1,PITX3,PKM,PLAUR,PPTC7,PRDX3,PRDX5,PRIMPOL,PROS1,PRSS23,PSMC2,PSMD6,PUS1,PYCR2,PYGL,RNASET2,SDC2,SOD1,SSBP1,STC2,SUCLA2,SUMF1,SYNE2,TBRG4,TCN1,TFB2M,TGFB1,TK1,TRNT1,UMOD,VCP,WARS2,WNT3A,WNT5B	0.022351155721635596	0.1358262540007086
GO_CC	hypomethylated	Myosin Filament (GO:0032982)	15	5291	33010	6	MYH1,MYH13,MYH4,MYH7B,MYH8,MYO18B	0.022876836453092356	0.13726101871855415
GO_CC	hypomethylated	Sperm Flagellum (GO:0036126)	55	5291	33010	15	ATP1A1,CCR6,CFAP251,CFAP74,DCDC2C,DNAH17,DNAH8,IQCG,LYZL4,ODF1,SPATA19,SPEF2,TACR1,TCTE1,TTLL3	0.0235394421496393	0.13947119473661287
GO_CC	hypomethylated	Junctional Sarcoplasmic Reticulum Membrane (GO:0014701)	8	5291	33010	4	CASQ2,JPH3,RYR1,RYR2	0.026816868701560363	0.15619097519597874
GO_CC	hypomethylated	Cytoplasmic Vesicle Lumen (GO:0060205)	111	5291	33010	26	ALOX5,ARHGAP45,ARHGAP9,BIN2,C3,COTL1,CRISPLD2,DBNL,EEF1A1,FCN1,GHRL,HMGB1,HSP90AA1,HSP90AB1,PDXK,PGAM1,PKM,POMC,PSMC2,PSMD6,PYGL,S100A12,S100A8,S100A9,S100P,VCP	0.027020379675253704	0.15619097519597874
GO_CC	hypomethylated	Cytoplasmic Vesicle Membrane (GO:0030659)	367	5291	33010	73	ABCA4,ACAP2,ADGRE3,ANTXR1,AP1S3,APOB,C5AR1,CACNG2,CACNG3,CD177,CD44,CD55,CD58,CD9,CFTR,CSF3R,CXCR1,DYSF,EGFR,FAM170B,FMN2,FPR1,GJA1,GRIA1,HLA-DPA1,HLA-DQA2,HLA-DRA,INSR,IQGAP1,IRAK4,IRF7,ITPR1,ITPR2,IYD,LYN,MREG,MSR1,MVB12B,NSG2,OCA2,PLEKHF1,PMEPA1,PTPRC,PTPRN2,RAB24,RAB5A,RAB7A,RAC1,RFFL,RHOBTB2,RHOF,RNF144A,SIGLEC5,SIRPB1,SORL1,SORT1,SPIRE2,STEAP3,TBC1D5,TLR4,TMEM184A,TMEM190,TPCN1,VAMP8,VOPP1,VPS25,VPS37B,WLS,WNT3A,WNT5B,ZDHHC11,ZDHHC13,ZNRF2	0.027633691435572393	0.15781168362001582
GO_CC	hypomethylated	Aggresome (GO:0016235)	33	5291	33010	10	HOXC9,HOXD3,KLHL14,PRDM16,PRKCQ,PRKN,RNF32,SQSTM1,UBD,UBQLN1	0.02969921954891323	0.1675884531688675
GO_CC	hypomethylated	Dense Core Granule (GO:0031045)	16	5291	33010	6	MYRIP,PDYN,SYT1,SYT4,SYT5,SYT9	0.03174576867126401	0.1703586877284667
GO_CC	hypomethylated	Desmosome (GO:0030057)	16	5291	33010	6	CDH2,DSG2,DSP,JAM3,KAZN,KLHL24	0.03174576867126401	0.1703586877284667
GO_CC	hypomethylated	Apicolateral Plasma Membrane (GO:0016327)	5	5291	33010	3	CXADR,MTCL1,NEDD4	0.03190209445095867	0.1703586877284667
GO_CC	hypomethylated	Nuclear Envelope Lumen (GO:0005641)	5	5291	33010	3	APP,PLAAT1,SORL1	0.03190209445095867	0.1703586877284667
GO_CC	hypomethylated	Microvillus (GO:0005902)	57	5291	33010	15	ANGPT1,CD44,CLIC4,ENPP7,EZR,JAM3,MYO1D,MYO1E,MYO1G,PROM1,SLC7A5,SLC9A3R1,SYTL1,TGFB1,WWOX	0.03198717976336189	0.1703586877284667
GO_CC	hypomethylated	Sarcoplasmic Reticulum (GO:0016529)	43	5291	33010	12	ANK3,CASQ2,CHERP,ITPR1,ITPR2,NOS1,NOS1AP,RYR1,RYR2,S100A1,STIM1,SYNE2	0.0340843341521694	0.17951082653475886
GO_CC	hypomethylated	Late Endosome Membrane (GO:0031902)	78	5291	33010	19	ABHD6,ATP13A3,CHMP4C,CYB561A3,HLA-DMA,HLA-DMB,HLA-DRA,LAPTM4B,LITAF,MARCHF1,MREG,NSG2,RAB27A,RAB7A,RNF13,SLC11A2,VAMP8,VTI1A,WDR91	0.03705362529351826	0.1930045976827215
GO_CC	hypomethylated	Actin Filament (GO:0005884)	64	5291	33010	16	ACTN2,APC2,COTL1,CTTN,EZR,FHDC1,GAS7,IQGAP1,LCP1,MICAL2,PAK1,PALLD,PLS1,RAC1,SPTBN4,TPM4	0.042550384973222395	0.21544007984619631
GO_CC	hypomethylated	Chitosome (GO:0045009)	13	5291	33010	5	MREG,OCA2,RAB27A,RAB32,TYR	0.0440879488292849	0.21544007984619631
GO_CC	hypomethylated	Exocytic Vesicle (GO:0070382)	13	5291	33010	5	IGF1,NKD2,RAB27A,SYTL1,SYTL2	0.0440879488292849	0.21544007984619631
GO_CC	hypomethylated	Melanosome Membrane (GO:0033162)	13	5291	33010	5	MREG,OCA2,RAB27A,RAB32,TYR	0.0440879488292849	0.21544007984619631
GO_CC	hypomethylated	Pigment Granule Membrane (GO:0090741)	13	5291	33010	5	MREG,OCA2,RAB27A,RAB32,TYR	0.0440879488292849	0.21544007984619631
GO_CC	hypomethylated	Secretory Vesicle (GO:0099503)	13	5291	33010	5	IGF1,NKD2,RAB27A,SYTL1,SYTL2	0.0440879488292849	0.21544007984619631
GO_CC	hypomethylated	Sarcoplasmic Reticulum Membrane (GO:0033017)	26	5291	33010	8	CASQ2,CHERP,ITPR2,JPH3,NOS1AP,RYR1,RYR2,STIM1	0.04539910406512915	0.21907710231581834
GO_CC	hypomethylated	Cornified Envelope (GO:0001533)	40	5291	33010	11	DSG2,DSP,FLG2,HRNR,IVL,KAZN,LCE1D,PI3,SPRR1A,SPRR2A,TCHH	0.045756609977354465	0.21907710231581834
GO_CC	hypomethylated	Clathrin-Coated Endocytic Vesicle Membrane (GO:0030669)	60	5291	33010	15	APOB,APOE,CD9,CFTR,CHRM2,CLTC,EGFR,HLA-DPA1,HLA-DQA2,HLA-DRA,RAB5A,ROR2,SYT1,SYT9,VAMP8	0.04851386445599003	0.22995571752139274
GO_CC	hypomethylated	Lysosomal Membrane (GO:0005765)	334	5291	33010	65	ABCA2,ABHD6,ACP3,AHNAK,AP1S3,ATG16L1,ATP11B,ATP8A1,BRI3,CEACAM8,CFTR,CHMP4C,CLEC16A,CLTC,CP,CPNE1,CSF3R,CYB561A3,DAGLB,DPP4,EEF1A1,EEF1A2,FPR1,GPR137B,HLA-DMA,HLA-DMB,HLA-DOA,HLA-DOB,HLA-DPA1,HLA-DQA2,HLA-DRA,HLA-F,ITFG2,LAPTM4B,LITAF,LNPEP,LPCAT1,LRRC8E,LYN,MARCHF1,MEAK7,MGST1,MTOR,NAPG,OCA2,OSTM1,PLA2G4E,PLD1,PLEKHF1,PSEN2,RAB37,RAB7A,RNF13,RPTOR,SLC11A2,SNAPIN,TECPR1,TFEB,TM6SF1,TMEM63A,TMEM79,TPCN1,VAMP8,VAPA,WDR59	0.052786481324559285	0.24700186107234215
GO_CC	hypomethylated	Clathrin-Coated Endocytic Vesicle (GO:0045334)	76	5291	33010	18	APOB,APOE,CD9,CFTR,CHRM2,CLTC,EGFR,HLA-DPA1,HLA-DQA2,HLA-DRA,MYO1E,RAB5A,ROR2,SFTPA2,SFTPD,SYT1,SYT9,VAMP8	0.05316333336282396	0.24700186107234215
GO_CC	hypomethylated	Azurophil Granule (GO:0042582)	145	5291	33010	31	ACP3,AGA,ARHGAP45,ATP11B,ATP8A1,BPI,BRI3,C3,CEACAM8,CPNE1,CPPED1,CREG1,CTSC,CTSG,ELANE,FPR1,HRNR,LGALS13,LPCAT1,MGST1,MNDA,MPO,OLFM4,PRSS57,PRTN3,RAB37,RNASET2,TOLLIP,VAMP8,VAPA,VCP	0.05371665255816552	0.24700186107234215
GO_CC	hypomethylated	Recycling Endosome Membrane (GO:0055038)	66	5291	33010	16	ATG9B,ATP13A3,B2M,EHD4,GRIA1,HLA-F,RAB11FIP3,RAB12,RAB17,RAC1,SCAMP4,SCAMP5,SLC30A10,SLC9A3,TPCN1,VAMP8	0.05466127949958625	0.24700186107234215
GO_CC	hypomethylated	AMPA Glutamate Receptor Complex (GO:0032281)	18	5291	33010	6	CACNG3,CNIH3,GRIA1,SHISA6,SHISA9,VWC2L	0.055469145949914346	0.24700186107234215
GO_CC	hypomethylated	B-WICH Complex (GO:0110016)	6	5291	33010	3	DDX21,DEK,ERCC6	0.056278905054457706	0.24700186107234215
GO_CC	hypomethylated	Low-Density Lipoprotein Particle (GO:0034362)	6	5291	33010	3	APOB,APOC2,APOE	0.056278905054457706	0.24700186107234215
GO_CC	hypomethylated	Membrane Attack Complex (GO:0005579)	6	5291	33010	3	C6,C7,C8B	0.056278905054457706	0.24700186107234215
GO_CC	hypomethylated	Clathrin-Coated Vesicle Membrane (GO:0030665)	82	5291	33010	19	APOB,APOE,CD9,CFTR,CHRM2,CLTC,EGFR,GAD2,HLA-DPA1,HLA-DQA2,HLA-DRA,MYCBPAP,RAB5A,RASSF9,ROR2,SLC17A7,SYT1,SYT9,VAMP8	0.058147138530934055	0.25286003361158477
GO_CC	hypomethylated	nBAF Complex (GO:0071565)	14	5291	33010	5	ACTL6B,ARID1B,DPF1,DPF3,SMARCA4	0.059783182592400466	0.25761116862543476
GO_CC	hypomethylated	Early Phagosome (GO:0032009)	10	5291	33010	4	RAB5A,SYK,SYT11,UNC93B1	0.06167388625521508	0.25870285030948625
GO_CC	hypomethylated	Filopodium Membrane (GO:0031527)	10	5291	33010	4	ITGA3,PALM,SYNE2,UTRN	0.06167388625521508	0.25870285030948625
GO_CC	hypomethylated	Platelet Dense Tubular Network (GO:0031094)	10	5291	33010	4	F2R,IRAG1,ITPR1,ITPR2	0.06167388625521508	0.25870285030948625
GO_CC	hypomethylated	ER To Golgi Transport Vesicle Membrane (GO:0012507)	52	5291	33010	13	B2M,CNIH3,GRIA1,HLA-DPA1,HLA-DQA2,HLA-DRA,HLA-F,KLHL12,SAR1A,SEC16B,SEC23B,STX5,VTI1A	0.06335246160649846	0.26341286667965147
GO_CC	hypomethylated	Microtubule (GO:0005874)	175	5291	33010	36	AURKA,CALM2,CCT4,CCT5,CCT6A,DCDC2C,DISC1,DNM3,DYNC2H1,EML1,FAM110A,FHDC1,IQGAP1,KCNAB2,KIF16B,KIF17,KIF24,KIF25,KIF5A,MACF1,MAP6D1,MAPRE1,NUMA1,OPA1,PARP4,PLK1,PRC1,RADIL,SEPTIN9,SYBU,TBCD,TCP11L1,TPPP,TRIM55,TUBA1C,TUBB2B	0.06527283083587966	0.2690375810104953
GO_CC	hypomethylated	Extracellular Vesicle (GO:1903561)	58	5291	33010	14	APOE,ATP1A1,C8B,CD9,CLTC,COL12A1,COL6A3,HEXD,ITGB2,PCMT1,PKM,PROM1,SERPINE2,SLC11A2	0.07130515650126432	0.28833467957560033
GO_CC	hypomethylated	Specific Granule Lumen (GO:0035580)	58	5291	33010	14	B2M,BPI,CAMP,CHI3L1,CRACR2A,CRISP3,ELANE,OLFM4,PDXK,PITX3,RAB27A,SLPI,TCN1,TOLLIP	0.07130515650126432	0.28833467957560033
GO_CC	hypomethylated	Cell Projection Membrane (GO:0031253)	100	5291	33010	22	ADCY3,ANTXR1,ARL13B,BBS9,DRD2,EVC2,GNA12,ITGA3,PALM,PEX19,SHANK2,SLC11A2,SLC17A3,SLC20A2,SLC22A5,SLC26A4,SLC7A5,SLC9A3,SLC9A3R1,SYNE2,SYTL1,UTRN	0.07177951938801864	0.28833467957560033
GO_CC	hypomethylated	GABA-A Receptor Complex (GO:1902711)	15	5291	33010	5	GABRA2,GABRB2,GABRB3,GABRD,GABRP	0.0782363556620545	0.311630525914402
GO_CC	hypomethylated	SWI/SNF Complex (GO:0016514)	29	5291	33010	8	ACTL6B,ARID1B,BCL11A,BCL11B,BRD9,DPF3,RB1,SMARCA4	0.08065911556272665	0.3159704196424168
GO_CC	hypomethylated	Rough Endoplasmic Reticulum (GO:0005791)	29	5291	33010	8	HGFAC,HM13,PKM,RPL4,SFTPA2,SFTPD,TMCC1,ZC3H12A	0.08065911556272665	0.3159704196424168
GO_CC	hypomethylated	TORC2 Complex (GO:0031932)	7	5291	33010	3	MTOR,PRR5L,TTI1	0.08698553225206619	0.33796018268425715
GO_CC	hypomethylated	Plasma Membrane Raft (GO:0044853)	81	5291	33010	18	CD177,CDH13,EMP2,EZR,F2R,FXYD1,INSR,ITGB2,KCNA5,KCNMA1,LRP8,MS4A1,NOS1AP,PRTN3,SELE,SELPLG,SRC,STIM1	0.08917066174208427	0.34363328183534914
GO_CC	hypomethylated	Nuclear Chromosome (GO:0000228)	92	5291	33010	20	BRD4,BRD8,EP400,EXOSC9,FIGNL1,GINS1,HMGA2,HNRNPU,KAT5,MCM2,MCM3,MCM5,MCM6,NCAPG,RCC1,SF3B3,SMC4,SMCHD1,TFPT,TTN	0.09152550851812377	0.3498636373999247
GO_CC	hypomethylated	trans-Golgi Network (GO:0005802)	226	5291	33010	44	AP1S3,AP4E1,APP,ARFGEF2,ATG9B,ATP8A1,ATP8B3,ATP8B4,CALN1,CHST2,CLTC,CNST,COG5,FURIN,FUT4,HLA-DPA1,HLA-DQA2,HLA-DRA,HOOK2,MARCHF1,MS4A6A,MS4A6E,NBEA,NSG2,PCSK2,PLEKHA3,PLEKHJ1,RAB13,RAB29,RAB30,RAB32,RAC1,RBFOX1,RGS20,SCAMP4,SCAMP5,SORL1,SYT11,TMEM230,TMEM79,TRAPPC9,VPS52,VTI1A,WLS	0.09501862707414711	0.35751398202855256
GO_CC	hypomethylated	Lytic Vacuole (GO:0000323)	209	5291	33010	41	ACP3,AGA,CD1D,CLTC,CST7,CTSC,CTSG,CXCR4,DRAM1,DTX3L,EPDR1,HGS,HLA-DOB,HLA-DRA,KCNQ1,KLHL22,LAPTM4B,MARCHF1,MFHAS1,MFSD1,MPO,MTOR,NEU4,PLAAT1,PLEKHF1,RAB12,RAB27A,RAB7A,RFFL,RNASET2,RPTOR,RRAGD,SFTPD,SORT1,SRC,SYT11,TINAG,TPCN1,TYR,UNC93B1,USP5	0.09503536231138739	0.35751398202855256
GO_CC	hypomethylated	Endocytic Vesicle (GO:0030139)	181	5291	33010	36	APOB,APOE,CACNG2,CACNG3,CD9,CLTC,CSF3R,CTTN,DPP4,DYSF,EHD4,GRIA1,HBB,HLA-DPA1,HLA-DQA2,HLA-DRA,HSP90AA1,LYN,MSR1,MTOR,MYO1E,NOD2,PLD1,RAB11FIP3,RAB13,RAB17,RAB32,RAB5A,RAB7A,RIN3,SFTPA2,SFTPD,SYT11,WLS,WNT3A,WNT5B	0.09613302309447883	0.35879569249435406
GO_CC	hypomethylated	Vesicle Membrane (GO:0012506)	66	5291	33010	15	ACP3,ANXA4,AP1S3,ASPSCR1,DGKQ,DYSF,FMN2,IYD,MREG,NOS1,NSG2,SPIRE2,TMEM184A,VOPP1,ZNRF2	0.09756264415397463	0.35971098530104223
GO_CC	hypomethylated	Azurophil Granule Lumen (GO:0035578)	82	5291	33010	18	AGA,ARHGAP45,BPI,C3,CPPED1,CREG1,CTSC,CTSG,ELANE,HRNR,LGALS13,MNDA,MPO,PRSS57,PRTN3,RNASET2,TOLLIP,VCP	0.09789602764522036	0.35971098530104223
GO_CC	hypomethylated	Extracellular Membrane-Bounded Organelle (GO:0065010)	56	5291	33010	13	APOE,ATP1A1,C8B,CD9,CLTC,COL12A1,COL6A3,HEXD,ITGB2,PCMT1,PKM,SERPINE2,SLC11A2	0.10297369668493414	0.37259184907373116
GO_CC	hypomethylated	Transport Vesicle Membrane (GO:0030658)	56	5291	33010	13	B2M,CNIH3,GRIA1,HLA-DPA1,HLA-DQA2,HLA-DRA,HLA-F,RASSF9,SEC16B,SLC17A7,STX5,SYT1,VTI1A	0.10297369668493414	0.37259184907373116
GO_CC	hypomethylated	Endocytic Vesicle Lumen (GO:0071682)	21	5291	33010	6	APOB,APOE,HBB,HGS,HSP90AA1,MPO	0.10666739305036488	0.38195906663624574
GO_CC	hypomethylated	Heterochromatin (GO:0000792)	46	5291	33010	11	CDKN2A,FOXC1,HELLS,HMGA1,HMGA2,IKZF1,MORC2,SALL1,SIRT6,TASOR,UHRF1	0.1077233830111254	0.38195906663624574
GO_CC	hypomethylated	Lysosome (GO:0005764)	472	5291	33010	86	ABHD6,ACP3,AGA,AHNAK,AP1S3,APOB,CD1D,CFTR,CHMP4C,CLTC,CP,CSF3R,CST7,CTSC,CTSG,CXCR4,CYB561A3,DAGLB,DPP4,DRAM1,DTX3L,EPDR1,GPC5,GPC6,GPR137B,HGS,HLA-DMA,HLA-DMB,HLA-DOA,HLA-DOB,HLA-DPA1,HLA-DQA2,HLA-DRA,HLA-F,HSP90AA1,ITFG2,KCNQ1,KLHL22,LAPTM4B,LITAF,LNPEP,LRRC8E,LYN,MARCHF1,MEAK7,MFHAS1,MFSD1,MPO,MTOR,NAPG,NEU4,NRG1,OCA2,OSTM1,PLA2G4E,PLAAT1,PLD1,PLEKHF1,PSEN2,RAB12,RAB27A,RAB7A,RFFL,RNASET2,RNF13,RPTOR,RRAGD,SDC2,SERPINB13,SFTPD,SLC11A2,SORT1,SRC,SYT11,TECPR1,TFEB,TINAG,TM6SF1,TMEM63A,TMEM79,TPCN1,TYR,UNC93B1,USP5,VAMP8,WDR59	0.10797998930222981	0.38195906663624574
GO_CC	hypomethylated	Platelet Alpha Granule (GO:0031091)	78	5291	33010	17	ACTN2,APP,CD109,CD9,FN1,IGF1,IGF2,LEFTY2,LHFPL2,NRG1,PCDH7,PROS1,SERPINE2,TGFB1,THBS2,VEGFC,VWF	0.11098214010770639	0.389670625267058
GO_CC	hypomethylated	Cytoplasmic Side Of Lysosomal Membrane (GO:0098574)	12	5291	33010	4	EEF1A1,EEF1A2,LITAF,SNAPIN	0.11190393661258079	0.3900181320173772
GO_CC	hypomethylated	Ficolin-1-Rich Granule Membrane (GO:0101003)	57	5291	33010	13	ADGRE3,CD55,CD58,DSP,FCAR,FPR1,FPR2,ITGB2,LILRB2,PTPRN2,RAC1,SIGLEC14,SIGLEC5	0.11477999687547004	0.3971220329852029
GO_CC	hypomethylated	Nuclear Lumen (GO:0031981)	724	5291	33010	128	ABCC4,ADARB2,ARID5A,ARL4A,ASIC2,ATXN1,BRWD1,C1D,CAMTA1,CAPG,CD1E,CHD7,COX10,CRADD,CYB561A3,DDX21,DDX56,DEK,DGKQ,DHX9,DNAJC2,DOCK4,EEF1A1,ELL3,ERCC6,ERI1,ETV6,EXOSC10,EXOSC9,FANCG,FBXL22,FIGNL1,FMN2,FOXI1,GCFC2,GLI2,GPRC5B,HMGA2,HMGB2,HNRNPU,IER5,IFI16,IGF2BP3,INSR,IQSEC1,ISG20,JPT1,KAT5,KLF6,LDB2,MACROD2,MARS1,MCM2,MCM3,MEAK7,MED1,METTL5,MNDA,MRPS15,MXI1,MYO10,NARF,NEDD4,NEK11,NLRP5,NMD3,NOM1,NOP14,NOP56,NPM1,NRXN1,NUCKS1,NUP153,OARD1,PARP1,PARP10,PKMYT1,PRDM1,PYHIN1,PYM1,RBPJ,RORA,RPL13,RPL17,RPL23A,RPL26,RPL3,RPL4,RPS10,RPS2,RPS3A,RPS7,RUNX3,S100A13,S100A16,SDAD1,SELENBP1,SERPINB13,SF3B3,SIRT6,SLC29A2,SMARCA4,SPTBN1,SRPK2,STAT1,SUB1,SUZ12,SYNE1,SYNE2,TAF15,TAF1B,TAF1D,THAP2,TOP2B,TP53,TRAF7,TRIM27,TRIM41,TUT4,URB1,USP36,UTP25,VMP1,WDFY3,WDR82,ZCCHC8,ZEB2,ZFC3H1	0.12111089777665544	0.40828108855014894
GO_CC	hypomethylated	Chylomicron (GO:0042627)	8	5291	33010	3	APOB,APOC2,APOE	0.12308673038236961	0.40828108855014894
GO_CC	hypomethylated	Phosphatidylinositol 3-Kinase Complex, Class I (GO:0097651)	8	5291	33010	3	PIK3CD,PIK3R3,PIK3R6	0.12308673038236961	0.40828108855014894
GO_CC	hypomethylated	Phosphatidylinositol 3-Kinase Complex, Class IA (GO:0005943)	8	5291	33010	3	PIK3CD,PIK3R3,PIK3R6	0.12308673038236961	0.40828108855014894
GO_CC	hypomethylated	Platelet Dense Tubular Network Membrane (GO:0031095)	8	5291	33010	3	IRAG1,ITPR1,ITPR2	0.12308673038236961	0.40828108855014894
GO_CC	hypomethylated	Intracellular Cyclic Nucleotide Activated Cation Channel Complex (GO:0017071)	4	5291	33010	2	CNGA3,CNGB3	0.1231734085710365	0.40828108855014894
GO_CC	hypomethylated	Golgi-associated Vesicle (GO:0005798)	42	5291	33010	10	APP,CCDC115,CFTR,FURIN,GJA1,MAP6D1,RAB12,RAB13,TYR,ZDHHC13	0.12421771783794597	0.4088833212165721
GO_CC	hypomethylated	Organelle Envelope Lumen (GO:0031970)	64	5291	33010	14	ALOX5,ALPL,APP,CHCHD4,CLPB,COX19,CPOX,OPA1,PLAAT1,PRELID2,PRELID3A,PRELID3B,SOD1,SORL1	0.1355738020897864	0.4428119052244697
GO_CC	hypomethylated	Microtubule Cytoskeleton (GO:0015630)	326	5291	33010	60	AGBL5,ANKFN1,APC2,AURKA,BMERB1,CCNA1,CCSAP,CCT4,CCT5,CCT6A,CDH26,CLIC4,CLTC,CSPP1,DCDC2C,DISC1,DNM3,DST,DYNC2H1,EML1,FBXO5,FHDC1,IQGAP1,JTB,KCNAB2,KIF16B,KIF17,KIF24,KIF25,KIF5A,KLHL22,LRRC25,MACF1,MAD1L1,MAP6D1,MAP7,MAPRE1,MARK4,NAV1,NEDD9,NUMA1,OPA1,PLK1,PRC1,RADIL,SEPTIN11,SEPTIN9,SHTN1,SOX9,SPATA7,SPICE1,SYBU,TBCD,TCP11L1,TPPP,TRIM55,TTLL3,TUBA1C,TUBB2B,TUBGCP3	0.13639354042779026	0.4428119052244697
GO_CC	hypomethylated	Endocytic Vesicle Membrane (GO:0030666)	148	5291	33010	29	APOB,APOE,ATG5,B2M,CACNG2,CACNG3,CD9,CFTR,CHRM2,CLTC,CSF3R,EGFR,GRIA1,HLA-DPA1,HLA-DQA2,HLA-DRA,HLA-F,LYN,MSR1,RAB5A,RAB7A,ROR2,SYT1,SYT9,TAP1,VAMP8,WLS,WNT3A,WNT5B	0.1422151286863625	0.45714602655071074
GO_CC	hypomethylated	Late Endosome (GO:0005770)	188	5291	33010	36	ABHD6,ATP13A3,CHMP4C,CLEC16A,CST7,CXCR4,CYB561A3,DYSF,EXOC8,F2R,HLA-DMA,HLA-DMB,HLA-DRA,IL12A,IL12B,KCNQ1,KIDINS220,LAPTM4B,MAGI2,MARCHF1,MREG,MVB12B,NSG2,RAB27A,RAB7A,RNF13,SFTPA2,SFTPD,SLC11A2,SORL1,SRC,STEAP3,TMEM230,VAMP8,VTI1A,WDR91	0.14283227563866513	0.45714602655071074
GO_CC	hypomethylated	Neuromuscular Junction (GO:0031594)	38	5291	33010	9	DLG2,F2R,NLGN1,PSEN2,SERPINE2,SPOCK1,SYNGR2,UNC13A,UNC13C	0.14370202100433732	0.45714602655071074
GO_CC	hypomethylated	Ficolin-1-Rich Granule (GO:0101002)	177	5291	33010	34	ADAM8,ADGRE3,ALOX5,BIN2,CALML5,CAPN1,CD55,CD58,COTL1,CRISPLD2,DBNL,DSP,EEF1A1,FCAR,FCN1,FPR1,FPR2,HBB,HMGB1,HSP90AA1,HSP90AB1,ITGB2,LILRB2,MNDA,PGAM1,PKM,PSMC2,PSMD6,PTPRN2,PYGL,RAC1,SIGLEC14,SIGLEC5,VCP	0.146340793504914	0.4624369074755282
GO_CC	hypomethylated	Sodium Channel Complex (GO:0034706)	18	5291	33010	5	GRIK2,GRIK3,GRIK4,GRIK5,SCN10A	0.14901554226027483	0.4677706425918561
GO_CC	hypomethylated	Cytosolic Large Ribosomal Subunit (GO:0022625)	49	5291	33010	11	RPL13,RPL15,RPL17,RPL23A,RPL26,RPL3,RPL30,RPL31,RPL39L,RPL4,RPL6	0.1511363455438298	0.4682263254102962
GO_CC	hypomethylated	Large Ribosomal Subunit (GO:0015934)	49	5291	33010	11	RPL13,RPL15,RPL17,RPL23A,RPL26,RPL3,RPL30,RPL31,RPL39L,RPL4,RPL6	0.1511363455438298	0.4682263254102962
GO_CC	hypomethylated	Nucleolus (GO:0005730)	716	5291	33010	125	ABCC4,ADARB2,ARID5A,ARL4A,ASIC2,ATXN1,BRWD1,C1D,CAMTA1,CAPG,CD1E,CHD7,COX10,CRADD,CYB561A3,DDX21,DDX56,DEK,DGKQ,DHX9,DNAJC2,DOCK4,EEF1A1,ELL3,ERCC6,ERI1,ETV6,EXOSC10,EXOSC9,FANCG,FBXL22,FMN2,FOXI1,GCFC2,GLI2,GPRC5B,HMGB2,IER5,IFI16,IGF2BP3,IQSEC1,ISG20,JPT1,KAT5,KLF6,LDB2,MACROD2,MARS1,MCM2,MCM3,MEAK7,MED1,METTL5,MNDA,MRPS15,MXI1,MYO10,NARF,NEDD4,NEK11,NLRP5,NMD3,NOM1,NOP14,NOP56,NPM1,NRXN1,NUCKS1,NUP153,OARD1,PARP1,PARP10,PKMYT1,POLR1C,POLR1D,PRDM1,PYHIN1,PYM1,RBPJ,RORA,RPL13,RPL17,RPL23A,RPL26,RPL3,RPL4,RPS10,RPS2,RPS3A,RPS7,RUNX3,S100A13,S100A16,SDAD1,SELENBP1,SERPINB13,SF3B3,SIRT6,SLC29A2,SMARCA4,SPTBN1,SRPK2,STAT1,SUB1,SUZ12,SYNE1,TAF15,TAF1B,TAF1D,THAP2,TOP2B,TP53,TRAF7,TRIM27,TRIM41,TUT4,URB1,USP36,UTP25,VMP1,WDFY3,WDR82,ZCCHC8,ZEB2,ZFC3H1	0.15796730421789462	0.4862110532420912
GO_CC	hypomethylated	Azurophil Granule Membrane (GO:0035577)	55	5291	33010	12	ACP3,ATP11B,ATP8A1,BRI3,CEACAM8,CPNE1,FPR1,LPCAT1,MGST1,RAB37,VAMP8,VAPA	0.16088121408904352	0.4915824794922129
GO_CC	hypomethylated	Brush Border Membrane (GO:0031526)	39	5291	33010	9	GNA12,PEX19,SHANK2,SLC11A2,SLC17A3,SLC20A2,SLC22A5,SLC26A4,SLC9A3	0.16178663882022196	0.4915824794922129
GO_CC	hypomethylated	bBAF Complex (GO:0140092)	9	5291	33010	3	ACTL6B,ARID1B,SMARCA4	0.1635088706560189	0.49365098529269397
GO_CC	hypomethylated	Germ Plasm (GO:0060293)	14	5291	33010	4	HELZ,HENMT1,PIWIL1,PIWIL4	0.17494885284137052	0.5248465585241116
GO_CC	hypomethylated	Cytoplasmic Side Of Endosome Membrane (GO:0010009)	5	5291	33010	2	LITAF,RAB5A	0.18402095131775506	0.5328382424857765
GO_CC	hypomethylated	External Side Of Apical Plasma Membrane (GO:0098591)	5	5291	33010	2	ABCC4,SLC7A5	0.18402095131775506	0.5328382424857765
GO_CC	hypomethylated	Multivesicular Body, Internal Vesicle (GO:0097487)	5	5291	33010	2	EGFR,LAPTM4B	0.18402095131775506	0.5328382424857765
GO_CC	hypomethylated	Neuronal Dense Core Vesicle (GO:0098992)	5	5291	33010	2	PDYN,SYT4	0.18402095131775506	0.5328382424857765
GO_CC	hypomethylated	Nuclear Stress Granule (GO:0097165)	5	5291	33010	2	RBFOX1,SYMPK	0.18402095131775506	0.5328382424857765
GO_CC	hypomethylated	Coated Vesicle Membrane (GO:0030662)	51	5291	33010	11	B2M,CNIH3,GRIA1,HLA-DPA1,HLA-DQA2,HLA-DRA,HLA-F,KDELR2,SEC16B,STX5,VTI1A	0.1843575353748256	0.5328382424857765
GO_CC	hypomethylated	Intermediate Filament Cytoskeleton (GO:0045111)	79	5291	33010	16	BFSP1,BFSP2,DISC1,DSP,DST,KRT75,KRT80,MACF1,MTRR,NEFM,PLEC,S100A8,SLC1A4,STON1,SYNE2,VIM	0.1893162957545968	0.5438540859859325
GO_CC	hypomethylated	Multivesicular Body (GO:0005771)	46	5291	33010	10	APOE,CHMP4C,CST7,LAPTM4B,NSG2,RAB27A,SFTPA2,SFTPD,SORL1,STEAP3	0.19244602838393118	0.5495145629758035
GO_CC	hypomethylated	Mitotic Spindle (GO:0072686)	137	5291	33010	26	AGBL5,AURKA,CAPG,CCSAP,CLTC,DLGAP5,EFHC1,EML1,EML2,EPB41,HAUS6,HNF4G,HNRNPU,KIF18B,KLHL22,MAD1L1,MAK,NEDD9,NUMA1,NUP62,PYCR3,SGF29,TAF1D,TBL1XR1,TPPP,TUBB2B	0.2018662909062419	0.5729618077219081
GO_CC	hypomethylated	Serine-Type Endopeptidase Complex (GO:1905370)	10	5291	33010	3	FCN1,FCN2,PLAUR	0.2071524353992206	0.5830890518001249
GO_CC	hypomethylated	Platelet Alpha Granule Membrane (GO:0031092)	15	5291	33010	4	CD109,CD9,LHFPL2,PCDH7	0.21011703363384915	0.5830890518001249
GO_CC	hypomethylated	trans-Golgi Network Transport Vesicle (GO:0030140)	15	5291	33010	4	FURIN,RAB12,RAB13,RASSF9	0.21011703363384915	0.5830890518001249
GO_CC	hypomethylated	Ribosome (GO:0005840)	58	5291	33010	12	DHX9,LARP1,RPL15,RPL17,RPL30,RPL31,RPL6,RPS10,RPS18,RPS29,RPS7,SRP68	0.21035491109245014	0.5830890518001249
GO_CC	hypomethylated	Spindle (GO:0005819)	203	5291	33010	37	AGBL5,ANKFN1,AURKA,CALM2,CAPG,CCSAP,CLTC,CSPP1,DLGAP5,EFHC1,EML1,EML2,EPB41,FAM110A,FBXO5,HNF4G,HNRNPU,JTB,KIF16B,KLHL22,MAD1L1,MAK,MAPRE1,NEDD9,NUMA1,NUP62,PARP4,PLK1,PRC1,PYCR3,SGF29,SPICE1,TAF1D,TBL1XR1,TPPP,TUBB2B,TUBGCP3	0.22080006781609232	0.608483907818766
GO_CC	hypomethylated	Golgi Lumen (GO:0005796)	87	5291	33010	17	APP,FGF23,FURIN,GPC5,GPC6,MUC1,MUC13,MUC15,MUC6,NGF,PCSK6,PROS1,SDC2,TGFB1,UMOD,WNT3A,WNT5B	0.22289351179317943	0.6107024542772662
GO_CC	hypomethylated	SCF Ubiquitin Ligase Complex (GO:0019005)	59	5291	33010	12	FBXL14,FBXL16,FBXL18,FBXL20,FBXL6,FBXL7,FBXO32,FBXO6,FBXW11,NCCRP1,PRKN,SPSB4	0.22815479309591669	0.614879526092301
GO_CC	hypomethylated	Dendrite Membrane (GO:0032590)	26	5291	33010	6	DAGLA,GABRA2,GRIA1,INSR,SHISA6,SHISA9	0.22870977341103232	0.614879526092301
GO_CC	hypomethylated	Polysomal Ribosome (GO:0042788)	26	5291	33010	6	DHX9,LARP1,RPL30,RPL31,RPL6,RPS29	0.22870977341103232	0.614879526092301
GO_CC	hypomethylated	Lytic Vacuole Membrane (GO:0098852)	269	5291	33010	48	ABHD6,ACP3,AHNAK,AP1S3,CFTR,CHMP4C,CP,CSF3R,CYB561A3,DAGLB,DPP4,GPR137B,HLA-DMA,HLA-DMB,HLA-DOA,HLA-DOB,HLA-DPA1,HLA-DQA2,HLA-DRA,HLA-F,ITFG2,LAPTM4B,LITAF,LNPEP,LRRC8E,LYN,MARCHF1,MEAK7,MTOR,NAPG,OCA2,OSTM1,PLA2G4E,PLD1,PLEKHF1,PSEN2,RAB7A,RNF13,RPTOR,SLC11A2,TECPR1,TFEB,TM6SF1,TMEM63A,TMEM79,TPCN1,VAMP8,WDR59	0.22960691164206176	0.614879526092301
GO_CC	hypomethylated	Cytoplasmic Stress Granule (GO:0010494)	71	5291	33010	14	CTSG,IGF2BP1,IGF2BP2,IGF2BP3,LARP1,PABPC1,PUM2,RBFOX1,RBPMS,RPTOR,VCP,YBX1,ZFAND1,ZNFX1	0.24014853137310624	0.6351394372379318
GO_CC	hypomethylated	ESC/E(Z) Complex (GO:0035098)	6	5291	33010	2	RBBP4,SUZ12	0.24789197444940372	0.6351394372379318
GO_CC	hypomethylated	G Protein-Coupled Receptor Dimeric Complex (GO:0038037)	6	5291	33010	2	GABBR1,GRM1	0.24789197444940372	0.6351394372379318
GO_CC	hypomethylated	MICOS Complex (GO:0061617)	6	5291	33010	2	CHCHD6,IMMT	0.24789197444940372	0.6351394372379318
GO_CC	hypomethylated	Astral Microtubule (GO:0000235)	6	5291	33010	2	KIF18B,NUMA1	0.24789197444940372	0.6351394372379318
GO_CC	hypomethylated	Extrinsic Component Of Endosome Membrane (GO:0031313)	6	5291	33010	2	USP50,WDR91	0.24789197444940372	0.6351394372379318
GO_CC	hypomethylated	Hemidesmosome (GO:0030056)	6	5291	33010	2	DST,PLEC	0.24789197444940372	0.6351394372379318
GO_CC	hypomethylated	Late Endosome Lumen (GO:0031906)	6	5291	33010	2	IL12A,IL12B	0.24789197444940372	0.6351394372379318
GO_CC	hypomethylated	Intracellular Vesicle (GO:0097708)	11	5291	33010	3	AP3B2,EGFR,RAB29	0.2529649530569329	0.6446526223063773
GO_CC	hypomethylated	Caveola (GO:0005901)	61	5291	33010	12	CDH13,EMP2,F2R,FXYD1,INSR,KCNA5,KCNMA1,LRP8,NOS1AP,SELE,SLC6A3,SRC	0.26542265318689967	0.6727825540673286
GO_CC	hypomethylated	Nuclear Membrane (GO:0031965)	214	5291	33010	38	ADRA1B,ALOX5,ANXA4,ATP11B,CEP128,CPNE1,CREB3L4,DHCR7,DISP3,DNAJC2,DUSP2,ENO1,EPHA3,GRK5,INPP4A,JPT1,KPNA4,LBR,LPIN1,MATR3,MRPS14,NOS1AP,NRXN1,NUP153,NUP62,NUP93,OSBPL6,PAK1,PAK6,PSEN2,PUM2,SMAD3,SUN2,SYNE1,SYNE2,TMC6,TMC8,TRIM27	0.2704877429556731	0.6819744157499419
GO_CC	hypomethylated	Serine/Threonine Protein Kinase Complex (GO:1902554)	56	5291	33010	11	ACVR1B,CCND1,CCNP,CDK14,CDK6,DAPK1,MCM2,PARD3,PRKCZ,STK11,STRADA	0.2796873396722681	0.70143808997172
GO_CC	hypomethylated	RNA Polymerase III Complex (GO:0005666)	17	5291	33010	4	POLR1C,POLR1D,POLR3H,POLR3K	0.28518793871356934	0.7077438897917899
GO_CC	hypomethylated	Protein Kinase Complex (GO:1902911)	17	5291	33010	4	IGF1R,INSR,STK11,STRADA	0.28518793871356934	0.7077438897917899
GO_CC	hypomethylated	Asymmetric, Glutamatergic, Excitatory Synapse (GO:0098985)	2	5291	33010	1	SHISA6	0.2948823968757972	0.7190772661663405
GO_CC	hypomethylated	Monoatomic Ion Channel Complex (GO:0034702)	34	5291	33010	7	CHRNA4,GRID2,KCNQ1,LRRC8E,OSTM1,SHISA9,TRPM2	0.2977288022278142	0.7190772661663405
GO_CC	hypomethylated	Swr1 Complex (GO:0000812)	12	5291	33010	3	BRD8,EP400,KAT5	0.29998529187171674	0.7190772661663405
GO_CC	hypomethylated	Mitotic Spindle Microtubule (GO:1990498)	12	5291	33010	3	CLTC,HAUS6,HNRNPU	0.29998529187171674	0.7190772661663405
GO_CC	hypomethylated	Podosome (GO:0002102)	12	5291	33010	3	BIN2,DBNL,LCP1	0.29998529187171674	0.7190772661663405
GO_CC	hypomethylated	Serine-Type Peptidase Complex (GO:1905286)	12	5291	33010	3	FCN1,FCN2,PLAUR	0.29998529187171674	0.7190772661663405
GO_CC	hypomethylated	Platelet Alpha Granule Lumen (GO:0031093)	57	5291	33010	11	ACTN2,APP,FN1,IGF1,IGF2,LEFTY2,NRG1,PROS1,TGFB1,VEGFC,VWF	0.30037404789226885	0.7190772661663405
GO_CC	hypomethylated	NMDA Selective Glutamate Receptor Complex (GO:0017146)	7	5291	33010	2	GRIN2A,GRIN3B	0.31225455132833874	0.7255326339687871
GO_CC	hypomethylated	RISC-loading Complex (GO:0070578)	7	5291	33010	2	AGO2,DHX9	0.31225455132833874	0.7255326339687871
GO_CC	hypomethylated	Clathrin-Sculpted Gamma-Aminobutyric Acid Transport Vesicle (GO:0061200)	7	5291	33010	2	GAD2,SYT1	0.31225455132833874	0.7255326339687871
GO_CC	hypomethylated	Clathrin-Sculpted Gamma-Aminobutyric Acid Transport Vesicle Membrane (GO:0061202)	7	5291	33010	2	GAD2,SYT1	0.31225455132833874	0.7255326339687871
GO_CC	hypomethylated	Cytoskeleton Of Presynaptic Active Zone (GO:0048788)	7	5291	33010	2	ERC1,ERC2	0.31225455132833874	0.7255326339687871
GO_CC	hypomethylated	Dihydrolipoyl Dehydrogenase Complex (GO:0045240)	7	5291	33010	2	OGDH,OGDHL	0.31225455132833874	0.7255326339687871
GO_CC	hypomethylated	Condensed Chromosome (GO:0000793)	58	5291	33010	11	BRD4,HMGB1,HMGB2,NCAPG,NSMCE2,RCC1,SGO1,SMC4,SMC5,SYCP2L,TTN	0.32144235650499303	0.7432374486993497
GO_CC	hypomethylated	Spindle Microtubule (GO:0005876)	64	5291	33010	12	AURKA,CALM2,CHMP4C,CLTC,FAM110A,HAUS6,HNRNPU,KIF18B,NUMA1,PARP4,PLK1,PRC1	0.3246490110702255	0.7470079186761499
GO_CC	hypomethylated	Clathrin-Coated Vesicle (GO:0030136)	76	5291	33010	14	CLTC,FCHO1,FURIN,HIP1,MALL,MYO1E,RAB12,RAB13,SFTPA2,SFTPD,SORT1,TNK2,VTI1A,VWF	0.32937315533997846	0.7518366513111353
GO_CC	hypomethylated	Mitochondrial Outer Membrane (GO:0005741)	142	5291	33010	25	ACSL1,BCL2A1,BCL2L11,BMF,BNIP3,BNIP3L,CASP8,CPT1A,FIS1,LPIN1,MCL1,MIEF2,MYO19,NIPSNAP2,NLRX1,OPA1,PDE2A,PIGBOS1,PPP2R2B,RAB32,RTN4IP1,SPATA19,TOMM20,TOMM5,ZNFX1	0.3371693390526558	0.7518366513111353
GO_CC	hypomethylated	H4/H2A Histone Acetyltransferase Complex (GO:0043189)	24	5291	33010	5	ACTL6B,BRD8,EP400,KAT5,POTEKP	0.33800422256943935	0.7518366513111353
GO_CC	hypomethylated	NuA4 Histone Acetyltransferase Complex (GO:0035267)	24	5291	33010	5	ACTL6B,BRD8,EP400,KAT5,POTEKP	0.33800422256943935	0.7518366513111353
GO_CC	hypomethylated	U12-type Spliceosomal Complex (GO:0005689)	24	5291	33010	5	RBMXL2,SF3B3,SF3B5,SNRNP25,YBX1	0.33800422256943935	0.7518366513111353
GO_CC	hypomethylated	Heterotrimeric G-protein Complex (GO:0005834)	24	5291	33010	5	GNA12,GNA14,GNA15,GNAS,GNG2	0.33800422256943935	0.7518366513111353
GO_CC	hypomethylated	Lumenal Side Of Endoplasmic Reticulum Membrane (GO:0098553)	24	5291	33010	5	HLA-DPA1,HLA-DQA2,HLA-DRA,HLA-F,HM13	0.33800422256943935	0.7518366513111353
GO_CC	hypomethylated	CatSper Complex (GO:0036128)	13	5291	33010	3	CATSPERE,CATSPERG,TMEM249	0.3473675667450182	0.7518366513111353
GO_CC	hypomethylated	GBAF Complex (GO:0140288)	13	5291	33010	3	ACTL6B,BRD9,SMARCA4	0.3473675667450182	0.7518366513111353
GO_CC	hypomethylated	Brahma Complex (GO:0035060)	13	5291	33010	3	ACTL6B,ARID1B,DPF3	0.3473675667450182	0.7518366513111353
GO_CC	hypomethylated	Cytoplasmic Side Of Endoplasmic Reticulum Membrane (GO:0098554)	13	5291	33010	3	HM13,RPS29,THADA	0.3473675667450182	0.7518366513111353
GO_CC	hypomethylated	Microvillus Membrane (GO:0031528)	13	5291	33010	3	SLC7A5,SLC9A3R1,SYTL1	0.3473675667450182	0.7518366513111353
GO_CC	hypomethylated	Muscle Myosin Complex (GO:0005859)	13	5291	33010	3	MYH13,MYH4,MYH8	0.3473675667450182	0.7518366513111353
GO_CC	hypomethylated	Cytosolic Small Ribosomal Subunit (GO:0022627)	36	5291	33010	7	RPS10,RPS15A,RPS18,RPS2,RPS29,RPS3A,RPS7	0.35303421326342943	0.7606282594857524
GO_CC	hypomethylated	Sin3 Complex (GO:0016580)	19	5291	33010	4	HDAC1,RBBP4,SF3B3,SINHCAF	0.3633002706751993	0.7722167188342801
GO_CC	hypomethylated	Sin3-type Complex (GO:0070822)	19	5291	33010	4	HDAC1,RBBP4,SF3B3,SINHCAF	0.3633002706751993	0.7722167188342801
GO_CC	hypomethylated	Multivesicular Body Membrane (GO:0032585)	19	5291	33010	4	CHMP4C,LAPTM4B,NSG2,RAB27A	0.3633002706751993	0.7722167188342801
GO_CC	hypomethylated	Endolysosome (GO:0036019)	25	5291	33010	5	ATG16L1,CLEC16A,CLTC,NRG1,TPCN1	0.37217233370099145	0.7802507589434019
GO_CC	hypomethylated	Smc5-Smc6 Complex (GO:0030915)	8	5291	33010	2	NSMCE2,SMC5	0.37531049164366165	0.7802507589434019
GO_CC	hypomethylated	Dendrite Cytoplasm (GO:0032839)	8	5291	33010	2	GRIK3,SOD1	0.37531049164366165	0.7802507589434019
GO_CC	hypomethylated	post-mRNA Release Spliceosomal Complex (GO:0071014)	8	5291	33010	2	GCFC2,XAB2	0.37531049164366165	0.7802507589434019
GO_CC	hypomethylated	Transcription Factor TFIIH Core Complex (GO:0000439)	8	5291	33010	2	ERCC3,GTF2H3	0.37531049164366165	0.7802507589434019
GO_CC	hypomethylated	Endoplasmic Reticulum Membrane (GO:0005789)	752	5291	33010	124	ABHD12B,ACER1,ACSL1,AGMO,APOB,ATF6B,ATG9B,ATP13A1,B3GAT1,CASQ2,CDKAL1,CDS1,CERS6,CFTR,CHERP,CNIH3,COPE,CREB3L3,CYP19A1,CYP1B1,CYP26B1,CYP2C18,CYP2E1,CYP2F1,CYP2W1,CYP3A43,DEGS1,DEGS2,DGAT2,DHCR7,DHRS9,ELOVL5,ERLIN1,ESYT3,EXT1,FAAH,FADS1,FMN2,GALNT2,GJA1,GORASP2,GPAT3,GRAMD1B,GRIA1,GRIN2A,HHAT,HLA-DPA1,HLA-DQA2,HLA-DRA,HLA-F,HM13,HMOX2,IRAG1,ITPR1,ITPR2,JPH3,KDELR2,LBR,LMF1,LPCAT1,LPGAT1,LPIN1,LRRC8E,MARCHF1,MBOAT2,MCTP1,MGST1,MUC1,MYRF,NCEH1,NOS1AP,NOTCH2,NOTCH4,OCA2,OSBPL6,PCYT1A,PDIA6,PIGB,PIGC,PIGH,PIGW,PLA2G4C,PLAUR,PLD1,PLOD2,POMT1,PON3,POR,PPM1L,PROS1,PTDSS1,RAC1,RTN1,RYR1,RYR2,SBF1,SDR16C5,SFTPA2,SFTPD,SLC17A3,SLC37A1,SLC39A7,SLC51A,SQLE,SRD5A3,SRPRB,STIM1,STX5,TAP1,THADA,TMEM238L,TMEM258,TMEM33,TMEM39A,TRIM13,UGT2B7,UNC93B1,VAPA,VCP,VKORC1,VMP1,VRK2,VTI1A,ZC3H12A	0.37901347299235727	0.7845082366741368
GO_CC	hypomethylated	Small Ribosomal Subunit (GO:0015935)	37	5291	33010	7	RPS10,RPS15A,RPS18,RPS2,RPS29,RPS3A,RPS7	0.3810867652361839	0.7853701161823964
GO_CC	hypomethylated	Organelle Outer Membrane (GO:0031968)	158	5291	33010	27	ACSL1,BCL2A1,BCL2L11,BMF,BNIP3,BNIP3L,CASP8,CPT1A,DHCR7,ENO1,FIS1,LPIN1,MCL1,MIEF2,MYO19,NIPSNAP2,NLRX1,OPA1,PDE2A,PIGBOS1,PPP2R2B,RAB32,RTN4IP1,SPATA19,TOMM20,TOMM5,ZNFX1	0.39047745244129967	0.7954947404949753
GO_CC	hypomethylated	RSC-type Complex (GO:0016586)	14	5291	33010	3	ACTL6B,SMARCA4,SUZ12	0.3943908523551038	0.7954947404949753
GO_CC	hypomethylated	Acrosomal Membrane (GO:0002080)	14	5291	33010	3	FAM170B,TMEM190,VPS13B	0.3943908523551038	0.7954947404949753
GO_CC	hypomethylated	Triglyceride-Rich Plasma Lipoprotein Particle (GO:0034385)	14	5291	33010	3	APOB,APOC2,APOE	0.3943908523551038	0.7954947404949753
GO_CC	hypomethylated	Very-Low-Density Lipoprotein Particle (GO:0034361)	14	5291	33010	3	APOB,APOC2,APOE	0.3943908523551038	0.7954947404949753
GO_CC	hypomethylated	Mitochondrial Outer Membrane Translocase Complex (GO:0005742)	20	5291	33010	4	CHCHD6,IMMT,TOMM20,TOMM5	0.40239627825233215	0.798659124200678
GO_CC	hypomethylated	Phagocytic Vesicle (GO:0045335)	92	5291	33010	16	ADAM8,ATG5,B2M,HGS,HLA-F,MPO,MTOR,NOD2,RAB32,RAB5A,RAB7A,SYK,SYT11,TAP1,UNC93B1,VAMP8	0.4032334253232327	0.798659124200678
GO_CC	hypomethylated	Autophagosome (GO:0005776)	80	5291	33010	14	ATG16L1,ATG5,ATG9B,CHMP4C,MAP1LC3B2,MAPK15,RAB24,SQSTM1,TBC1D5,TECPR1,UBQLN1,VMP1,VTI1A,WDFY3	0.4053708934439259	0.798659124200678
GO_CC	hypomethylated	Vacuolar Lumen (GO:0005775)	147	5291	33010	25	AGA,APOB,ARHGAP45,BPI,C3,CPPED1,CREG1,CTSC,CTSG,ELANE,GPC5,GPC6,HRNR,HSP90AA1,LGALS13,MNDA,MPO,NEU4,PRSS57,PRTN3,RNASET2,SDC2,SERPINB13,TOLLIP,VCP	0.4069314610776881	0.798659124200678
GO_CC	hypomethylated	Intermediate Filament (GO:0005882)	68	5291	33010	12	BFSP1,BFSP2,DSP,DST,KRT75,KRT80,KRT86,MACF1,NEFM,PLEC,SLC1A4,VIM	0.40728345375563146	0.798659124200678
GO_CC	hypomethylated	Motile Cilium (GO:0031514)	68	5291	33010	12	ARL13B,CATSPERG,CFAP100,CFAP251,CFAP45,DNAH17,DNAH5,DNAH9,DYNC2H1,IQCG,IQUB,NPHP1	0.40728345375563146	0.798659124200678
GO_CC	hypomethylated	NURF Complex (GO:0016589)	3	5291	33010	1	RBBP4	0.4079088522238995	0.798659124200678
GO_CC	hypomethylated	cis-Golgi Network (GO:0005801)	44	5291	33010	8	BCL9,CCL13,GORASP2,KDELR2,MAP6D1,RAB29,RAB30,TRAPPC3L	0.4094391712674362	0.798659124200678
GO_CC	hypomethylated	Cilium (GO:0005929)	241	5291	33010	40	ADCY3,ARL13B,BBS9,CATSPERG,CCDC39,CCSAP,CFAP100,CFAP251,CLUAP1,CYS1,DNAH17,DNAH5,DNAH9,DRD2,DYNC2H1,DYNC2I1,EVC2,FANK1,FHDC1,FUZ,GLI2,IFT140,IQCG,IQUB,KIF17,MAK,MLF1,NME5,NPHP1,PROM1,RSPH3,SEPTIN9,SHANK2,TMEM138,TMEM216,TTLL11,TTLL3,UMOD,WDPCP,WDR35	0.4314359401446679	0.8040140090392771
GO_CC	hypomethylated	Tertiary Granule Lumen (GO:1904724)	51	5291	33010	9	B2M,CAMP,CRISP3,DBNL,FLG2,HBB,OLFM4,PITX3,TCN1	0.4336721167647865	0.8040140090392771
GO_CC	hypomethylated	Condensed Chromosome, Centromeric Region (GO:0000779)	9	5291	33010	2	SGO1,SYCP2L	0.435825240497274	0.8040140090392771
GO_CC	hypomethylated	Neuron Projection Cytoplasm (GO:0120111)	9	5291	33010	2	GRIK3,SOD1	0.435825240497274	0.8040140090392771
GO_CC	hypomethylated	Neuron To Neuron Synapse (GO:0098984)	9	5291	33010	2	NLGN1,PDYN	0.435825240497274	0.8040140090392771
GO_CC	hypomethylated	Nucleolar Exosome (RNase Complex) (GO:0101019)	9	5291	33010	2	EXOSC10,EXOSC9	0.435825240497274	0.8040140090392771
GO_CC	hypomethylated	Sodium:Potassium-Exchanging ATPase Complex (GO:0005890)	9	5291	33010	2	ATP4B,FXYD1	0.435825240497274	0.8040140090392771
GO_CC	hypomethylated	Transcription Factor TFIIH Holo Complex (GO:0005675)	9	5291	33010	2	ERCC3,GTF2H3	0.435825240497274	0.8040140090392771
GO_CC	hypomethylated	trans-Golgi Network Membrane (GO:0032588)	94	5291	33010	16	AP1S3,AP4E1,APP,CALN1,CLTC,COG5,HLA-DPA1,HLA-DQA2,HLA-DRA,MARCHF1,NSG2,SCAMP4,SCAMP5,TMEM79,VPS52,VTI1A	0.43909927016552003	0.8040140090392771
GO_CC	hypomethylated	Nuclear Inner Membrane (GO:0005637)	27	5291	33010	5	ATP11B,LBR,MATR3,PSEN2,SMAD3	0.4402289422235616	0.8040140090392771
GO_CC	hypomethylated	Protein Serine/Threonine Phosphatase Complex (GO:0008287)	27	5291	33010	5	PPP2CB,PPP2R2B,PPP2R5A,PPP4R2,PPP4R4	0.4402289422235616	0.8040140090392771
GO_CC	hypomethylated	COPII Vesicle Coat (GO:0030127)	15	5291	33010	3	KLHL12,SAR1A,SEC23B	0.4404593070354178	0.8040140090392771
GO_CC	hypomethylated	Cation-Transporting ATPase Complex (GO:0090533)	15	5291	33010	3	ATP1A1,ATP4B,FXYD1	0.4404593070354178	0.8040140090392771
GO_CC	hypomethylated	Protein Phosphatase Type 2A Complex (GO:0000159)	15	5291	33010	3	PPP2CB,PPP2R2B,PPP2R5A	0.4404593070354178	0.8040140090392771
GO_CC	hypomethylated	Golgi-associated Vesicle Membrane (GO:0030660)	21	5291	33010	4	GJA1,KDELR2,RASSF9,ZDHHC13	0.44102034251099587	0.8040140090392771
GO_CC	hypomethylated	P Granule (GO:0043186)	21	5291	33010	4	HELZ,HENMT1,PIWIL1,PIWIL4	0.44102034251099587	0.8040140090392771
GO_CC	hypomethylated	SAGA Complex (GO:0000124)	21	5291	33010	4	SF3B3,SF3B5,SGF29,SUPT7L	0.44102034251099587	0.8040140090392771
GO_CC	hypomethylated	Ficolin-1-Rich Granule Lumen (GO:1904813)	119	5291	33010	20	ALOX5,BIN2,CALML5,CAPN1,COTL1,CRISPLD2,DBNL,EEF1A1,FCN1,HBB,HMGB1,HSP90AA1,HSP90AB1,MNDA,PGAM1,PKM,PSMC2,PSMD6,PYGL,VCP	0.44649300569112343	0.8108723551631897
GO_CC	hypomethylated	Mitochondrial Intermembrane Space (GO:0005758)	58	5291	33010	10	ALPL,CHCHD4,CLPB,COX19,CPOX,OPA1,PRELID2,PRELID3A,PRELID3B,SOD1	0.45483774281130523	0.8228743896662545
GO_CC	hypomethylated	COPI-coated Vesicle Membrane (GO:0030663)	16	5291	33010	3	CCL13,COPE,KDELR2	0.4850960937453194	0.8603074682592977
GO_CC	hypomethylated	Cytoplasmic Dynein Complex (GO:0005868)	16	5291	33010	3	DYNC1I1,DYNC2H1,DYNC2I1	0.4850960937453194	0.8603074682592977
GO_CC	hypomethylated	Endolysosome Membrane (GO:0036020)	16	5291	33010	3	ATG16L1,CLEC16A,CLTC	0.4850960937453194	0.8603074682592977
GO_CC	hypomethylated	U2-type Precatalytic Spliceosome (GO:0071005)	47	5291	33010	8	LSM4,MFAP1,PRPF3,PRPF31,SF3A3,SF3B3,SF3B5,SRRM2	0.48704080035456143	0.8603074682592977
GO_CC	hypomethylated	COPII-coated ER To Golgi Transport Vesicle (GO:0030134)	72	5291	33010	12	B2M,CNIH3,CTSC,GRIA1,HLA-DPA1,HLA-DQA2,HLA-DRA,HLA-F,KLHL12,SEC16B,STX5,VTI1A	0.4905520172105572	0.8603074682592977
GO_CC	hypomethylated	CD40 Receptor Complex (GO:0035631)	10	5291	33010	2	CD40,TRAF2	0.49299344177178744	0.8603074682592977
GO_CC	hypomethylated	Preribosome, Small Subunit Precursor (GO:0030688)	10	5291	33010	2	NOP14,RIOK3	0.49299344177178744	0.8603074682592977
GO_CC	hypomethylated	Primary Lysosome (GO:0005766)	10	5291	33010	2	MPO,OLFM4	0.49299344177178744	0.8603074682592977
GO_CC	hypomethylated	Mitochondrial Matrix (GO:0005759)	340	5291	33010	55	AASS,ACP6,ACSF3,ACSM5,ADHFE1,AKR1B15,ALDH1L2,ALDH2,AUH,COQ3,D2HGDH,DGLUCY,ETFBKMT,FAHD1,FARS2,GLS,HMGCL,HSD17B8,IBA57,IDH2,LIAS,LYRM4,MAIP1,MCAT,MCCC1,MCCC2,ME3,MRM3,MRPL11,MRPL34,MRPS14,MTHFD1L,NMNAT3,NSUN4,NUBPL,NUDT13,OGDH,OGDHL,PCCA,PDE2A,PDSS1,PPTC7,PRDX3,PRDX5,PRIMPOL,PUS1,PYCR2,SOD1,SSBP1,SUCLA2,TBRG4,TFB2M,TK1,TRNT1,WARS2	0.49322076865715125	0.8603074682592977
GO_CC	hypomethylated	SAGA-type Complex (GO:0070461)	35	5291	33010	6	POLE4,SF3B3,SF3B5,SGF29,SUPT7L,TAF4	0.4988880210132869	0.8603074682592977
GO_CC	hypomethylated	Cdc73/Paf1 Complex (GO:0016593)	4	5291	33010	1	PEX2	0.5028206667748537	0.8603074682592977
GO_CC	hypomethylated	Cortical Endoplasmic Reticulum (GO:0032541)	4	5291	33010	1	STIM1	0.5028206667748537	0.8603074682592977
GO_CC	hypomethylated	Platelet Dense Granule Membrane (GO:0031088)	4	5291	33010	1	ITPR1	0.5028206667748537	0.8603074682592977
GO_CC	hypomethylated	Protein Phosphatase 4 Complex (GO:0030289)	4	5291	33010	1	PPP4R2	0.5028206667748537	0.8603074682592977
GO_CC	hypomethylated	Rough Endoplasmic Reticulum Membrane (GO:0030867)	4	5291	33010	1	RPS29	0.5028206667748537	0.8603074682592977
GO_CC	hypomethylated	Spliceosomal snRNP Complex (GO:0097525)	54	5291	33010	9	DDX39B,LSM4,LUC7L,LUC7L3,PRPF31,SF3A3,SF3B3,SF3B5,SNRPA	0.5060088293528519	0.8603074682592977
GO_CC	hypomethylated	Golgi Stack (GO:0005795)	29	5291	33010	5	GALNT2,MGAT4A,MGAT4B,RAB30,SORL1	0.5063835097981942	0.8603074682592977
GO_CC	hypomethylated	U1 snRNP (GO:0005685)	17	5291	33010	3	LUC7L,LUC7L3,SNRPA	0.527933555537837	0.8873776784572155
GO_CC	hypomethylated	Endoribonuclease Complex (GO:1902555)	17	5291	33010	3	AGO2,DHX9,RPP25	0.527933555537837	0.8873776784572155
GO_CC	hypomethylated	Respiratory Chain Complex IV (GO:0045277)	17	5291	33010	3	COX6C,COX7B2,NDUFA4	0.527933555537837	0.8873776784572155
GO_CC	hypomethylated	Precatalytic Spliceosome (GO:0071011)	49	5291	33010	8	LSM4,MFAP1,PRPF3,PRPF31,SF3A3,SF3B3,SF3B5,SRRM2	0.5372375584515703	0.887754015512438
GO_CC	hypomethylated	Cul4-RING E3 Ubiquitin Ligase Complex (GO:0080008)	30	5291	33010	5	CDKN1B,COP1,DCAF16,DCAF4,TRPC4AP	0.5382728797932808	0.887754015512438
GO_CC	hypomethylated	Transcription Factor TFIID Complex (GO:0005669)	30	5291	33010	5	ERCC3,GTF2B,GTF2E2,GTF2H3,TAF4	0.5382728797932808	0.887754015512438
GO_CC	hypomethylated	Cul4A-RING E3 Ubiquitin Ligase Complex (GO:0031464)	11	5291	33010	2	COP1,TRPC4AP	0.5463331059306439	0.887754015512438
GO_CC	hypomethylated	MIB Complex (GO:0140275)	11	5291	33010	2	CHCHD6,IMMT	0.5463331059306439	0.887754015512438
GO_CC	hypomethylated	SAM Complex (GO:0001401)	11	5291	33010	2	CHCHD6,IMMT	0.5463331059306439	0.887754015512438
GO_CC	hypomethylated	Amphisome (GO:0044753)	11	5291	33010	2	CHMP4C,SQSTM1	0.5463331059306439	0.887754015512438
GO_CC	hypomethylated	Septin Cytoskeleton (GO:0032156)	11	5291	33010	2	SEPTIN11,SEPTIN9	0.5463331059306439	0.887754015512438
GO_CC	hypomethylated	Septin Ring (GO:0005940)	11	5291	33010	2	SEPTIN11,SEPTIN9	0.5463331059306439	0.887754015512438
GO_CC	hypomethylated	Vesicle Coat (GO:0030120)	37	5291	33010	6	CCL13,COPE,KLHL12,MYCBPAP,SAR1A,SEC23B	0.5565049794652737	0.887754015512438
GO_CC	hypomethylated	Smooth Endoplasmic Reticulum (GO:0005790)	18	5291	33010	3	MYO1D,RYR1,RYR2	0.5687013991053602	0.887754015512438
GO_CC	hypomethylated	ATP-binding Cassette (ABC) Transporter Complex (GO:0043190)	5	5291	33010	1	ABCG8	0.5825205956391283	0.887754015512438
GO_CC	hypomethylated	PAR Polarity Complex (GO:0120157)	5	5291	33010	1	PRKCZ	0.5825205956391283	0.887754015512438
GO_CC	hypomethylated	Activin Receptor Complex (GO:0048179)	5	5291	33010	1	ACVR1B	0.5825205956391283	0.887754015512438
GO_CC	hypomethylated	Box C/D RNP Complex (GO:0031428)	5	5291	33010	1	NOP56	0.5825205956391283	0.887754015512438
GO_CC	hypomethylated	Chromocenter (GO:0010369)	5	5291	33010	1	SALL1	0.5825205956391283	0.887754015512438
GO_CC	hypomethylated	Cortical Granule (GO:0060473)	5	5291	33010	1	NLRP5	0.5825205956391283	0.887754015512438
GO_CC	hypomethylated	Extrinsic Component Of Endoplasmic Reticulum Membrane (GO:0042406)	5	5291	33010	1	ZC3H12A	0.5825205956391283	0.887754015512438
GO_CC	hypomethylated	Insulin-Responsive Compartment (GO:0032593)	5	5291	33010	1	RAB13	0.5825205956391283	0.887754015512438
GO_CC	hypomethylated	Mitochondrial Alpha-Ketoglutarate Dehydrogenase Complex (GO:0005947)	5	5291	33010	1	MRPS36	0.5825205956391283	0.887754015512438
GO_CC	hypomethylated	Sarcoglycan Complex (GO:0016012)	5	5291	33010	1	SGCD	0.5825205956391283	0.887754015512438
GO_CC	hypomethylated	Sex Chromosome (GO:0000803)	5	5291	33010	1	SMC5	0.5825205956391283	0.887754015512438
GO_CC	hypomethylated	Signal Recognition Particle, Endoplasmic Reticulum Targeting (GO:0005786)	5	5291	33010	1	SRP68	0.5825205956391283	0.887754015512438
GO_CC	hypomethylated	Uniplex Complex (GO:1990246)	5	5291	33010	1	MCUB	0.5825205956391283	0.887754015512438
GO_CC	hypomethylated	Zonula Adherens (GO:0005915)	5	5291	33010	1	PLEKHA7	0.5825205956391283	0.887754015512438
GO_CC	hypomethylated	INO80-type Complex (GO:0097346)	25	5291	33010	4	BRD8,EP400,KAT5,TFPT	0.5852787200378425	0.887754015512438
GO_CC	hypomethylated	Peroxisome (GO:0005777)	128	5291	33010	20	ACBD5,ACOXL,DEPP1,EHHADH,FAR2,FIS1,HMGCL,KCNIP4,MGAT4A,MGST1,MIEF2,PECR,PEX19,PEX2,PEX7,PHYH,PRDX5,PXT1,SOD1,VIM	0.5868194530509991	0.887754015512438
GO_CC	hypomethylated	COPI Vesicle Coat (GO:0030126)	12	5291	33010	2	CCL13,COPE	0.5956026687424294	0.887754015512438
GO_CC	hypomethylated	RNA Polymerase I Complex (GO:0005736)	12	5291	33010	2	POLR1C,POLR1D	0.5956026687424294	0.887754015512438
GO_CC	hypomethylated	SUMO Ligase Complex (GO:0106068)	12	5291	33010	2	NSMCE2,SMC5	0.5956026687424294	0.887754015512438
GO_CC	hypomethylated	beta-catenin-TCF Complex (GO:1990907)	12	5291	33010	2	TCF7L2,TLE1	0.5956026687424294	0.887754015512438
GO_CC	hypomethylated	Clathrin Coat Of trans-Golgi Network Vesicle (GO:0030130)	12	5291	33010	2	AP1S3,NCALD	0.5956026687424294	0.887754015512438
GO_CC	hypomethylated	Clathrin Vesicle Coat (GO:0030125)	12	5291	33010	2	MYCBPAP,NCALD	0.5956026687424294	0.887754015512438
GO_CC	hypomethylated	mRNA Cleavage And Polyadenylation Specificity Factor Complex (GO:0005847)	12	5291	33010	2	CPSF4L,SYMPK	0.5956026687424294	0.887754015512438
GO_CC	hypomethylated	npBAF Complex (GO:0071564)	12	5291	33010	2	ARID1B,SMARCA4	0.5956026687424294	0.887754015512438
GO_CC	hypomethylated	Mitochondrial Envelope (GO:0005740)	135	5291	33010	21	ALPL,BNIP3,CHCHD4,CIDEA,CLPB,COX19,CPOX,OGDH,OPA1,PLA2G4C,PRELID2,PRELID3A,PRELID3B,RNF144B,SDHB,SLC22A3,SLC25A33,SLC9B2,SOD1,TMEM14B,VRK2	0.5958492814682146	0.887754015512438
GO_CC	hypomethylated	Vacuolar Membrane (GO:0005774)	58	5291	33010	9	ATG16L1,ATP6V1G2,CCDC115,CHMP4C,MAP1LC3B2,TECPR1,VMP1,WDFY3,WDR59	0.597454706642337	0.887754015512438
GO_CC	hypomethylated	Condensed Nuclear Chromosome (GO:0000794)	26	5291	33010	4	NCAPG,RCC1,SMC4,TTN	0.6178148352899991	0.9054045753580373
GO_CC	hypomethylated	Microbody Membrane (GO:0031903)	53	5291	33010	8	ACBD5,FAR2,FIS1,MGST1,PECR,PEX19,PEX2,PEX7	0.6310681387748238	0.9054045753580373
GO_CC	hypomethylated	Peroxisomal Membrane (GO:0005778)	53	5291	33010	8	ACBD5,FAR2,FIS1,MGST1,PECR,PEX19,PEX2,PEX7	0.6310681387748238	0.9054045753580373
GO_CC	hypomethylated	ATAC Complex (GO:0140672)	13	5291	33010	2	POLE4,SGF29	0.6407363236510498	0.9054045753580373
GO_CC	hypomethylated	RISC Complex (GO:0016442)	13	5291	33010	2	AGO2,DHX9	0.6407363236510498	0.9054045753580373
GO_CC	hypomethylated	Lamellar Body (GO:0042599)	13	5291	33010	2	KRTDAP,SFTPA2	0.6407363236510498	0.9054045753580373
GO_CC	hypomethylated	Gap Junction (GO:0005921)	20	5291	33010	3	GJA1,GJA5,GJD4	0.6433584340566652	0.9054045753580373
GO_CC	hypomethylated	Endoplasmic reticulum-Golgi Intermediate Compartment Membrane (GO:0033116)	47	5291	33010	7	CD55,CNIH3,CTSC,GRIA1,STX5,TAP1,WHAMM	0.6449460974817425	0.9054045753580373
GO_CC	hypomethylated	Non-Motile Cilium (GO:0097730)	27	5291	33010	4	ARL13B,DRD2,PHYH,SEPTIN9	0.6486993384319878	0.9054045753580373
GO_CC	hypomethylated	9+0 Non-Motile Cilium (GO:0097731)	6	5291	33010	1	PHYH	0.6494463198770732	0.9054045753580373
GO_CC	hypomethylated	AP-3 Adaptor Complex (GO:0030123)	6	5291	33010	1	AP3B2	0.6494463198770732	0.9054045753580373
GO_CC	hypomethylated	ATPase Dependent Transmembrane Transport Complex (GO:0098533)	6	5291	33010	1	ABCG8	0.6494463198770732	0.9054045753580373
GO_CC	hypomethylated	COPI-coated Vesicle (GO:0030137)	6	5291	33010	1	KDELR2	0.6494463198770732	0.9054045753580373
GO_CC	hypomethylated	PTW/PP1 Phosphatase Complex (GO:0072357)	6	5291	33010	1	WDR82	0.6494463198770732	0.9054045753580373
GO_CC	hypomethylated	X Chromosome (GO:0000805)	6	5291	33010	1	SMCHD1	0.6494463198770732	0.9054045753580373
GO_CC	hypomethylated	Chloride Channel Complex (GO:0034707)	6	5291	33010	1	OSTM1	0.6494463198770732	0.9054045753580373
GO_CC	hypomethylated	Dystroglycan Complex (GO:0016011)	6	5291	33010	1	SGCD	0.6494463198770732	0.9054045753580373
GO_CC	hypomethylated	Flotillin Complex (GO:0016600)	6	5291	33010	1	SLC6A3	0.6494463198770732	0.9054045753580373
GO_CC	hypomethylated	Pseudopodium (GO:0031143)	6	5291	33010	1	ACTN2	0.6494463198770732	0.9054045753580373
GO_CC	hypomethylated	Zymogen Granule (GO:0042588)	6	5291	33010	1	GP2	0.6494463198770732	0.9054045753580373
GO_CC	hypomethylated	Zymogen Granule Membrane (GO:0042589)	6	5291	33010	1	GP2	0.6494463198770732	0.9054045753580373
GO_CC	hypomethylated	P-body (GO:0000932)	81	5291	33010	12	APOBEC3A,EIF4ENIF1,IGF2BP1,IGF2BP2,IGF2BP3,LSM4,PATL2,PSMC2,SQSTM1,SYNE1,ZC3H12A,ZC3H12D	0.6632623406749325	0.9219541040466804
GO_CC	hypomethylated	Cul2-RING Ubiquitin Ligase Complex (GO:0031462)	21	5291	33010	3	COMMD1,PRAME,ZSWIM5	0.6770814493142768	0.9259894259111094
GO_CC	hypomethylated	Pericentric Heterochromatin (GO:0005721)	21	5291	33010	3	HELLS,IKZF1,SIRT6	0.6770814493142768	0.9259894259111094
GO_CC	hypomethylated	U4/U6 X U5 tri-snRNP Complex (GO:0046540)	35	5291	33010	5	LSM4,PRPF3,PRPF31,SNRNP27,SNRPA	0.6808603747988173	0.9259894259111094
GO_CC	hypomethylated	Autophagosome Membrane (GO:0000421)	35	5291	33010	5	CHMP4C,MAP1LC3B2,TECPR1,VMP1,WDFY3	0.6808603747988173	0.9259894259111094
GO_CC	hypomethylated	Ciliary Membrane (GO:0060170)	35	5291	33010	5	ARL13B,BBS9,DRD2,EVC2,SHANK2	0.6808603747988173	0.9259894259111094
GO_CC	hypomethylated	Spliceosomal tri-snRNP Complex (GO:0097526)	35	5291	33010	5	LSM4,PRPF3,PRPF31,SNRNP27,SNRPA	0.6808603747988173	0.9259894259111094
GO_CC	hypomethylated	U2-type Prespliceosome (GO:0071004)	14	5291	33010	2	LUC7L,LUC7L3	0.6817939022003738	0.9259894259111094
GO_CC	hypomethylated	Prespliceosome (GO:0071010)	14	5291	33010	2	LUC7L,LUC7L3	0.6817939022003738	0.9259894259111094
GO_CC	hypomethylated	Acrosomal Vesicle (GO:0001669)	56	5291	33010	8	CXADR,FAM170B,IL4I1,IQUB,LYZL4,PRSS55,SPACA7,VPS13B	0.6939891140187722	0.9352978288665366
GO_CC	hypomethylated	HFE-transferrin Receptor Complex (GO:1990712)	7	5291	33010	1	TFR2	0.705644947968529	0.9352978288665366
GO_CC	hypomethylated	U6 snRNP (GO:0005688)	7	5291	33010	1	LSM4	0.705644947968529	0.9352978288665366
GO_CC	hypomethylated	Astrocyte Projection (GO:0097449)	7	5291	33010	1	SLC1A2	0.705644947968529	0.9352978288665366
GO_CC	hypomethylated	cis-Golgi Network Membrane (GO:0033106)	7	5291	33010	1	TRAPPC3L	0.705644947968529	0.9352978288665366
GO_CC	hypomethylated	Ribonuclease MRP Complex (GO:0000172)	7	5291	33010	1	RPP25	0.705644947968529	0.9352978288665366
GO_CC	hypomethylated	Spherical High-Density Lipoprotein Particle (GO:0034366)	7	5291	33010	1	APOC2	0.705644947968529	0.9352978288665366
GO_CC	hypomethylated	Transferase Complex, Transferring Phosphorus-Containing Groups (GO:0061695)	7	5291	33010	1	IGF1R	0.705644947968529	0.9352978288665366
GO_CC	hypomethylated	Phagocytic Vesicle Membrane (GO:0030670)	43	5291	33010	6	ATG5,B2M,HLA-F,RAB7A,TAP1,VAMP8	0.7073474224178178	0.9352978288665366
GO_CC	hypomethylated	U2 snRNP (GO:0005686)	22	5291	33010	3	SF3A3,SF3B3,SF3B5	0.7083795792470182	0.9352978288665366
GO_CC	hypomethylated	cullin-RING Ubiquitin Ligase Complex (GO:0031461)	164	5291	33010	24	AMN1,ANAPC1,COMMD1,CUL9,DCAF16,DCAF4,FBXL14,FBXL16,FBXL18,FBXL20,FBXL6,FBXL7,FBXO32,FBXO6,FBXW11,KLHL12,KLHL22,KLHL24,NCCRP1,PRAME,PRKN,SPSB4,TRPC4AP,ZSWIM5	0.7186273980115663	0.9439589221340472
GO_CC	hypomethylated	Mitochondrial Respiratory Chain Complex IV (GO:0005751)	15	5291	33010	2	COX6C,NDUFA4	0.7189223014565211	0.9439589221340472
GO_CC	hypomethylated	U2-type Spliceosomal Complex (GO:0005684)	85	5291	33010	12	GCFC2,LSM4,LUC7L,LUC7L3,MFAP1,PRPF3,PRPF31,SF3A3,SF3B3,SF3B5,SRRM2,XAB2	0.7283627676132245	0.9516394451248941
GO_CC	hypomethylated	Cyclin-Dependent Protein Kinase Holoenzyme Complex (GO:0000307)	37	5291	33010	5	CCND1,CCNP,CDK14,CDK6,MCM2	0.72878717000071	0.9516394451248941
GO_CC	hypomethylated	Lipid Droplet (GO:0005811)	72	5291	33010	10	ALDH3B2,CIDEA,DGAT2,LDAH,LPCAT1,PLA2G4C,PNPLA1,RAB7A,SDR16C5,VCP	0.7371681754373254	0.9566865069542575
GO_CC	hypomethylated	Chromosome (GO:0005694)	153	5291	33010	22	CDCA2,CDCA5,DDX21,ELL3,EXOSC9,FIGNL1,GTF2B,HMGA2,HMGB1,HMGB2,HNRNPU,HORMAD1,MDC1,MSH4,NCAPG,PDS5B,PPP1R7,RAD21,RCC1,SMC5,STAG1,SYCE1	0.7433774873660903	0.9566865069542575
GO_CC	hypomethylated	Clathrin Coat (GO:0030118)	16	5291	33010	2	CLTC,MYCBPAP	0.752326045415264	0.9566865069542575
GO_CC	hypomethylated	Nuclear Outer Membrane (GO:0005640)	16	5291	33010	2	DHCR7,ENO1	0.752326045415264	0.9566865069542575
GO_CC	hypomethylated	AP-2 Adaptor Complex (GO:0030122)	8	5291	33010	1	STON1	0.7528355845863672	0.9566865069542575
GO_CC	hypomethylated	BLOC-1 Complex (GO:0031083)	8	5291	33010	1	SNAPIN	0.7528355845863672	0.9566865069542575
GO_CC	hypomethylated	Autolysosome (GO:0044754)	8	5291	33010	1	SQSTM1	0.7528355845863672	0.9566865069542575
GO_CC	hypomethylated	Chromatoid Body (GO:0033391)	8	5291	33010	1	PIWIL1	0.7528355845863672	0.9566865069542575
GO_CC	hypomethylated	Clathrin Coat Of Endocytic Vesicle (GO:0030128)	8	5291	33010	1	STON1	0.7528355845863672	0.9566865069542575
GO_CC	hypomethylated	Perineuronal Net (GO:0072534)	8	5291	33010	1	TNR	0.7528355845863672	0.9566865069542575
GO_CC	hypomethylated	Connexin Complex (GO:0005922)	17	5291	33010	2	GJA5,GJD4	0.7822450440655876	0.9858974540189419
GO_CC	hypomethylated	Golgi Cisterna Membrane (GO:0032580)	9	5291	33010	1	NSG2	0.7924618775975039	0.9858974540189419
GO_CC	hypomethylated	TRAPPII Protein Complex (GO:1990071)	9	5291	33010	1	TRAPPC9	0.7924618775975039	0.9858974540189419
GO_CC	hypomethylated	U4 snRNP (GO:0005687)	9	5291	33010	1	PRPF31	0.7924618775975039	0.9858974540189419
GO_CC	hypomethylated	Amphisome Membrane (GO:1904930)	9	5291	33010	1	CHMP4C	0.7924618775975039	0.9858974540189419
GO_CC	hypomethylated	Apical Dendrite (GO:0097440)	9	5291	33010	1	MYO1D	0.7924618775975039	0.9858974540189419
GO_CC	hypomethylated	Multimeric Ribonuclease P Complex (GO:0030681)	9	5291	33010	1	RPP25	0.7924618775975039	0.9858974540189419
GO_CC	hypomethylated	Perisynaptic Extracellular Matrix (GO:0098966)	9	5291	33010	1	TNR	0.7924618775975039	0.9858974540189419
GO_CC	hypomethylated	Clathrin Adaptor Complex (GO:0030131)	18	5291	33010	2	AP1S3,STON1	0.808937999685616	0.9978100224510134
GO_CC	hypomethylated	High-Density Lipoprotein Particle (GO:0034364)	18	5291	33010	2	APOC2,APOE	0.808937999685616	0.9978100224510134
GO_CC	hypomethylated	Coated Vesicle (GO:0030135)	77	5291	33010	10	CCDC115,CLTC,CTSC,FCHO1,HIP1,KLHL12,MALL,SORT1,TNK2,VTI1A	0.8096571334615642	0.9978100224510134
GO_CC	hypomethylated	MLL1 Complex (GO:0071339)	26	5291	33010	3	E2F6,PRPF31,TAF4	0.8104575076870045	0.9978100224510134
GO_CC	hypomethylated	AP-1 Adaptor Complex (GO:0030121)	10	5291	33010	1	AP1S3	0.8257361482448057	1.0
GO_CC	hypomethylated	Golgi Cis Cisterna (GO:0000137)	10	5291	33010	1	NSG2	0.8257361482448057	1.0
GO_CC	hypomethylated	ISWI-type Complex (GO:0031010)	10	5291	33010	1	RBBP4	0.8257361482448057	1.0
GO_CC	hypomethylated	Nuclear Inclusion Body (GO:0042405)	10	5291	33010	1	NUP153	0.8257361482448057	1.0
GO_CC	hypomethylated	Proton-Transporting V-type ATPase, V1 Domain (GO:0033180)	10	5291	33010	1	ATP6V1G2	0.8257361482448057	1.0
GO_CC	hypomethylated	Vacuolar Proton-Transporting V-type ATPase, V1 Domain (GO:0000221)	10	5291	33010	1	ATP6V1G2	0.8257361482448057	1.0
GO_CC	hypomethylated	Mitochondrial Membrane (GO:0031966)	507	5291	33010	74	ACSL1,ALPL,BCL2A1,BCL2L11,BMF,BNIP3,BNIP3L,CASP8,CHCHD6,COQ3,COX10,COX6C,CPT1A,CYP11B1,CYP11B2,CYP2E1,ENDOG,FIS1,FLVCR1,GHITM,GPD2,IMMP2L,IMMT,LDHB,LPIN1,MAIP1,MCL1,MCUB,MIEF2,MRPL11,MRPL23,MRPL24,MRPL33,MRPL34,MRPL38,MRPS14,MRPS15,MRPS17,MRPS21,MRPS25,MRPS28,MRPS36,MYO19,NDUFA10,NDUFA4,NDUFAF3,NDUFAF6,NIPSNAP2,NLRX1,NNT,OGDH,OPA1,PARL,PDE2A,PGS1,PIGBOS1,PLA2G4C,PPP2R2B,PSEN2,RAB32,RNF144B,RTN4IP1,SDHB,SDHC,SLC22A3,SLC25A33,SLC9B2,SPATA19,SRC,TMEM14B,TOMM20,TOMM5,VRK2,ZNFX1	0.8279332768222072	1.0
GO_CC	hypomethylated	MLL1/2 Complex (GO:0044665)	27	5291	33010	3	E2F6,PRPF31,TAF4	0.8306772788438815	1.0
GO_CC	hypomethylated	Set1C/COMPASS Complex (GO:0048188)	11	5291	33010	1	WDR82	0.8536764524762219	1.0
GO_CC	hypomethylated	Proton-Transporting V-type ATPase Complex (GO:0033176)	20	5291	33010	2	ATP6V1G2,CCDC115	0.853704865016885	1.0
GO_CC	hypomethylated	Small-Subunit Processome (GO:0032040)	68	5291	33010	8	EXOSC10,IGF2BP3,NOP14,NOP56,RPS15A,RPS3A,RPS7,UTP25	0.8725842561404331	1.0
GO_CC	hypomethylated	90S Preribosome (GO:0030686)	12	5291	33010	1	NOP14	0.8771377055429302	1.0
GO_CC	hypomethylated	NADPH Oxidase Complex (GO:0043020)	12	5291	33010	1	RAC1	0.8771377055429302	1.0
GO_CC	hypomethylated	T Cell Receptor Complex (GO:0042101)	12	5291	33010	1	SYK	0.8771377055429302	1.0
GO_CC	hypomethylated	Clathrin Coat Of Coated Pit (GO:0030132)	12	5291	33010	1	STON1	0.8771377055429302	1.0
GO_CC	hypomethylated	Glial Cell Projection (GO:0097386)	12	5291	33010	1	SLC1A2	0.8771377055429302	1.0
GO_CC	hypomethylated	Euchromatin (GO:0000791)	38	5291	33010	4	DNMT3A,ESR1,EXOSC10,UHRF1	0.8789889317661737	1.0
GO_CC	hypomethylated	Core Mediator Complex (GO:0070847)	22	5291	33010	2	MED15,MED9	0.8886885259383843	1.0
GO_CC	hypomethylated	Mitochondrial Ribosome (GO:0005761)	22	5291	33010	2	MRPL34,MRPS14	0.8886885259383843	1.0
GO_CC	hypomethylated	Acetylcholine-Gated Channel Complex (GO:0005892)	13	5291	33010	1	CHRNA4	0.8968378207005869	1.0
GO_CC	hypomethylated	Secondary Lysosome (GO:0005767)	13	5291	33010	1	SQSTM1	0.8968378207005869	1.0
GO_CC	hypomethylated	Microbody Lumen (GO:0031907)	49	5291	33010	5	ACOXL,EHHADH,HMGCL,PEX7,PHYH	0.9115115180890832	1.0
GO_CC	hypomethylated	Peroxisomal Matrix (GO:0005782)	49	5291	33010	5	ACOXL,EHHADH,HMGCL,PEX7,PHYH	0.9115115180890832	1.0
GO_CC	hypomethylated	Ino80 Complex (GO:0031011)	14	5291	33010	1	TFPT	0.9133796605852187	1.0
GO_CC	hypomethylated	Vacuolar Proton-Transporting V-type ATPase Complex (GO:0016471)	24	5291	33010	2	ATP6V1G2,CCDC115	0.9157650248296861	1.0
GO_CC	hypomethylated	Cul3-RING Ubiquitin Ligase Complex (GO:0031463)	34	5291	33010	3	KLHL12,KLHL22,KLHL24	0.9265559543098453	1.0
GO_CC	hypomethylated	PRC1 Complex (GO:0035102)	15	5291	33010	1	PHC3	0.9272694719515543	1.0
GO_CC	hypomethylated	Transcription Factor TFTC Complex (GO:0033276)	16	5291	33010	1	TAF4	0.9389323670539736	1.0
GO_CC	hypomethylated	Preribosome, Large Subunit Precursor (GO:0030687)	17	5291	33010	1	NEDD4	0.9487253247407477	1.0
GO_CC	hypomethylated	Myofibril (GO:0030016)	28	5291	33010	2	MYH4,OBSCN	0.952410574961706	1.0
GO_CC	hypomethylated	Keratin Filament (GO:0045095)	38	5291	33010	3	KRT75,KRT80,KRT86	0.9557453145042213	1.0
GO_CC	hypomethylated	Kinetochore Microtubule (GO:0005828)	18	5291	33010	1	CHMP4C	0.9569481085675202	1.0
GO_CC	hypomethylated	U2-type Catalytic Step 2 Spliceosome (GO:0071007)	29	5291	33010	2	SRRM2,XAB2	0.9588414083851897	1.0
GO_CC	hypomethylated	Organelle Inner Membrane (GO:0019866)	373	5291	33010	48	ATP11B,CHCHD6,COQ3,COX10,COX6C,CYP11B1,CYP11B2,CYP2E1,ENDOG,FLVCR1,GHITM,GPD2,IMMP2L,IMMT,LBR,LDHB,MAIP1,MATR3,MCUB,MRPL11,MRPL23,MRPL24,MRPL33,MRPL34,MRPL38,MRPS14,MRPS15,MRPS17,MRPS21,MRPS25,MRPS28,MRPS36,NDUFA10,NDUFA4,NDUFAF3,NDUFAF6,NEU4,NNT,OPA1,PARL,PDE2A,PGS1,PSEN2,SDHB,SDHC,SLC9B2,SMAD3,SRC	0.9624672071613711	1.0
GO_CC	hypomethylated	Platelet Dense Granule (GO:0042827)	19	5291	33010	1	ITPR1	0.9638524356034456	1.0
GO_CC	hypomethylated	Golgi Cisterna (GO:0031985)	31	5291	33010	2	RAB30,SORL1	0.969291259107168	1.0
GO_CC	hypomethylated	Lysosomal Lumen (GO:0043202)	78	5291	33010	7	APOB,GPC5,GPC6,HSP90AA1,NEU4,SDC2,SERPINB13	0.9755627735545396	1.0
GO_CC	hypomethylated	Mitochondrial Inner Membrane (GO:0005743)	349	5291	33010	43	CHCHD6,COQ3,COX10,COX6C,CYP11B1,CYP11B2,CYP2E1,ENDOG,FLVCR1,GHITM,GPD2,IMMP2L,IMMT,LDHB,MAIP1,MCUB,MRPL11,MRPL23,MRPL24,MRPL33,MRPL34,MRPL38,MRPS14,MRPS15,MRPS17,MRPS21,MRPS25,MRPS28,MRPS36,NDUFA10,NDUFA4,NDUFAF3,NDUFAF6,NNT,OPA1,PARL,PDE2A,PGS1,PSEN2,SDHB,SDHC,SLC9B2,SRC	0.9785717366631179	1.0
GO_CC	hypomethylated	Histone Acetyltransferase Complex (GO:0000123)	24	5291	33010	1	SGF29	0.9849174303574023	1.0
GO_CC	hypomethylated	Endoplasmic Reticulum Tubular Network (GO:0071782)	25	5291	33010	1	STIM1	0.9873366953782895	1.0
GO_CC	hypomethylated	Mitochondrial Respiratory Chain Complex I (GO:0005747)	39	5291	33010	2	NDUFA10,NDUFA4	0.9907449956513428	1.0
GO_CC	hypomethylated	Respiratory Chain Complex I (GO:0045271)	39	5291	33010	2	NDUFA10,NDUFA4	0.9907449956513428	1.0
GO_CC	hypomethylated	Cul5-RING Ubiquitin Ligase Complex (GO:0031466)	8	5291	33010	0		1.0	1.0
GO_CC	hypomethylated	Golgi Medial Cisterna (GO:0005797)	9	5291	33010	0		1.0	1.0
GO_CC	hypomethylated	Golgi Trans Cisterna (GO:0000138)	7	5291	33010	0		1.0	1.0
GO_CC	hypomethylated	H3 Histone Acetyltransferase Complex (GO:0070775)	6	5291	33010	0		1.0	1.0
GO_CC	hypomethylated	H4 Histone Acetyltransferase Complex (GO:1902562)	12	5291	33010	0		1.0	1.0
GO_CC	hypomethylated	Hrd1p Ubiquitin Ligase ERAD-L Complex (GO:0000839)	5	5291	33010	0		1.0	1.0
GO_CC	hypomethylated	Hrd1p Ubiquitin Ligase Complex (GO:0000836)	7	5291	33010	0		1.0	1.0
GO_CC	hypomethylated	MHC Class I Protein Complex (GO:0042612)	5	5291	33010	0		1.0	1.0
GO_CC	hypomethylated	MLL3/4 Complex (GO:0044666)	9	5291	33010	0		1.0	1.0
GO_CC	hypomethylated	MOZ/MORF Histone Acetyltransferase Complex (GO:0070776)	6	5291	33010	0		1.0	1.0
GO_CC	hypomethylated	NSL Complex (GO:0044545)	9	5291	33010	0		1.0	1.0
GO_CC	hypomethylated	RNA N6-methyladenosine Methyltransferase Complex (GO:0036396)	8	5291	33010	0		1.0	1.0
GO_CC	hypomethylated	RNA Polymerase II, Core Complex (GO:0005665)	12	5291	33010	0		1.0	1.0
GO_CC	hypomethylated	THO Complex Part Of Transcription Export Complex (GO:0000445)	4	5291	33010	0		1.0	1.0
GO_CC	hypomethylated	TIM22 Mitochondrial Import Inner Membrane Insertion Complex (GO:0042721)	6	5291	33010	0		1.0	1.0
GO_CC	hypomethylated	TIM23 Mitochondrial Import Inner Membrane Translocase Complex (GO:0005744)	12	5291	33010	0		1.0	1.0
GO_CC	hypomethylated	TRAPPIII Protein Complex (GO:1990072)	10	5291	33010	0		1.0	1.0
GO_CC	hypomethylated	U2-type Catalytic Step 1 Spliceosome (GO:0071006)	11	5291	33010	0		1.0	1.0
GO_CC	hypomethylated	U5 snRNP (GO:0005682)	18	5291	33010	0		1.0	1.0
GO_CC	hypomethylated	U7 snRNP (GO:0005683)	6	5291	33010	0		1.0	1.0
GO_CC	hypomethylated	Alpha-Beta T Cell Receptor Complex (GO:0042105)	6	5291	33010	0		1.0	1.0
GO_CC	hypomethylated	Alveolar Lamellar Body (GO:0097208)	5	5291	33010	0		1.0	1.0
GO_CC	hypomethylated	Anaphase-Promoting Complex (GO:0005680)	20	5291	33010	0		1.0	1.0
GO_CC	hypomethylated	cyclin/CDK Positive Transcription Elongation Factor Complex (GO:0008024)	5	5291	33010	0		1.0	1.0
GO_CC	hypomethylated	Cytolytic Granule (GO:0044194)	7	5291	33010	0		1.0	1.0
GO_CC	hypomethylated	Gamma-Delta T Cell Receptor Complex (GO:0042106)	2	5291	33010	0		1.0	1.0
GO_CC	hypomethylated	Macropinosome (GO:0044354)	6	5291	33010	0		1.0	1.0
GO_CC	hypomethylated	Mitochondrial Proton-Transporting ATP Synthase Complex (GO:0005753)	16	5291	33010	0		1.0	1.0
GO_CC	hypomethylated	Mitochondrial Proton-Transporting ATP Synthase Complex, Coupling Factor F(o) (GO:0000276)	7	5291	33010	0		1.0	1.0
GO_CC	hypomethylated	Mitochondrial Respiratory Chain Complex III (GO:0005750)	11	5291	33010	0		1.0	1.0
GO_CC	hypomethylated	Multivesicular Body Lumen (GO:0097486)	4	5291	33010	0		1.0	1.0
GO_CC	hypomethylated	Phosphatidylinositol 3-Kinase Complex, Class III (GO:0035032)	6	5291	33010	0		1.0	1.0
GO_CC	hypomethylated	Pi-Body (GO:0071546)	9	5291	33010	0		1.0	1.0
GO_CC	hypomethylated	Pinosome (GO:0044352)	6	5291	33010	0		1.0	1.0
GO_CC	hypomethylated	Platelet Dense Granule Lumen (GO:0031089)	13	5291	33010	0		1.0	1.0
GO_CC	hypomethylated	Postsynaptic Recycling Endosome (GO:0098837)	4	5291	33010	0		1.0	1.0
GO_CC	hypomethylated	Proton-Transporting ATP Synthase Complex (GO:0045259)	16	5291	33010	0		1.0	1.0
GO_CC	hypomethylated	Proton-Transporting V-type ATPase, V0 Domain (GO:0033179)	6	5291	33010	0		1.0	1.0
GO_CC	hypomethylated	Respiratory Chain Complex III (GO:0045275)	11	5291	33010	0		1.0	1.0
GO_CC	hypomethylated	Serine C-palmitoyltransferase Complex (GO:0017059)	7	5291	33010	0		1.0	1.0
GO_CC	hypomethylated	Serine Protease Inhibitor Complex (GO:0097180)	5	5291	33010	0		1.0	1.0
GO_CC	hypomethylated	Shelterin Complex (GO:0070187)	5	5291	33010	0		1.0	1.0
GO_CC	hypomethylated	Symmetric Synapse (GO:0032280)	2	5291	33010	0		1.0	1.0
GO_CC	hypomethylated	tRNA Methyltransferase Complex (GO:0043527)	6	5291	33010	0		1.0	1.0
GO_CC	hypomethylated	Transcription Factor TFIIIC Complex (GO:0000127)	5	5291	33010	0		1.0	1.0
GO_CC	hypomethylated	Vacuolar Proton-Transporting V-type ATPase, V0 Domain (GO:0000220)	6	5291	33010	0		1.0	1.0
GO_CC	hypomethylated	Voltage-Gated Sodium Channel Complex (GO:0001518)	7	5291	33010	0		1.0	1.0
