gene	entrez	uniprot	category	target_name
C9orf78	51759	Q9NZ63	01. Telomere Maintenance	C9orf78
ICAM1	3383	P05362	01. Telomere Maintenance	ICAM-1
ICAM2	3384	P13598	01. Telomere Maintenance	ICAM-2
ICAM3	3385	P32942	01. Telomere Maintenance	ICAM-3
ICAM5	7087	Q9UMF0	01. Telomere Maintenance	ICAM-5
ICAM4	3386	Q14773	01. Telomere Maintenance	ICAM4
PTGES3	10728	Q15185	01. Telomere Maintenance	p23
PINX1	54984	Q96BK5	01. Telomere Maintenance	PINX1
POT1	25913	Q9NUX5	01. Telomere Maintenance	POT1
SCYL1	57410	Q96KG9	01. Telomere Maintenance	SCYL1
CXCL12	6387	P48061	01. Telomere Maintenance	SDF-1
TEP1	7011	Q99973	01. Telomere Maintenance	TEP1
TERF1	7013	P54274	01. Telomere Maintenance	TERF1
TERF2	7014	Q15554	01. Telomere Maintenance	TRF 2
SIRT1	23411	Q96EB6	02. Sirtuins	SIRT1
SIRT2	22933	Q8IXJ6	02. Sirtuins	SIRT2
SIRT3	23410	Q9NTG7	02. Sirtuins	SIRT3
SIRT4	23409	Q9Y6E7	02. Sirtuins	SIRT4
SIRT5	23408	Q9NXA8	02. Sirtuins	SIRT5
SIRT6	51548	Q8N6T7	02. Sirtuins	SIRT6
PRKAA1	5562	Q13131	03. AMPK Pathway	AMPKa1
NUAK1	9891	O60285	03. AMPK Pathway	NUAK1
PRKAA2	5563	P54646	03. AMPK Pathway	PRKAA2
PRKAB1	5564	Q9Y478	03. AMPK Pathway	PRKAB1
PRKAB2	5565	O43741	03. AMPK Pathway	PRKAB2
FOXO1	2308	Q12778	03. FOXO Pathway	FoxO1
FOXO6	100132074	A8MYZ6	03. FOXO Pathway	FOXO6
DEPTOR	64798	Q8TB45	03. mTOR Pathway	DEPTOR
FKBP3	2287	Q00688	03. mTOR Pathway	FKBP25
MLST8	64223	Q9BVC4	03. mTOR Pathway	GBL
MINAR1	23251	Q9UPX6	03. mTOR Pathway	KIAA1024
KIAA1303	57521	Q8N122	03. mTOR Pathway	KIAA1303
LAMTOR2	28956	Q9Y2Q5	03. mTOR Pathway	LAMTOR2
LAMTOR4	389541	Q0VGL1	03. mTOR Pathway	LAMTOR4
MAPKAP1	79109	Q9BPZ7	03. mTOR Pathway	MAPKAP1
LAMTOR3	8649	Q9UHA4	03. mTOR Pathway	MP1
MTOR	2475	P42345	03. mTOR Pathway	mTOR
RICTOR	253260	Q6R327	03. mTOR Pathway	RICTOR
AMBRA1	55626	Q9C0C7	04. Autophagy	AMBRA1
ATG10	83734	Q9H0Y0	04. Autophagy	ATG10
ATG12	9140	O94817	04. Autophagy	ATG12
ATG13	9776	O75143	04. Autophagy	ATG13
ATG14	22863	Q6ZNE5	04. Autophagy	ATG14
ATG2A	23130	Q2TAZ0	04. Autophagy	ATG2A
ATG3	64422	Q9NT62	04. Autophagy	ATG3
ATG4A	115201	Q8WYN0	04. Autophagy	ATG4A
ATG4B	23192	Q9Y4P1	04. Autophagy	ATG4B
ATG5	9474	Q9H1Y0	04. Autophagy	ATG5
ATG7	10533	O95352	04. Autophagy	ATG7
BECN1	8678	Q14457	04. Autophagy	BECN1
CISD2	493856	Q8N5K1	04. Autophagy	CISD2
MAP1LC3A	84557	Q9H492	04. Autophagy	MAP1LC3A
MAP1LC3B	81631	Q9GZQ8	04. Autophagy	MAP1LC3B
AHSA1	10598	O95433	04. Heat Shock / Chaperones	AHSA1
ASF1A	25842	Q9Y294	04. Heat Shock / Chaperones	ASF1A
ASF1B	55723	Q9NVP2	04. Heat Shock / Chaperones	ASF1B
BAG1	573	Q99933	04. Heat Shock / Chaperones	BAG1
BAG3	9531	O95817	04. Heat Shock / Chaperones	BAG3
BAG4	9530	O95429	04. Heat Shock / Chaperones	BAG4
BAG6	7917	P46379	04. Heat Shock / Chaperones	BAG6
BCS1L	617	Q9Y276	04. Heat Shock / Chaperones	BCS1L
CDC37	11140	Q16543	04. Heat Shock / Chaperones	CDC37
COQ8A	56997	Q8NI60	04. Heat Shock / Chaperones	COQ8A
COX17	10063	Q14061	04. Heat Shock / Chaperones	COX17
CRNN	49860	Q9UBG3	04. Heat Shock / Chaperones	CRNN
CRYAA	1409	P02489	04. Heat Shock / Chaperones	CRYAA
CRYAB	1410	P02511	04. Heat Shock / Chaperones	CRYAB
DNAJB4	11080	Q9UDY4	04. Heat Shock / Chaperones	DNAJB4
HSPA9	3313	P38646	04. Heat Shock / Chaperones	GRP75
HSPA5	3309	P11021	04. Heat Shock / Chaperones	GRP78
HSCB	150274	Q8IWL3	04. Heat Shock / Chaperones	HSCB
HSF1	3297	Q00613	04. Heat Shock / Chaperones	HSF1
HSF2	3298	Q03933	04. Heat Shock / Chaperones	HSF2
HSF2BP	11077	O75031	04. Heat Shock / Chaperones	HSF2BP
HSF4	3299	Q9ULV5	04. Heat Shock / Chaperones	HSF4
HSFY1	86614	Q96LI6	04. Heat Shock / Chaperones	HSFY1
HSPE1	3336	P61604	04. Heat Shock / Chaperones	HSP10
HSPB6	126393	O14558	04. Heat Shock / Chaperones	HSP20
HSPB1	3315	P04792	04. Heat Shock / Chaperones	HSP27
DNAJB1	3337	P25685	04. Heat Shock / Chaperones	HSP40
SERPINH1	871	P50454	04. Heat Shock / Chaperones	HSP47
HSPD1	3329	P10809	04. Heat Shock / Chaperones	HSP60
HSPA1A	3303	P0DMV8	04. Heat Shock / Chaperones	HSP70
HSP90AB1	3326	P08238	04. Heat Shock / Chaperones	HSP90
HSP90AA1	3320	P07900	04. Heat Shock / Chaperones	HSP90AA1
HSP90B1	7184	P14625	04. Heat Shock / Chaperones	HSP90B1
HSPA1L	3305	P34931	04. Heat Shock / Chaperones	HSPA1L
HSPA2	3306	P54652	04. Heat Shock / Chaperones	HSPA2
HSPA6	3310	P17066	04. Heat Shock / Chaperones	HSPA6
HSPA8	3312	P11142	04. Heat Shock / Chaperones	HSPA8
HSPB3	8988	Q12988	04. Heat Shock / Chaperones	HSPB3
HSPB8	26353	Q9UJY1	04. Heat Shock / Chaperones	HSPB8
HSPB9	94086	Q9BQS6	04. Heat Shock / Chaperones	HSPB9
HSPH1	10808	Q92598	04. Heat Shock / Chaperones	HSPH1
MESD	23184	Q14696	04. Heat Shock / Chaperones	MESD
PACRG	135138	Q96M98	04. Heat Shock / Chaperones	PACRG
CCS	9973	O14618	04. Heat Shock / Chaperones	SOD4
TBCA	6902	O75347	04. Heat Shock / Chaperones	TBCA
TBCB	1155	Q99426	04. Heat Shock / Chaperones	TBCB
TBCC	6903	Q15814	04. Heat Shock / Chaperones	TBCC
TBCE	6905	Q15813	04. Heat Shock / Chaperones	TBCE
TRAP1	10131	Q12931	04. Heat Shock / Chaperones	TRAP1
ADRM1	11047	Q16186	04. Proteasome / Proteostasis	ADRM1
HAUS7	55559	Q99871	04. Proteasome / Proteostasis	HAUS7
PSMB3	5691	P49720	04. Proteasome / Proteostasis	P20Sb3
PSMB2	5690	P49721	04. Proteasome / Proteostasis	PSB2
PSMB4	5692	P28070	04. Proteasome / Proteostasis	PSB4
PSMA1	5682	P25786	04. Proteasome / Proteostasis	PSMA1
PSMA2	5683	P25787	04. Proteasome / Proteostasis	PSMA2
PSMA3	5684	P25788	04. Proteasome / Proteostasis	PSMA3
PSMA4	5685	P25789	04. Proteasome / Proteostasis	PSMA4
PSMA5	5686	P28066	04. Proteasome / Proteostasis	PSMA5
PSMA6	5687	P60900	04. Proteasome / Proteostasis	PSMA6
PSMA7	5688	O14818	04. Proteasome / Proteostasis	PSMA7
PSMA8	143471	Q8TAA3	04. Proteasome / Proteostasis	PSMA8
PSMB1	5689	P20618	04. Proteasome / Proteostasis	PSMB1
PSMB10	5699	P40306	04. Proteasome / Proteostasis	PSMB10
PSMB5	5693	P28074	04. Proteasome / Proteostasis	PSMB5
PSMB6	5694	P28072	04. Proteasome / Proteostasis	PSMB6
PSMB7	5695	Q99436	04. Proteasome / Proteostasis	PSMB7
PSMB8	5696	P28062	04. Proteasome / Proteostasis	PSMB8
PSMB9	5698	P28065	04. Proteasome / Proteostasis	PSMB9
PSMC2	5701	P35998	04. Proteasome / Proteostasis	PSMC2
PSMC3	5702	P17980	04. Proteasome / Proteostasis	PSMC3
PSMC4	5704	P43686	04. Proteasome / Proteostasis	PSMC4
PSMC5	5705	P62195	04. Proteasome / Proteostasis	PSMC5
PSMC6	5706	P62333	04. Proteasome / Proteostasis	PSMC6
PSMD1	5707	Q99460	04. Proteasome / Proteostasis	PSMD1
PSMD11	5717	O00231	04. Proteasome / Proteostasis	PSMD11
PSMD12	5718	O00232	04. Proteasome / Proteostasis	PSMD12
PSMD13	5719	Q9UNM6	04. Proteasome / Proteostasis	PSMD13
PSMD14	10213	O00487	04. Proteasome / Proteostasis	PSMD14
PSMD2	5708	Q13200	04. Proteasome / Proteostasis	PSMD2
PSMD3	5709	O43242	04. Proteasome / Proteostasis	PSMD3
PSMD4	5710	P55036	04. Proteasome / Proteostasis	PSMD4
PSMD5	5711	Q16401	04. Proteasome / Proteostasis	PSMD5
PSMD6	9861	Q15008	04. Proteasome / Proteostasis	PSMD6
PSMD7	5713	P51665	04. Proteasome / Proteostasis	PSMD7
PSMD8	5714	P48556	04. Proteasome / Proteostasis	PSMD8
PSMD9	5715	O00233	04. Proteasome / Proteostasis	PSMD9
PSME1	5720	Q06323	04. Proteasome / Proteostasis	PSME1
PSME2	5721	Q9UL46	04. Proteasome / Proteostasis	PSME2
PSME3	10197	P61289	04. Proteasome / Proteostasis	PSME3
PSMF1	9491	Q92530	04. Proteasome / Proteostasis	PSMF1
PSMG1	8624	O95456	04. Proteasome / Proteostasis	PSMG1
PSMG3	84262	Q9BT73	04. Proteasome / Proteostasis	PSMG3
SEM1	7979	P60896	04. Proteasome / Proteostasis	SHFM1
UBLCP1	134510	Q8WVY7	04. Proteasome / Proteostasis	UBLCP1
ACOX3	8310	O15254	05. DNA Damage & Repair	ACOX3
ADGRL3	23284	Q9HAR2	05. DNA Damage & Repair	ADGRL3
ALKBH1	8846	Q13686	05. DNA Damage & Repair	ALKBH1
ANGPTL8	55908	Q6UXH0	05. DNA Damage & Repair	ANGPTL8
NPPA	4878	P01160	05. DNA Damage & Repair	ANP
ARID1A	8289	O14497	05. DNA Damage & Repair	ARID1A
ATM	472	Q13315	05. DNA Damage & Repair	ATM
ATN1	1822	P54259	05. DNA Damage & Repair	ATN1
ATR	545	Q13535	05. DNA Damage & Repair	ATR
ATRIP	84126	Q8WXE1	05. DNA Damage & Repair	ATRIP
ATRN	8455	O75882	05. DNA Damage & Repair	Attractin
BABAM2	9577	Q9NXR7	05. DNA Damage & Repair	BABAM2
SMARCE1	6605	Q969G3	05. DNA Damage & Repair	BAF57
BCCIP	56647	Q9P287	05. DNA Damage & Repair	BCCIP
NPPB	4879	P16860	05. DNA Damage & Repair	BNP
BRCA2	675	P51587	05. DNA Damage & Repair	BRCA 2
BRCA1	672	P38398	05. DNA Damage & Repair	BRCA1
SMARCA4	6597	P51532	05. DNA Damage & Repair	Brg1
BRIP1	83990	Q9BX63	05. DNA Damage & Repair	BRIP1
BSG	682	P35613	05. DNA Damage & Repair	BSG
C1QBP	708	Q07021	05. DNA Damage & Repair	C1QBP
CD93	22918	Q9NPY3	05. DNA Damage & Repair	C1qR1
LYPD3	27076	O95274	05. DNA Damage & Repair	C4.4A
CD44	960	P16070	05. DNA Damage & Repair	CD44
CLU	1191	P10909	05. DNA Damage & Repair	Clusterin
NPPC	4880	P23582	05. DNA Damage & Repair	CNP
COMP	1311	P49747	05. DNA Damage & Repair	COMP
CORIN	10699	Q9Y5Q5	05. DNA Damage & Repair	CORIN
DDB1	1642	Q16531	05. DNA Damage & Repair	DDB1
DDB2	1643	Q92466	05. DNA Damage & Repair	DDB2
DDIT3	1649	P35638	05. DNA Damage & Repair	DDIT3
DPT	1805	Q07507	05. DNA Damage & Repair	Dermatopontin
DMP1	1758	Q13316	05. DNA Damage & Repair	DMP-1
ECM1	1893	Q16610	05. DNA Damage & Repair	ECM-1
EFEMP2	30008	O95967	05. DNA Damage & Repair	EFEMP2
EIF4A3	9775	P38919	05. DNA Damage & Repair	EIF4A3
EMC2	9694	Q15006	05. DNA Damage & Repair	EMC2
EMSY	56946	Q7Z589	05. DNA Damage & Repair	EMSY
ERCC2	2068	P18074	05. DNA Damage & Repair	ERCC2
ERCC3	2071	P19447	05. DNA Damage & Repair	ERCC3
ERCC5	2073	P28715	05. DNA Damage & Repair	ERCC5
ADGRL4	64123	Q9HBW9	05. DNA Damage & Repair	ETL
FAM20C	56975	Q8IXL6	05. DNA Damage & Repair	FAM20C
FANCG	2189	O15287	05. DNA Damage & Repair	FANCG
EFEMP1	2202	Q12805	05. DNA Damage & Repair	Fibulin 3
FIS1	51024	Q9Y3D6	05. DNA Damage & Repair	FIS1
FREM1	158326	Q5H8C1	05. DNA Damage & Repair	FREM1
GADD45A	1647	P24522	05. DNA Damage & Repair	GADD45A
GADD45B	4616	O75293	05. DNA Damage & Repair	GADD45B
GADD45G	10912	O95257	05. DNA Damage & Repair	GADD45G
GATM	2628	P50440	05. DNA Damage & Repair	GATM
GOLGA2	2801	Q08379	05. DNA Damage & Repair	GOLGA2
HEXIM1	10614	O94992	05. DNA Damage & Repair	HEXIM1
HLTF	6596	Q14527	05. DNA Damage & Repair	HLTF
IFIT1	3434	P09914	05. DNA Damage & Repair	IFIT1
IFIT2	3433	P09913	05. DNA Damage & Repair	IFIT2
IFT88	8100	Q13099	05. DNA Damage & Repair	IFT88
IQCB1	9657	Q15051	05. DNA Damage & Repair	IQCB1
ITCH	83737	Q96J02	05. DNA Damage & Repair	ITCH
KLK4	9622	Q9Y5K2	05. DNA Damage & Repair	KLK4
ADGRL2	23266	O95490	05. DNA Damage & Repair	LPHN2
MAGI2	9863	Q86UL8	05. DNA Damage & Repair	MAGI2
MATN1	4146	P21941	05. DNA Damage & Repair	MATN1
MATN2	4147	O00339	05. DNA Damage & Repair	MATN2
MATN3	4148	O15232	05. DNA Damage & Repair	MATN3
MATN4	8785	O95460	05. DNA Damage & Repair	MATN4
MDC1	9656	Q14676	05. DNA Damage & Repair	MDC1
MEPE	56955	Q9NQ76	05. DNA Damage & Repair	MEPE
MERIT40	29086	Q9NWV8	05. DNA Damage & Repair	MERIT40
MGP	4256	P08493	05. DNA Damage & Repair	MGP
MMP1	4312	P03956	05. DNA Damage & Repair	MMP-1
MMP10	4319	P09238	05. DNA Damage & Repair	MMP-10
MMP11	4320	P24347	05. DNA Damage & Repair	MMP-11
MMP12	4321	P39900	05. DNA Damage & Repair	MMP-12
MMP13	4322	P45452	05. DNA Damage & Repair	MMP-13
MMP14	4323	P50281	05. DNA Damage & Repair	MMP-14
MMP15	4324	P51511	05. DNA Damage & Repair	MMP-15
MMP16	4325	P51512	05. DNA Damage & Repair	MMP-16
MMP19	4327	Q99542	05. DNA Damage & Repair	MMP-19
MMP2	4313	P08253	05. DNA Damage & Repair	MMP-2
MMP20	9313	O60882	05. DNA Damage & Repair	MMP-20
MMP24	10893	Q9Y5R2	05. DNA Damage & Repair	MMP-24
MMP25	64386	Q9NPA2	05. DNA Damage & Repair	MMP-25
MMP3	4314	P08254	05. DNA Damage & Repair	MMP-3
MMP7	4316	P09237	05. DNA Damage & Repair	MMP-7
MMP8	4317	P22894	05. DNA Damage & Repair	MMP-8
MMP9	4318	P14780	05. DNA Damage & Repair	MMP-9
MMP17	4326	Q9ULZ9	05. DNA Damage & Repair	MMP17
MMP26	56547	Q9NRE1	05. DNA Damage & Repair	MMP26
MORC3	23515	Q14149	05. DNA Damage & Repair	MORC3
MYL7	58498	Q01449	05. DNA Damage & Repair	MYL7
MME	4311	P08473	05. DNA Damage & Repair	Neprilysin
NPM1	4869	P06748	05. DNA Damage & Repair	NPM1
NPR1	4881	P16066	05. DNA Damage & Repair	NPR1
NPR2	4882	P20594	05. DNA Damage & Repair	NPR2
OPA1	4976	O60313	05. DNA Damage & Repair	OPA1
PARP1	142	P09874	05. DNA Damage & Repair	PARP1
PARP12	64761	Q9H0J9	05. DNA Damage & Repair	PARP12
PARP4	143	Q9UKK3	05. DNA Damage & Repair	PARP4
PARP9	83666	Q8IXQ6	05. DNA Damage & Repair	PARP9
PARVA	55742	Q9NVD7	05. DNA Damage & Repair	PARVA
PDRG1	81572	Q9NUG6	05. DNA Damage & Repair	PDRG1
PHF11	51131	Q9UIL8	05. DNA Damage & Repair	PHF11
PRPF19	27339	Q9UMS4	05. DNA Damage & Repair	PRPF19
RAD1	5810	O60671	05. DNA Damage & Repair	RAD1
RAD50	10111	Q92878	05. DNA Damage & Repair	RAD50
RAD51	5888	Q06609	05. DNA Damage & Repair	RAD51
RAD54B	25788	Q9Y620	05. DNA Damage & Repair	RAD54B
RAD9A	5883	Q99638	05. DNA Damage & Repair	RAD9A
RAD9B	144715	Q6WBX8	05. DNA Damage & Repair	RAD9B
REV1	51455	Q9UBZ9	05. DNA Damage & Repair	REV1
RUVBL1	8607	Q9Y265	05. DNA Damage & Repair	RUVBL1
SMARCA2	6595	P51531	05. DNA Damage & Repair	SMARCA2
SMARCA5	8467	O60264	05. DNA Damage & Repair	SMARCA5
SMARCC1	6599	Q92922	05. DNA Damage & Repair	SMARCC1
SMARCD1	6602	Q96GM5	05. DNA Damage & Repair	SMARCD1
SMARCD2	6603	Q92925	05. DNA Damage & Repair	SMARCD2
SMARCD3	6604	Q6STE5	05. DNA Damage & Repair	SMARCD3
SPG7	6687	Q9UQ90	05. DNA Damage & Repair	SPG7
SRRM1	10250	Q8IYB3	05. DNA Damage & Repair	SRRM1
SRRM2	23524	Q9UQ35	05. DNA Damage & Repair	SRRM2
SRRM4	84530	A7MD48	05. DNA Damage & Repair	SRRM4
ST14	6768	Q9Y5Y6	05. DNA Damage & Repair	ST14
TNC	3371	P24821	05. DNA Damage & Repair	Tenascin C
THOC1	9984	Q96FV9	05. DNA Damage & Repair	THOC1
TMPRSS6	164656	Q8IU80	05. DNA Damage & Repair	TMPRSS6
TTC12	54970	Q9H892	05. DNA Damage & Repair	TTC12
TTC14	151613	Q96N46	05. DNA Damage & Repair	TTC14
TTC16	158248	Q8NEE8	05. DNA Damage & Repair	TTC16
TTC17	55761	Q96AE7	05. DNA Damage & Repair	TTC17
TTC19	54902	Q6DKK2	05. DNA Damage & Repair	TTC19
TTC23	64927	Q5W5X9	05. DNA Damage & Repair	TTC23
TTC32	130502	Q5I0X7	05. DNA Damage & Repair	TTC32
TTC33	23548	Q6PID6	05. DNA Damage & Repair	TTC33
TTC6	319089	Q86TZ1	05. DNA Damage & Repair	TTC6
TTC7A	57217	Q9ULT0	05. DNA Damage & Repair	TTC7A
TTC8	123016	Q8TAM2	05. DNA Damage & Repair	TTC8
WDTC1	23038	Q8N5D0	05. DNA Damage & Repair	WDTC1
WWP2	11060	O00308	05. DNA Damage & Repair	WWP2
XPA	7507	P23025	05. DNA Damage & Repair	XPA
XPC	7508	Q01831	05. DNA Damage & Repair	XPC
XRCC1	7515	P18887	05. DNA Damage & Repair	XRCC1
XRCC2	7516	O43543	05. DNA Damage & Repair	XRCC2
XRCC3	7517	O43542	05. DNA Damage & Repair	XRCC3
XRCC5	7520	P13010	05. DNA Damage & Repair	XRCC5
XRCC6	2547	P12956	05. DNA Damage & Repair	XRCC6
ZNF384	171017	Q8TF68	05. DNA Damage & Repair	ZNF384
EP300	2033	Q09472	05. Epigenetic Regulators	EP300
HAT1	8520	O14929	05. Epigenetic Regulators	HAT1
HDAC1	3065	Q13547	05. Epigenetic Regulators	HDAC1
HDAC11	79885	Q96DB2	05. Epigenetic Regulators	HDAC11
HDAC2	3066	Q92769	05. Epigenetic Regulators	HDAC2
HDAC3	8841	O15379	05. Epigenetic Regulators	HDAC3
HDAC4	9759	P56524	05. Epigenetic Regulators	HDAC4
HDAC6	10013	Q9UBN7	05. Epigenetic Regulators	HDAC6
HDAC8	55869	Q9BY41	05. Epigenetic Regulators	HDAC8
KAT5	10524	Q92993	05. Epigenetic Regulators	KAT5
KAT2B	8850	Q92831	05. Epigenetic Regulators	PCAF
SIN3A	25942	Q96ST3	05. Epigenetic Regulators	SIN3A
SIN3B	23309	O75182	05. Epigenetic Regulators	SIN3B
TP53BP1	7158	Q12888	06. Cell Cycle Regulators	53BP1
CDK15	65061	Q96Q40	06. Cell Cycle Regulators	AL2S7
ANXA11	311	P50995	06. Cell Cycle Regulators	ANXA11
ENPEP	2028	Q07075	06. Cell Cycle Regulators	APA
ARID4A	5926	P29374	06. Cell Cycle Regulators	ARID4A
ARPC3	10094	O15145	06. Cell Cycle Regulators	ARPC3
ARPP21	10777	Q9UBL0	06. Cell Cycle Regulators	ARPP21
BAIAP2	10458	Q9UQB8	06. Cell Cycle Regulators	BAIAP2
BATF3	55509	Q9NR55	06. Cell Cycle Regulators	BATF3
C12orf5	57103	Q9NQ88	06. Cell Cycle Regulators	C12orf5
CACYBP	27101	Q9HB71	06. Cell Cycle Regulators	CACYBP
CCNA1	8900	P78396	06. Cell Cycle Regulators	CCNA1
CCNA2	890	P20248	06. Cell Cycle Regulators	CCNA2
CCNB2	9133	O95067	06. Cell Cycle Regulators	CCNB2
CCND2	894	P30279	06. Cell Cycle Regulators	CCND2
CCND3	896	P30281	06. Cell Cycle Regulators	CCND3
CCNE1	898	P24864	06. Cell Cycle Regulators	CCNE1
CCNE2	9134	O96020	06. Cell Cycle Regulators	CCNE2
CCNF	899	P41002	06. Cell Cycle Regulators	CCNF
CCNI	10983	Q14094	06. Cell Cycle Regulators	CCNI
CCNO	10309	P22674	06. Cell Cycle Regulators	CCNO
CCNT1	904	O60563	06. Cell Cycle Regulators	CCNT1
CD151	977	P48509	06. Cell Cycle Regulators	CD151
CDK1	983	P06493	06. Cell Cycle Regulators	CDC2
CDK19	23097	Q9BWU1	06. Cell Cycle Regulators	CDC2L6
CDK10	8558	Q15131	06. Cell Cycle Regulators	CDK10
CDK11B	984	P21127	06. Cell Cycle Regulators	CDK11B
CDK13	8621	Q14004	06. Cell Cycle Regulators	CDK13
CDK16	5127	Q00536	06. Cell Cycle Regulators	CDK16
CDK18	5129	Q07002	06. Cell Cycle Regulators	CDK18
CDK2	1017	P24941	06. Cell Cycle Regulators	CDK2
CDK2AP2	10263	O75956	06. Cell Cycle Regulators	CDK2AP2
CDK3	1018	Q00526	06. Cell Cycle Regulators	CDK3
CDK4	1019	P11802	06. Cell Cycle Regulators	CDK4
CDK5R1	8851	Q15078	06. Cell Cycle Regulators	CDK5R1
CDK6	1021	Q00534	06. Cell Cycle Regulators	CDK6
CDK7	1022	P50613	06. Cell Cycle Regulators	CDK7
CDK8	1024	P49336	06. Cell Cycle Regulators	CDK8
CDK9	1025	P50750	06. Cell Cycle Regulators	CDK9
CDKL5	6792	O76039	06. Cell Cycle Regulators	CDKL5
CDKN1C	1028	P49918	06. Cell Cycle Regulators	CDKN1C
CDKN2A	1029	P42771	06. Cell Cycle Regulators	CDKN2A
CDKN2B	1030	P42772	06. Cell Cycle Regulators	CDKN2B
CDKN2C	1031	P42773	06. Cell Cycle Regulators	CDKN2C
CDKN2D	1032	P55273	06. Cell Cycle Regulators	CDKN2D
CDKN3	1033	Q16667	06. Cell Cycle Regulators	CDKN3
CIDEC	63924	Q96AQ7	06. Cell Cycle Regulators	CIDEC
CINP	51550	Q9BW66	06. Cell Cycle Regulators	CINP
CCND1	595	P24385	06. Cell Cycle Regulators	Cyclin D1
CYFIP2	26999	Q96F07	06. Cell Cycle Regulators	CYFIP2
CYP21A2	1589	P08686	06. Cell Cycle Regulators	CYP21A2
DCTN6	10671	O00399	06. Cell Cycle Regulators	DCTN6
DDX1	1653	Q92499	06. Cell Cycle Regulators	DDX1
DHRS2	10202	Q13268	06. Cell Cycle Regulators	DHRS2
E2F1	1869	Q01094	06. Cell Cycle Regulators	E2F1
EEA1	8411	Q15075	06. Cell Cycle Regulators	EEA1
EVPL	2125	Q92817	06. Cell Cycle Regulators	Envoplakin
ERP27	121506	Q96DN0	06. Cell Cycle Regulators	ERP27
GABARAPL2	11345	P60520	06. Cell Cycle Regulators	GABARAPL2
GAK	2580	O14976	06. Cell Cycle Regulators	GAK
LGALS7	3963	P47929	06. Cell Cycle Regulators	Galectin-7
HCFC1	3054	P51610	06. Cell Cycle Regulators	HCFC1
HERC5	51191	Q9UII4	06. Cell Cycle Regulators	HERC5
HRAS	3265	P01112	06. Cell Cycle Regulators	HRAS
AQR	9716	O60306	06. Cell Cycle Regulators	IBP160
IGFBP7	3490	Q16270	06. Cell Cycle Regulators	IGFBP-rp1
EIF6	3692	P56537	06. Cell Cycle Regulators	ITGB4BP
KDM5A	5927	P29375	06. Cell Cycle Regulators	KDM5A
KDM5B	10765	Q9UGL1	06. Cell Cycle Regulators	KDM5B
KHDRBS1	10657	Q07666	06. Cell Cycle Regulators	KHDRBS1
LITAF	9516	Q99732	06. Cell Cycle Regulators	LITAF
LYN	4067	P07948	06. Cell Cycle Regulators	Lyn
MDM2	4193	Q00987	06. Cell Cycle Regulators	MDM2
MDM4	4194	O15151	06. Cell Cycle Regulators	MDM4
MSH6	2956	P52701	06. Cell Cycle Regulators	MSH6
NCKIPSD	51517	Q9NZQ3	06. Cell Cycle Regulators	NCKIPSD
NCOR2	9612	Q9Y618	06. Cell Cycle Regulators	NCOR2
ARPC5	10092	O15511	06. Cell Cycle Regulators	p16 ARC
CDKN1A	1026	P38936	06. Cell Cycle Regulators	p21
CDKN1B	1027	P46527	06. Cell Cycle Regulators	p27
CDK5R2	8941	Q13319	06. Cell Cycle Regulators	p39
TP53	7157	P04637	06. Cell Cycle Regulators	p53
TP73	7161	O15350	06. Cell Cycle Regulators	p73
PAK1	5058	Q13153	06. Cell Cycle Regulators	PAK1
PAK2	5062	Q13177	06. Cell Cycle Regulators	PAK2
PAK3	5063	O75914	06. Cell Cycle Regulators	PAK3
PAK4	10298	O96013	06. Cell Cycle Regulators	PAK4
PAK6	56924	Q9NQU5	06. Cell Cycle Regulators	PAK6
PAK5	57144	Q9P286	06. Cell Cycle Regulators	PAK7
PCNA	5111	P12004	06. Cell Cycle Regulators	PCNA
PFTK1	5218	O94921	06. Cell Cycle Regulators	PFTK1
PLCZ1	89869	Q86YW0	06. Cell Cycle Regulators	PLCZ1
PPM1D	8493	O15297	06. Cell Cycle Regulators	PPM1D
PPP1R13B	23368	Q96KQ4	06. Cell Cycle Regulators	PPP1R13B
PRDM2	7799	Q13029	06. Cell Cycle Regulators	PRDM2
PRNP	5621	P04156	06. Cell Cycle Regulators	PRNP
PTGES	9536	O14684	06. Cell Cycle Regulators	PTGES
PTGIS	5740	Q16647	06. Cell Cycle Regulators	PTGIS
RAC1	5879	P63000	06. Cell Cycle Regulators	RAC1
RAC2	5880	P15153	06. Cell Cycle Regulators	RAC2
RAC3	5881	P60763	06. Cell Cycle Regulators	RAC3
RAP1A	5906	P62834	06. Cell Cycle Regulators	RAP1A
RAP1B	5908	P61224	06. Cell Cycle Regulators	RAP1AB
RASA1	5921	P20936	06. Cell Cycle Regulators	RASA1
RB1	5925	P06400	06. Cell Cycle Regulators	RB1
RBBP4	5928	Q09028	06. Cell Cycle Regulators	RBBP4
RBL1	5933	P28749	06. Cell Cycle Regulators	RBL1
RBL2	5934	Q08999	06. Cell Cycle Regulators	RBL2
ROCK1	6093	Q13464	06. Cell Cycle Regulators	ROCK1
ROCK2	9475	O75116	06. Cell Cycle Regulators	ROCK2
RPRD1A	55197	Q96P16	06. Cell Cycle Regulators	RPRD1A
RRM2B	50484	Q7LG56	06. Cell Cycle Regulators	RRM2B
S100A6	6277	P06703	06. Cell Cycle Regulators	S100A6
SCAPER	49855	Q9BY12	06. Cell Cycle Regulators	SCAPER
SIGLEC16	400709	A6NMB1	06. Cell Cycle Regulators	SIGLEC16
SKP2	6502	Q13309	06. Cell Cycle Regulators	SKP2
SUPT5H	6829	O00267	06. Cell Cycle Regulators	SUPT5H
TMED10	10972	P49755	06. Cell Cycle Regulators	TMED10
TOPORS	10210	Q9NS56	06. Cell Cycle Regulators	TOPORS
TP53I3	9540	Q53FA7	06. Cell Cycle Regulators	TP53I3
TP53RK	112858	Q96S44	06. Cell Cycle Regulators	TP53RK
MED1	5469	Q15648	06. Cell Cycle Regulators	TRAP220
TRIAP1	51499	O43715	06. Cell Cycle Regulators	TRIAP1
EIPR1	7260	Q53HC9	06. Cell Cycle Regulators	TSSC1
UBE2D2	7322	P62837	06. Cell Cycle Regulators	UBE2D2
USP16	10600	Q9Y5T5	06. Cell Cycle Regulators	USP16
WARS1	7453	P23381	06. Cell Cycle Regulators	WRS
ZBTB7A	51341	O95365	06. Cell Cycle Regulators	ZBTB7A
ATP13A3	79572	Q9H7F0	06. Cellular Senescence / SASP	ATP13A3
CLDN1	9076	O95832	06. Cellular Senescence / SASP	CLDN1
GLB1	2720	P16278	06. Cellular Senescence / SASP	GLB1
LIMS1	3987	P48059	06. Cellular Senescence / SASP	LIMS1
RSL1D1	26156	O76021	06. Cellular Senescence / SASP	RSL1D1
TXN	7295	P10599	06. Cellular Senescence / SASP	Thioredoxin-1
AATK	9625	Q6ZMQ8	07. Apoptosis	AATK
AIFM1	9131	O95831	07. Apoptosis	AIF
MAP3K5	4217	Q99683	07. Apoptosis	ASK1
CSRNP1	64651	Q96S65	07. Apoptosis	AXUD1
BAD	572	Q92934	07. Apoptosis	BAD
BAK1	578	Q16611	07. Apoptosis	BAK1
BAX	581	Q07812	07. Apoptosis	Bax
BCL2L2	599	Q92843	07. Apoptosis	Bcl-w
BCL2	596	P10415	07. Apoptosis	BCL2
BCL2L1	598	Q07817	07. Apoptosis	BCL2L1
BCL2L10	10017	Q9HD36	07. Apoptosis	BCL2L10
BCL2L12	83596	Q9HB09	07. Apoptosis	BCL2L12
BCL2L11	10018	O43521	07. Apoptosis	BIM L
BIRC2	329	Q13490	07. Apoptosis	BIRC2
BIRC8	112401	Q96P09	07. Apoptosis	BIRC8
BMF	90427	Q96LC9	07. Apoptosis	BMF
BNIPL	149428	Q7Z465	07. Apoptosis	BNIPL
BOK	666	Q9UMX3	07. Apoptosis	BOK
C20orf144	128864	Q9BQM9	07. Apoptosis	C20orf144
CARD11	84433	Q9BXL7	07. Apoptosis	CARD11
CARD18	59082	P57730	07. Apoptosis	CARD18
CARD9	64170	Q9H257	07. Apoptosis	CARD9
CASP1	834	P29466	07. Apoptosis	CASP1
CASP10	843	Q92851	07. Apoptosis	CASP10
CASP2	835	P42575	07. Apoptosis	CASP2
CASP4	837	P49662	07. Apoptosis	CASP4
CASP5	838	P51878	07. Apoptosis	CASP5
CASP6	839	P55212	07. Apoptosis	CASP6
CASP7	840	P55210	07. Apoptosis	CASP7
CASP9	842	P55211	07. Apoptosis	CASP9
CASP14	23581	P31944	07. Apoptosis	Caspase-14
CASP3	836	P42574	07. Apoptosis	Caspase-3
CASP8	841	Q14790	07. Apoptosis	Caspase-8
CD274	29126	Q9NZQ7	07. Apoptosis	CD274
CD5L	922	O43866	07. Apoptosis	CD5L
CFLAR	8837	O15519	07. Apoptosis	CFLAR
BIRC3	330	Q13489	07. Apoptosis	cIAP-2
COA6	388753	Q5JTJ3	07. Apoptosis	COA6
COX11	1353	Q9Y6N1	07. Apoptosis	COX11
COX18	285521	Q8N8Q8	07. Apoptosis	COX18
COX4I1	1327	P13073	07. Apoptosis	COX4I1
COX4I2	84701	Q96KJ9	07. Apoptosis	COX4I2
COX5A	9377	P20674	07. Apoptosis	COX5A
COX5B	1329	P10606	07. Apoptosis	COX5B
COX6A1	1337	P12074	07. Apoptosis	COX6A1
COX6A2	1339	Q02221	07. Apoptosis	COX6A2
COX6B1	1340	P14854	07. Apoptosis	COX6B1
COX7A1	1346	P24310	07. Apoptosis	COX7A1
COX7A2L	9167	O14548	07. Apoptosis	COX7A2L
COX7B	1349	P24311	07. Apoptosis	COX7B
COX7B2	170712	Q8TF08	07. Apoptosis	COX7B2
COX7C	1350	P15954	07. Apoptosis	COX7C
COX8A	1351	P10176	07. Apoptosis	COX8A
CRADD	8738	P78560	07. Apoptosis	CRADD
GGCT	79017	O75223	07. Apoptosis	CRF21
CSE1L	1434	P55060	07. Apoptosis	CSE1L
CYC1	1537	P08574	07. Apoptosis	CYC1
CYCS	54205	P99999	07. Apoptosis	Cytochrome C (d)
DAXX	1616	Q9UER7	07. Apoptosis	DAXX
DFFB	1677	O76075	07. Apoptosis	DFFB
DPF2	5977	Q92785	07. Apoptosis	DPF2
TNFRSF25	8718	Q93038	07. Apoptosis	DR3
TNFRSF21	27242	O75509	07. Apoptosis	DR6
STK17A	9263	Q9UEE5	07. Apoptosis	DRAK1
FADD	8772	Q13158	07. Apoptosis	FADD
FAIM3	9214	O60667	07. Apoptosis	FAIM3
FAS	355	P25445	07. Apoptosis	Fas
FASLG	356	P48023	07. Apoptosis	Fas Ligand
TPT1P8	59347	Q9HAU6	07. Apoptosis	FKSG2
HIVEP1	3096	P15822	07. Apoptosis	HIVEP1
HYI	81888	Q5T013	07. Apoptosis	HYI
CCAR2	57805	Q8N163	07. Apoptosis	KIAA1967
BIRC7	79444	Q96CA5	07. Apoptosis	Livin
LMTK2	22853	Q8IWU2	07. Apoptosis	LMTK2
MALT1	10892	Q9UDY8	07. Apoptosis	MALT1
MCL1	4170	Q07820	07. Apoptosis	Mcl-1
MOAP1	64112	Q96BY2	07. Apoptosis	MOAP1
MRPS30	10884	Q9NP92	07. Apoptosis	MRPS30
MTCOX3	4514	P00414	07. Apoptosis	MTCOX3
MZB1	51237	Q8WU39	07. Apoptosis	MZB1
NAIF1	203245	Q69YI7	07. Apoptosis	NAIF1
NAIP	4671	Q13075	07. Apoptosis	NAIP
NDUFA4	4697	O00483	07. Apoptosis	NDUFA4
NLRC4	58484	Q9NPP4	07. Apoptosis	NLRC4
NLRP1	22861	Q9C000	07. Apoptosis	NLRP1
NOD1	10392	Q9Y239	07. Apoptosis	NOD1
NOD2	64127	Q9HC29	07. Apoptosis	NOD2
PAWR	5074	Q96IZ0	07. Apoptosis	PAWR
PCSK9	255738	Q8NBP7	07. Apoptosis	PCSK9
PDCD1	5133	Q15116	07. Apoptosis	PD-1
PDCD10	11235	Q9BUL8	07. Apoptosis	PDCD10
PDCD1LG2	80380	Q9BQ51	07. Apoptosis	PDCD1LG2
PDCD4	27250	Q53EL6	07. Apoptosis	PDCD4
PDCD5	9141	O14737	07. Apoptosis	PDCD5
PDCD6	10016	O75340	07. Apoptosis	PDCD6
PDCD6IP	10015	Q8WUM4	07. Apoptosis	PDCD6IP
PLEKHF2	79666	Q9H8W4	07. Apoptosis	PLEKHF2
PYCARD	29108	Q9ULZ3	07. Apoptosis	PYCARD
SFRP1	6422	Q8N474	07. Apoptosis	sFRP-1
SFRP2	6423	Q96HF1	07. Apoptosis	SFRP2
SFRP5	6425	Q5T4F7	07. Apoptosis	SFRP5
DIABLO	56616	Q9NR28	07. Apoptosis	SMAC
STK17B	9262	O94768	07. Apoptosis	STK17B
BIRC5	332	O15392	07. Apoptosis	Survivin
TIAF1	399687	O95411	07. Apoptosis	TIAF1
TRADD	8717	Q15628	07. Apoptosis	TRADD
TNFSF10	8743	P50591	07. Apoptosis	TRAIL
TNFRSF10A	8797	O00220	07. Apoptosis	TRAIL R1
TNFRSF10B	8795	O14763	07. Apoptosis	TRAIL R2
TNFRSF10C	8794	O14798	07. Apoptosis	TRAIL R3
TNFRSF10D	8793	Q9UBN6	07. Apoptosis	TRAIL R4
TNFSF12	8742	O43508	07. Apoptosis	TWEAK
UQCR10	29796	Q9UDW1	07. Apoptosis	UCRC
UQCR11	10975	O14957	07. Apoptosis	UQCR
UQCRB	7381	P14927	07. Apoptosis	UQCRB
UQCRFS1	7386	P47985	07. Apoptosis	UQCRFS1
UQCRH	7388	P07919	07. Apoptosis	UQCRH
UQCRQ	27089	O14949	07. Apoptosis	UQCRQ
XIAP	331	P98170	07. Apoptosis	XIAP
ADH5	128	P11766	08. Antioxidant / Oxidative Stress	ADH5
CAT	847	P04040	08. Antioxidant / Oxidative Stress	Catalase
ESD	2098	P10768	08. Antioxidant / Oxidative Stress	ESD
PRXL2B	127281	Q8TBF2	08. Antioxidant / Oxidative Stress	FAM213
GGT2	728441	P36268	08. Antioxidant / Oxidative Stress	GGT2
GGT5	2687	P36269	08. Antioxidant / Oxidative Stress	GGT5
GGT7	2686	Q9UJ14	08. Antioxidant / Oxidative Stress	GGT7
GLO1	2739	Q04760	08. Antioxidant / Oxidative Stress	GLO-1
GLRX3	10539	O76003	08. Antioxidant / Oxidative Stress	GLRX3
HAGH	3029	Q16775	08. Antioxidant / Oxidative Stress	Glyoxalase II
GPX1	2876	P07203	08. Antioxidant / Oxidative Stress	GPX1
GPX2	2877	P18283	08. Antioxidant / Oxidative Stress	GPX2
GPX3	2878	P22352	08. Antioxidant / Oxidative Stress	GPX3
GPX4	2879	P36969	08. Antioxidant / Oxidative Stress	GPX4
GPX5	2880	O75715	08. Antioxidant / Oxidative Stress	GPX5
GPX7	2882	Q96SL4	08. Antioxidant / Oxidative Stress	GPX7
GSR	2936	P00390	08. Antioxidant / Oxidative Stress	GSR
GSS	2937	P48637	08. Antioxidant / Oxidative Stress	GSS
GSTA1	2938	P08263	08. Antioxidant / Oxidative Stress	GST
GSTA3	2940	Q16772	08. Antioxidant / Oxidative Stress	GSTA3
GSTK1	373156	Q9Y2Q3	08. Antioxidant / Oxidative Stress	GSTK1
GSTM1	2944	P09488	08. Antioxidant / Oxidative Stress	GSTM1
GSTM2	2946	P28161	08. Antioxidant / Oxidative Stress	GSTM2
GSTM3	2947	P21266	08. Antioxidant / Oxidative Stress	GSTM3
GSTM5	2949	P46439	08. Antioxidant / Oxidative Stress	GSTM5
GSTO1	9446	P78417	08. Antioxidant / Oxidative Stress	GSTO1
GSTP1	2950	P09211	08. Antioxidant / Oxidative Stress	GSTP1
GSTT2	2953	P0CG29	08. Antioxidant / Oxidative Stress	GSTT2
GSTT2B	653689	P0CG30	08. Antioxidant / Oxidative Stress	GSTT2B
GSTZ1	2954	O43708	08. Antioxidant / Oxidative Stress	GSTZ1
KEAP1	9817	Q14145	08. Antioxidant / Oxidative Stress	KEAP1
LTC4S	4056	Q16873	08. Antioxidant / Oxidative Stress	LTC4S
MGST1	4257	P10620	08. Antioxidant / Oxidative Stress	MGST1
MGST2	4258	Q99735	08. Antioxidant / Oxidative Stress	MGST2
ABCC1	4363	P33527	08. Antioxidant / Oxidative Stress	MRP 1
OSER1	51526	Q9NX31	08. Antioxidant / Oxidative Stress	OSER1
PDIA6	10130	Q15084	08. Antioxidant / Oxidative Stress	PDIA6
PRDX2	7001	P32119	08. Antioxidant / Oxidative Stress	Peroxiredoxin 2
PRDX3	10935	P30048	08. Antioxidant / Oxidative Stress	Peroxiredoxin 3
PRDX5	25824	P30044	08. Antioxidant / Oxidative Stress	Peroxiredoxin 5
HPGDS	27306	O60760	08. Antioxidant / Oxidative Stress	PGDS
PRDX1	5052	Q06830	08. Antioxidant / Oxidative Stress	PRDX 1
PRDX4	10549	Q13162	08. Antioxidant / Oxidative Stress	PRDX4
PRDX6	9588	P30041	08. Antioxidant / Oxidative Stress	Prdx6
PTGDS	5730	P41222	08. Antioxidant / Oxidative Stress	PTGDS
SOD3	6649	P08294	08. Antioxidant / Oxidative Stress	SOD-3
SOD1	6647	P00441	08. Antioxidant / Oxidative Stress	SOD1
SOD2	6648	P04179	08. Antioxidant / Oxidative Stress	SOD2
TSTD1	100131187	Q8NFU3	08. Antioxidant / Oxidative Stress	TSTD1
TXN2	25828	Q99757	08. Antioxidant / Oxidative Stress	TXN2
TXNDC16	57544	Q9P2K2	08. Antioxidant / Oxidative Stress	TXNDC16
ERP44	23071	Q9BS26	08. Antioxidant / Oxidative Stress	TXNDC4
TXNDC5	81567	Q8NBS9	08. Antioxidant / Oxidative Stress	TXNDC5
TXNL1	9352	O43396	08. Antioxidant / Oxidative Stress	TXNL1
TXNL4A	10907	P83876	08. Antioxidant / Oxidative Stress	TXNL4A
TXNDC17	84817	Q9BRA2	08. Antioxidant / Oxidative Stress	TXNL5
TXNRD1	7296	Q16881	08. Antioxidant / Oxidative Stress	TXNRD1
TXNRD2	10587	Q9NNW7	08. Antioxidant / Oxidative Stress	TXNRD2
TYRP1	7306	P17643	08. Antioxidant / Oxidative Stress	TYRP1
TXNIP	10628	Q9H3M7	08. Antioxidant / Oxidative Stress	VDUP-1
AADAT	51166	Q8N5Z0	08. Mitochondrial Function	AADAT
AARS2	57505	Q5JTZ9	08. Mitochondrial Function	AARS2
ABAT	18	P80404	08. Mitochondrial Function	ABAT
ABHD10	55347	Q9NUJ1	08. Mitochondrial Function	ABHD10
ACAA2	10449	P42765	08. Mitochondrial Function	ACAA2
ACADL	33	P28330	08. Mitochondrial Function	ACADL
ACADS	35	P16219	08. Mitochondrial Function	ACADS
ACADSB	36	P45954	08. Mitochondrial Function	ACADSB
ACADVL	37	P49748	08. Mitochondrial Function	ACADVL
ACO2	50	Q99798	08. Mitochondrial Function	ACO2
ACOT2	10965	P49753	08. Mitochondrial Function	ACOT2
ACOT9	23597	Q9Y305	08. Mitochondrial Function	ACOT9
ACSF2	80221	Q96CM8	08. Mitochondrial Function	ACSF2
ACSS3	79611	Q9H6R3	08. Mitochondrial Function	ACSS3
AGXT2	64902	Q9BYV1	08. Mitochondrial Function	AGXT2
AK2	204	P54819	08. Mitochondrial Function	AK2
AK4	205	P27144	08. Mitochondrial Function	AK4
AKAP10	11216	O43572	08. Mitochondrial Function	AKAP10
ALAS2	212	P22557	08. Mitochondrial Function	ALAS2
ALDH1L2	160428	Q3SY69	08. Mitochondrial Function	ALDH1L2
ALDH2	217	P05091	08. Mitochondrial Function	ALDH2
ALDH5A1	7915	P51649	08. Mitochondrial Function	ALDH5A1
ALDH6A1	4329	Q02252	08. Mitochondrial Function	ALDH6A1
AMT	275	P48728	08. Mitochondrial Function	AMT
APEX1	328	P27695	08. Mitochondrial Function	Apex1
ARG2	384	P78540	08. Mitochondrial Function	ARG2
ATP5F1A	498	P25705	08. Mitochondrial Function	ATP5A
ATP5F1C	509	P36542	08. Mitochondrial Function	ATP5C1
ATP5D	513	P30049	08. Mitochondrial Function	ATP5D
ATP5PB	515	P24539	08. Mitochondrial Function	ATP5F1
ATP5MC1	516	P05496	08. Mitochondrial Function	ATP5G1
ATP5MC2	517	Q06055	08. Mitochondrial Function	ATP5G2
ATP5MC3	518	P48201	08. Mitochondrial Function	ATP5G3
ATP5PF	522	P18859	08. Mitochondrial Function	ATP5J
ATP5PO	539	P48047	08. Mitochondrial Function	ATP5O
ATP5PD	10476	O75947	08. Mitochondrial Function	ATP5PD
DMAC2L	27109	Q99766	08. Mitochondrial Function	ATP5S
ATP6AP2	10159	O75787	08. Mitochondrial Function	ATP6AP2
ATPAF2	91647	Q8N5M1	08. Mitochondrial Function	ATPAF2
ATP5F1B	506	P06576	08. Mitochondrial Function	ATPB
ATP5IF1	93974	Q9UII2	08. Mitochondrial Function	ATPIF1
AUH	549	Q13825	08. Mitochondrial Function	AUH
BCKDHA	593	P12694	08. Mitochondrial Function	BCKDHA
BCKDK	10295	O14874	08. Mitochondrial Function	BCKDK
MPC1	51660	Q9Y5U8	08. Mitochondrial Function	BRP44L
CA5A	763	P35218	08. Mitochondrial Function	CA5A
CA5B	11238	Q9Y2D0	08. Mitochondrial Function	CA5B
CCDC90B	60492	Q9GZT6	08. Mitochondrial Function	CCDC90B
CDK5RAP1	51654	Q96SZ6	08. Mitochondrial Function	CDK5RAP1
CHDH	55349	Q8NE62	08. Mitochondrial Function	CHDH
CKMT1A	548596	P12532	08. Mitochondrial Function	CKMT1A
CKMT2	1160	P17540	08. Mitochondrial Function	CKMT2
CLPP	8192	Q16740	08. Mitochondrial Function	CLPP
CLPX	10845	O76031	08. Mitochondrial Function	CLPX
CLYBL	171425	Q8N0X4	08. Mitochondrial Function	CLYBL
CMC1	152100	Q7Z7K0	08. Mitochondrial Function	CMC1
COQ2	27235	Q96H96	08. Mitochondrial Function	COQ2
COQ7	10229	Q99807	08. Mitochondrial Function	COQ7
COQ9	57017	O75208	08. Mitochondrial Function	COQ9
COX10	1352	Q12887	08. Mitochondrial Function	COX10
CPS1	1373	P31327	08. Mitochondrial Function	CPS1
CPT2	1376	P23786	08. Mitochondrial Function	CPT2
CS	1431	O75390	08. Mitochondrial Function	CS
CYP24A1	1591	Q07973	08. Mitochondrial Function	CYP24A1
DAP3	7818	P51398	08. Mitochondrial Function	DAP3
DARS2	55157	Q6PI48	08. Mitochondrial Function	DARS2
ECI1	1632	P42126	08. Mitochondrial Function	DCI
DECR1	1666	Q16698	08. Mitochondrial Function	DECR1
DHTKD1	55526	Q96HY7	08. Mitochondrial Function	DHTKD1
DLAT	1737	P10515	08. Mitochondrial Function	DLAT
DMGDH	29958	Q9UI17	08. Mitochondrial Function	DMGDH
DNAJC30	84277	Q96LL9	08. Mitochondrial Function	DNAJC30
DUT	1854	P33316	08. Mitochondrial Function	DUT
ECH1	1891	Q13011	08. Mitochondrial Function	ECH1
ECHS1	1892	P30084	08. Mitochondrial Function	ECHS1
ECSIT	51295	Q9BQ95	08. Mitochondrial Function	ECSIT
ENOSF1	55556	Q7L5Y1	08. Mitochondrial Function	ENOSF1
HSD17B10	3028	Q99714	08. Mitochondrial Function	ERAB
ERAL1	26284	O75616	08. Mitochondrial Function	ERAL1
ETFDH	2110	Q16134	08. Mitochondrial Function	ETFDH
ETHE1	23474	O95571	08. Mitochondrial Function	ETHE1
EXOG	9941	Q9Y2C4	08. Mitochondrial Function	EXOG
FAHD1	81889	Q6P587	08. Mitochondrial Function	FAHD1
FASTKD3	79072	Q14CZ7	08. Mitochondrial Function	FASTKD3
FASTKD5	60493	Q7L8L6	08. Mitochondrial Function	FASTKD5
FDX1	2230	P10109	08. Mitochondrial Function	FDX1
FDXR	2232	P22570	08. Mitochondrial Function	FDXR
FH	2271	P07954	08. Mitochondrial Function	FH
FPGS	2356	Q05932	08. Mitochondrial Function	FPGS
GCAT	23464	O75600	08. Mitochondrial Function	GCAT
GCDH	2639	Q92947	08. Mitochondrial Function	GCDH
GCSH	2653	P23434	08. Mitochondrial Function	GCSH
GFM2	84340	Q969S9	08. Mitochondrial Function	GFM2
GHITM	27069	Q9H3K2	08. Mitochondrial Function	GHITM
GLUD1	2746	P00367	08. Mitochondrial Function	GLUD1
GLUD2	2747	P49448	08. Mitochondrial Function	GLUD2
GOT2	2806	P00505	08. Mitochondrial Function	GOT2
GPD2	2820	P43304	08. Mitochondrial Function	GPD2
GRPEL1	80273	Q9HAV7	08. Mitochondrial Function	GRPEL1
HADH	3033	Q16836	08. Mitochondrial Function	HADH
HADHA	3030	P40939	08. Mitochondrial Function	HADHA
HADHB	3032	P55084	08. Mitochondrial Function	HADHB
HIBADH	11112	P31937	08. Mitochondrial Function	HIBADH
HIBCH	26275	Q6NVY1	08. Mitochondrial Function	HIBCH
HMGCL	3155	P35914	08. Mitochondrial Function	HMGCL
HOGA1	112817	Q86XE5	08. Mitochondrial Function	HOGA1
HTRA2	27429	O43464	08. Mitochondrial Function	HTRA2
IDH2	3418	P48735	08. Mitochondrial Function	IDH2
IDH3A	3419	P50213	08. Mitochondrial Function	IDH3A
IDH3G	3421	P51553	08. Mitochondrial Function	IDH3G
IVD	3712	P26440	08. Mitochondrial Function	IVD
PRORP	9692	O15091	08. Mitochondrial Function	KIAA0391
KIAA0664	23277	O75153	08. Mitochondrial Function	KIAA0664
LACTB	114294	P83111	08. Mitochondrial Function	LACTB
DLD	1738	P09622	08. Mitochondrial Function	LAD
LARS2	23395	Q15031	08. Mitochondrial Function	LARS2
LIAS	11019	O43766	08. Mitochondrial Function	LIAS
MCCC2	64087	Q9HCC0	08. Mitochondrial Function	MCCC2
MMUT	4594	P22033	08. Mitochondrial Function	MCM
MDH2	4191	P40926	08. Mitochondrial Function	MDH2
ME2	4200	P23368	08. Mitochondrial Function	ME2
METAP1D	254042	Q6UB28	08. Mitochondrial Function	METAP1D
MMAA	166785	Q8IVH4	08. Mitochondrial Function	MMAA
MPC2	25874	O95563	08. Mitochondrial Function	MPC2
MRM1	79922	Q6IN84	08. Mitochondrial Function	MRM1
MRM2	29960	Q9UI43	08. Mitochondrial Function	MRM2
MRM3	55178	Q9HC36	08. Mitochondrial Function	MRM3
MRPL1	65008	Q9BYD6	08. Mitochondrial Function	MRPL1
MRPL11	65003	Q9Y3B7	08. Mitochondrial Function	MRPL11
MRPL12	6182	P52815	08. Mitochondrial Function	MRPL12
MRPL15	29088	Q9P015	08. Mitochondrial Function	MRPL15
MRPL20	55052	Q9BYC9	08. Mitochondrial Function	MRPL20
MRPL23	6150	Q16540	08. Mitochondrial Function	MRPL23
MRPL24	79590	Q96A35	08. Mitochondrial Function	MRPL24
MRPL30	51263	Q8TCC3	08. Mitochondrial Function	MRPL30
MRPL34	64981	Q9BQ48	08. Mitochondrial Function	MRPL34
MRPL37	51253	Q9BZE1	08. Mitochondrial Function	MRPL37
MRPL40	64976	Q9NQ50	08. Mitochondrial Function	MRPL40
MRPL44	65080	Q9H9J2	08. Mitochondrial Function	MRPL44
MRPL45	84311	Q9BRJ2	08. Mitochondrial Function	MRPL45
MRPL47	57129	Q9HD33	08. Mitochondrial Function	MRPL47
MRPL58	3396	Q14197	08. Mitochondrial Function	MRPL58
MRPL9	65005	Q9BYD2	08. Mitochondrial Function	MRPL9
MRPS10	55173	P82664	08. Mitochondrial Function	MRPS10
MRPS2	51116	Q9Y399	08. Mitochondrial Function	MRPS2
MRPS21	54460	P82921	08. Mitochondrial Function	MRPS21
MRPS22	56945	P82650	08. Mitochondrial Function	MRPS22
MRPS23	51649	Q9Y3D9	08. Mitochondrial Function	MRPS23
MRPS25	64432	P82663	08. Mitochondrial Function	MRPS25
MRPS26	64949	Q9BYN8	08. Mitochondrial Function	MRPS26
MRPS31	10240	Q92665	08. Mitochondrial Function	MRPS31
MRPS34	65993	P82930	08. Mitochondrial Function	MRPS34
MRPS36	92259	P82909	08. Mitochondrial Function	MRPS36
MRPS5	64969	P82675	08. Mitochondrial Function	MRPS5
MSRA	4482	Q9UJ68	08. Mitochondrial Function	MSRA
MSRB2	22921	Q9Y3D2	08. Mitochondrial Function	MSRB2
MTERF1	7978	Q99551	08. Mitochondrial Function	MTERF1
MTFP1	51537	Q9UDX5	08. Mitochondrial Function	MTFP1
MTFR1	9650	Q15390	08. Mitochondrial Function	MTFR1
MTFR2	113115	Q6P444	08. Mitochondrial Function	MTFR2
MTG2	26164	Q9H4K7	08. Mitochondrial Function	MTG2
MTHFD1L	25902	Q6UB35	08. Mitochondrial Function	MTHFD1L
MTHFD2	10797	P13995	08. Mitochondrial Function	MTHFD2
MTO1	25821	Q9Y2Z2	08. Mitochondrial Function	MTO1
MTRF1	9617	O75570	08. Mitochondrial Function	MTRF1
MTUS1	57509	Q9ULD2	08. Mitochondrial Function	MTUS1
NARS2	79731	Q96I59	08. Mitochondrial Function	NARS2
NDUFA10	4705	O95299	08. Mitochondrial Function	NDUFA10
NDUFA9	4704	Q16795	08. Mitochondrial Function	NDUFA9
NDUFAB1	4706	O14561	08. Mitochondrial Function	NDUFAB1
NDUFB11	54539	Q9NX14	08. Mitochondrial Function	NDUFB11
NDUFB2	4708	O95178	08. Mitochondrial Function	NDUFB2
NDUFB5	4711	O43674	08. Mitochondrial Function	NDUFB5
NDUFB8	4714	O95169	08. Mitochondrial Function	NDUFB8
NDUFC1	4717	O43677	08. Mitochondrial Function	NDUFC1
NDUFS1	4719	P28331	08. Mitochondrial Function	NDUFS1
NDUFS2	4720	O75306	08. Mitochondrial Function	NDUFS2
NDUFS3	4722	O75489	08. Mitochondrial Function	NDUFS3
NDUFS4	4724	O43181	08. Mitochondrial Function	NDUFS4
NDUFS6	4726	O75380	08. Mitochondrial Function	NDUFS6
NDUFS7	374291	O75251	08. Mitochondrial Function	NDUFS7
NDUFS8	4728	O00217	08. Mitochondrial Function	NDUFS8
NDUFV1	4723	P49821	08. Mitochondrial Function	NDUFV1
NDUFV2	4729	P19404	08. Mitochondrial Function	NDUFV2
NFU1	27247	Q9UMS0	08. Mitochondrial Function	NFU1
NLN	57486	Q9BYT8	08. Mitochondrial Function	NLN
NNT	23530	Q13423	08. Mitochondrial Function	NNT
NUDT13	25961	Q86X67	08. Mitochondrial Function	NUDT13
NUDT9	53343	Q9BW91	08. Mitochondrial Function	NUDT9
OTC	5009	P00480	08. Mitochondrial Function	OTC
OXA1L	5018	Q15070	08. Mitochondrial Function	OXA1L
OXCT1	5019	P55809	08. Mitochondrial Function	OXCT1
OXSM	54995	Q9NWU1	08. Mitochondrial Function	OXSM
PARL	55486	Q9H300	08. Mitochondrial Function	PARL
PC	5091	P11498	08. Mitochondrial Function	PC
PCCA	5095	P05165	08. Mitochondrial Function	PCCA
PCK2	5106	Q16822	08. Mitochondrial Function	PCK2
PDHA1	5160	P08559	08. Mitochondrial Function	PDHA1
PDHX	8050	O00330	08. Mitochondrial Function	PDHX
PDK1	5163	Q15118	08. Mitochondrial Function	PDK1
PDK2	5164	Q15119	08. Mitochondrial Function	PDK2
PDK4	5166	Q16654	08. Mitochondrial Function	PDK4
PDP2	57546	Q9P2J9	08. Mitochondrial Function	PDP2
PDPR	55066	Q8NCN5	08. Mitochondrial Function	PDPR
PET117	100303755	Q6UWS5	08. Mitochondrial Function	PET117
PGS1	9489	Q32NB8	08. Mitochondrial Function	PGS1
PINK1	65018	Q9BXM7	08. Mitochondrial Function	PINK1
PISD	23761	Q9UG56	08. Mitochondrial Function	PISD
PITRM1	10531	Q5JRX3	08. Mitochondrial Function	PITRM1
PNPT1	87178	Q8TCS8	08. Mitochondrial Function	PNPT1
POLG	5428	P54098	08. Mitochondrial Function	POLG
POLG2	11232	Q9UHN1	08. Mitochondrial Function	POLG2
PPIF	10105	P30405	08. Mitochondrial Function	PPIF
PPM2C	54704	Q9P0J1	08. Mitochondrial Function	PPM2C
PTPMT1	114971	Q8WUK0	08. Mitochondrial Function	PTPMT1
RHOT1	55288	Q8IXI2	08. Mitochondrial Function	RHOT1
SARS2	54938	Q9NP81	08. Mitochondrial Function	SARS2
SCO1	6341	O75880	08. Mitochondrial Function	SCO1
SDHAF1	644096	A6NFY7	08. Mitochondrial Function	SDHAF1
SDHAF2	54949	Q9NX18	08. Mitochondrial Function	SDHAF2
SDHB	6390	P21912	08. Mitochondrial Function	SDHB
SDHC	6391	Q99643	08. Mitochondrial Function	SDHC
SLC25A14	9016	O95258	08. Mitochondrial Function	SLC25A14
SLC25A16	8034	P16260	08. Mitochondrial Function	SLC25A16
SLC25A18	83733	Q9H1K4	08. Mitochondrial Function	SLC25A18
SLC25A19	60386	Q9HC21	08. Mitochondrial Function	SLC25A19
SLC25A2	83884	Q9BXI2	08. Mitochondrial Function	SLC25A2
SLC25A20	788	O43772	08. Mitochondrial Function	SLC25A20
SLC25A21	89874	Q9BQT8	08. Mitochondrial Function	SLC25A21
SLC25A22	79751	Q9H936	08. Mitochondrial Function	SLC25A22
SLC25A29	123096	Q8N8R3	08. Mitochondrial Function	SLC25A29
SLC25A32	81034	Q9H2D1	08. Mitochondrial Function	SLC25A32
SSBP1	6742	Q04837	08. Mitochondrial Function	SSBP1
STOML2	30968	Q9UJZ1	08. Mitochondrial Function	STOML2
SUCLA2	8803	Q9P2R7	08. Mitochondrial Function	SUCLA2
SUCLG1	8802	P53597	08. Mitochondrial Function	SUCLG1
SUCLG2	8801	Q96I99	08. Mitochondrial Function	SUCLG2
SYNJ2BP	55333	P57105	08. Mitochondrial Function	SYNJ2BP
TFAM	7019	Q00059	08. Mitochondrial Function	TFAM
TFB2M	64216	Q9H5Q4	08. Mitochondrial Function	TFB2M
TIMM10B	26515	Q9Y5J6	08. Mitochondrial Function	TIMM10B
TIMM17A	10440	Q99595	08. Mitochondrial Function	TIMM17A
TIMM17B	10245	O60830	08. Mitochondrial Function	TIMM17B
TIMM23	100287932	O14925	08. Mitochondrial Function	TIMM23
TIMM8A	1678	O60220	08. Mitochondrial Function	TIMM8A
TMLHE	55217	Q9NVH6	08. Mitochondrial Function	TMLHE
TOMM40	10452	O96008	08. Mitochondrial Function	TOMM40
TOMM40L	84134	Q969M1	08. Mitochondrial Function	TOMM40L
TOMM70	9868	O94826	08. Mitochondrial Function	TOMM70A
TRMT10C	54931	Q7L0Y3	08. Mitochondrial Function	TRMT10C
TRMU	55687	O75648	08. Mitochondrial Function	TRMU
TSPO	706	P30536	08. Mitochondrial Function	TSPO
TUFM	7284	P49411	08. Mitochondrial Function	TUFM
UCP1	7350	P25874	08. Mitochondrial Function	UCP1
UCP2	7351	P55851	08. Mitochondrial Function	UCP2
UCP3	7352	P55916	08. Mitochondrial Function	UCP3
UQCRC1	7384	P31930	08. Mitochondrial Function	UQCRC1
UQCRC2	7385	P22695	08. Mitochondrial Function	UQCRC2
VDAC1	7416	P21796	08. Mitochondrial Function	VDAC1
VDAC2	7417	P45880	08. Mitochondrial Function	VDAC2
VISA	57506	Q7Z434	08. Mitochondrial Function	VISA
YARS2	51067	Q9Y2Z4	08. Mitochondrial Function	YARS2
GH1	2688	P01241	09. Growth Hormone Axis	GH
GHR	2690	P10912	09. Growth Hormone Axis	GHR
GHRL	51738	Q9UBU3	09. Growth Hormone Axis	Ghrelin
GHRH	2691	P01286	09. Growth Hormone Axis	GHRF
GHRHR	2692	Q02643	09. Growth Hormone Axis	GHRHR
GHSR	2693	Q92847	09. Growth Hormone Axis	GHSR
GH2	2689	P01242	09. Growth Hormone Axis	hGH
SST	6750	P61278	09. Growth Hormone Axis	Somatostatin
IGFALS	3483	P35858	09. IGF / Insulin Signaling	ALS
CCN1	3491	O00622	09. IGF / Insulin Signaling	CCN1
CCN2	1490	P29279	09. IGF / Insulin Signaling	CTGF
IGF1	3479	P05019	09. IGF / Insulin Signaling	IGF-I
IGF1R	3480	P08069	09. IGF / Insulin Signaling	IGF-I R
IGF2	3481	P01344	09. IGF / Insulin Signaling	IGF-II
IGF2R	3482	P11717	09. IGF / Insulin Signaling	IGF-II R
IGF2BP1	10642	Q9NZI8	09. IGF / Insulin Signaling	IGF2BP1
IGF2BP2	10644	Q9Y6M1	09. IGF / Insulin Signaling	IGF2BP2
IGF2BP3	10643	O00425	09. IGF / Insulin Signaling	IGF2BP3
IGFBP1	3484	P08833	09. IGF / Insulin Signaling	IGFBP-1
IGFBP2	3485	P18065	09. IGF / Insulin Signaling	IGFBP-2
IGFBP3	3486	P17936	09. IGF / Insulin Signaling	IGFBP-3
IGFBP4	3487	P22692	09. IGF / Insulin Signaling	IGFBP-4
IGFBP5	3488	P24593	09. IGF / Insulin Signaling	IGFBP-5
IGFBP6	3489	P24592	09. IGF / Insulin Signaling	IGFBP-6
IGFBPL1	347252	Q8WX77	09. IGF / Insulin Signaling	IGFBPL1
CCN3	4856	P48745	09. IGF / Insulin Signaling	NOV
PAPPA	5069	Q13219	09. IGF / Insulin Signaling	Pappalysin-1
TMEM219	124446	Q86XT9	09. IGF / Insulin Signaling	TMEM219
FGF21	26291	Q9NSA1	10. FGF21-FGF23-Klotho Axis	FGF-21
FGF23	8074	Q9GZV9	10. FGF21-FGF23-Klotho Axis	FGF-23
GBA3	57733	Q9H227	10. FGF21-FGF23-Klotho Axis	GBA3
KL	9365	Q9UEF7	10. FGF21-FGF23-Klotho Axis	KL
KLB	152831	Q86Z14	10. FGF21-FGF23-Klotho Axis	KLB
LCTL	197021	Q6UWM7	10. FGF21-FGF23-Klotho Axis	LCTL
GDF15	9518	Q99988	10. GDF Aging Biomarkers	GDF-15
GDF11	10220	O95390	10. GDF Aging Biomarkers	GDF11
GDF8	2660	O14793	10. GDF Aging Biomarkers	GDF8
ADIPOQ	9370	Q15848	11. Metabolic Hormones	Adiponectin
ADIPOR1	51094	Q96A54	11. Metabolic Hormones	ADIPOR1
ADIPOR2	79602	Q86V24	11. Metabolic Hormones	ADIPOR2
LEP	3952	P41159	11. Metabolic Hormones	Leptin
LEPR	3953	P48357	11. Metabolic Hormones	Leptin R
NMNAT1	64802	Q9HAN9	11. NAD+ Metabolism	NMNAT1
NMNAT2	23057	Q9BZQ4	11. NAD+ Metabolism	NMNAT2
NMNAT3	349565	Q96T66	11. NAD+ Metabolism	NMNAT3
NAMPT	10135	P43490	11. NAD+ Metabolism	Visfatin
CD34	947	P28906	12. Stem Cell Regulation	CD34
CDCA8	55143	Q53HL2	12. Stem Cell Regulation	CDCA8
CCL23	6368	P55773	12. Stem Cell Regulation	Ck beta 8-1
DPPA2	151871	Q7Z7J5	12. Stem Cell Regulation	DPPA2
CCL24	6369	O00175	12. Stem Cell Regulation	Eotaxin-2
IL1A	3552	P01583	12. Stem Cell Regulation	IL-1 alpha
IL3	3562	P08700	12. Stem Cell Regulation	IL-3
CXCL2	2920	P19875	12. Stem Cell Regulation	MIP 2
PPDPF	79144	Q9H3Y8	12. Stem Cell Regulation	PPDPF
KITLG	4254	P21583	12. Stem Cell Regulation	SCF
SCFR		P10721	12. Stem Cell Regulation	SCF R
CLEC11A	6320	Q9Y240	12. Stem Cell Regulation	SCGF
BMP1	649	P13497	13. BMP / GDF Signaling	BMP-1
BMP15	9210	O95972	13. BMP / GDF Signaling	BMP-15
BMP2	650	P12643	13. BMP / GDF Signaling	BMP-2
BMP3	651	P12645	13. BMP / GDF Signaling	BMP-3
BMP3B		P55107	13. BMP / GDF Signaling	BMP-3b
BMP4	652	P12644	13. BMP / GDF Signaling	BMP-4
BMP5	653	P22003	13. BMP / GDF Signaling	BMP-5
BMP6	654	P22004	13. BMP / GDF Signaling	BMP-6
BMP7	655	P18075	13. BMP / GDF Signaling	BMP-7
BMP8B	656	P34820	13. BMP / GDF Signaling	BMP-8
GDF2	2658	Q9UK05	13. BMP / GDF Signaling	BMP-9
BMP10	27302	O95393	13. BMP / GDF Signaling	BMP10
GDF6	392255	Q6KF10	13. BMP / GDF Signaling	BMP13
BMP8A	353500	Q7Z5Y6	13. BMP / GDF Signaling	BMP8A
BMPR1A	657	P36894	13. BMP / GDF Signaling	BMPR-IA
BMPR1B	658	O00238	13. BMP / GDF Signaling	BMPR-IB
BMPR2	659	Q13873	13. BMP / GDF Signaling	BMPR-II
BMPER	168667	Q8N8U9	13. BMP / GDF Signaling	CV-2
GDF5	8200	P43026	13. BMP / GDF Signaling	GDF5
ZMYND11	10771	Q15326	13. BMP / GDF Signaling	ZMYND11
TGFBI	7045	Q15582	13. TGF-beta Signaling	Beta IG-H3
CD109	135228	Q6YHK3	13. TGF-beta Signaling	CD109
EIF3I	8668	Q13347	13. TGF-beta Signaling	EIF3S2
KLF11	8462	O14901	13. TGF-beta Signaling	FKLF
GFRA1	2674	P56159	13. TGF-beta Signaling	GFR alpha-1
GFRA2	2675	O00451	13. TGF-beta Signaling	GFR alpha-2
KLF10	7071	Q13118	13. TGF-beta Signaling	KLF10
LEFTY2	7044	O00292	13. TGF-beta Signaling	Lefty-A
LRRC32	2615	Q14392	13. TGF-beta Signaling	LRRC32
LTBP1	4052	Q14766	13. TGF-beta Signaling	LTBP1
LTBP2	4053	Q14767	13. TGF-beta Signaling	LTBP2
LTBP4	8425	Q8N2S1	13. TGF-beta Signaling	LTBP4
MAP3K7	6885	O43318	13. TGF-beta Signaling	MAP3K7
MAP3K7IP1	10454	Q15750	13. TGF-beta Signaling	MAP3K7IP1
TAB2	23118	Q9NYJ8	13. TGF-beta Signaling	MAP3K7IP2
STK16	8576	O75716	13. TGF-beta Signaling	STK16
TBRG4	9238	Q969Z0	13. TGF-beta Signaling	TBRG4
TGFB1	7040	P01137	13. TGF-beta Signaling	TGF-beta 1
TGFB2	7042	P61812	13. TGF-beta Signaling	TGF-beta 2
TGFB3	7043	P10600	13. TGF-beta Signaling	TGF-beta 3
TGFBR1	7046	P36897	13. TGF-beta Signaling	TGF-beta RI
TGFBR2	7048	P37173	13. TGF-beta Signaling	TGF-beta RII
TGFBR3	7049	Q03167	13. TGF-beta Signaling	TGF-beta RIII
TGFB1I1	7041	O43294	13. TGF-beta Signaling	TGFB1I1
TGFBRAP1	9392	Q8WUH2	13. TGF-beta Signaling	TGFBRAP1
TGIF2LX	90316	Q8IUE1	13. TGF-beta Signaling	TGIF2LX
TGIF2LY	90655	Q8IUE0	13. TGF-beta Signaling	TGIF2LY
TSC22D1	8848	Q15714	13. TGF-beta Signaling	TSC22D1
CELSR2	1952	Q9HCU4	14. EGF / EGFR Signaling	CELSR2
CELSR3	1951	Q9NYQ7	14. EGF / EGFR Signaling	CELSR3
CLEC14A	161198	Q86T13	14. EGF / EGFR Signaling	CLEC14A
CRIPTO		P13385	14. EGF / EGFR Signaling	Cripto-1
DLK2	65989	Q6UY11	14. EGF / EGFR Signaling	DLK2
DNER	92737	Q8NFT8	14. EGF / EGFR Signaling	DNER
EGF	1950	P01133	14. EGF / EGFR Signaling	EGF
EGFR	1956	P00533	14. EGF / EGFR Signaling	EGF R
EGFL7	51162	Q9UHF1	14. EGF / EGFR Signaling	EGFL7
EPS15	2060	P42566	14. EGF / EGFR Signaling	Eps15
EPS8	2059	Q12929	14. EGF / EGFR Signaling	EPS8
EPS8L2	64787	Q9H6S3	14. EGF / EGFR Signaling	EPS8L2
EPS8L3	79574	Q8TE67	14. EGF / EGFR Signaling	EPS8L3
ERBB2	2064	P04626	14. EGF / EGFR Signaling	ErbB2
ERBB3	2065	P21860	14. EGF / EGFR Signaling	ErbB3
ERBB4	2066	Q15303	14. EGF / EGFR Signaling	ErbB4
ERBIN	55914	Q96RT1	14. EGF / EGFR Signaling	ERBIN
ERRFI1	54206	Q9UJM3	14. EGF / EGFR Signaling	ERRFI1
NRG1	3084	Q02297	14. EGF / EGFR Signaling	GGF2
GRB7	2886	Q14451	14. EGF / EGFR Signaling	GRB7
LRP4	4038	O75096	14. EGF / EGFR Signaling	LRP 4
MEGF10	84466	Q96KG7	14. EGF / EGFR Signaling	MEGF10
MEGF9	1955	Q9H1U4	14. EGF / EGFR Signaling	MEGF9
NRG2	9542	O14511	14. EGF / EGFR Signaling	NRG2
NRG3	10718	P56975	14. EGF / EGFR Signaling	NRG3
NRG4	145957	Q8WWG1	14. EGF / EGFR Signaling	NRG4
PA2G4	5036	Q9UQ80	14. EGF / EGFR Signaling	PA2G4
PEAR1	375033	Q5VY43	14. EGF / EGFR Signaling	PEAR1
SLIT3	6586	O75094	14. EGF / EGFR Signaling	SLIT3
TOB1	10140	P50616	14. EGF / EGFR Signaling	TOB1
TOB2	10766	Q14106	14. EGF / EGFR Signaling	TOB2
CEP20	123811	Q96NB1	14. FGF Family	CEP20
CEP43	11116	O95684	14. FGF Family	CEP43
FGF2	2247	P09038	14. FGF Family	FGF Basic
FGFR3	2261	P22607	14. FGF Family	FGF R3
FGFR4	2264	P22455	14. FGF Family	FGF R4
FGFRL1	53834	Q8N441	14. FGF Family	FGF R5
FGF10	2255	O15520	14. FGF Family	FGF-10
FGF11	2256	Q92914	14. FGF Family	FGF-11
FGF12	2257	P61328	14. FGF Family	FGF-12
FGF13	2258	Q92913	14. FGF Family	FGF-13 1B
FGF16	8823	O43320	14. FGF Family	FGF-16
FGF17	8822	O60258	14. FGF Family	FGF-17
FGF18	8817	O76093	14. FGF Family	FGF-18
FGF19	9965	O95750	14. FGF Family	FGF-19
FGF20	26281	Q9NP95	14. FGF Family	FGF-20
FGF4	2249	P08620	14. FGF Family	FGF-4
FGF5	2250	P12034	14. FGF Family	FGF-5
FGF6	2251	P10767	14. FGF Family	FGF-6
FGF7	2252	P21781	14. FGF Family	FGF-7
FGF8	2253	P55075	14. FGF Family	FGF-8
FGF9	2254	P31371	14. FGF Family	FGF-9
FGFBP1	9982	Q14512	14. FGF Family	FGF-BP
FGF1	2246	P05230	14. FGF Family	FGF1
FGF22	27006	Q9HCT0	14. FGF Family	FGF22
FGF3	2248	P11487	14. FGF Family	FGF3
FGFBP2	83888	Q9BYJ0	14. FGF Family	FGFBP2
FGFBP3	143282	Q8TAT2	14. FGF Family	FGFBP3
FGFR1	2260	P11362	14. FGF Family	FGFR1
FGFR2	2263	P21802	14. FGF Family	FGFR2
FIBP	9158	O43427	14. FGF Family	FIBP
FRS2	10818	Q8WU20	14. FGF Family	FRS2
GLG1	2734	Q92896	14. FGF Family	GLG1
NUDT6	11162	P53370	14. FGF Family	NUDT6
PLK3	1263	Q9H4B4	14. FGF Family	PLK3
TNFRSF12A	51330	Q9NP84	14. FGF Family	TWEAK R
HABP2	3026	Q14520	14. HGF Signaling	HABP2
SPINT1	6692	O43278	14. HGF Signaling	HAI-1
SPINT2	10653	O43291	14. HGF Signaling	HAI-2
HGF	3082	P14210	14. HGF Signaling	HGF
HGFAC	3083	Q04756	14. HGF Signaling	HGFA
MET	4233	P08581	14. HGF Signaling	HGFR
MST1	4485	P26927	14. HGF Signaling	MSPa
BDNF	627	P23560	14. Neurotrophins	BDNF
NGF	4803	P01138	14. Neurotrophins	beta-NGF
EGR1	1958	P18146	14. Neurotrophins	EGR1
IFRD1	3475	O00458	14. Neurotrophins	IFRD1
MAGED1	9500	Q9Y5V3	14. Neurotrophins	MAGED1
NGFR	4804	P08138	14. Neurotrophins	NGF R
BEX3	27018	Q00994	14. Neurotrophins	NGFRAP1
NTF3	4908	P20783	14. Neurotrophins	NT-3
NTF4	4909	P34130	14. Neurotrophins	NT-4
NTRK1	4914	P04629	14. Neurotrophins	NTRK1
NTRK2	4915	Q16620	14. Neurotrophins	TRKB
PDAP1	11333	Q13442	14. PDGF Signaling	PDAP1
PDGFRA	5156	P16234	14. PDGF Signaling	PDGF R alpha
PDGFRB	5159	P09619	14. PDGF Signaling	PDGF R beta
PDGFA	5154	P04085	14. PDGF Signaling	PDGF-AA
PDGFA, PDGFB		P04085, P01127	14. PDGF Signaling	PDGF-AB
PDGFB	5155	P01127	14. PDGF Signaling	PDGF-BB
PDGFD	80310	Q9GZP0	14. PDGF Signaling	PDGF-D
PDGFRL	5157	Q15198	14. PDGF Signaling	PDGFRL
TCF20	6942	Q9UGU0	14. PDGF Signaling	Tcf20
CXCL17	284340	Q6UXB2	14. VEGF / Angiogenesis	CXCL17
PROK1	84432	P58294	14. VEGF / Angiogenesis	EG-VEGF
PDGFC	56034	Q9NRA1	14. VEGF / Angiogenesis	PDGF-C
SH2D2A	9047	Q9NP31	14. VEGF / Angiogenesis	SH2D2A
VEGFA	7422	P15692	14. VEGF / Angiogenesis	VEGF
FLT1	2321	P17948	14. VEGF / Angiogenesis	VEGF R1
KDR	3791	P35968	14. VEGF / Angiogenesis	VEGF R2
FLT4	2324	P35916	14. VEGF / Angiogenesis	VEGF R3
VEGFB	7423	P49765	14. VEGF / Angiogenesis	VEGF-B
VEGFC	7424	P49767	14. VEGF / Angiogenesis	VEGF-C
VEGFD	2277	O43915	14. VEGF / Angiogenesis	VEGF-D
RPSA	3921	P08865	15. ECM / Skin Aging	67LR
ADAMTS2	9509	O95450	15. ECM / Skin Aging	ADAMTS2
ADAMTS3	9508	O15072	15. ECM / Skin Aging	ADAMTS3
C1QTNF3	114899	Q9BXJ4	15. ECM / Skin Aging	C1QTNF3
CD36	948	P16671	15. ECM / Skin Aging	CD36
COL4A2	1284	P08572	15. ECM / Skin Aging	CO4A2
COL11A1	1301	P12107	15. ECM / Skin Aging	COL11A1
COL11A2	1302	P13942	15. ECM / Skin Aging	COL11A2
COL12A1	1303	Q99715	15. ECM / Skin Aging	COL12A1
COL13A1	1305	Q5TAT6	15. ECM / Skin Aging	COL13A1
COL14A1	7373	Q05707	15. ECM / Skin Aging	COL14A1
COL15A1	1306	P39059	15. ECM / Skin Aging	COL15A1
COL19A1	1310	Q14993	15. ECM / Skin Aging	COL19A1
COL1A2	1278	P08123	15. ECM / Skin Aging	COL1A2
COL23A1	91522	Q86Y22	15. ECM / Skin Aging	COL23A1
COL25A1	84570	Q9BXS0	15. ECM / Skin Aging	COL25A1
COL26A1	136227	Q96A83	15. ECM / Skin Aging	COL26A1
COL2A1	1280	P02458	15. ECM / Skin Aging	COL2A1
COL4A1	1282	P02462	15. ECM / Skin Aging	COL4A1
COL4A3	1285	Q01955	15. ECM / Skin Aging	COL4A3
COL4A3BP	10087	Q9Y5P4	15. ECM / Skin Aging	COL4A3BP
COL4A4	1286	P53420	15. ECM / Skin Aging	COL4A4
COL4A5	1287	P29400	15. ECM / Skin Aging	COL4A5
COL5A2	1290	P05997	15. ECM / Skin Aging	COL5A2
COL5A3	50509	P25940	15. ECM / Skin Aging	COL5A3
COL6A2	1292	P12110	15. ECM / Skin Aging	Col6A2
COL6A3	1293	P12111	15. ECM / Skin Aging	COL6A3
COL7A1	1294	Q02388	15. ECM / Skin Aging	COL7A1
COL8A1	1295	P27658	15. ECM / Skin Aging	COL8A1
COL8A2	1296	P25067	15. ECM / Skin Aging	COL8A2
COL9A3	1299	Q14050	15. ECM / Skin Aging	COL9A3
COLGALT2	23127	Q8IYK4	15. ECM / Skin Aging	COLGALT2
COL1A1	1277	P02452	15. ECM / Skin Aging	Collagen I a1
COL3A1	1281	P02461	15. ECM / Skin Aging	Collagen III
COL4A6	1288	Q14031	15. ECM / Skin Aging	Collagen IVa6
COL9A1	1297	P20849	15. ECM / Skin Aging	Collagen IX
COL5A1	1289	P20908	15. ECM / Skin Aging	Collagen V
COL6A1	1291	P12109	15. ECM / Skin Aging	Collagen VI
COL10A1	1300	Q03692	15. ECM / Skin Aging	Collagen X
CTHRC1	115908	Q96CG8	15. ECM / Skin Aging	CTHRC1
ELFN1	392617	P0C7U0	15. ECM / Skin Aging	ELFN1
ELN	2006	P15502	15. ECM / Skin Aging	ELN
EMILIN1	11117	Q9Y6C2	15. ECM / Skin Aging	EMILIN1
EMILIN2	84034	Q9BXX0	15. ECM / Skin Aging	EMILIN2
COL18A1	80781	P39060	15. ECM / Skin Aging	Endostatin
FCN1	2219	O00602	15. ECM / Skin Aging	FCN1
FN1	2335	P02751	15. ECM / Skin Aging	Fibronectin
FCN2	2220	Q15485	15. ECM / Skin Aging	Ficolin-2
FCN3	8547	O75636	15. ECM / Skin Aging	Ficolin-3
FLRT1	23769	Q9NZU1	15. ECM / Skin Aging	FLRT1
FLRT2	23768	O43155	15. ECM / Skin Aging	FLRT2
FLRT3	23767	Q9NZU0	15. ECM / Skin Aging	FLRT3
FMOD	2331	Q06828	15. ECM / Skin Aging	FMOD
FNDC5	252995	Q8NAU1	15. ECM / Skin Aging	FNDC5
LGALS1	3956	P09382	15. ECM / Skin Aging	Galectin-1
LGALS3	3958	P17931	15. ECM / Skin Aging	Galectin-3
HAS1	3036	Q92839	15. ECM / Skin Aging	HAS1
HAS3	3038	O00219	15. ECM / Skin Aging	HAS3
IL20RB	53833	Q6UXL0	15. ECM / Skin Aging	IL-20 R beta
ITGA1	3672	P56199	15. ECM / Skin Aging	ITGA1
ITGA2	3673	P17301	15. ECM / Skin Aging	ITGA2
ITGA5	3678	P08648	15. ECM / Skin Aging	ITGA5
ITGB1	3688	P05556	15. ECM / Skin Aging	ITGB1
LAMB1	3912	P07942	15. ECM / Skin Aging	LAM b1
LAMA1	284217	P25391	15. ECM / Skin Aging	LAMA
LAMA2	3908	P24043	15. ECM / Skin Aging	LAMA2
LAMA3	3909	Q16787	15. ECM / Skin Aging	LAMA3
LAMA4	3910	Q16363	15. ECM / Skin Aging	LAMA4
LAMB2	3913	P55268	15. ECM / Skin Aging	LAMB2
LAMC1	3915	P11047	15. ECM / Skin Aging	LAMC1
LRFN1	57622	Q9P244	15. ECM / Skin Aging	LRFN1
LRFN3	79414	Q9BTN0	15. ECM / Skin Aging	LRFN3
LRFN4	78999	Q6PJG9	15. ECM / Skin Aging	LRFN4
LRFN5	145581	Q96NI6	15. ECM / Skin Aging	LRFN5
LYVE1	10894	Q9Y5Y7	15. ECM / Skin Aging	LYVE-1
MARCO	8685	Q9UEW3	15. ECM / Skin Aging	MARCO
MMRN1	22915	Q13201	15. ECM / Skin Aging	MMRN1
MMRN2	79812	Q9H8L6	15. ECM / Skin Aging	Multimerin 2
P4HA2	8974	O15460	15. ECM / Skin Aging	P4HA2
PCOLCE	5118	Q15113	15. ECM / Skin Aging	PCPE-1
PLOD1	5351	Q02809	15. ECM / Skin Aging	PLOD1
PLOD2	5352	O00469	15. ECM / Skin Aging	PLOD2
RPL10	6134	P27635	15. ECM / Skin Aging	RPL10
SCARB1	949	Q8WTV0	15. ECM / Skin Aging	SCARB1
STAB1	23166	Q9NY15	15. ECM / Skin Aging	STAB1
STAB2	55576	Q8WWQ8	15. ECM / Skin Aging	STAB2
TIMP1	7076	P01033	15. ECM / Skin Aging	TIMP-1
TIMP2	7077	P16035	15. ECM / Skin Aging	TIMP-2
TIMP3	7078	P35625	15. ECM / Skin Aging	TIMP-3
TIMP4	7079	Q99727	15. ECM / Skin Aging	TIMP-4
TRIM46	80128	Q7Z4K8	15. ECM / Skin Aging	TRIM46
GLI1	2735	P08151	16. Hedgehog Signaling	GLI1
IHH	3549	Q14623	16. Hedgehog Signaling	Ihh
SHH	6469	Q15465	16. Hedgehog Signaling	Shh-N
NLE1	54475	Q9NVX2	16. Notch Signaling	NLE1
NOTCH1	4851	P46531	16. Notch Signaling	Notch-1
NOTCH2	4853	Q04721	16. Notch Signaling	Notch-2
NOTCH2NL	100996763	P0DPK3	16. Notch Signaling	NOTCH2NL
NOTCH3	4854	Q9UM47	16. Notch Signaling	NOTCH3
NOTCH4	4855	Q99466	16. Notch Signaling	NOTCH4
NRARP	441478	Q7Z6K4	16. Notch Signaling	NRARP
SBNO1	55206	A3KN83	16. Notch Signaling	SBNO1
TPBG	7162	Q13641	16. Wnt Signaling	5T4
CCN6	8838	O95389	16. Wnt Signaling	CCN6
WIF1	11197	Q9Y5W5	16. Wnt Signaling	WIF-1
CCN4	8840	O95388	16. Wnt Signaling	WISP-1
CCN5	8839	O76076	16. Wnt Signaling	WISP2
WNT1	7471	P04628	16. Wnt Signaling	WNT1
WNT10A	80326	Q9GZT5	16. Wnt Signaling	WNT10A
WNT10B	7480	O00744	16. Wnt Signaling	WNT10B
WNT11	7481	O96014	16. Wnt Signaling	WNT11
WNT16	51384	Q9UBV4	16. Wnt Signaling	WNT16
WNT2	7472	P09544	16. Wnt Signaling	WNT2
WNT2B	7482	Q93097	16. Wnt Signaling	WNT2B
WNT3A	89780	P56704	16. Wnt Signaling	WNT3A
WNT4	54361	P56705	16. Wnt Signaling	WNT4
WNT5A	7474	P41221	16. Wnt Signaling	WNT5A
WNT5B	81029	Q9H1J7	16. Wnt Signaling	WNT5B
WNT6	7475	Q9Y6F9	16. Wnt Signaling	WNT6
WNT7A	7476	O00755	16. Wnt Signaling	WNT7A
WNT7B	7477	P56706	16. Wnt Signaling	WNT7B
WNT8B	7479	Q93098	16. Wnt Signaling	WNT8B
WNT9A	7483	O14904	16. Wnt Signaling	WNT9A
WNT9B	7484	O14905	16. Wnt Signaling	WNT9B
CCL21	6366	O00585	17. Inflammation / Immunosenescence	6Ckine
ACKR1	2532	Q16570	17. Inflammation / Immunosenescence	ACKR1
ADAR	103	P55265	17. Inflammation / Immunosenescence	ADAR
AIF1	199	P55008	17. Inflammation / Immunosenescence	AIF1
AIF1L	83543	Q9BQI0	17. Inflammation / Immunosenescence	AIF1L
AIM2	9447	O14862	17. Inflammation / Immunosenescence	AIM2
AIMP1	9255	Q12904	17. Inflammation / Immunosenescence	AIMP1
CXCL13	10563	O43927	17. Inflammation / Immunosenescence	BLC
CCL14	6358	Q16627	17. Inflammation / Immunosenescence	CCL14
CCL28	56477	Q9NRJ3	17. Inflammation / Immunosenescence	CCL28
CCL3L1	6349	P16619	17. Inflammation / Immunosenescence	CCL3L1
CCL4L1	388372	Q8NHW4	17. Inflammation / Immunosenescence	CCL4L1
CCR1	1230	P32246	17. Inflammation / Immunosenescence	CCR1
CCR10	2826	P46092	17. Inflammation / Immunosenescence	CCR10
CCR2	729230	P41597	17. Inflammation / Immunosenescence	CCR2
CCR3	1232	P51677	17. Inflammation / Immunosenescence	CCR3
CCR4	1233	P51679	17. Inflammation / Immunosenescence	CCR4
CCR5	1234	P51681	17. Inflammation / Immunosenescence	CCR5
CCR6	1235	P51684	17. Inflammation / Immunosenescence	CCR6
CCR7	1236	P32248	17. Inflammation / Immunosenescence	CCR7
CCR8	1237	P51685	17. Inflammation / Immunosenescence	CCR8
CCR9	10803	P51686	17. Inflammation / Immunosenescence	CCR9
CCRL1	51554	Q9NPB9	17. Inflammation / Immunosenescence	CCRL1
CHEMR23		Q99788	17. Inflammation / Immunosenescence	Chem R23
CHUK	1147	O15111	17. Inflammation / Immunosenescence	CHUK
SARNP	84324	P82979	17. Inflammation / Immunosenescence	CIP29
CISH	1154	Q9NSE2	17. Inflammation / Immunosenescence	CISH
CMTM1	113540	Q8IZ96	17. Inflammation / Immunosenescence	CKLF1
CMTM2	146225	Q8TAZ6	17. Inflammation / Immunosenescence	CKLF2
CMTM4	146223	Q8IZR5	17. Inflammation / Immunosenescence	CKLF4
CMTM3	123920	Q96MX0	17. Inflammation / Immunosenescence	CMTM3
CSF2RB	1439	P32927	17. Inflammation / Immunosenescence	CSF2RB
CCL27	10850	Q9Y4X3	17. Inflammation / Immunosenescence	CTACK
CX3CR1	1524	P49238	17. Inflammation / Immunosenescence	CX3CR1
CXCL14	9547	O95715	17. Inflammation / Immunosenescence	CXCL14
CXCL16	58191	Q9H2A7	17. Inflammation / Immunosenescence	CXCL16
CXCR1	3577	P25024	17. Inflammation / Immunosenescence	CXCR1
CXCR2	3579	P25025	17. Inflammation / Immunosenescence	CXCR2
CXCR3	2833	P49682	17. Inflammation / Immunosenescence	CXCR3
CXCR4	7852	P61073	17. Inflammation / Immunosenescence	CXCR4
CXCR5	643	P32302	17. Inflammation / Immunosenescence	CXCR5
CXCR6	10663	O00574	17. Inflammation / Immunosenescence	CXCR6
ACKR3	57007	P25106	17. Inflammation / Immunosenescence	CXCR7
CYTL1	54360	Q9NRR1	17. Inflammation / Immunosenescence	CYTL1
ACKR2	1238	O00590	17. Inflammation / Immunosenescence	D6
DOCK1	1793	Q14185	17. Inflammation / Immunosenescence	DOCK1
DOCK2	1794	Q92608	17. Inflammation / Immunosenescence	DOCK2
DOCK3	1795	Q8IZD9	17. Inflammation / Immunosenescence	DOCK3
EBI3	10148	Q14213	17. Inflammation / Immunosenescence	EBI3
EIF2AK2	5610	P19525	17. Inflammation / Immunosenescence	EIF2AK2
CXCL5	6374	P42830	17. Inflammation / Immunosenescence	ENA-78
CCL11	6356	P51671	17. Inflammation / Immunosenescence	Eotaxin
CCL26	10344	Q9Y258	17. Inflammation / Immunosenescence	Eotaxin-3
FAM3A	60343	P98173	17. Inflammation / Immunosenescence	FAM3A
FAM3B	54097	P58499	17. Inflammation / Immunosenescence	FAM3B
FAM3C	10447	Q92520	17. Inflammation / Immunosenescence	FAM3C
FLT3L		P49771	17. Inflammation / Immunosenescence	Flt-3 Ligand
FLT3	2322	P36888	17. Inflammation / Immunosenescence	FLT3
CX3CL1	6376	P78423	17. Inflammation / Immunosenescence	Fractalkine
GBP2	2634	P32456	17. Inflammation / Immunosenescence	GBP2
CXCL6	6372	P80162	17. Inflammation / Immunosenescence	GCP-2
CXCL3	2921	P19876	17. Inflammation / Immunosenescence	GRO
CXCL1	2919	P09341	17. Inflammation / Immunosenescence	GRO-a
CCL16	6360	O15467	17. Inflammation / Immunosenescence	HCC-4
CCRL2	9034	O00421	17. Inflammation / Immunosenescence	HCR
SCGB3A1	92304	Q96QR1	17. Inflammation / Immunosenescence	HIN1
CCL1	6346	P22362	17. Inflammation / Immunosenescence	I-309
CXCL11	6373	O14625	17. Inflammation / Immunosenescence	I-TAC
IFI27L2	83982	Q9H2X8	17. Inflammation / Immunosenescence	IFI27L2
IFI30	10437	P13284	17. Inflammation / Immunosenescence	IFI30
IFITM1	8519	P13164	17. Inflammation / Immunosenescence	IFITM1
IFITM2	10581	Q01629	17. Inflammation / Immunosenescence	IFITM2
IFITM3	10410	Q01628	17. Inflammation / Immunosenescence	IFITM3
IFNAR1	3454	P17181	17. Inflammation / Immunosenescence	IFN-alpha/beta R1
IFNAR2	3455	P48551	17. Inflammation / Immunosenescence	IFN-alpha/beta R2
IFNB1	3456	P01574	17. Inflammation / Immunosenescence	IFN-beta
IFNG	3458	P01579	17. Inflammation / Immunosenescence	IFN-gamma
IFNGR1	3459	P15260	17. Inflammation / Immunosenescence	IFN-gamma R1
IFNA10	3446	P01566	17. Inflammation / Immunosenescence	IFNA10
IFNA14	3448	P01570	17. Inflammation / Immunosenescence	IFNA14
IFNA16	3449	P05015	17. Inflammation / Immunosenescence	IFNA16
IFNA17	3451	P01571	17. Inflammation / Immunosenescence	IFNA17
IFNA2	3440	P01563	17. Inflammation / Immunosenescence	IFNA2
IFNA21	3452	P01568	17. Inflammation / Immunosenescence	IFNA21
IFNA4	3441	P05014	17. Inflammation / Immunosenescence	IFNA4
IFNA5	3442	P01569	17. Inflammation / Immunosenescence	IFNA5
IFNA6	3443	P05013	17. Inflammation / Immunosenescence	IFNA6
IFNA7	3444	P01567	17. Inflammation / Immunosenescence	IFNA7
IFNA8	3445	P32881	17. Inflammation / Immunosenescence	IFNA8
IFNE	338376	Q86WN2	17. Inflammation / Immunosenescence	IFNE
IFNGR2	3460	P38484	17. Inflammation / Immunosenescence	IFNGR2
IFNL4	101180976	K9M1U5	17. Inflammation / Immunosenescence	IFNL4
IFNW1	3467	P05000	17. Inflammation / Immunosenescence	IFNW1
IFRD2	7866	Q12894	17. Inflammation / Immunosenescence	IFRD2
IKBKB	3551	O14920	17. Inflammation / Immunosenescence	IKBKB
IL1B	3553	P01584	17. Inflammation / Immunosenescence	IL-1 beta
IL1F10	84639	Q8WWZ1	17. Inflammation / Immunosenescence	IL-1 F10
IL1F5	26525	A0A024R518	17. Inflammation / Immunosenescence	IL-1 F5
IL36A	27179	Q9UHA7	17. Inflammation / Immunosenescence	IL-1 F6
IL37	27178	Q9NZH6	17. Inflammation / Immunosenescence	IL-1 F7
IL36B	27177	Q9NZH7	17. Inflammation / Immunosenescence	IL-1 F8
IL36G	56300	Q9NZH8	17. Inflammation / Immunosenescence	IL-1 F9
IL1RAP	3556	Q9NPH3	17. Inflammation / Immunosenescence	IL-1 R3
IL1RL1	9173	Q01638	17. Inflammation / Immunosenescence	IL-1 R4
IL1RL2	8808	Q9HB29	17. Inflammation / Immunosenescence	IL-1 R6
IL1RAPL1	11141	Q9NZN1	17. Inflammation / Immunosenescence	IL-1 R8
IL1RAPL2	26280	Q9NP60	17. Inflammation / Immunosenescence	IL-1 R9
IL1RN	3557	P18510	17. Inflammation / Immunosenescence	IL-1 ra
IL1R1	3554	P14778	17. Inflammation / Immunosenescence	IL-1 RI
IL1R2	7850	P27930	17. Inflammation / Immunosenescence	IL-1 RII
IL10	3586	P22301	17. Inflammation / Immunosenescence	IL-10
IL10RA	3587	Q13651	17. Inflammation / Immunosenescence	IL-10 R alpha
IL10RB	3588	Q08334	17. Inflammation / Immunosenescence	IL-10 R beta
IL11	3589	P20809	17. Inflammation / Immunosenescence	IL-11
IL12B	3593	P29460	17. Inflammation / Immunosenescence	IL-12 p40
IL12A	3592	P29459	17. Inflammation / Immunosenescence	IL-12 p70
IL12RB1	3594	P42701	17. Inflammation / Immunosenescence	IL-12 R beta 1
IL12RB2	3595	Q99665	17. Inflammation / Immunosenescence	IL-12 R beta 2
IL13	3596	P35225	17. Inflammation / Immunosenescence	IL-13
IL13RA1	3597	P78552	17. Inflammation / Immunosenescence	IL-13 R alpha 1
IL13RA2	3598	Q14627	17. Inflammation / Immunosenescence	IL-13 R alpha 2
IL15	3600	P40933	17. Inflammation / Immunosenescence	IL-15
IL15RA	3601	Q13261	17. Inflammation / Immunosenescence	IL-15 R alpha
IL16	3603	Q14005	17. Inflammation / Immunosenescence	IL-16
IL17A	3605	Q16552	17. Inflammation / Immunosenescence	IL-17
IL17B	27190	Q9UHF5	17. Inflammation / Immunosenescence	IL-17B
IL17RB	55540	Q9NRM6	17. Inflammation / Immunosenescence	IL-17B R
IL17C	27189	Q9P0M4	17. Inflammation / Immunosenescence	IL-17C
IL17D	53342	Q8TAD2	17. Inflammation / Immunosenescence	IL-17D
IL25	64806	Q9H293	17. Inflammation / Immunosenescence	IL-17E
IL17F	112744	Q96PD4	17. Inflammation / Immunosenescence	IL-17F
IL17RA	23765	Q96F46	17. Inflammation / Immunosenescence	IL-17R
IL17RC	84818	Q8NAC3	17. Inflammation / Immunosenescence	IL-17RC
IL17RD	54756	Q8NFM7	17. Inflammation / Immunosenescence	IL-17RD
IL18BP	10068	O95998	17. Inflammation / Immunosenescence	IL-18 BPa
IL18R1	8809	Q13478	17. Inflammation / Immunosenescence	IL-18 R alpha
IL18RAP	8807	O95256	17. Inflammation / Immunosenescence	IL-18 R beta
IL19	29949	Q9UHD0	17. Inflammation / Immunosenescence	IL-19
IL2	3558	P60568	17. Inflammation / Immunosenescence	IL-2
IL2RA	3559	P01589	17. Inflammation / Immunosenescence	IL-2 R alpha
IL2RB	3560	P14784	17. Inflammation / Immunosenescence	IL-2 R beta
IL2RG	3561	P31785	17. Inflammation / Immunosenescence	IL-2 R gamma
IL20	50604	Q9NYY1	17. Inflammation / Immunosenescence	IL-20
IL20RA	53832	Q9UHF4	17. Inflammation / Immunosenescence	IL-20 R alpha
IL21	59067	Q9HBE4	17. Inflammation / Immunosenescence	IL-21
IL21R	50615	Q9HBE5	17. Inflammation / Immunosenescence	IL-21 R
IL22	50616	Q9GZX6	17. Inflammation / Immunosenescence	IL-22
IL22RA2	116379	Q969J5	17. Inflammation / Immunosenescence	IL-22 BP
IL22RA1	58985	Q8N6P7	17. Inflammation / Immunosenescence	IL-22 R
IL23A	51561	Q9NPF7	17. Inflammation / Immunosenescence	IL-23
IL23R	149233	Q5VWK5	17. Inflammation / Immunosenescence	IL-23 R
IL24	11009	Q13007	17. Inflammation / Immunosenescence	IL-24
IL26	55801	Q9NPH9	17. Inflammation / Immunosenescence	IL-26
IL27	246778	Q8NEV9	17. Inflammation / Immunosenescence	IL-27
IL28A		Q8IZJ0	17. Inflammation / Immunosenescence	IL-28A
IFNL3	282617	Q8IZI9	17. Inflammation / Immunosenescence	IL-28B
IL29		Q8IU54	17. Inflammation / Immunosenescence	IL-29
IL3RA	3563	P26951	17. Inflammation / Immunosenescence	IL-3 R alpha
IL31	386653	Q6EBC2	17. Inflammation / Immunosenescence	IL-31
IL31RA	133396	Q8NI17	17. Inflammation / Immunosenescence	IL-31 RA
IL33	90865	O95760	17. Inflammation / Immunosenescence	IL-33
IL34	146433	Q6ZMJ4	17. Inflammation / Immunosenescence	IL-34
IL36RN	26525	Q9UBH0	17. Inflammation / Immunosenescence	IL-36 Ra
IL4	3565	P05112	17. Inflammation / Immunosenescence	IL-4
IL4R	3566	P24394	17. Inflammation / Immunosenescence	IL-4 R
IL5	3567	P05113	17. Inflammation / Immunosenescence	IL-5
IL5RA	3568	Q01344	17. Inflammation / Immunosenescence	IL-5 R alpha
IL6	3569	P05231	17. Inflammation / Immunosenescence	IL-6
IL6R	3570	P08887	17. Inflammation / Immunosenescence	IL-6 R
IL7	3574	P13232	17. Inflammation / Immunosenescence	IL-7
IL7R	3575	P16871	17. Inflammation / Immunosenescence	IL-7 R alpha
CXCL8	3576	P10145	17. Inflammation / Immunosenescence	IL-8
IL9	3578	P15248	17. Inflammation / Immunosenescence	IL-9
IL11RA	3590	Q14626	17. Inflammation / Immunosenescence	IL11RA
IL17RE	132014	Q8NFR9	17. Inflammation / Immunosenescence	IL17RE
IL18	3606	Q14116	17. Inflammation / Immunosenescence	IL18
IFNLR1	163702	Q8IU57	17. Inflammation / Immunosenescence	IL28RA
IL4I1	259307	Q96RQ9	17. Inflammation / Immunosenescence	IL4I1
IL9R	3581	Q01113	17. Inflammation / Immunosenescence	IL9R
CXCL10	3627	P02778	17. Inflammation / Immunosenescence	IP-10
IRAK1	3654	P51617	17. Inflammation / Immunosenescence	IRAK1
IRAK2	3656	O43187	17. Inflammation / Immunosenescence	IRAK2
IRAK3	11213	Q9Y616	17. Inflammation / Immunosenescence	IRAK3
IRAK4	51135	Q9NWZ3	17. Inflammation / Immunosenescence	IRAK4
IRF1	3659	P10914	17. Inflammation / Immunosenescence	IRF1
IRF2	3660	P14316	17. Inflammation / Immunosenescence	IRF2
IRF2BP1	26145	Q8IU81	17. Inflammation / Immunosenescence	IRF2BP1
IRF3	3661	Q14653	17. Inflammation / Immunosenescence	IRF3
IRF4	3662	Q15306	17. Inflammation / Immunosenescence	IRF4
IRF5	3663	Q13568	17. Inflammation / Immunosenescence	IRF5
IRF8	3394	Q02556	17. Inflammation / Immunosenescence	IRF8
IRGM	345611	A1A4Y4	17. Inflammation / Immunosenescence	IRGM
ISG15	9636	P05161	17. Inflammation / Immunosenescence	ISG15
ITK	3702	Q08881	17. Inflammation / Immunosenescence	Itk
IRF6	3664	O14896	17. Inflammation / Immunosenescence	LPS
XCL1	6375	P47992	17. Inflammation / Immunosenescence	Lymphotactin
MAPK14	1432	Q16539	17. Inflammation / Immunosenescence	MAPK14
CCL2	6347	P13500	17. Inflammation / Immunosenescence	MCP-1
CCL8	6355	P80075	17. Inflammation / Immunosenescence	MCP-2
CCL7	6354	P80098	17. Inflammation / Immunosenescence	MCP-3
CCL13	6357	Q99616	17. Inflammation / Immunosenescence	MCP-4
CCL22	6367	O00626	17. Inflammation / Immunosenescence	MDC
CXCL9	4283	Q07325	17. Inflammation / Immunosenescence	MIG
CCL3	6348	P10147	17. Inflammation / Immunosenescence	MIP-1a
CCL4	6351	P13236	17. Inflammation / Immunosenescence	MIP-1b
CCL15	6359	Q16663	17. Inflammation / Immunosenescence	MIP-1d
CCL20	6364	P78556	17. Inflammation / Immunosenescence	MIP-3 alpha
CCL19	6363	Q99731	17. Inflammation / Immunosenescence	MIP-3 beta
MX1	4599	P20591	17. Inflammation / Immunosenescence	MX1
MX2	4600	P20592	17. Inflammation / Immunosenescence	MX2
CXCL7		P02775	17. Inflammation / Immunosenescence	NAP-2
NDFIP1	80762	Q9BT67	17. Inflammation / Immunosenescence	NDFIP1
NDUFA13	51079	Q9P0J0	17. Inflammation / Immunosenescence	NDUFA13
NFIL3	4783	Q16649	17. Inflammation / Immunosenescence	NFIL3
NFKB1	4790	P19838	17. Inflammation / Immunosenescence	NFKB1
NFKB2	4791	Q00653	17. Inflammation / Immunosenescence	NFKB2
NFKBIA	4792	P25963	17. Inflammation / Immunosenescence	NFKBIA
NFKBIB	4793	Q15653	17. Inflammation / Immunosenescence	NFKBIB
NFKBIE	4794	O00221	17. Inflammation / Immunosenescence	NFKBIE
NFKBIL1	4795	Q9UBC1	17. Inflammation / Immunosenescence	NFKBIL1
NKRF	55922	O15226	17. Inflammation / Immunosenescence	NKRF
NLRP3	114548	Q96P20	17. Inflammation / Immunosenescence	NLRP3
OSMR	9180	Q99650	17. Inflammation / Immunosenescence	OSM R beta
CCL18	6362	P55774	17. Inflammation / Immunosenescence	PARC
PF4	5196	P02776	17. Inflammation / Immunosenescence	PF4
PF4V1	5197	P10720	17. Inflammation / Immunosenescence	PF4V1
PRDM1	639	O75626	17. Inflammation / Immunosenescence	PRDM1
PRKRA	8575	O75569	17. Inflammation / Immunosenescence	PRKRA
PRMT1	3276	Q99873	17. Inflammation / Immunosenescence	PRMT1
CCL5	6352	P13501	17. Inflammation / Immunosenescence	RANTES
RIPK2	8767	O43353	17. Inflammation / Immunosenescence	RIPK2
RSAD2	91543	Q8WXG1	17. Inflammation / Immunosenescence	RSAD2
RTP4	64108	Q96DX8	17. Inflammation / Immunosenescence	RTP4
IL6ST	3572	P40189	17. Inflammation / Immunosenescence	sgp130
SIGIRR	59307	Q6IA17	17. Inflammation / Immunosenescence	SIGIRR
SOCS2	8835	O14508	17. Inflammation / Immunosenescence	SOCS2
SOCS3	9021	O14543	17. Inflammation / Immunosenescence	SOCS3
SOCS4	122809	Q8WXH5	17. Inflammation / Immunosenescence	SOCS4
SOCS5	9655	O75159	17. Inflammation / Immunosenescence	SOCS5
SOCS7	30837	O14512	17. Inflammation / Immunosenescence	SOCS7
SP110	3431	Q9HB58	17. Inflammation / Immunosenescence	SP110
TAFA1	407738	Q7Z5A9	17. Inflammation / Immunosenescence	TAFA1
FAM19A2	338811	Q8N3H0	17. Inflammation / Immunosenescence	TAFA2
TAFA3	284467	Q7Z5A8	17. Inflammation / Immunosenescence	TAFA3
TAFA4	151647	Q96LR4	17. Inflammation / Immunosenescence	TAFA4
TAFA5	25817	Q7Z5A7	17. Inflammation / Immunosenescence	TAFA5
CCL17	6361	Q92583	17. Inflammation / Immunosenescence	Tarc
IL27RA	9466	Q6UWB1	17. Inflammation / Immunosenescence	TCCR
CCL25	6370	O15444	17. Inflammation / Immunosenescence	TECK
THAP12	5612	O43422	17. Inflammation / Immunosenescence	THAP12
TICAM2	353376	Q86XR7	17. Inflammation / Immunosenescence	TICAM2
TLR1	7096	Q15399	17. Inflammation / Immunosenescence	TLR1
TLR2	7097	O60603	17. Inflammation / Immunosenescence	TLR2
TLR5	7100	O60602	17. Inflammation / Immunosenescence	TLR5
TMED1	11018	Q13445	17. Inflammation / Immunosenescence	TMED1
STING1	340061	Q86WV6	17. Inflammation / Immunosenescence	TMEM173
TRAF6	7189	Q9Y4K3	17. Inflammation / Immunosenescence	TRAF6
TRIM34	53840	Q9BYJ4	17. Inflammation / Immunosenescence	TRIM34
CRLF2	64109	Q9HC73	17. Inflammation / Immunosenescence	TSLP R
VNN1	8876	O95497	17. Inflammation / Immunosenescence	VNN1
VNN2	8875	O95498	17. Inflammation / Immunosenescence	VNN2
XCL2	6846	Q9UBD3	17. Inflammation / Immunosenescence	XCL2
XCR1	2829	P46094	17. Inflammation / Immunosenescence	XCR1
TNFRSF9	3604	Q07011	17. TNF Superfamily	4-1BB
ABCF1	23	Q8NE71	17. TNF Superfamily	ABCF1
APRIL		O75888	17. TNF Superfamily	APRIL
ERAP1	51752	Q9NZ08	17. TNF Superfamily	ARTS1
TNFSF13B	10673	Q9Y275	17. TNF Superfamily	BAFF
BAFFR		Q96RJ3	17. TNF Superfamily	BAFF R
BCMA	608	Q02223	17. TNF Superfamily	BCMA
C1QL3	389941	Q5VWW1	17. TNF Superfamily	C1QL3
C1QL4	338761	Q86Z23	17. TNF Superfamily	C1QL4
C1QTNF1	114897	Q9BXJ1	17. TNF Superfamily	C1qTNF1
C1QTNF2	114898	Q9BXJ5	17. TNF Superfamily	C1QTNF2
C1QTNF4	114900	Q9BXJ3	17. TNF Superfamily	C1QTNF4
C1QTNF5	114902	Q9BXJ0	17. TNF Superfamily	C1QTNF5
C1QTNF6	114904	Q9BXI9	17. TNF Superfamily	C1QTNF6
C1QTNF7	114905	Q9BXJ2	17. TNF Superfamily	C1QTNF7
C1QTNF8	390664	P60827	17. TNF Superfamily	C1QTNF8
C1QTNF9	338872	P0C862	17. TNF Superfamily	C1QTNF9
CD27	939	P26842	17. TNF Superfamily	CD27
CD30	943	P28908	17. TNF Superfamily	CD30
CD30L		P32971	17. TNF Superfamily	CD30 Ligand
CD40	958	P25942	17. TNF Superfamily	CD40
CD40L		P29965	17. TNF Superfamily	CD40 Ligand
CD70	970	P32970	17. TNF Superfamily	CD70
TNFRSF6B	8771	O95407	17. TNF Superfamily	DcR3
EDAR	10913	Q9UNE0	17. TNF Superfamily	EDAR
EFNA1	1942	P20827	17. TNF Superfamily	EFNA1
GITR		Q9Y5U5	17. TNF Superfamily	GITR
GITRL		Q9UNG2	17. TNF Superfamily	GITR Ligand
TNFRSF14	8764	Q92956	17. TNF Superfamily	HVEM
LIGHT		O43557	17. TNF Superfamily	LIGHT
LTB	4050	Q06643	17. TNF Superfamily	LTB
LTBR	4055	P36941	17. TNF Superfamily	LTBR
OPG		O00300	17. TNF Superfamily	Osteoprotegerin
TNFRSF4	7293	P43489	17. TNF Superfamily	OX40
TNFSF4	7292	P23510	17. TNF Superfamily	OX40 Ligand
PTX3	5806	P26022	17. TNF Superfamily	Pentraxin3
RANK		Q9Y6Q6	17. TNF Superfamily	RANK
RELT	84957	Q969Z4	17. TNF Superfamily	RELT
STEAP4	79689	Q687X5	17. TNF Superfamily	STAMP2
ADAM17	6868	P78536	17. TNF Superfamily	TACE
TACI	23495	O14836	17. TNF Superfamily	TACI
TNFRSF1A	7132	P19438	17. TNF Superfamily	TNF RI
TNFRSF1B	7133	P20333	17. TNF Superfamily	TNF RII
TNFA	7124	P01375	17. TNF Superfamily	TNF-alpha
TNFB		P01374	17. TNF Superfamily	TNF-beta
TNFAIP1	7126	Q13829	17. TNF Superfamily	TNFAIP1
TNFAIP3	7128	P21580	17. TNF Superfamily	TNFAIP3
TNFAIP8	25816	O95379	17. TNF Superfamily	TNFAIP8
TRAF2	7186	Q12933	17. TNF Superfamily	TRAF2
TNFSF11	8600	O14788	17. TNF Superfamily	TRANCE
TNFRSF19	55504	Q9NS68	17. TNF Superfamily	TROY
TNFAIP6	7130	P98066	17. TNF Superfamily	TSG-6
TNFSF15	9966	O95150	17. TNF Superfamily	VEGI
EDA2R	60401	Q9HAV5	17. TNF Superfamily	XEDAR
ZNF71	58491	Q9NQZ8	17. TNF Superfamily	ZNF71
CLOCK	9575	O15516	18. Circadian Clock	CLOCK
PER1	5187	O15534	18. Circadian Clock	PER1
ABL1	25	P00519	18. Oncogenes / Tumor Suppressors	ABL1
AKT1	207	P31749	18. Oncogenes / Tumor Suppressors	AKT1
ARAF	369	P10398	18. Oncogenes / Tumor Suppressors	ARAF
AXL	558	P30530	18. Oncogenes / Tumor Suppressors	Axl
BRAF	673	P15056	18. Oncogenes / Tumor Suppressors	BRAF
CBL	867	P22681	18. Oncogenes / Tumor Suppressors	CBL
CDON	50937	Q4KMG0	18. Oncogenes / Tumor Suppressors	CDON
CTTN	2017	Q14247	18. Oncogenes / Tumor Suppressors	Cortactin
CRK	1398	P46108	18. Oncogenes / Tumor Suppressors	CRK
BCL11B	64919	Q9C0K0	18. Oncogenes / Tumor Suppressors	Ctip2
DCC	1630	P43146	18. Oncogenes / Tumor Suppressors	DCC
DCUN1D1	54165	Q96GG9	18. Oncogenes / Tumor Suppressors	DCUN1D1
DIRAS1	148252	O95057	18. Oncogenes / Tumor Suppressors	DIRAS1
EWSR1	2130	Q01844	18. Oncogenes / Tumor Suppressors	EWSR1
EXTL3	2137	O43909	18. Oncogenes / Tumor Suppressors	EXTL3
FER	2241	P16591	18. Oncogenes / Tumor Suppressors	FER
FES	2242	P07332	18. Oncogenes / Tumor Suppressors	FES
FGR	2268	P09769	18. Oncogenes / Tumor Suppressors	FGR
FLI1	2313	Q01543	18. Oncogenes / Tumor Suppressors	FLI1
FOS	2353	P01100	18. Oncogenes / Tumor Suppressors	FOS
FYN	2534	P06241	18. Oncogenes / Tumor Suppressors	Fyn
HEXB	3074	P07686	18. Oncogenes / Tumor Suppressors	HEXB
ST13	6767	P50502	18. Oncogenes / Tumor Suppressors	HSC70
JUN	3725	P05412	18. Oncogenes / Tumor Suppressors	JUN
KLF6	1316	Q99612	18. Oncogenes / Tumor Suppressors	KLF6
LCK	3932	P06239	18. Oncogenes / Tumor Suppressors	Lck
LETMD1	25875	Q6P1Q0	18. Oncogenes / Tumor Suppressors	LETMD1
LCN2	3934	P80188	18. Oncogenes / Tumor Suppressors	Lipocalin-2
LYPD1	116372	Q8N2G4	18. Oncogenes / Tumor Suppressors	LYPD1
LZTS1	11178	Q9Y250	18. Oncogenes / Tumor Suppressors	LZTS1
LZTS2	84445	Q9BRK4	18. Oncogenes / Tumor Suppressors	LZTS2
CSF1R	1436	P07333	18. Oncogenes / Tumor Suppressors	M-CSF R
MAEA	10296	Q7L5Y9	18. Oncogenes / Tumor Suppressors	MAEA
MAF	4094	O75444	18. Oncogenes / Tumor Suppressors	MAF
MAFB	9935	Q9Y5Q3	18. Oncogenes / Tumor Suppressors	MAFB
MAFF	23764	Q9ULX9	18. Oncogenes / Tumor Suppressors	MAFF
MAFG	4097	O15525	18. Oncogenes / Tumor Suppressors	MAFG
MAP3K8	1326	P41279	18. Oncogenes / Tumor Suppressors	MAP3K8
MERTK	10461	Q12866	18. Oncogenes / Tumor Suppressors	Mer
MN1	4330	Q10571	18. Oncogenes / Tumor Suppressors	MN1
MPL	4352	P40238	18. Oncogenes / Tumor Suppressors	MPL
MYB	4602	P10242	18. Oncogenes / Tumor Suppressors	MYB
MYC	4609	P01106	18. Oncogenes / Tumor Suppressors	MYC
MYCL	4610	P12524	18. Oncogenes / Tumor Suppressors	MYCL
MYEOV	26579	Q96EZ4	18. Oncogenes / Tumor Suppressors	MYEOV
NAE1	8883	Q13564	18. Oncogenes / Tumor Suppressors	NAE1
NET1	10276	Q7Z628	18. Oncogenes / Tumor Suppressors	NET1
PARK7	11315	Q99497	18. Oncogenes / Tumor Suppressors	PARK7
RACK1	10399	P63244	18. Oncogenes / Tumor Suppressors	RACK1
RAF1	5894	P04049	18. Oncogenes / Tumor Suppressors	RAF1
REL	5966	Q04864	18. Oncogenes / Tumor Suppressors	REL
RET	5979	P07949	18. Oncogenes / Tumor Suppressors	RET
ROS1	6098	P08922	18. Oncogenes / Tumor Suppressors	ROS
RRAS2	22800	P62070	18. Oncogenes / Tumor Suppressors	RRAS2
RUNX1	861	Q01196	18. Oncogenes / Tumor Suppressors	RUNX1
RUNX2	860	Q13950	18. Oncogenes / Tumor Suppressors	RUNX2
RUNX3	864	Q13761	18. Oncogenes / Tumor Suppressors	RUNX3
SKIL	6498	P12757	18. Oncogenes / Tumor Suppressors	SKIL
SLC4A1AP	22950	Q9BWU0	18. Oncogenes / Tumor Suppressors	SLC4A1AP
SRC	6714	P12931	18. Oncogenes / Tumor Suppressors	Src
SSPN	8082	Q14714	18. Oncogenes / Tumor Suppressors	SSPN
STYK1	55359	Q6J9G0	18. Oncogenes / Tumor Suppressors	STYK1
CADM1	23705	Q9BY67	18. Oncogenes / Tumor Suppressors	SynCAM
TCL1A	8115	P56279	18. Oncogenes / Tumor Suppressors	TCL1A
TCL1B	9623	O95988	18. Oncogenes / Tumor Suppressors	TCL1B
THPO	7066	P40225	18. Oncogenes / Tumor Suppressors	Thrombopoietin
FUS	2521	P35637	18. Oncogenes / Tumor Suppressors	TLS
TRIM13	10206	O60858	18. Oncogenes / Tumor Suppressors	TRIM13
CCDC80	151887	Q76M96	18. Oncogenes / Tumor Suppressors	URB
VAV1	7409	P15498	18. Oncogenes / Tumor Suppressors	VAV1
YES1	7525	P07947	18. Oncogenes / Tumor Suppressors	YES1
ABHD4	63874	Q8TB40	18. Progeroid / Premature Aging	ABHD4
ALDH9A1	223	P49189	18. Progeroid / Premature Aging	ALDH9A1
APEH	327	P13798	18. Progeroid / Premature Aging	APEH
ATIC	471	P31939	18. Progeroid / Premature Aging	ATIC
CD320	51293	Q9NPF0	18. Progeroid / Premature Aging	CD320
CUBN	8029	O60494	18. Progeroid / Premature Aging	CUBN
DDAH1	23576	O94760	18. Progeroid / Premature Aging	DDAH1
ERCC8	1161	Q13216	18. Progeroid / Premature Aging	ERCC8
FLNA	2316	P21333	18. Progeroid / Premature Aging	Filamin A
FLNB	2317	O75369	18. Progeroid / Premature Aging	Filamin B
FLNC	2318	Q14315	18. Progeroid / Premature Aging	Filamin C
FILIP1	27145	Q7Z7B0	18. Progeroid / Premature Aging	FLIP
GART	2618	P22102	18. Progeroid / Premature Aging	GART
GGACT	87769	Q9BVM4	18. Progeroid / Premature Aging	GGACT
CBLIF	2694	P27352	18. Progeroid / Premature Aging	GIF
LMNA	4000	P02545	18. Progeroid / Premature Aging	LMNA
LMNB1	4001	P20700	18. Progeroid / Premature Aging	LMNB1
LMNB2	84823	Q03252	18. Progeroid / Premature Aging	LMNB2
MTRR	4552	Q9UBK8	18. Progeroid / Premature Aging	MTRR
NAAA	27163	Q02083	18. Progeroid / Premature Aging	NAAA
NTNG2	84628	Q96CW9	18. Progeroid / Premature Aging	Netrin G2
NTNG1	22854	Q9Y2I2	18. Progeroid / Premature Aging	NTNG1
PCBD2	84105	Q9H0N5	18. Progeroid / Premature Aging	PCBD2
PEBP4	157310	Q96S96	18. Progeroid / Premature Aging	PEBP4
PHOSPHO1	162466	Q8TCT1	18. Progeroid / Premature Aging	PHOSPHO1
PIGG	54872	Q5H8A4	18. Progeroid / Premature Aging	PIGG
PLBD2	196463	Q8NHP8	18. Progeroid / Premature Aging	PLBD2
PNMT	5409	P11086	18. Progeroid / Premature Aging	PNMT
PEBP1	5037	P30086	18. Progeroid / Premature Aging	RKIP
SULT1A3	6818	P0DMM9	18. Progeroid / Premature Aging	SULT1A3
TCN1	6947	P20061	18. Progeroid / Premature Aging	TCN1
TCN2	6948	P20062	18. Progeroid / Premature Aging	TCN2
TMPO	7112	P42166	18. Progeroid / Premature Aging	Thymopoietin
ACE	1636	P12821	19. Other Longevity-Related	ACE
ACE2	59272	Q9BYF1	19. Other Longevity-Related	ACE-2
ACVR1	90	Q04771	19. Other Longevity-Related	Activin RIA
ACVRL1	94	P37023	19. Other Longevity-Related	ACVRL1
AGPS	8540	O00116	19. Other Longevity-Related	ADAS
ADGRE2	30817	Q9UHX3	19. Other Longevity-Related	ADGRE2
ADGRE3	84658	Q9BY15	19. Other Longevity-Related	ADGRE3
EOGT	285203	Q5NDL2	19. Other Longevity-Related	AER61
AGTR1	185	P30556	19. Other Longevity-Related	AGTR1
AGTR2	186	P50052	19. Other Longevity-Related	AGTR2
AKR1C3	8644	P42330	19. Other Longevity-Related	AKR1C3
ALOXE3	59344	Q9BYJ1	19. Other Longevity-Related	ALOXE3
AMFR	267	Q9UKV5	19. Other Longevity-Related	AMFR
AR	367	P10275	19. Other Longevity-Related	Androgen Receptor
APJ		P35414	19. Other Longevity-Related	APJ
HUWE1	10075	Q7Z6Z7	19. Other Longevity-Related	ARFBP1
ARHGAP26	23092	Q9UNA1	19. Other Longevity-Related	ARHGAP26
ARHGEF2	9181	Q92974	19. Other Longevity-Related	ARHGEF2
ARIH1	25820	Q9Y4X5	19. Other Longevity-Related	ARIH1
ARIH2	10425	O95376	19. Other Longevity-Related	ARIH2
ARMS2	387715	P0C7Q2	19. Other Longevity-Related	ARMS2
BCAR1	9564	P56945	19. Other Longevity-Related	BCAR1
BIRC6	57448	Q9NR09	19. Other Longevity-Related	BIRC6
BNIP1	662	Q12981	19. Other Longevity-Related	BNIP1
BNIP2	663	Q12982	19. Other Longevity-Related	BNIP2
BNIP3	664	Q12983	19. Other Longevity-Related	BNIP3
BNIP3L	665	O60238	19. Other Longevity-Related	BNIP3L
STAP1	26228	Q9ULZ2	19. Other Longevity-Related	BRDG1
BTG2	7832	P78543	19. Other Longevity-Related	BTG2
MARCHF2	51257	Q9P0N8	19. Other Longevity-Related	C3HC4
CAPN1	823	P07384	19. Other Longevity-Related	Calpain 1
CAPRIN1	4076	Q14444	19. Other Longevity-Related	CAPRIN1
CAPRIN2	65981	Q6IMN6	19. Other Longevity-Related	CAPRIN2
CBLC	23624	Q9ULV8	19. Other Longevity-Related	CBLC
KYAT1	883	Q16773	19. Other Longevity-Related	CCBL1
CD81	975	P60033	19. Other Longevity-Related	CD81
CDC34	997	P49427	19. Other Longevity-Related	CDC34
CENPM	79019	Q9NSP4	19. Other Longevity-Related	CENPM
CLEC2A	387836	Q6UVW9	19. Other Longevity-Related	CLEC2A
CMC4	100272147	P56277	19. Other Longevity-Related	CMC4
PTGS2	5743	P35354	19. Other Longevity-Related	COX-2
PTGS1	5742	P23219	19. Other Longevity-Related	COX1
CRELD1	78987	Q96HD1	19. Other Longevity-Related	CRELD1
CRELD2	79174	Q6UXH1	19. Other Longevity-Related	CRELD2
CSPG5	10675	O95196	19. Other Longevity-Related	CSPG5
CYBA	1535	P13498	19. Other Longevity-Related	CYBA
CYP19A1	1588	P11511	19. Other Longevity-Related	CYP19A1
KRT18	3875	P05783	19. Other Longevity-Related	Cytokeratin 18
FBLN5	10516	Q9UBX5	19. Other Longevity-Related	DANCE
DARS1	1615	P14868	19. Other Longevity-Related	DARS1
DESI2	51029	Q9BSY9	19. Other Longevity-Related	DESI2
DNTTIP2	30836	Q5QJE6	19. Other Longevity-Related	DNTTIP2
DPPA5	340168	A6NC42	19. Other Longevity-Related	DPPA5
DTX1	1840	Q86Y01	19. Other Longevity-Related	DTX1
DZIP3	9666	Q86Y13	19. Other Longevity-Related	DZIP3
EBAG9	9166	O00559	19. Other Longevity-Related	EBAG9
EDIL3	10085	O43854	19. Other Longevity-Related	EDIL3
EGLN2	112398	Q96KS0	19. Other Longevity-Related	EGLN2
EIF3F	8665	O00303	19. Other Longevity-Related	EIF3F
ADGRE1	2015	Q14246	19. Other Longevity-Related	EMR1
ESRRA	2101	P11474	19. Other Longevity-Related	ERRa
ESR1	2099	P03372	19. Other Longevity-Related	ESR1
ESR2	2100	Q92731	19. Other Longevity-Related	ESR2
ESRRB	2103	O95718	19. Other Longevity-Related	ESRRB
ESRRG	2104	P62508	19. Other Longevity-Related	ESRRG
EXOSC10	5394	Q01780	19. Other Longevity-Related	EXOSC10
EXOSC2	23404	Q13868	19. Other Longevity-Related	EXOSC2
EXOSC4	54512	Q9NPD3	19. Other Longevity-Related	EXOSC4
EXOSC7	23016	Q15024	19. Other Longevity-Related	EXOSC7
FANCL	55120	Q9NW38	19. Other Longevity-Related	FANCL
UBD	10537	O15205	19. Other Longevity-Related	FAT10
FAU	2197	P35544	19. Other Longevity-Related	FUBI
GABARAPL1	23710	Q9H0R8	19. Other Longevity-Related	GABARAPL1
GDI1	2664	P31150	19. Other Longevity-Related	GDI1
GFER	2671	P55789	19. Other Longevity-Related	GFER
GPER1	2852	Q99527	19. Other Longevity-Related	GPER
GPR50	9248	Q13585	19. Other Longevity-Related	GPR50
GREM1	26585	O60565	19. Other Longevity-Related	GREMLIN
HBEGF	1839	Q99075	19. Other Longevity-Related	HB-EGF
HERC2	8924	O95714	19. Other Longevity-Related	HERC2
HERPUD1	9709	Q15011	19. Other Longevity-Related	HERPUD1
HSD3B1	3283	P14060	19. Other Longevity-Related	HSD3B1
IFT57	55081	Q9NWB7	19. Other Longevity-Related	IFT57
IKZF1	10320	Q13422	19. Other Longevity-Related	IKZF1
IKZF2	22807	Q9UKS7	19. Other Longevity-Related	IKZF2
IKZF3	22806	Q9UKT9	19. Other Longevity-Related	IKZF3
KCTD13	253980	Q8WZ19	19. Other Longevity-Related	KCTD13
KMO	8564	O15229	19. Other Longevity-Related	KMO
KYNU	8942	Q16719	19. Other Longevity-Related	KYNU
CERS6	253782	Q6ZMG9	19. Other Longevity-Related	LASS6
LDHA	3939	P00338	19. Other Longevity-Related	LDHA
LGALS12	85329	Q96DT0	19. Other Longevity-Related	LGALS12
TRIM71	131405	Q2Q1W2	19. Other Longevity-Related	LIN41
LNX1	84708	Q8TBB1	19. Other Longevity-Related	LNX1
LY6E	4061	Q16553	19. Other Longevity-Related	LY6E
MAP1A	4130	P78559	19. Other Longevity-Related	MAP1A
MFGE8	4240	Q08431	19. Other Longevity-Related	MFG-E8
MIB1	57534	Q86YT6	19. Other Longevity-Related	MIB1
MIB2	142678	Q96AX9	19. Other Longevity-Related	MIB2
MID2	11043	Q9UJV3	19. Other Longevity-Related	MID2
MINDY2	54629	Q8NBR6	19. Other Longevity-Related	MINDY2
MKI67	4288	P46013	19. Other Longevity-Related	MKI67
MKRN1	23608	Q9UHC7	19. Other Longevity-Related	MKRN1
MTCP1	4515	P56278	19. Other Longevity-Related	MTCP1
MYLIP	29116	Q8WY64	19. Other Longevity-Related	MYLIP
NAB1	4664	Q13506	19. Other Longevity-Related	NAB1
NAB2	4665	Q15742	19. Other Longevity-Related	NAB2
NDUFAF4	29078	Q9P032	19. Other Longevity-Related	NDUFAF4
NEDD4	4734	P46934	19. Other Longevity-Related	NEDD4
NEDD4L	23327	Q96PU5	19. Other Longevity-Related	NEDD4L
NEDD8	4738	Q15843	19. Other Longevity-Related	NEDD8
NENF	29937	Q9UMX5	19. Other Longevity-Related	NENF
NLRP6	171389	P59044	19. Other Longevity-Related	NLRP6
NNMT	4837	P40261	19. Other Longevity-Related	NNMT
NOX4	50507	Q9NPH5	19. Other Longevity-Related	NOX4
NPDC1	56654	Q9NQX5	19. Other Longevity-Related	NPDC1
NPNT	255743	Q6UXI9	19. Other Longevity-Related	NPNT
NQO2	4835	P16083	19. Other Longevity-Related	NQO2
NR1C2	5467	F1D8S7	19. Other Longevity-Related	NR1C2
NUB1	51667	Q9Y5A7	19. Other Longevity-Related	NUB1
OPHN1	4983	O60890	19. Other Longevity-Related	OPHN1
OTUB2	78990	Q96DC9	19. Other Longevity-Related	OTUB2
OTUD6B	51633	Q8N6M0	19. Other Longevity-Related	OTUD6B
OVGP1	5016	Q12889	19. Other Longevity-Related	OVGP1
PAMR1	25891	Q6UXH9	19. Other Longevity-Related	PAMR1
PDE8B	8622	O95263	19. Other Longevity-Related	PDE8B
PDS5A	23244	Q29RF7	19. Other Longevity-Related	PDS5A
SERPINF1	5176	P36955	19. Other Longevity-Related	PEDF
PELI1	57162	Q96FA3	19. Other Longevity-Related	PELI1
PELI2	57161	Q9HAT8	19. Other Longevity-Related	PELI2
PELI3	246330	Q8N2H9	19. Other Longevity-Related	PELI3
PHB2	11331	Q99623	19. Other Longevity-Related	PHB2
PIAS4	51588	Q8N2W9	19. Other Longevity-Related	PIAS4
PIK3IP1	113791	Q96FE7	19. Other Longevity-Related	PIK3IP1
PJA1	64219	Q8NG27	19. Other Longevity-Related	PJA1
PPARA	5465	Q07869	19. Other Longevity-Related	PPARA
PPARD	5467	Q03181	19. Other Longevity-Related	PPARD
PPARG	5468	P37231	19. Other Longevity-Related	PPARg2
PPARGC1A	10891	Q9UBK2	19. Other Longevity-Related	PPARGC1A
PPIL2	23759	Q13356	19. Other Longevity-Related	PPIL2
PRCP	5547	P42785	19. Other Longevity-Related	PRCP
PRKN	5071	O60260	19. Other Longevity-Related	PRKN
PTP4A3	11156	O75365	19. Other Longevity-Related	PRL3
PSCA	8000	O43653	19. Other Longevity-Related	PSCA
PTP4A1	7803	Q93096	19. Other Longevity-Related	PTP4A1
PTP4A2	8073	Q12974	19. Other Longevity-Related	PTP4A2
RAD18	56852	Q9NS91	19. Other Longevity-Related	RAD18
RAG1	5896	P15918	19. Other Longevity-Related	RAG1
RBCK1	10616	Q9BYM8	19. Other Longevity-Related	RBCK1
REG1A	5967	P05451	19. Other Longevity-Related	Reg1A
REG1B	5968	P48304	19. Other Longevity-Related	REG1B
REG3A	5068	Q06141	19. Other Longevity-Related	Reg3A
REG4	83998	Q9BYZ8	19. Other Longevity-Related	REG4
REN	5972	P00797	19. Other Longevity-Related	REN
RING1	6015	Q06587	19. Other Longevity-Related	RING1
RMND5B	64777	Q96G75	19. Other Longevity-Related	RMND5B
RNF113A	7737	O15541	19. Other Longevity-Related	RNF113A
RNF114	55905	Q9Y508	19. Other Longevity-Related	RNF114
RNF115	27246	Q9Y4L5	19. Other Longevity-Related	RNF115
RNF128	79589	Q8TEB7	19. Other Longevity-Related	RNF128
RNF130	55819	Q86XS8	19. Other Longevity-Related	RNF130
RNF14	9604	Q9UBS8	19. Other Longevity-Related	RNF14
RNF144A	9781	P50876	19. Other Longevity-Related	RNF144A
RNF146	81847	Q9NTX7	19. Other Longevity-Related	RNF146
RNF168	165918	Q8IYW5	19. Other Longevity-Related	RNF168
RNF19A	25897	Q9NV58	19. Other Longevity-Related	RNF19A
RNF2	6045	Q99496	19. Other Longevity-Related	RNF2
RNF217	154214	Q8TC41	19. Other Longevity-Related	RNF217
RNF25	64320	Q96BH1	19. Other Longevity-Related	RNF25
RNF26	79102	Q9BY78	19. Other Longevity-Related	RNF26
RNF31	55072	Q96EP0	19. Other Longevity-Related	RNF31
RNF38	152006	Q9H0F5	19. Other Longevity-Related	RNF38
RNF4	6047	P78317	19. Other Longevity-Related	RNF4
RNF41	10193	Q9H4P4	19. Other Longevity-Related	RNF41
RNF43	54894	Q68DV7	19. Other Longevity-Related	RNF43
RNF6	6049	Q9Y252	19. Other Longevity-Related	RNF6
RNF8	9025	O76064	19. Other Longevity-Related	RNF8
RXFP3	51289	Q9NSD7	19. Other Longevity-Related	RXFP3
S100A16	140576	Q96FQ6	19. Other Longevity-Related	S100A16
SAE1	10055	Q9UBE0	19. Other Longevity-Related	SAE1
MCFD2	90411	Q8NI22	19. Other Longevity-Related	SDNSF
AGT	183	P01019	19. Other Longevity-Related	Serpin A8
SHBG	6462	P04278	19. Other Longevity-Related	SHBG
SIAH2	6478	O43255	19. Other Longevity-Related	SIAH2
SIGMAR1	10280	Q99720	19. Other Longevity-Related	SIGMAR1
SIPA1	6494	Q96FS4	19. Other Longevity-Related	SIPA1
SIPA1L1	26037	O43166	19. Other Longevity-Related	SIPA1L1
SMAD1	4086	Q15797	19. Other Longevity-Related	Smad 1
SMURF1	57154	Q9HCE7	19. Other Longevity-Related	SMURF1
SMURF2	64750	Q9HAU4	19. Other Longevity-Related	SMURF2
SNTA1	6640	Q13424	19. Other Longevity-Related	SNTA1
SQSTM1	8878	Q13501	19. Other Longevity-Related	SQSTM1
STAMBP	10617	O95630	19. Other Longevity-Related	STAMBP
STUB1	10273	Q9UNE7	19. Other Longevity-Related	STUB1
SULT1E1	6783	P49888	19. Other Longevity-Related	SULT1E1
SULT2A1	6822	Q06520	19. Other Longevity-Related	SULT2A1
SUMO1	7341	P63165	19. Other Longevity-Related	SUMO1
SUMO2	6613	P61956	19. Other Longevity-Related	SUMO2
SUMO3	6612	P55854	19. Other Longevity-Related	SUMO3
SVEP1	79987	Q4LDE5	19. Other Longevity-Related	SVEP1
TAL1	6886	P17542	19. Other Longevity-Related	TAL1
TFF1	7031	P04155	19. Other Longevity-Related	TFF1
TGFA	7039	P01135	19. Other Longevity-Related	TGF-alpha
TIE2		Q02763	19. Other Longevity-Related	Tie-2
TMEFF1	8577	Q8IYR6	19. Other Longevity-Related	TMEFF1
TMEFF2	23671	Q9UIK5	19. Other Longevity-Related	TMEFF2
TNIP1	10318	Q15025	19. Other Longevity-Related	TNIP1
TRAF1	7185	Q13077	19. Other Longevity-Related	TRAF1
TRAF3	7187	Q13114	19. Other Longevity-Related	TRAF3
TRAF4	9618	Q9BUZ4	19. Other Longevity-Related	TRAF4
TRAF5	7188	O00463	19. Other Longevity-Related	TRAF5
TRAF7	84231	Q6Q0C0	19. Other Longevity-Related	TRAF7
TRAIP	10293	Q9BWF2	19. Other Longevity-Related	TRAIP
TRIM11	81559	Q96F44	19. Other Longevity-Related	TRIM11
TRIM17	51127	Q9Y577	19. Other Longevity-Related	TRIM17
TRIM2	23321	Q9C040	19. Other Longevity-Related	TRIM2
TRIM21	6737	P19474	19. Other Longevity-Related	TRIM21
TRIM23	373	P36406	19. Other Longevity-Related	TRIM23
TRIM24	8805	O15164	19. Other Longevity-Related	TRIM24
TRIM25	7706	Q14258	19. Other Longevity-Related	TRIM25
TRIM27	5987	P14373	19. Other Longevity-Related	TRIM27
TRIM28	10155	Q13263	19. Other Longevity-Related	TRIM28
TRIM31	11074	Q9BZY9	19. Other Longevity-Related	TRIM31
TRIM33	51592	Q9UPN9	19. Other Longevity-Related	TRIM33
TRIM36	55521	Q9NQ86	19. Other Longevity-Related	TRIM36
TRIM37	4591	O94972	19. Other Longevity-Related	TRIM37
TRIM38	10475	O00635	19. Other Longevity-Related	TRIM38
TRIM39	56658	Q9HCM9	19. Other Longevity-Related	TRIM39
TRIM41	90933	Q8WV44	19. Other Longevity-Related	TRIM41
TRIM5	85363	Q9C035	19. Other Longevity-Related	TRIM5
TRIM56	81844	Q9BRZ2	19. Other Longevity-Related	TRIM56
TRIM62	55223	Q9BVG3	19. Other Longevity-Related	TRIM62
TRIM63	84676	Q969Q1	19. Other Longevity-Related	TRIM63
TRIM7	81786	Q9C029	19. Other Longevity-Related	TRIM7
TRIM9	114088	Q9C026	19. Other Longevity-Related	TRIM9
TRPC4AP	26133	Q8TEL6	19. Other Longevity-Related	TRPC4AP
UBA1	7317	P22314	19. Other Longevity-Related	UBA1
UBA52	7311	P62987	19. Other Longevity-Related	UBA52
UBA6	55236	A0AVT1	19. Other Longevity-Related	UBA6
UBA7	7318	P41226	19. Other Longevity-Related	UBA7
UBAP1	51271	Q9NZ09	19. Other Longevity-Related	UBAP1
UBAP2L	9898	Q14157	19. Other Longevity-Related	UBAP2L
UBASH3A	53347	P57075	19. Other Longevity-Related	UBASH3A
UBASH3B	84959	Q8TF42	19. Other Longevity-Related	UBASH3B
UBC	7316	P0CG48	19. Other Longevity-Related	UBC
UBE2A	7319	P49459	19. Other Longevity-Related	UBE2A
UBE2D1	7321	P51668	19. Other Longevity-Related	UBE2D1
UBE2D3	7323	P61077	19. Other Longevity-Related	UBE2D3
UBE2D4	51619	Q9Y2X8	19. Other Longevity-Related	UBE2D4
UBE2F	140739	Q969M7	19. Other Longevity-Related	UBE2F
UBE2G1	7326	P62253	19. Other Longevity-Related	UBE2G1
UBE2G2	7327	P60604	19. Other Longevity-Related	UBE2G2
UBE2H	7328	P62256	19. Other Longevity-Related	UBE2H
UBE2I	7329	P63279	19. Other Longevity-Related	UBE2I
UBE2J1	51465	Q9Y385	19. Other Longevity-Related	UBE2J1
UBE2J2	118424	Q8N2K1	19. Other Longevity-Related	UBE2J2
UBE2K	3093	P61086	19. Other Longevity-Related	UBE2K
UBE2L3	7332	P68036	19. Other Longevity-Related	Ube2L3
UBE2L6	9246	O14933	19. Other Longevity-Related	UBE2L6
UBE2M	9040	P61081	19. Other Longevity-Related	UBE2M
UBE2N	7334	P61088	19. Other Longevity-Related	UBE2N
UBE2Q1	55585	Q7Z7E8	19. Other Longevity-Related	UBE2Q1
UBE2R2	54926	Q712K3	19. Other Longevity-Related	UBE2R2
UBE2S	27338	Q16763	19. Other Longevity-Related	UBE2S
UBE2T	29089	Q9NPD8	19. Other Longevity-Related	UBE2T
UBE2V1	7335	Q13404	19. Other Longevity-Related	UBE2V1
UBE2V2	7336	Q15819	19. Other Longevity-Related	UBE2V2
UBE2W	55284	Q96B02	19. Other Longevity-Related	UBE2W
UBE3A	7337	Q05086	19. Other Longevity-Related	UBE3A
UBE4A	9354	Q14139	19. Other Longevity-Related	UBE4A
UBE4B	10277	O95155	19. Other Longevity-Related	UBE4B
UBB	7314	P0CG47	19. Other Longevity-Related	Ubiquitin
RPS27A	6233	P62979	19. Other Longevity-Related	Ubiquitin+1
UBL7	84993	Q96S82	19. Other Longevity-Related	UBL7
UBQLN2	29978	Q9UHD9	19. Other Longevity-Related	UBQLN2
UBR5	51366	O95071	19. Other Longevity-Related	UBR5
UBTD2	92181	Q8WUN7	19. Other Longevity-Related	UBTD2
UCHL1	7345	P09936	19. Other Longevity-Related	UCH-L1
UCHL3	7347	P15374	19. Other Longevity-Related	UCHL3
UCHL5	51377	Q9Y5K5	19. Other Longevity-Related	UCHL5
UEVLD	55293	Q8IX04	19. Other Longevity-Related	UEVLD
UFD1	7353	Q92890	19. Other Longevity-Related	UFD1L
UFM1	51569	P61960	19. Other Longevity-Related	UFM 1
UROS	7390	P10746	19. Other Longevity-Related	UROS
USP10	9100	Q14694	19. Other Longevity-Related	USP10
USP12	219333	O75317	19. Other Longevity-Related	USP12
USP13	8975	Q92995	19. Other Longevity-Related	USP13
USP14	9097	P54578	19. Other Longevity-Related	USP14
USP20	10868	Q9Y2K6	19. Other Longevity-Related	USP20
USP22	23326	Q9UPT9	19. Other Longevity-Related	USP22
USP26	83844	Q9BXU7	19. Other Longevity-Related	USP26
USP28	57646	Q96RU2	19. Other Longevity-Related	USP28
USP3	9960	Q9Y6I4	19. Other Longevity-Related	USP3
USP30	84749	Q70CQ3	19. Other Longevity-Related	USP30
USP32	84669	Q8NFA0	19. Other Longevity-Related	USP32
USP33	23032	Q8TEY7	19. Other Longevity-Related	USP33
USP35	57558	Q9P2H5	19. Other Longevity-Related	USP35
USP36	57602	Q9P275	19. Other Longevity-Related	USP36
USP37	57695	Q86T82	19. Other Longevity-Related	USP37
USP38	84640	Q8NB14	19. Other Longevity-Related	USP38
USP42	84132	Q9H9J4	19. Other Longevity-Related	USP42
USP44	84101	Q9H0E7	19. Other Longevity-Related	USP44
USP46	64854	P62068	19. Other Longevity-Related	USP46
USP49	25862	Q70CQ1	19. Other Longevity-Related	USP49
USP5	8078	P45974	19. Other Longevity-Related	USP5
USP8	9101	P40818	19. Other Longevity-Related	USP8
YOD1	55432	Q5VVQ6	19. Other Longevity-Related	YOD1
ZFP36L2	678	P47974	19. Other Longevity-Related	ZFP36L2
ZFP91	80829	Q96JP5	19. Other Longevity-Related	ZFP91
ZMYM2	7750	Q9UBW7	19. Other Longevity-Related	ZMYM2
ZRANB1	54764	Q9UGI0	19. Other Longevity-Related	ZRANB1
ZSCAN9	7746	O15535	19. Other Longevity-Related	ZSCAN9
